url_hash,title,url,seendate,domain,language,sourcecountry,query_keyword,query_group,collect_date,kg_entities,kg_match_count,relevance,topic,category
89cc796f5e77cc98eb852fa195a40175,"Saudi Arabia restarts East - West oil pipeline , sources say",https://tribune.com.pk/story/2630835/saudi-arabia-restarts-east-west-oil-pipeline-sources-say,20260922T201500Z,tribune.com.pk,English,Pakistan,Houthi,D7_행위자,2026-09-22,"[""SS_SaudiArabia"", ""CF_CrudeOil""]",2,HIGH,Saudi pipeline restart,4_PortCargo
a83543e6836de2f6466cd29e8afb64f8,Rubio Says Ukraine Targeted US - Linked Ships : What We Know,https://www.kyivpost.com/post/85139,20260922T181500Z,kyivpost.com,English,Ukraine,fleet,D4_운송,2026-09-22,"[""EVT_Ukraine2022""]",1,HIGH,Ukraine grain disruption,10_OtherIndustry
d262453407fdff8f659f3f9cc67681cb,Saudi oil shock could hit Asian refiners through prices and freight before crude runs out,https://www.livemint.com/economy/saudi-oil-shock-could-hit-asian-refiners-through-prices-and-freight-before-crude-runs-out-11790090051479.html,20260922T163000Z,livemint.com,English,India,shortage,D6_교란행위,2026-09-22,"[""KS_Shipping"", ""SS_Iran"", ""CF_CrudeOil""]",3,HIGH,Saudi oil shock impact,5_EconFinance
462e3793340163bf49d020c72c94c528,"Defense Stocks Fall While Oil Slides on Hormuz Reopening Report : Lockheed Martin and RTX Drop 3 %, Boeing Dips",https://finance.yahoo.com/markets/stocks/articles/defense-stocks-fall-while-oil-155213753.html,20260922T163000Z,finance.yahoo.com,English,United States,crude oil,D2_품목,2026-09-22,"[""EVT_HormuzToll2026"", ""CP_Hormuz"", ""CF_CrudeOil""]",3,HIGH,Hormuz reopening,1_Security
02f9e0d769af0721815f2f0d6b128bf3,Iran Offers Hormuz Reopening In Seven Days,https://ibcworldnews.com/2026/09/22/iran-offers-hormuz-reopening-in-seven-days/,20260922T163000Z,ibcworldnews.com,English,India,Iran military,D7_행위자,2026-09-22,"[""EVT_HormuzToll2026"", ""CP_Hormuz""]",2,HIGH,Hormuz reopening offer,1_Security
47afea3397c25326731748c088d6d40e,Iranian officials deny reports of plans to reopen Strait of Hormuz within seven days,https://en.apa.az/america/iranian-officials-deny-reports-of-plans-to-reopen-strait-of-hormuz-within-seven-days-updated-525568,20260922T160000Z,en.apa.az,English,Azerbaijan,Iran military,D7_행위자,2026-09-22,"[""CP_Hormuz""]",1,HIGH,Hormuz reopening denial,1_Security
ae2ebcaae9ca5877c349256ff3258833,"Putin and Saudi crown prince call for safe passage via Hormuz , Bab el - Mandeb",https://arynews.tv/putin-and-saudi-crown-prince-call-for-safe-passage-via-hormuz-bab-el-mandeb,20260922T153000Z,arynews.tv,English,Pakistan,Houthi,D7_행위자,2026-09-22,"[""CP_Hormuz"", ""CP_BabElMandeb""]",2,HIGH,Hormuz safe passage,1_Security
c9bb1b52a6f15fc5b0d679bb37bfba3a,Oil prices fall as Iran signals Strait of Hormuz reopening : What it means for crude prices,https://www.hindustantimes.com/world-news/us-news/oil-prices-fall-as-iran-signals-strait-of-hormuz-reopening-what-it-means-for-crude-prices-101790086534366.html,20260922T153000Z,hindustantimes.com,English,India,crude oil,D2_품목,2026-09-22,"[""CP_Hormuz"", ""EVT_HormuzToll2026"", ""SS_Iran"", ""CF_CrudeOil""]",4,HIGH,Hormuz reopening signal,5_EconFinance
7592fa304c0a14b1f20414b423d036fb,Iran teases Strait of Hormuz reopening ahead of Trump and Burnham's first meeting at UN General Assembly,https://www.lbc.co.uk/article/iran-teases-strait-of-hormuz-reopening-ahead-of-trump-and-burnhams-first-meeting-5Hjdhnm_2/,20260922T151500Z,lbc.co.uk,English,,Strait of Hormuz,D1_초크포인트,2026-09-22,"[""CP_Hormuz"", ""EVT_HormuzToll2026""]",2,HIGH,Hormuz reopening negotiation,1_Security
99ff03e45ef21374000191f449b5565d,Shipping traffic through Strait of Hormuz drops to two vessels,https://sana.sy/en/international/2345042/,20260922T150000Z,sana.sy,English,,Strait of Hormuz,D1_초크포인트,2026-09-22,"[""CP_Hormuz""]",1,HIGH,Hormuz traffic collapse,3_Freight
43248aa4f7db468bd93c67a6a50645f0,Iran says it downed US MQ - 1 drone over Strait of Hormuz,https://www.globalsecurity.org/wmd/library/news/iran/2026/09/iran-260921-azertac02.htm,20260922T144500Z,globalsecurity.org,English,Syria,fleet,D4_운송,2026-09-22,"[""CP_Hormuz""]",1,HIGH,Hormuz Strait Disruption,1_Security
7bc8b97116cdfabd07483de7ed80dcd2,Saudi Arabia Reportedly Resumes Operations At Key East - West Pipeline . Oil Concerns Subside . ,https://www.ibtimes.com/saudi-arabia-reportedly-resumes-operations-key-east-west-pipeline-oil-concerns-subside-3807722,20260922T144500Z,ibtimes.com,English,United States,Houthi,D7_행위자,2026-09-22,"[""SS_SaudiArabia"", ""CF_CrudeOil""]",2,HIGH,Saudi pipeline restart,4_PortCargo
b8315ae992b2eb962e77371c78a74563,"investingLive European FX news wrap : Oil prices extend losses as Iran offers to reopen Hormuz , Saudi Arabia prepares to resume oil exports",https://investinglive.com/news/investinglive-european-fx-news-wrap-oil-prices-extend-losses-as-iran-offers-to-reopen-hormuz-saudi-arabia-prepares-to-resume-oil-exports/,20260922T144500Z,investinglive.com,English,,crude oil,D2_품목,2026-09-22,"[""SS_SaudiArabia"", ""CP_Hormuz"", ""CF_CrudeOil""]",3,HIGH,Hormuz reopening,1_Security
caf86eef528826c369c7af44eee6ebc5,Fars News denies reports of Iran ready to reopen Strait of Hormuz if US eases blockade,https://investinglive.com/news/fars-news-denies-reports-of-iran-ready-to-reopen-strait-of-hormuz-if-us-eases-blockade/,20260922T144500Z,investinglive.com,English,,Strait of Hormuz,D1_초크포인트,2026-09-22,"[""CP_Hormuz""]",1,HIGH,Hormuz reopening denial,1_Security
30f727f36309f186732cece2b2a79c4c,"Iran Offers to Reopen Strait of Hormuz in 7 Days if US Eases Military Pressure, Seeks End to Hostilities",https://gulfnews.com/world/mena/iran-offers-hormuz-reopening-within-7-days-if-us-steps-back-1.500683661,20260922T144500Z,gulfnews.com,English,,Strait of Hormuz,D1_초크포인트,2026-09-22,"[""CP_Hormuz""]",1,HIGH,Hormuz reopening negotiation,1_Security
4b15674d30d6be7149effb8c6e431acd,"Tanker struck by unknown projectile in Strait of Hormuz , 2 crew members injured",https://www.globalsecurity.org/wmd/library/news/iran/2026/09/iran-260921-azertac01.htm,20260922T144500Z,globalsecurity.org,English,Syria,tanker,D4_운송,2026-09-22,"[""CP_Hormuz""]",1,HIGH,Hormuz tanker attack,1_Security
0f63dac45bffd30c287e1c5d237ea188,Tanker Hit By  Unknown Projectile  In Strait Of Hormuz,https://www.globalsecurity.org/wmd/library/news/iran/2026/09/iran-260921-rferl02.htm,20260922T144500Z,globalsecurity.org,English,Syria,tanker,D4_운송,2026-09-22,"[""CP_Hormuz""]",1,HIGH,Hormuz tanker attack,1_Security
ff87e17c0d1abda2889f486b7a989ee1,Libya's Sharara oil field output falls after pipeline valve closure-Xinhua,https://english.news.cn/20260922/5ffcd00e5c604a3eb7233716e05578e9/c.html,20260922T143000Z,english.news.cn,English,,closure,D6_교란행위,2026-09-22,"[""CF_CrudeOil""]",1,HIGH,Libya oil disruption,10_OtherIndustry
0704666d2102b2322bc93bbae56ad812,"Iran Offers to Reopen Strait of Hormuz Within Seven Days if US Eases Military Pressure, Lifts Blockade",https://www.ibtimes.com.au/iran-offers-reopen-strait-hormuz-seven-days-1875762,20260922T143000Z,ibtimes.com.au,English,,Strait of Hormuz,D1_초크포인트,2026-09-22,"[""CP_Hormuz""]",1,HIGH,Hormuz reopening negotiation,1_Security
6117898830b4a224d4b4da03d50e07b0,Iran offers to reopen Strait of Hormuz within 7 days if US eases pressure,https://www.ynetnews.com/article/s1wfxa15gl,20260922T140000Z,ynetnews.com,English,,Strait of Hormuz,D1_초크포인트,2026-09-22,"[""CP_Hormuz""]",1,HIGH,Hormuz reopening negotiation,1_Security
7a86e757e91e7a8895b56bdbc50a4aa1,"Strait Of Hormuz And Bab El-Mandeb: Putin, Saudi crown prince discuss safe passage through Hormuz, Bab el-Mandeb",https://timesofindia.indiatimes.com/world/middle-east/putin-saudi-crown-prince-discuss-safe-passage-through-hormuz-bab-el-mandeb/articleshow/134413185.cms,20260922T140000Z,indiatimes.com,English,,Strait of Hormuz,D1_초크포인트,2026-09-22,"[""CP_Hormuz"", ""CP_BabElMandeb""]",2,HIGH,Chokepoint safe passage,1_Security
6e7a0e559fa68035f05e9ed95abc5bbf,Saudi Aramco Tells European Refiners No Crude Allocations Next Month After Pipeline Attack   – NaturalNews.com,https://www.naturalnews.com/2026-09-22-saudi-aramco-european-refiners-no-crude-allocations.html,20260922T134500Z,naturalnews.com,English,,pipeline,D3_인프라,2026-09-22,"[""SS_SaudiArabia"", ""SS_Iran""]",2,HIGH,Saudi crude allocation,4_PortCargo
e9b0f9c8af11fd3a317c17a661983983,Saudi Arabia reopens pipeline bypassing Hormuz – Oil tumbles to $98,https://www.bankingnews.gr/diethni/articles/900852/saudi-arabia-reopens-pipeline-bypassing-hormuz-oil-tumbles-to-98,20260922T134500Z,bankingnews.gr,English,,pipeline,D3_인프라,2026-09-22,"[""SS_SaudiArabia"", ""CP_Hormuz"", ""CF_CrudeOil""]",3,HIGH,Pipeline reopening,5_EconFinance
23c8d0e63d017ae5e44dd2cf32688133,"Iran denies offering to reopen Strait of Hormuz within 7 days, rejects reports that briefly sent oil prices lower",https://www.moneycontrol.com/world/iran-denies-offering-to-reopen-strait-of-hormuz-within-7-days-rejects-reports-that-briefly-sent-oil-prices-lower-article-14035662.html,20260922T134500Z,moneycontrol.com,English,,Strait of Hormuz,D1_초크포인트,2026-09-22,"[""CP_Hormuz"", ""CF_CrudeOil""]",2,HIGH,Hormuz reopening denial,1_Security
eb98bf81f87f4a6182594e8274695917,Oil falls below $100 on Hormuz reopening hopes and Saudi pipeline restarting,https://www.thenationalnews.com/business/energy/2026/09/22/oil-falls-below-100-on-hormuz-reopening-hopes-and-saudi-pipeline-restarting/,20260922T133000Z,thenationalnews.com,English,,pipeline,D3_인프라,2026-09-22,"[""BP_SaudiEastWest"", ""EVT_HormuzToll2026"", ""CP_Hormuz"", ""CF_CrudeOil""]",4,HIGH,Oil price decline,5_EconFinance
02dc21ef185cd374e4f444622a4b27b2,"Oil prices fall to 2-week low on hopes for Saudi pipeline, Iran diplomacy",https://www.nbcnews.com/business/business-news/oil-prices-fall-saudi-pipeline-iran-hormuz-trump-talks-rcna599166,20260922T133000Z,nbcnews.com,English,,pipeline,D3_인프라,2026-09-22,"[""BP_SaudiEastWest"", ""CF_CrudeOil""]",2,HIGH,Oil price decline,5_EconFinance
44953c718e457e281a13dc84979a4163,Saudi Arabia Reportedly Restarts East-West Pipeline,https://finance.yahoo.com/energy/articles/saudi-arabia-reportedly-restarts-east-122302773.html,20260922T133000Z,yahoo.com,English,,pipeline,D3_인프라,2026-09-22,"[""BP_SaudiEastWest"", ""SS_SaudiArabia""]",2,HIGH,Saudi pipeline restart,1_Security
3fbe810d765506093801b1febd22faf7,Iran offers to reopen Strait of Hormuz 'within seven days',https://www.thenationalnews.com/news/mena/2026/09/22/iranian-president-heads-to-new-york-for-diplomatic-push-at-un-general-assembly/,20260922T133000Z,thenationalnews.com,English,,Strait of Hormuz,D1_초크포인트,2026-09-22,"[""CP_Hormuz""]",1,HIGH,Hormuz reopening negotiation,1_Security
ad93d47b6a4a29ea10b9c9fe15f989e2,Crude benchmarks slip on source reports that Iran could open the Strait within seven days if the US lifts its blockade - Newsquawk US Market Open,https://www.zerohedge.com/markets/crude-benchmarks-slip-source-reports-iran-could-open-strait-within-seven-days-if-us-lifts,20260922T131500Z,zerohedge.com,English,,blockade,D6_교란행위,2026-09-22,"[""SS_Iran""]",1,HIGH,Crude price Hormuz,5_EconFinance
7f8acaeb60632510b130befe8358cf44,"Iran ready reopen Hormuz within 7 days, negotiate if the US lifts blockade",https://timesofindia.indiatimes.com/world/middle-east/iran-ready-reopen-hormuz-within-7-days-negotiate-if-the-us-lifts-blockade/articleshow/134411572.cms,20260922T124500Z,indiatimes.com,English,,blockade,D6_교란행위,2026-09-22,"[""CP_Hormuz""]",1,HIGH,Hormuz reopening terms,1_Security
bf2fc5fc24b97eb3b828352d8d01b305,Iran ready to reopen Strait of Hormuz if US eases military pressure,https://www.samaa.tv/2087357206-iran-ready-to-reopen-strait-of-hormuz-if-us-eases-military-pressure,20260922T123000Z,samaa.tv,English,,Strait of Hormuz,D1_초크포인트,2026-09-22,"[""CP_Hormuz""]",1,HIGH,Hormuz reopening negotiation,1_Security
290946d1ab0336ef4d90745dc0fa621f,"Iran slams US for blaming Tehran over rising fuel prices, Strait of Hormuz closure",https://www.presstv.co.uk/Detail/2026/09/22/776785/Iran-slams-US-blaming-Iran-rising-fuel-prices,20260922T123000Z,presstv.co.uk,English,,Strait of Hormuz,D1_초크포인트,2026-09-22,"[""CP_Hormuz""]",1,HIGH,Hormuz closure impact,1_Security
5eaf494970f3d92bba9f3134605d8804,US-Iran war - Iran ready to reopen Strait of Hormuz if US eases military pressure and lifts blockade,https://dunyanews.tv/en/Event-Reporting/275,20260922T123000Z,dunyanews.tv,English,,Strait of Hormuz,D1_초크포인트,2026-09-22,"[""CP_Hormuz""]",1,HIGH,Hormuz reopening negotiation,1_Security
e6696c5d1fdfddc7488fc04ab0049211,"Arab News | Saudi Arabia restarts East-West oil pipeline, to resume exports from Yanbu, sources say",https://www.arabnews.com/saudi-arabia/saudi-arabia-restarts-east-west-oil-pipeline-to-resume-exports-from-yanbu-sources-say-3002654,20260922T121500Z,arabnews.com,English,,pipeline,D3_인프라,2026-09-22,"[""SS_SaudiArabia"", ""BP_SaudiEastWest"", ""CF_CrudeOil""]",3,HIGH,Saudi pipeline restart,1_Security
978ab17929ee102dd7e10a68da4de6a3,Oil markets strain to plug the gap left by Middle East supply shortfall | Hellenic Shipping News Worldwide,https://www.hellenicshippingnews.com/oil-markets-strain-to-plug-the-gap-left-by-middle-east-supply-shortfall/,20260922T121500Z,hellenicshippingnews.com,English,,shipping,D4_운송,2026-09-22,"[""CF_CrudeOil""]",1,HIGH,Middle East oil supply,10_OtherIndustry
d21c15285fba19dc73de9d3fdd8f45d1,Reuters: Iran ready to reopen Strait of Hormuz if US eases military pressure and lifts blockade,https://en.apa.az/america/reuters-iran-ready-to-reopen-strait-of-hormuz-if-us-eases-military-pressure-and-lifts-blockade-525568,20260922T121500Z,en.apa.az,English,,Strait of Hormuz,D1_초크포인트,2026-09-22,"[""CP_Hormuz""]",1,HIGH,Hormuz reopening negotiation,1_Security
fa1e1e5259aefbab3a07b05afb568be7,Arab News | Iran ready to reopen Strait of Hormuz if US eases military pressure and lifts blockade,https://www.arabnews.com/middle-east/iran-ready-to-reopen-strait-of-hormuz-if-us-eases-military-pressure-and-lifts-blockade-3002659,20260922T121500Z,arabnews.com,English,,Strait of Hormuz,D1_초크포인트,2026-09-22,"[""CP_Hormuz""]",1,HIGH,Hormuz reopening negotiation,1_Security
645b22974d09b2dfecb4b24d6984b44d,Iran ready to 'reopen' Hormuz; Saudi restarts east-west pipeline,https://www.omanobserver.om/article/1196618/oman/iran-ready-to-reopen-hormuz-saudi-restarts-east-west-pipeline,20260922T120000Z,omanobserver.om,English,,pipeline,D3_인프라,2026-09-22,"[""BP_SaudiEastWest"", ""CP_Hormuz""]",2,HIGH,Hormuz reopening,1_Security
ca65cf6ff443a3240391af88986b4ab3,"Saudi Arabia restarts East-West oil pipeline, sources say",https://finance.yahoo.com/news/saudi-arabia-restarts-east-west-100845429.html,20260922T114500Z,yahoo.com,English,,pipeline,D3_인프라,2026-09-22,"[""SS_SaudiArabia"", ""BP_SaudiEastWest"", ""CF_CrudeOil""]",3,HIGH,Saudi pipeline restart,5_EconFinance
dcc5d1f0da20ee356191a2cbc572bd24,Iran reportedly says it can reopen Strait of Hormuz within 7 days if U.S. eases military pressure,https://www.cnbcafrica.com/2026/iran-reportedly-says-it-can-reopen-strait-of-hormuz-within-7-days-if-u-s-eases-military-pressure,20260922T114500Z,cnbcafrica.com,English,,Strait of Hormuz,D1_초크포인트,2026-09-22,"[""CP_Hormuz""]",1,HIGH,Hormuz reopening negotiation,1_Security
2f48ede24e08ade793d8a48526683aec,Report: Iran's offer to reopen the Strait of Hormuz,https://www.israelnationalnews.com/news/433481,20260922T114500Z,israelnationalnews.com,English,,Strait of Hormuz,D1_초크포인트,2026-09-22,"[""CP_Hormuz""]",1,HIGH,Hormuz reopening negotiation,1_Security
ee7121e43a77396ccc8094cf94eb9e8b,"Tehran says will open Hormuz if US lifts Iran blockade, eases military pressure",https://www.jpost.com/middle-east/iran-news/article-909300,20260922T114500Z,jpost.com,English,,blockade,D6_교란행위,2026-09-22,"[""CP_Hormuz""]",1,HIGH,Hormuz reopening offer,1_Security
c0714016d89e99232ad847066be289f0,"Oil prices extend decline as Saudi Arabia restarts East-West pipeline, prepares to resume crude exports",https://investinglive.com/news/oil-prices-extend-decline-as-saudi-arabia-restarts-east-west-pipeline-prepares-to-resume-crude-exports/,20260922T113000Z,investinglive.com,English,,pipeline,D3_인프라,2026-09-22,"[""BP_SaudiEastWest"", ""SS_SaudiArabia"", ""SS_Iran"", ""CF_CrudeOil""]",4,HIGH,Oil price decline,5_EconFinance
c267d7647f3562d6bddb7d9b398c9ec8,"Iran Ready to Reopen Strait of Hormuz if US Eases Military Pressure, Lifts Blockade",https://english.aawsat.com/world/5321145-iran-ready-reopen-strait-hormuz-if-us-eases-military-pressure-lifts-blockade,20260922T113000Z,aawsat.com,English,,Strait of Hormuz,D1_초크포인트,2026-09-22,"[""CP_Hormuz""]",1,HIGH,Hormuz reopening negotiation,1_Security
1743506d131d0ea71a52b64426725ac6,Saudi Arabia restarts East-West pipeline for crude exports,https://www.thenationalnews.com/business/energy/2026/09/22/saudi-arabia-restarts-east-west-pipeline-for-crude-exports/,20260922T111500Z,thenationalnews.com,English,,pipeline,D3_인프라,2026-09-22,"[""BP_SaudiEastWest"", ""SS_SaudiArabia"", ""SS_Iran""]",3,HIGH,Saudi pipeline restart,5_EconFinance
ab2677e0ce34c96b94bbfd7469085029,"Iran says ready to reopen Strait of Hormuz if US eases military pressure, lifts blockade",https://www.middle-east-online.com/en/iran-says-ready-reopen-strait-hormuz-if-us-eases-military-pressure-lifts-blockade,20260922T111500Z,middle-east-online.com,English,,Strait of Hormuz,D1_초크포인트,2026-09-22,"[""CP_Hormuz""]",1,HIGH,Hormuz reopening offer,1_Security
301229619bf24ea907d35b472df184a5,Iran ready to reopen Strait of Hormuz if US eases military pressure and lifts blockade,https://www.thestar.com.my/news/world/2026/09/22/iran-ready-to-reopen-strait-of-hormuz-if-us-eases-military-pressure-and-lifts-blockade,20260922T111500Z,thestar.com.my,English,,Strait of Hormuz,D1_초크포인트,2026-09-22,"[""CP_Hormuz""]",1,HIGH,Hormuz reopening negotiation,1_Security
c402513f9e77c9c82f3d98153dddc05a,Hormuz vessel traffic falls to two from 10 a day earlier,https://www.middle-east-online.com/en/hormuz-vessel-traffic-falls-two-10-day-earlier,20260922T111500Z,middle-east-online.com,English,,vessel,D4_운송,2026-09-22,"[""CP_Hormuz"", ""VT_Reefer""]",2,HIGH,Hormuz traffic collapse,1_Security
ce72e22b693e57c411c7b9140b5a7393,Iran's 7-day Hormuz offer to Trump: Tehran says strait will reopen if US lifts blockade and eases military pressure,https://www.moneycontrol.com/world/iran-s-7-day-hormuz-offer-to-trump-tehran-says-strait-will-reopen-if-us-lifts-blockade-and-eases-military-pressure-article-14035453.html,20260922T111500Z,moneycontrol.com,English,,blockade,D6_교란행위,2026-09-22,"[""CP_Hormuz""]",1,HIGH,Hormuz reopening conditions,1_Security
a1d7d44389f536ea37fdd355baa5aa76,Govt secures another Qatari LNG cargo after talks 'involving Iranian officials',https://www.geo.tv/latest/683124-govt-secures-another-qatari-lng-cargo-after-talks-involving-iranian-officials,20260922T111500Z,geo.tv,English,,LNG cargo,D2_품목,2026-09-22,"[""SS_Qatar"", ""CF_LNG""]",2,HIGH,Qatar LNG procurement,4_PortCargo
339dbd5ee3b2c1c38a8974effccf1778,Aramco Poised to Resume Oil Exports at Red Sea Port,https://www.rigzone.com/news/wire/aramco_poised_to_resume_oil_exports_at_red_sea_port-22-sep-2026-184668-article/,20260922T110000Z,rigzone.com,English,United States,Persian Gulf,D1_초크포인트,2026-09-22,"[""EVT_RedSea2023"", ""SS_SaudiArabia"", ""CF_CrudeOil""]",3,HIGH,Saudi oil exports Red Sea,7_Shipping
5cbfcfe7720ac59787b4647aa25cad8a,Double strike on tankers in the Strait of Hormuz – Two injured on Greek-managed vessel,https://sofokleous10.gr/2026/09/22/double-strike-on-tankers-in-the-strait-of-hormuz-two-injured-on-greek-managed-vessel/,20260922T101500Z,sofokleous10.gr,English,,Strait of Hormuz,D1_초크포인트,2026-09-22,"[""CP_Hormuz"", ""VT_Tanker"", ""VT_Reefer""]",3,HIGH,Tanker strikes Hormuz,1_Security
aa09644b525fb5e718ffe4f6d60cef1a,Iran offers to reopen Strait of Hormuz within seven days if US eases blockade,https://investinglive.com/news/iran-offers-to-reopen-strait-of-hormuz-within-seven-days-if-us-eases-blockade/,20260922T100000Z,investinglive.com,English,,Strait of Hormuz,D1_초크포인트,2026-09-22,"[""CP_Hormuz""]",1,HIGH,Hormuz reopening offer,1_Security
5c5d0e35689b379ee5e250a85d32fbd0,One Killed as Ukraine Strikes Refineries in Samara and Bashkortostan,https://www.themoscowtimes.com/2026/09/22/one-killed-as-ukraine-strikes-refineries-in-samara-and-bashkortostan-a93765,20260922T084500Z,themoscowtimes.com,English,Russia,refinery,D3_인프라,2026-09-22,"[""EVT_Ukraine2022""]",1,HIGH,Ukraine refinery strikes,10_OtherIndustry
2290045dbff38d4f01bf1f7f9c8cdc19,Two wounded as  projectile  hits tanker in Hormuz,https://www.naharnet.com/stories/en/322612-two-wounded-as-projectile-hits-tanker-in-hormuz,20260922T084500Z,naharnet.com,English,Syria,tanker,D4_운송,2026-09-22,"[""CP_Hormuz""]",1,HIGH,Hormuz tanker attack,1_Security
0bbcd4fca61c7b3e25eab646dc1d9e6d,Fuel prices Australia: Saudi Arabia East-West pipeline drone attack set to drive petrol prices to record highs,https://www.theage.com.au/business/consumer-affairs/pain-at-the-pump-saudi-oil-shock-sends-australian-fuel-prices-surging-20260922-p60zfk.html,20260922T081500Z,theage.com.au,English,,pipeline,D3_인프라,2026-09-22,"[""BP_SaudiEastWest"", ""SS_SaudiArabia""]",2,HIGH,Saudi pipeline attack,1_Security
681f71fe38f2f042d8d0bd32f05409ec,EU foreign policy chief calls for more naval assets to safeguard commercial shipping in Red Sea,https://aa.com.tr/en/world/eu-foreign-policy-chief-calls-for-more-naval-assets-to-safeguard-commercial-shipping-in-red-sea/4063944,20260922T074500Z,aa.com.tr,English,Turkey,Houthi,D7_행위자,2026-09-22,"[""EVT_RedSea2023""]",1,HIGH,Red Sea naval protection,1_Security
b2b683986c9b5f30304c6726ddfbed87,Closure of traffic light junction after PLUS Seremban toll for a traffic study postponed to a later date - JKR N9,https://paultan.org/2026/09/22/closure-of-traffic-light-junction-after-plus-seremban-toll-for-a-traffic-study-postponed-to-a-later-date-jkr-n9/,20260922T074500Z,paultan.org,English,Malaysia,congestion,D6_교란행위,2026-09-22,"[""EVT_HormuzToll2026""]",1,HIGH,Hormuz Toll Closure,1_Security
2332fa4359b6a5e52cd26f323f3322e8,Crude oil outlook : US - Iran talks ; high transit cost in focus,https://www.business-standard.com/markets/commodities/crude-oil-outlook-us-iran-talks-high-transit-cost-in-focus-126092200332_1.html,20260922T073000Z,business-standard.com,English,India,shortage,D6_교란행위,2026-09-22,"[""CF_CrudeOil"", ""EVT_HormuzToll2026"", ""SS_Iran""]",3,HIGH,Hormuz transit costs,1_Security
d23d1d9588921ea70a33b040317d023a,"Houthis Threaten Strikes On Egypt , Turkey , Pakistan Interests As Yemen Intervention Looms",https://www.zerohedge.com/geopolitical/houthis-threaten-strikes-egypt-turkey-pakistan-interests-yemen-intervention-looms,20260922T073000Z,zerohedge.com,English,United States,Houthi,D7_행위자,2026-09-22,"[""EVT_RedSea2023""]",1,HIGH,Houthi threats to chokepoints,1_Security
80cb7e78a01bd2827b10464fd7c1439d,"Saudi Arabia ramps up Gulf oil exports after pipeline attack, data shows",https://arynews.tv/saudi-arabia-ramps-up-gulf-oil-exports-after-pipeline-attack-data-shows,20260922T073000Z,arynews.tv,English,,pipeline,D3_인프라,2026-09-22,"[""SS_SaudiArabia"", ""CF_CrudeOil""]",2,HIGH,Saudi oil exports,5_EconFinance
444cbc769c1e3bdfa93830f192851261,"G7 Urges Iran to End Support for Houthis , Warns of Threat to Global Trade",https://www.khaama.com/g7-urges-iran-to-end-support-for-houthis-warns-of-threat-to-global-trade/,20260922T071500Z,khaama.com,English,Afghanistan,Houthi,D7_행위자,2026-09-22,"[""EVT_RedSea2023""]",1,HIGH,Houthi threat to global trade,1_Security
a3cc8c162c856b5f37e8954cc5cc2526,Arab News | united kingdom agrees support for Saudi in struggle with Houthis,https://www.arabnews.com/world/uk-agrees-support-for-saudi-in-struggle-with-houthis-3002617,20260922T071500Z,arabnews.com,English,Saudi Arabia,Houthi,D7_행위자,2026-09-22,"[""EVT_RedSea2023"", ""SS_USA""]",2,HIGH,UK Saudi Houthi support,1_Security
528d8d168684dd8ddfae38f1fb1c33d8,"Red Sea hit , Hormuz choked : How Saudi Arabia has kept its oil exports moving",https://timesofindia.indiatimes.com/business/international-business/red-sea-hit-hormuz-choked-how-saudi-arabia-has-kept-its-oil-exports-moving/articleshow/134403036.cms,20260922T070000Z,timesofindia.indiatimes.com,English,India,carrier,D4_운송,2026-09-22,"[""SS_SaudiArabia"", ""EVT_RedSea2023"", ""CP_Hormuz"", ""CF_CrudeOil""]",4,HIGH,Red Sea/Hormuz oil exports,1_Security
10c5522eb1ce63311d109bf30c6ca050,"A projectile hits a tanker as it enters the Strait of Hormuz, and other Mideast developments","http://www.sitkasentinel.com/stories/a-projectile-hits-a-tanker-as-it-enters-the-strait-of-hormuz-and-other-mideast-developments,172695",20260922T070000Z,sitkasentinel.com,English,,Strait of Hormuz,D1_초크포인트,2026-09-22,"[""CP_Hormuz""]",1,HIGH,Tanker attack Hormuz,1_Security
d9e0b0967aa539bc88312b7d335c01fa,G7 Foreign Ministers Call on Iran to Stop Arming Houthis,https://english.aawsat.com/world/5321050-g7-foreign-ministers-call-iran-stop-arming-houthis,20260922T064500Z,english.aawsat.com,English,Syria,Houthi,D7_행위자,2026-09-22,"[""EVT_RedSea2023""]",1,HIGH,Iran Houthi support,1_Security
34b8695f8d53e972d1f88271f8456a09,"Iran must stop arming Houthis in Yemen , G7 says ahead of UN General Assembly",https://www.bbc.co.uk/news/articles/cwm2qpmepmlzo,20260922T050000Z,bbc.co.uk,English,United Kingdom,Houthi,D7_행위자,2026-09-22,"[""EVT_RedSea2023""]",1,HIGH,Iran arming Houthis,1_Security
ca9e2f8005aefe454f0648a876d61fbc,Houthis must  immediately cease  strikes against Saudi Arabia : G7 foreign ministers,https://www.thehindu.com/news/international/houthis-must-immediately-cease-strikes-against-saudi-arabia-g7-foreign-ministers/article71494097.ece,20260922T043000Z,thehindu.com,English,India,Houthi,D7_행위자,2026-09-22,"[""SS_SaudiArabia"", ""EVT_RedSea2023""]",2,HIGH,Houthi strikes,1_Security
e92c11134939d522168b89861905a33a,S Arabia ramps up Gulf oil exports after pipeline attack,https://bdnews24.com/world/middle-east/h48v4iat4m,20260922T041500Z,bdnews24.com,English,,pipeline,D3_인프라,2026-09-22,"[""SS_SaudiArabia"", ""CF_CrudeOil""]",2,HIGH,Saudi oil exports,5_EconFinance
244e78f2c7655d65c8c8d273c6301f1d,Saudi airstrikes on port city of Mokha kill 6 : Houthi - affiliated news agency,https://aa.com.tr/en/middle-east/saudi-airstrikes-on-port-city-of-mokha-kill-6-houthi-affiliated-news-agency/4063871,20260922T034500Z,aa.com.tr,English,Turkey,Houthi,D7_행위자,2026-09-22,"[""EVT_RedSea2023""]",1,HIGH,Houthi attacks,1_Security
ff79283b710a47b2bcacbb0b1007e37a,"Armed Group Shuts Libya Oil Pipeline Valve, Threatens Sharara Output",https://www.eurasiareview.com/22092026-armed-group-shuts-libya-oil-pipeline-valve-threatens-sharara-output/,20260922T031500Z,eurasiareview.com,English,,pipeline,D3_인프라,2026-09-22,"[""CF_CrudeOil""]",1,HIGH,Libya oil pipeline shutdown,10_OtherIndustry
367f49278213f756b2f50f86ad4b9fab,Saudi Arabia Spent Months Trying to Bypass Hormuz . Now There No Way Around It . ,https://freerepublic.com/focus/f-news/4396403/posts,20260922T030000Z,freerepublic.com,English,United States,tanker,D4_운송,2026-09-22,"[""SS_SaudiArabia"", ""CP_Hormuz""]",2,HIGH,Hormuz oil transit constraint,1_Security
6a2281e0be8c823ee4f772e21b4558e7,Oil remains above $100 per barrel as traders await potential US - Iran talks,https://timesofindia.indiatimes.com/business/international-business/oil-remains-above-100-per-barrel-as-traders-await-potential-us-iran-talks/articleshow/134400106.cms,20260922T024500Z,timesofindia.indiatimes.com,English,India,tanker,D4_운송,2026-09-22,"[""CF_CrudeOil""]",1,HIGH,Oil price surge,5_EconFinance
e1bb6e0fa83632a1e97dd39eebebb98f,UK agrees support for Saudi Arabia in struggle with Houthis,https://www.freemalaysiatoday.com/category/world/2026/09/22/uk-agrees-support-for-saudi-arabia-in-struggle-with-houthis,20260922T020000Z,freemalaysiatoday.com,English,Malaysia,Houthi,D7_행위자,2026-09-22,"[""SS_SaudiArabia"", ""EVT_RedSea2023""]",2,HIGH,UK Saudi Houthi support,1_Security
47f88e342d36f0070e81d2ea8784c191,Houthi escalating attacks on Saudi Arabia give Iran leverage in the Middle East,https://abcnews.com/Politics/houthis-escalating-attacks-saudi-arabia-give-iran-leverage/story?id=136621129,20260922T011500Z,abcnews.com,English,United States,Houthi,D7_행위자,2026-09-22,"[""SS_SaudiArabia"", ""EVT_RedSea2023""]",2,HIGH,Houthi attacks on Saudi oil,1_Security
1624956e8e77026f65581a4d61537ebf,Andy Burnham agrees to provide military support to Saudi Arabia against Houthis,https://www.dorsetecho.co.uk/news/national/26569746.andy-burnham-agrees-provide-military-support-saudi-arabia-houthis/,20260922T011500Z,dorsetecho.co.uk,English,United Kingdom,Suez Canal,D1_초크포인트,2026-09-22,"[""SS_SaudiArabia"", ""EVT_RedSea2023""]",2,HIGH,Houthi military support,1_Security
84a1899ce3d15c9dfb7082ab866f5513,"Oil Prices Tumble on U . S .- Iran Diplomacy Hopes , Supply Relief",http://www.econotimes.com/Oil-Prices-Tumble-on-US-Iran-Diplomacy-Hopes-Supply-Relief-1752636,20260922T010000Z,econotimes.com,English,United States,crude oil,D2_품목,2026-09-22,"[""CF_CrudeOil""]",1,HIGH,US-Iran diplomacy oil,5_EconFinance
0d6f44da6b9889c1005fdfe6a48ff42d,Saudi Arabia Reroutes Oil Exports As Houthi Strikes Target Yanbu,https://www.zerohedge.com/energy/saudi-arabia-reroutes-oil-exports-houthi-strikes-target-yanbu,20260922T003000Z,zerohedge.com,English,United States,Houthi,D7_행위자,2026-09-22,"[""SS_SaudiArabia"", ""EVT_RedSea2023"", ""BP_SaudiEastWest"", ""CF_CrudeOil""]",4,HIGH,Saudi oil reroute,7_Shipping
a7dd6ec23ae7f624394f48e51d522ec5,Moscow Oil Refinery Halts Processing After Ukrainian Drone Strike,https://www.kyivpost.com/post/85065,20260922T003000Z,kyivpost.com,English,Ukraine,refinery,D3_인프라,2026-09-22,"[""KS_Energy"", ""CF_CrudeOil""]",2,HIGH,Russia refinery disruption,10_OtherIndustry
d8c8155dbd05a7e7992ffe046f65e190,RAF to give air support to Saudi Arabia as Kingdom fights Iran-backed Houthi rebels trying to seize shipping lane,https://www.the-sun.com/news/17039393/,20260922T001500Z,the-sun.com,English,,shipping,D4_운송,2026-09-22,"[""SS_SaudiArabia"", ""EVT_RedSea2023"", ""KC_KoreanAir""]",3,HIGH,Houthi Red Sea threat,1_Security
75129f71b0f09ed3e04dd4cadc83d306,Tankers: Is an Oil Shortage Already Underway? | Hellenic Shipping News Worldwide,https://www.hellenicshippingnews.com/tankers-is-an-oil-shortage-already-underway/,20260922T001500Z,hellenicshippingnews.com,English,,shipping,D4_운송,2026-09-22,"[""VT_Tanker"", ""CF_CrudeOil""]",2,HIGH,Oil shortage risk,10_OtherIndustry
c769e9fb3be6713ec25f48d8b5444e5a,Saudi Arabia is running out of options to export oil . What does that mean for global energy ? ,https://www.hellenicshippingnews.com/saudi-arabia-is-running-out-of-options-to-export-oil-what-does-that-mean-for-global-energy/,20260922T001500Z,hellenicshippingnews.com,English,China,Suez Canal,D1_초크포인트,2026-09-22,"[""SS_SaudiArabia"", ""CF_CrudeOil""]",2,HIGH,Saudi oil export crisis,10_OtherIndustry
8f15a70871b0a36b26a9e67a33ac7b18,International Business : Saudi Arabia restarts East - West oil pipeline,https://www.gdnonline.com:443/Details/1407358/Saudi-Arabia-restarts-East-West-oil-pipeline,20260922T220000Z,gdnonline.com,English,United States,reroute,D6_교란행위,2026-09-22,"[""SS_SaudiArabia"", ""CF_CrudeOil""]",2,MEDIUM,Saudi oil pipeline restart,10_OtherIndustry
f8520995b660c1bc3eedd7f0f8e2ece2,  Let not send out the diesel : Trump floats ban on US diesel exports,https://finance.yahoo.com/energy/article/lets-not-send-out-the-diesel-trump-floats-ban-on-us-diesel-exports-190158139.html,20260922T220000Z,finance.yahoo.com,English,United States,export ban,D6_교란행위,2026-09-22,[],0,MEDIUM,US diesel export ban,5_EconFinance
f5288facd327ca9514c6d7bda47d192d,"Leaders of Korea , Australia agree to boost cooperation for stable energy supply",https://www.koreatimes.co.kr/foreignaffairs/20260923/leaders-of-korea-australia-agree-to-boost-cooperation-for-stable-energy-supply,20260922T214500Z,koreatimes.co.kr,English,South Korea,critical minerals,D2_품목,2026-09-22,[],0,MEDIUM,Korea-Australia energy cooperation,1_Security
69ab16336fe33afca83bb799cd0a46ab,"Kyiv and Washington want war in Ukraine to end  before winter , Zelenskyy says",https://www.euronews.com/2026/09/22/kyiv-and-washington-want-war-in-ukraine-to-end-before-winter-zelenskyy-says,20260922T214500Z,euronews.com,English,United States,refinery,D3_인프라,2026-09-22,"[""EVT_Ukraine2022""]",1,MEDIUM,Ukraine war supply,10_OtherIndustry
56e15a03f7737fbf2ca718a6f411414d,Trump threatens to  annihilate  Iran if peace deal fails | Morning News Bulletin 23 September 2026,https://www.sbs.com.au/news/podcast-episode/trump-threatens-to-annihilate-iran-if-peace-deal-fails-morning-news-bulletin-23-september-2026/pi5iw4ytp,20260922T210000Z,sbs.com.au,English,Australia,refinery,D3_인프라,2026-09-22,[],0,MEDIUM,Iran geopolitics,1_Security
a11851ce1eddba35d5e3ccb2aaeee786,Donald Trump Iran conflict fuels record global diesel prices | The Land,https://www.theland.com.au/story/9354746/donald-trump-iran-conflict-fuels-record-global-diesel-prices/,20260922T204500Z,theland.com.au,English,Australia,crude oil,D2_품목,2026-09-22,[],0,MEDIUM,Diesel price surge,5_EconFinance
fe08e16583b1f25dc47774a117cda4f0,Donald Trump at U . N .: Stopping Iran Regime  a Reality We Had to Confront  ,https://www.breitbart.com/middle-east/2026/09/22/trump-stopping-iran-regime-sponsoring-terror-getting-nuclear-weapons-reality-we-had-confront/,20260922T203000Z,breitbart.com,English,United States,fleet,D4_운송,2026-09-22,[],0,MEDIUM,Iran sanctions rhetoric,1_Security
66104512630361393fec999a12e5ca8b,"Goldman Warns Nightmare Refining Crisis Could Prolong Diesel , Gas Price Pain Through 2027",https://www.zerohedge.com/energy/goldman-warns-nightmare-refining-crisis-could-prolong-diesel-gas-price-pain-through-2027,20260922T201500Z,zerohedge.com,English,United States,fleet,D4_운송,2026-09-22,"[""KS_Energy""]",1,MEDIUM,Refining crisis,10_OtherIndustry
302ba31920b2793c2e86ae6d3679064f,SHIPPING COSTS SOAR 400 % TO COVID - ERA HIGH AS DIESEL SHORTAGE HITS,https://www.investmentwatchblog.com/shipping-costs-soar-400-to-covid-era-high-as-diesel-shortage-hits/,20260922T201500Z,investmentwatchblog.com,English,United States,shortage,D6_교란행위,2026-09-22,"[""EVT_COVID2020""]",1,MEDIUM,Shipping cost surge,3_Freight
74e28fa8ff9a6c9f6a3b7464ecd2f7b3,We are potentially at a major inflection point ! COI rolled over in early July . That gave us max . 3 - 4 months before Recession sets in . Crude can fall while diesel keeps squeezing the economy,https://www.investmentwatchblog.com/we-are-potentially-at-a-major-inflection-point-coi-rolled-over-in-early-july-that-gave-us-max-3-4-months-before-recession-sets-in-crude-can-fall-while-diesel-keeps-squeezing-the-economy/,20260922T201500Z,investmentwatchblog.com,English,United States,shortage,D6_교란행위,2026-09-22,"[""SS_Iran""]",1,MEDIUM,Oil price outlook,5_EconFinance
dd97e097010d42e116d0aa0b7d9f61cd,Libya Largest Oilfield Hit By New Armed Group Blockade,https://www.zerohedge.com/energy/libyas-largest-oilfield-hit-new-armed-group-blockade,20260922T201500Z,zerohedge.com,English,United States,crude oil,D2_품목,2026-09-22,[],0,MEDIUM,Libya oil blockade,10_OtherIndustry
8e9492de1262140c2dc6aa3a07852d95,Oil Prices Drop For 5th Straight Day,https://www.finanzen.ch/nachrichten/aktien/oil-prices-drop-for-5th-straight-day-1036565500,20260922T201500Z,finanzen.ch,English,Switzerland,crude oil,D2_품목,2026-09-22,"[""CF_CrudeOil""]",1,MEDIUM,Oil price decline,5_EconFinance
b2cd06eb1e2a0525af45bf435d0a09dc,First Iran flights cancelled as US sanctions set to come into force,https://www.standardmedia.co.ke/world/article/2001558425/first-iran-flights-cancelled-as-us-sanctions-set-to-come-into-force,20260922T201500Z,standardmedia.co.ke,English,Kenya,carrier,D4_운송,2026-09-22,[],0,MEDIUM,Iran sanctions,1_Security
ec75c885c604ab42b8444cb0f2901b0a,Diesel prices shoot upward as top farm - state senator begs Trump for export embargo,https://salinapost.com/posts/cadc6094-11ca-42e6-9266-4e66f580af51,20260922T201500Z,salinapost.com,English,United States,embargo,D6_교란행위,2026-09-22,[],0,MEDIUM,Diesel price surge,5_EconFinance
ebc7cfeafdbf9566d67e1dfeebad73ac,Trump touts  very good  Iran talks after tough UN speech,https://wset.com/news/nation-world/president-donald-trump-touts-very-good-iran-talks-followed-combative-un-united-nations-general-assembly-speech-new-york-us-iranian-envoys-delegation-middle-east-nuclear-weapons-islamic-republic,20260922T201500Z,wset.com,English,United States,Iran military,D7_행위자,2026-09-22,"[""BP_CapeRoute""]",1,MEDIUM,Iran-US negotiations,1_Security
bbce2932b24e480edfe4cd4684b20386,Trump says he backs diesel export ban to curb soaring energy costs,https://www.theguardian.com/us-news/2026/sep/22/trump-diesel-export-ban,20260922T201500Z,theguardian.com,English,United Kingdom,petrochemical,D2_품목,2026-09-22,[],0,MEDIUM,US diesel export ban,5_EconFinance
7305aebf8d9e0b72936e1702c51679d9,US Navy destroyers tested in Middle East as demands mount,https://www.defensenews.com/news/your-navy/2026/09/22/us-navy-destroyers-tested-in-middle-east-as-demands-mount/,20260922T200000Z,defensenews.com,English,United States,Houthi,D7_행위자,2026-09-22,[],0,MEDIUM,US Navy deployment,1_Security
ed9125673432d0954b2186f3188a7b67,Trump in United Nations speech says  big decision  ahead : Make a deal or  annihilate  Iran,https://abc7ny.com/story/trump-united-nations-speech-says-big-decision-ahead-make-deal-annihilate-iran/19858312/,20260922T194500Z,abc7ny.com,English,United States,shortage,D6_교란행위,2026-09-22,"[""SS_USA""]",1,MEDIUM,Iran geopolitical tension,1_Security
0cedd91047d56f0f34004122d8bfe6f0,"Trump threatens to  annihilate  Iran at UN , then confirms direct talks",https://www.euronews.com/2026/09/22/trump-threatens-to-annihilate-iran-at-un-then-confirms-direct-talks,20260922T194500Z,euronews.com,English,United States,Houthi,D7_행위자,2026-09-22,[],0,MEDIUM,Iran-US tensions,1_Security
122cc197a64fab372f406670dae459f4,Vale takes 30 % of Ligga iron ore mine in $190M deal,https://www.mining.com/vale-takes-30-of-ligga-iron-ore-mine-in-190m-deal/,20260922T194500Z,mining.com,English,Canada,terminal,D3_인프라,2026-09-22,"[""CF_IronOre"", ""FP_Tubarao""]",2,MEDIUM,Iron ore supply,10_OtherIndustry
024f4848a8275ae84c7d29e9f1adc187,Russia war : Trump suggests Ukraine deal close with Zelenskyy,https://www.cp24.com/news/world/2026/09/22/trump-suggests-ukraine-deal-on-russias-war-could-be-close-while-meeting-with-zelenskyy/,20260922T194500Z,cp24.com,English,Canada,refinery,D3_인프라,2026-09-22,"[""EVT_Ukraine2022""]",1,MEDIUM,Ukraine war settlement,1_Security
a9e67f07ca6c1314eee5bc77d2c0f840,"Saudi Arabia restarts East - West pipeline , may resume Yanbu oil exports",https://www.business-standard.com/world-news/saudi-arabia-restarts-east-west-pipeline-may-resume-yanbu-oil-exports-126092201527_1.html,20260922T194500Z,business-standard.com,English,India,reroute,D6_교란행위,2026-09-22,"[""SS_SaudiArabia"", ""BP_SaudiEastWest"", ""CF_CrudeOil""]",3,MEDIUM,Saudi pipeline Hormuz bypass,10_OtherIndustry
64ba6c9e0f7c11fbb5932d1c79626fcd,Trump Warns Iran at UN :  Big Decision  Between Peace Deal or Military Action as Delegation Walks Out,https://gulfnews.com/world/americas/trump-warns-iran-at-un-big-decision-looms-deal-or-military-action-1.500684055,20260922T194500Z,gulfnews.com,English,United Arab Emirates,US Navy,D7_행위자,2026-09-22,[],0,MEDIUM,Iran geopolitical tension,1_Security
2d55c5c7ddd67d2c21f217e3e7b6971d,"U . N . Warns Fighting in Yemen Could Displace 230 , 000 People",https://www.democracynow.org/2026/9/22/headlines/un_warns_fighting_in_yemen_could_displace_230_000_people,20260922T193000Z,democracynow.org,English,United States,Houthi,D7_행위자,2026-09-22,"[""EVT_RedSea2023""]",1,MEDIUM,Yemen humanitarian crisis,1_Security
b43adff1eec682fcba48621d23cb0eaf,"U . S . Stock Futures Climb as Oil Falls , Optimism Builds Ahead of Trump - Xi Summit",https://finance.yahoo.com/markets/stocks/articles/u-stock-futures-climb-oil-103605406.html,20260922T193000Z,finance.yahoo.com,English,United States,oil price,D5_시장지표,2026-09-22,"[""CF_CrudeOil""]",1,MEDIUM,Oil price decline,5_EconFinance
5a38137fdd6e97f684aec571af8dedab,"Trump examining diesel export ban , Treasury Secretary says",https://www.cnbc.com/2026/09/22/trump-diesel-export-ban-urkaine-russia-iran.html,20260922T193000Z,cnbc.com,English,United States,export ban,D6_교란행위,2026-09-22,[],0,MEDIUM,US diesel export ban,5_EconFinance
dcf7b2fa9729f758e52c88d1ad71a8d8,Trump says he backs the idea of a ban on diesel exports,https://www.pineandlakes.com/news/national/trump-says-he-backs-the-idea-of-a-ban-on-diesel-exports,20260922T193000Z,pineandlakes.com,English,United States,export ban,D6_교란행위,2026-09-22,[],0,MEDIUM,US diesel export ban,5_EconFinance
974aaf44acd40ab941c0ded759c98618,Bank of America says Brent crude oil could top $150 a barrel if Iran war disruptions persist,https://www.cnbc.com/2026/09/22/bank-of-america-says-brent-crude-oil-could-top-150-a-barrel-if-iran-war-disruptions-persist-.html,20260922T193000Z,cnbc.com,English,,Brent crude,D5_시장지표,2026-09-22,"[""CF_CrudeOil"", ""SS_Iran""]",2,MEDIUM,Iran oil disruption,5_EconFinance
80e1fd61a925a05745f4bc5d3cee2148,Houthis say Saudi airstrike on Yemen prison kills nine detainees,https://www.prokerala.com/news/articles/a1815515.html,20260922T184500Z,prokerala.com,English,India,Houthi,D7_행위자,2026-09-22,"[""EVT_RedSea2023""]",1,MEDIUM,Houthi military action,1_Security
4df14e4d5776a479d820224ab7cc2ba3,"France mulls new UN Security Council resolution on Hormuz , diplomats say",https://www.al-monitor.com/originals/2026/09/france-mulls-new-un-security-council-resolution-hormuz-diplomats-say,20260922T183000Z,al-monitor.com,English,Israel,Houthi,D7_행위자,2026-09-22,"[""CP_Hormuz""]",1,MEDIUM,Hormuz diplomacy,1_Security
0b2389e02ff3234c9a55dbd5da066d61,Between Iran & Oman : Haredi reporter sails into heart of tensions in Strait of Hormuz,https://www.israelnationalnews.com/news/433496,20260922T183000Z,israelnationalnews.com,English,Israel,tanker,D4_운송,2026-09-22,"[""CP_Hormuz"", ""SS_Oman""]",2,MEDIUM,Hormuz geopolitical tensions,1_Security
e4c276c4dbd77a28e4efa31981d380b5,"Gold Slips to Test $4300 as China Imports Hit Headlines , Oil Prices Drop",https://www.bullionvault.com/gold-news/gold-price-news/gold-china-imports-oil-09222061,20260922T181500Z,bullionvault.com,English,United Kingdom,Houthi,D7_행위자,2026-09-22,"[""CF_CrudeOil""]",1,MEDIUM,Oil price movement,5_EconFinance
45c44a68dd61fbf1738a5d1c94168a68,"Ukraine Secures Winter LNG , $500 Petroleum Product Deal With Poland",https://www.kyivpost.com/post/85136,20260922T181500Z,kyivpost.com,English,Ukraine,crude oil,D2_품목,2026-09-22,"[""CF_CrudeOil"", ""EVT_Ukraine2022"", ""CF_LNG""]",3,MEDIUM,Ukraine LNG deal,10_OtherIndustry
a95b3aebc2b0fdb267c20a4d2802224a,North Africa : Egypt Declares Suez Canal Secure As August Revenue Surges to $567 Million,https://allafrica.com/stories/202609220446.html,20260922T181500Z,allafrica.com,English,Nigeria,Suez Canal,D1_초크포인트,2026-09-22,"[""CP_Suez""]",1,MEDIUM,Suez Canal revenue,3_Freight
b003de105cb6941981b82e82e3d955c2,"Houthi Attacks Yemen : Turkey , Egypt , Saudi Arabia , Pakistan affirm Riyadh right to self - defence amid Houthi attacks",https://timesofindia.indiatimes.com/world/middle-east/turkey-egypt-saudi-arabia-pakistan-affirm-riyadhs-right-to-self-defence-amid-houthi-attacks/articleshow/134417077.cms,20260922T180000Z,timesofindia.indiatimes.com,English,India,Houthi,D7_행위자,2026-09-22,"[""SS_SaudiArabia"", ""EVT_RedSea2023""]",2,MEDIUM,Houthi Saudi defense,1_Security
b4bf695f9ae6f0446752cb1d11dae93f,Latest Yemen clashes kill more than 150,https://www.naharnet.com:443/stories/en/322646-latest-yemen-clashes-kill-more-than-150,20260922T180000Z,naharnet.com,English,Syria,Houthi,D7_행위자,2026-09-22,"[""EVT_RedSea2023""]",1,MEDIUM,Yemen conflict,1_Security
5dc520cdd6e3d232ed907760852bf2e8,IRGC says Iran has technological infrastructure to make missiles with far longer ranges,http://www.bignewsnetwork.com/news/279324020/irgc-says-iran-has-technological-infrastructure-to-make-missiles-with-far-longer-ranges,20260922T180000Z,bignewsnetwork.com,English,United States,carrier,D4_운송,2026-09-22,[],0,MEDIUM,Iran missile capability,1_Security
b7ecd72d02e0bdb8cf6c578f1582e4c1,Steel prices at four - year high ; trend to continue in H2 : report,https://www.thehindu.com/business/steel-prices-at-four-year-high-trend-to-continue-in-h2-report/article71496963.ece,20260922T180000Z,thehindu.com,English,India,iron ore,D2_품목,2026-09-22,"[""KC_DonggukSteel""]",1,MEDIUM,Steel price surge,10_OtherIndustry
6885eb597f2982efb5f728481e45ae1a,Euro Zone Bond Yields Drop As Iran Considers Reopening,https://www.marinelink.com/news/euro-zone-bond-yields-drop-iran-considers-543180,20260922T174500Z,marinelink.com,English,United States,Houthi,D7_행위자,2026-09-22,"[""EVT_HormuzToll2026""]",1,MEDIUM,Hormuz reopening,5_EconFinance
06ea7d5b30db9d2ca1b8dba56577cda9,"World Best - Performing ETF Is Up 4 , 427 % in 2026 Alone . Blame the Iran War . ",https://247wallst.com/investing/etf/2026/09/22/worlds-best-performing-etf-is-up-4427-in-2026-alone-blame-the-iran-war/,20260922T174500Z,247wallst.com,English,United States,tanker,D4_운송,2026-09-22,[],0,MEDIUM,Iran war market impact,5_EconFinance
5c8728b92ef5e6bd727f1522cfb1d8f1,"Libya's NOC Says Sharara Crude Pipeline Closure Losses at 130,000 bpd",https://english.aawsat.com/business/5321237-libyas-noc-says-sharara-crude-pipeline-closure-losses-130000-bpd,20260922T163000Z,aawsat.com,English,,closure,D6_교란행위,2026-09-22,"[""SS_Iran""]",1,MEDIUM,Libya oil disruption,10_OtherIndustry
2ff34201b659f0a12f5e1e5d3d601a73,Rupee extends gains for fifth straight session tracking fall in crude oil,https://www.business-standard.com/economy/news/rupee-extends-gains-for-fifth-straight-session-tracking-fall-in-crude-oil-126092201185_1.html,20260922T163000Z,business-standard.com,English,India,crude oil,D2_품목,2026-09-22,"[""CF_CrudeOil"", ""SS_Iran""]",2,MEDIUM,Crude oil decline,5_EconFinance
5d58b35165dbd098c293daef78fda111,"Shipping Oil Now Costs $1 Million a Day and One Tiny ETF Is Up Over 4,000%",https://www.aol.com/articles/shipping-oil-now-costs-1-152613000.html,20260922T163000Z,aol.com,English,,shipping,D4_운송,2026-09-22,"[""CF_CrudeOil""]",1,MEDIUM,Shipping Oil Costs,5_EconFinance
56adc1902e720931c16516d909fa5eff,Zelenskyy to meet Trump at UN in push for energy truce with Russia,https://www.ksl.com:443/article/51626927/zelenskyy-to-meet-trump-at-un-in-push-for-energy-truce-with-russia,20260922T163000Z,ksl.com,English,United States,refinery,D3_인프라,2026-09-22,[],0,MEDIUM,Ukraine energy truce,1_Security
b0213bec14c5110f61499c4378cdd6c8,Arab News | Trump promises peace deal with Iran post midterms in UNGA address,https://www.arabnews.com/world/trump-promises-peace-deal-with-iran-post-midterms-in-unga-address-3002693,20260922T163000Z,arabnews.com,English,Saudi Arabia,embargo,D6_교란행위,2026-09-22,[],0,MEDIUM,Iran-US diplomacy,1_Security
709633e48a803bdc9b7e4da82cbbd5dd,"Stocks rally on renewed AI optimism , while oil dips below $100",https://www.businessday.co.za/world/international-companies/2026-09-22-stocks-rally-on-renewed-ai-optimism-while-oil-dips-below-100/,20260922T163000Z,businessday.co.za,English,South Africa,oil price,D5_시장지표,2026-09-22,"[""CF_CrudeOil""]",1,MEDIUM,Oil price movement,5_EconFinance
b4206cba04d8c49d85e3fa2fa2f3c0c5,IRANIAN DELEGATION ARRIVES : Tehran Foreign Minister Lands In New York Amid War With U . S . – The Yeshiva World,https://www.theyeshivaworld.com/news/israel-news/2601453/iranian-delegation-arrives-tehrans-foreign-minister-lands-in-new-york-amid-war-with-u-s.html,20260922T163000Z,theyeshivaworld.com,English,United States,Suez Canal,D1_초크포인트,2026-09-22,[],0,MEDIUM,Iran diplomacy,1_Security
423a451884cf8bd33003fa6862cb26b2,"Arab states , Israel expand regional air defense cooperation under CENTCOM",https://www.jpost.com/middle-east/iran-news/article-909323,20260922T160000Z,jpost.com,English,Israel,Houthi,D7_행위자,2026-09-22,"[""SS_USA"", ""KC_KoreanAir""]",2,MEDIUM,Regional defense,1_Security
1955e5def27c2d3f331f2512209d5af5,MMI Daily Iron Ore Index Report September 22 2026 | Hellenic Shipping News Worldwide,https://www.hellenicshippingnews.com/mmi-daily-iron-ore-index-report-september-22-2026/,20260922T160000Z,hellenicshippingnews.com,English,,shipping,D4_운송,2026-09-22,"[""CF_IronOre""]",1,MEDIUM,Iron Ore Index,5_EconFinance
ee30785880fb17249cce9c248bd27735,Saudi Arabia Reportedly Restarts Pipeline That Moved Oil Around Hormuz After Drone Attacks Knocked It Offline,https://dailycaller.com/2026/09/22/saudi-arabia-east-west-pipeline-restart-yanbu-hormuz-oil/,20260922T160000Z,dailycaller.com,English,United States,tanker,D4_운송,2026-09-22,"[""SS_SaudiArabia"", ""CP_Hormuz"", ""CF_CrudeOil""]",3,MEDIUM,Hormuz pipeline restart,3_Freight
4953238267c485d616da506f5451503a,Baltic Dry Index climbs to 3432 up 33 points | Hellenic Shipping News Worldwide,https://www.hellenicshippingnews.com/baltic-dry-index-climbs-to-3432-up-33-points/,20260922T160000Z,hellenicshippingnews.com,English,China,iron ore,D2_품목,2026-09-22,[],0,MEDIUM,Freight rate index,3_Freight
cc228f6a226e3879fe6dbf5ac7b84443,Isolate Iran economically : Donald Trump urges nations in UNGA address,https://aninews.in/news/world/us/isolate-iran-economically-donald-trump-urges-nations-in-unga-address20260922205619/,20260922T160000Z,aninews.in,English,India,US Navy,D7_행위자,2026-09-22,[],0,MEDIUM,Iran economic sanctions,1_Security
e167564d97b28851a8c74f23c7fbb671,Why Teekay Tankers Stock Dropped Today | The Motley Fool,https://www.fool.com/investing/2026/09/22/why-teekay-tankers-stock-dropped-today/,20260922T154500Z,fool.com,English,United States,carrier,D4_운송,2026-09-22,"[""VT_Tanker""]",1,MEDIUM,Tanker company,5_EconFinance
50fbe8120dc28e029f1bf50398158b78,IRGC Threatens  New Weapon and  Expanded Battlefield After US Strikes Kill Five,https://www.ibtimes.co.uk/iran-warns-wider-war-after-us-attack-1821278,20260922T153000Z,ibtimes.co.uk,English,United Kingdom,Houthi,D7_행위자,2026-09-22,[],0,MEDIUM,IRGC military threat,1_Security
71e5cdf3193038fd3a02eb1c3f05af67,Iran Air says not informed of any flight ban despite US announcement,https://www.freemalaysiatoday.com/category/world/2026/09/22/iran-air-says-not-informed-of-any-flight-ban-despite-us-announcement,20260922T153000Z,freemalaysiatoday.com,English,Malaysia,carrier,D4_운송,2026-09-22,"[""KC_KoreanAir""]",1,MEDIUM,Iran sanctions,1_Security
adb2723f10702d8f4f07e28eb154c257,"Ukraine open to grain truce with Russia, deputy PM says",https://www.politico.eu/article/ukraine-open-to-grain-truce-with-russia-deputy-pm-vsevolod-chentsov-says/,20260922T151500Z,politico.eu,English,,grain,D2_품목,2026-09-22,"[""EVT_Ukraine2022"", ""POL_GrainReserve""]",2,MEDIUM,Ukraine grain truce,10_OtherIndustry
dff1b07c74ad3ea8c963b48dad009801,"UN condemns attempted Houthi strike on Riyadh as Yemen displacement surges past 130 , 000",https://www.globalsecurity.org/military/library/news/2026/09/mil-260921-unnews02.htm,20260922T144500Z,globalsecurity.org,English,Syria,Houthi,D7_행위자,2026-09-22,"[""EVT_RedSea2023""]",1,MEDIUM,Houthi military action,1_Security
f86c998d3133f99e1db758643f5125d1,READOUT : Meeks Meets Yemen Delegation on Sidelines of UN General Assembly,https://www.globalsecurity.org/military/library/news/2026/09/mil-260921-housecfa-democrats01.htm,20260922T144500Z,globalsecurity.org,English,Syria,Houthi,D7_행위자,2026-09-22,"[""EVT_RedSea2023""]",1,MEDIUM,Yemen diplomacy,1_Security
fb7afa4a8afd1536cc0dce80a4edf240,Iran Revolutionary Guard issues new warning if US escalates war,https://littleapplepost.com/posts/3c818e1d-b20f-4a47-9554-893df58c7f82,20260922T144500Z,littleapplepost.com,English,United States,Houthi,D7_행위자,2026-09-22,[],0,MEDIUM,Iran-US tensions,1_Security
ff69f94c8a53adec51527efeca327dc4,Ukraine Keeps Hitting Russia Energy Infrastructure . Trump Now Says Moscow Has  Lost Control  Of Its Diesel Industry . ,https://www.ibtimes.com/ukraine-keeps-hitting-russias-energy-infrastructure-trump-now-says-moscow-has-lost-control-its-3807727,20260922T144500Z,ibtimes.com,English,United States,crude oil,D2_품목,2026-09-22,"[""EVT_Ukraine2022""]",1,MEDIUM,Ukraine energy infrastructure,1_Security
30f7648dc0b89b8d28a7fd8b5e5371cb,Morning Kickstart: Oil falls as Saudi pipeline restarts; USD gives back early gains.,https://investinglive.com/technical-analysis/morning-kickstart-oil-falls-as-saudi-pipeline-restarts-usd-gives-back-early-gains/,20260922T144500Z,investinglive.com,English,,pipeline,D3_인프라,2026-09-22,"[""BP_SaudiEastWest"", ""CF_CrudeOil""]",2,MEDIUM,Oil price decline,5_EconFinance
a99e91687aa7b5cfa60f89cfe4ec8169,Andrii Sybiha held a meeting with Minister of Foreign Affairs of the Republic of Panama Javier Martínez - Acha,https://www.globalsecurity.org/wmd/library/news/ukraine/2026/09/ukraine-260921-ukraine-mfa03.htm,20260922T144500Z,globalsecurity.org,English,Syria,canal,D3_인프라,2026-09-22,"[""CP_Panama""]",1,MEDIUM,Panama Canal diplomacy,1_Security
826007621e08f3dcc2c4b0fa14b3433c,"Russia , Ukraine trade strikes as Zelenskyy prepares to meet Trump",https://www.bostonherald.com/2026/09/22/russia-ukraine-strikes-zelenskyy-trump-meeting/,20260922T144500Z,bostonherald.com,English,United States,refinery,D3_인프라,2026-09-22,"[""EVT_Ukraine2022""]",1,MEDIUM,Ukraine war supply,10_OtherIndustry
599a96895d5c763c7848d8d8c7bedf78,U . S . threatens to ground Iranian airlines worldwide from Wednesday,https://kaieteurnewsonline.com/2026/09/22/u-s-threatens-to-ground-iranian-airlines-worldwide-from-wednesday/,20260922T144500Z,kaieteurnewsonline.com,English,Guyana,Iran military,D7_행위자,2026-09-22,[],0,MEDIUM,Iran airline sanctions,1_Security
88c69710bd886cf60aad67986c07e487,Saudi Arabia restarts East-West oil pipeline,https://www.hydrocarbonprocessing.com/news/2026/09/saudi-arabia-restarts-east-west-oil-pipeline/,20260922T143000Z,hydrocarbonprocessing.com,English,,pipeline,D3_인프라,2026-09-22,"[""SS_SaudiArabia"", ""BP_SaudiEastWest"", ""CF_CrudeOil""]",3,MEDIUM,Saudi pipeline restart,10_OtherIndustry
6bf8f3288b7ab517fb6495f5b45b0022,"Saudi Arabia ready to resume Red Sea oil exports as East-West pipeline comes back online, sources say",https://www.theglobeandmail.com/business/article-saudi-arabia-east-west-pipeline-red-sea-oil-exports/,20260922T141500Z,theglobeandmail.com,English,,pipeline,D3_인프라,2026-09-22,"[""BP_SaudiEastWest"", ""SS_SaudiArabia"", ""EVT_RedSea2023"", ""CF_CrudeOil""]",4,MEDIUM,Saudi pipeline resumption,10_OtherIndustry
d296da185502bdc727a8cbab4315188a,"Australia Energy Minister to visit India , Saudi Arabia to bolster energy , fuel security",https://timesofoman.com/article/177245-australias-energy-minister-to-visit-india-saudi-arabia-to-bolster-energy-fuel-security,20260922T140000Z,timesofoman.com,English,Oman,refinery,D3_인프라,2026-09-22,"[""SS_SaudiArabia""]",1,MEDIUM,Energy security diplomacy,1_Security
a6d49518c38ac4bd8b394308abeda4b0,Black Sea Blockade Threatens Global Food Shock,https://www.kyivpost.com/post/85105,20260922T140000Z,kyivpost.com,English,,blockade,D6_교란행위,2026-09-22,"[""EVT_Ukraine2022"", ""CP_BlackSea"", ""KS_FoodAgri""]",3,MEDIUM,Black Sea food shock,10_OtherIndustry
f83db239b6ec24b1ecbedd4b80d53b8b,"Chinese hackers targeted shipping in at least seven EU countries, cyber agency reports",https://www.politico.eu/article/chinese-hackers-targeted-shipping-in-at-least-seven-eu-countries-cyber-agency-warns/,20260922T134500Z,politico.eu,English,,shipping,D4_운송,2026-09-22,[],0,MEDIUM,Shipping cyber attack,2_Safety
422a1306e9fb11c787a816750cfe17d1,FX Daily: Hawkish Fedspeak breaks oil-USD link | Hellenic Shipping News Worldwide,https://www.hellenicshippingnews.com/fx-daily-hawkish-fedspeak-breaks-oil-usd-link/,20260922T134500Z,hellenicshippingnews.com,English,,shipping,D4_운송,2026-09-22,"[""CF_CrudeOil""]",1,MEDIUM,Oil-USD correlation,5_EconFinance
0536bf72c4c4084192d9c72325430ce0,Chinese Coast Guard rams Philippine vessel in South China Sea clash,https://www.foxnews.com/world/chinese-coast-guard-rams-philippine-boat-south-china-sea-sparking-diplomatic-clash,20260922T133000Z,foxnews.com,English,,vessel,D4_운송,2026-09-22,"[""VT_Reefer""]",1,MEDIUM,South China Sea clash,1_Security
a655b031459b1ab6a586097c681d822e,Armed group seizes Libya oil pipeline,https://www.azernews.az/region/264263.html,20260922T130000Z,azernews.az,English,,pipeline,D3_인프라,2026-09-22,"[""CF_CrudeOil""]",1,MEDIUM,Libya oil seizure,10_OtherIndustry
19ee35b6d7a6e90901ebad46e03d7ea1,"Armed group shuts pipeline from Libya's largest oil field, jeopardising exports",https://www.euronews.com/2026/09/22/armed-group-shuts-libyas-largest-oil-field-pipeline-jeopardising-exports,20260922T123000Z,euronews.com,English,,pipeline,D3_인프라,2026-09-22,"[""CF_CrudeOil""]",1,MEDIUM,Libya oil shutdown,10_OtherIndustry
ee8d19926fe27ca41999bd077b9de021,"Iran offers to open Strait of Hormuz, say reports | How can it impact the Indian stock market, gold prices?",https://www.livemint.com/market/stock-market-news/iran-offers-to-open-strait-of-hormuz-say-reports-how-can-it-impact-the-indian-stock-market-gold-prices-11790071673902.html,20260922T123000Z,livemint.com,English,,Strait of Hormuz,D1_초크포인트,2026-09-22,"[""CP_Hormuz""]",1,MEDIUM,Hormuz impact analysis,5_EconFinance
d97b9b5ee8fd6c9bb75805823e518267,"WCS crude discounts widen on major refinery works, reduced pipeline capacity | Hellenic Shipping News Worldwide",https://www.hellenicshippingnews.com/wcs-crude-discounts-widen-on-major-refinery-works-reduced-pipeline-capacity/,20260922T121500Z,hellenicshippingnews.com,English,,pipeline,D3_인프라,2026-09-22,"[""SS_Iran""]",1,MEDIUM,Crude price impact,5_EconFinance
3a96a08d3e2bc9ce8a23d3942d4eed46,Russia set to extend diesel export ban past September | Hellenic Shipping News Worldwide,https://www.hellenicshippingnews.com/russia-set-to-extend-diesel-export-ban-past-september/,20260922T121500Z,hellenicshippingnews.com,English,,shipping,D4_운송,2026-09-22,[],0,MEDIUM,Russia diesel export,10_OtherIndustry
bfea687330479efe25038240240c5e19,"The LNG glut has been delayed, not cancelled | Hellenic Shipping News Worldwide",https://www.hellenicshippingnews.com/the-lng-glut-has-been-delayed-not-cancelled/,20260922T121500Z,hellenicshippingnews.com,English,,shipping,D4_운송,2026-09-22,"[""CF_LNG""]",1,MEDIUM,LNG market glut,10_OtherIndustry
dc86b68dc66ea1a61b3e77647a2b9d47,Suez Canal traffic rises 27% in August as Egypt increases maritime services | Hellenic Shipping News Worldwide,https://www.hellenicshippingnews.com/suez-canal-traffic-rises-27-in-august-as-egypt-increases-maritime-services/,20260922T121500Z,hellenicshippingnews.com,English,,shipping,D4_운송,2026-09-22,"[""CP_Suez""]",1,MEDIUM,Suez Canal traffic,3_Freight
d1f74ffa591072a29dcc3994d37fa499,Chinese steel cuts raise hopes for Korean steelmakers | Hellenic Shipping News Worldwide,https://www.hellenicshippingnews.com/chinese-steel-cuts-raise-hopes-for-korean-steelmakers/,20260922T121500Z,hellenicshippingnews.com,English,,shipping,D4_운송,2026-09-22,"[""KC_KoreanAir"", ""KC_DonggukSteel""]",2,MEDIUM,Chinese steel cuts,5_EconFinance
5ce08ccc8a1b576beadb449be73fada1,"Oil rises as markets eye U.S.-Iran talks, Saudi flows | Hellenic Shipping News Worldwide",https://www.hellenicshippingnews.com/oil-rises-as-markets-eye-u-s-iran-talks-saudi-flows/,20260922T121500Z,hellenicshippingnews.com,English,,shipping,D4_운송,2026-09-22,"[""CF_CrudeOil""]",1,MEDIUM,Oil price movement,5_EconFinance
9148cd7028875cb4b5bc02177b13e84e,Maersk order spree fuels Korea-China duel for mega container ships | Hellenic Shipping News Worldwide,https://www.hellenicshippingnews.com/maersk-order-spree-fuels-korea-china-duel-for-mega-container-ships/,20260922T121500Z,hellenicshippingnews.com,English,,shipping,D4_운송,2026-09-22,[],0,MEDIUM,Container ship orders,7_Shipping
6574d8c600511d393e498c5c58be49f3,French Stocks Rise As Oil Prices Fall On Strait Of Hormuz Prospects,https://www.rttnews.com/3692867/french-stocks-rise-as-oil-prices-fall-on-strait-of-hormuz-prospects.aspx,20260922T121500Z,rttnews.com,English,,Strait of Hormuz,D1_초크포인트,2026-09-22,"[""CP_Hormuz"", ""CF_CrudeOil""]",2,MEDIUM,Oil price movement,5_EconFinance
f7a373cc4ea8c4269eb8c9057606311e,Platts to increase standard ship size range for Asia-Pacific LNG cargo assessments,https://www.hellenicshippingnews.com/platts-to-increase-standard-ship-size-range-for-asia-pacific-lng-cargo-assessments/,20260922T121500Z,hellenicshippingnews.com,English,,LNG cargo,D2_품목,2026-09-22,"[""CF_LNG""]",1,MEDIUM,LNG assessment standard,3_Freight
7519b34abfb28d1b0b5b71d134337fcc,"Libya's NOC says armed group shuts oil pipeline valve, sharply reducing main field output",https://aa.com.tr/en/middle-east/libya-s-noc-says-armed-group-shuts-oil-pipeline-valve-sharply-reducing-main-field-output/4064133,20260922T120000Z,aa.com.tr,English,,pipeline,D3_인프라,2026-09-22,"[""CF_CrudeOil""]",1,MEDIUM,Libya oil disruption,10_OtherIndustry
131daac88346704ebce71f24f1a65b59,"Oil Getting Through Hormuz , But It Wont Drop Gas Prices Yet : Expert | News Radio 1200 WOAI",https://woai.iheart.com/featured/san-antonios-first-news/content/2026-09-21-oil-getting-through-hormuz-but-it-wont-drop-gas-prices-yet-expert/,20260922T110000Z,woai.iheart.com,English,United States,shortage,D6_교란행위,2026-09-22,"[""CP_Hormuz"", ""CF_CrudeOil""]",2,MEDIUM,Hormuz oil transit,7_Shipping
c7fa8f6c69760657100e7ba7ab945ca7,Panama Canal Investment Plan Pitched to New York Investors,https://www.riotimesonline.com/panama-canal-investment-mulino-new-york-citi-2026/,20260922T110000Z,riotimesonline.com,English,Brazil,container,D2_품목,2026-09-22,"[""CP_Panama""]",1,MEDIUM,Panama Canal investment,3_Freight
7fd9be851245ae0abf7a299976a052d3,Russia and Ukraine trade deadly strikes as Zelenskyy prepares to meet Trump,https://www.therecord.com/business/russia-and-ukraine-trade-deadly-strikes-as-zelenskyy-prepares-to-meet-trump/article_96624044-6abb-59a5-8ebc-1d5bfe1284d7.html,20260922T110000Z,therecord.com,English,Canada,refinery,D3_인프라,2026-09-22,"[""EVT_Ukraine2022""]",1,MEDIUM,Ukraine war supply,10_OtherIndustry
49859eca4e32910fe48fcd51fafb3aad,"Oil prices hover near $100 ahead of potential US-Iran talks, what happens if Brent crude breaks lower?",https://investinglive.com/commodities/oil-prices-hover-near-100-ahead-of-potential-us-iran-talks-what-happens-if-brent-crude-breaks-lower/,20260922T100000Z,investinglive.com,English,,Brent crude,D5_시장지표,2026-09-22,"[""SS_Iran"", ""CF_CrudeOil""]",2,MEDIUM,Oil price outlook,5_EconFinance
675dd7f2065548e1537d3616e07d5612,"Strait of Hormuz Firmly Under Iran's Control, Admiral Sayyari Says",https://www.islamicinvitationturkey.com/strait-of-hormuz-firmly-under-irans-control-admiral-sayyari-says/,20260922T091500Z,islamicinvitationturkey.com,English,,Strait of Hormuz,D1_초크포인트,2026-09-22,"[""CP_Hormuz""]",1,MEDIUM,Iran Hormuz control,1_Security
c6747e026d6e85efeca7e34d0b67e299,Steel prices at 4 - year high ; trend to continue in H2 : Report,https://economictimes.indiatimes.com/industry/indl-goods/svs/steel/steel-prices-at-4-year-high-trend-to-continue-in-h2-report/articleshow/134406564.cms,20260922T090000Z,economictimes.indiatimes.com,English,India,iron ore,D2_품목,2026-09-22,"[""KC_DonggukSteel""]",1,MEDIUM,Steel price surge,10_OtherIndustry
dfbc60e037d58081da92f0d1891a3c1d,MEED | Etihad Rail and AD Ports launch Fujairah-ICAD rail freight,https://www.meed.com:443/etihad-rail-and-ad-ports-launch-fujairah-icad-rail-freight,20260922T090000Z,meed.com,English,,freight,D4_운송,2026-09-22,"[""FP_Fujairah"", ""KS_Shipping""]",2,MEDIUM,UAE rail freight infrastructure,7_Shipping
89c2101861f13557f251933042b1e6e0,Iran Revolutionary Guard warns US over escalation,https://www.wsbradio.com/news/world/irans-revolutionary/2KO5REWGC467ZFWXS3HAHR2WBQ/,20260922T084500Z,wsbradio.com,English,United States,Houthi,D7_행위자,2026-09-22,[],0,MEDIUM,Iran US escalation,1_Security
e89f8795226e9118ec3b1bc463a6b48c,UK to provide Saudi Arabia with  defensive  military support : Prime minister,https://aa.com.tr/en/europe/uk-to-provide-saudi-arabia-with-defensive-military-support-prime-minister/4063842,20260922T074500Z,aa.com.tr,English,Turkey,Houthi,D7_행위자,2026-09-22,"[""SS_SaudiArabia""]",1,MEDIUM,UK Saudi military support,1_Security
dad339b1d9af6a6e6afadaf9c9192ff5,"Sensex , Nifty open in green on easing crude , softer US bond yields",http://www.bruneinews.net/news/279322792/sensex-nifty-open-in-green-on-easing-crude-softer-us-bond-yields,20260922T074500Z,bruneinews.net,English,Malaysia,crude oil,D2_품목,2026-09-22,"[""SS_Iran""]",1,MEDIUM,Crude easing impact,5_EconFinance
dfd3fd8d000fae234c6834693e4808a0,"Ukraine Invasion Day 1 , 671 : 197 combat engagements in a 24 - hour period . ",https://www.dailykos.com/stories/2026/9/21/800101321/community/1671/,20260922T074500Z,dailykos.com,English,United States,refinery,D3_인프라,2026-09-22,"[""EVT_Ukraine2022""]",1,MEDIUM,Ukraine war supply,10_OtherIndustry
491d2450fd675c00e0bf4e8a286f88ca,US - Iran conflict : Concerns grow in Washington over drone warfare toll,https://www.bankingnews.gr/diethni/articles/900764/us-iran-conflict-concerns-grow-in-washington-over-drone-warfare-toll%20title=,20260922T074500Z,bankingnews.gr,English,Greece,Persian Gulf,D1_초크포인트,2026-09-22,"[""EVT_HormuzToll2026""]",1,MEDIUM,US-Iran conflict,1_Security
72c90cc5e01ac2caeee13752e856c1dc,"Worsening El Nino threatens Asia , potentially raising food prices globally",https://www.hurriyetdailynews.com/worsening-el-nino-threatens-asia-potentially-raising-food-prices-globally-227167,20260922T073000Z,hurriyetdailynews.com,English,Turkey,delay,D6_교란행위,2026-09-22,"[""KS_FoodAgri""]",1,MEDIUM,Food price inflation,10_OtherIndustry
09539d6747f94b982ea3c83ba0d0bfab,Armed group shuts Libya pipeline valve at key oil field,https://arynews.tv/armed-group-shuts-libya-pipeline-valve-key-oil-field,20260922T073000Z,arynews.tv,English,Pakistan,crude oil,D2_품목,2026-09-22,"[""CF_CrudeOil""]",1,MEDIUM,Libya pipeline shutdown,10_OtherIndustry
24b772ddc2997b699c343bd4a4dc1c81,"Crude oil is falling , but when will pump relief arrive ?  | Peak Oil News and Message Boards",https://peakoil.com/consumption/crude-oil-is-falling-but-when-will-pump-relief-arrive,20260922T073000Z,peakoil.com,English,United States,crude oil,D2_품목,2026-09-22,"[""CF_CrudeOil"", ""SS_Iran""]",2,MEDIUM,Crude oil price decline,5_EconFinance
83948a9624e0cfed4c11bfa7c5e7b5db,Russia burning as Ukraine launches huge attack | World | News,https://www.express.co.uk/news/world/2250569/russia-ukraine-strikes-Kuibyshev-oil-refinery,20260922T071500Z,express.co.uk,English,United Kingdom,shortage,D6_교란행위,2026-09-22,"[""EVT_Ukraine2022""]",1,MEDIUM,Ukraine grain/oil supply,10_OtherIndustry
ad25347339e16ce9028193df9ab42331,Israel may be able help Saudi Arabia alliances against Houthi threat,https://www.jpost.com/middle-east/article-909237,20260922T071500Z,jpost.com,English,Israel,Houthi,D7_행위자,2026-09-22,"[""SS_SaudiArabia"", ""EVT_RedSea2023""]",2,MEDIUM,Saudi-Israel alliance against Houthis,1_Security
ac0aec2ffd88164419cd5c032a35f9aa,Houthis advance in Yemen as Donald Trump weighs military action,https://www.jpost.com/middle-east/article-909234,20260922T071500Z,jpost.com,English,Israel,Houthi,D7_행위자,2026-09-22,"[""EVT_RedSea2023""]",1,MEDIUM,Houthi Yemen Trump action,1_Security
d0ca70a89153098a9ca9d3b4f56991aa,Congressman Abe Hamadeh Urges Trump Not to Accept Houthi Deal Amid Saudi Attacks,https://www.foreignpolicyjournal.com/2026/09/22/congressman-abe-hamadeh-urges-trump-not-to-accept-houthi-deal-amid-saudi-attacks/,20260922T071500Z,foreignpolicyjournal.com,English,Israel,Houthi,D7_행위자,2026-09-22,"[""EVT_RedSea2023""]",1,MEDIUM,Houthi negotiations,1_Security
1d2d6debf1b2e0610f36c3647d74b117,INR supported by a pullback in crude oil prices and improving market sentiment,https://www.business-standard.com/markets/capital-market-news/inr-supported-by-a-pullback-in-crude-oil-prices-and-improving-market-sentiment-126092200263_1.html,20260922T071500Z,business-standard.com,English,India,crude oil,D2_품목,2026-09-22,"[""CF_CrudeOil"", ""SS_Iran""]",2,MEDIUM,Crude oil price impact,5_EconFinance
5c31a4e06bbe23cfc2b551e5582412e7,"Sensex , Nifty Pare Early Gains Despite Global Market Rally , Easing Crude Prices",https://www.rediff.com/business/report/sensex-nifty-pare-early-gains-on-september22-despite-global-markets-rally-easing-crude-prices/20260922.htm,20260922T071500Z,rediff.com,English,India,crude oil,D2_품목,2026-09-22,"[""SS_Iran""]",1,MEDIUM,Crude price easing,5_EconFinance
1816f677449a8112b010cc4e829a1cb2,All Iranian airlines to be shut down globally from Sept 23 : US,https://www.rediff.com/news/report/all-iranian-airlines-to-be-shutdown-globally-from-sept-23-us/20260922.htm,20260922T071500Z,rediff.com,English,India,carrier,D4_운송,2026-09-22,[],0,MEDIUM,Iran sanctions impact,1_Security
c018c904044d60160808240bdfd837d2,"Middle East flights : Air France , Wizz Air and British Airways extend suspensions",https://www.thenationalnews.com/travel/2026/09/22/uae-dubai-abu-dhabi-flights-status/,20260922T071500Z,thenationalnews.com,English,,carrier,D4_운송,2026-09-22,"[""KC_KoreanAir""]",1,MEDIUM,Middle East flight suspensions,7_Shipping
b77f76d1c1eea1bc5ae229c713ad61d0,Arab News | Armed group shuts Libya pipeline valve at key oil field,https://www.arabnews.com/middle-east/armed-group-shuts-libya-pipeline-valve-at-key-oil-field-3002612,20260922T071500Z,arabnews.com,English,,pipeline,D3_인프라,2026-09-22,"[""CF_CrudeOil""]",1,MEDIUM,Libya oil disruption,10_OtherIndustry
93a26614474bc478d0d3ccca8a85c14d,Dollar index holds near 8 - week high on further rate hike signals,https://www.business-standard.com/markets/capital-market-news/dollar-index-holds-near-8-week-high-on-further-rate-hike-signals-126092200328_1.html,20260922T071500Z,business-standard.com,English,India,critical minerals,D2_품목,2026-09-22,[],0,MEDIUM,Currency movement,5_EconFinance
0db2271d787d38a07f148875599614f6,Anyang Indorama Gases secures RMB 2 . 4 billion ( c . US$358 million ) long term financing for Fertilizer capacity expansion in Henan Province,http://www.prnewswire.com/news-releases/anyang-indorama-gases-secures-rmb-2-4-billion-c-us358-million-long-term-financing-for-fertilizer-capacity-expansion-in-henan-province-302885671.html,20260922T071500Z,prnewswire.com,English,United States,fertilizer,D2_품목,2026-09-22,"[""CF_Urea"", ""POL_GrainReserve""]",2,MEDIUM,Fertilizer capacity expansion,10_OtherIndustry
8eaf22c29fa2ab2e4570462ce29de790,Houthis battle for strategic heights in Yemen as thousands more flee homes - Grenada Chronicle – Daily Grenada And Caribbean News,https://grenadachronicle.com/houthis-battle-for-strategic-heights-in-yemen-as-thousands-more-flee-homes/,20260922T070000Z,grenadachronicle.com,English,United States,Houthi,D7_행위자,2026-09-22,"[""EVT_RedSea2023""]",1,MEDIUM,Yemen Houthi conflict,1_Security
cdac386246c0bca096daec349c6a63d7,UK wheat farmers lose £370M as drought hits food security,https://www.echo-news.co.uk/news/26537594.uk-wheat-farmers-lose-370m-drought-hits-food-security/,20260922T070000Z,echo-news.co.uk,English,United Kingdom,wheat,D2_품목,2026-09-22,"[""CF_Wheat"", ""KS_FoodAgri""]",2,MEDIUM,Wheat supply disruption,10_OtherIndustry
58aecdf377041f1c9c4393d369ce7022,Strangling Iran : Will Trump endgame win out ? | Israel National News,https://www.israelnationalnews.com/news/433472,20260922T064500Z,israelnationalnews.com,English,Israel,fleet,D4_운송,2026-09-22,[],0,MEDIUM,Iran sanctions strategy,1_Security
569d0625233efabe5a8cf4d0b515bbe1,How a Bangladeshi garment - maker fights West Asia energy crunch,https://bdnews24.com/economy/cyxsthcx4x,20260922T064500Z,bdnews24.com,English,Bangladesh,shortage,D6_교란행위,2026-09-22,[],0,MEDIUM,Bangladesh energy crunch,10_OtherIndustry
81235a538c3d8175b5dea433bb89a2ce,US Military split on Houthi strikes as Saudi Arabia seeks Trump help,https://www.israelnationalnews.com/news/433470,20260922T064500Z,israelnationalnews.com,English,Israel,Houthi,D7_행위자,2026-09-22,"[""SS_SaudiArabia"", ""EVT_RedSea2023""]",2,MEDIUM,Houthi military response,1_Security
e28b8164687a5c8a444cb7ff3723e87b,Houthis must cease strikes against Saudi Arabia,https://www.rte.ie/news/middle-east/2026/0922/1592449-middle-east/,20260922T064500Z,rte.ie,English,Ireland,Houthi,D7_행위자,2026-09-22,"[""SS_SaudiArabia"", ""EVT_RedSea2023""]",2,MEDIUM,Houthi Saudi strikes,1_Security
2072d59ce9f390e0ce8cef06918fa6ce,EU Kallas says Red Sea mission needs more than 10 warships,https://bdnews24.com/world/europe/0c4w99z0ef,20260922T064500Z,bdnews24.com,English,Bangladesh,Houthi,D7_행위자,2026-09-22,"[""EVT_RedSea2023""]",1,MEDIUM,Red Sea military,1_Security
a01cd6ee84be5d43f3c431d36defecdf,"Armed group shuts Libya oil pipeline valve , threatens Sharara output",https://www.albawaba.net/news/armed-group-shuts-libya-oil-pipeline-1637573,20260922T064500Z,albawaba.net,English,,crude oil,D2_품목,2026-09-22,"[""CF_CrudeOil""]",1,MEDIUM,Libya oil disruption,10_OtherIndustry
f4bc32ec9c32f2ac531135bd554bca93,Iran Araghchi in New York for UNGA as US Threatens Secondary Sanctions on Iranian Airlines,https://openthemagazine.com/world/irans-araghchi-arrives-in-new-york-for-unga-amid-us-airline-sanctions-threat,20260922T064500Z,openthemagazine.com,English,India,carrier,D4_운송,2026-09-22,[],0,MEDIUM,Iran sanctions threat,1_Security
88cd5a5e3b1839adcb772b74f0773886,"Macron, Trump Vow to 'Act Together' on Energy Tensions, Protect Strait of Hormuz and Critical Infrastructure",https://openthemagazine.com/world/macron-says-france-us-will-act-together-on-energy-tensions-strait-of-hormuz,20260922T064500Z,openthemagazine.com,English,,Strait of Hormuz,D1_초크포인트,2026-09-22,"[""CP_Hormuz""]",1,MEDIUM,Hormuz protection,1_Security
7bd6b674c5b55469bac0d93bb7dc77be,"CBN rate cut premature amid rising oil , PMS prices United Capital",https://www.vanguardngr.com/2026/09/cbn-rate-cut-premature-amid-rising-oil-pms-prices-united-capital/,20260922T063000Z,vanguardngr.com,English,Nigeria,delay,D6_교란행위,2026-09-22,"[""SS_USA"", ""CF_CrudeOil""]",2,MEDIUM,Oil price movement,5_EconFinance
ef95e520bb95098b994cd45aff31b70d,ABS Approves Large Ammonia Bunkering Vessel Design,https://shipandbunker.com/news/world/417866-abs-approves-large-ammonia-bunkering-vessel-design,20260922T063000Z,shipandbunker.com,English,,vessel,D4_운송,2026-09-22,"[""CF_Urea"", ""VT_Reefer""]",2,MEDIUM,Ammonia bunkering,10_OtherIndustry
cce693d1bce1af6ca16a2c0128d5ca54,"Iran Revolutionary Guard warns US over escalation , and other Mideast developments",http://www.thegazette.com/news/national/irans-revolutionary-guard-warns-us-over-escalation-and-other-mideast-developments/article_bdb09958-7575-5d78-8b04-660f436870e9.html,20260922T061500Z,thegazette.com,English,United States,Houthi,D7_행위자,2026-09-22,[],0,MEDIUM,Iran-US escalation,1_Security
45d50230e73ff08c1df64bd361477dd6,"Despite military might , Saudi struggles to crush the Houthis",https://www.al-monitor.com/originals/2026/09/despite-military-might-saudi-struggles-crush-houthis,20260922T061500Z,al-monitor.com,English,Israel,Houthi,D7_행위자,2026-09-22,"[""EVT_RedSea2023""]",1,MEDIUM,Houthi conflict,1_Security
45d88a9f617e6f703bb4b08f076a2f4a,Why Natural Gas And Heating Oil Prices Are Climbing This Winter,https://wyrk.com/ixp/11/p/winter-heating-costs-iran-war/,20260922T061500Z,wyrk.com,English,,natural gas,D2_품목,2026-09-22,"[""CF_LNG"", ""CF_CrudeOil""]",2,MEDIUM,Natural gas price surge,10_OtherIndustry
08a22962c8891f9968c094bf48bbedad,Houthis say 28 airstrikes hit Yemen as fighting continues,https://theshillongtimes.com/2026/09/22/houthis-say-28-airstrikes-hit-yemen-as-fighting-continues/,20260922T060000Z,theshillongtimes.com,English,India,Houthi,D7_행위자,2026-09-22,"[""EVT_RedSea2023""]",1,MEDIUM,Houthi military action,1_Security
51840da9e55dcab6ac18aaeb157f8eae,"Stock markets rise in early trade amid rally in global peers , easing crude oil prices",https://www.thehindu.com/business/markets/stock-markets-rise-in-early-trade-amid-rally-in-global-peers-easing-crude-oil-prices/article71494252.ece,20260922T060000Z,thehindu.com,English,India,crude oil,D2_품목,2026-09-22,"[""CF_CrudeOil"", ""SS_Iran""]",2,MEDIUM,Crude easing markets,5_EconFinance
756978dbe31c3970121657a5314df194,China moves to strengthen food security across grain supply chain in 2026-2030--China Economic Net,http://en.ce.cn/main/latest/202609/t20260922_3229519.shtml,20260922T060000Z,en.ce.cn,English,,grain,D2_품목,2026-09-22,"[""POL_GrainReserve"", ""KS_FoodAgri""]",2,MEDIUM,China grain security,10_OtherIndustry
9f6b2b53bd705d0da1ae4f1700a20edb,UK to provide Saudi Arabia aerial refuelling to counter Houthi attacks,https://www.business-standard.com/world-news/uk-to-provide-saudi-arabia-aerial-refuelling-to-counter-houthi-attacks-126092200047_1.html,20260922T054500Z,business-standard.com,English,India,Houthi,D7_행위자,2026-09-22,"[""SS_SaudiArabia"", ""EVT_RedSea2023""]",2,MEDIUM,UK Saudi aerial refueling,1_Security
a2923749672824e296402d352f54fcda,Iran … Trump War …. 9 / 21 / 2026 ….. Houthi ….. Brits to help Saudi Military …. ,https://politicaldog101.com/2026/09/iran-trump-war-9-21-2026-houthis-brits-to-help-saudi-military/,20260922T054500Z,politicaldog101.com,English,United States,Houthi,D7_행위자,2026-09-22,"[""EVT_RedSea2023""]",1,MEDIUM,Houthi-Iran conflict,1_Security
fddf0cbe45a9d5e71ded3d46b160cff4,Oil prices rise slightly ahead of potential US - Iran talks at UNGA,https://www.business-standard.com/markets/commodities/oil-prices-rise-slightly-ahead-of-potential-us-iran-talks-at-unga-126092200068_1.html,20260922T054500Z,business-standard.com,English,India,crude oil,D2_품목,2026-09-22,"[""CF_CrudeOil""]",1,MEDIUM,US-Iran UNGA talks,5_EconFinance
63023c21c6d1ddf89f92c72c3e833780,"Bloomberg : US - Iran War tops $7 . 1 billion , Guam - based submarines pulled away",https://www.guampdn.com/news/bloomberg-us-iran-war-tops-7-1-billion-guam-based-submarines-pulled-away/article_b5f6500f-80a1-45a0-bd5f-92b2e81ea20f.html,20260922T054500Z,guampdn.com,English,Guam,carrier,D4_운송,2026-09-22,[],0,MEDIUM,US-Iran conflict,1_Security
4357be224b185aa7392ddfa6cba05753,Three Turkish Airlines Cancel Flights To Iran As US Sanctions Take Effect,https://www.i24news.tv/en/news/middle-east/artc-three-turkish-airlines-cancel-flights-to-iran-as-us-sanctions-take-effect,20260922T054500Z,i24news.tv,English,Israel,carrier,D4_운송,2026-09-22,[],0,MEDIUM,Iran sanctions,1_Security
f63f996e10bbcb5248bae94b24bcb300,Zelenskiy to meet Trump at UN in push for energy truce with Russia,https://www.internazionale.it/ultime-notizie-reuters/2026/09/22/zelenskiy-to-meet-trump-at-un-in-push-for-energy-truce-with-russia,20260922T054500Z,internazionale.it,English,Italy,refinery,D3_인프라,2026-09-22,[],0,MEDIUM,Ukraine energy truce,1_Security
aea6def93638b7bb882f002f5c148991,Trump fronts a plan to get around the the Strait of Hormuz….,https://politicaldog101.com/2026/09/trump-fronts-a-plan-to-get-around-the-the-strait-of-hormuz/,20260922T054500Z,politicaldog101.com,English,,Strait of Hormuz,D1_초크포인트,2026-09-22,"[""CP_Hormuz""]",1,MEDIUM,Hormuz bypass plan,1_Security
e9667c128be93066bc6de2155d3bad13,G7 countries call on Iran to stop supporting the Houthis,https://www.israelnationalnews.com/flashes/693889,20260922T053000Z,israelnationalnews.com,English,Israel,Houthi,D7_행위자,2026-09-22,"[""EVT_RedSea2023""]",1,MEDIUM,Iran-Houthi geopolitics,1_Security
794e6134870843566d1ba2c6fac6e203,"Trump returns to UN at a moment of anxiety about Iran , AI and the future of world body itself",https://www.ksat.com/news/world/2026/09/22/trump-returns-to-un-at-a-moment-of-anxiety-about-iran-ai-and-the-future-of-world-body-itself/,20260922T051500Z,ksat.com,English,United States,Houthi,D7_행위자,2026-09-22,[],0,MEDIUM,Iran geopolitics,1_Security
e69ee509201e49b23cc9a9d6f3eebf7f,"  All Iranian airlines will be shut down around the world : US threatens secondary sanctions against foreign airports , fuel suppliers",https://aninews.in/news/world/us/all-iranian-airlines-will-be-shut-down-around-the-world-us-threatens-secondary-sanctions-against-foreign-airports-fuel-suppliers20260922060847/,20260922T050000Z,aninews.in,English,India,carrier,D4_운송,2026-09-22,[],0,MEDIUM,Iran sanctions impact,1_Security
dbbf720fa94ea994ef7f9dd804b793c3,"CRFFN Urges Action On Air Cargo Delays , High Logistics Costs",https://leadership.ng/crffn-urges-action-on-air-cargo-delays-high-logistics-costs/,20260922T050000Z,leadership.ng,English,Nigeria,terminal,D3_인프라,2026-09-22,"[""KC_LotteLogistics"", ""KC_KoreanAir""]",2,MEDIUM,Air cargo delays,8_Logistics
fe6fa8462b65531ac4d133bf6a0cd289,China moves to strengthen food security across grain supply chain in 2026-2030,https://www.globaltimes.cn/page/202609/1371105.shtml,20260922T050000Z,globaltimes.cn,English,,grain,D2_품목,2026-09-22,"[""POL_GrainReserve"", ""KS_FoodAgri""]",2,MEDIUM,China grain security,10_OtherIndustry
98f8c9969b63f09a220642bcd8ffbd6e,"Oil prices rise , Brent at US$100 . 57 per barrel",http://www.bignewsnetwork.com/news/279322662/oil-prices-rise-brent-at-us10057-per-barrel,20260922T050000Z,bignewsnetwork.com,English,United States,WTI crude,D5_시장지표,2026-09-22,"[""CF_CrudeOil""]",1,MEDIUM,Brent crude rise,5_EconFinance
991acf967341239d7f40f79489d94b72,Brent crude stays above $101 after four day losing streak,https://www.thehindubusinessline.com/markets/commodities/brent-crude-stays-above-101-after-four-day-losing-streak/article71494135.ece,20260922T044500Z,thehindubusinessline.com,English,India,crude oil,D2_품목,2026-09-22,"[""SS_Iran"", ""CF_CrudeOil""]",2,MEDIUM,Brent crude pricing,5_EconFinance
9d5bc3a5abab9d97395e6fe1f1a40cec,India oil buyers may cut Russia cargoes as US risk rises,https://economictimes.indiatimes.com/industry/energy/oil-gas/indias-oil-buyers-may-cut-russia-cargoes-as-us-risk-rises/articleshow/134402148.cms,20260922T044500Z,economictimes.indiatimes.com,English,India,refinery,D3_인프라,2026-09-22,"[""CF_CrudeOil""]",1,MEDIUM,Russia oil sanctions,5_EconFinance
727474a13bcc16599b30c9b4510de5cf,Brent Crude falls below $100 as Iran diplomacy boosts supply hopes – Daily Trust,https://dailytrust.com/brent-crude-falls-below-100-as-iran-diplomacy-boosts-supply-hopes/,20260922T044500Z,dailytrust.com,English,,Brent crude,D5_시장지표,2026-09-22,"[""SS_Iran"", ""CF_CrudeOil""]",2,MEDIUM,Oil price movement,5_EconFinance
1627092c12c5154666544631821e9d7e,Two New Zealand naval ships transit Taiwan Strait,https://economictimes.indiatimes.com/news/defence/two-new-zealand-naval-ships-transit-taiwan-strait/articleshow/134401873.cms,20260922T044500Z,indiatimes.com,English,,Taiwan Strait,D1_초크포인트,2026-09-22,"[""CP_Taiwan"", ""EVT_HormuzToll2026""]",2,MEDIUM,Taiwan Strait transit,1_Security
4c29841126d9006ae2856280d84f7715,Gold vs Crude Oil : Safe - Haven Edges Higher as Crude Oil Falls ; Understanding Their Role in Global Inflation and Economy,https://www.jagranjosh.com/general-knowledge/gold-vs-crude-oil-safehaven-edges-higher-as-crude-oil-falls-understanding-their-role-in-global-inflation-and-economy-1820012422-1,20260922T043000Z,jagranjosh.com,English,India,crude oil,D2_품목,2026-09-22,"[""CF_CrudeOil"", ""KI_Macro"", ""SS_Iran""]",3,MEDIUM,Crude oil price movement,5_EconFinance
485bb59249164c81fe2b5e03f101069c,"GIFT Nifty points to lower start ; oil prices , FII flows in focus",https://www.business-standard.com/markets/capital-market-news/gift-nifty-points-to-lower-start-oil-prices-fii-flows-in-focus-126092200132_1.html,20260922T043000Z,business-standard.com,English,India,crude oil,D2_품목,2026-09-22,"[""CF_CrudeOil""]",1,MEDIUM,Oil price focus,5_EconFinance
85fcae1de6e43205480c1dc926276e17,Diesel prices shoot upward as top farm - state GOP senator begs Trump for export embargo,"http://sedaliademocrat.com/stories/diesel-prices-shoot-upward-as-top-farm-state-gop-senator-begs-trump-for-export-embargo,54304",20260922T043000Z,sedaliademocrat.com,English,United States,embargo,D6_교란행위,2026-09-22,[],0,MEDIUM,Diesel price surge,5_EconFinance
bf95c72e6ddaf20f6780e319071adf50,"Macron says France, US to 'act together' to ease energy market tensions, protect Strait of Hormuz",https://economictimes.indiatimes.com/news/international/world-news/macron-says-france-us-to-act-together-to-ease-energy-market-tensions-protect-strait-of-hormuz/articleshow/134400945.cms,20260922T041500Z,indiatimes.com,English,,Strait of Hormuz,D1_초크포인트,2026-09-22,"[""CP_Hormuz""]",1,MEDIUM,Hormuz protection,1_Security
d7d84d0ef6823161aa8e0861d5680da0,"Shipping giants throttle capacity as freight costs explode, and consumers will foot the bill just in time for the holidays   – NaturalNews.com",https://www.naturalnews.com/2026-09-21-shipping-giants-throttle-capacity-freight-costs-explode.html,20260922T040000Z,naturalnews.com,English,,shipping,D4_운송,2026-09-22,"[""KS_Shipping""]",1,MEDIUM,Shipping capacity freight,3_Freight
7542b779b51e3fc2d51ab3b7102f3f3d,Costco and Walmart Limit Motor Oil Sales as Base Oil Prices Hit Record,https://english.pravda.ru/news/business/169120-costco-walmart-motor-oil-limits/,20260922T034500Z,english.pravda.ru,English,Russia,shortage,D6_교란행위,2026-09-22,"[""KC_HyundaiMotor"", ""CF_CrudeOil""]",2,MEDIUM,Base oil prices,5_EconFinance
c364d833c753912a3d79e96fec1fb849,Houthis push for control of Yemen highlands as Trump is said to have called off strikes,https://www.asiaone.com:443/asia/houthis-push-control-yemen-highlands-trump-said-have-called-strikes,20260922T034500Z,asiaone.com,English,Singapore,Houthi,D7_행위자,2026-09-22,"[""EVT_RedSea2023""]",1,MEDIUM,Houthi operations,1_Security
6f0c16a13bbb41a70eb5d029ee7c5cf8,Crude sourcing flexibility key to refinery margins amid geopolitical disruptions : Report,https://news.webindia123.com/news/Articles/Business/20260922/4501724.html,20260922T034500Z,news.webindia123.com,English,India,crude oil,D2_품목,2026-09-22,"[""SS_Iran""]",1,MEDIUM,Refinery crude sourcing,10_OtherIndustry
6eaaec579c9444d8c7d8f60b69f58a50,North Dakota oil production and tax revenue keeps rising as US - Iran war drags on,https://www.jamestownsun.com/news/north-dakota/north-dakota-oil-production-and-tax-revenue-keeps-rising-as-us-iran-war-drags-on,20260922T034500Z,jamestownsun.com,English,United States,crude oil,D2_품목,2026-09-22,"[""CF_CrudeOil""]",1,MEDIUM,US oil production,5_EconFinance
8692ce4690c97acf10ae3989566db5d4,Turkish Airlines suspends Iran flights until March 2027,https://www.siasat.com/turkish-airlines-suspends-iran-flights-until-march-2027-3546214/,20260922T034500Z,siasat.com,English,India,carrier,D4_운송,2026-09-22,[],0,MEDIUM,Iran sanctions impact,1_Security
07295e106e17aa9dbe45e3cc35ea5e38,"Macron says France, US to ""act together"" to ease energy market tensions, protect Strait of Hormuz",https://news.webindia123.com/news/Articles/World/20260922/4501730.html,20260922T034500Z,webindia123.com,English,,Strait of Hormuz,D1_초크포인트,2026-09-22,"[""CP_Hormuz""]",1,MEDIUM,Hormuz protection,1_Security
f2b0c2f53e3156ba651dda1475b8b0d2,"Stocks rise on AI buzz , drop in oil prices - Markets",http://www.thejakartapost.com/business/2026/09/22/stocks-rise-on-ai-buzz-drop-in-oil-prices,20260922T034500Z,thejakartapost.com,English,Indonesia,Persian Gulf,D1_초크포인트,2026-09-22,"[""CF_CrudeOil""]",1,MEDIUM,Oil price decline,5_EconFinance
da9af92865e93ed24d03361567100dfb,Update: China moves to strengthen food security across grain supply chain in 2026-2030,http://www.shanghainews.net/news/279322481/update-china-moves-to-strengthen-food-security-across-grain-supply-chain-in-2026-2030,20260922T031500Z,shanghainews.net,English,,grain,D2_품목,2026-09-22,"[""POL_GrainReserve"", ""KS_FoodAgri""]",2,MEDIUM,China grain security,10_OtherIndustry
3d0b30a046330fb17b9484b8a88cacc5,Norwegian Justice Ministry Overrules Court Decision Allowing Seizure Of Russian Ship In Svalbard To Satisfy ICC Appeal By Ukraine - OpEd,https://www.eurasiareview.com/22092026-norwegian-justice-ministry-overrules-court-decision-allowing-seizure-of-russian-ship-in-svalbard-to-satisfy-icc-appeal-by-ukraine-oped/,20260922T031500Z,eurasiareview.com,English,,seizure,D6_교란행위,2026-09-22,"[""EVT_Ukraine2022""]",1,MEDIUM,Ukraine grain supply,1_Security
d23d0ab0d5aa484d361ba84b8681c048,Diplomacy holds on amid attack warning,http://europe.chinadaily.com.cn/a/202609/22/WS6ab1e506e4b06d4aa055f6f4.html,20260922T030000Z,europe.chinadaily.com.cn,English,China,Houthi,D7_행위자,2026-09-22,[],0,MEDIUM,Diplomatic tensions,1_Security
0e4b25d94df2668705f7e40f2a60518b,Oil rises slightly ahead of potential US - Iran talks,https://economictimes.indiatimes.com/markets/commodities/news/oil-rises-slightly-ahead-of-potential-us-iran-talks/articleshow/134400316.cms,20260922T030000Z,economictimes.indiatimes.com,English,India,crude oil,D2_품목,2026-09-22,"[""CF_CrudeOil""]",1,MEDIUM,US-Iran talks oil,5_EconFinance
146a8eb1bec23abd7ff5ee0f66c1fb5b,"Russia targets Zaporizhzhia after Ukraine launches 1 , 000 - drone weekend barrage",https://www.journalgazette.net/news/world/russia-targets-zaporizhzhia-after-ukraine-launches-1-000-drone-weekend-barrage/article_5473e738-7065-525b-8eeb-d02f4247a51e.html,20260922T024500Z,journalgazette.net,English,United States,shortage,D6_교란행위,2026-09-22,"[""EVT_Ukraine2022""]",1,MEDIUM,Ukraine grain supply,10_OtherIndustry
fdc268c3664af224547bc419596801c3,UK to Offer Saudi Arabia Aerial Refuelling to Counter Houthi Attacks,https://www.deccanchronicle.com/world/uk-to-offer-saudi-arabia-aerial-refuelling-to-counter-houthi-attacks-1989479,20260922T024500Z,deccanchronicle.com,English,India,Houthi,D7_행위자,2026-09-22,"[""SS_SaudiArabia"", ""EVT_RedSea2023""]",2,MEDIUM,UK Saudi aerial refueling,1_Security
527ff8ed97cfc58740fac871fe94ff59,"European Union Red Sea mission is in need of warships , Kallas says",https://www.jpost.com/international/article-909227,20260922T024500Z,jpost.com,English,Israel,Houthi,D7_행위자,2026-09-22,"[""EVT_RedSea2023""]",1,MEDIUM,Red Sea military,1_Security
550945603ee6ba99dfca4bc1a8da9909,Gas Prices Spike as Iran War Strains Supplies,https://flaglerlive.com/gas-prices-spike/,20260922T024500Z,flaglerlive.com,English,United States,crude oil,D2_품목,2026-09-22,[],0,MEDIUM,Iran war energy impact,1_Security
738929a33253cc1374b415c102ec01ec,Qatar LNG Loss Revives Projects From Argentina to Timor - Leste,https://oilprice.com/Energy/Natural-Gas/Qatars-LNG-Loss-Revives-Projects-From-Argentina-to-Timor-Leste.html,20260922T024500Z,oilprice.com,English,United States,terminal,D3_인프라,2026-09-22,"[""SS_Qatar"", ""CF_LNG""]",2,MEDIUM,Qatar LNG supply,10_OtherIndustry
ba279dab2d5e7322f2b7a8a80e8fbb7c,"Global diesel prices hit record highs , further rises possible",https://www.rappler.com/world/middle-east/global-diesel-prices-record-highs-rises-possible/,20260922T024500Z,rappler.com,English,Philippines,refinery,D3_인프라,2026-09-22,[],0,MEDIUM,Diesel price surge,5_EconFinance
8f2b66bfca9c535380c77cb02214b2ed,"  All Iranian airlines will be shut down around the world : Bessent threatens secondary sanctions against foreign airports , fuel suppliers",https://economictimes.indiatimes.com/news/international/world-news/all-iranian-airlines-will-be-shut-down-around-the-world-bessent-threatens-secondary-sanctions-against-foreign-airports-fuel-suppliers/articleshow/134400158.cms,20260922T021500Z,economictimes.indiatimes.com,English,India,carrier,D4_운송,2026-09-22,[],0,MEDIUM,Iran sanctions impact,1_Security
59a0d3060771814306fae275defee8b2,"Wall Street nears all - time high after oil price drop , Meta Platforms ( Meta Nasdaq ) stock surge . But a dotcom - era warning sign flashing for S & P 500",https://www.afr.com/chanticleer/wall-street-just-surged-but-a-dotcom-era-warning-sign-is-flashing-20260922-p60zfz,20260922T021500Z,afr.com,English,Australia,oil price,D5_시장지표,2026-09-22,"[""CF_CrudeOil""]",1,MEDIUM,Oil price drop,5_EconFinance
aad6073c44cd669dfce184225f7bd422,"Ukraine war briefing : Sanctions must continue , EU top diplomat stresses , as Russian attacks kill five | Ukraine",https://www.theguardian.com/world/2026/sep/22/ukraine-war-briefing-sanctions-must-continue-eus-top-diplomat-stresses-as-russian-attacks-kill-five,20260922T020000Z,theguardian.com,English,United Kingdom,shortage,D6_교란행위,2026-09-22,"[""EVT_Ukraine2022""]",1,MEDIUM,Ukraine sanctions grain,10_OtherIndustry
03ed9426373281454e73ea8466e4a426,Iran issues fresh warning to US over possible new offensive,https://pmnewsnigeria.com/2026/09/21/middle-east-tension-iran-issues-fresh-warning-to-us-over-possible-new-offensive/,20260922T020000Z,pmnewsnigeria.com,English,Nigeria,Houthi,D7_행위자,2026-09-22,[],0,MEDIUM,Iran-US tensions,1_Security
305945fbf24c5eae37f6e4c8992fa3cc,Houthis say Saudi strike kills 6 in Yemen port city Mokha,https://www.freemalaysiatoday.com/category/world/2026/09/22/houthis-say-saudi-strike-kills-6-in-yemen-port-city-mokha,20260922T020000Z,freemalaysiatoday.com,English,Malaysia,Houthi,D7_행위자,2026-09-22,"[""EVT_RedSea2023""]",1,MEDIUM,Houthi Yemen conflict,1_Security
5c31063d702e303f29199735cf6924b8,UK agrees support for Saudi in struggle with Houthis : reports,https://www.al-monitor.com/originals/2026/09/uk-agrees-support-saudi-struggle-houthis-reports,20260922T020000Z,al-monitor.com,English,Israel,Houthi,D7_행위자,2026-09-22,"[""EVT_RedSea2023""]",1,MEDIUM,Houthi military support,1_Security
41df18ec8d2439cbe3af8b7ea679363b,"Live Updates : Iran warns  geography of the war  would expand in case of any new US assault , while Trump is considering  wiping Iran out  – Ya Libnan",https://yalibnan.com/2026/09/22/live-updates-iran-warns-geography-of-the-war-would-expand-in-case-of-any-new-us-assault-while-trump-is-considering-wiping-iran-out/,20260922T020000Z,yalibnan.com,English,Syria,Houthi,D7_행위자,2026-09-22,[],0,MEDIUM,Iran escalation,1_Security
2da1966f7e163265aa7c958c7d1ded95,"ESENTIA Announces the Execution of an Agreement to Acquire the Guadalajara-Manzanillo Natural Gas Pipeline System, Connecting Existing System to the Port of Manzanillo",https://www.prnewswire.com/news-releases/esentia-announces-the-execution-of-an-agreement-to-acquire-the-guadalajara-manzanillo-natural-gas-pipeline-system-connecting-existing-system-to-the-port-of-manzanillo-302885289.html,20260922T013000Z,prnewswire.com,English,,pipeline,D3_인프라,2026-09-22,"[""CF_LNG""]",1,MEDIUM,LNG pipeline acquisition,10_OtherIndustry
9eb17cbe2be313cb6028d687e8aa503d,"EQS-News: ESENTIA Announces the Execution of an Agreement to Acquire the Guadalajara-Manzanillo Natural Gas Pipeline System, Connecting Existing System to the Port of Manzanillo | wallstreetONLINE",https://www.wallstreet-online.de/nachricht/21412314-eqs-news-esentia-announces-the-execution-of-agreement-to-acquire-the-guadalajara-manzanillo-natural-gas-pipeline-system-connecting-existing-system-to-the-port-of-manzanillo,20260922T011500Z,wallstreet-online.de,English,,pipeline,D3_인프라,2026-09-22,"[""CF_LNG""]",1,MEDIUM,LNG pipeline acquisition,10_OtherIndustry
c2cbd2654c1d69b31d1f26b38bdc0ac5,الأمم المتحدة تجدد إدانتها لهجمات المليشيا الحوثية على السعودية,https://www.okaz.com.sa/politics/na/2267191,20260922T010000Z,okaz.com.sa,English,Saudi Arabia,Houthi,D7_행위자,2026-09-22,[],0,MEDIUM,Houthi attacks condemnation,1_Security
8585de1a827b02af546d8c18b9ccca9b,UK to offer Saudi Arabia aerial refueling to counter Houthi attacks,https://isp.netscape.com:443/news/world/story/0001/20260921/c736f6485b0e9293eee733e12adc9bcd,20260922T010000Z,isp.netscape.com,English,United States,Houthi,D7_행위자,2026-09-22,"[""SS_SaudiArabia"", ""EVT_RedSea2023""]",2,MEDIUM,UK Saudi aerial refueling,1_Security
a643e534facdd9686460c78b0ad99a83,U . S . military leaders divided over action against the Houthis,https://www.nbcnewyork.com/news/national-international/us-military-leaders-divided-action-houthis/6550398/,20260922T010000Z,nbcnewyork.com,English,United States,Houthi,D7_행위자,2026-09-22,"[""EVT_RedSea2023""]",1,MEDIUM,US military Houthi response,1_Security
aad8a66f411f1a92f8d0a9fad8057db2,The War Reached Riyadh on Saturday . Washington Said It Staying Out . ,https://www.investmentwatchblog.com/the-war-reached-riyadh-on-saturday-washington-said-its-staying-out/,20260922T010000Z,investmentwatchblog.com,English,United States,terminal,D3_인프라,2026-09-22,[],0,MEDIUM,Riyadh military action,1_Security
a2e68fe3a7666b8b486526b607cf0601,Crude Falls on Iran Diplomacy Hopes,https://www.rigzone.com/news/wire/crude_falls_on_iran_diplomacy_hopes-21-sep-2026-184667-article/,20260922T010000Z,rigzone.com,English,United States,Persian Gulf,D1_초크포인트,2026-09-22,"[""SS_Iran""]",1,MEDIUM,Iran oil price,5_EconFinance
7fb6b24c13bd1c9e2911ad05da2c6482,U . K . to offer Saudi Arabia aerial refueling to counter Houthi attacks,https://www.nbcnews.com/world/united-kingdom/uk-offer-saudi-arabia-aerial-refueling-counter-houthi-attacks-rcna599103,20260922T003000Z,nbcnews.com,English,United States,Houthi,D7_행위자,2026-09-22,"[""SS_SaudiArabia"", ""EVT_RedSea2023""]",2,MEDIUM,UK Saudi aerial refueling,1_Security
4513806185aa201d8011182ebb223c22,European wheat rises as Black Sea export hopes fade,http://www.bignewsnetwork.com/news/279322323/european-wheat-rises-as-black-sea-export-hopes-fade,20260922T003000Z,bignewsnetwork.com,English,United States,wheat,D2_품목,2026-09-22,"[""CP_BlackSea"", ""CF_Wheat""]",2,MEDIUM,Wheat export disruption,10_OtherIndustry
2fc17bf2b6b6cd3b29c3b6e932bfb66e,"Oil falls 3 . 4 %, Brent settles at $100 . 34",http://www.bignewsnetwork.com/news/279322308/oil-falls-34-brent-settles-at-10034,20260922T003000Z,bignewsnetwork.com,English,United States,WTI crude,D5_시장지표,2026-09-22,"[""CF_CrudeOil""]",1,MEDIUM,Brent crude decline,5_EconFinance
a91be47d242b132d5b85152addff03f2,Russian refining sector struggles amid intensifying Ukrainian attacks | Hellenic Shipping News Worldwide,https://www.hellenicshippingnews.com/russian-refining-sector-struggles-amid-intensifying-ukrainian-attacks/,20260922T001500Z,hellenicshippingnews.com,English,,shipping,D4_운송,2026-09-22,"[""KS_Energy"", ""KS_Construction""]",2,MEDIUM,Russian refining attacks,10_OtherIndustry
ff1fc7b6465b93366f4f88e9d3b8ce78,Iron Ore Rises for Fourth Straight Session | Hellenic Shipping News Worldwide,https://www.hellenicshippingnews.com/iron-ore-rises-for-fourth-straight-session/,20260922T001500Z,hellenicshippingnews.com,English,,shipping,D4_운송,2026-09-22,"[""CF_IronOre""]",1,MEDIUM,Iron ore price rise,5_EconFinance
293b2d6519d27e6bc2c7db90c23cb8aa,"Ningbo Containerized Freight Index Report, 18 September 2026 | Hellenic Shipping News Worldwide",https://www.hellenicshippingnews.com/ningbo-containerized-freight-index-report-18-september-2026/,20260922T001500Z,hellenicshippingnews.com,English,,shipping,D4_운송,2026-09-22,"[""KS_Shipping""]",1,MEDIUM,Container freight index,3_Freight
7c6c01a8aac634d43b8f3e096d051bdb,Peek inside the Qingdao to Hamad Port 20ft container rate _ which fees you can question and which you cant - 链思路,https://blog.udn.com:443/b5d78074/192540508,20260922T000000Z,blog.udn.com,English,Taiwan,delay,D6_교란행위,2026-09-22,"[""FP_Qingdao""]",1,MEDIUM,Container freight rate,3_Freight
8f833bc7d89b1d6b084875e0e61cc0cb,Conrad Black : Greenland Deal Is Good News for the Western Alliance,https://www.theepochtimes.com/opinion/conrad-black-greenland-deal-is-good-news-for-the-western-alliance-6092788,20260922T000000Z,theepochtimes.com,English,United States,fleet,D4_운송,2026-09-22,"[""BP_CapeRoute""]",1,MEDIUM,Cape Route bypass,7_Shipping
bc83492a0895e86f5cc65713b611c86c,Andy Burnham says united kingdom to provide Saudi Arabia with  defensive  support,https://www.bbc.co.uk/news/articles/cqlykpe4dk0yo,20260922T000000Z,bbc.co.uk,English,United Kingdom,Houthi,D7_행위자,2026-09-22,"[""SS_SaudiArabia"", ""SS_USA""]",2,MEDIUM,Saudi defense support,1_Security
298eb4994f1cd64c94fd809fc9964f52,"Turkish Airlines , Pegasus and AJet cancel Iran flights as US sanctions bite",https://www.middleeasteye.net/news/turkish-airlines-pegasus-and-ajet-cancel-iran-flights-us-sanctions-bite,20260922T000000Z,middleeasteye.net,English,Israel,carrier,D4_운송,2026-09-22,[],0,MEDIUM,Iran sanctions impact,1_Security
0840a2e205003f7db25b09587eae25f7,World on fire : Leaders converge on the U . N . as wars squeeze the world oil,https://www.10news.com/world/world-on-fire-leaders-converge-on-the-u-n-as-wars-squeeze-the-worlds-oil,20260922T000000Z,10news.com,English,United States,refinery,D3_인프라,2026-09-22,"[""CF_CrudeOil""]",1,MEDIUM,Global oil supply,5_EconFinance
5d1233e598ace282dfd851284adae97e,US eyes $5B fund to rebuild Gulf energy sites hit in war against Iran : Report,https://aa.com.tr/en/americas/us-eyes-5b-fund-to-rebuild-gulf-energy-sites-hit-in-war-against-iran-report/4063819,20260922T000000Z,aa.com.tr,English,Turkey,tanker,D4_운송,2026-09-22,[],0,MEDIUM,Gulf energy infrastructure,10_OtherIndustry
fb782127f84cf3f83d08c69220762958,"Trading Day : Oil slips , Nasdaq rips",https://www.aol.com/articles/trading-day-oil-slips-nasdaq-211035000.html,20260922T221500Z,aol.com,English,United States,Korean won,D9_한국,2026-09-22,"[""CF_CrudeOil""]",1,LOW,Oil price movement,
e8d1e6bb8aa347dd3cad3051a3b485fb,"Insider Selling : Tsakos Energy Navigation ( NYSE : TEN ) CFO Sells $530 , 000 . 00 in Stock",https://www.themarketsdaily.com/2026/09/22/insider-selling-tsakos-energy-navigation-nyseten-cfo-sells-530000-00-in-stock.html,20260922T214500Z,themarketsdaily.com,English,United States,fleet,D4_운송,2026-09-22,[],0,LOW,Shipping company,
167bdc3325483a1245fd9f4418ba57fe,Wheat Starting off Monday with Gains,https://finance.yahoo.com/markets/commodities/articles/wheat-starting-off-monday-gains-123520805.html,20260922T211500Z,finance.yahoo.com,English,United States,wheat,D2_품목,2026-09-22,"[""CF_Wheat""]",1,LOW,Wheat prices,
d0cb6064dd3a8ffe7b2675e92722f2d2,"PIA board approves leasing five Boeing aircraft for European , united kingdom operations",https://arynews.tv/pia-board-approves-leasing-five-boeing-aircraft-for-european-uk-operations,20260922T210000Z,arynews.tv,English,Pakistan,carrier,D4_운송,2026-09-22,"[""SS_USA""]",1,LOW,Airline fleet,
cd31f6fa5399c5e52a564fcbdbcb16b9,Authorities in Leicestershire take first major step to fight against city expansion plans,https://www.leicestermercury.co.uk/news/local-news/authorities-leicestershire-take-first-major-11166743,20260922T201500Z,leicestermercury.co.uk,English,United Kingdom,delay,D6_교란행위,2026-09-22,"[""POL_GrainReserve""]",1,LOW,,
2eaf4ebb06552a71f7c8c694e51f2394,"At a Missouri plant , more than 2 , 800 shredded wind turbine blades have replaced coal and mined silica inside cement kilns , and the glass fiber locked into every blade ends up sealed into the cement for good",https://www.ecoportal.net/en/turbine-blades-missouri-plant-800-shredded/38857/,20260922T201500Z,ecoportal.net,English,United States,fleet,D4_운송,2026-09-22,"[""BP_CapeRoute"", ""CF_Coal""]",2,LOW,,
904163c83f016ed1908b23c8fb062061,Mali challenges force Resolute Mining to cut Syama outlook - Canadian Mining Journal,https://www.canadianminingjournal.com/news/mali-challenges-force-resolute-mining-to-cut-syama-outlook/,20260922T201500Z,canadianminingjournal.com,English,Canada,fleet,D4_운송,2026-09-22,[],0,LOW,Mining operations,
7403dbd9a389001d733d3210686bb3d3,Beat the Switch 2 storage crisis with this $99 512GB microSD Express card Amazon deal slashes 33 % off high - performance Samsung P9,https://www.tomshardware.com/pc-components/microsd-cards/beat-the-switch-2-storage-crisis-with-this-usd99-512gb-microsd-express-card-amazon-deal-slashes-33-percent-off-high-performance-samsung-p9,20260922T201500Z,tomshardware.com,English,United States,shortage,D6_교란행위,2026-09-22,"[""KC_SamsungHeavy""]",1,LOW,Samsung microSD card sale,
096f10c93691ae93b7046719031c2dac,Pasadena ISD cancels vote that would have quadrupled some employee healthcare premiums – Houston Public Media,https://www.houstonpublicmedia.org/articles/education/2026/09/22/562461/pasadena-isd-cancels-vote-that-would-have-quadrupled-some-employee-healthcare-premiums/,20260922T201500Z,houstonpublicmedia.org,English,United States,wheat,D2_품목,2026-09-22,"[""FP_USGulf""]",1,LOW,Insurance policy,
aa334549e5c234fa9e882c3781a8e39f,"Bitcoin Retains $86 , 000 as Trump Pledges US - Iran Deal After Midterms",https://cointelegraph.com/markets/bitcoin-price-seeks-86k-as-new-support-after-oil-dips-below-90,20260922T200000Z,cointelegraph.com,English,China,crude oil,D2_품목,2026-09-22,[],0,LOW,,
96f62cd9e0daa54ea5c481e454d9baf0,"Canada leaving billions on the table by not processing more crops at home , new agri - food study says",https://www.cbc.ca/news/canada/saskatchewan/canada-losing-billions-not-processing-crops-home-study-9.7353597,20260922T194500Z,cbc.ca,English,Canada,shortage,D6_교란행위,2026-09-22,"[""KS_FoodAgri""]",1,LOW,Grain processing,
faf4db5265f5dd5240c87f295b1ad832,Displacement on the rise in Yemen as fighting continues,https://www.globalissues.org/news/2026/09/22/44112,20260922T194500Z,globalissues.org,English,United States,Houthi,D7_행위자,2026-09-22,"[""EVT_RedSea2023""]",1,LOW,Yemen displacement,
1bd5e222d23d2a92d7ad7d29344402f7,Ontario farmers looking for help amid record diesel costs,https://www.cp24.com/news/canada/2026/09/22/ontario-farmers-looking-for-help-amid-record-diesel-costs/,20260922T194500Z,cp24.com,English,Canada,crude oil,D2_품목,2026-09-22,[],0,LOW,Diesel cost impact,
08b457f947ece22c268ab0ae0b640ee9,Gluten - free flour and pizza mix recalled over hidden wheat risk,https://www.10news.com/life/recalls/gluten-free-flour-and-pizza-mix-recalled-over-hidden-wheat-risk,20260922T194500Z,10news.com,English,United States,wheat,D2_품목,2026-09-22,"[""CF_Wheat"", ""KC_DaehanFlour""]",2,LOW,,
6bd6968d428b05ae725f769a222a4a3a,"Exclusive - US ties Sudanese army leader UN visa to ceasefire plan , sources say",https://www.internazionale.it/ultime-notizie-reuters/2026/09/22/exclusive-us-withholding-sudanese-leader-s-visa-over-ceasefire-plan-sources-say,20260922T194500Z,internazionale.it,English,Italy,embargo,D6_교란행위,2026-09-22,[],0,LOW,Sudan ceasefire,
5c8cd8d874c2ed9436d34d120065a821,"A Useless Attack On Yemen , Ordered By Trump , Was Called Off – Moon of Alabama",https://www.moonofalabama.org/2026/09/trump-called-off-a-useless-attack-on-yemen.html/comment-page-3,20260922T193000Z,moonofalabama.org,English,Syria,Houthi,D7_행위자,2026-09-22,"[""EVT_RedSea2023""]",1,LOW,,
069821b7e0ae3589d8f33e9d3f10a695,RAF Voyager to provide air - to - air refuelling support for Saudi Arabia,https://www.flightglobal.com/defence/2026/09/raf-voyager-to-provide-air-to-air-refuelling-support-for-saudi-arabia/,20260922T193000Z,flightglobal.com,English,United States,tanker,D4_운송,2026-09-22,"[""SS_SaudiArabia"", ""KC_KoreanAir""]",2,LOW,RAF military support,
eec36b6553ed2cc41603267a3e1bce5f,California farmers struggle to sell grapes as demand for wine drops,https://www.adn.com/business-economy/2026/09/22/california-farmers-struggle-to-sell-grapes-as-demand-for-wine-drops/,20260922T184500Z,adn.com,English,United States,container,D2_품목,2026-09-22,[],0,LOW,Wine demand,
7b5537b8b54a6034d2d6195f9e264913,"Investigation into why power went out affecting 5 , 000 people on Manchester trains",https://www.manchestereveningnews.co.uk/news/greater-manchester-news/investigation-power-went-out-affecting-34655174,20260922T184500Z,manchestereveningnews.co.uk,English,United Kingdom,congestion,D6_교란행위,2026-09-22,"[""KC_KOMIPO""]",1,LOW,Power outage incident,
122ae29aac72e21ffa8157ae091bd11f,Iran recruiting boys as young as 12 to train for  self sacrifice  brigades,https://nypost.com/2026/09/22/world-news/iran-recruiting-boys-as-young-as-12-to-train-for-self-sacrifice-brigades/,20260922T183000Z,nypost.com,English,United States,shortage,D6_교란행위,2026-09-22,[],0,LOW,Iran military,
5a0c1e5a1c00a0f05f649fc42195e309,Mali setbacks force Resolute to cut Syama outlook,https://www.northernminer.com/news/mali-setbacks-force-resolute-to-cut-syama-outlook/1003895022/,20260922T181500Z,northernminer.com,English,Canada,fleet,D4_운송,2026-09-22,[],0,LOW,Mining operations,
623836b39c105a5c31ca6cc52d74fb10,"Nifty falls 85 points , Sensex slips 330 points as IT stocks drag markets , easing crude limits losses",http://www.milwaukeesun.com/news/279323916/nifty-falls-85-points-sensex-slips-330-points-as-it-stocks-drag-markets-easing-crude-limits-losses,20260922T181500Z,milwaukeesun.com,English,United States,crude oil,D2_품목,2026-09-22,"[""SS_Iran""]",1,LOW,Stock market decline,
9ed8e6cf6d1e8175f2e088e04fef7cf1,"Gluten - free flour , bread and pizza mixes recalled nationwide",https://local12.com/news/nation-world/recall-recalls-gluten-free-flour-bread-pizza-mix-recalled-undeclared-wheat-recalling-cincinnati-truly-aip,20260922T181500Z,local12.com,English,United States,wheat,D2_품목,2026-09-22,"[""KC_DaehanFlour""]",1,LOW,Food recall,
6d233ec19df98c0ca8366a5b90297921,Air Force recovers drone pulled from Gulf of Mexico by Florida fishing charter,https://wjla.com/news/nation-world/air-force-drone-gulf-of-mexico-america-florida-fishing-charter-fish-hotspots-charter,20260922T181500Z,wjla.com,English,United States,US Navy,D7_행위자,2026-09-22,"[""FP_USGulf"", ""KC_KoreanAir""]",2,LOW,,
5c22fc73eafe39c8ec9e61a6e438aa49,Paradise and AK 47 Get Good Theatrical Window Now ! ,https://www.gulte.com/movienews/433131/paradise-and-ak-47-get-good-theatrical-window-now,20260922T180000Z,gulte.com,English,India,delay,D6_교란행위,2026-09-22,"[""BP_CapeRoute""]",1,LOW,,
df7891dbf5a247bf2cd65885b8046dbb,Cape Breton container port proponent shifts focus to offshore wind development – Winnipeg Free Press,https://www.winnipegfreepress.com/business/2026/09/22/cape-breton-container-port-proponent-shifts-focus-to-offshore-wind-development,20260922T180000Z,winnipegfreepress.com,English,Canada,container,D2_품목,2026-09-22,"[""KC_HDC"", ""BP_MagellanRoute""]",2,LOW,Port development,
8149212d0f0c5df23cf9681f1c763008,T - Mobile and Verizon are both running excellent Samsung Galaxy Z Fold 8 deals but which offer is best ? ,https://www.androidcentral.com/phones/samsung-galaxy/samsung-galaxy-z-fold-8-t-mobile-deal-vs-verizon-deal-which-is-best-9-2026,20260922T180000Z,androidcentral.com,English,China,carrier,D4_운송,2026-09-22,"[""KC_SamsungHeavy""]",1,LOW,Corporate promotion,
429d7995002b689301826eb19758f1ac,Russia reports diplomatic talks on Turkey Black Sea grain plan | Hellenic Shipping News Worldwide,https://www.hellenicshippingnews.com/russia-reports-diplomatic-talks-on-turkeys-black-sea-grain-plan/,20260922T180000Z,hellenicshippingnews.com,English,China,fertilizer,D2_품목,2026-09-22,"[""CP_BlackSea"", ""POL_GrainReserve""]",2,LOW,Black Sea grain diplomacy,
346135f96eb384c148f9295c940ed7f5,Government must address airport cargo delays – Freight Forwarders,http://www.businessghana.com/site/news/Business/356505/Government-must-address-airport-cargo-delays-%E2%80%93-Freight-Forwarders,20260922T180000Z,businessghana.com,English,,freight,D4_운송,2026-09-22,"[""KS_Shipping""]",1,LOW,Airport cargo delays,
d5d8427164cc75a56fac116a9d524631,"Foreign Ministers of Saudi Arabia , Arab and Islamic Countries Meet on UNGA Sidelines",https://english.aawsat.com/gulf/5321222-foreign-ministers-saudi-arabia-arab-and-islamic-countries-meet-unga-sidelines,20260922T163000Z,english.aawsat.com,English,Syria,delay,D6_교란행위,2026-09-22,"[""SS_SaudiArabia""]",1,LOW,Saudi diplomacy,
afd3e2f08a42122ff6c85f3254a14d5c,Why are the Houthis fighting for Yemen Kahboub Mountains ? | Houthis News,https://www.aljazeera.com/news/2026/9/22/why-are-the-houthis-fighting-for-yemens-kahboub-mountains,20260922T163000Z,aljazeera.com,English,United States,Houthi,D7_행위자,2026-09-22,"[""EVT_RedSea2023""]",1,LOW,Yemen conflict background,
a53cb630bb336c1b46c25de41977f27d,Diesel prices seen declining up to P8 next week - BusinessWorld Online,https://bworldonline.com/economy/2026/09/22/780546/diesel-prices-seen-declining-up-to-p8-next-week/,20260922T163000Z,bworldonline.com,English,Philippines,crude oil,D2_품목,2026-09-22,[],0,LOW,Diesel price forecast,
4dd2b974edcb2440ea56ed992f4d0792,"India , Opec discuss oil market stability , seek closer energy ties",https://www.livemint.com/industry/energy/india-opec-discuss-oil-market-stability-and-energy-security-11790084268850.html,20260922T163000Z,livemint.com,English,India,crude oil,D2_품목,2026-09-22,"[""CF_CrudeOil""]",1,LOW,India-OPEC energy talks,
c1e36b5d35babdb8526cf5ca647a5726,"India will source oil from wherever it is available , economically viable : FM Sitharaman",https://www.moneycontrol.com/news/business/economy/india-will-source-oil-from-wherever-it-is-available-economically-viable-fm-sitharaman-14035744.html,20260922T163000Z,moneycontrol.com,English,India,crude oil,D2_품목,2026-09-22,"[""CF_CrudeOil""]",1,LOW,India oil sourcing,
bae9b61248c40f9bd39af2aba737dbd9,5 household essentials will cost more this winter due to war and weather,https://www.dailypost.co.uk/news/uk-world-news/5-household-essentials-cost-more-34655449,20260922T163000Z,dailypost.co.uk,English,United Kingdom,wheat,D2_품목,2026-09-22,[],0,LOW,,
d346be4ac74e63ee7110165cff454b2c,Kyrgyzstan set to purchase new US-based Wabtec freight locomotives,https://www.trend.az/casia/kyrgyzstan/4226720.html,20260922T163000Z,trend.az,English,,freight,D4_운송,2026-09-22,"[""KS_Shipping""]",1,LOW,Kyrgyzstan locomotives,
0adcde7108925165e00a8a80d5076ff3,Abinader outlines sovereign wealth fund plan from futuristic rare earth mining revenues,https://dr1.com/forums/threads/abinader-outlines-sovereign-wealth-fund-plan-from-futuristic-rare-earth-mining-revenues.419841/,20260922T163000Z,dr1.com,English,,rare earth,D2_품목,2026-09-22,"[""CF_RareEarth""]",1,LOW,Rare earth mining,
9bc079375a5c04c276cc61fcc5096e41,Why Teekay Tankers Stock Dropped Today,https://finance.yahoo.com/markets/stocks/articles/why-teekay-tankers-stock-dropped-152219144.html,20260922T160000Z,finance.yahoo.com,English,United States,carrier,D4_운송,2026-09-22,"[""VT_Tanker""]",1,LOW,Tanker company,
125bc04e7d2ce59bf73f4c0d73765273,EXCLUSIVE : Texas Plants First Rare - Earth Mining District In Hudspeth County,https://dailycaller.com/2026/09/22/texas-rare-earth-mining-district-dawn-buckingham-hudspeth-county/,20260922T160000Z,dailycaller.com,English,United States,critical minerals,D2_품목,2026-09-22,"[""CF_RareEarth""]",1,LOW,,
321618cf7c6f3e9e3fffb3979f06ed21,WATCH LIVE : Trump addresses 2026 United Nations General Assembly,https://www.pbs.org/newshour/world/watch-live-trump-addresses-2026-united-nations-general-assembly,20260922T154500Z,pbs.org,English,United States,Houthi,D7_행위자,2026-09-22,"[""SS_USA""]",1,LOW,UN address,
80c67ea8b6c2537f34849d6360051ce8,Mozambique : Chapo Invites Brazilian Companies to Invest in Gas Sector,https://allafrica.com/stories/202609220351.html,20260922T154500Z,allafrica.com,English,Nigeria,fertilizer,D2_품목,2026-09-22,"[""KS_Construction""]",1,LOW,,
3ce68a5c12038ecf13ba09637099b80c,"Houthis try to push deeper into western Yemen , upending life , witnesses tell NPR",https://www.houstonpublicmedia.org/npr/2026/09/22/g-s1-144261/houthis-try-to-push-deeper-into-western-yemen-upending-life-witnesses-tell-npr/,20260922T153000Z,houstonpublicmedia.org,English,United States,Houthi,D7_행위자,2026-09-22,"[""EVT_RedSea2023""]",1,LOW,,
c0309123ec206eeb407e3dc9a4e9f6d1,MARKET ANALYSIS : OCC continues to climb as paper sector braces for haulage hikes,https://www.letsrecycle.com/news/market-analysis-occ-continues-to-climb-as-paper-sector-braces-for-haulage-hikes/,20260922T153000Z,letsrecycle.com,English,United Kingdom,container,D2_품목,2026-09-22,"[""KS_Construction""]",1,LOW,Paper sector costs,
0b1006a6230c54eafe0dacb1b49fe042,Bridge Green Upcycle signs $1 billion deal for lithium carbonate supply,https://www.thehindubusinessline.com/companies/bridge-green-upcycle-signs-1-billion-deal-for-lithium-carbonate-supply/article71495867.ece,20260922T153000Z,thehindubusinessline.com,English,India,critical minerals,D2_품목,2026-09-22,[],0,LOW,Lithium supply,
b4e82d94cefe5b5a813a4a64d381083c,India - Chile FTA talks enter final stage ; pact targeted by year - end,https://www.thehindubusinessline.com/economy/india-chile-fta-talks-enter-final-stage-pact-targeted-by-year-end/article71494065.ece,20260922T153000Z,thehindubusinessline.com,English,India,critical minerals,D2_품목,2026-09-22,[],0,LOW,Trade agreement,
38ec3a838c4b1bd6237f70a1152acd98,"Critical Metals Drops 6% as Greenland Surge Meets Profit Taking; USA Rare Earth Slips, MP Materials Eases",https://finance.yahoo.com/markets/stocks/articles/critical-metals-drops-6-greenland-145701838.html,20260922T153000Z,yahoo.com,English,,rare earth,D2_품목,2026-09-22,"[""CF_RareEarth"", ""SS_USA""]",2,LOW,Rare earth stocks,
be801d4d7a95719438f2d73b246175fd,Texas Land Commissioner Buckingham Advances Texas's First Rare Earth Mining District After Announcing New Mineral Lease – The Gilmer Mirror,https://www.gilmermirror.com/2026/09/22/texas-land-commissioner-buckingham-advances-texass-first-rare-earth-mining-district-after-announcing-new-mineral-lease/,20260922T153000Z,gilmermirror.com,English,,rare earth,D2_품목,2026-09-22,"[""CF_RareEarth""]",1,LOW,US rare earth mining,
0f40b6e0838a9c078ef04109483a365a,Dairy farmers told to rethink fodder as milk shortage bites amid  drought  ,https://www.standardmedia.co.ke/smart-harvest/article/2001558394/dairy-farmers-told-to-rethink-fodder-as-milk-shortage-bites-amid-drought,20260922T144500Z,standardmedia.co.ke,English,Kenya,shortage,D6_교란행위,2026-09-22,[],0,LOW,Dairy fodder shortage,
8b3dfcb41c99e4a2eaa41822c5d65b6a,Sharjah Airport Authority delegation participates in Passenger Terminal Expo Asia 2026,http://www.bruneinews.net/news/279323439/sharjah-airport-authority-delegation-participates-in-passenger-terminal-expo-asia-2026,20260922T144500Z,bruneinews.net,English,Malaysia,terminal,D3_인프라,2026-09-22,"[""KP_Tongyeong""]",1,LOW,LNG infrastructure,
c90c2da7d7358c84eedaac7f5f2c69bb,World leaders face delays after FAA facility suffers communications failure,https://www.10news.com/life/travel/world-leaders-face-delays-after-faa-facility-suffers-communications-failure,20260922T144500Z,10news.com,English,United States,reroute,D6_교란행위,2026-09-22,[],0,LOW,,
8593b3e3be6c2becf6d21bd4d122c14d,"UN gathering a chance to renew talks between Tehran and U . S ., Iranian official says",https://www.theglobeandmail.com/world/article-iran-us-talks-strait-of-hormuz-un-trump-pezeshkian/,20260922T143000Z,theglobeandmail.com,English,Canada,Houthi,D7_행위자,2026-09-22,[],0,LOW,Iran-US talks,
0e574ff58521743d6057ddc33b16856e,Taiwan-donated patrol vessel handed to Philippine Coast Guard: Source,https://focustaiwan.tw/politics/202609220026,20260922T141500Z,focustaiwan.tw,English,,vessel,D4_운송,2026-09-22,"[""VT_Reefer""]",1,LOW,Patrol vessel transfer,
8a33977ee3d251337584efc8a043f4cc,California farmers are struggling to sell grapes as demand for wine drops – Winnipeg Free Press,https://www.winnipegfreepress.com/arts-and-life/life/2026/09/22/california-farmers-are-struggling-to-sell-grapes-as-demand-for-wine-drops,20260922T140000Z,winnipegfreepress.com,English,Canada,container,D2_품목,2026-09-22,[],0,LOW,Wine demand,
460d34702104f2dee983706a559eed06,Libya oil production hit after armed group shuts pipeline valve,https://www.africanews.com/2026/09/22/libya-oil-production-hit-after-armed-group-shuts-pipeline-valve/,20260922T140000Z,africanews.com,English,,pipeline,D3_인프라,2026-09-22,"[""CF_CrudeOil""]",1,LOW,Libya oil disruption,
4231f07aa5c036c349edae3fbb2b6fe4,Sustained AI demand supports China's strong export growth | Hellenic Shipping News Worldwide,https://www.hellenicshippingnews.com/sustained-ai-demand-supports-chinas-strong-export-growth/,20260922T134500Z,hellenicshippingnews.com,English,,shipping,D4_운송,2026-09-22,[],0,LOW,China export growth,
115f3844caf071ea88ccee0002ea9234,Asia stocks erase early tech-driven gains; Trump-Xi meeting eyed | Hellenic Shipping News Worldwide,https://www.hellenicshippingnews.com/asia-stocks-erase-early-tech-driven-gains-trump-xi-meeting-eyed/,20260922T134500Z,hellenicshippingnews.com,English,,shipping,D4_운송,2026-09-22,[],0,LOW,Asia stock markets,
037551e73f7b3d3a92f11a0c561e1a67,"ZEEKR 9X Carrier Vessel Docks at Fuzhou Port, Set to Depart for UAE on Sept. 22",https://autonews.gasgoo.com/articles/ev/zeekr-9x-carrier-vessel-docks-at-fuzhou-port-set-to-depart-for-uae-on-sept-22-2102376237531348993,20260922T131500Z,gasgoo.com,English,,vessel,D4_운송,2026-09-22,"[""VT_LNG"", ""VT_Reefer"", ""SS_UAE""]",3,LOW,Port docking,
dfe8662b68ec8efc22f027516d3e3aca,Xu Jian: Mainline Freight Faces Dual Pressure of Cost and Safety; Large-Scale Autonomous Driving Seen as Hope | 2026 TEDA Forum,https://autonews.gasgoo.com/articles/news/xu-jian-mainline-freight-faces-dual-pressure-of-cost-and-safety-large-scale-autonomous-driving-seen-as-hope-2026-teda-forum-2102062486038974465,20260922T131500Z,gasgoo.com,English,,freight,D4_운송,2026-09-22,"[""KS_Shipping"", ""BP_CapeRoute""]",2,LOW,Autonomous freight trucks,
572c09ab995e243932fa440d54a9c115,Barantin flags off 30 tons of Maluku fishery commodities for export,https://en.antaranews.com/news/432297/barantin-flags-off-30-tons-of-maluku-fishery-commodities-for-export,20260922T131500Z,antaranews.com,English,,fishery,D8_수산물,2026-09-22,[],0,LOW,Fishery export,
263a998ecf5fcea4b186fc493bfeba75,China rare earth exports to US fall ahead of summit,https://www.miningmx.com/trending/67438-china-rare-earth-exports-to-us-fall-ahead-of-summit/,20260922T130000Z,miningmx.com,English,,rare earth,D2_품목,2026-09-22,"[""CF_RareEarth""]",1,LOW,China rare earth exports,
40b823531b6c1ca235c406ebc2bcf963,LNG Bunker Snapshot: Rotterdam price retreats on weaker TTF | Hellenic Shipping News Worldwide,https://www.hellenicshippingnews.com/lng-bunker-snapshot-rotterdam-price-retreats-on-weaker-ttf/,20260922T121500Z,hellenicshippingnews.com,English,,shipping,D4_운송,2026-09-22,"[""FP_Rotterdam"", ""CF_LNG""]",2,LOW,LNG pricing,
6750a1b8ac4fc6ccfc21e9a3c823afc1,"Bidding Announcement of 79496.30t Bulk Carrier ""XING SHAN"" | Hellenic Shipping News Worldwide",https://www.hellenicshippingnews.com/bidding-announcement-of-79496-30t-bulk-carrier-xing-shan/,20260922T121500Z,hellenicshippingnews.com,English,,shipping,D4_운송,2026-09-22,"[""VT_LNG""]",1,LOW,Vessel auction,
8c36a1b33212e2b05aaada11f6b3bace,Your Sanctions Audit Trail Has to Survive a Ten-Year Lookback | Hellenic Shipping News Worldwide,https://www.hellenicshippingnews.com/your-sanctions-audit-trail-has-to-survive-a-ten-year-lookback/,20260922T121500Z,hellenicshippingnews.com,English,,shipping,D4_운송,2026-09-22,[],0,LOW,Sanctions compliance,
45ca6486b69cbcc4f248a1c8f33bd058,Copper Extends Rally to Sixth Session | Hellenic Shipping News Worldwide,https://www.hellenicshippingnews.com/copper-extends-rally-to-sixth-session/,20260922T121500Z,hellenicshippingnews.com,English,,shipping,D4_운송,2026-09-22,"[""CF_IronOre""]",1,LOW,Copper rally,
10ff9e64aad1361988c9ee8cc937a1fe,Brussels to keep ban on Arctic oil and gas drilling despite Norwegian pressure | Hellenic Shipping News Worldwide,https://www.hellenicshippingnews.com/brussels-to-keep-ban-on-arctic-oil-and-gas-drilling-despite-norwegian-pressure/,20260922T121500Z,hellenicshippingnews.com,English,,shipping,D4_운송,2026-09-22,"[""CF_CrudeOil""]",1,LOW,Arctic drilling ban,
b4bc4c6459561a95b1120d9489132a62,European Gas Prices Rise After Sharp Drop | Hellenic Shipping News Worldwide,https://www.hellenicshippingnews.com/european-gas-prices-rise-after-sharp-drop/,20260922T121500Z,hellenicshippingnews.com,English,,shipping,D4_운송,2026-09-22,[],0,LOW,European gas prices,
77c5ca321fc85c7fa4ba157915c0bdf4,Marine Stewardship Council (MSC) Announces Judging Panel for Inaugural Sustainable Seafood Awards,https://perishablenews.com/seafood/marine-stewardship-council-msc-announces-judging-panel-for-inaugural-sustainable-seafood-awards/,20260922T121500Z,perishablenews.com,English,,seafood,D8_수산물,2026-09-22,"[""KC_Changkum""]",1,LOW,,
8b5bc19f1333d646b91064f3582a3bb5,A.P. Moller-Maersk (OTCMKTS:AMKBY) Upgraded to Strong-Buy at Fearnley Fonds,https://www.tickerreport.com/banking-finance/13591670/a-p-moller-maersk-otcmktsamkby-upgraded-to-strong-buy-at-fearnley-fonds.html,20260922T121500Z,tickerreport.com,English,,Maersk,D7_행위자,2026-09-22,[],0,LOW,Maersk stock rating,
26ef8c540dc0f06af54aa23a998fb1f2,Jiangnan Shipyard Delivers LPG Dual-Fuel Vessel to EPS,https://shipandbunker.com/news/apac/648187-jiangnan-shipyard-delivers-lpg-dual-fuel-vessel-to-eps,20260922T113000Z,shipandbunker.com,English,,vessel,D4_운송,2026-09-22,"[""VT_Reefer"", ""CF_LNG""]",2,LOW,Shipyard delivery,
cfb016d45f043d06378b629c6409240b,Corendon Airlines axes all flights to 3 united kingdom airports in 2027,https://www.thenorthernecho.co.uk/news/26570912.corendon-airlines-axes-flights-3-uk-airports-2027/,20260922T110000Z,thenorthernecho.co.uk,English,United Kingdom,carrier,D4_운송,2026-09-22,"[""SS_USA""]",1,LOW,Airline routes,
b9db4dd138fc7f69da15809c2a77524e,Salhouse school expansion recommended for green light,https://www.edp24.co.uk/news/26570055.salhouse-school-expansion-recommended-green-light/,20260922T110000Z,edp24.co.uk,English,United Kingdom,congestion,D6_교란행위,2026-09-22,"[""POL_GrainReserve""]",1,LOW,Grain reserve policy,
25b61fd9895fbec8896ef72866fb7585,5 Valuable Copper Coins That Could Be Worth Thousands,https://www.aol.com/articles/5-copper-coins-could-worth-113009000.html,20260922T110000Z,aol.com,English,United States,wheat,D2_품목,2026-09-22,"[""CF_IronOre""]",1,LOW,Collectible coins,
8f01da2de619fdfa340b11d877151d2b,"3 dead , 4 missing after fishing boat capsizes off Thailand",http://www.thailandnews.net/news/279322852/3-dead-4-missing-after-fishing-boat-capsizes-off-thailand,20260922T110000Z,thailandnews.net,English,Thailand,fishing vessel,D8_수산물,2026-09-22,[],0,LOW,Fishing accident,
f03c0db9b4ffc8aef34743dc63c1da2c,China Petroleum Wins $40.84 Million Sri Lanka Fuel Pipeline Contract,https://slguardian.org/china-petroleum-wins-40-84-million-sri-lanka-fuel-pipeline-contract/,20260922T104500Z,slguardian.org,English,,pipeline,D3_인프라,2026-09-22,"[""CF_CrudeOil""]",1,LOW,,
1b868fd52bcd46a5b17aaa40f1ceef0e,"TAPI Gas Pipeline to Start Supplying Afghanistan in 2027, Turkmenistan Says",https://www.khaama.com/tapi-gas-pipeline-to-start-supplying-afghanistan-in-2027-turkmenistan-says/,20260922T101500Z,khaama.com,English,,pipeline,D3_인프라,2026-09-22,[],0,LOW,,
ec7417657056e6c9095a3389b669353e,Bryan calls for urgent Washington meeting on BVI charter vessel rules,https://www.virginislandsdailynews.com/news/bryan-calls-for-urgent-washington-meeting-on-bvi-charter-vessel-rules/article_d3c085d5-5910-475b-ad83-06b93fbc583f.html,20260922T100000Z,virginislandsdailynews.com,English,,vessel,D4_운송,2026-09-22,"[""VT_Reefer""]",1,LOW,Charter vessel rules,
0873c6a5961bfc835b2d4fa1be344716,Hanmi Semiconductor ships first FC Bonder 75 for 2.5D packaging,https://www.digitimes.com/news/a20260922PD231/hanmi-packaging-equipment-hbm-osat.html,20260922T094500Z,digitimes.com,English,,semiconductor,D2_품목,2026-09-22,[],0,LOW,Hanmi Semiconductor packaging,
3303e0d76b3559d1f699c144e60a89b3,Simplification will be key to making a success of European rail freight,https://www.railwaygazette.com/freight/2026/09/22/simplification-will-be-key-to-making-a-success-of-european-rail-freight/,20260922T093000Z,railwaygazette.com,English,,freight,D4_운송,2026-09-22,"[""KS_Shipping""]",1,LOW,European rail freight,
45acf2b14a61668bbc8e43eaee45bb2c,Karachi Port's shipping connectivity index reaches record high,https://www.radio.gov.pk/22-09-2026/karachi-port-connectivity-index-reaches-record-343,20260922T091500Z,radio.gov.pk,English,,shipping,D4_운송,2026-09-22,[],0,LOW,Karachi port index,
9294425a03e7bcc356c4af534dc07e08,"The Responsible Seafood Summit: Tariff 'mission creep', finfish names to watch, and the 'Godzilla' El Niño",https://www.intrafish.com/events/the-responsible-seafood-summit-tariff-mission-creep-finfish-names-to-watch-and-the-godzilla-el-ni-o/2-1-2046226,20260922T091500Z,intrafish.com,English,,seafood,D8_수산물,2026-09-22,[],0,LOW,,
aa352c9e62546ded03ad02f29e8ec796,Seafood M&A faces uncertain outlook despite late-summer deal flurry,https://www.intrafish.com/markets/seafood-m-a-faces-uncertain-outlook-despite-late-summer-deal-flurry/2-1-2039115,20260922T091500Z,intrafish.com,English,,seafood,D8_수산물,2026-09-22,[],0,LOW,,
084b46d3378487ce4510cf204a91c91f,Walmart: This whitefish has the makings of seafood's answer to chicken,https://www.intrafish.com/whitefish/walmart-this-whitefish-has-the-makings-of-seafoods-answer-to-chicken/2-1-2046963,20260922T091500Z,intrafish.com,English,,seafood,D8_수산물,2026-09-22,[],0,LOW,,
d98daa00be905d9555b9719f32715307,MEED | Consultants submit Oxagon freight rail interest,https://www.meed.com:443/consultants-submit-oxagon-freight-rail-interest,20260922T090000Z,meed.com,English,,freight,D4_운송,2026-09-22,"[""KS_Shipping""]",1,LOW,,
8e5056e35259ad544dcefa779d3fd170,"Liberian Registry , China Deepen Maritime Safety Cooperation",https://www.liberianobserver.com/news/liberian-registry-china-deepen-maritime-safety-cooperation/article_79a5c6e4-35b8-4e1e-b7a6-ef389224e59c.html,20260922T084500Z,liberianobserver.com,English,Liberia,fleet,D4_운송,2026-09-22,[],0,LOW,,
ba3648f0114269cc10f17a233524ce69,Nine items united kingdom households urged to stockpile as Ministers release statement update,https://www.hulldailymail.co.uk/news/uk-world-news/nine-items-uk-households-urged-11165692,20260922T084500Z,hulldailymail.co.uk,English,United Kingdom,shortage,D6_교란행위,2026-09-22,"[""POL_UreaStockpile"", ""SS_USA""]",2,LOW,,
f3aa675ca3e1a35c6ce643fade91310d,"Trump returns to UN at moment of anxiety about Iran , AI and world body future",https://www.wsbradio.com/news/world/trump-returns-un/RX6UZAKIOQZBTJDKYM3RRWJBWU/,20260922T084500Z,wsbradio.com,English,United States,Houthi,D7_행위자,2026-09-22,[],0,LOW,UN geopolitics,
0f0a839cca2690f0abc5a393bbf878b9,Alpha Gas completes dry - docking of LNG carrier Energy Intelligence,https://www.inewsgr.com/3/Alpha-Gas-completes-dry-docking-of-LNG-carrier-Energy-Intelligence.htm,20260922T084500Z,inewsgr.com,English,Greece,carrier,D4_운송,2026-09-22,"[""VT_LNG"", ""CF_LNG""]",2,LOW,LNG carrier maintenance,
371822c832ea19a1e6067ddaf83d7e9c,Indonesia repaints carrier vessel Giuseppe Garibaldi ahead of handover,https://en.antaranews.com/news/432240/indonesia-repaints-carrier-vessel-giuseppe-garibaldi-ahead-of-handover,20260922T084500Z,en.antaranews.com,English,Indonesia,carrier,D4_운송,2026-09-22,"[""VT_LNG"", ""VT_Reefer""]",2,LOW,Vessel handover,
3c45134b6af37dfc7e16f727b063df13,mpa rescues 25 crew from container vessel off vietnam coast,https://www.straitstimes.com/singapore/mpa-coordinates-rescue-of-25-crew-members-from-container-vessel-off-vietnams-coast,20260922T083000Z,straitstimes.com,English,,vessel,D4_운송,2026-09-22,"[""VT_Container"", ""VT_Reefer""]",2,LOW,Crew rescue,
85ac4f8272650200c84bca83db9b5838,GSA day 1 recap: Farmed shrimp markup at US retail soars; Thailand now Norway's second-largest salmonid market in Asia,https://www.undercurrentnews.com/2026/09/22/gsa-day-1-recap-farmed-shrimp-markup-at-us-retail-soars-thailand-now-norways-second-largest-salmonid-market-in-asia/,20260922T083000Z,undercurrentnews.com,English,,shrimp,D8_수산물,2026-09-22,[],0,LOW,Shrimp retail markup,
9d7dfe8e08b2654d391adf83caa488c7,Daily recap: Live from GSA & Shrimp Summit 2026; China imported salmon prices soar,https://www.undercurrentnews.com/2026/09/22/daily-recap-live-from-gsa-china-imported-salmon-prices-soar/,20260922T083000Z,undercurrentnews.com,English,,shrimp,D8_수산물,2026-09-22,[],0,LOW,Salmon import prices,
797e849a3927b97a37514381aedff00d,Singapore coordinates rescue of 25 crew from container ship Hermes III in South China Sea,https://www.asiaone.com:443/singapore/singapore-coordinates-rescue-hermes-container-ship-mpa,20260922T083000Z,asiaone.com,English,,container ship,D4_운송,2026-09-22,"[""VT_Container""]",1,LOW,Vessel rescue operation,
1f28dec3b6fbcb1d131497b8240e768a,South Korea eyes broader cooperation with Turkmenistan beyond energy,https://www.trend.az/casia/turkmenistan/4226478.html,20260922T081500Z,trend.az,English,,South Korea,D9_한국,2026-09-22,[],0,LOW,Korea-Turkmenistan cooperation,
d2452c240f38e224edf76c142fd73744,Singapore maritime authority probes collision involving bulk carrier and Chinese fishing vessel,https://www.channelnewsasia.com/singapore/chinese-fishing-vessel-panama-flagged-bulk-carrier-mpa-6398411,20260922T080000Z,channelnewsasia.com,English,,vessel,D4_운송,2026-09-22,"[""VT_LNG"", ""VT_Reefer""]",2,LOW,Vessel collision,
550d24880a0376f30c3905fd062b7b00,Natural gas prices rise on New York exchange,https://en.apa.az/energy-and-industry/natural-gas-prices-rise-on-new-york-exchange-525471,20260922T080000Z,en.apa.az,English,,natural gas,D2_품목,2026-09-22,"[""CF_LNG""]",1,LOW,Natural gas prices,
0ede16fa0698a913f149f176a054faad,Midwest diesel spike hits local farmers as harvest begins,https://www.wmtv15news.com/2026/09/22/midwest-diesel-spike-hits-local-farmers-harvest-begins/,20260922T074500Z,wmtv15news.com,English,,fleet,D4_운송,2026-09-22,[],0,LOW,Domestic agriculture,
7f1ec8458af4be52e06d97787f52082e,  Anything could happen with me : Trump cant decide on his Iran strategy – The Irish Times,https://www.irishtimes.com/world/2026/09/22/anything-could-happen-with-me-trump-cant-decide-on-his-iran-strategy/,20260922T074500Z,irishtimes.com,English,Ireland,Houthi,D7_행위자,2026-09-22,[],0,LOW,Trump Iran policy,
8bb358f706fcdeb1d8dc5136d5824edb,Market eases up despite RB governor inflation forecast – Market close,https://www.nzherald.co.nz/business/markets/shares/market-eases-up-despite-rb-governors-inflation-forecast-market-close/premium/ACNYULBC5FECFKBABGWARVZCQA/,20260922T074500Z,nzherald.co.nz,English,New Zealand,oil price,D5_시장지표,2026-09-22,"[""KI_Macro""]",1,LOW,RB inflation forecast,
8c9ee6b51af30bedd98cc708c53a4927,"Union Minister , Shri Rajiv Ranjan Singh and Shri Suvendu Adhikari , Honble Chief Minister , West Bengal Co - Chaired Review meeting on implementation of Schemes and Programmes for development of fisheries and aquaculture in West Bengal",https://orissadiary.com/union-minister-shri-rajiv-ranjan-singh-and-shri-suvendu-adhikari-honble-chief-minister-west-bengal-co-chaired-review-meeting-on-implementation-of-schemes-and-programmes-for-development-of-fisheri/,20260922T073000Z,orissadiary.com,English,India,fishing vessel,D8_수산물,2026-09-22,"[""KC_HDC""]",1,LOW,Fisheries development,
4d17aaefa83c61427d0065b2c4b06424,DHL adds weekly Bahrain - Johannesburg air cargo link,https://www.bizcommunity.com/article/dhl-adds-weekly-bahrain-johannesburg-air-cargo-link-419259a,20260922T071500Z,bizcommunity.com,English,South Africa,fleet,D4_운송,2026-09-22,"[""KC_KoreanAir""]",1,LOW,Air cargo expansion,
517ad7ce30ea509753d1261f98d2976c,Israel : Iraqi pro - Iran Shiite militias may attack amid disarmament efforts,https://www.jpost.com/middle-east/article-909240,20260922T071500Z,jpost.com,English,Israel,Houthi,D7_행위자,2026-09-22,[],0,LOW,Iraq militia tensions,
8af9175adb5d2586e641e84112c04253,Rupee to edge higher as oil slips ; inflow haul caps bearish bets,https://www.thehindubusinessline.com/markets/forex/rupee-to-edge-higher-as-oil-slips-inflow-haul-caps-bearish-bets/article71494036.ece,20260922T071500Z,thehindubusinessline.com,English,India,crude oil,D2_품목,2026-09-22,"[""CF_CrudeOil""]",1,LOW,Currency movement,
45f8b0d2091041596790e26259f95aad,Crude oil falls further as Nigerians await pump price reduction,https://thechronicle.com.gh/crude-oil-falls-further-as-nigerians-await-pump-price-reduction/,20260922T071500Z,thechronicle.com.gh,English,Ghana,crude oil,D2_품목,2026-09-22,"[""CF_CrudeOil"", ""SS_Iran""]",2,LOW,Crude price decline,
ba86c68e281b6b9e1845fa28deb22b13,"Crude palm oil prices to remain above $1 , 154 per ton for rest of 2026 , MPOC says",https://www.thehindubusinessline.com/markets/commodities/crude-palm-oil-prices-to-remain-above-1154-per-tonfor-rest-of-2026-mpoc-says/article71494026.ece,20260922T071500Z,thehindubusinessline.com,English,India,crude oil,D2_품목,2026-09-22,"[""SS_Iran"", ""CF_CrudeOil""]",2,LOW,Palm oil prices,
36352f10f66573d62f5fe3d2737df58e,Australia : Qantas ground workers set to strike,https://www.wsws.org/en/articles/2026/09/22/xttm-s22.html,20260922T071500Z,wsws.org,English,United States,carrier,D4_운송,2026-09-22,[],0,LOW,,
c38ed8f765fe963cdd4369d82f8d72f0,Seoul stocks edge up on chip gains amid renewed AI optimism,https://www.koreaherald.com/article/10882384,20260922T071500Z,koreaherald.com,English,South Korea,KOSPI,D5_시장지표,2026-09-22,[],0,LOW,Korean chip stocks,
ac60a06f4c334f9512f06ab91d4eb058,US Northeast Flights Disrupted By Air Traffic Center Technical Glitch,https://www.deccanchronicle.com/world/flights-disrupted-across-us-northeast-due-to-technical-problems-at-key-air-traffic-center-1989505,20260922T070000Z,deccanchronicle.com,English,India,reroute,D6_교란행위,2026-09-22,"[""KC_KoreanAir""]",1,LOW,,
f7b68bd5af200286d619bc59be1ee76c,Report : Israel eyes major submarine expansion as Turkish Navy grows,https://www.israelnationalnews.com/news/433468,20260922T064500Z,israelnationalnews.com,English,Israel,fleet,D4_운송,2026-09-22,"[""POL_GrainReserve""]",1,LOW,,
8ba82d19d63ea31e40ed2956b0ab50b4,Sanctions Have Become Economic Warfare | Armstrong Economics,https://www.armstrongeconomics.com/world-news/world-trade/sanctions-have-become-economic-warfare/,20260922T064500Z,armstrongeconomics.com,English,United States,fleet,D4_운송,2026-09-22,[],0,LOW,,
4398a081d0349d3228a1f9922f48d8b6,United States 12 Month Natural Gas Fund (NYSEARCA:UNL) Trading Down 0.5%  – Here's What Happened,https://www.themarketsdaily.com/2026/09/22/united-states-12-month-natural-gas-fund-nysearcaunl-trading-down-0-5-heres-what-happened.html,20260922T064500Z,themarketsdaily.com,English,,natural gas,D2_품목,2026-09-22,"[""CF_LNG"", ""SS_USA""]",2,LOW,US LNG fund trading,
1e6e7714699816fd0cb3f58d2b80792e,"Higher oil prices wont disrupt 2027 development plans , says Akmal",https://www.freemalaysiatoday.com/category/nation/2026/09/22/higher-oil-prices-won-t-disrupt-2027-development-plans-says-akmal,20260922T063000Z,freemalaysiatoday.com,English,Malaysia,crude oil,D2_품목,2026-09-22,"[""KC_HDC"", ""CF_CrudeOil""]",2,LOW,Oil price development plans,
45069b314d71294185ec6b2b0aafbf1b,China Rare - Earth Power Checks Trump Trade Pressure on Xi – Sri Lanka Guardian,https://slguardian.org/chinas-rare-earth-power-checks-trumps-trade-pressure-on-xi/,20260922T061500Z,slguardian.org,English,Sri Lanka,critical minerals,D2_품목,2026-09-22,"[""CF_RareEarth"", ""KC_KOMIPO""]",2,LOW,,
132bb592cdcf1ab551f28ff8429b5f4d,"After Petroleum Refinery , Dangote Announces 2028 IPO for Fertiliser Business – THISDAYLIVE",https://www.thisdaylive.com/2026/09/22/after-petroleum-refinery-dangote-announces-2028-ipo-for-fertiliser-business/,20260922T060000Z,thisdaylive.com,English,Nigeria,refinery,D3_인프라,2026-09-22,"[""CF_CrudeOil""]",1,LOW,,
beacd8fa958d4a4b683afe6cc5268036,Olokola Deep Seaport: Questions as Ogun Plans Fresh UAE Deal Despite Existing Dangote MoU – THISDAYLIVE,https://www.thisdaylive.com/2026/09/22/olokola-deep-seaport-questions-as-ogun-plans-fresh-uae-deal-despite-existing-dangote-mou/,20260922T060000Z,thisdaylive.com,English,,seaport,D3_인프라,2026-09-22,"[""SS_UAE""]",1,LOW,Seaport development,
8a29055d2abd490bb8cc79c77b144d06,Iranian Foreign Minister Abbas Araghchi Arrives In New York Ahead Of The UNGA | LIVE BLOG,https://www.i24news.tv/en/news/international/artc-iranian-foreign-minister-abbas-araghchi-arrives-in-new-york-ahead-of-the-unga-live-blog,20260922T054500Z,i24news.tv,English,Israel,Houthi,D7_행위자,2026-09-22,[],0,LOW,Iranian diplomacy,
8d0083c6723819df159e05f2681b6e3c,"Rupee Stages An Early Recovery , Climbs 13 Paise To 95 . 65 Against The US Dollar",https://www.freepressjournal.in/business/rupee-stages-an-early-recovery-climbs-13-paise-to-9565-against-the-us-dollar,20260922T054500Z,freepressjournal.in,English,India,crude oil,D2_품목,2026-09-22,[],0,LOW,Currency movement,
eff029ba477f8af313f8ad2223c3ba4a,"Gold , silver futures trade higher on hopes of easing West Asia tensions",https://www.business-standard.com/markets/commodities/gold-silver-futures-trade-higher-on-hopes-of-easing-west-asia-tensions-126092200278_1.html,20260922T054500Z,business-standard.com,English,India,crude oil,D2_품목,2026-09-22,[],0,LOW,West Asia tensions,
1a6f3b7d3b6fcab93cb2b73fd69837cf,"Metro Vancouver bus drivers vote to accept new contract , says union – Winnipeg Free Press",https://www.winnipegfreepress.com/uncategorized/2026/09/22/metro-vancouver-bus-drivers-vote-to-accept-new-contract-says-union,20260922T054500Z,winnipegfreepress.com,English,Canada,carrier,D4_운송,2026-09-22,"[""FP_Vancouver""]",1,LOW,Port operations,
25ae73077676b4664500c34970328f09,Flights disrupted across US Northeast after air traffic centre outage,https://www.business-standard.com/world-news/flights-disrupted-across-us-northeast-after-air-traffic-centre-outage-126092200062_1.html,20260922T054500Z,business-standard.com,English,India,reroute,D6_교란행위,2026-09-22,"[""KC_KoreanAir""]",1,LOW,,
5aae05ae30637a231b77046a14719814,The  merchants of chao have left Donald Trump in a bind with Saudi Arabia - 22 - Sep - 2026,"https://home.nzcity.co.nz/news/article.aspx?id=454537&fm=psp,tst",20260922T053000Z,home.nzcity.co.nz,English,New Zealand,Houthi,D7_행위자,2026-09-22,"[""SS_SaudiArabia""]",1,LOW,Trump Saudi relations,
a3be91042fab5dcb13afb14e58e261fc,"Nearly every silicon chip on Earth begins its life in a crucible of ultra-pure quartz, and almost all of that quartz comes from mines outside Spruce Pine, a North Carolina town of about 2,200 people, because almost no other deposit yet found is clean enough to melt semiconductor-grade silicon",https://spacedaily.com/b-nearly-every-silicon-chip-on-earth-begins-its-life-in-a-crucible-of-ultra-pure-quartz-and-almost-all-of-that-quartz-comes-from-mines-outside-spruce-pine-a-north-carolina-town-of-about-2200-people/,20260922T053000Z,spacedaily.com,English,,semiconductor,D2_품목,2026-09-22,"[""CF_RareEarth""]",1,LOW,Quartz supply chain,
ada6c326d926e7134360b2b6d403fc83,Houthis battle for strategic heights in Yemen as thousands more flee homes,https://www.aljazeera.com/news/2026/9/22/houthis-battle-for-strategic-heights-in-yemen-as-thousands-more-flee-homes,20260922T051500Z,aljazeera.com,English,United States,Houthi,D7_행위자,2026-09-22,"[""EVT_RedSea2023""]",1,LOW,Yemen conflict,
bfc574d031c8274addfe6b394a3dc387,The  merchants of chao have left Donald Trump in a bind with Saudi Arabia,https://www.abc.net.au/news/2026-09-22/yemen-houthis-leave-trump-in-a-bind/107177808,20260922T051500Z,abc.net.au,English,Australia,Houthi,D7_행위자,2026-09-22,"[""SS_SaudiArabia""]",1,LOW,Trump Saudi relations,
636c1dcaaaf7d4442bffacf03ad3ac1d,India Reviews US Tariff Plans for Russian Oil Buyers : Goyal,https://www.siliconindia.com/news/general/india-reviews-us-tariff-plans-for-russian-oil-buyers-goyal-nid-242365-cid-1.html,20260922T051500Z,siliconindia.com,English,India,crude oil,D2_품목,2026-09-22,"[""CF_CrudeOil""]",1,LOW,US tariff review,
1f35ab0177c051320332e0e907bdefc2,"BOK voices woes over financial imbalance , rising debt burden",https://www.prokerala.com/news/articles/a1815105.html,20260922T051500Z,prokerala.com,English,India,KOSPI,D5_시장지표,2026-09-22,[],0,LOW,BOK financial concerns,
83ccdc8582ea01641c5938c75193a9b7,A Trump move to restrict diesel exports would be disastrous for the world,https://www.watoday.com.au/business/markets/stop-the-bleeding-a-trump-move-to-stop-the-diesel-spike-could-hurt-all-of-us-20260922-p60zd7.html,20260922T050000Z,watoday.com.au,English,Australia,crude oil,D2_품목,2026-09-22,[],0,LOW,Diesel export policy,
65d55798515a0b0e1fa7cea129869225,Indonesia prepares for new era of naval power,https://asianews.network/indonesia-prepares-for-new-era-of-naval-power/,20260922T050000Z,asianews.network,English,China,carrier,D4_운송,2026-09-22,"[""KC_KOMIPO""]",1,LOW,Naval development,
322109e2fc6f79e2c3d65f0cb9a03082,Houthis push for control of Yemen highlands,https://www.koreaherald.com/article/10882090,20260922T044500Z,koreaherald.com,English,South Korea,Houthi,D7_행위자,2026-09-22,"[""EVT_RedSea2023""]",1,LOW,Yemen highlands,
a2748dd098a7582f57e86b14070c9f93,"The Responsible Seafood Summit: Tariff 'mission creep', ones to watch in finfish and the 'Godzilla' El Nino",https://www.intrafish.com/events/the-responsible-seafood-summit-tariff-mission-creep-ones-to-watch-in-finfish-and-the-godzilla-el-nino/2-1-2046226,20260922T044500Z,intrafish.com,English,,seafood,D8_수산물,2026-09-22,[],0,LOW,,
210d40c39e8a1297e6f34c1b49716cb1,"Mixes Made with Certified Gluten - Free Plantain Flour Tested Far Above FDA Gluten Limit , Prompting Truly AIP Recall",https://www.medicaldaily.com/gluten-free-flour-recall-truly-aip-eat-gangster-undeclared-wheat-478896,20260922T044500Z,medicaldaily.com,English,United States,wheat,D2_품목,2026-09-22,"[""KC_DaehanFlour""]",1,LOW,Food recall,
7e0c427934423405f9abadfe23a406b7,AGT launches AGT - Trigg wheat for Western Australia growers | Farm Weekly,https://www.farmweekly.com.au/story/9355147/agt-launches-agt-trigg-wheat-for-western-australia-growers/,20260922T044500Z,farmweekly.com.au,English,Australia,wheat,D2_품목,2026-09-22,"[""CF_Wheat""]",1,LOW,,
3f1111426e32bd91eccc51c3d5e13c13,EU has detected genetically modified organisms in 5 Chinese products exports this year,https://www.thehindubusinessline.com/economy/agri-business/eu-has-detected-genetically-modified-organisms-in-5-chinese-products-exports-this-year/article71492525.ece,20260922T044500Z,thehindubusinessline.com,English,India,wheat,D2_품목,2026-09-22,[],0,LOW,,
030b9a4fff051b95801b559e00c7613a,"Global Market : KOSPI surges as Samsung , SK Hynix gain on tech rally",https://economictimes.indiatimes.com/markets/us-stocks/news/global-market-kospi-surges-as-samsung-sk-hynix-gain-on-tech-rally/articleshow/134402042.cms,20260922T044500Z,economictimes.indiatimes.com,English,India,KOSPI,D5_시장지표,2026-09-22,"[""KC_SKHynix"", ""KC_SamsungHeavy""]",2,LOW,KOSPI chip rally,
3bbadac7588bef1e06513142280b3275,South Korean Chip Stocks Climb on Renewed Demand Optimism,https://www.morningstar.com/news/dow-jones/202609224/south-korean-chip-stocks-climb-on-renewed-demand-optimism,20260922T044500Z,morningstar.com,English,China,KOSPI,D5_시장지표,2026-09-22,"[""KC_KoreanAir""]",1,LOW,Korean chip demand,
371cee3c669195ab3dd87abf06a79bba,H2SITE Secures €3 . 4 Million ( NOK 39 . 1 million ) in Enova Funding to Scale Onboard Ammonia - To - Power for Commercial Maritime Applications,https://www.finanznachrichten.de/nachrichten-2026-09/69638458-h2site-secures-euro-3-4-million-nok-39-1-million-in-enova-funding-to-scale-onboard-ammonia-to-power-for-commercial-maritime-applications-004.htm,20260922T043000Z,finanznachrichten.de,English,Germany,fleet,D4_운송,2026-09-22,"[""CF_Urea"", ""KC_KOMIPO""]",2,LOW,Maritime ammonia fuel,
16c85de6dcdd00672fe8656b60f9c38f,Flights disrupted across US Northeast due to technical problems,https://www.siasat.com/flights-disrupted-across-us-northeast-due-to-technical-problems-3546227/,20260922T043000Z,siasat.com,English,India,reroute,D6_교란행위,2026-09-22,[],0,LOW,,
1f7257c5fe908ab3bbc54a714a7dd60c,Rakiraki farmers lose livestock as water shortage worsens,https://www.fijivillage.com/news/rakiraki-farmers-lose-livestock-as-water-shortage-worsens-20a549/,20260922T041500Z,fijivillage.com,English,Fiji,shortage,D6_교란행위,2026-09-22,"[""KS_FoodAgri""]",1,LOW,Livestock water shortage,
bbf67e94a7085a2560943b7ed62dd209,How China Turns Presence Into Power,https://www.theepochtimes.com/opinion/how-china-turns-presence-into-power-6091159,20260922T041500Z,theepochtimes.com,English,United States,carrier,D4_운송,2026-09-22,"[""KC_KOMIPO""]",1,LOW,,
b735b89fec58dd9c7a0da30162ce68e5,EDITORIAL| Funding delays threaten progress on SA's vital freight capacity,https://www.timeslive.co.za/opinion/2026-09-22-editorial-funding-delays-threaten-progress-on-sas-vital-freight-capacity/,20260922T041500Z,timeslive.co.za,English,,freight,D4_운송,2026-09-22,"[""KS_Shipping""]",1,LOW,,
9c394e964b7efe61677d4eb6565f3654,Win Streak May Continue For South Korea Stock Market,https://www.rttnews.com/story.aspx?Id=3692687,20260922T034500Z,rttnews.com,English,United States,crude oil,D2_품목,2026-09-22,[],0,LOW,Korea stock market,
aeaf298b524610baa20f84610b14243f,News 12 | Westchester | Flights Resume Across The Us Northeast After Technical Problems At A Key Air Traffic Center,https://westchester.news12.com/flights-resume-across-the-us-northeast-after-technical-problems-at-a-key-air-traffic-center,20260922T034500Z,westchester.news12.com,English,United States,reroute,D6_교란행위,2026-09-22,"[""KC_KoreanAir""]",1,LOW,,
95e01bdb5395bff4e78b7dcfcf323ebf,"US , Italy sign deal to strengthen critical minerals cooperation",https://www.prokerala.com/news/articles/a1815077.html,20260922T030000Z,prokerala.com,English,India,critical minerals,D2_품목,2026-09-22,[],0,LOW,Critical minerals,
ed8baa455f4db237c04b4c1d74789fdf,Flights disrupted across the US Northeast due to technical problems at a key air traffic center - Las Vegas Sun News,https://lasvegassun.com/news/2026/sep/21/flights-disrupted-across-the-us-northeast-due-to-t/,20260922T030000Z,lasvegassun.com,English,United States,reroute,D6_교란행위,2026-09-22,"[""KC_KoreanAir""]",1,LOW,,
c3ef29a2c15b6eeb7f41809dc819a648,McCormick - Unilever Food Deal Faces united kingdom Competition Review : What it Means for Investors,https://www.insidermonkey.com/news/mccormick-unilever-food-deal-faces-uk-competition-review-what-it-means-for-investors-1841714/,20260922T024500Z,insidermonkey.com,English,United States,delay,D6_교란행위,2026-09-22,"[""SS_USA"", ""KS_FoodAgri""]",2,LOW,,
bff453d783be66d936470c0b399e9f56,Yemen displacement grows as thousands flee to Djibouti,https://www.jpost.com/middle-east/article-909228,20260922T024500Z,jpost.com,English,Israel,Houthi,D7_행위자,2026-09-22,"[""EVT_RedSea2023""]",1,LOW,Yemen displacement,
3f84c7b97017e9526ccf183f978e1ce3,"DPM Dar backs Palestinian cause , pushes for US - Iran peace on UNGA sidelines",https://dunyanews.tv/en/Pakistan/974054-dpm-dar-backs-palestinian-cause-pushes-for-usiran-peace-on-unga-side,20260922T024500Z,dunyanews.tv,English,Pakistan,Houthi,D7_행위자,2026-09-22,[],0,LOW,UN diplomacy,
dfb524ed65d6098ba1c4126f41081304,"In 1992 a container ship lost 28 , 800 plastic bath toys in the North Pacific , and an oceanographer spent the next two decades logging where the ducks washed up , from Alaska to Scotland",https://scienceblog.com/j-friendly-floatees-28800-ebbesmeyer/,20260922T024500Z,scienceblog.com,English,United States,container,D2_품목,2026-09-22,"[""VT_Container""]",1,LOW,Container ship incident,
6071d17643576b310edf1fecf254d67e,Boeing ( BA ) Strengthens its Backlog with Korean Air 103 - Aircraft Commitment,https://www.insidermonkey.com/news/boeing-ba-strengthens-its-backlog-with-korean-airs-103-aircraft-commitment-1841724/,20260922T024500Z,insidermonkey.com,English,United States,carrier,D4_운송,2026-09-22,"[""KC_KoreanAir""]",1,LOW,Korean Air aircraft,
10199eecf7eb6bb86c4f453eaca2b24e,Why rare earths have softened Trump stance on China,https://insideretail.asia/2026/09/22/why-rare-earths-have-softened-trumps-stance-on-china/,20260922T024500Z,insideretail.asia,English,China,critical minerals,D2_품목,2026-09-22,"[""CF_RareEarth""]",1,LOW,Rare earth trade,
fb479d7d21e721e26f5f895b643510b6,Trump looks to buy potash from Belarus ; counterpart says no deal possible,https://capitalpress.com/2026/09/21/trump-looks-to-buy-potash-from-belarus-counterpart-says-no-deal-possible/,20260922T024500Z,capitalpress.com,English,United States,fertilizer,D2_품목,2026-09-22,[],0,LOW,Potash trade,
868b5446b72e73a1e78a272ced10983c,Flights are disrupted across the Northeast due to technical problems at a key air traffic center,https://www.centralmaine.com/2026/09/21/flights-are-disrupted-across-the-northeast-due-to-technical-problems-at-a-key-air-traffic-center/,20260922T024500Z,centralmaine.com,English,United States,reroute,D6_교란행위,2026-09-22,"[""KC_KoreanAir""]",1,LOW,,
e87a49278fa5a4d257a5fd1e7e92844f,Union Pacific ( UNP ) Sees Truck - to - Rail Shift as Diesel Prices Surge,https://www.insidermonkey.com/news/union-pacific-unp-sees-truck-to-rail-shift-as-diesel-prices-surge-1841693/,20260922T024500Z,insidermonkey.com,English,United States,surcharge,D6_교란행위,2026-09-22,[],0,LOW,Domestic logistics,
1bd2c6e838b1cda6e386e786fd4f3e0f,"Fisherfolk press for action over ice outage , rising costs",https://barbadostoday.bb/2026/09/21/fisherfolk-press-for-action-over-ice-outage-rising-costs/,20260922T021500Z,barbadostoday.bb,English,Barbados,fleet,D4_운송,2026-09-22,[],0,LOW,Fishing costs,
b428e97addfec50d8e9c81ba502e2d5c,"Victory Liner , bus groups warn services at risk as fuel costs soar",https://www.philstar.com/business/2026/09/22/2558069/victory-liner-bus-groups-warn-services-risk-fuel-costs-soar,20260922T021500Z,philstar.com,English,Philippines,fleet,D4_운송,2026-09-22,[],0,LOW,Fuel cost impact,
0601d9dc098ea6a9d5cb56d9b9216308,More Jones Act Waiver Voyages Went Unreported Than Previously Known,https://gcaptain.com/more-jones-act-waiver-voyages-went-unreported-than-previously-known/,20260922T021500Z,gcaptain.com,English,United States,carrier,D4_운송,2026-09-22,[],0,LOW,Jones Act waivers,
88d83c433fb6eb10ba3c1c8e974e2c98,Panama City mayor comments on future plans for Panama City Mall,https://www.wjhg.com/2026/09/22/panama-city-mayor-comments-future-plans-panama-city-mall/,20260922T020000Z,wjhg.com,English,United States,delay,D6_교란행위,2026-09-22,"[""CP_Panama""]",1,LOW,Panama infrastructure,
74f057e1d4d77f5a8b9302aee32a6e86,CN marks terminal expansion at Port of Prince Rupert ( 8 / 30 / 2017 ) - RailPrime | ProgressiveRailroading,https://www.progressiverailroading.com/railPrime/details/CN-marks-terminal-expansion-at-Port-of-Prince-Rupert-8302017--64454,20260922T020000Z,progressiverailroading.com,English,United States,container,D2_품목,2026-09-22,"[""POL_GrainReserve"", ""KP_Tongyeong""]",2,LOW,Port expansion,
b51e06f8ca6a37720e6cb14aed2f50c7,"Geologist deep dive reveals rich copper , gold deposits",https://www.katherinetimes.com.au/story/9353010/geologist-deep-dive-reveals-rich-copper-gold-deposits/,20260922T020000Z,katherinetimes.com.au,English,Australia,critical minerals,D2_품목,2026-09-22,"[""CF_IronOre""]",1,LOW,Copper gold deposits,
d67db070924511abaead174f0a548520,"Paneer , khoya , sweets in focus as Delhi steps up food adulteration checks ahead of festive season",https://www.thehindu.com/news/cities/Delhi/paneer-khoya-sweets-in-focus-as-delhi-steps-up-food-adulteration-checks-ahead-of-festive-season/article71493062.ece,20260922T020000Z,thehindu.com,English,India,wheat,D2_품목,2026-09-22,"[""KS_FoodAgri""]",1,LOW,,
2a3d8fb7e3798747bae2ed68306a9aa5,U . S . retail diesel prices hit record above $6 . 50 as momentum grows for export ban ( USO : NYSEARCA ) ,https://seekingalpha.com/news/4645215-us-retail-diesel-prices-hit-record-above-650-as-momentum-grows-for-export-ban,20260922T011500Z,seekingalpha.com,English,United States,crude oil,D2_품목,2026-09-22,[],0,LOW,,
cfee1f2ccb24cd5b091a30766581fa74,TC Energy to sell Mexican gas pipeline in $400M deal (TRP:NYSE),https://seekingalpha.com/news/4645216-tc-energy-to-sell-mexican-gas-pipeline-in-400m-deal,20260922T011500Z,seekingalpha.com,English,,pipeline,D3_인프라,2026-09-22,[],0,LOW,,
fe7ad041027587093dcb9d843a5962c5,U . S . halts East Coast airports flights due to cut fiber line,https://www.cp24.com/news/world/2026/09/22/flights-disrupted-across-the-us-northeast-due-to-technical-problems-at-a-key-air-traffic-centre/,20260922T011500Z,cp24.com,English,Canada,reroute,D6_교란행위,2026-09-22,[],0,LOW,,
ea9b2d88ac492900a3a4debb8acde6cc,Trump Faces Packed Agenda of Global Crises as World Leaders Gather for UN General Assembly,https://komonews.com/news/nation-world/trump-faces-packed-agenda-of-global-crises-as-world-leaders-gather-for-un-general-assembly-united-nations,20260922T010000Z,komonews.com,English,United States,shortage,D6_교란행위,2026-09-22,[],0,LOW,Global crises,
777702fd002de152020950e5a28b8e56,Maize & Wheat Colombian Café in Brentwood could close next month,https://www.stlmag.com/dining/maize-wheat-colombian-cafe-in-brentwood-could-close-next-month/,20260922T010000Z,stlmag.com,English,United States,wheat,D2_품목,2026-09-22,"[""CF_Wheat"", ""CF_Corn""]",2,LOW,Grain commodities,
bad9ed2070461c02cc5d5df7463cad75,U . S . Dollar Hits Eight - Week High After Fed Rate Hike,http://www.econotimes.com/US-Dollar-Hits-Eight-Week-High-After-Fed-Rate-Hike-1752633,20260922T010000Z,econotimes.com,English,United States,exchange rate,D5_시장지표,2026-09-22,[],0,LOW,Currency movement,
b601c3deff4912e1e99c343073f5dd80,There Only One Way to Defeat the Houthis – HotAir,https://hotair.com/headlines/2026/09/21/theres-only-one-way-to-defeat-the-houthis-n3819177,20260922T003000Z,hotair.com,English,United States,Houthi,D7_행위자,2026-09-22,"[""EVT_RedSea2023""]",1,LOW,,
54694fb27b674a25772c75956a174923,"ESENTIA Announces the Execution of an Agreement to Acquire the Guadalajara - Manzanillo Natural Gas Pipeline System , Connecting Existing System to the Port of Manzanillo",http://www.prnewswire.com/news-releases/esentia-announces-the-execution-of-an-agreement-to-acquire-the-guadalajara-manzanillo-natural-gas-pipeline-system-connecting-existing-system-to-the-port-of-manzanillo-302885289.html,20260922T003000Z,prnewswire.com,English,United States,terminal,D3_인프라,2026-09-22,"[""CF_LNG""]",1,LOW,Mexico LNG pipeline,
d2df63e0f532d6130ad97b24d2c0c098,New U . S . Sanctions Law Threatens India Huge Russian Oil Trade,https://oilprice.com/Energy/Crude-Oil/New-US-Sanctions-Law-Threatens-Indias-Huge-Russian-Oil-Trade.html,20260922T001500Z,oilprice.com,English,United States,delay,D6_교란행위,2026-09-22,"[""CF_CrudeOil""]",1,LOW,,
fb102a86577ef984753eeaa08b881cae,Diana Shipping Inc . Announces Time Charter Contract for m / v DSI Polaris with Dai An Ocean Shipping,https://www.hellenicshippingnews.com/diana-shipping-inc-announces-time-charter-contract-for-m-v-dsi-polaris-with-dai-an-ocean-shipping/,20260922T001500Z,hellenicshippingnews.com,English,China,fleet,D4_운송,2026-09-22,[],0,LOW,Vessel time charter,
cf70145ca9a040852dadc35f87f2e102,PSX rises 269 points as oil market steadies,https://tribune.com.pk/story/2630657/psx-rises-269-points-as-oil-market-steadies,20260922T001500Z,tribune.com.pk,English,Pakistan,Houthi,D7_행위자,2026-09-22,"[""CF_CrudeOil""]",1,LOW,Stock market,
00f1052d22e3b41dc3ee6b979d2699a1,India's sponge iron hits two-year high amid rising coal costs | Hellenic Shipping News Worldwide,https://www.hellenicshippingnews.com/indias-sponge-iron-hits-two-year-high-amid-rising-coal-costs/,20260922T001500Z,hellenicshippingnews.com,English,,shipping,D4_운송,2026-09-22,"[""CF_Coal"", ""CF_IronOre""]",2,LOW,India sponge iron,
42af79101d751c61cfd5d8f011cab965,"Egypt ports handle 233 mln tons, 11.1 mln TEUs in 2025: Al-Wazir | Hellenic Shipping News Worldwide",https://www.hellenicshippingnews.com/egypt-ports-handle-233-mln-tons-11-1-mln-teus-in-2025-al-wazir/,20260922T001500Z,hellenicshippingnews.com,English,,shipping,D4_운송,2026-09-22,[],0,LOW,Egypt port throughput,
887911f37187bf2891a7c1fc65481392,BHP and China Baowu renew steel decarbonisation partnership | Hellenic Shipping News Worldwide,https://www.hellenicshippingnews.com/bhp-and-china-baowu-renew-steel-decarbonisation-partnership/,20260922T001500Z,hellenicshippingnews.com,English,,shipping,D4_운송,2026-09-22,"[""KC_DonggukSteel""]",1,LOW,Steel decarbonization,
dbfc7e215fab2f15f31337eb9c4db50c,IMF chief says world economy faces multiple risks despite resilience | Hellenic Shipping News Worldwide,https://www.hellenicshippingnews.com/imf-chief-says-world-economy-faces-multiple-risks-despite-resilience/,20260922T001500Z,hellenicshippingnews.com,English,,shipping,D4_운송,2026-09-22,[],0,LOW,IMF economic outlook,
b7ecd78cf4c652085016f070fa90dff7,JE Ocean Heavy Industries secures 10 tanker orders ahead of Gunsan revival | Hellenic Shipping News Worldwide,https://www.hellenicshippingnews.com/je-ocean-heavy-industries-secures-10-tanker-orders-ahead-of-gunsan-revival/,20260922T001500Z,hellenicshippingnews.com,English,,shipping,D4_운송,2026-09-22,"[""KP_Gunsan""]",1,LOW,Korean shipyard orders,
ffcbc74254b6aa982a0f123f375ae363,"Hong Kong Convention certification must be backed by day-to-day safety practice, says Wirana Shipping ahead of World Maritime Day",https://www.hellenicshippingnews.com/hong-kong-convention-certification-must-be-backed-by-day-to-day-safety-practice-says-wirana-shipping-ahead-of-world-maritime-day/,20260922T001500Z,hellenicshippingnews.com,English,,shipping,D4_운송,2026-09-22,[],0,LOW,Maritime safety practice,
3ab6aa629bcd776f6af128d54243c4fd,Over 100 Houthi Casualties Arrive at Dhamar Hospital Following Intense Frontline Clashes,https://www.khabaragency.net/news253236.html,20260922T000000Z,khabaragency.net,English,Yemen,Houthi,D7_행위자,2026-09-22,"[""EVT_RedSea2023""]",1,LOW,Yemen conflict,
d1dcb5db27573c024acb22e5ed7a7a2a,TC Energy announces sale of Guadalajara-Manzanillo Pipeline,https://www.intelligencer.ca/press-releases/globe-newswire/tc-energy-announces-sale-of-guadalajara-manzanillo-pipeline/,20260922T000000Z,intelligencer.ca,English,,pipeline,D3_인프라,2026-09-22,[],0,LOW,,
adc8726ff2c2fa2167b2f1f5cd48fc26,"US , Italy sign critical minerals agreement in New York",https://aa.com.tr/en/world/us-italy-sign-critical-minerals-agreement-in-new-york/4063818,20260922T000000Z,aa.com.tr,English,Turkey,critical minerals,D2_품목,2026-09-22,[],0,LOW,Critical minerals,
3342de36185bcd7356c78dee579b7e7c,China rare earth exports to US drop before Xi - Trump meet,https://www.mining.com/web/china-rare-earth-exports-to-us-drop-before-xi-trump-meet/,20260922T000000Z,mining.com,English,Canada,critical minerals,D2_품목,2026-09-22,"[""CF_RareEarth""]",1,LOW,Rare earth exports,
f5fd88a9b3a84dcca5b0de8c132a171e,"EU , Canada , US Can Work Jointly to Curb Trade Deficit With China Despite Brussels Invitation to Ottawa , Analysts Say",https://www.theepochtimes.com/china/eu-canada-us-can-work-jointly-to-curb-trade-deficit-with-china-despite-brusselss-invitation-to-ottawa-analysts-say-6092606,20260922T000000Z,theepochtimes.com,English,United States,critical minerals,D2_품목,2026-09-22,"[""KI_TradeBalance""]",1,LOW,Trade deficit,
0499477501791abfe3c19f739bfc557e,Air traffic glitch disrupts NY area flights,https://www.bostonherald.com/2026/09/21/air-traffic-glitch-disrupts-ny-area-flights/,20260922T000000Z,bostonherald.com,English,United States,reroute,D6_교란행위,2026-09-22,"[""KC_KoreanAir""]",1,LOW,,
f60c9873bb897a52988448c864090f78,"Flights disrupted in DC area , across Northeast amid tech problems – NBC4 Washington",https://www.nbcwashington.com/news/local/flights-disrupted-in-dc-area-across-northeast-due-to-technical-problems/4157251/,20260922T000000Z,nbcwashington.com,English,United States,reroute,D6_교란행위,2026-09-22,[],0,LOW,,
3931c5885822f377f2bc19e82c7f6ef2,Flights disrupted across the US Northeast due to technical problems at a key air traffic center,https://www.news-gazette.com/news/nation-world/flights-disrupted-across-the-us-northeast-due-to-technical-problems-at-a-key-air-traffic/article_4bb1a899-545e-51a9-9965-70af1cafd010.html,20260922T000000Z,news-gazette.com,English,United States,reroute,D6_교란행위,2026-09-22,"[""KC_KoreanAir""]",1,LOW,,
4188ef954e27572e46b9c4d19931988d,Flights briefly disrupted across US Northeast because of technical problems,https://www.10news.com/us-news/flights-disrupted-across-us-northeast-because-of-technical-problems-at-key-air-traffic-center,20260922T000000Z,10news.com,English,United States,reroute,D6_교란행위,2026-09-22,[],0,LOW,,
a69ef4b6ac4014416aaffff971ac5592,Flights are disrupted across the US Northeast due to technical problems at a key air traffic center,https://www.kitv.com/news/business/flights-are-disrupted-across-the-us-northeast-due-to-technical-problems-at-a-key-air/article_c55e791b-b580-50a3-83a1-324015ed2e40.html,20260922T000000Z,kitv.com,English,United States,reroute,D6_교란행위,2026-09-22,"[""KC_KoreanAir""]",1,LOW,,
e03217e9fbe5edf87bcf4bed2996044d,Hundreds of flights canceled due to technical problems,https://www.wowt.com/2026/09/21/flights-disrupted-across-us-northeast-due-technical-problems-key-air-traffic-center/,20260922T000000Z,wowt.com,English,United States,reroute,D6_교란행위,2026-09-22,[],0,LOW,,
dd22a830691262f427e1e5039049a0ab,Chinese Yuan Hits 4 - Year High Ahead of Trump – Xi Meeting,https://www.theepochtimes.com/china/chinese-yuan-hits-4-year-high-ahead-of-trump-xi-meeting-6093000,20260922T000000Z,theepochtimes.com,English,United States,exchange rate,D5_시장지표,2026-09-22,[],0,LOW,Currency movement,
bdb9430641e2ae9da7bfdb5ade40f03a,Die Strandloper: mussel shells used for 10-course seafood feast | The Macleay Argus,https://www.macleayargus.com.au/story/9351301/die-strandloper-mussel-shells-used-for-10-course-seafood-feast/,20260922T220000Z,macleayargus.com.au,English,,seafood,D8_수산물,2026-09-22,[],0,NONE,,
6a414569719099ba79e803d3dc757e18,Die Strandloper: mussel shells used for 10-course seafood feast | Bendigo Advertiser,https://www.bendigoadvertiser.com.au/story/9351301/die-strandloper-mussel-shells-used-for-10-course-seafood-feast/,20260922T220000Z,bendigoadvertiser.com.au,English,,seafood,D8_수산물,2026-09-22,[],0,NONE,,
55e72732694550c8dfc8636121c002fe,Die Strandloper: mussel shells used for 10-course seafood feast | The Courier,https://www.thecourier.com.au/story/9351301/die-strandloper-mussel-shells-used-for-10-course-seafood-feast/,20260922T220000Z,thecourier.com.au,English,,seafood,D8_수산물,2026-09-22,[],0,NONE,,
3716e2348ad84404838f13033680e04d,Die Strandloper: mussel shells used for 10-course seafood feast | Central Western Daily,https://www.centralwesterndaily.com.au/story/9351301/die-strandloper-mussel-shells-used-for-10-course-seafood-feast/,20260922T220000Z,centralwesterndaily.com.au,English,,seafood,D8_수산물,2026-09-22,[],0,NONE,,
bbd680d6b8849139d0e6696c7952f275,Bahrain Business : Foulath named strategic partner for  Made in GCC 2026  ,https://www.gdnonline.com:443/Details/1407357/Foulath-named-strategic-partner-for-%E2%80%98Made-in-GCC-2026%E2%80%99,20260922T220000Z,gdnonline.com,English,United States,iron ore,D2_품목,2026-09-22,[],0,NONE,,
ea535d9a424da62f2b8651543c9f2f15,White Coats and New Beginnings : SGU White Coat Ceremony,https://www.sgu.edu/news-and-events/sgu-fall-2026-white-coat-ceremony/,20260922T220000Z,sgu.edu,English,United States,US Navy,D7_행위자,2026-09-22,[],0,NONE,,
433ed8921ec4a1396a7ed235cc000346,Tag : canada,https://newsroomamerica.com/tag/canada,20260922T220000Z,newsroomamerica.com,English,United States,port congestion,D6_교란행위,2026-09-22,[],0,NONE,,
8e247791a706e7e577078caa77d2653d,Yeonmi Park speaks at Cornerstone University anti - communism event,https://www.foxnews.com/media/north-korean-defector-issues-stark-warning-america-ahead-christian-university-anti-communism-event,20260922T214500Z,foxnews.com,English,United States,fleet,D4_운송,2026-09-22,[],0,NONE,,
b34eb590810415d2b7b37ab37dc7e88b,"The British Army is spending £16 million on 1 , 000 small drones in a bid to boost battlefield operations",https://www.techradar.com/pro/the-british-army-is-spending-gbp16-million-on-1-000-small-drones-in-a-bid-to-boost-battlefield-operations,20260922T214500Z,techradar.com,English,United Kingdom,fleet,D4_운송,2026-09-22,[],0,NONE,,
8afdbc9ebd934b781830e04dde9aae44,City Hall lawyer out in latest Johnson administration exit,https://www.chicagotribune.com/2026/09/22/city-hall-top-lawyer-out/,20260922T214500Z,chicagotribune.com,English,United States,fleet,D4_운송,2026-09-22,[],0,NONE,,
adccd70eb27e6f887785daaab9eeaed3,Gold Falls as Stronger Dollar and Fed Rate Hike Expectations Weigh on Prices,https://finance.yahoo.com/markets/commodities/articles/gold-falls-stronger-dollar-fed-130704820.html,20260922T214500Z,finance.yahoo.com,English,United States,crude oil,D2_품목,2026-09-22,[],0,NONE,Gold price movement,
2ef49cc800bc9b60af8d787bed8714b0,Trump Dividend Stocks : The Hidden Risk Wall Street Is Missing,https://investorplace.com/dailylive/2026/09/trump-dividend-stocks-risk/,20260922T214500Z,investorplace.com,English,United States,critical minerals,D2_품목,2026-09-22,[],0,NONE,,
26ad5b4388da410ab3b536b28cfcbc1e,Nasdaq Notches Another New High : Stock Market Today,https://www.kiplinger.com/investing/stocks/nasdaq-notches-another-new-high-stock-market-today,20260922T214500Z,kiplinger.com,English,United States,critical minerals,D2_품목,2026-09-22,[],0,NONE,,
67f3d503d0b118a047ca2c17bba1c4c7,Concern over  total chao in Norton at roadwork junction,https://www.yorkpress.co.uk/news/26573389.concern-total-chaos-norton-roadwork-junction/,20260922T214500Z,yorkpress.co.uk,English,United Kingdom,congestion,D6_교란행위,2026-09-22,[],0,NONE,,
794b20e4795fbda9de3fda9797f53b34,Tinley Park eyes ending 2 - hour downtown parking limits,https://www.chicagotribune.com/2026/09/22/tinley-park-downtown-parking-limits/,20260922T214500Z,chicagotribune.com,English,United States,congestion,D6_교란행위,2026-09-22,[],0,NONE,,
1ea4a6e9af909d006c4dadb23fc044e5,Die Strandloper: mussel shells used for 10-course seafood feast | Glen Innes Examiner,https://www.gleninnesexaminer.com.au/story/9351301/die-strandloper-mussel-shells-used-for-10-course-seafood-feast/,20260922T214500Z,gleninnesexaminer.com.au,English,,seafood,D8_수산물,2026-09-22,[],0,NONE,,
0b4c2872280f452d293e5820efb3d503,Die Strandloper: mussel shells used for 10-course seafood feast | The Advocate - Hepburn,https://www.hepburnadvocate.com.au/story/9351301/die-strandloper-mussel-shells-used-for-10-course-seafood-feast/,20260922T214500Z,hepburnadvocate.com.au,English,,seafood,D8_수산물,2026-09-22,[],0,NONE,,
445c727a96211ae30d9c18aeb928be0a,Die Strandloper: mussel shells used for 10-course seafood feast | Milton Ulladulla Times,https://www.ulladullatimes.com.au/story/9351301/die-strandloper-mussel-shells-used-for-10-course-seafood-feast/,20260922T214500Z,ulladullatimes.com.au,English,,seafood,D8_수산물,2026-09-22,[],0,NONE,,
a388504042dfabc1f8290d90bd6229c2,Die Strandloper: mussel shells used for 10-course seafood feast | Dungog Chronicle,https://www.dungogchronicle.com.au/story/9351301/die-strandloper-mussel-shells-used-for-10-course-seafood-feast/,20260922T214500Z,dungogchronicle.com.au,English,,seafood,D8_수산물,2026-09-22,[],0,NONE,,
c8c66ca79e951d137d1611367f87f94d,How To Grow Strawberries In Pots So They Keep Producing All Season,https://www.aol.com/articles/grow-strawberries-pots-keep-producing-201638000.html,20260922T214500Z,aol.com,English,United States,fertilizer,D2_품목,2026-09-22,[],0,NONE,,
de870cba572bb57bb926fdd35d0f4d09,3 Surging Stocks That Dont Need the AI Boom to Keep Winning,https://finance.yahoo.com/markets/stocks/articles/3-surging-stocks-don-t-131000468.html,20260922T214500Z,finance.yahoo.com,English,United States,fertilizer,D2_품목,2026-09-22,[],0,NONE,,
ef257e84f7b398c4e8f0b6eac6d16570,"Market Talk - September 22 , 2026 | Armstrong Economics",https://www.armstrongeconomics.com/market-talk/market-talk-september-22-2026/,20260922T213000Z,armstrongeconomics.com,English,United States,crude oil,D2_품목,2026-09-22,[],0,NONE,,
49370ba642d15c3f07b175b34819e6c9,Die Strandloper: mussel shells used for 10-course seafood feast | The Examiner,https://www.examiner.com.au/story/9351301/die-strandloper-mussel-shells-used-for-10-course-seafood-feast/,20260922T213000Z,examiner.com.au,English,,seafood,D8_수산물,2026-09-22,[],0,NONE,,
94012c9f7bb2ebe1b8220b1485077e10,Die Strandloper: mussel shells used for 10-course seafood feast | Newcastle Herald,https://www.newcastleherald.com.au/story/9351301/die-strandloper-mussel-shells-used-for-10-course-seafood-feast/,20260922T213000Z,newcastleherald.com.au,English,,seafood,D8_수산물,2026-09-22,"[""FP_Newcastle""]",1,NONE,,
e1d6fca4271f7760bdec90783637f2cd,Die Strandloper: mussel shells used for 10-course seafood feast | Nyngan Observer,https://www.nynganobserver.com.au/story/9351301/die-strandloper-mussel-shells-used-for-10-course-seafood-feast/,20260922T213000Z,nynganobserver.com.au,English,,seafood,D8_수산물,2026-09-22,[],0,NONE,,
1ecf05e1fc520b61f6da4a033fcada10, [ Editorial ] Broken chain,https://www.koreaherald.com/article/10882570,20260922T211500Z,koreaherald.com,English,South Korea,delay,D6_교란행위,2026-09-22,[],0,NONE,,
49789a0be0c8639c3a3c70af255d45d3,Danny Boyle Rupert Murdoch movie has earned raves and controversy . ,https://slate.com/culture/2026/09/tiff-ink-movie-oscars-the-sun-rupert-murdoch-uk-guy-pearce.html,20260922T211500Z,slate.com,English,United States,fleet,D4_운송,2026-09-22,[],0,NONE,,
28fcfcb10f76886102b03aad35027fab,St . George gas average pushes past $5 per gallon . Is the state next ? ,https://www.ksl.com:443/article/51627164/st-georges-gas-average-pushes-past-5-per-gallon-is-the-state-next,20260922T211500Z,ksl.com,English,United States,crude oil,D2_품목,2026-09-22,[],0,NONE,,
fbaad2cdee7905776d4b27de2adbf357,5 Things to Know Before the Stock Market Opens on Monday,https://finance.yahoo.com/markets/stocks/articles/5-things-know-stock-market-121105551.html,20260922T211500Z,finance.yahoo.com,English,United States,crude oil,D2_품목,2026-09-22,[],0,NONE,Market opening,
287cf52a357e94e6660ff96fb081436d,Missing man found in partially submerged minivan in Box Elder County,https://www.ksl.com:443/article/51627191/missing-man-found-in-partially-submerged-minivan-in-box-elder-county,20260922T211500Z,ksl.com,English,United States,canal,D3_인프라,2026-09-22,[],0,NONE,,
62c81740d645a855831b55aa942f5167,This cyberpunk Chinese foodie capital is Asia coolest city break,https://www.independent.co.uk/travel/asia/china/chengdu-cyberpunk-china-city-break-pandas-b3053097.html,20260922T211500Z,independent.co.uk,English,United Kingdom,canal,D3_인프라,2026-09-22,[],0,NONE,,
42f5ff1ac05935e4e508b33e5d2eb44d,Die Strandloper: mussel shells used for 10-course seafood feast | Mudgee Guardian,https://www.mudgeeguardian.com.au/story/9351301/die-strandloper-mussel-shells-used-for-10-course-seafood-feast/,20260922T211500Z,mudgeeguardian.com.au,English,,seafood,D8_수산물,2026-09-22,[],0,NONE,,
6e4cc282180b4e24477f21dc76da1416,Die Strandloper: mussel shells used for 10-course seafood feast | The Maitland Mercury,https://www.maitlandmercury.com.au/story/9351301/die-strandloper-mussel-shells-used-for-10-course-seafood-feast/,20260922T211500Z,maitlandmercury.com.au,English,,seafood,D8_수산물,2026-09-22,[],0,NONE,,
76fd74e51dbef2ffe134a86140b74684,"Welcome fall with this Roasted Garlic and Parmesan White Bean Soup with Crispy Prosciutto - InForum | Fargo , Moorhead and West Fargo news , weather and sports",https://www.grandforksherald.com/lifestyle/welcome-fall-with-this-roasted-garlic-and-parmesan-white-bean-soup-with-crispy-prosciutto,20260922T210000Z,grandforksherald.com,English,United States,container,D2_품목,2026-09-22,[],0,NONE,Recipe article,
d6b7ec11512405de6ca1dcbc3117f025,"Nikita Hand book released : Fear of being killed , suicidal thoughts and considering Dee Devlin -  I decided to live  ",https://www.irishmirror.ie/news/irish-news/nikita-hands-book-released-fear-37690805,20260922T210000Z,irishmirror.ie,English,Ireland,container,D2_품목,2026-09-22,[],0,NONE,Personal memoir,
1898ddb648ebe0e7aefd7375b46ddefd,"Nigeria Reviews Petrol Pricing Rules With Dangote , Marketers",https://zalebs.com/business/nmdpra-consults-dangote-marketers-on-petrol-pricing-rules/,20260922T210000Z,zalebs.com,English,South Africa,refinery,D3_인프라,2026-09-22,[],0,NONE,,
1df4e9b7e65f9c1056cc93207d8017b8,Die Strandloper: mussel shells used for 10-course seafood feast | Southern Highland News,https://www.southernhighlandnews.com.au/story/9351301/die-strandloper-mussel-shells-used-for-10-course-seafood-feast/,20260922T210000Z,southernhighlandnews.com.au,English,,seafood,D8_수산물,2026-09-22,[],0,NONE,,
02dcb6bbc4fbc94da02089f1741f48c4,Die Strandloper: mussel shells used for 10-course seafood feast | Manning River Times,https://www.manningrivertimes.com.au/story/9351301/die-strandloper-mussel-shells-used-for-10-course-seafood-feast/,20260922T210000Z,manningrivertimes.com.au,English,,seafood,D8_수산물,2026-09-22,[],0,NONE,,
4aa078b7305a3b8a1d087be3811d3e24,Die Strandloper: mussel shells used for 10-course seafood feast | The Armidale Express,https://www.armidaleexpress.com.au/story/9351301/die-strandloper-mussel-shells-used-for-10-course-seafood-feast/,20260922T210000Z,armidaleexpress.com.au,English,,seafood,D8_수산물,2026-09-22,[],0,NONE,,
50d05290a39a251861c2c2c91af5b767,Die Strandloper: mussel shells used for 10-course seafood feast | St George & Sutherland Shire Leader,https://www.theleader.com.au/story/9351301/die-strandloper-mussel-shells-used-for-10-course-seafood-feast/,20260922T210000Z,theleader.com.au,English,,seafood,D8_수산물,2026-09-22,[],0,NONE,,
a8e1c0e236431e7e7fd8c58b7064ac5c,Die Strandloper: mussel shells used for 10-course seafood feast | Bega District News,https://www.begadistrictnews.com.au/story/9351301/die-strandloper-mussel-shells-used-for-10-course-seafood-feast/,20260922T210000Z,begadistrictnews.com.au,English,,seafood,D8_수산물,2026-09-22,[],0,NONE,,
a9f332ae66586649fcc99d3b25a4a06f,Northern Pikeminnow Reward Fishery Season Extended At Boyer Park On Snake River,https://pullmanradio.com/northern-pikeminnow-reward-fishery-season-extended-at-boyer-park-on-snake-river/,20260922T210000Z,pullmanradio.com,English,,fishery,D8_수산물,2026-09-22,[],0,NONE,,
cbdffcb9a955aba83d2b0ee1a2db8f52,Sega was planning to cancel the entire Sonic franchise at one point but the first movie saved it according to Sonic Team head,https://www.eventhubs.com/news/2026/sep/22/sega-cancel-sonic-franchise-saved/,20260922T204500Z,eventhubs.com,English,Japan,delay,D6_교란행위,2026-09-22,[],0,NONE,,
149ce52a27ef1e41a5d9b47f7f54947a,"CFM56 Overhaul Demand Remains Strong , GE Aerospace Says",https://aviationweek.com/mro/aircraft-propulsion/cfm56-overhaul-demand-remains-strong-ge-aerospace-says,20260922T204500Z,aviationweek.com,English,United States,fleet,D4_운송,2026-09-22,"[""KC_KAI""]",1,NONE,,
5ddab65b548b26d0c975547a6074ddad,"Air India , SIAEC Target MRO Skills As India Fleet Expands",https://aviationweek.com/mro/workforce-training/air-india-siaec-target-mro-skills-india-fleet-expands,20260922T204500Z,aviationweek.com,English,United States,fleet,D4_운송,2026-09-22,"[""KC_KoreanAir""]",1,NONE,,
b295b9ab4ccea86ec2d876dd149d7acb,"EOG Resources Schedules Conference Call and Webcast of Third Quarter 2026 Results for November 6 , 2026",http://www.prnewswire.com/news-releases/eog-resources-schedules-conference-call-and-webcast-of-third-quarter-2026-results-for-november-6-2026-302886379.html,20260922T204500Z,prnewswire.com,English,United States,crude oil,D2_품목,2026-09-22,[],0,NONE,,
fcf519dc3e2c0c6c2fe372716c29adde,Idaho gas prices up seven cents this week,http://www.postregister.com/freeaccess/idaho-gas-prices-up-seven-cents-this-week/article_d5c8eb11-32a2-5f77-8cc2-286febfd0ab5.html,20260922T204500Z,postregister.com,English,United States,crude oil,D2_품목,2026-09-22,[],0,NONE,Regional gas prices,
262e77d851abdfa178818e402d1b073d,Taylor Swift fans make bold prediction about marriage to Travis Kelce after huge announcement,https://metro.co.uk/2026/09/22/taylor-swift-fans-make-bold-prediction-marriage-travis-kelce-huge-announcement-29645488/,20260922T204500Z,metro.co.uk,English,United Kingdom,terminal,D3_인프라,2026-09-22,[],0,NONE,,
79a6b716fcd0c24e26c960105f7fa115,The Elmet Group Secures Long - Term Tungsten Offtake Agreement with Tungsten West Hemerdon Mine,https://www.finanznachrichten.de/nachrichten-2026-09/69648453-the-elmet-group-secures-long-term-tungsten-offtake-agreement-with-tungsten-west-s-hemerdon-mine-399.htm,20260922T204500Z,finanznachrichten.de,English,Germany,critical minerals,D2_품목,2026-09-22,[],0,NONE,,
9926fe30596ed2ce34e9c628e6011e6a,"Fast, Easy Recipes for Fish and Seafood",https://article.wn.com/view/2026/09/22/Fast_Easy_Recipes_for_Fish_and_Seafood_u/,20260922T204500Z,wn.com,English,,seafood,D8_수산물,2026-09-22,[],0,NONE,,
56f1556d1021851a945148cb13efad84,Suspending fuel tax for savings at the pump,https://www.alberta.ca/release.cfm?xID=97808E7904EC3-AC07-E528-948DF8816DCAFB58,20260922T204500Z,alberta.ca,English,Canada,oil price,D5_시장지표,2026-09-22,[],0,NONE,Fuel tax suspension,
6b6657d59c8613bb7776837e36006e91,"AI disruption fears slam another pocket of the market . Plus , Apple explores a new wearable",https://www.cnbc.com/2026/09/22/ai-disruption-fears-slam-another-pocket-of-the-market-plus-apple-explores-a-new-wearable-.html,20260922T204500Z,cnbc.com,English,United States,WTI crude,D5_시장지표,2026-09-22,[],0,NONE,,
930bf58ba35be8e956df1a7a3ab38bc5,Die Strandloper: mussel shells used for 10-course seafood feast | The Inverell Times,https://www.inverelltimes.com.au/story/9351301/die-strandloper-mussel-shells-used-for-10-course-seafood-feast/,20260922T203000Z,inverelltimes.com.au,English,,seafood,D8_수산물,2026-09-22,[],0,NONE,,
7cac895c021ac6f11c0669265a35ba06,Die Strandloper: mussel shells used for 10-course seafood feast | Magnet,https://www.edenmagnet.com.au/story/9351301/die-strandloper-mussel-shells-used-for-10-course-seafood-feast/,20260922T203000Z,edenmagnet.com.au,English,,seafood,D8_수산물,2026-09-22,[],0,NONE,,
e2775c0ec3ff232325973b4a4a659bf2,Die Strandloper: mussel shells used for 10-course seafood feast | Katherine Times,https://www.katherinetimes.com.au/story/9351301/die-strandloper-mussel-shells-used-for-10-course-seafood-feast/,20260922T203000Z,katherinetimes.com.au,English,,seafood,D8_수산물,2026-09-22,[],0,NONE,,
b0520f707c9fb0189e852405c3f7bd37,Die Strandloper: mussel shells used for 10-course seafood feast | Moree Champion,https://www.moreechampion.com.au/story/9351301/die-strandloper-mussel-shells-used-for-10-course-seafood-feast/,20260922T203000Z,moreechampion.com.au,English,,seafood,D8_수산물,2026-09-22,[],0,NONE,,
a4b64afa3b90576f8126ca9c2e09e4b9,"Haryana police use water cannons , tear gas to disperse farmers protesting paddy procurement delay",https://www.thehindu.com/news/national/haryana/haryana-police-use-water-cannons-tear-gas-to-disperse-farmers-protesting-paddy-procurement-delay/article71496152.ece,20260922T201500Z,thehindu.com,English,India,delay,D6_교란행위,2026-09-22,[],0,NONE,,
aaa9c6800956b7ef54254396f39d7ce1,"911 dispatch  mistake delayed search for Parker Wells , according to City of Calgary",https://www.cbc.ca/news/canada/calgary/parker-wells-911-review-9.7353950,20260922T201500Z,cbc.ca,English,Canada,delay,D6_교란행위,2026-09-22,[],0,NONE,,
e9b0c04b3e553acaef9368bd3a2e11a1,"Heavy vehicle norms only on paper , say residents of Pune Mohammedwadi after another fatal crash | Pune News",https://timesofindia.indiatimes.com/city/pune/heavy-vehicle-norms-only-on-paper-say-residents-of-punes-mohammedwadi-after-another-fatal-crash/articleshow/134419934.cms,20260922T201500Z,timesofindia.indiatimes.com,English,India,delay,D6_교란행위,2026-09-22,[],0,NONE,,
bedaa2c65616fc38395702339d803490,"European pharma chiefs warn region risks losing ground to America , China",https://economictimes.indiatimes.com/news/international/business/european-pharma-chiefs-warn-region-risks-losing-ground-to-america-china/articleshow/134419761.cms,20260922T201500Z,economictimes.indiatimes.com,English,India,delay,D6_교란행위,2026-09-22,[],0,NONE,,
8fab8584ce2f65af21eacda750024f30,Trump Compares AI Warnings to Past Climate Fears He Wrongly Says Were a  Hoax  ,https://truthout.org/articles/trump-compares-ai-warnings-to-past-climate-fears-he-wrongly-says-were-a-hoax/,20260922T201500Z,truthout.org,English,United States,delay,D6_교란행위,2026-09-22,[],0,NONE,,
24f2d7b9676dda163b31f5ee246ed467,"The NFL skinny after Week 2 : Risers and fallers , MVP and the biggest games coming",https://fansided.com/nfl/the-nfl-skinny-after-week-2-risers-and-fallers-mvp-and-the-biggest-games-coming,20260922T201500Z,fansided.com,English,United States,delay,D6_교란행위,2026-09-22,[],0,NONE,,
a55875a43623252d28b49895d9c76bbf,New BC Ferries vessels honour Snuneymuxw First Nation with gifted names,https://cheknews.ca/new-bc-ferries-vessels-honour-snuneymuxw-first-nation-with-gifted-names-1349325/,20260922T201500Z,cheknews.ca,English,Canada,fleet,D4_운송,2026-09-22,[],0,NONE,,
7635c3c1f8a17b0585c67e4535339ca7,Rank wants to pool Nigeria savings into a wealth engine,https://techcabal.com/2026/09/22/nigerias-savers-have-money-yc-backed-rank-wants-to-turn-it-into-wealth/,20260922T201500Z,techcabal.com,English,Nigeria,fleet,D4_운송,2026-09-22,[],0,NONE,Financial services,
64851f3222c7461b9677cefe183f512e,Prediction : 3 Stocks That Will Be Worth More Than Palantir 5 Years From Now,https://www.fool.com/investing/2026/09/22/prediction-3-stocks-that-will-be-worth-more-than-p/,20260922T201500Z,fool.com,English,United States,shortage,D6_교란행위,2026-09-22,[],0,NONE,,
eb571ac010900690ddb7fa1a73f14e30,The Witcher has released the first in a series of audiobooks featuring a full cast,https://winteriscoming.net/the-witcher-released-first-series-audiobooks-full-cast,20260922T201500Z,winteriscoming.net,English,United States,shortage,D6_교란행위,2026-09-22,[],0,NONE,,
d1d893e6a9df2860ec9790d86add7b59,George R . R . Martin and Game of Thrones showrunners reunite at the Lucas Museum of Narrative Art grand opening,https://winteriscoming.net/george-r-r-martin-game-of-thrones-showrunners-reunite-lucas-museum-of-narrative-art-opening,20260922T201500Z,winteriscoming.net,English,United States,shortage,D6_교란행위,2026-09-22,[],0,NONE,,
4dcffcfe89adc1bed1a4d00ca787acb9,Trump praises new British PM Burnham but criticizes Chagos Islands agreement,https://www.theglobeandmail.com/world/article-trump-burnham-british-pm-uk/,20260922T201500Z,theglobeandmail.com,English,Canada,Houthi,D7_행위자,2026-09-22,[],0,NONE,UK politics,
a1cc942e47dd6296b12ca06b83ce9a1f,Royal Jordanian Marks New Global Achievement as Samer Majali Wins ATW Excellence in Leadership Award,https://alanbatnews.net/article/483656,20260922T201500Z,alanbatnews.net,English,Jordan,carrier,D4_운송,2026-09-22,[],0,NONE,,
26fef605a9fca6f911717adfb0a2aa34,Sekur Private Data Ltd .: Sekur Private Data Launches Sekur . com in Portuguese in Preparation for Angola Launch,https://www.finanznachrichten.de/nachrichten-2026-09/69648342-sekur-private-data-ltd-sekur-private-data-launches-sekur-com-in-portuguese-in-preparation-for-angola-launch-200.htm,20260922T201500Z,finanznachrichten.de,English,Germany,carrier,D4_운송,2026-09-22,[],0,NONE,,
5afac7972dda51194996fde9d767e9f2,Nigeria aviation market ranks fourth largest in Africa FAAN,https://theeagleonline.com.ng/nigerias-aviation-market-ranks-fourth-largest-in-africa-faan/,20260922T201500Z,theeagleonline.com.ng,English,Nigeria,terminal,D3_인프라,2026-09-22,[],0,NONE,,
7799d5cdfc1383f64541462b89c026b8,  Pausing  Intensifies : OpenAI Unleashes Latest Model Minutes After Dario Dumps Magnum Opus,https://www.zerohedge.com/ai/anthropic-paces-frontier-unleashing-its-most-powerful-opus-yet-and-slashing-prices-60,20260922T201500Z,zerohedge.com,English,United States,terminal,D3_인프라,2026-09-22,[],0,NONE,,
f95cf091aa7718830b283fdca939ff0f,Anthropic And OpenAI Announce More Powerful ( And Cheaper ) AI Models,https://www.engadget.com/2265801/anthropic-and-openai-announce-more-powerful-and-cheaper-ai-models/,20260922T201500Z,engadget.com,English,Japan,terminal,D3_인프라,2026-09-22,[],0,NONE,,
31273d6ed34b3ffc405a8de913655f30,"Nigeria airline capacity hits 1 . 19 million seats , up 37 . 4 % FAAN",https://tribuneonlineng.com/nigerias-airline-capacity-hits-1-19-million-seats-up-37-4-faan/,20260922T201500Z,tribuneonlineng.com,English,Nigeria,terminal,D3_인프라,2026-09-22,[],0,NONE,,
e411b1d39beefd4fc8350ddc221cd1ba,The Industry Group ( TIG ) and Kiosk Association Advance Accessibility with U . S . Access Board,http://www.somdnews.com/ap/nation/the-industry-group-tig-and-kiosk-association-advance-accessibility-with-u-s-access-board/article_d61219ef-6d67-5783-b652-a00f5b90d367.html,20260922T201500Z,somdnews.com,English,United States,terminal,D3_인프라,2026-09-22,[],0,NONE,,
9c567eba736456d944c11bb62791053f,Greenland Mines says US pact could strengthen mineral supply,https://www.canadianminingjournal.com/news/greenland-mines-says-us-pact-could-strengthen-mineral-supply/,20260922T201500Z,canadianminingjournal.com,English,Canada,critical minerals,D2_품목,2026-09-22,[],0,NONE,,
19d204931f1b2c69a9b5a04123612ff0,Sixteen Years Ahead of His Time : Eni Faleomavaega Vision for American Samoa Ocean Future | American Samoa,https://www.samoanews.com/sixteen-years-ahead-his-time-eni-faleomavaegas-vision-american-samoas-ocean-future,20260922T201500Z,samoanews.com,English,Samoa,critical minerals,D2_품목,2026-09-22,[],0,NONE,,
8f96de82a82af5cb7adc7dcfcbce5105,Traffic diverted for Ganesh idol immersion,https://timesofindia.indiatimes.com/city/noida/traffic-diverted-for-ganesh-idol-immersion/articleshow/134419872.cms,20260922T201500Z,timesofindia.indiatimes.com,English,India,congestion,D6_교란행위,2026-09-22,[],0,NONE,,
0d8b4109672d9581992f9cac535c1d8a,"Serious crash on A38 , Bromsgrove - closed roads and chaos The Bromsgrove Standard",https://bromsgrovestandard.co.uk/news/travel-alert-serious-crash-on-bromsgroves-a38-leads-to-road-closures-and-traffic-chaos/,20260922T201500Z,bromsgrovestandard.co.uk,English,United Kingdom,congestion,D6_교란행위,2026-09-22,[],0,NONE,,
8049b5b3b4cd13f2c65470cbbf715bba,Monmouth Road closed after crash near Trelleck school,https://www.southwalesargus.co.uk/news/26573382.monmouth-road-closed-crash-near-trelleck-school/,20260922T201500Z,southwalesargus.co.uk,English,United Kingdom,congestion,D6_교란행위,2026-09-22,[],0,NONE,,
68cf64a1617d23c9530b442110c7ee6b,Newborn body found in canal | Trichy News - The Times of India,https://timesofindia.indiatimes.com/city/trichy/newborns-body-found-in-canal/articleshow/134419900.cms,20260922T201500Z,timesofindia.indiatimes.com,English,India,canal,D3_인프라,2026-09-22,[],0,NONE,,
0036e553447833a52b792820b8aacc26,"A  bubblegum  coral grew into branching colonies below the Pacific without relying on a rigid skeleton , and scientists finally found the hidden internal scaffold helping those soft - looking branches hold themselves together in the deep",https://www.ecoportal.net/en/bubblegum-coral-skeleton-grew-pacific/39083/,20260922T201500Z,ecoportal.net,English,United States,canal,D3_인프라,2026-09-22,[],0,NONE,,
d2a41fbe3ef7d496e41b50fefee5d99d,"Adam Driver , Miles Teller star in  Paper Tiger  official trailer – WARM 106 . 9",https://warm1069.com/adam-driver-miles-teller-star-in-paper-tiger-official-trailer/,20260922T201500Z,warm1069.com,English,United States,canal,D3_인프라,2026-09-22,[],0,NONE,,
cf8c9b49f2ff0e511f4cc529333139e1,"ESIC staffer killed , colleague injured as tanker hits scooter in Faridabad",https://timesofindia.indiatimes.com/city/gurgaon/esic-staffer-killed-colleague-injured-as-tanker-hits-scooter-in-faridabad/articleshow/134419913.cms,20260922T201500Z,timesofindia.indiatimes.com,English,India,tanker,D4_운송,2026-09-22,[],0,NONE,Road accident,
ddf4ae250c7bc1b07f04fe18d55f8a2b,Alberta to pause provincial gasoline tax as of Oct . 1,https://www.cbc.ca/news/canada/calgary/alberta-pause-gas-tax-9.7354046,20260922T201500Z,cbc.ca,English,Canada,Persian Gulf,D1_초크포인트,2026-09-22,[],0,NONE,,
f5080a3f5db3b99e51a6f5741fe8f881,"Senator Says European Nations Must Sanction Trump , Rubio Before US Wrecks ICC",https://truthout.org/articles/senator-says-european-nations-must-sanction-trump-rubio-before-us-wrecks-icc/,20260922T201500Z,truthout.org,English,United States,Iran military,D7_행위자,2026-09-22,[],0,NONE,ICC sanctions,
827269c795c98b0d6e9e7f7de2556b1a,"Over 40L SIR hearing dates lapse , 9L notices undelivered",https://timesofindia.indiatimes.com/city/hyderabad/over-40l-sir-hearing-dates-lapse-9l-notices-undelivered/articleshow/134419814.cms,20260922T200000Z,timesofindia.indiatimes.com,English,India,delay,D6_교란행위,2026-09-22,[],0,NONE,,
f0aab1cbd96bd955555839d6c15b5382,"EXCLUSIVE : Court Adjourns Indefinitely Trial Of Patience Jonathan 14 Ex - Domestic Workers Detained Since 2019 , Languishing In Jail Over Non - Appearance Of Prosecution",https://saharareporters.com/2026/09/22/exclusive-court-adjourns-indefinitely-trial-patience-jonathans-14-ex-domestic-workers,20260922T200000Z,saharareporters.com,English,Nigeria,delay,D6_교란행위,2026-09-22,[],0,NONE,,
4508237ddf3d64bdce8ec644d689123b,MES Inc . Urges Robotics OEMs to Lock In Manufacturing Strategy Before Design Freeze as Global Robot Demand Hits Record Levels,https://www.prnewswire.com/news-releases/mes-inc-urges-robotics-oems-to-lock-in-manufacturing-strategy-before-design-freeze-as-global-robot-demand-hits-record-levels-302886673.html,20260922T200000Z,prnewswire.com,English,United States,fleet,D4_운송,2026-09-22,"[""KS_Manufacture""]",1,NONE,,
2831b2660621bb310db540925040186d,Bellbrook - Sugarcreek Support Center faces food shortages - WHIO TV 7 and WHIO Radio,https://www.whio.com/news/local/food-shortages-hit-bellbrook-sugarcreek-community-support-center/PLIANTBIY5D5XH5JXTXC3R6UPM/,20260922T200000Z,whio.com,English,United States,shortage,D6_교란행위,2026-09-22,"[""KS_FoodAgri""]",1,NONE,,
e6480f0aa170edf46db64aca10f04548,Pasta dinner served Monday at Sault hall,https://www.saultstar.com:443/news/pasta-dinner-served-monday-at-sault-hall,20260922T200000Z,saultstar.com,English,Canada,container,D2_품목,2026-09-22,[],0,NONE,Community dinner,
c31fc5517a34401e039ccac18fc36b86,"Anambra Government Releases 2006 Memo On Unpaid Salaries Under Peter Obi , Asks Him  When Will You Quit Presidential Race ? ",https://saharareporters.com/2026/09/22/anambra-government-releases-2006-memo-unpaid-salaries-under-peter-obi-asks-him-when-will,20260922T200000Z,saharareporters.com,English,Nigeria,exchange rate,D5_시장지표,2026-09-22,[],0,NONE,,
3dac06c39d50e850f5f0743aab1dc36e,POLICE : Teen arrested after several guns stolen from cars in Holly Ridge,https://www.witn.com/2026/09/22/police-teen-arrested-after-several-guns-stolen-cars-holly-ridge/,20260922T194500Z,witn.com,English,United States,delay,D6_교란행위,2026-09-22,[],0,NONE,,
f8caa9e2b042f373dd9e89e3e5d02ae1,HC : PG doctors in govt institutes cant escape compulsory service bond due to posting delay | Lucknow News,https://timesofindia.indiatimes.com/city/lucknow/hc-pg-doctors-in-govt-institutes-cant-escape-compulsory-service-bond-due-to-posting-delay/articleshow/134419726.cms,20260922T194500Z,timesofindia.indiatimes.com,English,India,delay,D6_교란행위,2026-09-22,[],0,NONE,,
724f504fede5d0c084fe40a4de838bc6,Rains bail out delta farmers amid poor Cauvery water reach,https://timesofindia.indiatimes.com/city/trichy/rains-bail-out-delta-farmers-amid-poor-cauvery-water-reach/articleshow/134419704.cms,20260922T194500Z,timesofindia.indiatimes.com,English,India,delay,D6_교란행위,2026-09-22,[],0,NONE,,
12dae8a8c56158abec89840c12b9d3aa,"DGCA doing operational , financial checks on SpiceJet : Aviation Min Naidu",https://www.business-standard.com/companies/news/dgca-doing-operational-financial-checks-on-spicejet-aviation-min-naidu-126092201056_1.html,20260922T194500Z,business-standard.com,English,India,delay,D6_교란행위,2026-09-22,[],0,NONE,,
94e5fc19433de0ac11133c01cf866682,"Rents are dropping across Canada , but theyre falling more in tariff - hit cities - National",https://globalnews.ca/news/12068727/rents-falling-canada-tariff-hit-cities/,20260922T194500Z,globalnews.ca,English,Canada,delay,D6_교란행위,2026-09-22,[],0,NONE,,
06d6856b316ff3d3365c0fcfbeef2fea,Sensory neurons remember past allergens to trigger future allergic reactions,https://www.news-medical.net/news/20260922/Sensory-neurons-remember-past-allergens-to-trigger-future-allergic-reactions.aspx,20260922T194500Z,news-medical.net,English,United States,delay,D6_교란행위,2026-09-22,[],0,NONE,,
d93fdad7f7c108e85f86cb1fc6def643,Mali setbacks force Resolute Mining to cut Syama outlook,https://www.mining.com/mali-challenges-force-resolute-mining-to-cut-syama-outlook/,20260922T194500Z,mining.com,English,Canada,fleet,D4_운송,2026-09-22,[],0,NONE,,
dafd78c3bd690e8e88767fa927bd2553,From monks to the Royal Daffodil - the 800 year history of Mersey Ferries,https://www.liverpoolecho.co.uk/news/nostalgia/monks-royal-daffodil-800-year-34657073,20260922T194500Z,liverpoolecho.co.uk,English,United Kingdom,fleet,D4_운송,2026-09-22,[],0,NONE,,
ad842a5c70f3a2200e6a01cd4edac0b0,GM 8 . 3L Duramax Mongoose Arrives at Record Diesel Prices,https://www.topspeed.com/gm-8-3l-duramax-mongoose-diesel-timing/,20260922T194500Z,topspeed.com,English,United States,fleet,D4_운송,2026-09-22,[],0,NONE,,
f3d4f61138998e98748abdf51ffcfcbe,"At United Nations , Trump continues his rhetoric on ending India - Pakistan conflict",https://newsindiatimes.com/at-united-nations-trump-continues-his-rhetoric-on-ending-india-pakistan-conflict/,20260922T194500Z,newsindiatimes.com,English,United States,fleet,D4_운송,2026-09-22,"[""SS_USA""]",1,NONE,Political rhetoric,
d34c2ed7f3e40503f5d7021e7249e4ac,"10 Used Trucks Under $30K That Tow 10 , 000 Lbs",https://www.topspeed.com/used-pickup-trucks-under-30k-that-can-tow-10000-pounds/,20260922T194500Z,topspeed.com,English,United States,fleet,D4_운송,2026-09-22,[],0,NONE,Vehicle sales,
e6a29804a39791eb08f0241e3db1a4ea,"This is where to go in Europe this shoulder season for sunshine , fewer crowds and better prices",https://www.cntraveller.com/article/this-is-where-to-go-in-europe-this-shoulder-season-for-sunshine-fewer-crowds-and-better-prices,20260922T194500Z,cntraveller.com,English,United Kingdom,shortage,D6_교란행위,2026-09-22,[],0,NONE,European travel guide,
c6d64b9bec139fd3b9256cddb53bd8d8,National Film Awards 2026 : Aanand L Rai calls first documentary award special ; says Dhanushs win makes him a little scared,https://news.webindia123.com/news/Articles/Entertainment/20260922/4502179.html,20260922T194500Z,news.webindia123.com,English,India,shortage,D6_교란행위,2026-09-22,[],0,NONE,,
2abc0d41e346065dbd18a953097041d9,CT home heating costs expected to rise this winter,https://www.nhpr.org/2026-09-22/ct-home-heating-costs-expected-to-rise-this-winter,20260922T194500Z,nhpr.org,English,United States,shortage,D6_교란행위,2026-09-22,[],0,NONE,,
172741f730826fa266e1c4d7468e172b,Nagaland Governor reviews NPSC functioning,https://morungexpress.com/nagaland-governor-reviews-npsc-functioning,20260922T194500Z,morungexpress.com,English,India,shortage,D6_교란행위,2026-09-22,[],0,NONE,,
df6c87c85c241502cd5c589c467e2d4b,ONGC KG basin struggles to deliver on deepwater production promise,https://www.business-standard.com/industry/news/ongc-kg-basin-deepwater-kg-dwn-98-2-oil-production-decline-bp-126092201470_1.html,20260922T194500Z,business-standard.com,English,India,crude oil,D2_품목,2026-09-22,[],0,NONE,Deepwater production,
a12525701790c31be92241b81ca72913,Alberta to pause provincial fuel tax until 2027,https://globalnews.ca/news/12068823/alberta-fuel-tax-suspension-2026/,20260922T194500Z,globalnews.ca,English,Canada,crude oil,D2_품목,2026-09-22,[],0,NONE,Provincial fuel tax,
ad7aac98a81473f38a1786d890012414,"No , banning diesel exports wont lower gas prices",https://reason.com/2026/09/22/no-banning-diesel-exports-wont-lower-gas-prices/,20260922T194500Z,reason.com,English,United States,crude oil,D2_품목,2026-09-22,[],0,NONE,Diesel export policy,
29894e690efb40db14207023be3815d3,Docks company increases revenues but sees pre - tax losses widen,https://www.thebusinessdesk.com/northwest/news/2179441-docks-company-increases-revenues-but-sees-pre-tax-losses-widen/,20260922T194500Z,thebusinessdesk.com,English,United Kingdom,container,D2_품목,2026-09-22,[],0,NONE,,
42f99ecbf0e5b54f226acd717d240b70,Florida Mom Accused of Sexual Acts with Dog Posts About  Toxic Traits  ,https://radaronline.com/p/florida-mom-malia-nummerdor-sexual-acts-family-dog-cryptic-quote-toxic-traits-arrest/,20260922T194500Z,radaronline.com,English,United States,container,D2_품목,2026-09-22,[],0,NONE,,
0b8e3aa815c1ae8fbede8625adba0392,CHS Ambulance becomes first in region to carry blood for emergency transfusions,https://www.whec.com/top-news/chs-ambulance-becomes-first-in-region-to-carry-blood-for-emergency-transfusions/,20260922T194500Z,whec.com,English,United States,carrier,D4_운송,2026-09-22,[],0,NONE,,
bbdfe90eea3d9cadc7578cdb4cd2b216,Woman at center of Grand Central commuter chaos arraigned on felony charges,https://gothamist.com/news/woman-at-center-of-grand-central-commuter-chaos-arraigned-on-felony-charges,20260922T194500Z,gothamist.com,English,United States,terminal,D3_인프라,2026-09-22,[],0,NONE,Transit incident,
7f7575b3c3e03d22b793c0b891f05d84,EPA announces $93 . 4M plan to rid California Superfund site of dangerous chemicals – Winnipeg Free Press,https://www.winnipegfreepress.com/arts-and-life/life/greenpage/2026/09/22/epa-announces-93-4m-plan-to-rid-california-superfund-site-of-dangerous-chemicals,20260922T194500Z,winnipegfreepress.com,English,Canada,terminal,D3_인프라,2026-09-22,"[""KS_Material""]",1,NONE,EPA superfund site,
8c2a2285d70e99c223f455eebab6d72e,Value rises to $1 . 45B for Bravo Luanga PGM project in Brazil,https://www.mining.com/value-rises-to-1-45b-for-bravos-luanga-pgm-project-in-brazil/,20260922T194500Z,mining.com,English,Canada,critical minerals,D2_품목,2026-09-22,[],0,NONE,,
d5a5ae46883489ac879b58d5bcb0da93,Greenwood officials approve zoning for first Indiana Buc - ee location – Inside INdiana Business,https://www.insideindianabusiness.com/articles/greenwood-officials-approve-zoning-for-first-indiana-buc-ees-location,20260922T194500Z,insideindianabusiness.com,English,United States,congestion,D6_교란행위,2026-09-22,[],0,NONE,,
307bff49ad64445431a678886416b47b,It official : this is where to find the very best pizza in the world,https://www.cntraveller.com/article/its-official-this-is-where-to-find-the-very-best-pizza-in-the-world,20260922T194500Z,cntraveller.com,English,United Kingdom,wheat,D2_품목,2026-09-22,[],0,NONE,,
a1222756b816e7b988f9013aa1199166,Trump Latest Deal with Belarus Sure Smells Like Sh * t,https://www.esquire.com/news-politics/politics/a73837903/trump-belarus-canada-fertilizer-potash/,20260922T194500Z,esquire.com,English,United States,fertilizer,D2_품목,2026-09-22,[],0,NONE,,
342d95218d53a914462d333dc465ad8c,Trump on Cuba :  It Will Fall  ,https://hotair.com/john-s-2/2026/09/22/heres-what-is-happening-in-cuba-n3819229,20260922T194500Z,hotair.com,English,United States,exchange rate,D5_시장지표,2026-09-22,[],0,NONE,,
6d8c67a75bafae749b7eebe18351292c,Spain clears way for US extradition case against millionaire activist,https://kvia.com/news/us-world/cnn-world/2026/09/22/spain-clears-way-for-us-extradition-case-against-millionaire-activist/,20260922T194500Z,kvia.com,English,United States,embargo,D6_교란행위,2026-09-22,[],0,NONE,,
a1808d6b19a1dc76ed7d79b15b28447b,COVID vaccines for uninsured Tennessee kids in limbo amid federal delays,https://www.timesfreepress.com/news/2026/sep/22/covid-vaccines-for-uninsured-tennessee-kids-in/,20260922T193000Z,timesfreepress.com,English,United States,delay,D6_교란행위,2026-09-22,"[""EVT_COVID2020""]",1,NONE,,
19e46c9e21290fa1b3dd5c14c7633e64,BMW facing £600m hit from car mis - selling scandal,https://www.aol.com/articles/bmw-facing-600m-hit-car-185149000.html,20260922T193000Z,aol.com,English,United States,delay,D6_교란행위,2026-09-22,[],0,NONE,,
45b91cb3f479329440a9a5b8803acfdd,"Tennessee officials approve plan to seek master developer for lots near Capitol , Boring tunnel",https://www.timesfreepress.com/news/2026/sep/22/tennessee-officials-approve-plan-to-seek-master/,20260922T193000Z,timesfreepress.com,English,United States,delay,D6_교란행위,2026-09-22,[],0,NONE,,
2bc8477956dada03fb5bea6b9f0e08a1,"Pakistan , seven other Muslim countries urge Israel to fulfil Gaza ceasefire commitments",https://tribune.com.pk/story/2630814/pakistan-seven-other-muslim-countries-demand-israel-to-fulfil-gaza-ceasefire-commitments,20260922T193000Z,tribune.com.pk,English,Pakistan,delay,D6_교란행위,2026-09-22,[],0,NONE,,
69cd7c402fbb47a4bda02b9646f91992,United States Air Force to acquire VIP B737 - 8 MAX - ch - aviation,https://www.ch-aviation.com/news/171965-united-states-air-force-to-acquire-vip-b737-8-max,20260922T193000Z,ch-aviation.com,English,United States,fleet,D4_운송,2026-09-22,"[""SS_USA"", ""KC_KoreanAir""]",2,NONE,,
6b9b0bbbb4abf9dfdf2f97a71512bb81,Drug shortages disrupt care at leading US cancer centers,https://www.cidrap.umn.edu/resilient-drug-supply/drug-shortages-disrupt-care-leading-us-cancer-centers,20260922T193000Z,cidrap.umn.edu,English,United States,shortage,D6_교란행위,2026-09-22,[],0,NONE,US drug shortages,
00f26f06c9a0d5bc57ffbf1cb17b9f5d,How I ended up with the a chance at the NLU dream ( I crammed a lot & hard ) ,https://www.legallyindia.com/Blogs/how-i-ended-up-with-the-a-chance-at-the-nlu-dream-i-crammed-a-lot-hard/,20260922T193000Z,legallyindia.com,English,India,shortage,D6_교란행위,2026-09-22,[],0,NONE,,
7a38feb7b80e4f76e17fe2758768eae6,Cheap gas in Camden : Corner Pantry $2 . 50 grand opening deal,https://www.postandcourier.com/columbia/news/cheap-gas-camden-corner-pantry/article_945b0f5e-763c-4fb9-b85c-e9b6ec68a2dc.html,20260922T193000Z,postandcourier.com,English,United States,crude oil,D2_품목,2026-09-22,[],0,NONE,,
f289e0b977c7de2f20becd09424b5589,How do you keep your kiíons soft up to three days - add these two components to your preparation,https://www.kosovarja-ks.com/en/2026/9/kiions-soft-days-add-components-preparation/,20260922T193000Z,kosovarja-ks.com,English,Kosovo,container,D2_품목,2026-09-22,[],0,NONE,Food recipe,
0e50ba40fbc4a2520eb9c2f06332803b,US Frontier Airlines to roll out first - class seats in 2027 - ch - aviation,https://www.ch-aviation.com/news/171976-uss-frontier-airlines-to-roll-out-first-class-seats-in-2027,20260922T193000Z,ch-aviation.com,English,United States,carrier,D4_운송,2026-09-22,[],0,NONE,,
54f008470984bce96167d507371ab7c2,"Below Deck Season 13 : Cast , Trailer , Premiere Date & More",https://www.realitytea.com/2026/09/22/below-deck-season-13-cast-premiere-date-trailer/,20260922T193000Z,realitytea.com,English,United States,carrier,D4_운송,2026-09-22,[],0,NONE,,
8e1751898657eed1861e6897b6fbdea3,flydubai welcomes over 850 travel trade visitors at ATM 2026,https://tradearabia.com:443/News/486372/flydubai-welcomes-over-850-travel-trade-visitors-at-ATM-2026,20260922T193000Z,tradearabia.com,English,United Arab Emirates,carrier,D4_운송,2026-09-22,[],0,NONE,,
dbb43ab18ed06d7f9eccb85fd06d7117,Greenland Energy Stock Doubles on US - Greenland Agreement : Details,https://finance.yahoo.com/energy/articles/greenland-energy-stock-doubles-us-102557497.html,20260922T193000Z,finance.yahoo.com,English,United States,critical minerals,D2_품목,2026-09-22,[],0,NONE,,
df2aad6808c495f2e1aedff1756a054e,Sausalito taps emergency funds for El Niño preparations,https://www.marinij.com/2026/09/22/sausalito-taps-emergency-funds-for-el-nino-preparations/,20260922T193000Z,marinij.com,English,United States,canal,D3_인프라,2026-09-22,[],0,NONE,,
1870bd31340b40df6f05ff21eddd1a98,"Under Trump and Rollins , Prices Are Devastating American Families and Farmers",https://democrats.org/under-trump-and-rollins-prices-are-devastating-american-families-and-farmers/,20260922T193000Z,democrats.org,English,United States,fertilizer,D2_품목,2026-09-22,[],0,NONE,,
ef63c41626d3404ca599d3865e7c7e47,US Air Force acquisitions chief unconvinced by industry proposals for survivable tanker,https://www.flightglobal.com/defence/2026/09/us-air-force-acquisitions-chief-unconvinced-by-industry-proposals-for-survivable-tanker/,20260922T193000Z,flightglobal.com,English,United States,tanker,D4_운송,2026-09-22,"[""KC_KoreanAir""]",1,NONE,US military procurement,
e3f7769210c7d90e7fccdb1e1a1154d9,Bruno Rodríguez Denounces Trump UN Speech as  Lies and Slander  ,https://www.cubaheadlines.com/articles/340918,20260922T193000Z,cubaheadlines.com,English,Cuba,embargo,D6_교란행위,2026-09-22,[],0,NONE,,
5dbb469594e4b1617a0333585d32aa85,2026 Hale 'Aina Awards: Da Seafood Cartel Is Recognized as the Seafood Specialist,https://www.honolulumagazine.com/hale-aina-2026-da-seafood-cartel/,20260922T191500Z,honolulumagazine.com,English,,seafood,D8_수산물,2026-09-22,[],0,NONE,,
e3f783f47cc46ae78830b5a2e01b7846,35 Years of Work Matter : The Hidden Math Behind Your Social Security Check,https://finance.yahoo.com/healthcare/articles/35-years-matter-hidden-math-092604765.html,20260922T184500Z,finance.yahoo.com,English,United States,delay,D6_교란행위,2026-09-22,[],0,NONE,,
612bf8c7095e6ec2765a71aa1a2db828,It Not Panic Buying It Preparedness : Why Smart People Are Stocking Up Now – NaturalNews . com,https://naturalnews.com/2026-09-22-its-not-panic-buying-its-preparedness.html,20260922T184500Z,naturalnews.com,English,United States,shortage,D6_교란행위,2026-09-22,[],0,NONE,,
da0b6e4bb9a89cbc2c833ae7f9bd62a0,Canadian dollar hits nearly seven - week low on wider yield spreads,https://www.theglobeandmail.com/investing/article-canadian-dollar-hits-nearly-seven-week-low-on-wider-yield-spreads/,20260922T184500Z,theglobeandmail.com,English,Canada,crude oil,D2_품목,2026-09-22,[],0,NONE,,
eed4031a807013bf0a81e6c1d10a0bb5,MOL completes $57 - MM construction work on the AV3 unit at the Danube refinery,https://www.hydrocarbonprocessing.com/news/2026/09/mol-completes-57-mm-construction-work-on-the-av3-unit-at-the-danube-refinery/,20260922T184500Z,hydrocarbonprocessing.com,English,United States,crude oil,D2_품목,2026-09-22,[],0,NONE,Refinery construction,
24178098b7b1a3572a85d617ca6da6fa,Recipes : It time to start baking delicious autumn cookies with walnuts – Orange County Register,https://www.ocregister.com/2026/09/22/recipes-its-time-to-start-baking-delicious-autumn-cookies-with-walnuts/,20260922T184500Z,ocregister.com,English,United States,container,D2_품목,2026-09-22,[],0,NONE,,
2d8a6df47569453eb03c1e682a6c6bb9,Pasta dinner served Monday at Sault hall | North Bay Nugget,https://www.nugget.ca:443/news/pasta-dinner-served-monday-at-sault-hall,20260922T184500Z,nugget.ca,English,Canada,container,D2_품목,2026-09-22,[],0,NONE,Community dinner,
60b4b145d79990a92e3c76ab4c01c240,Business groups welcome Ottawa latest move aiming to speed up major projects – Brandon Sun,https://www.brandonsun.com/business/2026/09/22/business-groups-welcome-ottawas-latest-move-aiming-to-speed-up-major-projects,20260922T184500Z,brandonsun.com,English,Canada,container,D2_품목,2026-09-22,[],0,NONE,Project approval,
0cb56744e15fbafcce482e3dbc63db48,Mamdani Announces Plan to Make NYC Traffic More Congested and Dangerous,https://townhall.com/news/amy-curtis/2026/09/22/new-york-pedestrian-zones-n2683302,20260922T184500Z,townhall.com,English,United States,congestion,D6_교란행위,2026-09-22,[],0,NONE,,
c385a2b8521781b2ca8f7b5414c10bb8,Nerja 20th Tourist Day awards to recognise women in business and sports personality,https://www.surinenglish.com/malaga/axarquia/nerjas-20th-tourist-day-awards-recognise-women-20260922150302-nt.html,20260922T184500Z,surinenglish.com,English,Spain,canal,D3_인프라,2026-09-22,[],0,NONE,,
af78a5418e505178fa2713ab95ef48e8,"And the super stamp ? Salvini relaunches :  There is another cut being studied , worth 250 million euros  ",https://www.thevermilion.com/and-the-super-stamp-salvini-relaunches-there-is-another-cut-being-studied-worth-250-million-euros/article_20907/,20260922T184500Z,thevermilion.com,English,United States,surcharge,D6_교란행위,2026-09-22,[],0,NONE,Government budget proposal,
6fc65b3b9719877262b2d33686ffa6f3,Parsons researchers warn of plastic toxicity in manufactured homes,https://www.dezeen.com/2026/09/22/parsons-plastic-toxicity-american-manufactured-homes/,20260922T184500Z,dezeen.com,English,United Kingdom,petrochemical,D2_품목,2026-09-22,[],0,NONE,Plastic toxicity homes,
48957d1d8767dcad38a3d34887858930,Roswell residents pack meeting over proposed 20 % property tax increase,https://www.wsbradio.com/news/local/roswell-residents-pack-meeting-over-proposed-20-property-tax-increase/KRKGVYP6XBBNXMZVEXLR3NYBAA/,20260922T183000Z,wsbradio.com,English,United States,fleet,D4_운송,2026-09-22,[],0,NONE,,
779beff0fd43feecfc3009dc21293b64,Battery Council International Announces Inaugural NextGen Leadership Award Recipients,https://www.finanznachrichten.de/nachrichten-2026-09/69647739-battery-council-international-announces-inaugural-nextgen-leadership-award-recipients-200.htm,20260922T183000Z,finanznachrichten.de,English,Germany,fleet,D4_운송,2026-09-22,[],0,NONE,,
16235a591eaa384344b907bf6ec2c08f,Tunisia says 2026 summer hottest on record,https://www.al-monitor.com/originals/2026/09/tunisia-says-2026-summer-hottest-record,20260922T183000Z,al-monitor.com,English,Israel,shortage,D6_교란행위,2026-09-22,[],0,NONE,Tunisia heat record,
ccbf2f83bb4c43c95d7b9c1f840f4f91,24 Immigration Detainees Ordered Released In Great Falls,https://k96fm.com/ixp/1104/p/great-falls-immigration-case/,20260922T183000Z,k96fm.com,English,United States,shortage,D6_교란행위,2026-09-22,[],0,NONE,,
8a28ab8b2447ee86dffd28379e493b5b,Danny Tommo  slashes dinghy  with rescue worker on in English Channel | News united kingdom ,https://metro.co.uk/2026/09/22/danny-tommo-slashes-dinghy-rescue-worker-english-channel-29645435/,20260922T183000Z,metro.co.uk,English,United Kingdom,carrier,D4_운송,2026-09-22,"[""SS_USA""]",1,NONE,,
b6b9453f53d327aa2cb67d6610712bf7,"Man detonated explosive device during confrontation with officers in Charlestown , police say",https://www.boston.com/news/crime/2026/09/22/man-detonated-explosive-device-during-confrontation-with-officers-in-charlestown-police-say/,20260922T183000Z,boston.com,English,United States,carrier,D4_운송,2026-09-22,[],0,NONE,,
1ae9bfe662ea29d07a416e05cf448a1c,"Israeli couple alleges forced strip search , groping at Egypt Taba border crossing",https://www.ynetnews.com/article/ryf1jre9ge,20260922T183000Z,ynetnews.com,English,Israel,terminal,D3_인프라,2026-09-22,[],0,NONE,,
043ee33bea369f5a0b1be299d3c49537,"Mandatory courses on physical education and wellness , careers coming to Alberta high schools",https://www.cbc.ca/news/canada/edmonton/high-school-curriculum-alberta-career-physical-education-wellness-9.7353030,20260922T183000Z,cbc.ca,English,Canada,critical minerals,D2_품목,2026-09-22,[],0,NONE,,
a1badb57048fbb2366c5ca7f10a04ffb,Trump signs  fantastic  Greenland security deal with Denmark – POLITICO,https://www.politico.eu/article/donald-trump-signs-fantastic-greenland-security-deal-denmark/,20260922T183000Z,politico.eu,English,United States,critical minerals,D2_품목,2026-09-22,[],0,NONE,,
6199e1dd0ba295e09552517b66030896,"Opening grain prices Tuesday, September 22",https://www.620ckrm.com/2026/09/22/opening-grain-prices-tuesday-september-22/,20260922T183000Z,620ckrm.com,English,,grain,D2_품목,2026-09-22,"[""POL_GrainReserve""]",1,NONE,Grain price opening,
abc100953548335e48f519306c569467,"Greenland deal protects Europe , says Trump as he hails  bond  after tensions",https://www.edp24.co.uk/news/national/26573257.greenland-deal-protects-europe-says-trump-hails-bond-tensions/,20260922T183000Z,edp24.co.uk,English,United Kingdom,US Navy,D7_행위자,2026-09-22,[],0,NONE,,
06224ec0580b992ebd39e6a54ecb0f5b,"ChatGPT Writes Weaker Emails for Women , New Research Shows",https://www.businessinsider.com/chatgpt-writes-weaker-emails-for-women-new-research-shows-2026-9,20260922T181500Z,businessinsider.com,English,United States,delay,D6_교란행위,2026-09-22,[],0,NONE,,
dc8060986ee4dda4ff2c1d390b3631b5,"KRV seeks CBI probe , arrests in spurious drugs case",https://timesofindia.indiatimes.com/city/hubballi/krv-seeks-cbi-probe-arrests-in-spurious-drugs-case/articleshow/134417377.cms,20260922T181500Z,timesofindia.indiatimes.com,English,India,delay,D6_교란행위,2026-09-22,[],0,NONE,,
4a149db8d990a141bc6196f7a60e361e,"North Carolina regulators deny Duke Energy gas turbine request over  staggering  cost , uncertain need",https://www.utilitydive.com/news/north-carolina-regulators-deny-dukes-gas-turbine-request-over-staggering/831015/,20260922T181500Z,utilitydive.com,English,United States,delay,D6_교란행위,2026-09-22,[],0,NONE,,
d1680f05434d9f979f8db2c23dd77f7e,Gas main  hit  closing all train lines at Didcot Parkway,https://www.oxfordmail.co.uk/news/26573304.gas-main-hit-closing-train-lines-didcot-parkway/,20260922T181500Z,oxfordmail.co.uk,English,United Kingdom,delay,D6_교란행위,2026-09-22,[],0,NONE,,
5a2a5897c5a17f2b3f068dea4a4658ce,Tom Gordon MP joins calls for PM to host emergency AI summit,https://www.yorkpress.co.uk/news/26572320.tom-gordon-mp-joins-calls-pm-host-emergency-ai-summit/,20260922T181500Z,yorkpress.co.uk,English,United Kingdom,delay,D6_교란행위,2026-09-22,[],0,NONE,,
f189fcc7ea41806b0593ab41743cf13e,Tim Burton Iconic R - Rated Slasher Movie Is Back Today With An Exciting New Release,https://screenrant.com/tim-burton-sweeney-todd-demon-barber-fleet-street-4k-steelbook-release-september-2026/,20260922T181500Z,screenrant.com,English,United States,fleet,D4_운송,2026-09-22,[],0,NONE,,
6003f8dfad977068eb1cf51e3b234e16,XPLR Infrastructure LP ( XIFR ) Was a Top Contributor for Gabelli Focused Growth and Income Fund,https://finance.yahoo.com/markets/stocks/articles/xplr-infrastructure-lp-xifr-top-173202389.html,20260922T181500Z,finance.yahoo.com,English,United States,fleet,D4_운송,2026-09-22,[],0,NONE,,
c2e46d99a19aab958f52de2704313941,US Navy Turns Human Battle Plans Into Orders for Autonomous Aircraft,https://www.businessinsider.com/us-navy-turns-human-battle-plans-into-orders-autonomous-aircraft-2026-9,20260922T181500Z,businessinsider.com,English,United States,fleet,D4_운송,2026-09-22,[],0,NONE,,
ddfbaac7176d3c65ea84f0f79207c3d2,CARTA adding 10 Care - A - Vans after riders say service cant keep up with demand,https://newschannel9.com/news/local/carta-adding-10-care-a-vans-after-riders-say-service-cant-keep-up-with-demand-care-a-van-paratransit-disabilities-charles-frazier-chattanooga-carta,20260922T181500Z,newschannel9.com,English,United States,fleet,D4_운송,2026-09-22,[],0,NONE,,
a57d72ec855e08d50b4723e5b6e56364,"Trump continues his rhetoric on ending India - Pakistan conflict , calls Pak PM  terrific man  ",https://news.webindia123.com/news/Articles/World/20260922/4502156.html,20260922T181500Z,news.webindia123.com,English,India,fleet,D4_운송,2026-09-22,[],0,NONE,,
dc13e766ff1ac9139069049d8fd89f9b,Country Star Zac Brown Will Be Godfather of New Margaritaville Cruise Ship,https://www.cruisehive.com/country-star-zac-brown-will-be-godfather-of-new-margaritaville-cruise-ship/218527,20260922T181500Z,cruisehive.com,English,United States,fleet,D4_운송,2026-09-22,[],0,NONE,,
a18ecab5f1916f6ebb951176ee65c36b,"UCLA Engineering Makerspace donates 3D printers to LA schools , runs training workshops",https://newsroom.ucla.edu/stories/ucla-engineering-makerspace-donates-3d-printers-LA-schools,20260922T181500Z,newsroom.ucla.edu,English,United States,fleet,D4_운송,2026-09-22,[],0,NONE,,
83b4beb2fab32468edbee0fd0be231e8,Soup Productions brings Sweeney Todd to Widnes stage | Runcorn and Widnes World,https://www.runcornandwidnesworld.co.uk/news/26568077.soup-productions-brings-sweeney-todd-widnes-stage/,20260922T181500Z,runcornandwidnesworld.co.uk,English,United Kingdom,fleet,D4_운송,2026-09-22,[],0,NONE,Theater production,
2c8a4896fd1a99c5a533acfc569af53d,"During National Recovery Month , Phoenix House to Launch Mobile Wellness Outreach Van Outside Barclays Center",http://readme.readmedia.com/During-National-Recovery-Month-Phoenix-House-to-Launch-Mobile-Wellness-Outreach-Van-Outside-Barclays-Center/21728555,20260922T181500Z,readme.readmedia.com,English,United States,fleet,D4_운송,2026-09-22,[],0,NONE,Health outreach,
8cb8169b00f9c59e287e208fa045c87e,Over 200 borewells shut as groundwater depletion deepens in Ballari,https://timesofindia.indiatimes.com/city/hubballi/over-200-borewells-shut-as-groundwater-depletion-deepens-in-ballari/articleshow/134417437.cms,20260922T181500Z,timesofindia.indiatimes.com,English,India,shortage,D6_교란행위,2026-09-22,[],0,NONE,Groundwater depletion,
85a2607b347d0db426db4bb6db550028,| Nursing Times,https://www.nursingtimes.net/workforce/nhs-underestimates-nurse-shortage-as-workforce-lags-behind-medics-22-09-2026/,20260922T181500Z,nursingtimes.net,English,United Kingdom,shortage,D6_교란행위,2026-09-22,[],0,NONE,Nursing publication,
812249b503848d2142b6f96c586ff216,Telangana Seeks Krishna Water From Karnataka,https://www.deccanchronicle.com/southern-states/telangana/telangana-seeks-krishna-water-from-karnataka-1989734,20260922T181500Z,deccanchronicle.com,English,India,shortage,D6_교란행위,2026-09-22,[],0,NONE,,
dff4f9678c200fbcd39af407b10c425c,U - Haul Art Fair fleet doubles in size for next New York outing - The Art Newspaper,https://www.theartnewspaper.com/2026/09/22/u-haul-art-fair-new-york-doubles-size-fleet,20260922T181500Z,theartnewspaper.com,English,United States,shortage,D6_교란행위,2026-09-22,[],0,NONE,,
09fabc744f054f488aa5620180f573e8,"6 Years Later , Netflix 8 - Part Thriller Is Still The Best Harlan Coben Show",https://screenrant.com/the-stranger-netflix-best-harlan-coben-thriller-show/,20260922T181500Z,screenrant.com,English,United States,shortage,D6_교란행위,2026-09-22,[],0,NONE,,
20802e7181ffb4e8dfee78f57f4ebda5,Fed Acted as Expected,https://www.theepochtimes.com/business/fed-acted-as-expected-6093400,20260922T181500Z,theepochtimes.com,English,United States,crude oil,D2_품목,2026-09-22,[],0,NONE,,
0d3ac957b29305a4029728219f66abcb,FinancialContent - Why Are Shopify ( SHOP ) Shares Soaring Today,https://markets.financialcontent.com/stocks/article/stockstory-2026-9-22-why-are-shopify-shop-shares-soaring-today,20260922T181500Z,markets.financialcontent.com,English,United States,crude oil,D2_품목,2026-09-22,[],0,NONE,Stock price movement,
47cd07c60648bd48249a89a3ead94ac0,Fall Home Decor Ideas To Make Your Space Feel Cozy,https://hellobeautiful.com/4603401/fall-home-decor-ideas-to-make-your-space-feel-cozy/,20260922T181500Z,hellobeautiful.com,English,United States,container,D2_품목,2026-09-22,[],0,NONE,Home decor,
fe27adeac61c59f0fca70bb55671c900,VAST DataEnclave protects private enterprise data and AI model builder weights,https://www.blocksandfiles.com/ai-ml/2026/09/22/vasts-dataenclave-protects-private-enterprise-data-and-ai-model-builders-weights/5298161,20260922T181500Z,blocksandfiles.com,English,,container,D2_품목,2026-09-22,[],0,NONE,Data security,
1383cab2fbdd1f8592f4b1f3a19ac9c2,ABBYY gives old - school OCR a job in the AI pipeline,https://www.theregister.com/applications/2026/09/22/abbyy-gives-old-school-ocr-a-job-in-the-ai-pipeline/5298361,20260922T181500Z,theregister.com,English,,container,D2_품목,2026-09-22,[],0,NONE,OCR technology,
671c43df5c4782eb7faaf1e2ca159751,Security Architect at Sabenza IT & Recruitment,https://it-online.co.za/2026/09/21/security-architect-at-sabenza-it-recruitment/,20260922T181500Z,it-online.co.za,English,South Africa,container,D2_품목,2026-09-22,[],0,NONE,,
3585610ee9f62144444c4a25d6123373,"Pittsburgh International Wins Airport of the Year , Again",https://www.pittsburghmagazine.com/pittsburgh-international-airport-airport-of-the-year-2027/,20260922T181500Z,pittsburghmagazine.com,English,United States,terminal,D3_인프라,2026-09-22,[],0,NONE,,
34a4e9b62e656ede3de189595482bbde,"She Had Stage 4 Breast Cancer , Canada Offered Her Assisted Suicide",https://www.lifenews.com/2026/09/22/she-had-stage-4-breast-cancer-canada-offered-her-assisted-suicide/,20260922T181500Z,lifenews.com,English,United States,terminal,D3_인프라,2026-09-22,[],0,NONE,,
b16ba741001256ee760f6dde249f2201,Highlighting St . Mark Hospice as an ArkLaTex small business,https://www.westcentralsbest.com/news/state/highlighting-st-mark-hospice-as-an-arklatex-small-business/article_2beef32d-0b70-56a9-ae12-1c4b72885f28.html,20260922T181500Z,westcentralsbest.com,English,United States,terminal,D3_인프라,2026-09-22,[],0,NONE,,
c3f123a58e6f2469d1267ebd910922d9,Tag : critical _ minerals,https://newsroomamerica.com/tag/critical_minerals,20260922T181500Z,newsroomamerica.com,English,United States,critical minerals,D2_품목,2026-09-22,[],0,NONE,,
45f2eaf74cb48b77ec88ec17a8ff0ea5,Carney Meets Chile President Kast at UN General Assembly,https://newsroomamerica.com/a/9Gvf2TvQ1Leq2KLhcA6FQ00lxWj/prime_minister_mark_carney_met_chile_s_president_jos_antonio_kast_in_new_york_discussing_defence_critical_minerals_and_antarctic_research_as_canada_remains_chile_s_largest_foreign_investor.html,20260922T181500Z,newsroomamerica.com,English,United States,critical minerals,D2_품목,2026-09-22,[],0,NONE,,
b4bfd27e66634d1743126dd518c09431,"Forward Summit East Returns to Rama First Nation near Orillia as Economic Participation Expands Across Defence , Critical Minerals and Infrastructure",https://www.thewhig.com/press-releases/pr-newswire/forward-summit-east-returns-to-rama-first-nation-near-orillia-as-economic-participation-expands-across-defence-critical-minerals-and-infrastructure/,20260922T181500Z,thewhig.com,English,Canada,critical minerals,D2_품목,2026-09-22,[],0,NONE,,
2d87c7434e504c9663cb24afeba41463,Ghana Targets Mineral Value Addition in Fresh Pitch to Australian Investors,https://businessdayghana.com/ghana-targets-mineral-value-addition-in-fresh-pitch-to-australian-investors/,20260922T181500Z,businessdayghana.com,English,Ghana,critical minerals,D2_품목,2026-09-22,[],0,NONE,,
411f44c957709fed289727707ecee5d9,San Francisco doula stuck in Golden Gate Park traffic recounts helping deliver baby on side of road,https://abc7news.com/post/san-francisco-doula-stuck-golden-gate-park-traffic-recounts-helping-deliver-baby-side-road/19858045/,20260922T181500Z,abc7news.com,English,United States,congestion,D6_교란행위,2026-09-22,[],0,NONE,,
69230cc75b15b4689e57159eecb0c28a,Arrangements Made for Ganesh Idol Immersion in Erstwhile Nalgonda District,https://www.deccanchronicle.com/southern-states/telangana/arrangements-made-for-ganesh-idol-immersion-in-erstwhile-nalgonda-district-1989746,20260922T181500Z,deccanchronicle.com,English,India,canal,D3_인프라,2026-09-22,[],0,NONE,,
3e2664372769793ffc227aacfd13bfc8,BJP Chief Arrested En Route to Jurala Project,https://www.deccanchronicle.com/southern-states/telangana/bjp-chief-arrested-en-route-to-jurala-project-1989749,20260922T181500Z,deccanchronicle.com,English,India,canal,D3_인프라,2026-09-22,[],0,NONE,,
8e9cfdcf97f7fae15612a3ac17150665,Entertainment - KRRV - FM,https://krrvonline.com/entertainment/613505174bbca36ea23246979247e8e9,20260922T181500Z,krrvonline.com,English,United States,canal,D3_인프라,2026-09-22,[],0,NONE,,
b088b80c42f5f3a974afb3e8e1ec88de,Country Music - KRRV - FM,https://krrvonline.com/country-music/ff502b87c3229c4b76ea6d0c7eb1b05e,20260922T181500Z,krrvonline.com,English,United States,canal,D3_인프라,2026-09-22,[],0,NONE,,
fec0cc7b84319e8c7d71be7875b20287,Our govt will reintroduce fuel subsidy in different form Kwankwaso,https://tribuneonlineng.com/our-govt-will-reintroduce-fuel-subsidy-in-different-form-kwankwaso/,20260922T181500Z,tribuneonlineng.com,English,Nigeria,refinery,D3_인프라,2026-09-22,[],0,NONE,,
e9f401463e1ee4d99078e92be65a1232,Finance Ministry to write off $120m of TOR legacy debt,https://theheraldghana.com/finance-ministry-to-write-off-120m-of-tors-legacy-debt/,20260922T181500Z,theheraldghana.com,English,Ghana,refinery,D3_인프라,2026-09-22,[],0,NONE,,
31482caf0ea0f94eea590975a338147f,EIL bags over USD 450 million order from Dangote Group for Kenya refinery project,http://www.milwaukeesun.com/news/279323849/eil-bags-over-usd-450-million-order-from-dangote-group-for-kenya-refinery-project,20260922T181500Z,milwaukeesun.com,English,United States,refinery,D3_인프라,2026-09-22,[],0,NONE,,
52301de0809a5683057f027e8202d9dc,Dayna Spiring named 1st president of Winnipeg Northern Super League soccer club,https://www.cbc.ca/news/canada/manitoba/northern-super-league-club-president-dayna-spiring-9.7353450,20260922T181500Z,cbc.ca,English,Canada,wheat,D2_품목,2026-09-22,[],0,NONE,,
842bfc7ac89492908cb127709a06e191,Can Belarus Replace Canada As US Potash Provider ? ,https://www.rferl.org/a/belarus-canada-us-potash-fertilizer-russia/33861251.html,20260922T181500Z,rferl.org,English,Russia,fertilizer,D2_품목,2026-09-22,[],0,NONE,,
f33ced93c497f36f6a8f9c0a60173b80,Can Belarus Replace Canada As US Potash Provider,http://www.asiabulletin.com/news/279324038/can-belarus-replace-canada-as-us-potash-provider,20260922T181500Z,asiabulletin.com,English,China,fertilizer,D2_품목,2026-09-22,[],0,NONE,,
fdabb7a50783cbb4490b48a934a84573,Oakland People Arms Embargo Coalition Demands End to Military Shipments Thru Oakland,https://www.postnewsgroup.com/oakland-peoples-arms-embargo-coalition-demands-end-to-military-shipments-thru-oakland/,20260922T181500Z,postnewsgroup.com,English,United States,embargo,D6_교란행위,2026-09-22,[],0,NONE,,
ec8cac94c7b979791ba51e7867a257f0,"Healey , Minogue both propose Massachusetts gas tax holiday",https://www.wcvb.com/article/gas-prices-massachusetts-sept-22/73833495,20260922T181500Z,wcvb.com,English,United States,oil price,D5_시장지표,2026-09-22,[],0,NONE,Massachusetts gas tax,
93072cf3bfcda6314a2bd61a9990f475,Interest rate decisions based off Canadian economy : Macklem,https://financialpost.com/news/economy/bank-of-canada-interest-rate-decisions-domestic-macklem,20260922T181500Z,financialpost.com,English,Canada,oil price,D5_시장지표,2026-09-22,[],0,NONE,Canadian interest rates,
9202dbacdcc96e4eea409e51578bd418,"Polish Military Duty Officer Follows Policy , Calls Civilian Police to Handle Off - Base No - Fly Violator",https://www.kyivpost.com/post/85143,20260922T181500Z,kyivpost.com,English,Ukraine,US Navy,D7_행위자,2026-09-22,[],0,NONE,,
0cacef8370f5794f480001b117241ba1,"Việt Nam , US to further foster defence cooperation",https://vietnamnews.vn/politics-laws/1800330/viet-nam-us-to-further-foster-defence-cooperation.html,20260922T181500Z,vietnamnews.vn,English,Vietnam,US Navy,D7_행위자,2026-09-22,[],0,NONE,,
68e10f95982f25fcf4a77cc3527d2ba7,Global Industry Leaders to Take the Stage at IBIA Annual Convention 2026,https://maritime-executive.com/features/global-industry-leaders-to-take-the-stage-at-ibia-annual-convention-2026,20260922T181500Z,maritime-executive.com,English,United States,bunker fuel,D2_품목,2026-09-22,[],0,NONE,,
a5bd277e58985e94f85f7f34f4f68d20,Newborn death in Kalyan hosp : Civic body orders removal of RMO,https://timesofindia.indiatimes.com/city/mumbai/newborn-death-in-kalyan-hosp-civic-body-orders-removal-of-rmo/articleshow/134417576.cms,20260922T180000Z,timesofindia.indiatimes.com,English,India,delay,D6_교란행위,2026-09-22,[],0,NONE,,
2cd97c0c6ebaf8432b63b2a0997666cf,Search for Parker Wells was delayed by 911 issues : Calgary police,https://globalnews.ca/news/12068620/parker-wells-search-911-issues-calgary-review/,20260922T180000Z,globalnews.ca,English,Canada,delay,D6_교란행위,2026-09-22,[],0,NONE,,
ccc54e7b8fb464818c5b701a86b50483,Funding gaps hinder coconut development plan,https://www.philstar.com/business/2026/09/23/2558130/funding-gaps-hinder-coconut-development-plan,20260922T180000Z,philstar.com,English,Philippines,delay,D6_교란행위,2026-09-22,"[""KC_HDC""]",1,NONE,,
b7891b3cbce5734c8e30c80b8ff33a89,Air Force retires original Compass Call after more than 40 years of operations,https://www.stripes.com/branches/air_force/2026-09-22/air-force-retires-c130-compass-call-22929530.html,20260922T180000Z,stripes.com,English,United States,fleet,D4_운송,2026-09-22,"[""KC_KoreanAir""]",1,NONE,,
795a4b455d8ea6144ce2dbfb126700de,Profile of Kwest Group | Construction Equipment,https://www.constructionequipment.com/fleet-masters/article/55404666/profile-of-kwest-group,20260922T180000Z,constructionequipment.com,English,United States,fleet,D4_운송,2026-09-22,[],0,NONE,,
034ffd48e31522677781298a991a1323,DHL Invests in Greater Middle East - Africa Connectivity with New Aviation Lane,http://www.businessghana.com/site/news/business/356452/DHL-Invests-in-Greater-Middle-East-Africa-Connectivity-with-New-Aviation-Lane,20260922T180000Z,businessghana.com,English,Ghana,fleet,D4_운송,2026-09-22,[],0,NONE,,
7089bcfa2974a74fbb8250f370a0c3f4,New £26m Royal Daffodil ferry officially joins fleet,https://www.sthelensstar.co.uk/news/26572321.new-26m-royal-daffodil-ferry-officially-joins-fleet/,20260922T180000Z,sthelensstar.co.uk,English,United Kingdom,fleet,D4_운송,2026-09-22,[],0,NONE,,
6308503342329f9b57acb09f92e44d29,The road to 300 : Republic Services details electric fleet strategy,https://www.wastedive.com/news/republic-services-battery-electric-vehicle-collection-fleet-rollout/829827/,20260922T180000Z,wastedive.com,English,United States,fleet,D4_운송,2026-09-22,"[""KC_LSElec""]",1,NONE,,
208c39389b139f8c86c6b60e4996b5c3,Govt eyes rental reform as tenant complaints mount,https://www.tribune242.com/news/2026/sep/22/govt-eyes-rental-reform-as-tenant-complaints-mount/,20260922T180000Z,tribune242.com,English,Bahamas,shortage,D6_교란행위,2026-09-22,[],0,NONE,,
3d9ff0ee3ea77ab48cbb0b4d9dce9b0b,SC : Election offices looking for hundreds of polling workers,https://www.wyff4.com/article/polling-workers-hundreds-needed-elections-south-carolina/73834610,20260922T180000Z,wyff4.com,English,United States,shortage,D6_교란행위,2026-09-22,[],0,NONE,,
d5e0ca01151aab3299ac92274dd78f69,Mount Boucherie Secondary closed due to staffing shortage caused by bridge closure,https://www.castanetkamloops.net/news/West-Kelowna/632020/Mount-Boucherie-Secondary-closed-due-to-staffing-shortage-caused-by-bridge-closure,20260922T180000Z,castanetkamloops.net,English,,shortage,D6_교란행위,2026-09-22,[],0,NONE,,
bf33ced4d83179faac8692e267c58265,Trump and Mamdani Gracie Mansion Alliance Is About Real Estate,https://www.newsweek.com/trump-mamdani-gracie-mansion-real-estate-sunnyside-yard-12473228,20260922T180000Z,newsweek.com,English,United States,shortage,D6_교란행위,2026-09-22,[],0,NONE,,
eb5ef3e4fbee3cc5131ff0faf6581dcc,Yango Fellowship brings together tech talent from six African countries to build locally rooted ... ,http://www.businessghana.com/site/news/General/356496/Yango-Fellowship-brings-together-tech-talent-from-six-African-countries-to-build-locally-rooted-...,20260922T180000Z,businessghana.com,English,Ghana,shortage,D6_교란행위,2026-09-22,[],0,NONE,,
b1ecd221a5e0e7b97ab995fbb4658b05,"Community , creativity , and commitment - The Morning Sun",https://morningsun.net:443/news/local-news/community-creativity-and-commitment/,20260922T180000Z,morningsun.net,English,United States,shortage,D6_교란행위,2026-09-22,[],0,NONE,,
9c85ef714f5a3b42f3b1436f223d72fb,"Time , not capital , is the constraint on the defense industrial base",https://www.defenseone.com/ideas/2026/09/time-not-capital-constraint-defense-industrial-base/416135/,20260922T180000Z,defenseone.com,English,United States,shortage,D6_교란행위,2026-09-22,[],0,NONE,,
53cf706b0a127835398ea8dbdb3240d0,"Türkiye , regional powers call for diplomacy amid tensions",https://www.dailysabah.com/politics/diplomacy/turkiye-regional-powers-call-for-diplomacy-amid-tensions,20260922T180000Z,dailysabah.com,English,Turkey,Houthi,D7_행위자,2026-09-22,[],0,NONE,,
62ab5002df2733f55d98912e9ded7d52,"Banking sector stocks : These 7 private and public banking stocks have an upside of up to 27 % in one year , according to analysts",https://economictimes.indiatimes.com/markets/stocks/news/these-7-private-and-public-banking-stocks-have-an-upside-of-up-to-27-in-one-year-according-to-analysts/articleshow/134417678.cms,20260922T180000Z,economictimes.indiatimes.com,English,India,crude oil,D2_품목,2026-09-22,"[""KS_Construction""]",1,NONE,,
18b08bf90b3bb19400df7a91bc545131,"Orkes Conductor RCE Draws Nearly 7 , 000 Exploit Attempts",https://www.esecurityplanet.com/threats/news-orkes-conductor-rce-cve-2026-58138/,20260922T180000Z,esecurityplanet.com,English,United States,container,D2_품목,2026-09-22,[],0,NONE,,
c48e89495fb2ab70db79f739fbbbfc1a,Fairhaven Parking Lot Bizarre Abandoned Chicken Salad,https://fun107.com/fairhaven-parking-lot-abandoned-chicken-salad/,20260922T180000Z,fun107.com,English,United States,container,D2_품목,2026-09-22,[],0,NONE,Parking lot,
618de49b8bf7f0a4c3129abc53ef5507,Madison County Sheriff Office arrest blotter Sept . 14 - 21 – Oneida Dispatch,https://www.oneidadispatch.com/2026/09/22/madison-county-sheriffs-office-arrest-blotter-sept-14-21/,20260922T180000Z,oneidadispatch.com,English,United States,container,D2_품목,2026-09-22,[],0,NONE,Sheriff arrests,
239e74e0b2c873b6607df24ad47c3f5e,Green Bay breaks ground on Phase II Shipyard redevelopment along Fox River,https://wixx.com/2026/09/22/green-bay-breaks-ground-on-phase-ii-shipyard-redevelopment-along-fox-river/,20260922T180000Z,wixx.com,English,United States,container,D2_품목,2026-09-22,[],0,NONE,Shipyard development,
d1c2dbae081158163e3c199e453200f2,Entry Full Stack Developer at Sabenza IT & Recruitment - Gauteng Pretoria,https://it-online.co.za/2026/09/21/entry-full-stack-developer-at-sabenza-it-recruitment-gauteng-pretoria/,20260922T180000Z,it-online.co.za,English,South Africa,container,D2_품목,2026-09-22,[],0,NONE,,
40ebfd33555d4d751a102b87e32fdde6,DXing at Galactic Scale,https://daily.hamweekly.com/2026/09/dxing-at-galactic-scale-seti-search-for-extraterrestrial-intelligence/,20260922T180000Z,daily.hamweekly.com,English,,carrier,D4_운송,2026-09-22,[],0,NONE,,
ceb0a4f645ba4dbdf99bed5378777816,Who gets your digital life when youre gone ? – East Bay Times,https://www.eastbaytimes.com/2026/09/22/who-gets-your-digital-life-when-youre-gone/,20260922T180000Z,eastbaytimes.com,English,United States,carrier,D4_운송,2026-09-22,[],0,NONE,,
d0d3e8c10b43ffa72d1322e5d391b7b2,All Creatures Veterinary Clinic Inc . hosting Community Rabies Clinic in Princeton on October 3,https://woay.com/all-creatures-veterinary-clinic-inc-hosting-community-rabies-clinic-in-princeton-on-october-3/,20260922T180000Z,woay.com,English,United States,carrier,D4_운송,2026-09-22,[],0,NONE,,
44072b400b75c69f099a580433670169,Security Bite : The last 24 hours at Meta were  not - a - musing  ,https://9to5mac.com/2026/09/22/security-bite-the-last-24-hours-at-meta-were-not-a-musing/,20260922T180000Z,9to5mac.com,English,United States,terminal,D3_인프라,2026-09-22,[],0,NONE,Meta security,
0316ddf767b45e26b0873e9923c18620,North Korean Hackers Hide Mac Backdoors in Fake Terraform Job Tests,https://www.esecurityplanet.com/threats/news-north-korean-terraform-malware/,20260922T180000Z,esecurityplanet.com,English,United States,terminal,D3_인프라,2026-09-22,"[""KC_KoreanAir""]",1,NONE,,
5b680b6131bffb46ef45f7189879faa2,Throo Takes Its 0 % Commission Model Beyond New York City to Denver,https://www.prnewswire.com/news-releases/throo-takes-its-0-commission-model-beyond-new-york-city-to-denver-302886555.html,20260922T180000Z,prnewswire.com,English,United States,terminal,D3_인프라,2026-09-22,[],0,NONE,,
1800e326b621616f44cb9893d102fdf9,Western Australia seeks deeper cooperation with Ho Chi Minh City in critical minerals,https://news.tuoitre.vn/western-australia-seeks-deeper-cooperation-with-ho-chi-minh-city-in-critical-minerals-103260922202101558.htm,20260922T180000Z,news.tuoitre.vn,English,,critical minerals,D2_품목,2026-09-22,[],0,NONE,,
6a3f2ac1f685ffcc6a99e4ca5392118f,"Congo plans centralised mining investment agency under US deal , sources say",https://www.miningweekly.com/article/congo-plans-centralised-mining-investment-agency-underusdeal-sources-say-2026-09-22,20260922T180000Z,miningweekly.com,English,South Africa,critical minerals,D2_품목,2026-09-22,[],0,NONE,,
3460586115258fe9e30cd1d53c816e9d,"UNGA 81 : Alake advocates continental mine emergency , community recovery fund",https://thenationonlineng.net/unga-81-alake-advocates-continental-mine-emergency-community-recovery-fund/,20260922T180000Z,thenationonlineng.net,English,Nigeria,critical minerals,D2_품목,2026-09-22,[],0,NONE,,
087d4fa32ebc2211a7c64081c1229b74,Congo plans one - stop mining investment agency,https://www.miningmx.com/trending/67451-congo-plans-one-stop-mining-investment-agency/,20260922T180000Z,miningmx.com,English,South Africa,critical minerals,D2_품목,2026-09-22,[],0,NONE,,
7ee488b115e89ccbe55b2aca0ddeebb0,US Natgas Prices Edge Up on Tuesday | Hellenic Shipping News Worldwide,https://www.hellenicshippingnews.com/us-natgas-prices-edge-up-on-tuesday/,20260922T180000Z,hellenicshippingnews.com,English,,shipping,D4_운송,2026-09-22,[],0,NONE,,
541dd8f97f31695be1319fa6e052a954,Eurozone Consumer Confidence Weaker than Expected | Hellenic Shipping News Worldwide,https://www.hellenicshippingnews.com/eurozone-consumer-confidence-weaker-than-expected/,20260922T180000Z,hellenicshippingnews.com,English,,shipping,D4_운송,2026-09-22,"[""KI_Consumer""]",1,NONE,,
1e6c1fbf2eeb24069e5ff7e939455ba4,"Toronto mayoral race tightens , Chow lead cut to single digits - Toronto",https://globalnews.ca/news/12068390/toronto-poll-sept-22-election/,20260922T180000Z,globalnews.ca,English,Canada,congestion,D6_교란행위,2026-09-22,[],0,NONE,,
3271ab608bec005873a7c1cb52004124,"Rush - hour downpour paralyzes Ho Chi Minh City , stranding commuters in deep floods",https://news.tuoitre.vn/rush-hour-downpour-paralyzes-ho-chi-minh-city-stranding-commuters-in-deep-floods-103260922201152296.htm,20260922T180000Z,news.tuoitre.vn,English,,congestion,D6_교란행위,2026-09-22,[],0,NONE,,
f29148d23b9d2f122fdc5ce30c4fd116,October Premier League Betting Guide : The Games Worth Watching Closely,https://thenationonlineng.net/october-premier-league-betting-guide-the-games-worth-watching-closely/,20260922T180000Z,thenationonlineng.net,English,Nigeria,congestion,D6_교란행위,2026-09-22,[],0,NONE,,
0a5fe1f031bf21ba3c2c09c163b92b79,Battery Council International Announces Inaugural NextGen Leadership ... ,https://www.pr-inside.com/battery-council-international-announces-inaugural-nextgen-leadership-r5226083.htm,20260922T180000Z,pr-inside.com,English,United States,congestion,D6_교란행위,2026-09-22,[],0,NONE,,
4e7dc81f381b61388dac50cba1554ebf,Krishna waters to permanently address irrigation and drinking water needs at Kuppam,https://timesofindia.indiatimes.com/city/vijayawada/krishna-waters-to-permanently-address-irrigation-and-drinking-water-needs-at-kuppam/articleshow/134417582.cms,20260922T180000Z,timesofindia.indiatimes.com,English,India,canal,D3_인프라,2026-09-22,[],0,NONE,,
e5b9f351eaf1a8535451f255dc202981,"Montour Falls gets $600 , 000 grant for inclusive marina playground",https://www.fingerlakes1.com/2026/09/22/montour-falls-gets-600000-grant-for-inclusive-marina-playground/,20260922T180000Z,fingerlakes1.com,English,United States,canal,D3_인프라,2026-09-22,[],0,NONE,,
ee65802e7cb1ef67d8b9b03882407a5d,South Side opposition comes to billionaire - backed Amtrak facility relocation,https://www.hometownregister.com/news/state/south-side-opposition-comes-to-billionaire-backed-amtrak-facility-relocation/article_55961e34-a5f3-5a61-9aef-7f97242dd986.html,20260922T180000Z,hometownregister.com,English,,canal,D3_인프라,2026-09-22,[],0,NONE,,
4ee6b72be4961a7b3db2468b445a001c,Digboi Refinery Odisha Media Visit Highlights History - Pragativadi I Latest Odisha News in English I Breaking News,https://pragativadi.com/odisha-media-delegation-visits-historic-digboi-refinery/,20260922T180000Z,pragativadi.com,English,India,refinery,D3_인프라,2026-09-22,[],0,NONE,,
d05498805c57d010203997e93ff30331,"US troop rotations heading back to Lithuania amid high tension in Europe , Baltic leader says",https://www.stripes.com/branches/army/2026-09-22/rotation-lithuania-nato-europe-22928848.html,20260922T180000Z,stripes.com,English,United States,refinery,D3_인프라,2026-09-22,[],0,NONE,,
93406e03eca998cb9b47f80bd3e8f501,"PITAKA iPhone 18 Pro cases : Edge , Cairn , and Summa",https://9to5mac.com/2026/09/22/pitaka-iphone-18-cases/,20260922T180000Z,9to5mac.com,English,United States,wheat,D2_품목,2026-09-22,[],0,NONE,,
44501f2eecdf9fee3a046aad5d234452,Let Them Eat Chicken : Rollins Tells Americans To Find Protein Alternatives As Beef Prices Soar,https://dailycaller.com/2026/09/22/brooke-rollins-beef-benny-johnson-donald-trump-chicken/,20260922T180000Z,dailycaller.com,English,United States,fertilizer,D2_품목,2026-09-22,[],0,NONE,,
eab1f368626d3d4bd6710b564ddde027,EWOR names a San Francisco team as US applications surge 237 % ,https://thenextweb.com/news/ewor-san-francisco-leadership-team-us-applications-237,20260922T174500Z,thenextweb.com,English,United States,carrier,D4_운송,2026-09-22,[],0,NONE,,
2e37f541971c2e0c82c18b383d72be68,Silver Made America Critical Minerals List . This ETF Is the Easiest Way In,https://www.aol.com/articles/silver-made-america-critical-minerals-170320000.html,20260922T174500Z,aol.com,English,United States,critical minerals,D2_품목,2026-09-22,[],0,NONE,,
f3e9c092072aeccc201dcbf115410cef,Seafood side-streams – the next superfood?,https://www.worldfishing.net/news/processing-refrigeration/seafood-side-streams-the-next-superfood/,20260922T174500Z,worldfishing.net,English,,seafood,D8_수산물,2026-09-22,[],0,NONE,,
093033f6bd6cc592b0ea78b46ebdd802,Commuters risk injury dodging Forbury Road pavement closure,https://www.readingchronicle.co.uk/news/26572270.commuters-risk-injury-dodging-forbury-road-pavement-closure/,20260922T173000Z,readingchronicle.co.uk,English,,closure,D6_교란행위,2026-09-22,[],0,NONE,,
a03bc93fb824f3cd7b5fb4739a4f78d5,"USDA facility closure may risk agricultural research | WVIK, Quad Cities NPR",https://www.wvik.org/2026-09-21/usda-research-beltsville-closure-relocation,20260922T171500Z,wvik.org,English,,closure,D6_교란행위,2026-09-22,[],0,NONE,,
cfc87e9d88befcebb9c9d0f528de1a59,Hampshire County Council approves Andover Road closure plan,https://www.hampshirechronicle.co.uk/news/26547589.hampshire-county-council-approves-andover-road-closure-plan/,20260922T171500Z,hampshirechronicle.co.uk,English,,closure,D6_교란행위,2026-09-22,[],0,NONE,,
2f474dc4ee1d8d5235fbc75e487dbf4a,Isabel's Brasserie in Penn Hill confirms permanent closure,https://www.bournemouthecho.co.uk/news/26572867.isabels-brasserie-penn-hill-confirms-permanent-closure/,20260922T171500Z,bournemouthecho.co.uk,English,,closure,D6_교란행위,2026-09-22,[],0,NONE,,
f52f9b353292ae26bf7ce80089cae02d,'Our daughters' alleged abuser killed himself and we have no closure',https://www.plymouthherald.co.uk/news/plymouth-news/my-daughters-alleged-abuser-killed-10897887,20260922T170000Z,plymouthherald.co.uk,English,,closure,D6_교란행위,2026-09-22,[],0,NONE,,
0d96bedb2db37372546ea470fb622ab6,Long John Silver's expands menu beyond seafood with $1.99 battered wings - The Lane Report,https://www.lanereport.com/189572/2026/09/long-john-silvers-battered-wings-game-day/,20260922T170000Z,lanereport.com,English,,seafood,D8_수산물,2026-09-22,[],0,NONE,,
b5f3e34cd9d2af4b1b3ab56295f7c010,US seafood groups call for reforms to EU CATCH system,https://thefishsite.com/articles/us-seafood-groups-call-for-reforms-to-eu-catch-system,20260922T164500Z,thefishsite.com,English,,seafood,D8_수산물,2026-09-22,[],0,NONE,,
d676566794f4a138491fadd54bb097bb,A new record : Why govt has not ended monsoon session after 40 days | Rediff - TV,https://tv.rediff.com/news/a-new-record-why-govt-has-not-ended-monsoon-session-after-40-days/404973,20260922T163000Z,tv.rediff.com,English,India,delay,D6_교란행위,2026-09-22,[],0,NONE,,
49e31cc2be1df40391ae7a9f510cb06d,"8 Islamic nations call for Gaza ceasefire , peace",https://www.samaa.tv/2087357220-8-islamic-nations-call-for-gaza-ceasefire-peace-plan-implementation,20260922T163000Z,samaa.tv,English,Pakistan,delay,D6_교란행위,2026-09-22,[],0,NONE,,
6783180e1de3d6228f1a1d380f2d3482,environmental policy : Scientists know what nature needs . Why does it take years for environmental policy to catch up when research can take years to become global action ? ,https://economictimes.indiatimes.com/news/international/global-trends/scientists-know-what-nature-needs-why-does-it-take-years-for-environmental-policy-to-catch-up-when-research-can-take-years-to-become-global-action/articleshow/134415963.cms,20260922T163000Z,economictimes.indiatimes.com,English,India,delay,D6_교란행위,2026-09-22,[],0,NONE,,
cb5806a9b5bd53652dbe32284415bbc3,"Vijay orders intensified dengue control , monsoon preparedness across 10 TN districts",https://www.prokerala.com/news/articles/a1815464.html,20260922T163000Z,prokerala.com,English,India,delay,D6_교란행위,2026-09-22,[],0,NONE,,
114e656581e1944c3955ab59a465a740,Texas A & M expert helps update dyslexia definition,https://wacotrib.com/news/community/article_d6e2ac2a-d5cd-5057-8af4-1c244152f655.html,20260922T163000Z,wacotrib.com,English,United States,delay,D6_교란행위,2026-09-22,[],0,NONE,,
4e7149bf01ee17507c56ef96f491f583,"Satellite images show China building new class of submarine , India submarine plans compared",https://economictimes.indiatimes.com/news/defence/satellite-images-show-china-building-new-class-of-submarine-indias-submarine-plans-compared/articleshow/134415597.cms,20260922T163000Z,economictimes.indiatimes.com,English,India,fleet,D4_운송,2026-09-22,[],0,NONE,,
0aeaf025156a9948873e60201f35edae,Wabtec signs $700m Simandou locomotive services agreement,https://www.miningweekly.com/article/wabtec-signs-700m-simandou-locomotive-services-agreement-2026-09-22,20260922T163000Z,miningweekly.com,English,South Africa,fleet,D4_운송,2026-09-22,[],0,NONE,,
debaa311b6b58bd9407234c67a14464e,Greta Van Fleet Announce Residency Shows With $20 Tickets,https://103gbfrocks.com/ixp/366/p/greta-van-fleet-nashville-residency-2026/,20260922T163000Z,103gbfrocks.com,English,United States,fleet,D4_운송,2026-09-22,[],0,NONE,,
3545d9a203e99ac4b4bcf6dd536548b9,This 2022 Piper M600 SLS Is a Sophisticated  AircraftForSale  Top Pick,https://www.flyingmag.com/this-2022-piper-m600-sls-is-a-sophisticated-aircraftforsale-top-pick/,20260922T163000Z,flyingmag.com,English,United States,fleet,D4_운송,2026-09-22,[],0,NONE,,
1aefd5647ded7a2b34e65ef7bade3364,Laundrette  orders lost  after Billingham fire rips through ironing room and next door pizza shop,https://www.gazettelive.co.uk/news/teesside-news/mill-lane-laundrette-billingham-fire-34654400,20260922T163000Z,gazettelive.co.uk,English,United Kingdom,fleet,D4_운송,2026-09-22,[],0,NONE,,
cdac0213f600f30d9d4f3334354eef0f,"VW EV Orders Surpass Gas Cars In Germany , But There A Problem",https://www.motor1.com:443/news/809088/vw-ev-orders-beating-gas-cars-germany/,20260922T163000Z,motor1.com,English,United States,fleet,D4_운송,2026-09-22,[],0,NONE,,
3b4608a2ab5590b8486080d3ad43bd4e,"Under  Jyotigram Yojana , 24 - hour power supply accelerates progress in Gujarat rural areas",https://www.prokerala.com/news/articles/a1815461.html,20260922T163000Z,prokerala.com,English,India,shortage,D6_교란행위,2026-09-22,"[""KC_KOMIPO""]",1,NONE,,
58d65d6977e9301678ab996bcf142dc7,"Pakistan : Schools in Balochistan struggle with closures , teacher shortages",https://www.prokerala.com/news/articles/a1815456.html,20260922T163000Z,prokerala.com,English,India,shortage,D6_교란행위,2026-09-22,[],0,NONE,,
008028ffb080f600d94116f3f4f851b4,Singapore Nexstrom wants to bring 2D semiconductors to chip fabs,https://techcrunch.com/2026/09/22/singapores-nexstrom-wants-to-bring-2d-semiconductors-to-chip-fabs/,20260922T163000Z,techcrunch.com,English,United States,shortage,D6_교란행위,2026-09-22,[],0,NONE,,
fc3ae0e98336ca910621ef58d4f50385,"Micron Has Jumped Back Above $1 , 000 : Here What Im Doing",https://www.aol.com/articles/micron-jumped-back-above-1-152642000.html,20260922T163000Z,aol.com,English,United States,shortage,D6_교란행위,2026-09-22,[],0,NONE,,
db77af8a2ee9f02bed6df34fc7b6b62a,Monument Mash plans Oct. 24 return to downtown Racine; street closure awaits approval,https://wrjn.com/news/2026/09/22/monument-mash-plans-oct-24-return-to-downtown-racine-street-closure-awaits-approval,20260922T163000Z,wrjn.com,English,,closure,D6_교란행위,2026-09-22,[],0,NONE,,
62032c59b192ab80aff148275fc7e39a,Hellblade developer Ninja Theory and Arkane Studios face closure in Xbox cuts,https://metro.co.uk/2026/09/22/hellblade-developer-ninja-theory-arkane-studios-face-closure-xbox-cuts-29644948/,20260922T163000Z,metro.co.uk,English,,closure,D6_교란행위,2026-09-22,[],0,NONE,,
41293f38dd30cfc71286d78707897508,Avon House school near Essex for sale after sudden closure,https://www.brentwoodlive.co.uk/news/26571800.avon-house-school-near-essex-sale-sudden-closure/,20260922T163000Z,brentwoodlive.co.uk,English,,closure,D6_교란행위,2026-09-22,[],0,NONE,,
c21b96c66d795ed0eb57985e1db09b8c,Manor Italia restaurant in Yorkshire issues closure warning,https://www.gazetteherald.co.uk/news/26570729.manor-italia-thirsk-pleas-help-others/,20260922T163000Z,gazetteherald.co.uk,English,,closure,D6_교란행위,2026-09-22,[],0,NONE,,
0120c7001977de69a4b967fe92c33416,County issues Wednesday closure notice for Segers Road | Athens The News Courier,https://enewscourier.com/2026/09/22/county-issues-wednesday-closure-notice-for-segers-road/,20260922T163000Z,enewscourier.com,English,,closure,D6_교란행위,2026-09-22,[],0,NONE,,
29ece9d47a075c91b5b27d007cdc2ad2,Arab News | Israeli checkpoint closure isolates Palestinian village near Jerusalem,https://www.arabnews.com/middle-east/israeli-checkpoint-closure-isolates-palestinian-village-near-jerusalem-3002682,20260922T163000Z,arabnews.com,English,,closure,D6_교란행위,2026-09-22,[],0,NONE,,
010052aae09b4c3c3d240c439c561930,"India among just two regions where incomes rising , says WEF survey",https://www.business-standard.com/economy/news/india-among-just-two-regions-where-incomes-rising-says-wef-survey-126092201313_1.html,20260922T163000Z,business-standard.com,English,India,crude oil,D2_품목,2026-09-22,[],0,NONE,Income survey,
4836e23da1ab475b861458a34a697bcd,"Rivage review - in space , no one can hear you solve puzzles",https://metro.co.uk/2026/09/22/rivage-review-space-no-one-can-hear-solve-puzzles-29643333/,20260922T163000Z,metro.co.uk,English,United Kingdom,terminal,D3_인프라,2026-09-22,[],0,NONE,,
48003e516b894497498943c829f999d6,Tinubu seeks African alliance to end export of raw minerals,https://tribuneonlineng.com/tinubu-seeks-african-alliance-to-end-export-of-raw-minerals/,20260922T163000Z,tribuneonlineng.com,English,Nigeria,critical minerals,D2_품목,2026-09-22,[],0,NONE,,
7c49c2a2aff19f433741bc615204a06d,"Trump Xi Jinping Meeting : From tariff overlord to tarmac man , Donald Trump to roll out red carpet for Xi Jinping",https://timesofindia.indiatimes.com/world/us/from-tariff-overlord-to-tarmac-man-donald-trump-to-roll-out-red-carpet-for-xi-jinping/articleshow/134415950.cms,20260922T163000Z,timesofindia.indiatimes.com,English,India,critical minerals,D2_품목,2026-09-22,[],0,NONE,,
4c55eec23b87ecc64fb81ad924730542,East Turkistan Government - in - Exile calls on Trump to press Xi over China Uyghur policies,http://www.shanghainews.net/news/279323695/east-turkistan-government-in-exile-calls-on-trump-to-press-xi-over-china-uyghur-policies,20260922T163000Z,shanghainews.net,English,China,critical minerals,D2_품목,2026-09-22,[],0,NONE,,
e023540c051a6e57f8bed97b45bf8550,Bill expanding education voucher program ratified - BusinessWorld Online,https://bworldonline.com/the-nation/2026/09/22/780551/bill-expanding-education-voucher-program-ratified/,20260922T163000Z,bworldonline.com,English,Philippines,congestion,D6_교란행위,2026-09-22,[],0,NONE,,
09bc76eadfb9a0f6ef8fde9753f01f28,Delhi L - G discusses citizen - centric policing with officers,https://www.prokerala.com/news/articles/a1815455.html,20260922T163000Z,prokerala.com,English,India,congestion,D6_교란행위,2026-09-22,[],0,NONE,,
e3a7277d6a99aa246d52b39d9c9b9a93,Locals call for railway station to be built instead of 180 new homes,https://www.cambridge-news.co.uk/news/local-news/locals-call-railway-station-built-34649952,20260922T163000Z,cambridge-news.co.uk,English,United Kingdom,congestion,D6_교란행위,2026-09-22,[],0,NONE,,
ea77fed14c0b4cd5c1f2b8bacf1b92e5,Trump TV : Can the US president bypass mainstream media ? ,https://www.aljazeera.com/news/2026/9/22/trump-tv-can-the-us-president-bypass-mainstream-media,20260922T163000Z,aljazeera.com,English,United States,canal,D3_인프라,2026-09-22,[],0,NONE,,
89a2a3d46876e21112057e4b9bbd62fa,2027 : Were bringing back fuel subsidy - Kwankwaso,https://dailypost.ng/2026/09/22/2027-were-bringing-back-fuel-subsidy-kwankwaso/,20260922T163000Z,dailypost.ng,English,Nigeria,refinery,D3_인프라,2026-09-22,[],0,NONE,,
8eaf2816c78a5c0b5b9d7cd5b7608485,"Fuel Price : NMDPRA reveals details of meetings with Dangote Refinery , marketers",https://dailypost.ng/2026/09/22/fuel-price-nmdpra-reveals-details-of-meetings-with-dangote-refinery-marketers/,20260922T163000Z,dailypost.ng,English,Nigeria,refinery,D3_인프라,2026-09-22,[],0,NONE,,
48494373331bde7959a16abb65b9e2c0,Activists and leaders reflect on Standing Rock a decade on :  I would do it again  | Dakota Access pipeline,https://www.theguardian.com/us-news/2026/sep/22/protesters-standing-rock-dakota-access-decade,20260922T163000Z,theguardian.com,English,United Kingdom,refinery,D3_인프라,2026-09-22,[],0,NONE,,
0da8f2141b49657621655ba89f90a3ff,Retired UPS Driver Discovers Union Pension Skyrocketed His Medicare Premium,https://www.aol.com/articles/retired-ups-driver-discovers-union-190539000.html,20260922T163000Z,aol.com,English,United States,surcharge,D6_교란행위,2026-09-22,[],0,NONE,Pension benefits,
bade9e67b5177093dac682e69c92a7a2,Gwynedd man who showed sick image to child spared jail,https://www.dailypost.co.uk/news/north-wales-news/courts-crime-gwynedd-man-showed-34654523,20260922T163000Z,dailypost.co.uk,English,United Kingdom,surcharge,D6_교란행위,2026-09-22,[],0,NONE,Criminal sentencing,
7c4778add5128d4ca3da6029e5553a2f,SEMCO Technologies Reports 2026 Half - Year Results : Strong Business Momentum and Solid Financial Performance,https://www.finanznachrichten.de/nachrichten-2026-09/69646851-semco-technologies-reports-2026-half-year-results-strong-business-momentum-and-solid-financial-performance-004.htm,20260922T163000Z,finanznachrichten.de,English,Germany,exchange rate,D5_시장지표,2026-09-22,[],0,NONE,Corporate earnings report,
7a907392ce62d0a98cad48637c6003a6,Apple Texture and Grain camera controls locked to iPhone 18 Pro,https://www.cultofmac.com/news/apple-texture-grain-controls-iphone-18-pro-only,20260922T163000Z,cultofmac.com,English,,grain,D2_품목,2026-09-22,"[""POL_GrainReserve""]",1,NONE,iPhone camera controls,
3a38dfe66a1957e8701ee5d5b046a725,"Trump says US economy , military stronger than before",https://www.samaa.tv/2087357230-trump-confident-of-iran-deal-after-us-elections,20260922T163000Z,samaa.tv,English,Pakistan,Iran military,D7_행위자,2026-09-22,[],0,NONE,US economy,
49e19cd75d66c597bd1ecb1380428cec,Major UK retailer confirms closure of high street store | Clacton and Frinton Gazette,https://www.clactonandfrintongazette.co.uk/news/26572126.major-uk-retailer-confirms-closure-high-street-store/,20260922T161500Z,clactonandfrintongazette.co.uk,English,,closure,D6_교란행위,2026-09-22,[],0,NONE,,
16dccbf0958ebc2de4980d7be6cecba8,The Church in Wales delays same - sex marriage Bill,https://www.attitude.co.uk/news/church-in-wales-delays-same-sex-marriage-bill-535063/,20260922T160000Z,attitude.co.uk,English,United Kingdom,delay,D6_교란행위,2026-09-22,[],0,NONE,,
faab777bf814edfdcff0cbcbc1876cd9,"Greek proverb of the day :  Whoever does not want to knead , sifts for ten day – timeless lesson on procrastination , excuses and the danger of waiting too long to act",https://economictimes.indiatimes.com/us/news/greek-proverb-of-the-day-whoever-does-not-want-to-knead-sifts-for-ten-days-timeless-lesson-on-procrastination-excuses-and-the-danger-of-waiting-too-long-to-act/articleshow/134415418.cms,20260922T160000Z,economictimes.indiatimes.com,English,India,delay,D6_교란행위,2026-09-22,[],0,NONE,,
f78c3a57d89eda9ac7832ac93f6f721b,Apple opens claims for $250 million Siri settlement ; eligible iPhone owners can file now,https://macdailynews.com/2026/09/22/apple-opens-claims-for-250-million-siri-settlement-eligible-iphone-owners-can-file-now/,20260922T160000Z,macdailynews.com,English,United States,delay,D6_교란행위,2026-09-22,[],0,NONE,,
14e885b189466fc76256216fd6eadf05,€4 . 5 Billion of Superyachts Arrive in Monaco for 2026 Yacht Show,https://www.rustourismnews.com/2026/09/22/e4-5-billion-of-superyachts-arrive-in-monaco-for-2026-yacht-show/,20260922T160000Z,rustourismnews.com,English,United States,fleet,D4_운송,2026-09-22,[],0,NONE,,
6ecaa41e46ca8e3374fb5cbc99e45944,"Column : What Hinson says , how she votes are contradictions",http://www.thegazette.com/opinion/what-ashley-hinson-says-how-she-votes-are-contradictions/article_a4c47027-6426-42cd-9c6c-5b5ee35b0a76.html,20260922T160000Z,thegazette.com,English,United States,shortage,D6_교란행위,2026-09-22,[],0,NONE,,
f0c931781f91980c33d50ce073bf0a7c,Cost blocks public access to RSV protection for babies,https://mg.co.za/news/south-africa/2026-09-22-cost-blocks-public-access-to-rsv-protection-for-babies/,20260922T160000Z,mg.co.za,English,South Africa,shortage,D6_교란행위,2026-09-22,[],0,NONE,,
029f1c229ec066fca9fcbe4d382f8816,Kansas needs more doctors but new federal loan limits could make it harder to attend medical school,https://www.kcur.org/2026-09-22/kansas-needs-more-doctors-but-new-federal-loan-limits-could-make-it-harder-to-attend-medical-school,20260922T160000Z,kcur.org,English,United States,shortage,D6_교란행위,2026-09-22,[],0,NONE,,
19daa83301d3feaffefab787fbcf5ba4,What does Burnham want from Trump – and will he get it ? ,https://theweek.com/politics/what-does-burnham-want-from-trump-and-will-he-get-it,20260922T160000Z,theweek.com,English,United States,Houthi,D7_행위자,2026-09-22,[],0,NONE,UK politics,
60561c9f736645b684a47f991dcdf03e,How has the closure of fuel poverty schemes affected households?,https://www.energylivenews.com/2026/09/22/how-has-the-closure-of-fuel-poverty-schemes-affected-households/,20260922T160000Z,energylivenews.com,English,,closure,D6_교란행위,2026-09-22,[],0,NONE,,
f8c003190c0bc859bd05afc796431733,Somerset Council statement on Taunton Brewhouse closure | Somerset County Gazette,https://www.somersetcountygazette.co.uk/news/26572554.somerset-council-statement-taunton-brewhouse-closure/,20260922T160000Z,somersetcountygazette.co.uk,English,,closure,D6_교란행위,2026-09-22,[],0,NONE,,
4fda688572c2dcbcc90081bdb7e58b33,"Washington Examiner | Political News and Conservative Analysis About Congress , the President , and the Federal Government",http://www.washingtonexaminer.com/restoring-america/4736042/capitalism-why-american-oil-production-surging/,20260922T160000Z,washingtonexaminer.com,English,United States,crude oil,D2_품목,2026-09-22,[],0,NONE,Political news,
8a69f658d4ece2c6bbf7da6f9177c33e,I asked Meta Muse for its filesystem and it sent me 6 . 8 GB,https://mouse.dev/blog/muse-runtime-export/,20260922T160000Z,mouse.dev,English,,container,D2_품목,2026-09-22,[],0,NONE,AI filesystem,
954b6e05d8b5dcd6021bec037e5355ac,Freedom Mobile to shutter 3G in part of Ontario next month,https://mobilesyrup.com/2026/09/22/freedom-mobile-3g-shutdown-ontario/,20260922T160000Z,mobilesyrup.com,English,Canada,carrier,D4_운송,2026-09-22,[],0,NONE,,
809698eb0a49939f6b5cd26fcecfd7ee,"Boeing , Airbus vie as Bangladesh Biman eyes fleet upgrade",https://aninews.in/news/world/asia/boeing-airbus-vie-as-bangladesh-biman-eyes-fleet-upgrade20260922194300/,20260922T160000Z,aninews.in,English,India,carrier,D4_운송,2026-09-22,[],0,NONE,,
1a066da2fb8d9ba0163d86848e47bb57,CHARLEBOIS : Trump Belarus potash gambit : Canada should stop laughing,https://torontosun.com/opinion/columnists/trumps-belarus-potash-gambit-canada-stop-laughing,20260922T160000Z,torontosun.com,English,Canada,terminal,D3_인프라,2026-09-22,[],0,NONE,,
631983c27ee303b5ce31fdf14cee485b,Severed fiber line grounds flights as world leaders descend for UN meeting,http://www.washingtonexaminer.com/policy/infrastructure/4736541/flights-grounded-fiber-line-cut-un-general-assembly-bryan-bedford-outage/,20260922T160000Z,washingtonexaminer.com,English,United States,terminal,D3_인프라,2026-09-22,[],0,NONE,,
cf915e7ef9d581ff708184c9b7380c48,Alaska New $80 Million Cruise Dock Declared Total Loss After Fire,https://www.rustourismnews.com/2026/09/22/alaskas-new-80-million-cruise-dock-declared-total-loss-after-fire/,20260922T160000Z,rustourismnews.com,English,United States,terminal,D3_인프라,2026-09-22,[],0,NONE,,
4af8672702b643e00d3f8c0b91631ccc,Borough ordinance proposes workforce agreement reviews on major projects,https://www.newsminer.com/news/local_news/borough-ordinance-proposes-workforce-agreement-reviews-on-major-projects/article_538f4ff9-3353-4151-9feb-0f7d3ca70c3e.html,20260922T160000Z,newsminer.com,English,United States,terminal,D3_인프라,2026-09-22,[],0,NONE,,
ac60aca1e0bbfa9600bc9c4fed440bc4,What would it take for schools to start later ? - Massey University,http://www.massey.ac.nz/about/news/what-would-it-take-for-schools-to-start-later/,20260922T160000Z,massey.ac.nz,English,New Zealand,congestion,D6_교란행위,2026-09-22,[],0,NONE,,
72595700de46939f1891aeb867d839da,Leicestershire canal deliberately drained of water in reckless and needless act,https://www.leicestermercury.co.uk/news/local-news/canal-water-deliberately-drained-closure-11166267,20260922T160000Z,leicestermercury.co.uk,English,United Kingdom,canal,D3_인프라,2026-09-22,[],0,NONE,,
c49073944f558cec0af4cba5c3167881,Nigeria Targets Fair Petrol Prices in Refinery Talks,https://zalebs.com/business/nigeria-seeks-competitive-petrol-pricing-in-talks-with-refiners-marketers/,20260922T160000Z,zalebs.com,English,South Africa,refinery,D3_인프라,2026-09-22,[],0,NONE,,
c08c5027d067226510605ca798d1649c,Russia quietly modernises bomb shelters in Moscow and St Petersburg,https://www.euronews.com/2026/09/22/russia-quietly-modernises-bomb-shelters-in-moscow-and-st-petersburg,20260922T160000Z,euronews.com,English,United States,refinery,D3_인프라,2026-09-22,[],0,NONE,,
b7a62212efc180b8475ef5c8c2c4cbb4,Biodiesel Magazine,https://biodieselmagazine.com/author/10499,20260922T160000Z,biodieselmagazine.com,English,United States,refinery,D3_인프라,2026-09-22,[],0,NONE,,
95316e6ac663373534c7abd1f5a3be0c,Deadly 'flesh-eating' bacteria in raw seafood kills 1 in SC,https://www.postandcourier.com/charleston_sc/deadly-flesh-eating-bacteria-raw-seafood-health-oysters-sc/article_00ba4929-0568-42f2-a17c-6c289b53ad0d.html,20260922T160000Z,postandcourier.com,English,,seafood,D8_수산물,2026-09-22,[],0,NONE,,
ee37798589669bf7bd567066138268dd,"An Idaho farm bought in 1916 for about $87 . 50 an acre has stayed in one family for more than a century ; 110 years later , the 361 - acre homestead has been named an official Century Farm",https://timesofindia.indiatimes.com/world/us/an-idaho-farm-bought-in-1916-for-about-87-50-an-acre-has-stayed-in-one-family-for-more-than-a-century-110-years-later-the-361-acre-homestead-has-been-named-an-official-century-farm/articleshow/134411176.cms,20260922T160000Z,timesofindia.indiatimes.com,English,India,wheat,D2_품목,2026-09-22,[],0,NONE,,
8e9e7a706614163cfa8f06e14765d178,Mozambique : AfDB May Support Maputo Municipality in Waste Management,https://allafrica.com/stories/202609220350.html,20260922T160000Z,allafrica.com,English,Nigeria,fertilizer,D2_품목,2026-09-22,[],0,NONE,,
b1de59e45b995673e4687ef3ca6430ed,"Trump Inadvertently Gives Americans a Day of Peace and Quiet , Trouble Looms for Virginia Wine , and Fall Has Arrived",https://washingtonian.com/2026/09/22/trump-media-boycott-virginia-wine-frost-fall/,20260922T160000Z,washingtonian.com,English,United States,fertilizer,D2_품목,2026-09-22,[],0,NONE,US domestic politics,
d4e3fa3e3f3a7765fe841b5122aa8bd3,"Sweet Vale residents frustrated over roads , water woes",https://barbadostoday.bb/2026/09/22/sweet-vale-residents-frustrated-over-roads-water-woes/,20260922T160000Z,barbadostoday.bb,English,Barbados,tanker,D4_운송,2026-09-22,"[""FP_Tubarao""]",1,NONE,Local infrastructure,
a931d4b277f9bc01eabf9149f77675fe,Namibia : Usakos Is Water Sufficient - Goraseb ... Dismisses Namwater Rationing,https://allafrica.com/stories/202609220387.html,20260922T160000Z,allafrica.com,English,Nigeria,tanker,D4_운송,2026-09-22,[],0,NONE,Water rationing,
76c62839d4d3ff9bb38b9813c1bfa507,Why a Down Market Is the Perfect Tax Window for Roth Conversions,https://www.moneytalksnews.com/why-a-down-market-is-the-perfect-tax-window-for-roth-conversions/,20260922T160000Z,moneytalksnews.com,English,United States,surcharge,D6_교란행위,2026-09-22,[],0,NONE,Tax strategy,
5c526398788dce11b7ef71a28e568bd4,Century Announces Results of 2026 Shareholder Meeting,https://www.standard-freeholder.com/press-releases/newsfile/century-announces-results-of-2026-shareholder-meeting/,20260922T160000Z,standard-freeholder.com,English,Canada,iron ore,D2_품목,2026-09-22,[],0,NONE,,
54e6da992e3bbfeedcbbb1571b43cd50,"Declare entire Kalaburagi district drought - hit , KPRS demands",https://www.thehindu.com/news/national/karnataka/declare-entire-kalaburagi-district-drought-hit-kprs-demands/article71496030.ece,20260922T154500Z,thehindu.com,English,India,delay,D6_교란행위,2026-09-22,[],0,NONE,,
077a17aa934f4e6e7f57f29fdc10b4de,Piers Morgan says Earl Spencer  apologised for lie in Diana book but he still suing,https://www.dailystar.co.uk/news/latest-news/breaking-piers-morgan-says-earl-37690438,20260922T154500Z,dailystar.co.uk,English,United Kingdom,fleet,D4_운송,2026-09-22,[],0,NONE,,
cfe43b266b8581d8fd3f3ae641d1e8ed,Major UK retailer confirms closure of high street store | Maldon and Burnham Standard,https://www.maldonandburnhamstandard.co.uk/news/26572126.major-uk-retailer-confirms-closure-high-street-store/,20260922T154500Z,maldonandburnhamstandard.co.uk,English,,closure,D6_교란행위,2026-09-22,[],0,NONE,,
382706997f18727dbd38540dc9d7b33e,Major UK retailer confirms closure of high street store | Braintree and Witham Times,https://www.braintreeandwithamtimes.co.uk/news/26572126.major-uk-retailer-confirms-closure-high-street-store/,20260922T154500Z,braintreeandwithamtimes.co.uk,English,,closure,D6_교란행위,2026-09-22,[],0,NONE,,
a147d177cd3fdc3af0f096eeb810390e,Yerevan residents complain of road closure ahead of COP17 preparations,https://www.panorama.am/en/news/2026/09/22/road-closure-COP17/3169403,20260922T154500Z,panorama.am,English,,closure,D6_교란행위,2026-09-22,[],0,NONE,,
ec39cf2255e725dceeb9e42542167ecc,Reconstitutable Powder Filling System For Global MedTech Client,https://www.pharmaceuticalonline.com/doc/reconstitutable-powder-filling-system-for-global-medtech-client-0001,20260922T154500Z,pharmaceuticalonline.com,English,United States,container,D2_품목,2026-09-22,[],0,NONE,Medical equipment,
f8587475e9015e10d6bb53084bf727fd,Latest Hamilton County Arrest Report - Chattanoogan . com,https://www.chattanoogan.com/2026/9/22/523682/Latest-Hamilton-County-Arrest-Report.aspx,20260922T154500Z,chattanoogan.com,English,United States,container,D2_품목,2026-09-22,[],0,NONE,Arrest report,
78419e1ca8097a9fb2ad84535209ca83,Alachua Astronomy Club draws crowds for International Observe the Moon Night,https://www.wuft.org/entertainment/2026-09-22/alachua-astronomy-club-draws-crowds-for-international-observe-the-moon-night,20260922T154500Z,wuft.org,English,United States,container,D2_품목,2026-09-22,[],0,NONE,,
b69dcaac094bfcd51fd61881a497d350,What in the Greenland agreement between U . S . and Denmark,https://www.pbs.org/newshour/show/whats-in-the-greenland-agreement-between-u-s-and-denmark,20260922T154500Z,pbs.org,English,United States,critical minerals,D2_품목,2026-09-22,[],0,NONE,,
c999d6ad29f1e47afcef05d1a665cd86,"It my dream to make Kuppam fertile , says Naidu as he welcomes Krishna waters with  Jalaharathi  ",https://www.thehindu.com/news/national/andhra-pradesh/its-my-dream-to-make-kuppam-fertile-says-naidu-as-he-welcomes-krishna-waters-with-jalaharathi/article71495199.ece,20260922T154500Z,thehindu.com,English,India,canal,D3_인프라,2026-09-22,[],0,NONE,,
44bdc8453e1a4ecfbf591a91287dfe38,Susan Sarandon & Olivia Colman Join Ronan Bennett  Army Of Shadows  ,https://deadline.com/2026/09/susan-sarandon-olivia-colman-join-army-of-shadows-1237110005/,20260922T154500Z,deadline.com,English,United States,canal,D3_인프라,2026-09-22,[],0,NONE,,
086c5598dc603b76203b327288d63433,Prestatyn man to pay nearly £750 after driving carelessly,https://www.rhyljournal.co.uk/news/26571830.prestatyn-man-pay-nearly-750-driving-carelessly/,20260922T154500Z,rhyljournal.co.uk,English,United Kingdom,surcharge,D6_교란행위,2026-09-22,[],0,NONE,Traffic violation fine,
3884659bf7b04e07969bfed2c0a3fb37,Yamunanagar MC junior engineer suspended for negligence in duty,https://www.tribuneindia.com/news/haryana/yamunanagar-mc-junior-engineer-suspended-for-negligence-in-duty/,20260922T153000Z,tribuneindia.com,English,India,delay,D6_교란행위,2026-09-22,[],0,NONE,,
4938e44f0867ee47ec46e24685830f65,Samsung just pushed back One UI 9 by a week,https://www.androidpolice.com/one-ui-9-is-arriving-later-than-planned/,20260922T153000Z,androidpolice.com,English,United States,delay,D6_교란행위,2026-09-22,"[""KC_SamsungHeavy""]",1,NONE,,
ba300a46b3ff36ec8af6597e8584031b,"CM reviews development projects ; sets Oct deadline to launch Gaya , IMC",https://timesofindia.indiatimes.com/city/patna/cm-reviews-development-projects-sets-oct-deadline-to-launch-gaya-imc/articleshow/134414999.cms,20260922T153000Z,timesofindia.indiatimes.com,English,India,delay,D6_교란행위,2026-09-22,"[""KC_HDC""]",1,NONE,,
6a87a5ebfd92207903ac776e6f7c56ea,How Climate Change Is Shifting Fall Colors in National Parks,https://www.outsideonline.com/adventure-travel/national-parks/fall-colors-climate-change/,20260922T153000Z,outsideonline.com,English,United States,delay,D6_교란행위,2026-09-22,[],0,NONE,,
3cc81127074f711e08bf6df1ba2f2a09,"A History of Yacht Clubs , From Royal Cork to Monaco",https://observer.com/2026/09/history-of-yacht-clubs/,20260922T153000Z,observer.com,English,United States,fleet,D4_운송,2026-09-22,[],0,NONE,,
e5d439ad0a0e9b6e7f5acf1087b7de0a,Resilient Cash Flows and Organic Drivers Position McGrath RentCorp ( MGRC ) for Long - Term Growth,https://finance.yahoo.com/markets/stocks/articles/resilient-cash-flows-organic-drivers-144630290.html,20260922T153000Z,finance.yahoo.com,English,United States,fleet,D4_운송,2026-09-22,[],0,NONE,,
938f25fab74214994b90cb0f70bd5c93,DeNexus Joins ISA Global Cybersecurity Alliance to Facilitate Broad Adoption of OT Cybersecurity Standards,http://www.prnewswire.com/news-releases/denexus-joins-isa-global-cybersecurity-alliance-to-facilitate-broad-adoption-of-ot-cybersecurity-standards-302886327.html,20260922T153000Z,prnewswire.com,English,United States,fleet,D4_운송,2026-09-22,[],0,NONE,,
d1ef68f54b8217c5160510e204b81b4f,Federal government urged to help overhaul highway leading to military city in northeastern Alberta,https://www.cbc.ca/news/canada/edmonton/alberta-highway-improvement-cold-lake-9.7352828,20260922T153000Z,cbc.ca,English,Canada,fleet,D4_운송,2026-09-22,[],0,NONE,,
96edb41bca50ffcfb9916300acc67f8e,The big day is about to arrive : Melges 24 World Championship ready to race in Habror Springs,https://www.sail-world.com/news/300051/Melges-24-Worlds-ready-to-race-in-Harbor-Springs,20260922T153000Z,sail-world.com,English,Australia,fleet,D4_운송,2026-09-22,[],0,NONE,,
bdf09172cc634992a2554c988eaadd30,"Celebrating the NYYC Women International Championship , StFYC Rolex Big Boat Series , and SailGP",https://www.sail-world.com/news/300042/NYYCs-WIC-StFYCs-RBBS-SailGP-news,20260922T153000Z,sail-world.com,English,Australia,fleet,D4_운송,2026-09-22,[],0,NONE,Sailing competition,
1648db73fbd12ab61b03ae23766b9546,Maldive Dollar Crisis Becomes a Political Test for President Muizzu – The Diplomat,https://thediplomat.com/2026/09/maldives-dollar-crisis-becomes-a-political-test-for-president-muizzu/,20260922T153000Z,thediplomat.com,English,China,shortage,D6_교란행위,2026-09-22,[],0,NONE,Maldive currency crisis,
91e82de97ab0c4ac1e6d199bc8457f8b,Kochi continues to grapple with acute water crisis,https://www.thehindu.com/news/national/kerala/kochi-continues-to-grapple-with-acute-water-crisis/article71495088.ece,20260922T153000Z,thehindu.com,English,India,shortage,D6_교란행위,2026-09-22,[],0,NONE,,
6541769d10ba5a3b02af3c1d2eb98672,ضربة جديدة في صنعاء .. مسيرات الشرعية تستهدف دار الرئاسة والحوثي يتكتم,https://www.okaz.com.sa/politics/na/2267257,20260922T153000Z,okaz.com.sa,English,Saudi Arabia,Houthi,D7_행위자,2026-09-22,[],0,NONE,,
5c299310955cbcd4806ae4e55c4d6e23,مقتل 8 من قيادات الحوثي .. محارق تعز تلتهم المليشيا,https://www.okaz.com.sa/politics/na/2267218,20260922T153000Z,okaz.com.sa,English,Saudi Arabia,Houthi,D7_행위자,2026-09-22,[],0,NONE,,
c0624be5d99a9b4311a88f12be2cc006,Chef Kwame Onwuachi shares recipes from his new cookbook  All Hours  ,https://abcnews.com/GMA/Food/chef-kwame-onwuachi-shares-recipes-new-cookbook-all-hours/story?id=136625871,20260922T153000Z,abcnews.com,English,United States,container,D2_품목,2026-09-22,[],0,NONE,,
159f10cc6a69d06f9cba8787fac076f9,Jamaica gets first non - stop link to Mexico,http://jamaica-star.com/article/news/20260922/jamaica-gets-first-non-stop-link-mexico,20260922T153000Z,jamaica-star.com,English,Jamaica,carrier,D4_운송,2026-09-22,[],0,NONE,,
6f80c2ed279bd799ab66a55782ab9048,Appleton International Airport terminal expansion earns 2026 WEDA honor,https://fox11online.com/news/local/appleton-international-airport-terminal-expansion-earns-2026-weda-honor-wisconsin-economic-development-atw-ceda-community-award-winner-renovation-travel-regional-businesses,20260922T153000Z,fox11online.com,English,United States,terminal,D3_인프라,2026-09-22,"[""POL_GrainReserve"", ""KP_Tongyeong""]",2,NONE,Airport expansion,
7393ef56e6d660e8f53676609138937f,Google Book lineup brings five new models starting at $899,https://arynews.tv/google-book-lineup-brings-five-new-models-starting-at-899,20260922T153000Z,arynews.tv,English,Pakistan,terminal,D3_인프라,2026-09-22,[],0,NONE,,
f81386e4ca2ebe00ca61f2ce87358859,Xiaomi introduces Mimo - V2 . 6 series open - source AI model family,https://siliconangle.com/2026/09/22/xiaomi-introduces-mimo-v2-6-series-open-source-ai-model-family/,20260922T153000Z,siliconangle.com,English,United States,terminal,D3_인프라,2026-09-22,[],0,NONE,,
dac3da46f329a0540f7e7128e5a076e5,Poole to Cherbourg ferry service to end after decades,https://www.dorsetecho.co.uk/news/26570928.poole-cherbourg-ferry-service-end-decades/,20260922T153000Z,dorsetecho.co.uk,English,United Kingdom,terminal,D3_인프라,2026-09-22,[],0,NONE,,
e5129e8ca2f3441bcb4a1bf40fe31612,India gains little from BRICS+ - The HinduBusinessLine,https://www.thehindubusinessline.com/opinion/india-gains-little-from-brics/article71496032.ece,20260922T153000Z,thehindubusinessline.com,English,India,critical minerals,D2_품목,2026-09-22,[],0,NONE,,
33f96852483caf1990221260d7d21a2a,Client Spotlight : Antora Energy Powers The Future Of Industrial Energy Storage,https://www.mondaq.com:443/unitedstates/renewables/1845734/client-spotlight-antora-energy-powers-the-future-of-industrial-energy-storage,20260922T153000Z,mondaq.com,English,United States,critical minerals,D2_품목,2026-09-22,[],0,NONE,,
c93ada3f5ee42859552c78dbb8ac6008,"Kurnool celebrates Ganesh immersion with grand processions , devotion",https://www.thehindu.com/news/national/andhra-pradesh/festive-spirit-grand-processions-mark-ganesh-idol-immersion-in-kurnool/article71496055.ece,20260922T153000Z,thehindu.com,English,India,canal,D3_인프라,2026-09-22,[],0,NONE,,
6a6118dab1455f2ec62829a8a4d7cae4,Elaborate Arrangements Made for Ganesh Immersion in Karimnagar,https://www.deccanchronicle.com/southern-states/telangana/elaborate-arrangements-made-for-ganesh-immersion-in-karimnagar-1989671,20260922T153000Z,deccanchronicle.com,English,India,canal,D3_인프라,2026-09-22,[],0,NONE,,
f9087995f913aeecd579b7865e2e02a4,"Bose new buds are expensive , but I review similar models ; there something else youre paying for",https://www.androidpolice.com/boses-new-earbuds-may-seem-expensive/,20260922T153000Z,androidpolice.com,English,United States,canal,D3_인프라,2026-09-22,[],0,NONE,,
1545ebff90985f3c2c3731ea73c39a01,"Adding mini clover to grass seed creates green , drought - tolerant lawn",https://www.capitalgazette.com/2026/09/22/mini-clover-grass-seed-lawn/,20260922T153000Z,capitalgazette.com,English,United States,fertilizer,D2_품목,2026-09-22,[],0,NONE,,
815913be3148f7de53a71011b90e56ae,InterContinental Sydney Coogee Beach review : A luxury seaside makeover for a local landmark,https://www.brisbanetimes.com.au/traveller/reviews-and-advice/this-iconic-1980s-sydney-beach-hotel-just-got-a-serious-luxury-upgrade-20260923-p60p67.html,20260922T153000Z,brisbanetimes.com.au,English,Australia,surcharge,D6_교란행위,2026-09-22,[],0,NONE,Hotel review,
f007c660bb941e6c0a759701115fd3cf,Supreme Court stays Bombay high court dismissal of Vishakha Raut plea in civic body disqualification row | Mumbai News,https://timesofindia.indiatimes.com/city/mumbai/supreme-court-stays-bombay-high-court-dismissal-of-vishakha-raut-plea-in-civic-body-disqualification-row/articleshow/134415092.cms,20260922T153000Z,timesofindia.indiatimes.com,English,India,embargo,D6_교란행위,2026-09-22,[],0,NONE,,
8959211b8c8987351be79e41691b1731,Outdoor recreation community frustrated with latest B.C. forest road closure,https://www.cbc.ca/news/canada/british-columbia/trout-lake-rady-creek-forest-service-road-closures-9.7352990,20260922T151500Z,cbc.ca,English,,closure,D6_교란행위,2026-09-22,[],0,NONE,,
1fa0490f1d8f8f8500b3109413abd931,NANS threatens protest over continued closure of Benue tertiary institutions,https://theeagleonline.com.ng/nans-threatens-protest-over-continued-closure-of-benue-tertiary-institutions/,20260922T151500Z,theeagleonline.com.ng,English,,closure,D6_교란행위,2026-09-22,[],0,NONE,,
440ebe64ea4a77e9c13cf28136ba0fb9,Major UK retailer confirms closure of high street store,https://www.gazette-news.co.uk/news/26572126.major-uk-retailer-confirms-closure-high-street-store/,20260922T150000Z,gazette-news.co.uk,English,,closure,D6_교란행위,2026-09-22,[],0,NONE,,
931e2d5e33f2b1639720492015ce9af9,Emergency Road Closure Notice in Haines City — Haines City,https://dailyridge.com/2026/09/22/emergency-road-closure-notice-in-haines-city/,20260922T150000Z,dailyridge.com,English,,closure,D6_교란행위,2026-09-22,[],0,NONE,,
4fd770bcdf5bc3b5489659a65c187028,"After Studio West 117's Closure, a New Space Centering Connection and Well-Being Will Open In Its Place",https://www.clevescene.com/news/cleveland-news/after-studio-west-117s-closure-a-new-space-centering-connection-and-well-being-will-open-in-its-place/,20260922T150000Z,clevescene.com,English,,closure,D6_교란행위,2026-09-22,[],0,NONE,,
c8f8ef433d6ed19244fd5b7fe37e33f6,Major UK retailer confirms closure of high street store | Harwich and Manningtree Standard,https://www.harwichandmanningtreestandard.co.uk/news/26572126.major-uk-retailer-confirms-closure-high-street-store/,20260922T150000Z,harwichandmanningtreestandard.co.uk,English,,closure,D6_교란행위,2026-09-22,[],0,NONE,,
dca3cd7ff53ec370755a516c6fa3f48e,"Electric Tables Market to Reach US$ 473 . 2 Mn by 2031 , Expanding",https://www.openpr.com/news/4639701/electric-tables-market-to-reach-us-473-2-mn-by-2031-expanding,20260922T144500Z,openpr.com,English,United States,delay,D6_교란행위,2026-09-22,"[""KC_LSElec""]",1,NONE,,
75c9f31578a78d5620f38509a6011177,"Türkiye , seven nations urge Israel to honor Gaza commitments",https://www.hurriyetdailynews.com/turkiye-seven-nations-urge-israel-to-honor-gaza-commitments-227208,20260922T144500Z,hurriyetdailynews.com,English,Turkey,delay,D6_교란행위,2026-09-22,[],0,NONE,,
65b0ef9ffe553068140aa06e0b1c234d,Plans for 300 homes on greenbelt near Bristol approved despite hundreds of objections,https://www.somersetlive.co.uk/news/local-news/plans-300-homes-greenbelt-near-11165307,20260922T144500Z,somersetlive.co.uk,English,United Kingdom,delay,D6_교란행위,2026-09-22,[],0,NONE,,
fed16feea7b9efa87661c6f63328738c,Phoenix Express 2026 concludes in Tunisia,https://www.globalsecurity.org/military/library/news/2026/09/mil-260918-africom02.htm,20260922T144500Z,globalsecurity.org,English,Syria,fleet,D4_운송,2026-09-22,[],0,NONE,,
76774fc173cad936a253bda9c5b6b996,PAE Munitions marks 50 years of U . S .- German partnership on Rolling Airframe Missile program,https://www.globalsecurity.org/military/library/news/2026/09/mil-260921-mcn01.htm,20260922T144500Z,globalsecurity.org,English,Syria,fleet,D4_운송,2026-09-22,[],0,NONE,,
db2bca48fe7b197ea1f0c97c3743af04,"Major milestones for Australia air intelligence , surveillance and reconnaissance capabilities",https://www.globalsecurity.org/wmd/library/news/australia/2026/australia-260922-audod01.htm,20260922T144500Z,globalsecurity.org,English,Syria,fleet,D4_운송,2026-09-22,"[""KC_KoreanAir""]",1,NONE,,
b3e30a86c20297227e03e54761ad416f,USS Jason Dunham Arrives in Cyprus,https://www.globalsecurity.org/military/library/news/2026/09/mil-260921-usn01.htm,20260922T144500Z,globalsecurity.org,English,Syria,fleet,D4_운송,2026-09-22,[],0,NONE,,
3d73c11088f44cc1dd2eacf963d492e3,"JSW Ampstar charges into ECV race with ₹2 , 500 cr bet",https://www.thehindu.com/business/Industry/jsws-ampstar-charges-into-ecv-race-with-2500-cr-bet/article71495906.ece,20260922T144500Z,thehindu.com,English,India,fleet,D4_운송,2026-09-22,[],0,NONE,,
14bad2f507e7d7b2587ad8c8be0ea05a,Commander : Iranian resistance disrupted enemy calculations,https://www.globalsecurity.org/wmd/library/news/iran/2026/09/iran-260921-irna04.htm,20260922T144500Z,globalsecurity.org,English,Syria,fleet,D4_운송,2026-09-22,[],0,NONE,,
afe1772639594956961a4007b3e80143,Foreign Secretary speech at Accra Reset Event,https://www.globalsecurity.org/wmd/library/news/uk/2026/uk-260922-ukfcdo02.htm,20260922T144500Z,globalsecurity.org,English,Syria,shortage,D6_교란행위,2026-09-22,[],0,NONE,,
c982b41fa3a47ec0f3eb33c548d91b69,Peloton has three new treadmills but it the fold - away one that has me hooked,https://www.stuff.tv/features/peloton-has-three-new-treadmills-but-its-the-fold-away-one-that-has-me-hooked/,20260922T144500Z,stuff.tv,English,United Kingdom,shortage,D6_교란행위,2026-09-22,[],0,NONE,,
ab4a637ca2959732519345aeedbee7b8,  Abysmal  polling looms over Trump  big day  at the UN :  Hail Mary diplomacy ? ,https://www.rawstory.com/donald-trump-foreign-policy-2677913952/,20260922T144500Z,rawstory.com,English,United States,Houthi,D7_행위자,2026-09-22,[],0,NONE,,
61ce553062ff51f94a931d2e15fd5bd6,Indianola Avenue closure extended in Boardman,https://www.wfmj.com/news/local-news/boardman/indianola-avenue-closure-extended-in-boardman/article_a5f8e177-55b5-4c50-b165-dc521a6db03e.html,20260922T144500Z,wfmj.com,English,,closure,D6_교란행위,2026-09-22,[],0,NONE,,
4d3f5419bbe6b05e9c51cbdb03c5fe30,FDA takes action to address possible shortage of preemie nutrition linked to closure of Lehigh County facility,https://www.wfmz.com/news/area/lehighvalley/pharmacy/article_b56df8b4-8e06-4f84-bfd7-6e85331755e2.html,20260922T144500Z,wfmz.com,English,,closure,D6_교란행위,2026-09-22,[],0,NONE,,
8f02da0414b59d31a6fb44f7e7c3b599,MOL completes $57m reconstruction of Danube Refinery AV3 unit,https://tradearabia.com:443/News/486692/MOL-completes-$57m-reconstruction-of-Danube-Refinery-s-AV3-unit/OGN,20260922T144500Z,tradearabia.com,English,United Arab Emirates,crude oil,D2_품목,2026-09-22,[],0,NONE,Refinery reconstruction,
8cd7ac3c5a796663dd3c913fdcb2c71d,30 acres identified for Vizhinjam cloverleaf | Thiruvananthapuram News,https://timesofindia.indiatimes.com/city/thiruvananthapuram/30-acres-identified-for-vizhinjam-cloverleaf/articleshow/134414162.cms,20260922T144500Z,timesofindia.indiatimes.com,English,India,container,D2_품목,2026-09-22,[],0,NONE,Infrastructure project,
19afd1a695cda421dbb15314117d5ffc,Giant dietician helps kick off new season with fall recipes,https://www.wfmz.com/food-and-recipes/fall/article_fea9dd86-3221-4122-8aba-cd1c284dd16c.html,20260922T144500Z,wfmz.com,English,United States,container,D2_품목,2026-09-22,[],0,NONE,,
6a2e1deaa276d831870288f40c77002d,NATO Allies take readiness to new heights demonstrating unity in action,https://www.globalsecurity.org/military/library/news/2026/09/mil-260919-nato-jfcbrunssum01.htm,20260922T144500Z,globalsecurity.org,English,Syria,container,D2_품목,2026-09-22,[],0,NONE,,
ac44888ab8f58f4e4dc25122e1d30e73,Mature shopper combats  wrinkle with 24p - a - use buy for  dry winter skin,https://www.somersetlive.co.uk/whats-on/shopping/mature-shopper-combats-dry-winter-11165727,20260922T144500Z,somersetlive.co.uk,English,United Kingdom,container,D2_품목,2026-09-22,[],0,NONE,Skincare product,
d3d8add815637e813c771f46568a95fc,I stopped wasting a whole mini PC by moving its working n8n automations to a VM in one shot,https://www.makeuseof.com/i-stopped-wasting-a-whole-mini-pc-by-moving-to-a-vm-in-one-shot/,20260922T144500Z,makeuseof.com,English,United States,container,D2_품목,2026-09-22,[],0,NONE,IT automation,
fa40931457d7543bfe3969156571cd9a,The NGO to Government Pipeline,https://hotair.com/david-strom/2026/09/22/the-ngo-to-government-pipeline-is-corrupt-n3819202,20260922T144500Z,hotair.com,English,,pipeline,D3_인프라,2026-09-22,[],0,NONE,NGO governance,
e3a190f26647b7cb83573d8087a23cad,BREAKING : Airport Tech Glitches Causing Delays | Newsradio 600 KOGO,https://kogo.iheart.com/featured/kogo-local-news/content/2026-09-22-breaking-airport-tech-glitches-causing-delays/,20260922T144500Z,kogo.iheart.com,English,United States,terminal,D3_인프라,2026-09-22,[],0,NONE,Airport tech glitches,
0eed55dd1d21206ce926431b96590287,"Genesee County donates $20 , 000 to the Mid - Michigan Honor Flight",https://www.abc12.com/news/local/genesee-county-donates-20-000-to-the-mid-michigan-honor-flight/article_08ccaefc-7110-47aa-b6d3-de291a700b41.html,20260922T144500Z,abc12.com,English,United States,terminal,D3_인프라,2026-09-22,[],0,NONE,Honor flight donation,
7303decae07a0757d30c680d2970e63c,Rob Breakenridge : There much Alberta can do to boost investment,https://edmontonjournal.com:443/opinion/columnists/breakenridge-much-alberta-can-do-boost-investment/wcm/686c56d6-2827-4482-ae76-3407274e632f,20260922T144500Z,edmontonjournal.com,English,Canada,terminal,D3_인프라,2026-09-22,[],0,NONE,,
ccc72b3752a6d7ea6c6b83718f560390,Secretary Rubio Meeting with Italian Foreign Minister Tajani,https://www.globalsecurity.org/military/library/news/2026/09/mil-260921-state04.htm,20260922T144500Z,globalsecurity.org,English,Syria,critical minerals,D2_품목,2026-09-22,[],0,NONE,,
cef4b739249240c095d3eda54d55d826,Secretary of State Marco Rubio and Italian Deputy Prime Minister and Foreign Minister Antonio Tajani at a Critical Minerals Memorandum of Understanding Signing Ceremony,https://www.globalsecurity.org/military/library/news/2026/09/mil-260921-state03.htm,20260922T144500Z,globalsecurity.org,English,Syria,critical minerals,D2_품목,2026-09-22,[],0,NONE,,
f48de1c7ccad375fd7aba75461eb71a6,Secretary Rubio Meeting with Kenyan President Ruto,https://www.globalsecurity.org/military/library/news/2026/09/mil-260921-state01.htm,20260922T144500Z,globalsecurity.org,English,Syria,critical minerals,D2_품목,2026-09-22,[],0,NONE,,
a8524c9e4152fbc5ebce4d44d19aabf0,EU Strikes Free Trade Deal With Philippines in Bid to Ease Reliance on Major Powers,https://www.theepochtimes.com/world/eu-strikes-free-trade-deal-with-philippines-in-bid-to-ease-reliance-on-major-powers-6093211,20260922T144500Z,theepochtimes.com,English,United States,critical minerals,D2_품목,2026-09-22,[],0,NONE,,
7524f204f463ee747a3f8adc52c618ed,Postal Service Recommends 2026 Holiday Mailing and Shipping Dates,http://www.prnewswire.com/news-releases/postal-service-recommends-2026-holiday-mailing-and-shipping-dates-302886055.html,20260922T144500Z,prnewswire.com,English,,shipping,D4_운송,2026-09-22,[],0,NONE,,
0db4ed3dac3ab254a6209c37476be7a8,Volusia County moves toward widening congested Daytona Beach road near I - 95,https://www.clickorlando.com/news/local/2026/09/22/volusia-county-moves-toward-widening-congested-daytona-beach-road-near-i-95/,20260922T144500Z,clickorlando.com,English,United States,congestion,D6_교란행위,2026-09-22,[],0,NONE,,
00dc61ae75261d67d0057719009127f6,U . S . Army ERDC 3D Prints Its Largest Miter Gate to Date in Only 27 Hours,https://www.compositesworld.com:443/news/us-army-erdc-3d-prints-its-largest-miter-gate-to-date-in-only-27-hours,20260922T144500Z,compositesworld.com,English,United States,canal,D3_인프라,2026-09-22,[],0,NONE,,
38820b5bb0f2ec85d3d2fd812f1f0fd7,Lan Guan Is on the 2026 TIME Executives of the Year : Tech and Data list,https://time.com/collection/executives-of-the-year-tech-data/2026/lan-guan/,20260922T144500Z,time.com,English,United States,refinery,D3_인프라,2026-09-22,[],0,NONE,,
1289eb75c5b693c7e56ce5f9bcea6d60,"Expanded breakfast scheme to cover 51 , 413 students in Krishnagiri",https://www.thehindu.com/news/cities/Coimbatore/expanded-breakfast-scheme-to-cover-51413-students-in-krishnagiri/article71496083.ece,20260922T144500Z,thehindu.com,English,India,wheat,D2_품목,2026-09-22,[],0,NONE,,
936a70290e44d0b5a3a93067b9742df4,"Ilaje , Itsekiri leaders warn against coastal road diversion",https://www.vanguardngr.com/2026/09/ilaje-itsekiri-leaders-warn-against-coastal-road-diversion/,20260922T144500Z,vanguardngr.com,English,Nigeria,reroute,D6_교란행위,2026-09-22,[],0,NONE,,
8bc46a0d244bee367cbb4ad8dcb5dcdb,"I finally gave this Gemini tool a shot , and now I never miss an email",https://www.makeuseof.com/gemini-daily-brief-never-miss-email/,20260922T144500Z,makeuseof.com,English,United States,embargo,D6_교란행위,2026-09-22,[],0,NONE,,
2c4ee31f653ade33281deb9307994b6e,"Today in History : Sept . 22 , Lincoln issues preliminary Emancipation Proclamation",https://www.butlereagle.com/20260922/today-in-history-sept-22-lincoln-issues-preliminary-emancipation-proclamation-3/,20260922T144500Z,butlereagle.com,English,United States,Persian Gulf,D1_초크포인트,2026-09-22,[],0,NONE,,
02860198c971eeea87cac86e63d7c0c1,"Scottsdale Unified to hear public input on 3 campus consolidation, closure proposals",https://www.azfamily.com/2026/09/22/scottsdale-unified-hear-public-input-3-campus-consolidation-closure-proposals/,20260922T143000Z,azfamily.com,English,,closure,D6_교란행위,2026-09-22,[],0,NONE,,
20a1f09a257fd3790df629657f444f20,Scottish Power probes outage behind De La Salle closure,https://www.sthelensstar.co.uk/news/26570966.scottish-power-probes-outage-behind-de-la-salle-closure/,20260922T143000Z,sthelensstar.co.uk,English,,closure,D6_교란행위,2026-09-22,"[""KC_KOMIPO""]",1,NONE,,
93c63222005134777490a2f394effdc3,Vegan cafe in South Bristol announces closure after a decade,https://www.bristolpost.co.uk/whats-on/whats-on-news/vegan-cafe-south-bristol-announces-11166047,20260922T143000Z,bristolpost.co.uk,English,,closure,D6_교란행위,2026-09-22,[],0,NONE,,
884959cce073a9fb7fdca5ef10340e46,TC Energy selling Guadalajara-Manzanillo pipeline,https://www.bnnbloomberg.ca/markets/oil/2026/09/22/tc-energy-selling-guadalajara-manzanillo-pipeline-for-560-million/,20260922T143000Z,bnnbloomberg.ca,English,,pipeline,D3_인프라,2026-09-22,[],0,NONE,Pipeline sale,
3429692f2145d6a13d15ce5828953501,ASM International NV: ASM launches breakthrough Flowable Carbon technology for the next era of semiconductor scaling,https://www.finanznachrichten.de/nachrichten-2026-09/69645784-asm-international-nv-asm-launches-breakthrough-flowable-carbon-technology-for-the-next-era-of-semiconductor-scaling-399.htm,20260922T143000Z,finanznachrichten.de,English,,semiconductor,D2_품목,2026-09-22,[],0,NONE,,
6a45bb8882f4bdd63cbeae5731dbbd0e,"Microfinance Fraud Case: Kerala High Court To Decide Whether Sanction Required To Prosecute Vellappally Natesan, Others",https://www.livelaw.in/high-court/kerala-high-court/kerala-high-court-microfinance-fraud-case-prosecution-sanction-551257,20260922T143000Z,livelaw.in,English,,sanction,D6_교란행위,2026-09-22,[],0,NONE,Kerala microfinance,
042faf8fac7875a951c0b4b178488c08,"Takeda Highlights Late-Stage Oncology Pipeline Progress and Solid Tumor Portfolio Research, Led by Late-Breaking Phase 3 Arcotatug Tavatecan (TAK-921) Data, at ESMO 2026",https://www.intelligencer.ca/press-releases/business-wire/takeda-highlights-late-stage-oncology-pipeline-progress-and-solid-tumor-portfolio-research-led-by-late-breaking-phase-3-arcotatug-tavatecan-tak-921-data-at-esmo-2026/,20260922T141500Z,intelligencer.ca,English,,pipeline,D3_인프라,2026-09-22,[],0,NONE,Pharmaceutical pipeline,
c4f998c7ebabb5f75d62b8dcecc46be8,Chinese Firm Secures $40.8 Million Contract to Build Jet Fuel Pipeline from Muthurajawela to BIA,https://www.lankanewspapers.com/2026/09/22/chinese-firm-secures-40-8-million-contract-to-build-jet-fuel-pipeline-from-muthurajawela-to-bia,20260922T141500Z,lankanewspapers.com,English,,pipeline,D3_인프라,2026-09-22,[],0,NONE,Jet fuel pipeline,
ca6188f4467d3fff722ac978e92faa8c,Trafigura - Trafigura launches Volare Shipping,https://www.euro-petrole.com/trafigura-launches-volare-shipping-n-i-30675,20260922T141500Z,euro-petrole.com,English,,shipping,D4_운송,2026-09-22,[],0,NONE,,
72804b5dbd7713c93c7fe7bc280daf65,Woman dies after falling into boiling sambar vessel in India,http://thepeninsulaqatar.com/article/22/09/2026/indian-woman-dies-after-falling-into-boiling-sambar-vessel,20260922T141500Z,thepeninsulaqatar.com,English,,vessel,D4_운송,2026-09-22,"[""VT_Reefer""]",1,NONE,,
c0c0cd8ddf63adf4d1de9357ca23b9da,Southport bar 'absolutely rammed for years' announces closure,https://www.liverpoolecho.co.uk/whats-on/food-drink-news/southport-bar-absolutely-rammed-years-34654000,20260922T140000Z,liverpoolecho.co.uk,English,,closure,D6_교란행위,2026-09-22,[],0,NONE,,
150903ecfec042352c036ff7a79007d4,Craighead County highway closure lifted after power line work,https://www.kait8.com/2026/09/22/downed-power-lines-force-closure-highway-91/,20260922T140000Z,kait8.com,English,,closure,D6_교란행위,2026-09-22,"[""KC_KOMIPO""]",1,NONE,,
2a442b88d8685cbd0a9c16acf010b8db,Street Closure in Kearney: 30th Ave. from 39th St. to 44th St.,https://rock1015.com/2026/09/22/street-closure-in-kearney-30th-ave-from-39th-st-to-44th-st/,20260922T140000Z,rock1015.com,English,,closure,D6_교란행위,2026-09-22,[],0,NONE,,
c1a30d95027dd3c79c9c8966d206fa66,"Resivant Medical Receives U.S. Patent Protecting Novel Single-Lever, Single-Handed Applicator at the Core of the Cutiva™ PLUS Skin Closure System",http://www.prnewswire.com/news-releases/resivant-medical-receives-us-patent-protecting-novel-single-lever-single-handed-applicator-at-the-core-of-the-cutiva-plus-skin-closure-system-302884281.html,20260922T140000Z,prnewswire.com,English,,closure,D6_교란행위,2026-09-22,[],0,NONE,,
e07d81859583ae144cbbd4a02b4841b8,Daytime road closure introduced in Ormskirk to allow cables to be installed,https://www.liverpoolecho.co.uk/news/liverpool-news/daytime-road-closure-introduced-ormskirk-34634894,20260922T140000Z,liverpoolecho.co.uk,English,,closure,D6_교란행위,2026-09-22,[],0,NONE,,
92f2129c513623fcbe8f80eb880ca5ca,"Takeda Pharmaceutical Company Limited: Takeda Highlights Late-Stage Oncology Pipeline Progress and Solid Tumor Portfolio Research, Led by Late-Breaking Phase 3 Arcotatug Tavatecan (TAK-921) Data, at ESMO 2026",https://www.finanznachrichten.de/nachrichten-2026-09/69645438-takeda-pharmaceutical-company-limited-takeda-highlights-late-stage-oncology-pipeline-progress-and-solid-tumor-portfolio-research-led-by-late-breakin-004.htm,20260922T140000Z,finanznachrichten.de,English,,pipeline,D3_인프라,2026-09-22,[],0,NONE,,
544481e6ed5fabe471474d949b83bc76,"6 Things to Know: Pipeline leak, deadly Rockport crash, AI flight system",https://www.kristv.com/news/local-news/in-your-neighborhood/corpus-christi/6-things-to-know-mary-rhodes-pipeline-leak-deadly-rockport-crash-faa-launches-ai-flight-system,20260922T140000Z,kristv.com,English,,pipeline,D3_인프라,2026-09-22,[],0,NONE,Pipeline leak,
7112a77179ed94c194149b2bc229f158,New York airport operations resume after disruptions across US Northeast,https://nypost.com/2026/09/22/us-news/new-york-airport-operations-resume-after-disruptions-across-us-northeast/,20260922T140000Z,nypost.com,English,United States,terminal,D3_인프라,2026-09-22,[],0,NONE,,
a77c3bf592d50a2c3e63df886392e32c,"The Responsible Seafood Summit: Tariff 'mission creep', finfish 'ones to watch', and the 'Godzilla' El Niño",https://www.intrafish.com/events/the-responsible-seafood-summit-tariff-mission-creep-finfish-ones-to-watch-and-the-godzilla-el-ni-o/2-1-2046226,20260922T140000Z,intrafish.com,English,,seafood,D8_수산물,2026-09-22,[],0,NONE,,
2cad2e56ac2b7ba332526b6df500855a,Reach Volunteering reverses closure plans after funders offer 'unprecedented' support,https://www.civilsociety.co.uk/news/reach-volunteering-reverses-closure-plans-after-funders-offer-unprecedented-support.html,20260922T134500Z,civilsociety.co.uk,English,,closure,D6_교란행위,2026-09-22,[],0,NONE,,
23bd2895cdbf947b2af1f9793bcbfba0,"Rust, possible crack force closure of Queen City Bridge in Manchester, NH",https://www.wcvb.com/article/queen-city-bridge-manchester-closed-92126/73832852,20260922T134500Z,wcvb.com,English,,closure,D6_교란행위,2026-09-22,[],0,NONE,,
238113dd67904b0f6ecc6291bf72bcb5,Why Greek banks deserve your attention | Hellenic Shipping News Worldwide,https://www.hellenicshippingnews.com/why-greek-banks-deserve-your-attention/,20260922T134500Z,hellenicshippingnews.com,English,,shipping,D4_운송,2026-09-22,[],0,NONE,Greek banks,
b8e44f9aa2cdde088a22a5e780e24438,TransPak Brings Semiconductor Packaging Expertise to Thailand with New Facility,https://www.prnewswire.com:443/news-releases/transpak-brings-semiconductor-packaging-expertise-to-thailand-with-new-facility-302886219.html,20260922T134500Z,prnewswire.com,English,,semiconductor,D2_품목,2026-09-22,[],0,NONE,,
fa75574924f6e01fa341819561d55288,New Texture and Grain camera controls reportedly limited to iPhone 18 Pro models and iPhone Duo · Digg,https://digg.com/tech/onoyap0p,20260922T134500Z,digg.com,English,,grain,D2_품목,2026-09-22,"[""POL_GrainReserve""]",1,NONE,iPhone camera features,
57879f142fe74b58f671689eae059c5f,Heavy traffic on Montreal's Highway 20 as diesel spill forces ramp closure,https://www.cbc.ca/news/canada/montreal/traffic-montreal-highway-20-highway-13-diesel-spill-9.7353387,20260922T133000Z,cbc.ca,English,,closure,D6_교란행위,2026-09-22,[],0,NONE,,
2916d743ff11198f0037ff02e6f91c62,Residents attend public meeting on primary school closure,https://www.bordertelegraph.com/news/26570378.residents-attend-public-meeting-primary-school-closure/,20260922T133000Z,bordertelegraph.com,English,,closure,D6_교란행위,2026-09-22,[],0,NONE,,
d0437b1fab12a5e0458178cef3ba3881,Drivers urged to 'plan ahead' as six week partial road closure announced,https://www.hulldailymail.co.uk/news/hull-east-yorkshire-news/drivers-urged-plan-ahead-six-11166048,20260922T133000Z,hulldailymail.co.uk,English,,closure,D6_교란행위,2026-09-22,[],0,NONE,,
677e3921352bac12334f8292d29f405e,"Search warrant results in drug seizure, arrests of two people in Bancroft",https://www.quintenews.com/2026/09/22/search-warrant-results-in-drug-seizure-arrests-of-two-people-in-bancroft/,20260922T133000Z,quintenews.com,English,,seizure,D6_교란행위,2026-09-22,[],0,NONE,,
54838e16d10c9f10f30c2c0e98a9a8f7,Microfinance case: Kerala govt says no prosecution sanction needed for action against Vellappally Natesan,https://www.prokerala.com/news/articles/a1815364.html,20260922T133000Z,prokerala.com,English,,sanction,D6_교란행위,2026-09-22,[],0,NONE,Kerala microfinance,
3720ab8ec44cda4c211a9f75f25e4917,Odisha School Closure Heavy Rain: Safety First - Pragativadi I Latest Odisha News in English I Breaking News,https://pragativadi.com/odisha-rain-warning-schools-and-colleges-shut-in-koraput-malkangiri-and-ganjam/,20260922T131500Z,pragativadi.com,English,,closure,D6_교란행위,2026-09-22,[],0,NONE,,
4d75dd27c41f4187a84933095f2a541c,Telangana banks may see five-day closure as strike looms,https://www.siasat.com/telangana-banks-may-see-five-day-closure-as-strike-looms-3546399/,20260922T131500Z,siasat.com,English,,closure,D6_교란행위,2026-09-22,[],0,NONE,,
99234110e413f869dc1b61cec231efac,184 New Packaging Industry Projects Drive $17B+ Capital Pipeline in August 2026,https://www.yumasun.com/news/national_news/184-new-packaging-industry-projects-drive-17b-capital-pipeline-in-august-2026/article_58a5df5b-042c-5da0-af26-ec485d1b390b.html,20260922T131500Z,yumasun.com,English,,pipeline,D3_인프라,2026-09-22,[],0,NONE,,
040fafd1f32a07f7ac002cdef1d7b78e,"Hartanah Kenyalang eyes price mechanism, firm project pipeline in Budget 2027",https://www.theborneopost.com/2026/09/22/hartanah-kenyalang-eyes-price-mechanism-firm-project-pipeline-in-budget-2027/,20260922T131500Z,theborneopost.com,English,,pipeline,D3_인프라,2026-09-22,[],0,NONE,,
c718c7cb63bad3c444cbac915e40afc4,Direct MCP Access Brings Liftr's Cloud and Semiconductor Intelligence into Investor Workflows,https://www.aol.com/articles/direct-mcp-access-brings-liftrs-121100000.html,20260922T131500Z,aol.com,English,,semiconductor,D2_품목,2026-09-22,[],0,NONE,Cloud semiconductor intelligence,
62d772d8f6b41deea318d0443c027c65,BOOK REVIEW: 'The Path Between The Seas: The Creation of the Panama Canal 1870-1914',https://www.fltimes.com/arts_and_entertainment/book-review-the-path-between-the-seas-the-creation-of-the-panama-canal-1870-1914/article_f80a6d48-fd02-4530-913d-456067c26728.html,20260922T131500Z,fltimes.com,English,,Panama Canal,D1_초크포인트,2026-09-22,"[""CP_Panama""]",1,NONE,Historical book review,
029174a354b8f3ae3328f204ed90b0ac,Tag: shipping,https://newsroomamerica.com/tag/shipping,20260922T130000Z,newsroomamerica.com,English,,shipping,D4_운송,2026-09-22,[],0,NONE,Tag page,
322d63f7d6ca92637efa954791be9b4e,Ghana's Energy Transition: Powering Industrial Growth Through Natural Gas,https://corporateandinvestment.standardbank.com/cib/global/insights/ghana-energy-transition-natural-gas-industrial-growth,20260922T130000Z,standardbank.com,English,,natural gas,D2_품목,2026-09-22,"[""CF_LNG""]",1,NONE,Ghana energy transition,
16734b0e7e58b93ebc4cc83c248cc0b7,Tag: maersk,https://newsroomamerica.com/tag/maersk,20260922T130000Z,newsroomamerica.com,English,,Maersk,D7_행위자,2026-09-22,[],0,NONE,,
ba27836204deb1008d52c572ff4d455b,Jack Pine Glass Pumpkin Festival rescheduled to this weekend after flooding closure,https://myfox28columbus.com/news/local/jack-pine-glass-pumpkin-festival-rescheduled-to-this-weekend-after-flooding-closure-ohio-fall-september-festival-community-events,20260922T124500Z,myfox28columbus.com,English,,closure,D6_교란행위,2026-09-22,[],0,NONE,,
ac312382c19b3013ecc7c21f2b0556ce,Greenock salon announces temporary three week closure,https://www.greenocktelegraph.co.uk/news/26571576.greenock-salon-announces-temporary-three-week-closure/,20260922T124500Z,greenocktelegraph.co.uk,English,,closure,D6_교란행위,2026-09-22,[],0,NONE,,
2639344e60f90471179a464b04c1cb5d,Apica Positioned as a Leader in the SPARK Matrix™: Edge Telemetry Pipeline Platforms by QKS Group,https://www.prnewswire.com:443/news-releases/apica-positioned-as-a-leader-in-the-spark-matrix-edge-telemetry-pipeline-platforms-by-qks-group-302884955.html,20260922T124500Z,prnewswire.com,English,,pipeline,D3_인프라,2026-09-22,[],0,NONE,,
65f549170d19d61eedc548c92fc3e3c3,15 per cent of the Peak Cluster pipeline route has changed,https://www.wirralglobe.co.uk/news/26570246.15-per-cent-peak-cluster-pipeline-route-changed/,20260922T124500Z,wirralglobe.co.uk,English,,pipeline,D3_인프라,2026-09-22,[],0,NONE,,
dd163fc11e2aa58c4a3e191b27c7dfd3,WOODWAY ENERGY INFRASTRUCTURE ANNOUNCES NEW NATURAL GAS PIPELINE FOR HYPERSCALE DATA CENTER DEVELOPMENT,http://www.prnewswire.com/news-releases/woodway-energy-infrastructure-announces-new-natural-gas-pipeline-for-hyperscale-data-center-development-302885627.html,20260922T124500Z,prnewswire.com,English,,pipeline,D3_인프라,2026-09-22,"[""CF_LNG"", ""KC_HDC""]",2,NONE,,
ef529d9e55e2c8e557789526b513846f,Fourth-Generation Model of the Award-Winning LDS Series of Mobile LED Displays from ViewSonic Now Shipping,https://www.owensoundsuntimes.com/press-releases/business-wire/fourth-generation-model-of-the-award-winning-lds-series-of-mobile-led-displays-from-viewsonic-now-shipping/,20260922T124500Z,owensoundsuntimes.com,English,,shipping,D4_운송,2026-09-22,[],0,NONE,LED displays,
d57bfe21ca1ed2a3296a5c1a133b9017,Liverpool Lime Street train disruption as works planned,https://www.wirralglobe.co.uk/news/26570112.liverpool-lime-street-train-disruption-planned-november-works/,20260922T124500Z,wirralglobe.co.uk,English,,disruption,D6_교란행위,2026-09-22,[],0,NONE,,
bc73b754a67b73a6b1d5758d2bdc6457,"Jet2, Ryanair, easyJet and more airlines urge action after disruption",https://www.newsandstar.co.uk/news/26570795.ryanair-jet2-easyjet-demand-action-disruption/,20260922T124500Z,newsandstar.co.uk,English,,disruption,D6_교란행위,2026-09-22,[],0,NONE,,
b05da16f1302d358863a53494a35e833,Nigeria: Air Peace Faces NCAA Compensation Order After Lagos-Enugu Flight Disruption,https://allafrica.com/stories/202609220114.html,20260922T123000Z,allafrica.com,English,,disruption,D6_교란행위,2026-09-22,"[""KC_KoreanAir""]",1,NONE,,
8d03c39732170774482f17fd9a8cfc19,"Overnight closure on Hull Road, Kexby, near York for works",https://www.yorkpress.co.uk/news/26570779.overnight-closure-hull-road-kexby-near-york-works/,20260922T120000Z,yorkpress.co.uk,English,,closure,D6_교란행위,2026-09-22,[],0,NONE,,
34fb1a65b0e80530a4c92b9482603cf9,Dutch social network Hyves returns nearly 13 years after closure,https://nltimes.nl/2026/09/22/dutch-social-network-hyves-returns-nearly-13-years-closure,20260922T120000Z,nltimes.nl,English,,closure,D6_교란행위,2026-09-22,[],0,NONE,,
ed9ecda12d62c74437ebc0f8169baa11,Mabel Makers Market set to return to Downham Market this weekend - with a festive event in the pipeline,https://www.lynnnews.co.uk/news/makers-market-set-to-return-to-town-this-weekend-with-fest-9483807/,20260922T120000Z,lynnnews.co.uk,English,,pipeline,D3_인프라,2026-09-22,[],0,NONE,,
67f6f9967ea80f7a364a1c9483f8d963,TC Energy to sell Guadalajara-Manzanillo pipeline in Mexico for $560-million,https://www.theglobeandmail.com/business/article-tc-energy-to-sell-guadalajara-manzanillo-pipeline-in-mexico/,20260922T120000Z,theglobeandmail.com,English,,pipeline,D3_인프라,2026-09-22,[],0,NONE,,
84a1fb457e97932ff0a9696c6ac08365,"Ryanair, Jet2, easyJet & more demand action after disruption | Burnham and Highbridge Weekly News",https://www.burnhamandhighbridgeweeklynews.co.uk/news/26569341.ryanair-jet2-easyjet-demand-action-disruption/,20260922T120000Z,burnhamandhighbridgeweeklynews.co.uk,English,,disruption,D6_교란행위,2026-09-22,[],0,NONE,Air traffic control,
b0130ee4bb8940c401e6bc8941e76393,"'I love Goose Fair but 10 days brings disruption, stress and challenges for my cafe'",https://www.nottinghampost.com/whats-on/i-love-goose-fair-10-11164515,20260922T120000Z,nottinghampost.com,English,,disruption,D6_교란행위,2026-09-22,[],0,NONE,Fair operations,
da4b9ed3bd3a3ba513a8f5ce687594f6,"SEALSQ, WISeKey, Jura to establish post-quantum semiconductor center",https://evertiq.com/design/2026-09-22-sealsq-wisekey-jura-to-establish-post-quantum-semiconductor-center,20260922T120000Z,evertiq.com,English,,semiconductor,D2_품목,2026-09-22,[],0,NONE,Post-quantum semiconductors,
a3c6abb1ff9fa4f91823a5834adaf274,Can China's grain reserves protect food security against El Nino?,https://www.scmp.com/economy/china-economy/article/3368370/can-chinas-grain-reserves-protect-food-security-against-el-nino,20260922T120000Z,scmp.com,English,,grain,D2_품목,2026-09-22,"[""POL_GrainReserve"", ""KS_FoodAgri""]",2,NONE,China grain reserves,
a0cb25c0983d54b08b356a5f44989e89,Kazia Therapeutics Announces Sovargen Co. Doses First Patient in Phase 1b/2a Trial of Paxalisib for Rare Seizure Disorders,https://www.prnewswire.com/news-releases/kazia-therapeutics-announces-sovargen-co-doses-first-patient-in-phase-1b2a-trial-of-paxalisib-for-rare-seizure-disorders-302883753.html,20260922T120000Z,prnewswire.com,English,,seizure,D6_교란행위,2026-09-22,"[""CF_RareEarth""]",1,NONE,,
74285d323542ecc1596ff6e58ab9985c,"FG Threatens Closure of Lagos-Calabar Coastal Highway Over Reckless Driving, Vandalism",http://silverbirdtv.com/fg-threatens-closure-of-lagos-calabar-coastal-highway-over-reckless-driving-vandalism/,20260922T114500Z,silverbirdtv.com,English,,closure,D6_교란행위,2026-09-22,[],0,NONE,,
a99069e7b45f07dab976c536132ff951,TC Energy to divest Guadalajara-Manzanillo Pipeline for $400m,https://www.offshore-technology.com/news/tc-energy-divest-guadalajara-manzanillo-400m/,20260922T114500Z,offshore-technology.com,English,,pipeline,D3_인프라,2026-09-22,[],0,NONE,,
b03f0a14d72cd5b0ca0ed428923e3f3f,A new way to shape SiC semiconductor crystals? - Compound Semiconductor News,https://compoundsemiconductor.net/article/125416/A_new_way_to_shape_SiC_semiconductor_crystals,20260922T114500Z,compoundsemiconductor.net,English,,semiconductor,D2_품목,2026-09-22,[],0,NONE,SiC crystal shaping,
fb2b8f7b673e1c29bcc2d7315c757ca6,Physicists use CrSBr to convert microwaves to light - Compound Semiconductor News,https://compoundsemiconductor.net/article/125415/Physicists_use_CrSBr_to_convert_microwaves_to_light,20260922T114500Z,compoundsemiconductor.net,English,,semiconductor,D2_품목,2026-09-22,[],0,NONE,Microwave conversion,
777dcbd26adb7f9274a0c81f918bff40,BluGlass to collaborate with Coherent - Compound Semiconductor News,https://compoundsemiconductor.net/article/125420/BluGlass_to_collaborate_with_Coherent,20260922T114500Z,compoundsemiconductor.net,English,,semiconductor,D2_품목,2026-09-22,[],0,NONE,BluGlass collaboration,
03da20037fa3b26c89c7559730e2a921,"Man, 20s, arrested following seizure of suspected drugs and cash worth almost €285k in Limerick",https://www.irishexaminer.com/news/munster/arid-41914150.html,20260922T114500Z,irishexaminer.com,English,,seizure,D6_교란행위,2026-09-22,[],0,NONE,,
6a0e3f1e7c3f70e5e7494beceaac8484,TC Energy selling Guadalajara-Manzanillo pipeline for $560 million – Winnipeg Free Press,https://www.winnipegfreepress.com/business/2026/09/22/tc-energy-selling-guadalajara-manzanillo-pipeline-for-560-million,20260922T113000Z,winnipegfreepress.com,English,,pipeline,D3_인프라,2026-09-22,[],0,NONE,,
776b8470589c5f4581632b346243b1ac,TC Energy selling Guadalajara-Manzanillo pipeline for $560 million,https://www.niagarafallsreview.ca/business/tc-energy-selling-guadalajara-manzanillo-pipeline-for-560-million/article_21d5f024-77ae-5103-97bb-43f46e6db5db.html,20260922T113000Z,niagarafallsreview.ca,English,,pipeline,D3_인프라,2026-09-22,[],0,NONE,,
7f1e877b2a656b936abcb959458e8794,Novo Nordisk Considers Acquisitions to Expand Weight-Loss Drug Pipeline as Competition Intensifies,https://finance.yahoo.com/healthcare/articles/novo-nordisk-considers-acquisitions-expand-104509927.html,20260922T113000Z,yahoo.com,English,,pipeline,D3_인프라,2026-09-22,[],0,NONE,,
adec35406d6cb880bac2cb5dfdd4afa5,Air Peace faces NCAA compensation order after Lagos-Enugu flight disruption,https://www.premiumtimesng.com/news/top-news/911475-air-peace-faces-ncaa-compensation-order-after-lagos-enugu-flight-disruption.html,20260922T113000Z,premiumtimesng.com,English,,disruption,D6_교란행위,2026-09-22,"[""KC_KoreanAir""]",1,NONE,Airline compensation,
a30b3700f97cbfaa3bfda185b42ff7f3,Valens Semiconductor and onsemi Partner to Develop Integrated 3MP Automotive Camera Sensor,https://finance.yahoo.com/technology/articles/valens-semiconductor-onsemi-partner-develop-105409949.html,20260922T113000Z,yahoo.com,English,,semiconductor,D2_품목,2026-09-22,[],0,NONE,Automotive camera sensor,
50b70a1bb5850ba74be9469cd1409fe6,SNDP microfinance scam: Kerala HC reserves order on sanction to prosecute accused,https://www.thehindu.com/news/national/kerala/sndp-microfinance-scam-kerala-hc-reserves-order-on-sanction-to-prosecute-accused/article71494979.ece,20260922T113000Z,thehindu.com,English,,sanction,D6_교란행위,2026-09-22,[],0,NONE,Kerala microfinance,
21484dd8935f1115f606b0472ddf139d,Closure Report | Court Cannot Compel Investigation Agency To File Chargesheet As Per Its Opinion: MP High Court,https://www.livelaw.in/high-court/madhya-pradesh-high-court/madhya-pradesh-high-court-says-courts-cannot-compel-police-officers-to-file-chargesheet-per-its-opinion-551204,20260922T111500Z,livelaw.in,English,,closure,D6_교란행위,2026-09-22,[],0,NONE,,
390b749971c2c8594b0d9653cd7ce572,Seatrium launches new buyback as CEO bullish on 'robust pipeline of opportunities',https://www.upstreamonline.com/finance/seatrium-launches-new-buyback-as-ceo-bullish-on-robust-pipeline-of-opportunities-/2-1-2046907,20260922T111500Z,upstreamonline.com,English,,pipeline,D3_인프라,2026-09-22,[],0,NONE,,
4db5db8c977045ff9edf11513239d68d,Bihar Prohibition & Excise Act Not Applicable: Jharkhand High Court Sets Aside Reliance On Bihar Law In Vehicle Seizure Case,https://www.livelaw.in/high-court/jharkhand-high-court/jharkhand-high-court-sets-aside-reliance-bihar-law-vehicle-seizure-case-551102,20260922T111500Z,livelaw.in,English,,seizure,D6_교란행위,2026-09-22,[],0,NONE,,
b58a98eadb6745103af32551a40d3e2e,IUCN workshop helps local farmers build mangrove-aquaculture skills,https://vietnamnews.vn/society/1800294/iucn-workshop-helps-local-farmers-build-mangrove-aquaculture-skills.html,20260922T111500Z,vietnamnews.vn,English,,aquaculture,D8_수산물,2026-09-22,[],0,NONE,Mangrove farming skills,
eb10b148a88930f27a09e385c784fdd5,Drishyam 3 Director on Akshaye Khanna Quitting 7 Days Before Shoot :  Yeh Kya Tareeka Hua ? ,https://www.mensxp.com/entertainment/bollywood/185941-director-abhishek-pathak-recalls-akshaye-khanna-quitting-drishyam-3-7-days-before-shoot.html,20260922T110000Z,mensxp.com,English,India,delay,D6_교란행위,2026-09-22,[],0,NONE,,
771bbdfd77db6dac944c76361b7366ba,Singapore Sets Aerospace Growth Priorities In AI Era,https://aviationweek.com/mro/supply-chain/singapore-sets-aerospace-growth-priorities-ai-era,20260922T110000Z,aviationweek.com,English,United States,fleet,D4_운송,2026-09-22,"[""KC_KAI""]",1,NONE,,
184968934fd9668b27960da75325f597,Two military - style jets roar over Darlington town centre,https://www.thenorthernecho.co.uk/news/26570479.two-military-style-jets-roar-darlington-town-centre/,20260922T110000Z,thenorthernecho.co.uk,English,United Kingdom,fleet,D4_운송,2026-09-22,[],0,NONE,,
8009c6a3cebfb15413d831b3c2cc89a9,bauma CONEXPO INDIA 2026 opens in Greater Noida with government and global industry leaders,http://www.nepalnational.com/news/279323073/bauma-conexpo-india-2026-opens-in-greater-noida-with-government-and-global-industry-leaders,20260922T110000Z,nepalnational.com,English,Nepal,fleet,D4_운송,2026-09-22,[],0,NONE,,
f49afa6a28f2e65cd9968a114de9c6db,Henneberger adds Liebherr LTM 1100 - 5 . 3 mobile crane to fleet,https://www.cranestodaymagazine.com/news/henneberger-adds-liebherr-ltm-1100-5-3/,20260922T110000Z,cranestodaymagazine.com,English,United States,fleet,D4_운송,2026-09-22,[],0,NONE,,
889468046ab6a5caa5ac38f597b0cef5,Interbrand partners with JSW Greentech to build Ampstar brand,https://www.adgully.com/post/21006/interbrand-partners-with-jsw-greentech-to-build-ampstar-brand,20260922T110000Z,adgully.com,English,India,fleet,D4_운송,2026-09-22,[],0,NONE,Brand partnership,
2d0380b5c3244eefd0d50f5777d6f473,Sai University Holds Third Convocation ; Tata Sons Chairman Natarajan Chandrasekaran Delivers Convocation Address,https://www.newsx.com/bl-news/sai-university-holds-third-convocation-tata-sons-chairman-natarajan-chandrasekaran-delivers-convocation-address-274620/,20260922T110000Z,newsx.com,English,India,shortage,D6_교란행위,2026-09-22,[],0,NONE,,
17b1b3f14e395142b098ed1a9a64a90f,亚运男子4×100混接中国四连冠 _ 百度搜索,https://www.baidu.com/s?wd=%E4%BA%9A%E8%BF%90%E7%94%B7%E5%AD%904%C3%97100%E6%B7%B7%E6%8E%A5%E4%B8%AD%E5%9B%BD%E5%9B%9B%E8%BF%9E%E5%86%A0,20260922T110000Z,baidu.com,English,China,container,D2_품목,2026-09-22,[],0,NONE,,
88f6be3a93543e3b918f143a74b79a58,American Pecans Why Versatile Ingredients Make Everyday Eating Easier,https://www.newsx.com/brand-desk/american-pecanswhy-versatile-ingredients-make-everyday-eating-easier-274647/,20260922T110000Z,newsx.com,English,India,container,D2_품목,2026-09-22,[],0,NONE,,
bf8d70f0df581533280530bceb88f435,Women with mature skin love this £35 firming neck serum now reduced to £10,https://www.aol.co.uk/articles/women-mature-skin-love-35-102516000.html,20260922T110000Z,aol.co.uk,English,United Kingdom,container,D2_품목,2026-09-22,[],0,NONE,,
41f638bb2b1e1b99731cbdd0a4ebdf9a,Equatorial Guinea Opposition Coalition Branded Terrorist,https://www.riotimesonline.com/equatorial-guinea-opposition-cored-terrorist-bounties-2026/,20260922T110000Z,riotimesonline.com,English,Brazil,container,D2_품목,2026-09-22,[],0,NONE,Political opposition,
24e1bdb506ab62c2cf8c1930b173ab2a,Longtime SUSE staff asked if theyd opt for  voluntary separation  ,https://www.theregister.com/software/2026/09/22/longtime-suse-staff-asked-if-theyd-opt-for-voluntary-separation/5297457,20260922T110000Z,theregister.com,English,,container,D2_품목,2026-09-22,[],0,NONE,,
df363242122022407d383a7a2abe85e5,Seattle DJC . com local business news and data - Construction - $25M secured for Lummi ferry,https://www.djc.com:443/news/co/12177884.html,20260922T110000Z,djc.com,English,United States,terminal,D3_인프라,2026-09-22,[],0,NONE,Ferry construction,
aa2a5b2f4377f957cd991a873284b6b1,Maria Menounos reveals terrifying new health scare :  Almost died in my sleep  ,https://www.hellomagazine.com/us/924732/maria-menounos-reveals-terrifying-new-health-scare-almost-died-in-my-sleep/,20260922T110000Z,hellomagazine.com,English,United Kingdom,terminal,D3_인프라,2026-09-22,[],0,NONE,,
9eba66948db92f3fdb26fae0b53a90e2,American Critical Minerals Completes Drilling Operations at the AP - S - 02 ... ,https://www.pr-inside.com/american-critical-minerals-completes-drilling-operations-at-the-ap-s-r5225820.htm,20260922T110000Z,pr-inside.com,English,United States,critical minerals,D2_품목,2026-09-22,[],0,NONE,,
ee5861f01fe38fd1d3dfec7194815196,"Africa : Conflict Coltan , AI Demand and the Risk of Runaway Harm",https://allafrica.com/stories/202609220079.html,20260922T110000Z,allafrica.com,English,Nigeria,critical minerals,D2_품목,2026-09-22,[],0,NONE,,
bcc961d7dde20768a2345275ac64232a,Walhalla Gold Appoints Vice President of Exploration to Advance District Scale Exploration Strategy,https://www.juniorminingnetwork.com/junior-miner-news/press-releases/3500-cse/wau/211483-walhalla-gold-appoints-vice-president-of-exploration-to-advance-district-scale-exploration-strategy.html,20260922T110000Z,juniorminingnetwork.com,English,Canada,critical minerals,D2_품목,2026-09-22,[],0,NONE,,
f2f9af9d924859e5ccab92fa6bf016bf,"Drivers facing long queues on Sweet Briar Road , Norwich",https://www.edp24.co.uk/news/26569956.drivers-facing-long-queues-sweet-briar-road-norwich/,20260922T110000Z,edp24.co.uk,English,United Kingdom,congestion,D6_교란행위,2026-09-22,[],0,NONE,,
e0774bbebb97cf658127db66dc7eae28,"No Car Day Indore : Mayor Pushyamitra Bhargav Appeals Residents To Walk , Cycle For Greener Indore ; But Did Indore Really Go Car - Free ? ",https://www.freepressjournal.in/indore/no-car-day-indore-mayor-pushyamitra-bhargav-appeals-residents-to-walk-cycle-for-greener-indore-but-did-indore-really-go-car-free,20260922T110000Z,freepressjournal.in,English,India,congestion,D6_교란행위,2026-09-22,[],0,NONE,,
032072203f128dacef899ce05b7785c8,"Beed : Drought - Hit Georai Farmers Seek Permanent Water Pipeline , Submit Memorandum To Sunetra Pawar",https://www.freepressjournal.in/pune/beed-drought-hit-georai-farmers-seek-permanent-water-pipeline-submit-memorandum-to-sunetra-pawar,20260922T110000Z,freepressjournal.in,English,India,canal,D3_인프라,2026-09-22,[],0,NONE,,
671560a11bf82daa66c9b8c8a0f7fbf5,Mumbai Water Stock Update : City Lakes Levels To 98 . 11 %; 3 Out Of 7 Reservoirs With Full Storage,https://www.freepressjournal.in/mumbai/mumbai-water-stock-update-citys-lakes-rise-to-9811-3-out-of-7-lakes-with-full-storage-mumbai-news,20260922T110000Z,freepressjournal.in,English,India,tanker,D4_운송,2026-09-22,[],0,NONE,Water supply,
38f5948328d01eb4d80c3d45afbe7dab,Downtown Baltimore condo owners to get refunded  illegal  surcharge,https://www.capitalgazette.com/2026/09/22/downtown-baltimore-condo-owners-to-get-refunded-illegal-surcharge/,20260922T110000Z,capitalgazette.com,English,United States,surcharge,D6_교란행위,2026-09-22,[],0,NONE,Real estate refund,
4479cdae3df0cdc38c33bf8b64bf639f,"Cuba Falling to Blackouts ,  Crises  Says One Expert | News Radio 1200 WOAI",https://woai.iheart.com/featured/san-antonios-first-news/content/2026-09-21-cuba-falling-to-blackouts-crises-says-one-expert/,20260922T110000Z,woai.iheart.com,English,United States,embargo,D6_교란행위,2026-09-22,[],0,NONE,,
28c0395462e5bdb5f0c27b2596ac6a0a,"Nifty 4 - Day Winning Streak Comes To A Halt , IT And Financial Heavyweights Drag Markets Into The Red",https://www.freepressjournal.in/business/niftys-4-day-winning-streak-comes-to-a-halt-it-and-financial-heavyweights-drag-markets-into-the-red,20260922T110000Z,freepressjournal.in,English,India,oil price,D5_시장지표,2026-09-22,[],0,NONE,Indian stock market,
02d15f081e1e115a1581e593285b3450,Global benchmarks mostly rise after Wall Street rally,https://www.aol.com/articles/asian-benchmarks-mostly-rise-wall-033107000.html,20260922T110000Z,aol.com,English,United States,KOSPI,D5_시장지표,2026-09-22,[],0,NONE,,
29d2efc1447b0264e35ec2b7264590bd,"Today in History : September 22 , Lincoln issues preliminary Emancipation Proclamation",http://www.thegazette.com/news/national/today-in-history-september-22-lincoln-issues-preliminary-emancipation-proclamation/article_096d92b6-f0dd-54f6-8758-69bbf9c76c2e.html,20260922T110000Z,thegazette.com,English,United States,Persian Gulf,D1_초크포인트,2026-09-22,[],0,NONE,,
71a467ffb2aec643ea4906ac7fdb1dd8,NANS threatens nationwide protest over prolonged closure of Benue tertiary institutions,https://www.vanguardngr.com/2026/09/nans-threatens-nationwide-protest-over-prolonged-closure-of-benue-tertiary-institutions/,20260922T104500Z,vanguardngr.com,English,,closure,D6_교란행위,2026-09-22,[],0,NONE,,
247ad5d574a20650fb22650d3db59aad,Malpas Road closure disrupts Newport evening bus services,https://www.southwalesargus.co.uk/news/26570477.malpas-road-closure-disrupts-newport-evening-bus-services/,20260922T103000Z,southwalesargus.co.uk,English,,closure,D6_교란행위,2026-09-22,[],0,NONE,,
5a500f72c7aecd1336942f2e61da409d,Liverpool Lime Street train disruption as works planned | Chester and District Standard,https://www.chesterstandard.co.uk/news/26570112.liverpool-lime-street-train-disruption-planned-november-works/,20260922T103000Z,chesterstandard.co.uk,English,,disruption,D6_교란행위,2026-09-22,[],0,NONE,Train service,
90a544894a7a8a67073ab0aa11dc09b3,"SEMICON India 2026: From Silicon to Systems, India's Semiconductor Journey on Display | Odisha Diary, Latest Odisha News, Breaking News Odisha",https://orissadiary.com/semicon-india-2026-from-silicon-to-systems-indias-semiconductor-journey-on-display/,20260922T103000Z,orissadiary.com,English,,semiconductor,D2_품목,2026-09-22,"[""KC_LGDisplay""]",1,NONE,SEMICON India display,
6dcc45035bee5b0ddd6d7db62c467019,Wider Europe Briefing: EU To Sanction Russian Military With New Focus,http://www.nigeriasun.com/news/279323036/wider-europe-briefing-eu-to-sanction-russian-military-with-new-focus,20260922T103000Z,nigeriasun.com,English,,sanction,D6_교란행위,2026-09-22,[],0,NONE,EU sanctions,
3f5b02a3a951bd6268f08a08180d10d6,Cesspit draining issue caused the closure of Ladies' Pool,https://guernseypress.com/news/2026/09/22/cesspit-draining-issue-caused-the-closure-of-ladies-pool,20260922T101500Z,guernseypress.com,English,,closure,D6_교란행위,2026-09-22,[],0,NONE,,
d1f90cdfdaef8e60e90f61cabd49e8a4,Water supply disruption in Monksland area today | Westmeath Independent,https://www.westmeathindependent.ie/2026/09/22/water-supply-disruption-in-monksland-area-today/,20260922T101500Z,westmeathindependent.ie,English,,disruption,D6_교란행위,2026-09-22,[],0,NONE,Water supply,
32acb9cd88fd20bc0c3b6c72327789e4,"Amy's Kitchen reshapes ""complex"" production with site closure",https://finance.yahoo.com/small-business/articles/amy-kitchen-reshapes-complex-production-091456024.html,20260922T100000Z,yahoo.com,English,,closure,D6_교란행위,2026-09-22,[],0,NONE,,
691ea32f6053d848f177de9963dd9e05,BioNTech Stock Recently Got Downgraded. But Is Wall Street Underestimating Its Cancer Pipeline?,https://www.fool.com/investing/2026/09/22/biontech-stock-recently-got-downgraded-but-is-wall/?source=iedfolrf0000001,20260922T100000Z,fool.com,English,,pipeline,D3_인프라,2026-09-22,[],0,NONE,,
b20080b2ee90b0d1f85271f27ebe366c,"Work out for 2 months, get Gucci, Chanel or Prada: Indian woman reveals South Korea workplace perk",https://www.moneycontrol.com/news/trends/work-out-for-2-months-get-gucci-chanel-or-prada-indian-woman-reveals-south-korea-workplace-perk-14035347.html,20260922T100000Z,moneycontrol.com,English,,South Korea,D9_한국,2026-09-22,[],0,NONE,,
f219b05182224b2d1a86be24b7107a3b,Low cloud could cause flight disruption at Isle of Man Airport,https://www.iomtoday.co.im/news/low-cloud-could-cause-flight-disruption-at-isle-of-man-airport-957315,20260922T100000Z,iomtoday.co.im,English,,disruption,D6_교란행위,2026-09-22,[],0,NONE,Airport weather,
f2837411f50a8570772b7196fd24eadf,Novo CEO signals M&A opportunities to strengthen drug pipeline,https://www.cnbc.com/2026/09/22/novo-nordisk-ceo-interview-weight-loss-drugs-strategy.html,20260922T094500Z,cnbc.com,English,,pipeline,D3_인프라,2026-09-22,[],0,NONE,,
afa3b1b48926dfca5159728d0b4843a7,Palestinian Reports: Settler Attacks Across West Bank; IDF Tightens Ramallah Closure,https://www.haaretz.com/west-bank/2026-09-22/ty-article/.premium/reports-settler-attacks-across-west-bank-idf-tightens-ramallah-closure/000001a0-c7ca-df75-a7a7-ffcb86430000,20260922T093000Z,haaretz.com,English,,closure,D6_교란행위,2026-09-22,[],0,NONE,,
14d7ab487c7914f1b33995e49be1792f,'As bad as it gets': Horrible collision causes closure on the M80 Ring Road,https://www.3aw.com.au/as-bad-as-it-gets-horrible-collision-causes-closure-on-the-m80-ring-road/,20260922T093000Z,3aw.com.au,English,,closure,D6_교란행위,2026-09-22,[],0,NONE,,
2cae18a07f6eb29287d411f3b7ddee73,Twin Ports Shipping Down Through August,https://95kqds.com/2026/09/22/twin-ports-shipping-down-through-august/,20260922T093000Z,95kqds.com,English,,shipping,D4_운송,2026-09-22,[],0,NONE,Twin ports shipping,
7a84309336262bf7d4559334a09f1b97,South Korea's Lee proposes 'phased approach' to North Korea's nuclear disarmament,https://www.thenews.com.pk/latest/1417162-south-koreas-lee-proposes-phased-approach-to-north-koreas-nuclear-disarmament,20260922T093000Z,thenews.com.pk,English,,South Korea,D9_한국,2026-09-22,[],0,NONE,,
b37264a5a92aa15a53035c6c05ab40ca,South Korea President Lee's top aide offers resignation as pressure mounts on ruling bloc – Asia News Network,https://asianews.network/south-korea-president-lees-top-aide-offers-resignation-as-pressure-mounts-on-ruling-bloc/,20260922T093000Z,asianews.network,English,,South Korea,D9_한국,2026-09-22,[],0,NONE,,
835c7515da7d34f21a3a174f5c90faed,"SEMICON India 2026: From Silicon to Systems, India's Semiconductor Journey on Display - India Education | Latest Education News | Global Educational News",https://indiaeducationdiary.in/semicon-india-2026-from-silicon-to-systems-indias-semiconductor-journey-on-display/,20260922T091500Z,indiaeducationdiary.in,English,,semiconductor,D2_품목,2026-09-22,"[""KC_LGDisplay""]",1,NONE,SEMICON India 2026,
73cdf471673757626dae458f5de58678,"Two arrests following seizure of cocaine worth €183,000 in west",https://www.con-telegraph.ie/2026/09/22/two-arrests-following-seizure-of-cocaine-worth-e183000-in-west/,20260922T091500Z,con-telegraph.ie,English,,seizure,D6_교란행위,2026-09-22,[],0,NONE,,
59c433e2260b040b1ace1babefdfc4bb,Only T20I : India stumble to 32 / 4 as Japan eye historic upset,https://www.prokerala.com/news/articles/a1815214.html,20260922T090000Z,prokerala.com,English,India,delay,D6_교란행위,2026-09-22,[],0,NONE,,
3a512350907eb4a8040ec9b5fe498c40,South Korea: Appellate court reduces ex-first lady's sentence to five years in bribery trial,https://www.prokerala.com/news/articles/a1815210.html,20260922T090000Z,prokerala.com,English,,South Korea,D9_한국,2026-09-22,[],0,NONE,,
b7ebbd03cb7558a092ce90b642da4b53,"108 Ambulance strike threat: Karnataka BJP warns against service disruption, demands immediate action",https://www.mangalorean.com/108-ambulance-strike-threat-karnataka-bjp-warns-against-service-disruption-demands-immediate-action/,20260922T090000Z,mangalorean.com,English,,disruption,D6_교란행위,2026-09-22,[],0,NONE,Ambulance strike,
f4b09e9e699dc4fc9873beed6a592a4f,"Việt Nam, Japan seek to deepen cooperation in semiconductor",https://vietnamnews.vn/economy/1800278/viet-nam-japan-seek-to-deepen-cooperation-in-semiconductor.html,20260922T090000Z,vietnamnews.vn,English,,semiconductor,D2_품목,2026-09-22,[],0,NONE,Vietnam-Japan cooperation,
8dac8addac8d6c0f832c8270d7852935,China's grain market remains stable despite global food security challenges,http://www.china.org.cn/2026-09/22/content_118707983.shtml,20260922T090000Z,china.org.cn,English,,grain,D2_품목,2026-09-22,"[""POL_GrainReserve"", ""KS_FoodAgri""]",2,NONE,China grain policy,
b0b95d82421b53178199c839679fba43,Two weeks to go until MMI London 2026,https://www.moneymarketing.co.uk/news/two-weeks-to-go-until-mmi-london-2026/,20260922T090000Z,moneymarketing.co.uk,English,United Kingdom,supply chain disruption,D6_교란행위,2026-09-22,[],0,NONE,,
d547e06bffdf9a0c02b4c88a88774389,Manchester Airport flight delays affect 61 departures,https://www.northwaleschronicle.co.uk/news/26569882.manchester-airport-flight-delays-affect-61-departures/,20260922T084500Z,northwaleschronicle.co.uk,English,United Kingdom,delay,D6_교란행위,2026-09-22,[],0,NONE,,
ef871694c8321fa255dcb2c8926a5baa,No problems in Sabarimala ;  aravana  shortage due to more than expected devotees : TDB prez,https://www.hindustantimes.com/india-news/no-problems-in-sabarimala-aravana-shortage-due-to-more-than-expected-devotees-tdb-prez-101790064096615.html,20260922T084500Z,hindustantimes.com,English,India,shortage,D6_교란행위,2026-09-22,[],0,NONE,Religious event,
a8f693778a064b31b748ea956ce5448b,"Key barriers in five industries stalling growth potential , new report argues – Winnipeg Free Press",https://www.winnipegfreepress.com/business/2026/09/22/key-barriers-in-five-industries-stalling-growth-potential-new-report-argues,20260922T084500Z,winnipegfreepress.com,English,Canada,critical minerals,D2_품목,2026-09-22,[],0,NONE,,
0fd397578ba669aac13ca0b387de55d8,Coventry council warned it faces wave of requests to let out empty student rooms,https://www.coventrytelegraph.net/news/coventry-news/coventry-council-warned-faces-wave-34650945,20260922T084500Z,coventrytelegraph.net,English,United Kingdom,canal,D3_인프라,2026-09-22,[],0,NONE,,
2914060852f34a26477febc4bbad8aaf,"Elitecon International Revenue Jumps To Rs 5 , 074 . 80 Crore In FY26",https://www.deccanchronicle.com/business/latest/elitecon-international-revenue-jumps-to-rs-507480-crore-in-fy26-1989542,20260922T084500Z,deccanchronicle.com,English,India,refinery,D3_인프라,2026-09-22,[],0,NONE,,
3f83615839e5777ce2ac38db0e6d1b04,Sowing hope in the Hills : Rudraksh cultivation as a solution to Himalayan migration,https://timesofindia.indiatimes.com/toi-blogs/power-policy/sowing-hope-in-the-hills-rudraksh-cultivation-as-a-solution-to-himalayan-migration/articleshow/134406530.cms,20260922T084500Z,timesofindia.indiatimes.com,English,India,wheat,D2_품목,2026-09-22,"[""KC_LGES"", ""BP_CapeRoute""]",2,NONE,,
18aa417ff0754728f658c702d21e4970,What a dietitian looks for when buying peanut butter – NBC4 Washington,https://www.nbcwashington.com/news/health/the-no-1-thing-a-dietitian-looks-for-when-buying-peanut-butter-to-make-sure-its-healthy/4157466/,20260922T084500Z,nbcwashington.com,English,United States,wheat,D2_품목,2026-09-22,[],0,NONE,,
0a607acb88dc60255151c1b9b006e66a,What a dietitian looks for when buying peanut butter – NBC 5 Dallas - Fort Worth,https://www.nbcdfw.com/news/health/the-no-1-thing-a-dietitian-looks-for-when-buying-peanut-butter-to-make-sure-its-healthy/4080621/,20260922T084500Z,nbcdfw.com,English,United States,wheat,D2_품목,2026-09-22,[],0,NONE,,
f6c754afbdabf779377329db08393e9c,South Korea's Universities Open New Opportunities for Kazakh Students,https://astanatimes.com/2026/09/south-koreas-universities-open-new-opportunities-for-kazakh-students/,20260922T084500Z,astanatimes.com,English,,South Korea,D9_한국,2026-09-22,[],0,NONE,,
85f7793bbe63d40f033274bd7c9ecbfd,Wales & West Utilities work to cause disruption in Brecon,https://www.countytimes.co.uk/news/26569509.wales-west-utilities-work-cause-disruption-brecon/,20260922T084500Z,countytimes.co.uk,English,,disruption,D6_교란행위,2026-09-22,[],0,NONE,Utility maintenance,
d84810501509cb83fc85683610e862e9,Airport warns of possible disruption due to low cloud,https://www.manxradio.com/news/isle-of-man-news/airport-warns-of-possible-disruption-due-to-low-cloud/,20260922T084500Z,manxradio.com,English,,disruption,D6_교란행위,2026-09-22,[],0,NONE,Airport weather,
1d7709fbda3138d8f3c6ae2415e93f92,"Shettima to Africa: Stop shipping raw minerals, build industries",https://pmnewsnigeria.com/2026/09/22/shettima-to-africa-stop-shipping-raw-minerals-build-industries/,20260922T083000Z,pmnewsnigeria.com,English,,shipping,D4_운송,2026-09-22,[],0,NONE,African minerals,
7716abd6970a504445a24b0df0e64e22,South Korea's Lee seeks North Korea's step-by-step nuclear dismantlement,https://www.wdbo.com/news/world/south-koreas-lee/ET4HGURGLYZF5GOHBUGHL4ZV64/,20260922T083000Z,wdbo.com,English,,South Korea,D9_한국,2026-09-22,[],0,NONE,,
985abe998e11d566277a020dd2d282f5,'Momnesia' pregnancy forgetfulness linked to brain circuit disruption,https://news.tuoitre.vn/momnesia-pregnancy-forgetfulness-linked-to-brain-circuit-disruption-103260922114135693.htm,20260922T083000Z,news.tuoitre.vn,English,,disruption,D6_교란행위,2026-09-22,[],0,NONE,Pregnancy research,
7c9c2aaed4dc2ddaed23f6690bd1ee46,How a Millcreek barber turned a shipping container into his dream business,https://www.fox13now.com/news/local-news/northern-utah/how-a-millcreek-barber-turned-a-shipping-container-into-his-dream-business,20260922T081500Z,fox13now.com,English,,shipping,D4_운송,2026-09-22,[],0,NONE,Container business,
bc8f5db5301e87b0d940555dc086fd8f,South Korea: Chief Justice rejects presidential office request to re-recommend Supreme Court justice nominee,https://www.prokerala.com/news/articles/a1815193.html,20260922T081500Z,prokerala.com,English,,South Korea,D9_한국,2026-09-22,[],0,NONE,,
5e9ca84c9c25ec4cc0156b52823955b5,Over 1 lakh engineers onboarded by ChipIN Centre to boost India's semiconductor dream,https://www.prokerala.com/news/articles/a1815189.html,20260922T081500Z,prokerala.com,English,,semiconductor,D2_품목,2026-09-22,[],0,NONE,India semiconductor engineers,
9c3154f6cc327002c9b281ad7f0dfb99,Nigeria First AH - 1Z Viper Begins Production | Aero - News Network,https://aero-news.net:443/index.cfm?do=main.textpost&id=46686B47-CA96-4769-BD02-F8AABC26DD29,20260922T080000Z,aero-news.net,English,United States,fleet,D4_운송,2026-09-22,[],0,NONE,Military production,
243787b3ae3dff5ff574d6f30ba02797,Access from Azneft Square to Sea Terminal to be restricted due to Formula 1,https://en.apa.az/social/access-from-azneft-square-to-sea-terminal-to-be-restricted-due-to-formula-1-525486,20260922T080000Z,en.apa.az,English,Azerbaijan,terminal,D3_인프라,2026-09-22,"[""KP_Tongyeong""]",1,NONE,,
6e986091c4f6c3babe3030036736afd8,North and South Korea fight out draw in niggly Asian Games clash,https://tribune.com.pk/story/2630740/north-and-south-korea-fight-out-draw-in-niggly-asian-games-clash,20260922T080000Z,tribune.com.pk,English,,South Korea,D9_한국,2026-09-22,[],0,NONE,,
0ab40e5ce87379d4a134e10d70a7fcf2,South Korea urges Donald Trump to ease North Korea sanctions for nuclear freeze deal,http://www.jpost.com/international/article-909249,20260922T080000Z,jpost.com,English,,South Korea,D9_한국,2026-09-22,[],0,NONE,,
77df22271cfcd5877c54aa9ff537af18,Harnessing shrimp shell waste: enhanced chitinase production through optimization techniques for ecofriendly solutions using bacteria | Biotechnology for Biofuels and Bioproducts,https://link.springer.com/article/10.1186/s13068-026-02808-9,20260922T080000Z,springer.com,English,,shrimp,D8_수산물,2026-09-22,"[""KC_HanwhaSol""]",1,NONE,Shrimp shell waste,
085a53c829db2880d03d9c9a7be33f6e,Jerrell earns regional berth as Lady Miners close team season,https://www.suncommercial.com/gcdailyworld/gcdailyworld/article_11cf5821-ea2a-553a-8a5c-8c6429281ea1.html,20260922T080000Z,suncommercial.com,English,,berth,D3_인프라,2026-09-22,[],0,NONE,Regional sports berth,
78f5a192a94c539b27f8d7bef2c61b2b,"40 days on , Parliament Monsoon session remains formally open in rare first",https://www.newindianexpress.com/india/2026/Sep/22/40-days-on-parliaments-monsoon-session-remains-formally-open-in-rare-first,20260922T074500Z,newindianexpress.com,English,India,delay,D6_교란행위,2026-09-22,"[""CF_RareEarth""]",1,NONE,,
443d35c29ff0e0fc57f696d03a0eddf0,Rs 14 . 42 lakh Belgium salary of IT pro triggered tax demand in India after Form 67 was missed ; ITAT Bangalore gives relief,https://economictimes.indiatimes.com/wealth/tax/rs-14-42-lakh-belgium-salary-of-it-pro-triggered-tax-demand-in-india-after-form-67-was-missed-itat-bangalore-gives-relief/articleshow/134405336.cms,20260922T074500Z,economictimes.indiatimes.com,English,India,delay,D6_교란행위,2026-09-22,[],0,NONE,,
4cb5307ced1073ddde8b9b7c3c8beef3,  Why are big fish being protected ? Congress questions delay in Ayodhya temple donation case,https://www.newindianexpress.com/india/2026/Sep/22/why-are-big-fish-being-protected-congress-questions-delay-in-ayodhya-temple-donation-case,20260922T074500Z,newindianexpress.com,English,India,delay,D6_교란행위,2026-09-22,[],0,NONE,,
9a63b20289abd5fc5c092125aecadc35,"Resident Evil Veronica Reportedly Slips to Fall 2027 , Dodging a Brutally Packed Early 2027 Release Calendar",https://wccftech.com/resident-evil-veronica-delayed-fall-2027/,20260922T074500Z,wccftech.com,English,United States,delay,D6_교란행위,2026-09-22,[],0,NONE,,
05ce10df690622d10ec95bf35a879509,"Dublin courts facing  particular challenge  amid ongoing legal aid dispute , committee to hear",https://www.thejournal.ie/law-society-bar-of-ireland-justice-committee-legal-aid-row-solicitors-7169175-Sep2026/,20260922T074500Z,thejournal.ie,English,Ireland,delay,D6_교란행위,2026-09-22,[],0,NONE,,
5f89b7a197707fe4f249b625782523a5,"Jetstar workers strike over pay , waiving extra passenger fees | Bendigo Advertiser",https://www.bendigoadvertiser.com.au/story/9355394/jetstar-workers-strike-over-pay-waiving-extra-passenger-fees/,20260922T074500Z,bendigoadvertiser.com.au,English,Australia,fleet,D4_운송,2026-09-22,[],0,NONE,,
52730b6384110c83db14dc348586ef6a,  They are anti - farmers : Telangana BJP chief Ramchander Rao detained en route to Jurala Project,https://news.webindia123.com/news/Articles/India/20260922/4501821.html,20260922T074500Z,news.webindia123.com,English,India,shortage,D6_교란행위,2026-09-22,[],0,NONE,,
88b33a74f32144c64940d052475ea191,Not Micron . Not Alphabet . Here My Top Artificial Intelligence ( AI ) Stock Pick for the Next 3 Years . ,https://www.fool.com/investing/2026/09/22/not-micron-not-alphabet-heres-my-top-artificial-in/?source=iedfolrf0000001,20260922T074500Z,fool.com,English,United States,shortage,D6_교란행위,2026-09-22,[],0,NONE,,
fb22a96b5f8358cb954583380bf1d700,"Best Buy Customer Snagged An RTX 5090 Gaming Laptop Deal Others Can Only Dream Of At Less Than Half Its Original MSRP , Saving $2 , 379 In The Process",https://wccftech.com/best-buy-rtx-5090-gaming-laptop-deal-half-price/,20260922T074500Z,wccftech.com,English,United States,shortage,D6_교란행위,2026-09-22,[],0,NONE,,
5889c0a66ba7a1a3ce1d97e6fddc3598,Princes Wharf closure: Batemans Bay cruises face crisis | Narooma News,https://www.naroomanewsonline.com.au/story/9355184/princes-wharf-closure-batemans-bay-cruises-face-crisis/,20260922T074500Z,naroomanewsonline.com.au,English,,closure,D6_교란행위,2026-09-22,[],0,NONE,,
bf6f7761134e930313b6a357074f6887,Indian Shares Modestly Higher ; IT Stocks Slip On AI Disruption Concerns,https://www.rttnews.com/3692720/indian-shares-modestly-higher-it-stocks-slip-on-ai-disruption-concerns.aspx,20260922T074500Z,rttnews.com,English,United States,crude oil,D2_품목,2026-09-22,[],0,NONE,Indian stock market,
7991441dae003a1f5ab1c6112c361eb8,Tried and trusted Raisin Oatmeal Cookies,https://www.philstar.com/lifestyle/food-and-leisure/2026/09/22/2557212/tried-and-trusted-raisin-oatmeal-cookies,20260922T074500Z,philstar.com,English,Philippines,container,D2_품목,2026-09-22,[],0,NONE,,
3c7621b8c7151c5868b63bf300c0fa60,Reece Parker sentenced over knife attack at Redbank property | The Courier,https://www.thecourier.com.au/story/9355284/reece-parker-sentenced-over-knife-attack-at-redbank-property/,20260922T074500Z,thecourier.com.au,English,Australia,container,D2_품목,2026-09-22,[],0,NONE,,
579b628fa3643f4a2d59de290449c627,Tyson Fury breaks silence with TWO Anthony Joshua rants,https://www.aol.co.uk/articles/tyson-fury-breaks-silence-two-071602000.html,20260922T074500Z,aol.co.uk,English,United Kingdom,carrier,D4_운송,2026-09-22,[],0,NONE,,
82385275a0ca862e00025c9845d65b10,"  The forgotten village : a population of 700 , yet 22 , 000 vehicles pass through it per day – The Irish Times",https://www.irishtimes.com/ireland/2026/09/22/the-forgotten-village-julianstown-locals-face-traffic-crisis-as-meaths-population-soars/,20260922T074500Z,irishtimes.com,English,Ireland,congestion,D6_교란행위,2026-09-22,[],0,NONE,,
7d407a1de298ff2489467e273aa727ba,Israeli forces tighten military measures around Ramallah,https://english.wafa.ps/Pages/Details/174987,20260922T074500Z,english.wafa.ps,English,Israel,congestion,D6_교란행위,2026-09-22,[],0,NONE,,
fb5869521639f2b1787f21dcdcb265c0,What a dietitian looks for when buying peanut butter – NBC Chicago,https://www.nbcchicago.com/news/health/the-no-1-thing-a-dietitian-looks-for-when-buying-peanut-butter-to-make-sure-its-healthy/3992019/,20260922T074500Z,nbcchicago.com,English,United States,wheat,D2_품목,2026-09-22,[],0,NONE,,
77dba9fe6660a90a1431825a83b48a5e,Who needs a degree? South Korea's chip boom rewires university-obsessed culture,https://www.scmp.com/news/asia/east-asia/article/3368347/who-needs-degree-south-koreas-chip-boom-rewires-university-obsessed-culture,20260922T074500Z,scmp.com,English,,South Korea,D9_한국,2026-09-22,[],0,NONE,,
95047ef7e634992b55290275afe7e813,Moe warns  blood potash  part of Trump planned deal with Belarus to thwart Canada,https://www.kelownadailycourier.ca/news/national_news/article_563ca232-b583-5050-ba74-0991faa22dd3.html,20260922T074500Z,kelownadailycourier.ca,English,Canada,fertilizer,D2_품목,2026-09-22,[],0,NONE,,
ffac8681ad2224ffad5950d384c250d4,Gadi Eisenkot and the Netanyahu era,https://www.irishtimes.com/opinion/letters/2026/09/22/gadi-eisenkot-and-the-netanyahu-era/,20260922T074500Z,irishtimes.com,English,Ireland,embargo,D6_교란행위,2026-09-22,[],0,NONE,,
0a4f68bae96af3fa4bb7aad05d1b15b2,Radiant World table shows six lenders with US$870 million exposure,https://www.businesstimes.com.sg/international/global/radiant-world-table-shows-six-lenders-us870-million-exposure,20260922T074500Z,businesstimes.com.sg,English,Singapore,iron ore,D2_품목,2026-09-22,[],0,NONE,,
fa2f58516bac978071884091c776818e,Planning system shifts to 'culture of facilitation rather than restriction' – The Irish Times,https://www.irishtimes.com/politics/2026/09/22/minister-signals-planning-system-shifting-to-culture-of-facilitation-rather-than-restriction/,20260922T074500Z,irishtimes.com,English,,restriction,D6_교란행위,2026-09-22,[],0,NONE,Planning regulations,
a8353f1a752bc66d0bf7a8515affea3f,What Are The Springs On Motorcycle Exhausts For ? ,https://www.slashgear.com/2259987/what-are-springs-on-motorcycle-exhausts-for/,20260922T073000Z,slashgear.com,English,United States,delay,D6_교란행위,2026-09-22,[],0,NONE,,
d57e60039a6b5dd01aded8c8508267ee,"Grounds of arrest must be given in writing even under UAPA , says SC",https://www.business-standard.com/india-news/written-grounds-of-arrest-mandatory-in-uapa-cases-supreme-court-126092200320_1.html,20260922T073000Z,business-standard.com,English,India,delay,D6_교란행위,2026-09-22,[],0,NONE,,
3aea7f4c5685db2dace41e8e376f3dd2,Kirstie Allsopp Land Rover Defender stolen after injury | The Wiltshire Gazette and Herald,https://www.gazetteandherald.co.uk/news/26568566.kirstie-allsopps-land-rover-defender-stolen-injury/,20260922T073000Z,gazetteandherald.co.uk,English,United Kingdom,container,D2_품목,2026-09-22,[],0,NONE,Vehicle theft,
3ddfbd0f1b66abd6346c18be1dd486be,Chatham County commissioners pass resolution opposing planned pipeline,https://www.wral.com/news/local/chatham-county-commissioners-pass-resolution-opposing-enbridge-pipeline-september-2026/,20260922T073000Z,wral.com,English,,pipeline,D3_인프라,2026-09-22,[],0,NONE,,
b0119362c8183fb3f9e8dba9e846bea0,Steps to make Manchester to Sheffield 14 - mile underground tunnel a reality laid out as MP highlights  priority  ,https://www.manchestereveningnews.co.uk/news/steps-make-manchester-sheffields-14-34651217,20260922T073000Z,manchestereveningnews.co.uk,English,United Kingdom,congestion,D6_교란행위,2026-09-22,[],0,NONE,,
e310abc884d32769eea605b0f8c59d0d,South Side residents say growth is outpacing roads along South Zarzamora,https://news4sanantonio.com/news/local/south-side-residents-say-growth-outpacing-roads,20260922T073000Z,news4sanantonio.com,English,United States,congestion,D6_교란행위,2026-09-22,[],0,NONE,,
b3afbdb713316f533247d134ac609ca3,"Pasadena ISD employees fight proposed insurance switch that could raise monthly premiums by more than $1 , 800",https://www.click2houston.com/news/local/2026/09/21/pasadena-isd-employees-fight-proposed-insurance-switch-that-could-raise-monthly-premiums-by-more-than-dollar1800/,20260922T073000Z,click2houston.com,English,United States,wheat,D2_품목,2026-09-22,[],0,NONE,,
c59564ee327d8a6d7f60d9aee0ad4bb4,South Korea's Lee tells AP he wants step-by-step approach to North Korea's nuclear dismantlement,https://www.clickondetroit.com/news/world/2026/09/22/south-koreas-lee-tells-ap-he-advocates-step-by-step-approach-to-norths-nuclear-disarmament/,20260922T073000Z,clickondetroit.com,English,,South Korea,D9_한국,2026-09-22,[],0,NONE,Nuclear diplomacy,
9b0e9edfe0fb96c55bfe83e28cf1c9c2,Rising diesel costs squeeze Wisconsin farmers ahead of governor race,https://www.wbay.com:443/2026/09/22/rising-diesel-costs-squeeze-wisconsin-farmers-ahead-governors-race/,20260922T073000Z,wbay.com,English,United States,fertilizer,D2_품목,2026-09-22,[],0,NONE,,
c6ec5edcd7ae1510940bd868d240efcb,  Frustrated  Skipton man kicked police officer in the chest | Bradford Telegraph and Argus,https://www.thetelegraphandargus.co.uk/news/26563529.frustrated-skipton-man-kicked-police-officer-chest/,20260922T073000Z,thetelegraphandargus.co.uk,English,United Kingdom,surcharge,D6_교란행위,2026-09-22,[],0,NONE,Police assault,
f355cfc34495d693cd7311ba8c4da79d,"Nigeria : The August 2026 Inflation Numbers , By Uddin Ifeanyi",https://allafrica.com/stories/202609210363.html,20260922T073000Z,allafrica.com,English,Nigeria,exchange rate,D5_시장지표,2026-09-22,"[""KI_Macro""]",1,NONE,,
3251314eebadde8e3217efc6cbc3da99,South Korea Lee tells AP he wants step - by - step approach to North Korea nuclear dismantlement,https://www.wral.com/news/ap/2c12c-south-koreas-lee-plans-to-call-for-phased-denuclearization-of-north-korea-at-un/,20260922T073000Z,wral.com,English,United States,Gulf of Aden,D1_초크포인트,2026-09-22,[],0,NONE,North Korea denuclearization,
a3a68f931d7ad649a84300071066a746,Dog restriction on Saltburn beach to end for winter season | Darlington and Stockton Times,https://www.darlingtonandstocktontimes.co.uk/news/26568435.dog-restriction-saltburn-beach-end-winter-season/,20260922T073000Z,darlingtonandstocktontimes.co.uk,English,,restriction,D6_교란행위,2026-09-22,[],0,NONE,Beach dog restrictions,
d6fd5a02e24f4185f8dbabbcc465913a,Letter : Delay retiring aircraft carriers,https://www.unionleader.com/opinion/letters_to_editor/letter-delay-retiring-aircraft-carriers/article_4d9506a5-4fb3-4002-aba9-6702245b4716.html,20260922T071500Z,unionleader.com,English,United States,delay,D6_교란행위,2026-09-22,[],0,NONE,,
a7e8b01542d4781e4585de8bbc86b47b,Doctors cannot evade mandatory government service bond after subsidised PG education : Allahabad HC,https://www.thehindu.com/news/national/uttar-pradesh/doctors-cannot-evade-mandatory-government-service-bond-after-subsidised-pg-education-allahabad-hc/article71494307.ece,20260922T071500Z,thehindu.com,English,India,delay,D6_교란행위,2026-09-22,[],0,NONE,,
c14dcc049b9e387a887b880d4ef78fb7,NATO jets scrambled in Poland and Latvia as Russia launches another horror attack,https://www.aol.co.uk/articles/nato-jets-scrambled-poland-latvia-063200000.html,20260922T071500Z,aol.co.uk,English,United Kingdom,shortage,D6_교란행위,2026-09-22,[],0,NONE,,
1a12289d963d2bf5d0c015e7aeb48b2d,NATO fighter jets scrambled over Russian attack as thousands in Poland get emergency alert,https://www.aol.co.uk/articles/nato-fighter-jets-scrambled-over-064334000.html,20260922T071500Z,aol.co.uk,English,United Kingdom,shortage,D6_교란행위,2026-09-22,[],0,NONE,,
37f126a9735e2e354f65f729c6ed93f6,Rio Ngumoha reaches FINAL decision on quitting Liverpool for lucrative Arsenal move,https://www.teamtalk.com/news/rio-ngumoha-makes-final-decision-quitting-liverpool-lucrative-arsenal-move,20260922T071500Z,teamtalk.com,English,United Kingdom,shortage,D6_교란행위,2026-09-22,[],0,NONE,,
2b705d887985ae83bd91fe5c8c908983,Punjab Agricultural University suggests sustainable paddy straw management methods for farmers,https://www.tribuneindia.com/news/ludhiana/punjab-agricultural-university-suggests-sustainable-paddy-straw-management-methods-for-farmers/,20260922T071500Z,tribuneindia.com,English,India,shortage,D6_교란행위,2026-09-22,[],0,NONE,,
c9849f8975357e641877fd536cf31444,Workers Struggles : The Americas,https://www.wsws.org/en/articles/2026/09/22/vbzj-s22.html,20260922T071500Z,wsws.org,English,United States,shortage,D6_교란행위,2026-09-22,[],0,NONE,,
1c78d2d3aded38fe7e50f91721daf8ef,SBS News in Easy English 22 September 2026,https://www.sbs.com.au/news/podcast-episode/sbs-news-in-easy-english-22-september-2026/61frf7p29,20260922T071500Z,sbs.com.au,English,Australia,Houthi,D7_행위자,2026-09-22,[],0,NONE,,
fd112a3571c3721736a3241203a81612,NSW boosts police patrols for Grand Finals amid DV fears | Midday News Bulletin 22 September 2026,https://www.sbs.com.au/news/podcast-episode/nsw-police-to-boost-patrols-for-grand-finals-amid-dv-fears-midday-news-bulletin-22-september-2026/kswen8yhe,20260922T071500Z,sbs.com.au,English,Australia,Houthi,D7_행위자,2026-09-22,[],0,NONE,,
c642d7ee2b4e33ee8aac000c7b3129ae,Waterloo gas leak: Road closure and bus diversions in place after hundreds evacuated,https://www.aol.co.uk/articles/waterloo-gas-leak-road-closure-063043000.html,20260922T071500Z,aol.co.uk,English,,closure,D6_교란행위,2026-09-22,[],0,NONE,,
cbe1a0715a5976e24ae1baab4b6954c3,Rupee rises 13 paise to 95 . 65 against US dollar in early trade,https://www.thehindubusinessline.com/markets/forex/rupee-rises-13-paise-to-9565-against-us-dollar-in-early-trade/article71494254.ece,20260922T071500Z,thehindubusinessline.com,English,India,crude oil,D2_품목,2026-09-22,[],0,NONE,,
31fbcc5656752a81bf91a51eb4f90201,"US stocks supported , Nasdaq reaches new closing high",https://www.business-standard.com/markets/capital-market-news/us-stocks-supported-nasdaq-reaches-new-closing-high-126092200330_1.html,20260922T071500Z,business-standard.com,English,India,crude oil,D2_품목,2026-09-22,[],0,NONE,,
5065e602e27bbe28cbfe38eda199b8a1,Market pare gains ; IT shares decline,https://www.business-standard.com/markets/capital-market-news/market-pare-gains-it-shares-decline-126092200327_1.html,20260922T071500Z,business-standard.com,English,India,crude oil,D2_품목,2026-09-22,[],0,NONE,,
e55ea2b3a3dcf9e93fc0a1100a650bb8,Canada seeks to wrap India trade talks soon as US ties fray,https://www.thehindubusinessline.com/economy/canada-seeks-to-wrap-india-trade-talks-soon-as-us-ties-fray/article71494245.ece,20260922T071500Z,thehindubusinessline.com,English,India,crude oil,D2_품목,2026-09-22,[],0,NONE,Trade negotiations,
e7a7cd95b8dd06b36a3b585ffd7962d0,"Nifty trade above 23 , 400 in early trade ; breadth strong",https://www.business-standard.com/markets/capital-market-news/nifty-trade-above-23-400-in-early-trade-breadth-strong-126092200188_1.html,20260922T071500Z,business-standard.com,English,India,crude oil,D2_품목,2026-09-22,[],0,NONE,Indian equity trading,
069edad84f8f598b9ad79f48edd19892,30 - year - old CPKC conductor killed at Port of Montreal by moving train,https://www.wsws.org/en/articles/2026/09/22/juqs-s22.html,20260922T071500Z,wsws.org,English,United States,container,D2_품목,2026-09-22,[],0,NONE,Port accident,
ddd3768c462462c5bf748dbb4497d824,The US Clinical Trial Recruiting Pipeline Report August 2026,https://www.clinicalleader.com/doc/the-u-s-clinical-trial-recruiting-pipeline-report-august-0001,20260922T071500Z,clinicalleader.com,English,,pipeline,D3_인프라,2026-09-22,[],0,NONE,,
eeb30f756a6543dfbb09feef0c5cb1e0,Flood alert : Lagos orders vulnerable residents to relocate,https://punchng.com/flood-alert-lagos-orders-vulnerable-residents-to-relocate/,20260922T071500Z,punchng.com,English,Nigeria,terminal,D3_인프라,2026-09-22,[],0,NONE,,
270b476cd5957177f1a85b800baa179a,12 high - end car crashes in 2 . 5 years : Why Coastal Road is proving hard for police to patrol,https://www.hindustantimes.com/cities/mumbai-news/why-the-coastal-road-is-proving-hard-for-police-to-patrol-101790018223465.html,20260922T071500Z,hindustantimes.com,English,India,congestion,D6_교란행위,2026-09-22,[],0,NONE,,
7163fc6c308bf15029bcfdbc7ccb4153,Dangote IPO faces global growth valuation crossroads,https://dailynews.co.tz/dangote-ipo-faces-global-growth-valuation-crossroads/,20260922T071500Z,dailynews.co.tz,English,Tanzania,refinery,D3_인프라,2026-09-22,[],0,NONE,,
21fafb0eafc63e4ca4347367bfb913eb,CMA warns Kenyans against unauthorised Dangote Refinery IPO offers,https://capitalfm.africa/cma-warns-kenyans-against-unauthorised-dangote-refinery-ipo-offers/,20260922T071500Z,capitalfm.africa,English,,refinery,D3_인프라,2026-09-22,[],0,NONE,,
386d3610a9932383fd336d9b2043ea3b,What a dietitian looks for when buying peanut butter – NBC Connecticut,https://www.nbcconnecticut.com/news/health/the-no-1-thing-a-dietitian-looks-for-when-buying-peanut-butter-to-make-sure-its-healthy/3777221/,20260922T071500Z,nbcconnecticut.com,English,United States,wheat,D2_품목,2026-09-22,[],0,NONE,,
910563acba8bf57cd4212a2a76aaedf2,South Korea confirms first project under US$350 billion US investment pact despite viability concerns,https://www.businesstimes.com.sg/international/global/south-korea-confirms-first-project-under-us350-billion-us-investment-pact-despite-viability-concerns,20260922T071500Z,businesstimes.com.sg,English,,South Korea,D9_한국,2026-09-22,[],0,NONE,US investment,
0adf768a89d6c2c83718879c6a45d25b,Disruption warning as two-week project begins on busy Derbyshire route,https://www.derbytelegraph.co.uk/news/local-news/disruption-warning-two-week-project-11165351,20260922T071500Z,derbytelegraph.co.uk,English,,disruption,D6_교란행위,2026-09-22,[],0,NONE,Road construction,
9e00c0b5376e7efe5bb1b304eb280e26,Sekenke road crash leaves 12 people dead,https://dailynews.co.tz/sekenke-road-crash-leaves-12-people-dead/,20260922T071500Z,dailynews.co.tz,English,Tanzania,tanker,D4_운송,2026-09-22,[],0,NONE,Road accident,
bdbbdedc2e393aae687958b1dfd41e37,UPI : India success story in transforming financial governance,https://www.hindustantimes.com/opinion/upi-india-s-success-story-in-transforming-financial-governance-101790056430117.html,20260922T071500Z,hindustantimes.com,English,India,exchange rate,D5_시장지표,2026-09-22,[],0,NONE,,
5d8eaa0ee191f2613d50f1692c69bd01,Australia giant data - centre boom,https://www.hindustantimes.com/business/australias-giant-data-centre-boom-101790058849109.html,20260922T071500Z,hindustantimes.com,English,India,iron ore,D2_품목,2026-09-22,[],0,NONE,,
4238aae3761602ab127e93e7061f8991,US Senator Urges ICC Member States to Sanction Trump and Rubio Over Pressure on War Crimes Court,https://www.khaama.com/us-senator-urges-icc-member-states-to-sanction-trump-and-rubio-over-pressure-on-war-crimes-court/,20260922T071500Z,khaama.com,English,,sanction,D6_교란행위,2026-09-22,"[""SS_USA""]",1,NONE,ICC sanctions,
719c8f0eb9650269fb936a4b307cc324,Flixbus left us stranded on the M23 after a police swoop,https://www.theguardian.com/money/2026/sep/22/flixbus-left-us-stranded-m23-after-a-police-swoop,20260922T070000Z,theguardian.com,English,United Kingdom,delay,D6_교란행위,2026-09-22,[],0,NONE,,
05a73104603779c8628e5c1c9ced81ad,"Ceer Exobot , Made in Saudi Arabia EV , uncovered",https://www.ummid.com/news/2026/9/22/ceer-exobot-made-in-saudi-arabia-ev-uncovered.html,20260922T070000Z,ummid.com,English,India,fleet,D4_운송,2026-09-22,"[""SS_SaudiArabia""]",1,NONE,EV manufacturing,
ba0d1c766d80fca6b88700387f621778,Aibom villagers without drinking water as lake dries up,https://www.thenational.com.pg/aibom-villagers-without-drinking-water-as-lake-dries-up/,20260922T070000Z,thenational.com.pg,English,Papua New Guinea,shortage,D6_교란행위,2026-09-22,[],0,NONE,Village water crisis,
e7f7ef64ddd8a0356e7eb9c4ac21db1a,"US  drug boat  strikes breach international law , could be crimes against humanity , UN report says",https://www.abc.net.au/news/2026-09-22/us-drug-boat-strikes-legality-explained-in-un-report/107180978,20260922T070000Z,abc.net.au,English,Australia,container,D2_품목,2026-09-22,[],0,NONE,Drug enforcement,
16ebe6e7848aeeddb36c85b4a735c335,A Computer Terminal The Old Way,https://hackaday.com/2026/09/21/a-computer-terminal-the-old-way/,20260922T070000Z,hackaday.com,English,United States,terminal,D3_인프라,2026-09-22,"[""KP_Tongyeong""]",1,NONE,Computer terminal,
b6b63870736f71120535a04335eeb312,Exiled East Turkistan authorities urge Trump to confront Xi over  ongoing genocide  in Xinjiang,https://ianslive.in/exiled-east-turkistan-authorities-urge-trump-to-confront-xi-over-ongoing-genocide-in-xinjiang--20260922112457,20260922T070000Z,ianslive.in,English,India,critical minerals,D2_품목,2026-09-22,[],0,NONE,,
d3d396ce66b449989cb4ecb8fd0a0e1c,Mansfield street sees 36 % of homes converted to HMOs,https://www.propertywire.com/news/uk/mansfield-street-sees-36-of-homes-converted-to-hmos/,20260922T070000Z,propertywire.com,English,United Kingdom,congestion,D6_교란행위,2026-09-22,[],0,NONE,,
3b9860ba683acb34045089d0d990565b,soundcore AeroClip 2 review –  I tried a new style of headphones and now Im converted  ,https://www.dailystar.co.uk/news/latest-news/soundcore-aeroclip-2-review--37662154,20260922T070000Z,dailystar.co.uk,English,United Kingdom,canal,D3_인프라,2026-09-22,[],0,NONE,,
aa3a7b66140d16525ee3c214a34aa653,"Cancer, heart disease, pneumonia top South Korea's causes of death in 2025-Xinhua",https://english.news.cn/20260922/ae62e5ab3a4c4ddcb04bbb3c8333cd6b/c.html,20260922T070000Z,english.news.cn,English,,South Korea,D9_한국,2026-09-22,[],0,NONE,Public health,
5d849acf93828dd9ef6514f71371743a,Tower Semiconductor (TSEM): $1.3 Billion in Silicon Photonics Contracts Puts AI Growth in Focus,https://www.insidermonkey.com/news/tower-semiconductor-tsem-1-3-billion-in-silicon-photonics-contracts-puts-ai-growth-in-focus-1840754/,20260922T070000Z,insidermonkey.com,English,,semiconductor,D2_품목,2026-09-22,[],0,NONE,Tower Semiconductor contracts,
9d454210140407302b1898f1be4a9f1b,"Gold , silver prices on September 22 : Check latest rates in Delhi , Mumbai , Kolkata , other cities",https://www.businesstoday.in/personal-finance/story/gold-silver-prices-on-september-22-check-latest-rates-in-delhi-mumbai-kolkata-other-cities-556920-2026-09-22,20260922T070000Z,businesstoday.in,English,India,exchange rate,D5_시장지표,2026-09-22,[],0,NONE,,
dd050b583f7dfce67e92a8611aa80248,  Ram ka naam badnam na karo : Congress slams delay in filing chargesheet in Ram temple donation theft case,https://www.thehindu.com/news/national/ram-ka-naam-badnam-na-karo-congress-slams-delay-in-filing-chargesheet-in-ram-temple-donation-theft-case/article71494276.ece,20260922T064500Z,thehindu.com,English,India,delay,D6_교란행위,2026-09-22,[],0,NONE,,
2efdad28c45e07449ddacceeadf408de,"Paramount reaches deal with US states to settle case challenging Warner buyout , AP source says",https://jamaica-gleaner.com/article/business/20260922/paramount-reaches-deal-us-states-settle-case-challenging-warner-buyout-ap,20260922T064500Z,jamaica-gleaner.com,English,Jamaica,delay,D6_교란행위,2026-09-22,"[""SS_USA""]",1,NONE,,
cc50dc24870c9db4a2e84d0b96a5096f,New playground opens at Boswell Square Park in College Hill,https://www.wibw.com/2026/09/22/new-playground-opens-boswell-square-park-college-hill/,20260922T064500Z,wibw.com,English,United States,delay,D6_교란행위,2026-09-22,[],0,NONE,,
18f8c326518c8ec76a9d5613fa78095c,HBS Fuels adds first Isuzu truck to fleet,https://www.fleetpoint.org/isuzu-truck-uk/hbs-fuels-adds-first-isuzu-truck-to-fleet/,20260922T064500Z,fleetpoint.org,English,United Kingdom,fleet,D4_운송,2026-09-22,[],0,NONE,,
97625f34d61eb766d7305c2c08ca9c6a,"New ICAI guidelines address sustainability assurance , greenwashing | Analysis",https://www.thehindu.com/business/Industry/new-icai-guidelines-address-sustainability-assurance-greenwashing-analysis/article71494294.ece,20260922T064500Z,thehindu.com,English,India,shortage,D6_교란행위,2026-09-22,[],0,NONE,,
de7b2aff8f73eed08c717c7d5af7ee78,Windtech International - Jotun report highlights challenges to wind project profitability,https://www.windtech-international.com/industry-news/jotun-report-highlights-challenges-to-wind-project-profitability,20260922T064500Z,windtech-international.com,English,United States,shortage,D6_교란행위,2026-09-22,[],0,NONE,,
01c0253c9e167cdb3ded3ef30039f51d,How to fix the dysfunction,https://www.geo.tv/latest/683109-how-to-fix-the-dysfunction,20260922T064500Z,geo.tv,English,Pakistan,shortage,D6_교란행위,2026-09-22,[],0,NONE,,
7d6392fd8e021811f6b6ba57d74a0789,Windtech International - Flender presents new generator concept for wind turbines,https://www.windtech-international.com/product-news/flender-presents-new-generator-concept-for-wind-turbines,20260922T064500Z,windtech-international.com,English,United States,container,D2_품목,2026-09-22,[],0,NONE,Wind turbines,
b80e5e65be8ed57e58db1d7d7e843d88,Transavia France to start A321neo operations in 2027,https://www.travelextra.ie/transavia-france-to-start-a321neo-operations-in-2027/,20260922T064500Z,travelextra.ie,English,Ireland,carrier,D4_운송,2026-09-22,[],0,NONE,,
49f4679dc086ed37d1e6427338d97d8f,Thousands of US flights snarled after FAA outage,https://bdnews24.com/aviation/qaovgebfil,20260922T064500Z,bdnews24.com,English,Bangladesh,terminal,D3_인프라,2026-09-22,[],0,NONE,,
3682dfec9cd1f0011d2468bcff6b9d09,City of London expertise moves closer to Tashkent investment reforms,https://www.euronews.com/business/2026/09/22/city-of-london-expertise-moves-closer-to-tashkents-investment-reforms,20260922T064500Z,euronews.com,English,United States,critical minerals,D2_품목,2026-09-22,[],0,NONE,,
5ccda34b103bdf11178b6e3a73fe721a,Energy and mining set to benefit from global investment shift,https://www.businessday.co.za/companies/2026-09-22-shifting-global-investment-set-to-benefit-sa-energy-and-mining-sectors/,20260922T064500Z,businessday.co.za,English,South Africa,critical minerals,D2_품목,2026-09-22,[],0,NONE,,
acecfa1b768585a5070dc2801cb35ee5,Jet2 Calls for Urgent Action After NATS Prestwick Disruption,https://www.travelwires.com/jet2-calls-for-urgent-action-after-nats-prestwick-disruption/,20260922T064500Z,travelwires.com,English,,disruption,D6_교란행위,2026-09-22,[],0,NONE,Air traffic control,
3c1f2017410c850106d982b459c4e9fb,Chard man fined for sex offender register breaches | Chard & Ilminster News,https://www.chardandilminsternews.co.uk/news/chard_news/26566944.chard-man-fined-sex-offenders-register-breaches/,20260922T064500Z,chardandilminsternews.co.uk,English,United Kingdom,surcharge,D6_교란행위,2026-09-22,[],0,NONE,Sex offender violation,
066a2f72a459505812a096354f844226,Asian benchmarks mostly rise after Wall Street rally,https://www.news4jax.com/business/2026/09/22/asian-benchmarks-mostly-rise-after-wall-streets-rally/,20260922T064500Z,news4jax.com,English,United States,KOSPI,D5_시장지표,2026-09-22,[],0,NONE,,
31d445deb02bad1c7c20348674a4e3de,South Korea Lee tells AP he advocates step - by - step approach to North nuclear disarmament,https://www.news4jax.com/news/world/2026/09/22/south-koreas-lee-tells-ap-he-advocates-step-by-step-approach-to-norths-nuclear-disarmament/,20260922T064500Z,news4jax.com,English,United States,Gulf of Aden,D1_초크포인트,2026-09-22,[],0,NONE,North Korea disarmament,
1b8265818417c182e529a37a658ccfb8,Broads Authority rethinks funding bid after Cantley closure,https://www.edp24.co.uk/news/26568347.broads-authority-rethinks-funding-bid-cantley-closure/,20260922T063000Z,edp24.co.uk,English,,closure,D6_교란행위,2026-09-22,[],0,NONE,,
f99038b97d34ed4c80c9cc8bf0d5af75,Update three years after Wilko closure in Hereford,https://www.herefordtimes.com/news/26560914.update-three-years-wilko-closure-hereford/,20260922T063000Z,herefordtimes.com,English,,closure,D6_교란행위,2026-09-22,[],0,NONE,,
9a02117313120d0de70b3d980a8786f5,Waterline break causes closure on SW MacVicar Avenue in Topeka,https://www.kmaj1440.com/2026/09/21/waterline-break-causes-closure-on-sw-macvicar-avenue-in-topeka/,20260922T063000Z,kmaj1440.com,English,,closure,D6_교란행위,2026-09-22,[],0,NONE,,
0676d00a4f397102989efc589e442eed,"New Cerrillos Road complex, others in pipeline could help keep Santa Fe rents flat",https://www.santafenewmexican.com/news/business/new-cerrillos-road-complex-others-in-pipeline-could-help-keep-santa-fe-rents-flat/article_cd5b20d0-0460-47c7-80d1-a4a27912a99c.html,20260922T063000Z,santafenewmexican.com,English,,pipeline,D3_인프라,2026-09-22,[],0,NONE,,
422055d9042b895852c7a1c1a24225a4,Air district to detail Richmond refinery health risk assessment – NBC Bay Area,https://www.nbcbayarea.com/news/local/richmond-chevron-refinery-health-risk-assessment/4146431/,20260922T063000Z,nbcbayarea.com,English,United States,refinery,D3_인프라,2026-09-22,"[""KC_KoreanAir""]",1,NONE,,
11bacd5454157e1da15291135c91da1c,Pasadena ISD employees reeling over proposal that could cost them hundreds more a month for insurance,https://www.fox26houston.com/news/pasadena-isd-employees-reeling-over-proposal-could-cost-them-hundreds-more-month-insurance,20260922T063000Z,fox26houston.com,English,United States,wheat,D2_품목,2026-09-22,[],0,NONE,,
aa509265ad1e185729819792aeb9111e,M'sian women shuttlers fall to defending champions South Korea,https://www.freemalaysiatoday.com/category/nation/2026/09/22/m-sian-women-shuttlers-fall-to-defending-champions-south-korea,20260922T063000Z,freemalaysiatoday.com,English,,South Korea,D9_한국,2026-09-22,[],0,NONE,Sports competition,
b768367c5edd73be0b5bc4057d6c616f,South Korea picks up silver in mixed team shooting,https://www.koreaherald.com/article/10882220,20260922T063000Z,koreaherald.com,English,,South Korea,D9_한국,2026-09-22,[],0,NONE,Sports results,
ab8fa765c3ef2a80c0ea8a8def0e67ea,South Korea president urges US to ease North Korea sanctions to freeze nuclear programmes: Report,https://www.channelnewsasia.com/east-asia/south-north-korea-nuclear-programmes-sanctions-6401106,20260922T063000Z,channelnewsasia.com,English,,South Korea,D9_한국,2026-09-22,[],0,NONE,Nuclear policy,
089f521c0b253e78dd73d7376bc2a878,Google fine of more than €400m a win for data protection watchdogs,https://www.irishtimes.com/business/2026/09/22/google-fine-of-more-than-400m-a-win-for-data-protection-watchdogs/,20260922T061500Z,irishtimes.com,English,Ireland,delay,D6_교란행위,2026-09-22,[],0,NONE,,
c7a3caae7d805e686d1be5d645dd878a,Princes Wharf closure: Batemans Bay cruises face crisis | Bega District News,https://www.begadistrictnews.com.au/story/9355184/princes-wharf-closure-batemans-bay-cruises-face-crisis/,20260922T061500Z,begadistrictnews.com.au,English,,closure,D6_교란행위,2026-09-22,[],0,NONE,,
e668a7ba8ce45a089d18fa358954a6ba,Concern about consultation on Windermere care home closure,https://www.thewestmorlandgazette.co.uk/news/26568149.concern-consultation-windermere-care-home-closure/,20260922T061500Z,thewestmorlandgazette.co.uk,English,,closure,D6_교란행위,2026-09-22,[],0,NONE,,
377e9b9a40f9305477eeb6891fdef6bc,Mizuho Issues Positive Forecast for Plains All American Pipeline (NASDAQ:PAA) Stock Price,https://www.dailypolitical.com/2026/09/21/mizuho-issues-positive-forecast-for-plains-all-american-pipeline-nasdaqpaa-stock-price.html,20260922T061500Z,dailypolitical.com,English,,pipeline,D3_인프라,2026-09-22,[],0,NONE,,
3010b947f9ca0cf00c405aa080bfa574,"Liberia : Freeman Challenges Liberia US$1 Billion Revenue Story , Says US$400M Is Being  Squeezed  From Economy",https://frontpageafricaonline.com/liberia-freeman-challenges-liberias-us1-billion-revenue-story-says-us400m-is-being-squeezed-from-economy/,20260922T061500Z,frontpageafricaonline.com,English,Liberia,terminal,D3_인프라,2026-09-22,[],0,NONE,,
621eb5ede4b2f77148c1bcb14a670843,Platina banks final $2M Rio cheque for WA gold push,https://www.smh.com.au/business/companies/platina-banks-final-2m-rio-cheque-for-wa-gold-push-20260922-p60zk9.html,20260922T061500Z,smh.com.au,English,Australia,critical minerals,D2_품목,2026-09-22,[],0,NONE,,
ef063f3fa824065e193134cf771e699e,"US, Japan and South Korea Send Fresh Taiwan Warning to China",https://slguardian.org/us-japan-and-south-korea-send-fresh-taiwan-warning-to-china/,20260922T061500Z,slguardian.org,English,,South Korea,D9_한국,2026-09-22,[],0,NONE,Taiwan warning,
147938c514f23d750f9e4deb51caf50b,Sussex MP raises concerns over Uckfield Line disruption,https://www.theargus.co.uk/news/26562675.sussex-mp-raises-concerns-uckfield-line-disruption/,20260922T061500Z,theargus.co.uk,English,,disruption,D6_교란행위,2026-09-22,[],0,NONE,Train service,
dccacd26f1ebffca3078e469194f4470,Integrating amid mounting pressure -- Beijing Review,http://www.bjreview.com.cn/Opinion/Voice/202609/t20260921_800447282.html,20260922T061500Z,bjreview.com.cn,English,China,fertilizer,D2_품목,2026-09-22,[],0,NONE,,
9d1e0d3e48b332d2e67e25770388e31b,India's semiconductor opportunity expanding beyond fabs: Report,https://economictimes.indiatimes.com/industry/cons-products/electronics/indias-semiconductor-opportunity-expanding-beyond-fabs-report/articleshow/134402722.cms,20260922T061500Z,indiatimes.com,English,,semiconductor,D2_품목,2026-09-22,[],0,NONE,India semiconductor fabs,
2dbf0e8d840ce9e468dbb89678c40ade,Global Market : Yuan climbs to strongest level since 2023 as Xi - Trump talks loom,https://economictimes.indiatimes.com/markets/us-stocks/news/global-market-yuan-climbs-to-strongest-level-since-2023-as-xi-trump-talks-loom/articleshow/134403533.cms,20260922T061500Z,economictimes.indiatimes.com,English,India,KOSPI,D5_시장지표,2026-09-22,[],0,NONE,,
d116bca290d8bbf69914bf13d69aac51,"ARS Pharmaceuticals , Inc . Sued for Securities Law Violations - Contact the DJS Law Group to Discuss Your Rights",https://www.prnewswire.com/news-releases/ars-pharmaceuticals-inc-sued-for-securities-law-violations---contact-the-djs-law-group-to-discuss-your-rights--spry-302885555.html,20260922T060000Z,prnewswire.com,English,United States,delay,D6_교란행위,2026-09-22,[],0,NONE,,
ec1c1834638cdfa159986356ea2afa1e,  Tell them why theyre arrested in writing : Supreme Court reiterates UAPA safeguards,https://www.moneycontrol.com/news/india/tell-them-why-they-re-arrested-in-writing-supreme-court-reiterates-uapa-safeguards-14035059.html,20260922T060000Z,moneycontrol.com,English,India,delay,D6_교란행위,2026-09-22,[],0,NONE,,
14998595c7c7c059c1140531c46c4356,"Sensex down 400 pts from day high , Nifty near 23 , 350 : Selling in IT shares among key factors behind markets turning red",https://www.moneycontrol.com/news/business/markets/sensex-down-400-pts-from-day-s-high-nifty-near-23-350-selling-in-it-shares-among-key-factors-behind-markets-turning-red-14035116.html,20260922T060000Z,moneycontrol.com,English,India,crude oil,D2_품목,2026-09-22,[],0,NONE,,
34ef31d1c81687db020e517d7a4f49db,This stock just beat AI star HFCL 230 % rally to top Nifty 500 gainers in 2026 . Can outperformance last ? ,https://economictimes.indiatimes.com/markets/stocks/news/this-stock-just-beat-ai-star-hfcls-230-rally-to-top-nifty-500-gainers-in-2026-can-outperformance-last/articleshow/134403063.cms,20260922T060000Z,economictimes.indiatimes.com,English,India,carrier,D4_운송,2026-09-22,[],0,NONE,,
d1297e6e02ba725b2e3db188c4655a5e,Baton Rouge airport set for $7 million renovation starting in October,https://www.wbrz.com/news/baton-rouge-airport-set-for-7-million-renovation-starting-in-october,20260922T060000Z,wbrz.com,English,United States,terminal,D3_인프라,2026-09-22,[],0,NONE,Airport renovation,
baf30bf86d93b58aaa1600dcc0a207e5,Call for greater control over local roads funding in Donegal - Highland Radio,https://highlandradio.com/2026/09/22/call-for-greater-control-over-local-roads-funding-in-donegal/,20260922T060000Z,highlandradio.com,English,Ireland,congestion,D6_교란행위,2026-09-22,[],0,NONE,,
81fc5439e2e87803a7fea7d1d9723c0f,"Kalki Dwadashi 2026 on September 22 : Puja timings , vrat vidhi and religious significance",https://www.moneycontrol.com/lifestyle/kalki-dwadashi-2026-on-september-22-puja-timings-vrat-vidhi-and-religious-significance-article-14035166.html,20260922T060000Z,moneycontrol.com,English,India,wheat,D2_품목,2026-09-22,[],0,NONE,,
32b4508cde512daba9889b7587c0e649,"Cancer, heart disease, pneumonia top South Korea's causes of death in 2025",http://www.bignewsnetwork.com/news/279322677/cancer-heart-disease-pneumonia-top-south-korea-causes-of-death-in-2025,20260922T060000Z,bignewsnetwork.com,English,,South Korea,D9_한국,2026-09-22,[],0,NONE,Public health,
30e9d39d2f00bacb866a0bb19a60cd6b,Currency exchange latest rates in Pakistan today – 22 September 2026,https://pakobserver.net/currency-exchange-latest-rates-in-pakistan-today-22-september-2026/,20260922T060000Z,pakobserver.net,English,Pakistan,exchange rate,D5_시장지표,2026-09-22,[],0,NONE,Currency exchange rates,
5c192096536eaf25037cbbb234b5f585,Dylan McIlrath both a lover and a fighter in Hershey preseason game against Flyers,https://russianmachineneverbreaks.com/2026/09/21/dylan-mcilrath-lover-fighter-hershey-preseason-flyers/,20260922T054500Z,russianmachineneverbreaks.com,English,United States,delay,D6_교란행위,2026-09-22,[],0,NONE,,
51aaf2b15f5846741e14d2755407516f,"Satya Niketan collapse : Court denies bail to Hariram Gupta , cites 7 deaths",https://www.business-standard.com/india-news/satya-niketan-collapse-court-denies-bail-to-hariram-gupta-cites-7-deaths-126092200038_1.html,20260922T054500Z,business-standard.com,English,India,delay,D6_교란행위,2026-09-22,[],0,NONE,,
f962827fc668ecda441835e3148732ad,Google to share child abuse reports directly with Indian agencies : Here is why it matters,https://www.digit.in/news/general/google-to-share-child-safety-information-directly-with-indian-agencies-here-is-why-it-matters.html,20260922T054500Z,digit.in,English,India,delay,D6_교란행위,2026-09-22,[],0,NONE,,
8e2a1a47f0ff1718716b36f48b8d80e5,"Retired government employee sent to jail for taking Rs 100 bribe at the age of 75 ; CBI caught him red - handed in 1995 , Jharkhand HC convicts him for corruption after 31 years",https://economictimes.indiatimes.com/news/new-updates/retired-government-employee-who-took-a-rs-100-bribe-sent-to-jail-at-the-age-of-75-cbi-caught-him-in-1995-jharkhand-high-court-convicts-him-for-corruption-case-after-31-years/articleshow/134402484.cms,20260922T054500Z,economictimes.indiatimes.com,English,India,delay,D6_교란행위,2026-09-22,[],0,NONE,,
c1966f83f541e96935eb5c9cc966472d,Why a haulage firm with 60 years of history was forced to close,https://www.lancashiretelegraph.co.uk/news/26569555.haulage-firm-60-years-history-forced-close/,20260922T054500Z,lancashiretelegraph.co.uk,English,United Kingdom,fleet,D4_운송,2026-09-22,[],0,NONE,,
85d84bc316a8b74951d59227d78a1d16,Foundation Officially Begins A New Era In Upcoming Season,https://screenrant.com/foundation-galactic-frontier-new-era-season-two/,20260922T054500Z,screenrant.com,English,United States,fleet,D4_운송,2026-09-22,[],0,NONE,,
f486129500b9bb5f008d68698567e790,"Latin American , Spanish emergency officials come to Israel for MDA workshop",https://www.jpost.com/israel-news/article-909233,20260922T054500Z,jpost.com,English,Israel,fleet,D4_운송,2026-09-22,[],0,NONE,,
11905f93cdf9065889e8d695de6ac44e,City Exempted Truck in Fatal Crash from Life - Saving Safety Component,https://nyc.streetsblog.org/2026/09/21/city-exempted-truck-in-fatal-crash-from-life-saving-safety-component,20260922T054500Z,nyc.streetsblog.org,English,United States,fleet,D4_운송,2026-09-22,[],0,NONE,Vehicle safety,
c4ee7aa627abdaac15cf9de8bcaae4f5,Britain needs cash and everyone knows we should break the pensions triple lock . Where is the courage ? | Gaby Hinsliff,https://www.theguardian.com/commentisfree/2026/sep/22/britain-pensions-triple-lock-andy-burnham,20260922T054500Z,theguardian.com,English,United Kingdom,shortage,D6_교란행위,2026-09-22,[],0,NONE,,
42ea082c3f09de3657ddd6e09d786360,"Stock market today : Sensex , Nifty see positive start ; NSE IPO receives 6x subscription on final day",https://www.hindustantimes.com/business/stock-market-today-september-22-live-updates-nse-ipo-nse-gmp-sensex-nifty-iran-war-101790045416022.html,20260922T054500Z,hindustantimes.com,English,India,crude oil,D2_품목,2026-09-22,[],0,NONE,,
78fc88a3e5b0548c45491bdb5fc10db7,Retail News and Trends | Retail Dive,https://www.retaildive.com/?page=2&_sp=835c139c-653b-43ce-80fa-8e87ed30e6ee,20260922T054500Z,retaildive.com,English,United States,container,D2_품목,2026-09-22,[],0,NONE,Retail news,
956f20bd49589f0334daa03c079708e5,"US  drug boat  strikes breach international law , could be crimes against humanity , UN report says - 22 - Sep - 2026","https://home.nzcity.co.nz/news/article.aspx?id=454539&fm=psp,tst",20260922T054500Z,home.nzcity.co.nz,English,New Zealand,container,D2_품목,2026-09-22,[],0,NONE,Drug enforcement,
855e545bda90123f67288964f37e2e21,"Googlebook laptops debut with Gemini , Android apps support : Check details",https://www.business-standard.com/technology/tech-news/googlebook-android-laptops-gemini-hp-dell-asus-acer-lenovo-launch-126092200274_1.html,20260922T054500Z,business-standard.com,English,India,terminal,D3_인프라,2026-09-22,[],0,NONE,,
05dc925799999d7ab81145c49f3263fa,"Ray Roberts Lake neighbors oppose developer plans to build 1 , 000 homes if Sanger annexes land | Ray Roberts Lake",https://dentonrc.com/news/ray_roberts_lake/ray-roberts-lake-neighbors-oppose-developer-s-plans-to-build-1-000-homes-if-sanger/article_67aec116-fb31-4b93-bdcc-17a31f150498.html,20260922T054500Z,dentonrc.com,English,United States,congestion,D6_교란행위,2026-09-22,[],0,NONE,,
11196cc3d32733b460727ca3c3627778,Community Briefs,https://www.salemnews.net/news/neighborhood-news/2026/09/community-briefs-74/,20260922T054500Z,salemnews.net,English,United States,canal,D3_인프라,2026-09-22,[],0,NONE,,
66437043ae051626b7d96a47b1d081bb,Cathedral City Fire Chief urges El Niño preparations now,https://kesq.com/news/2026/09/21/cathedral-city-fire-chief-urges-el-nino-preparations-now/,20260922T054500Z,kesq.com,English,United States,canal,D3_인프라,2026-09-22,[],0,NONE,,
c4bf59b8529198e1f3252b363da889d7,What a dietitian looks for when buying peanut butter – NBC New York,https://www.nbcnewyork.com/news/health/the-no-1-thing-a-dietitian-looks-for-when-buying-peanut-butter-to-make-sure-its-healthy/6550500/,20260922T054500Z,nbcnewyork.com,English,United States,wheat,D2_품목,2026-09-22,[],0,NONE,,
6ece7503b1f308ccae4bb58e327e7ccd,India semiconductor market: India's semiconductor opportunity expanding beyond fabs: Report,https://economictimes.indiatimes.com/tech/technology/indias-semiconductor-opportunity-expanding-beyond-fabs-report/articleshow/134402728.cms,20260922T054500Z,indiatimes.com,English,,semiconductor,D2_품목,2026-09-22,[],0,NONE,India semiconductor market,
a8174e609ee656e5b80d3eb55a3087a4,Retiree With $1 . 2 Million Discovers Roth Conversion Doubled His First Medicare Premium,https://www.aol.com/articles/retiree-1-2-million-discovers-115541000.html,20260922T054500Z,aol.com,English,United States,surcharge,D6_교란행위,2026-09-22,"[""POL_EthaneCracker""]",1,NONE,Retirement finance,
0cf89dd1e8e4bf16d9827c7e858fdb69,Burnley woman banned from owning animals for life | Lancashire Telegraph,https://www.lancashiretelegraph.co.uk/news/26565457.burnley-woman-banned-owning-animals-life/,20260922T054500Z,lancashiretelegraph.co.uk,English,United Kingdom,surcharge,D6_교란행위,2026-09-22,[],0,NONE,Animal ownership ban,
6a08465b54975f5a7122385a88b24573,"Man contacted ex - partner within hours of court bail , magistrates hear",https://www.lancashiretelegraph.co.uk/news/26569583.man-contacted-ex-partner-within-hours-court-bail-magistrates-hear/,20260922T054500Z,lancashiretelegraph.co.uk,English,United Kingdom,surcharge,D6_교란행위,2026-09-22,[],0,NONE,Court bail violation,
240c55d7732cce7a120dde6073e45ec5,Morning Bid : AI trade gets its Muse,https://www.aol.com/articles/morning-bid-ai-trade-gets-043430000.html,20260922T054500Z,aol.com,English,United States,KOSPI,D5_시장지표,2026-09-22,[],0,NONE,,
14fbd8b699659c351f33dc3257aa75a8,South Korean President plans to call for phased denuclearisation of North Korea at UN,https://economictimes.indiatimes.com/news/international/world-news/south-korean-president-plans-to-call-for-phased-denuclearisation-of-north-korea-at-un/articleshow/134402088.cms,20260922T054500Z,economictimes.indiatimes.com,English,India,Gulf of Aden,D1_초크포인트,2026-09-22,"[""KC_KoreanAir""]",1,NONE,North Korea denuclearization,
9918005fe690be3468d710d2946c6515,Canada Unveils Bill to Fast - Track Major Resource Projects,http://www.econotimes.com/Canada-Unveils-Bill-to-Fast-Track-Major-Resource-Projects-1752650,20260922T053000Z,econotimes.com,English,United States,delay,D6_교란행위,2026-09-22,[],0,NONE,,
d286567aa1e3ab14368ce3b5025aabd6,Rising steel demand to boost local production : Naveen Jindal,https://dailypioneer.com/news/rising-steel-demand-to-boost-local-production-naveen-jindal,20260922T053000Z,dailypioneer.com,English,India,shortage,D6_교란행위,2026-09-22,"[""KC_DonggukSteel""]",1,NONE,,
97f0b0ef7580667cf4d3441a6fe9fde7,HT Morning News Brief September 22 : US media boycotts Trump ; IIT Bombay row and India at Asian Games,https://www.hindustantimes.com/india-news/ht-morning-news-brief-september-22-us-media-boycotts-trump-iit-bombay-row-and-india-at-asian-games-101790046906800.html,20260922T053000Z,hindustantimes.com,English,India,Houthi,D7_행위자,2026-09-22,[],0,NONE,,
c30a3be1f158c9646c275d74f3df11fb,Williamston Community Garden announces closure if they 'can't find any help',https://www.witn.com/2026/09/22/williamston-community-garden-announces-closure-if-they-cant-find-any-help/,20260922T053000Z,witn.com,English,,closure,D6_교란행위,2026-09-22,[],0,NONE,,
0536edd96a82a50363299d7d15bd8392,First Take : Plastic or plastic ? ,https://www.yumasun.com/opinion/first-take-plastic-or-plastic/article_d9761c86-f7ee-4cad-b081-b28a62f871d1.html,20260922T053000Z,yumasun.com,English,United States,container,D2_품목,2026-09-22,[],0,NONE,Plastic analysis,
a9421af06178e7d65ea08182bc7ccb59,"IOC board clears Rs 2 , 449 crore gas pipeline project",https://dailypioneer.com/news/ioc-board-clears-rs-2449-crore-gas-pipeline-project,20260922T053000Z,dailypioneer.com,English,India,carrier,D4_운송,2026-09-22,[],0,NONE,,
75721d76df361de47d5c876813929ff8,New Carlisle Elementary to stay closed this week due to soot contamination,https://www.whio.com/news/local/new-carlisle-elementary-stay-closed-this-week-due-soot-contamination/H7ERGG7PHNATRD4VAXPGNHBHWE/,20260922T053000Z,whio.com,English,United States,carrier,D4_운송,2026-09-22,[],0,NONE,,
21d0a7f43917f22524e107adaaae3d31,Deadline Detroit | El - Sayed Accuses Mike Rogers of Flip - Flopping on the Iran War,https://www.deadlinedetroit.com/articles/35094/el-sayed_accuses_mike_rogers_of_flip-flopping_on_the_iran_war,20260922T053000Z,deadlinedetroit.com,English,United States,embargo,D6_교란행위,2026-09-22,[],0,NONE,,
2a0a2ba49364e92ae645a63ba4bd5396,Dog restriction on Saltburn beach to end for winter season,https://www.thenorthernecho.co.uk/news/26567458.dog-restriction-saltburn-beach-end-winter-season/,20260922T053000Z,thenorthernecho.co.uk,English,,restriction,D6_교란행위,2026-09-22,[],0,NONE,Beach dog restrictions,
91595965e2f7856ff6b7d87580b51d75,Consultation opens on major Flaxby Park employment plans,https://www.yorkpress.co.uk/news/26568682.consultation-opens-major-flaxby-park-employment-plans/,20260922T051500Z,yorkpress.co.uk,English,United Kingdom,shortage,D6_교란행위,2026-09-22,"[""KI_Employment""]",1,NONE,,
a2cdab9c897219669ad4224f3e5bcb8c,Trump makes unusual visit to New York Mayor Mamdani residence,https://www.prokerala.com/news/articles/a1815088.html,20260922T051500Z,prokerala.com,English,India,shortage,D6_교란행위,2026-09-22,[],0,NONE,,
da3fb8d74dc8f2fbd0fe46f38c3e7e3c,"Closure on Laffak Road, St Helens for United Utilities works",https://www.sthelensstar.co.uk/news/26569536.closure-laffak-road-st-helens-united-utilities-works/,20260922T051500Z,sthelensstar.co.uk,English,,closure,D6_교란행위,2026-09-22,"[""SS_USA""]",1,NONE,,
650f36fcbdf8fcead00f48e4e941f429,"From dirty doctors to crooked caregivers , Waste Watch tracks Medicaid fraud hunt in Texas",https://kfdm.com/news/local/from-dirty-doctors-to-crooked-caregivers-waste-watch-tracks-medicaid-fraud-hunt-in-texas,20260922T051500Z,kfdm.com,English,United States,carrier,D4_운송,2026-09-22,[],0,NONE,,
ff2d7da04e3302a1a2e886e5cfea5ed4,Bristol Airport appoints new boss to lead on future expansion plans,https://www.somersetlive.co.uk/bristol-airport-appoints-new-boss-11164596,20260922T051500Z,somersetlive.co.uk,English,United Kingdom,terminal,D3_인프라,2026-09-22,"[""POL_GrainReserve""]",1,NONE,Airport leadership,
4a38031969cad3b8359e5dc58256908a,Shipping Tribune,https://www.shippingtribune.com/news/shipping/India-New+Zealand+FTA+to+Enter+into+Force+from+20+October+2026,20260922T051500Z,shippingtribune.com,English,,shipping,D4_운송,2026-09-22,[],0,NONE,Shipping Tribune,
62dff781ede2f7b715f1b00e71d240fe,"Cyprus Business Now: shipping, housing, tourism, technology, startups",https://cyprus-mail.com/2026/09/22/cyprus-business-now-shipping-housing-tourism-technology-ai,20260922T051500Z,cyprus-mail.com,English,,shipping,D4_운송,2026-09-22,[],0,NONE,Cyprus business news,
2bc09c0a820fd8243a3af5dc6d5311f4,MF Tracker : HDFC Pharma & Healthcare Fund tops equity MFs at 25 % in 1 year . Should investors chase the rally ? ,https://economictimes.indiatimes.com/mf/analysis/mf-tracker-hdfc-pharma-healthcare-fund-tops-equity-mfs-at-25-in-1-year-should-investors-chase-the-rally/articleshow/134402281.cms,20260922T051500Z,economictimes.indiatimes.com,English,India,oil price,D5_시장지표,2026-09-22,[],0,NONE,Pharma fund performance,
aa28c5658e0cec50a1e5c6e902f1d924,Budget 2027 :  Big call ahead as Tanaiste says unwinding fuel excise cuts  may not be prudent  ,https://www.irishmirror.ie/news/irish-news/budget-2027-big-calls-ahead-37686041,20260922T050000Z,irishmirror.ie,English,Ireland,delay,D6_교란행위,2026-09-22,[],0,NONE,,
8a4aa1e8bc61833581c051c3edefcd6c,"Santosh Bansal vs State Of Rajasthan on 21 September , 2026",https://indiankanoon.org/doc/75986335/,20260922T050000Z,indiankanoon.org,English,India,delay,D6_교란행위,2026-09-22,[],0,NONE,,
306e9b4a0001f977e102f287e901116a,Irizar Completes Delivery of 31 Electric Buses to Poland GZM Network,https://cleantechnica.com/2026/09/21/irizar-completes-delivery-of-31-electric-buses-to-polands-gzm-network/,20260922T050000Z,cleantechnica.com,English,United States,fleet,D4_운송,2026-09-22,"[""KC_LSElec""]",1,NONE,,
803fee44691fda9a09a9384e4c6a0898,Google Backs Nuclear Expansion at Georgia Power Plants,https://oilprice.com/Company-News/Google-Backs-Nuclear-Expansion-at-Georgia-Power-Plants.html,20260922T050000Z,oilprice.com,English,United States,fleet,D4_운송,2026-09-22,"[""POL_GrainReserve"", ""KC_KOMIPO""]",2,NONE,,
39ab5fdd7b44edac16dbcf35e189f8c3,$350M U . S . Navy facility opens in Kinston,https://www.kinston.com/news/local/350m-u-s-navy-facility-opens-in-kinston/article_f6fe9fa0-8465-540d-9c87-a399bd84cf2c.html,20260922T050000Z,kinston.com,English,United States,fleet,D4_운송,2026-09-22,[],0,NONE,,
f32979dd12c3e753c09185a0a8437791,MoCA to sign MoUs with 22 states for next phase of UDAN,https://aninews.in/news/national/politics/moca-to-sign-mous-with-22-states-for-next-phase-of-udan20260922091047/,20260922T050000Z,aninews.in,English,India,shortage,D6_교란행위,2026-09-22,"[""SS_USA""]",1,NONE,,
eeb3260d81f4b1777f9c4863ebbfe377,Jackie O legal discovery day ; News24 merchandise and Zali Steggall relaxes in the lounge,https://www.watoday.com.au/cbd/jackie-o-faces-discovery-d-day-as-arn-subpoenas-her-financial-adviser-20260922-p60z6b.html,20260922T050000Z,watoday.com.au,English,Australia,shortage,D6_교란행위,2026-09-22,[],0,NONE,,
5d1cbbef51245571b64517070d92f0ce,Princes Wharf closure: Batemans Bay cruises face crisis | Bay Post-Moruya Examiner,https://www.batemansbaypost.com.au/story/9355184/princes-wharf-closure-batemans-bay-cruises-face-crisis/,20260922T050000Z,batemansbaypost.com.au,English,,closure,D6_교란행위,2026-09-22,[],0,NONE,,
048089325b11d84423c8fd3bc1311e10,Nissan launches Tekton SUV in South Africa after plant closure,https://www.asiaone.com/money/nissan-launches-tekton-suv-south-africa-after-plant-closure,20260922T050000Z,asiaone.com,English,,closure,D6_교란행위,2026-09-22,[],0,NONE,,
96becea87c638c7db26cdfd48caa6e6c,"Jesse Fukumoto , Author at International Examiner",https://iexaminer.org/author/jesse-fukumoto/,20260922T050000Z,iexaminer.org,English,United States,container,D2_품목,2026-09-22,[],0,NONE,Author profile,
56e251baf03cd4415078c84bb545a91c,Kirstie Allsopp Land Rover Defender stolen after injury,https://www.wiltshiretimes.co.uk/news/26568566.kirstie-allsopps-land-rover-defender-stolen-injury/,20260922T050000Z,wiltshiretimes.co.uk,English,United Kingdom,container,D2_품목,2026-09-22,[],0,NONE,Vehicle theft,
dfcd619279c4da301b5870177393ea4e,Southwest China taps acoustics of its karst landscapes,https://asianews.network/southwest-china-taps-acoustics-of-its-karst-landscapes/,20260922T050000Z,asianews.network,English,China,container,D2_품목,2026-09-22,[],0,NONE,,
71eadc38ec8c730cdcccc196b5ffeb48,Silver Trak Digital and DAMsmart NZ recover and digitise 2003 World Netball Championship tapes,https://www.geekzone.co.nz/content.asp?contentid=27419,20260922T050000Z,geekzone.co.nz,English,New Zealand,carrier,D4_운송,2026-09-22,[],0,NONE,,
ec3ad30c845e43d2ede2029b66327348,Norway Electric Ferries Could Find a Big Market in the Philippines,https://cleantechnica.com/2026/09/21/norways-electric-ferries-could-find-a-big-market-in-the-philippines/,20260922T050000Z,cleantechnica.com,English,United States,terminal,D3_인프라,2026-09-22,"[""KC_LSElec""]",1,NONE,,
2b68b0898d55170162ce4bd1b56821e0,"China position on safeguarding industrial , supply chains of critical minerals unchanged : spokesperson",http://en.people.cn/n3/2026/0922/c90000-20502501.html,20260922T050000Z,en.people.cn,English,China,critical minerals,D2_품목,2026-09-22,[],0,NONE,,
78f39688492ebc8b569fe02b812d9089,Vestas Unveils Larger - Rotor Turbine to Boost Onshore Wind Returns,https://oilprice.com/Company-News/Vestas-Unveils-Larger-Rotor-Turbine-to-Boost-Onshore-Wind-Returns.html,20260922T050000Z,oilprice.com,English,United States,congestion,D6_교란행위,2026-09-22,[],0,NONE,,
d72e0e6090539f10b589047c61947ed3,Spiders and dust mites will never invade your home if you have 1 powerful natural item,https://www.liverpoolecho.co.uk/news/property/deter-spiders-dust-mites-naturally-34648909,20260922T050000Z,liverpoolecho.co.uk,English,United Kingdom,congestion,D6_교란행위,2026-09-22,[],0,NONE,,
70c46cada8483be4fee70384b6ba3163,"NDMC Council clears 28 agendas , approves EV - only procurement , water bill amnesty , 50 - bed Ayush hospital",https://aninews.in/news/national/politics/ndmc-council-clears-28-agendas-approves-ev-only-procurement-water-bill-amnesty-50-bed-ayush-hospital20260922083551/,20260922T050000Z,aninews.in,English,India,congestion,D6_교란행위,2026-09-22,[],0,NONE,,
9ebaf1fd57a7e5107531e950fefb470e,Culture links  Russia and South Korea amid tensions,https://www.koreaherald.com/article/10882103,20260922T050000Z,koreaherald.com,English,,South Korea,D9_한국,2026-09-22,[],0,NONE,Cultural relations,
bec51549e1ce81cba04d4eb2cd7a821f,South Korea proposes nuclear freeze with Kim Jong Un in exchange for sanctions relief: Report,https://timesofindia.indiatimes.com/world/rest-of-world/south-korea-proposes-nuclear-freeze-with-kim-jong-un-in-exchange-for-sanctions-relief-report/articleshow/134401776.cms,20260922T050000Z,indiatimes.com,English,,South Korea,D9_한국,2026-09-22,[],0,NONE,Nuclear negotiations,
54debd67a6d743b1d9ec0978c5a70105,Suicide among top causes of international student deaths in South Korea,https://asianews.network/suicide-among-top-causes-of-international-student-deaths-in-south-korea/,20260922T050000Z,asianews.network,English,,South Korea,D9_한국,2026-09-22,[],0,NONE,Student mortality,
f702d6bd847d4f75a463166a191c9025,Scales of Justice results from Oxford Magistrate Court,https://www.oxfordmail.co.uk/news/26562761.scales-justice-results-oxford-magistrates-court/,20260922T050000Z,oxfordmail.co.uk,English,United Kingdom,surcharge,D6_교란행위,2026-09-22,[],0,NONE,Court proceedings,
1759ec524e89e0f42b5214b180702a46,Is Europe Restraining Israel – or Merely Protecting the Two - State Illusion ? ,https://original.antiwar.com/ramzy-baroud/2026/09/21/is-europe-restraining-israel-or-merely-protecting-the-two-state-illusion/,20260922T050000Z,original.antiwar.com,English,United States,embargo,D6_교란행위,2026-09-22,[],0,NONE,,
8af4772e6a04211014f94ee80db0c329,"China's Fujian aquaculture model offers lessons for Cambodia, ASEAN – Asia News Network",https://asianews.network/chinas-fujian-aquaculture-model-offers-lessons-for-cambodia-asean/,20260922T050000Z,asianews.network,English,,aquaculture,D8_수산물,2026-09-22,[],0,NONE,China aquaculture model,
04918adc9f29803ce8101f599aa5faaf,Can California toughest oaks help its forests survive climate change ? and more UCLA media,https://newsroom.ucla.edu/in-the-news/can-californias-toughest-oaks-help-its-forests-survive-climate-change,20260922T044500Z,newsroom.ucla.edu,English,United States,delay,D6_교란행위,2026-09-22,[],0,NONE,,
d3a2f47c056f08c753bea5fc3afbbc18,Royal Children Hospital emergency department : 20 new beds will remain empty due to staff shortage,https://www.theage.com.au/national/victoria/20-new-emergency-beds-left-empty-at-rch-due-to-staffing-shortage-leaked-email-20260922-p60zew.html,20260922T044500Z,theage.com.au,English,Australia,shortage,D6_교란행위,2026-09-22,[],0,NONE,,
c72f1bdbcdc82cc54a112f81bc23028f,Line Of Fire Review : NBC New Crime Thriller Aims To Change The TV Game,https://screenrant.com/line-of-fire-nbc-review/,20260922T044500Z,screenrant.com,English,United States,shortage,D6_교란행위,2026-09-22,[],0,NONE,,
2d30ca2f6044a44a99c1729c7293955c,Why Riyadh Wont Be Forced Into Israel Arms - The American Conservative,https://www.theamericanconservative.com/why-riyadh-wont-be-forced-into-israels-arms/,20260922T044500Z,theamericanconservative.com,English,United States,Houthi,D7_행위자,2026-09-22,[],0,NONE,,
a8f21a68dc67f6ccc6e4108a73792efa,School Holidays on September 22 and 23: Are schools closed in your state? Check the closure status here,https://timesofindia.indiatimes.com/education/news/school-holidays-on-september-22-and-23-are-schools-closed-in-your-state-check-the-closure-status-here/articleshow/134401728.cms,20260922T044500Z,indiatimes.com,English,,closure,D6_교란행위,2026-09-22,[],0,NONE,,
321f481c9910eac9325eef0c093893b0,Bitcoin retreats from eight - month high after dizzying 13 % rally,https://www.thehindubusinessline.com/money-and-banking/cryptocurrency/bitcoin-retreats-from-eight-month-high-after-dizzying-13-rally/article71494025.ece,20260922T044500Z,thehindubusinessline.com,English,India,crude oil,D2_품목,2026-09-22,[],0,NONE,Bitcoin price movement,
515aceadd9d5490fd0820f72cb593765,"Dunedin man loses $500 , 000 in 18 - year romance scam",https://www.nzherald.co.nz/nz/dunedin-man-loses-500000-in-18-year-romance-scam/BPNWQRCEWVCZNJION33GMZ76XE/,20260922T044500Z,nzherald.co.nz,English,New Zealand,container,D2_품목,2026-09-22,[],0,NONE,,
702d64a0bd0d7b2d6c041c16f815b885,Unforgiven Meets Guillermo del Toro In Dark 5 - Part Western Series Met With Critical Acclaim,https://screenrant.com/aint-no-grave-unforgiven-guillermo-del-toro/,20260922T044500Z,screenrant.com,English,United States,terminal,D3_인프라,2026-09-22,[],0,NONE,,
0394bb46d7584083f69ff3600f976ee5,"Trump set for Washington summit with Xi focused on trade , Taiwan and AI",https://www.thenationalnews.com/news/us/2026/09/21/trump-set-for-washington-summit-with-xi-focused-on-trade-taiwan-and-ai/,20260922T044500Z,thenationalnews.com,English,,critical minerals,D2_품목,2026-09-22,[],0,NONE,,
67752686bfe7f89daa7ec3b4f9afbd12,New Chatham Islands shipping service carries 330 cattle to Napier,https://www.nzherald.co.nz/the-country/news/new-chatham-islands-shipping-service-carries-330-cattle-to-napier/B4NCJPGSJVHOJO6TFKFXBBKRZY/,20260922T044500Z,nzherald.co.nz,English,,shipping,D4_운송,2026-09-22,[],0,NONE,Cattle transport,
93bc9e62ea3c40ac0410671a2f6af301,Policing a Federal Democracy ( 3 ) ,https://tribuneonlineng.com/policing-a-federal-democracy-3/,20260922T044500Z,tribuneonlineng.com,English,Nigeria,congestion,D6_교란행위,2026-09-22,[],0,NONE,,
9d8dd61147ced6fb199a6ea68d1a93a7,Russian Ballistic Strikes Hit 3 Dnipropetrovsk Region Cities,https://www.kyivpost.com/post/85068,20260922T044500Z,kyivpost.com,English,Ukraine,refinery,D3_인프라,2026-09-22,[],0,NONE,,
32da7e4e0cc5cf01838c6ac4725d9744,"Dangote targets $10bn power investment , sets fertiliser IPO for 2028 – Daily Trust",https://dailytrust.com/dangote-targets-10bn-power-investment-sets-fertiliser-ipo-for-2028/,20260922T044500Z,dailytrust.com,English,Niger,refinery,D3_인프라,2026-09-22,"[""KC_KOMIPO""]",1,NONE,,
3aebbd901128ce996c3e0ab8b173de0a,Microbiome Skincare Trend : Why It Important According to An Expert,https://www.eonline.com/ca/news/1435574/microbiome-skincare-trend-why-its-important-according-to-an-expert,20260922T044500Z,eonline.com,English,United States,fertilizer,D2_품목,2026-09-22,[],0,NONE,Skincare trend,
f7ba26b4b1347e8727905b1f3149d5e1,Foreign Investors Exit Sri Lanka Rupee Bonds as Currency Depreciation Pressures Market,https://www.lankanewspapers.com/2026/09/22/foreign-investors-exit-sri-lanka-rupee-bonds-as-currency-depreciation-pressures-market,20260922T044500Z,lankanewspapers.com,English,Sri Lanka,exchange rate,D5_시장지표,2026-09-22,[],0,NONE,,
3aa8143a42752903d08996cd6d80e557,Four to Six Daily Whole Grain Servings Tied to Modest Cholesterol and Blood Pressure Gains in 87 Trials,https://www.medicaldaily.com/whole-grains-4-6-servings-heart-health-87-trials-478894,20260922T044500Z,medicaldaily.com,English,,grain,D2_품목,2026-09-22,"[""POL_GrainReserve""]",1,NONE,,
1231d841fec88c486933a74187f7b03f,Global AI trade roars back as Meta personal agent fuels optimism,https://economictimes.indiatimes.com/markets/us-stocks/news/global-ai-trade-roars-back-as-metas-personal-agent-fuels-optimism/articleshow/134401713.cms,20260922T044500Z,economictimes.indiatimes.com,English,India,KOSPI,D5_시장지표,2026-09-22,[],0,NONE,,
4b59ef924cb54e99a4997350d88d3bf1,Todd Monken sees Deshaun Watson as  a very young player  ,https://awfulannouncing.com/nfl/browns-todd-monken-deshaun-watson-young-player.html,20260922T043000Z,awfulannouncing.com,English,United States,delay,D6_교란행위,2026-09-22,[],0,NONE,,
a6a971f96b9f1fe83eb578897591b3d2,"News for Airlines , Airports and the Aviation Industry",https://centreforaviation.com/news/riyadh-air-commences-riyadh-manchester-service-1372934,20260922T043000Z,centreforaviation.com,English,China,fleet,D4_운송,2026-09-22,[],0,NONE,Aviation industry,
0104167880365acda43b6240b20e0208,"Acer CEO says PC prices could fall by 2027 , accuses rivals of milking the RAM shortage for profit",https://www.techspot.com/news/113931-acer-ceo-pc-prices-could-fall-2027-accuses.html,20260922T043000Z,techspot.com,English,United States,shortage,D6_교란행위,2026-09-22,[],0,NONE,,
ae38dc37ea406653f8180ff2e5cda2ab,Sustainable Development And Land Use Update,https://www.mondaq.com:443/unitedstates/real-estate/1845252/sustainable-development-and-land-use-update,20260922T043000Z,mondaq.com,English,United States,shortage,D6_교란행위,2026-09-22,"[""KC_HDC""]",1,NONE,,
ee7fac803d1fb1c82f4bada91ff73e8b,"Rogers State University , Saint Francis partner on medical laboratory training",https://www.newson6.com/health/rogers-state-university-saint-francis-partner-on-medical-laboratory-training,20260922T043000Z,newson6.com,English,United States,shortage,D6_교란행위,2026-09-22,[],0,NONE,,
ac47bcfa1ccc36d14e5143fe8e883207,Former Routledges bakery in Carlisle put up for rent after closure,https://www.newsandstar.co.uk/news/26567913.former-routledges-bakery-carlisle-put-rent-closure/,20260922T043000Z,newsandstar.co.uk,English,,closure,D6_교란행위,2026-09-22,[],0,NONE,,
2f119750c480be230ec0233971a1f771,Core sector growth at three month low,https://www.business-standard.com/markets/capital-market-news/core-sector-growth-at-three-month-low-126092200164_1.html,20260922T043000Z,business-standard.com,English,India,crude oil,D2_품목,2026-09-22,"[""KS_Construction""]",1,NONE,,
88aa0a3702a79af5f377e6e4855a9add,How to grow strawberries at home in pots on a balcony : Easy step - by - step guide for beginners,https://timesofindia.indiatimes.com/life-style/home-garden/how-to-grow-strawberries-at-home-in-pots-on-a-balcony-easy-step-by-step-guide-for-beginners/photostory/134400472.cms,20260922T043000Z,timesofindia.indiatimes.com,English,India,container,D2_품목,2026-09-22,[],0,NONE,Strawberry gardening,
5ce5cfed25d2af04f07d98e24c09c1cb,Live opossum captured at Honolulu Harbor : Maui Now,https://mauinow.com/2026/09/21/live-opossum-captured-at-honolulu-harbor-2/,20260922T043000Z,mauinow.com,English,United States,container,D2_품목,2026-09-22,[],0,NONE,,
927b1a77ab963cd15cbfaa845587d95a,"Waena battery storage project hits key milestone , will strengthen Maui grid and support renewables : Maui Now",https://mauinow.com/2026/09/21/waena-battery-storage-project-hits-key-milestone-will-strengthen-maui-grid-and-support-renewables/,20260922T043000Z,mauinow.com,English,United States,container,D2_품목,2026-09-22,[],0,NONE,,
690d3c36ce5cc7f0fed902cabb8d98d3,Should You Take Company Dinner Leftovers ? ,https://brobible.com/culture/article/new-york-company-dinner-leftovers/,20260922T043000Z,brobible.com,English,United States,container,D2_품목,2026-09-22,[],0,NONE,Workplace etiquette,
f38e19b52b24ee9839d8386c00f485ad,Litime : LiTime Unveils New 12V 320Ah ComFlex Smart Battery at Il Salone del Camper 2026,https://www.finanznachrichten.de/nachrichten-2026-09/69638145-litime-litime-unveils-new-12v-320ah-comflex-smart-battery-at-il-salone-del-camper-2026-399.htm,20260922T043000Z,finanznachrichten.de,English,Germany,terminal,D3_인프라,2026-09-22,[],0,NONE,,
3d309cb38e7757faaf5a81d44d4e6a05,Trump administration takes step to permit open - pit mine off proposed Ambler road,https://www.adn.com/business-economy/2026/09/21/trump-administration-takes-step-to-permit-open-pit-mine-off-proposed-ambler-road/,20260922T043000Z,adn.com,English,United States,critical minerals,D2_품목,2026-09-22,[],0,NONE,,
98fd2ec26f55ae524e0ed414075e7bd6,Trump plan to militarize proposed arch raises new legal and safety concerns,https://www.adn.com/nation-world/2026/09/21/trumps-plan-to-militarize-proposed-arch-raises-new-legal-and-safety-concerns/,20260922T043000Z,adn.com,English,United States,congestion,D6_교란행위,2026-09-22,[],0,NONE,,
82c9a927849e63643a3bb0f3204e504c,Anchorage officials question which policies will actually bring more affordable housing,https://www.adn.com/alaska-news/anchorage/2026/09/21/anchorage-officials-question-which-policies-will-actually-bring-more-affordable-housing/,20260922T043000Z,adn.com,English,United States,congestion,D6_교란행위,2026-09-22,[],0,NONE,,
1ca8d8e429f32f0644305010984e3eb1,El Niño weather pattern enters record territory : scientist,https://www.enca.com/opinion/el-nino-weather-pattern-enters-record-territory-scientist,20260922T043000Z,enca.com,English,South Africa,canal,D3_인프라,2026-09-22,[],0,NONE,,
ac0364d3635dde6903df88861b8c5b5c,The Hunger Margin : How Intel Analysts Learned To Measure The End Of Abundance,https://www.zerohedge.com/geopolitical/hunger-margin-how-intel-analysts-learned-measure-end-abundance,20260922T043000Z,zerohedge.com,English,United States,wheat,D2_품목,2026-09-22,[],0,NONE,,
24db532b21aa6cdbe57dc1ab224f8510,Can You Get  Boneless Wing With Just The Flats ? ,https://brobible.com/culture/article/boneless-wings-flats/,20260922T043000Z,brobible.com,English,United States,wheat,D2_품목,2026-09-22,[],0,NONE,,
ecbc8c3d58914da642d68e321dcc5740,China says it has been able to grow various plants in space,https://www.azernews.az/region/264218.html,20260922T043000Z,azernews.az,English,Azerbaijan,wheat,D2_품목,2026-09-22,[],0,NONE,,
bc72492ba4c689e9511c448d5702fd94,"South Korea's Lee urges US to ease North Korea sanctions to freeze nuclear programs, NYT says",https://whbl.com/2026/09/21/south-koreas-lee-urges-us-to-ease-north-korea-sanctions-to-freeze-nuclear-programs-nyt-says/,20260922T043000Z,whbl.com,English,,South Korea,D9_한국,2026-09-22,[],0,NONE,Sanctions policy,
d3a06a4e4f0ab283363c8b6379d1858a,Asian Games 2026: India thrash South Korea 63-31 to register second straight win in men's Kabaddi event,http://www.australiannews.net/news/279322629/asian-games-2026-india-thrash-south-korea-63-31-to-register-second-straight-win-in-men-kabaddi-event,20260922T043000Z,australiannews.net,English,,South Korea,D9_한국,2026-09-22,[],0,NONE,Sports competition,
255a7eee3b4c228348f7f39d5b7f03a2,"Ryanair, Jet2, easyJet & more demand action after disruption",https://www.heraldseries.co.uk/news/26569549.ryanair-jet2-easyjet-demand-action-disruption/,20260922T043000Z,heraldseries.co.uk,English,,disruption,D6_교란행위,2026-09-22,[],0,NONE,Air traffic control,
35ab4bb9fcdd27d95de6a846d90d2c11,"U . S . Air Force renews deal for aircraft services at Arkansas , other bases | The Arkansas Democrat - Gazette",https://www.arkansasonline.com/news/2026/sep/21/us-air-force-renews-deal-for-aircraft-services/,20260922T043000Z,arkansasonline.com,English,United States,tanker,D4_운송,2026-09-22,"[""KC_KoreanAir""]",1,NONE,US military base services,
9d5c6c297508d9e6264a9fff8b97b048,"Liner Notes : Lizzy McAlpine  Angel  merges her heavenly vocals with masterful lyricism Liner Notes :  Angel  merges vocals , masterful lyricism",https://dailynorthwestern.com/2026/09/21/ae/liner-notes-lizzy-mcalpines-angel-merges-her-heavenly-vocals-with-masterful-lyricism/,20260922T041500Z,dailynorthwestern.com,English,United States,fleet,D4_운송,2026-09-22,[],0,NONE,Music review,
6da570b7d7085b1a62abdb4643626651,Asian Markets Track Wall Street Higher,https://www.finanzen.ch/nachrichten/aktien/asian-markets-track-wall-street-higher-1036562438,20260922T041500Z,finanzen.ch,English,Switzerland,crude oil,D2_품목,2026-09-22,[],0,NONE,,
0d4f2259b208f2859267480b2ffb4c1e,Lilianfels Blue Mountains historic resort multimillion - dollar revival | The Standard,https://www.standard.net.au/story/9329973/lilianfels-blue-mountains-historic-resorts-multimillion-dollar-revival/,20260922T041500Z,standard.net.au,English,Australia,container,D2_품목,2026-09-22,[],0,NONE,Resort renovation,
e4619b65077c5fc5b3d9ccba625dcebd,Crews race to fix Mary Rhodes Pipeline,https://www.kristv.com/news/local-news/mary-rhodes-pipeline-leak-triggers-nonstop-repairs-but-no-water-emergency-declared-for-corpus-christi,20260922T041500Z,kristv.com,English,,pipeline,D3_인프라,2026-09-22,[],0,NONE,,
d5abc48bfc35a68359f130bae0a79651,37 deaths in NSCDC custody : Independent panel begins investigation today,https://thenationonlineng.net/37-deaths-in-nscdc-custody-independent-panel-begins-investigation-today/,20260922T041500Z,thenationonlineng.net,English,Nigeria,congestion,D6_교란행위,2026-09-22,[],0,NONE,,
e1f67f2f4d216c6fbf00c474c04b2301,President extends working leave till weekend,https://thenationonlineng.net/president-extends-working-leave-till-weekend/,20260922T041500Z,thenationonlineng.net,English,Nigeria,canal,D3_인프라,2026-09-22,[],0,NONE,,
00297e4a970749bb913d3d8f2d712176,"IPO our commitment to economic transformation , says Aliko Dangote",https://thenationonlineng.net/ipo-our-commitment-to-economic-transformation-says-aliko-dangote/,20260922T041500Z,thenationonlineng.net,English,Nigeria,refinery,D3_인프라,2026-09-22,[],0,NONE,,
c632b1c3ae4520e8065c63d0196d54c9,"Gold Sales Decline 15 % Amid Rising Prices for Ganesh Chaturthi , ETRetail",https://retail.economictimes.indiatimes.com/news/apparel-fashion/jewellery/gold-sales-during-ganesh-chaturthi-down-15-per-cent-in-volume-amid-price-surge/134400122,20260922T041500Z,retail.economictimes.indiatimes.com,English,India,refinery,D3_인프라,2026-09-22,[],0,NONE,,
7ba96a6c27bb526d4ff61ba8cb1ba022,South Korea's Lee urges US to ease North Korea sanctions,https://www.freemalaysiatoday.com/category/world/2026/09/22/south-korea-s-lee-urges-us-to-ease-north-korea-sanctions,20260922T041500Z,freemalaysiatoday.com,English,,South Korea,D9_한국,2026-09-22,[],0,NONE,Sanctions relief,
607f1dedc469848c39f14c417e03544e,"US, Japan And  South Korea Discuss N.Korea Nuclear Issues | New Spotlight Magazine",https://www.spotlightnepal.com/2026/09/22/us-japan-and-south-korea-discuss-nkorea-nuclear-issues/,20260922T040000Z,spotlightnepal.com,English,,South Korea,D9_한국,2026-09-22,[],0,NONE,Nuclear diplomacy,
6db9ee576f0ceb787edbd7fe4ff1498c,Midnight Limpopo police chase ends in R100k cigarette seizure,https://www.citizen.co.za/news/south-africa/crime/midnight-limpopo-chase-ends-r100k-cigarette-seizure/,20260922T040000Z,citizen.co.za,English,,seizure,D6_교란행위,2026-09-22,[],0,NONE,,
c878eb158d0a8d58ff583b14022860f9,8th Pay Commission calculator : Can Level 8 employees get Rs 18 lakh in arrears for report implementation delay ? ,https://economictimes.indiatimes.com/wealth/save/8th-pay-commission-latest-news-salary-calculator-can-level-8-employees-get-rs-18-lakh-in-arrears-at-2-57-fitment-factor/articleshow/134389431.cms,20260922T034500Z,economictimes.indiatimes.com,English,India,delay,D6_교란행위,2026-09-22,[],0,NONE,,
5b8ee6f764366bf968f8179130b6ca6e,Passenger falls onto LRT tracks at Wangsa Maju station,https://www.thestar.com.my/news/nation/2026/09/22/passenger-falls-onto-lrt-tracks-at-wangsa-maju-station,20260922T034500Z,thestar.com.my,English,Malaysia,delay,D6_교란행위,2026-09-22,[],0,NONE,,
89100012bbb68048832da00b7f2908c9,Essex passengers to benefit from PANDAS - V monitoring system,https://www.echo-news.co.uk/news/26566364.essex-passengers-benefit-pandas-v-monitoring-system/,20260922T034500Z,echo-news.co.uk,English,United Kingdom,delay,D6_교란행위,2026-09-22,[],0,NONE,,
8660f02d63bc9040acb2a53fcac6d048,"27 Years Ago , Buffy Aired an Episode Out of Order Due to Real Life Tragedy ( And After the Season Ended ) ",https://comicbook.com/tv-shows/feature/27-years-ago-buffy-aired-an-episode-out-of-order-due-to-real-life-tragedy-and-after-the-season-ended/,20260922T034500Z,comicbook.com,English,United States,delay,D6_교란행위,2026-09-22,[],0,NONE,,
eee49fdee438f4c5bcf2abc5d4c249f7,NDMC clears 28 proposals in first council meeting in financial year,https://www.hindustantimes.com/cities/delhi-news/ndmc-clears-28-proposals-in-first-council-meeting-in-financial-year-101790016057955.html,20260922T034500Z,hindustantimes.com,English,India,delay,D6_교란행위,2026-09-22,[],0,NONE,,
f33a87ccf8a56d5bf4f2959ad6bdc9fa,How Massachusetts helped shape the early American automobile,https://www.wcvb.com/article/heritage-museums-automobile-collection/73827138,20260922T034500Z,wcvb.com,English,United States,fleet,D4_운송,2026-09-22,"[""KS_Manufacture""]",1,NONE,,
d45455547a729ca5e2cec403d141958a,"Rubio meets with Canadian , European Arctic foreign ministers on sidelines of UN General Assembly",https://aa.com.tr/en/americas/rubio-meets-with-canadian-european-arctic-foreign-ministers-on-sidelines-of-un-general-assembly/4063853,20260922T034500Z,aa.com.tr,English,Turkey,fleet,D4_운송,2026-09-22,[],0,NONE,,
27239f9d5d45c3de7556c1db2beb9518,"Australia confirms F - 35 jet parts went missing in Hong Kong , sparking China security fears",https://www.abc.net.au/news/2026-09-22/australia-confirms-f-35-jet-parts-missing-hong-kong-china-fears/107180788,20260922T034500Z,abc.net.au,English,Australia,fleet,D4_운송,2026-09-22,[],0,NONE,,
2b95bfb09ba16b4a68e2b921d3f1cafb,"Maruti WagonR Facelift Spied - New Headlamps , Features",https://www.rushlane.com/maruti-wagonr-facelift-spied-new-headlamps-features-12556437.html,20260922T034500Z,rushlane.com,English,India,fleet,D4_운송,2026-09-22,[],0,NONE,,
69c4d6a2974505e29a3b13bdd1bc010c,"NZPFU Presenting 52 , 000 Strong Petition To Parliament On Wednesday ( tomorrow ) ",https://www.scoop.co.nz/stories/AK2609/S00722/nzpfu-presenting-52000-strong-petition-to-parliament-on-wednesday-tomorrow.htm,20260922T034500Z,scoop.co.nz,English,New Zealand,fleet,D4_운송,2026-09-22,[],0,NONE,,
c950c4cea9f6cab47e7e23e89943a653,NC gets $216K from Abbott baby formula settlement,https://www.wsoctv.com/news/local/nc-gets-216k-abbott-baby-formula-settlement/SI2TQW4SV5DRVFQW4ZQXMLZBTY/,20260922T034500Z,wsoctv.com,English,United States,shortage,D6_교란행위,2026-09-22,[],0,NONE,Baby formula settlement,
6eb9fb42c4a1fc013d4edc5f5bb1d3ec,Five dead in Russian attacks across Ukrainian regions,https://www.illawarramercury.com.au/story/9354720/five-dead-in-russian-attacks-across-ukrainian-regions/,20260922T034500Z,illawarramercury.com.au,English,Australia,shortage,D6_교란행위,2026-09-22,[],0,NONE,,
5530103189cb692558ad696eba566d3d,"Ringgit opens higher against US$ , major currencies on improved sentiment",https://www.thestar.com.my/business/business-news/2026/09/22/ringgit-opens-higher-against-us-major-currencies-on-improve-sentiment,20260922T034500Z,thestar.com.my,English,Malaysia,crude oil,D2_품목,2026-09-22,[],0,NONE,,
6432a33fdfaac03f387aa01a6d3c9b07,"Bitcoin jumps above $87 , 000 amid positive ETF flows and rally",https://www.straitstimes.com/business/bitcoin-jumps-to-over-108200-after-etf-flows-turn-positive,20260922T034500Z,straitstimes.com,English,Singapore,crude oil,D2_품목,2026-09-22,[],0,NONE,Bitcoin trading,
1ed54e97eea0c038fa9c2ff03383564e,Malaysia Stock Market Tipped To Open In The Green,https://www.rttnews.com/story.aspx?Id=3692689,20260922T034500Z,rttnews.com,English,United States,crude oil,D2_품목,2026-09-22,[],0,NONE,Malaysia stock market,
a1f639a2507ab396a61e293e9982d266,Tech Shares May Boost Taiwan Stock Market,https://www.rttnews.com/story.aspx?Id=3692691,20260922T034500Z,rttnews.com,English,United States,crude oil,D2_품목,2026-09-22,[],0,NONE,Taiwan stock market,
e4a7ecd9a988885a53cdd2ef6daa4dec,"Singapore Stock Market May Break Through 5 , 700 - Point Level",https://www.rttnews.com/story.aspx?Id=3692690,20260922T034500Z,rttnews.com,English,United States,crude oil,D2_품목,2026-09-22,[],0,NONE,Singapore stock market,
8566103f1da3358c73f3d5a78565e13e,Lilianfels Blue Mountains historic resort multimillion - dollar revival | Illawarra Mercury,https://www.illawarramercury.com.au/story/9329973/lilianfels-blue-mountains-historic-resorts-multimillion-dollar-revival/,20260922T034500Z,illawarramercury.com.au,English,Australia,container,D2_품목,2026-09-22,[],0,NONE,Resort renovation,
0b109040f6702adc01e6fc96363bc155,Family of 3 who died in Hougang fire refused help from HDB,https://www.straitstimes.com/singapore/courts-crime/coroners-inquiry-into-hougang-fire-family-of-3-who-died-refused-help-from-hdb-on-hoarding-issue,20260922T034500Z,straitstimes.com,English,Singapore,terminal,D3_인프라,2026-09-22,[],0,NONE,,
d8f9b856a41bc618ccd58fed29ca0ec0,"JFK , LaGuardia , Newark face ground stops amid FAA equipment outage disrupting flights across US Northeast",https://news.webindia123.com/news/Articles/World/20260922/4501718.html,20260922T034500Z,news.webindia123.com,English,India,terminal,D3_인프라,2026-09-22,[],0,NONE,,
81adfb3a37a36fb75697c0efe61c87e2,Raj : Carney Building Canada Strong Act tainted with toxic,https://www.therecord.com/opinion/contributors/althia-raj-whatever-good-is-in-carney-s-building-canada-strong-act-is-poisoned-by-the-toxic-rest/article_91575999-4f90-5116-a7ec-6f31e99c5139.html,20260922T034500Z,therecord.com,English,Canada,terminal,D3_인프라,2026-09-22,[],0,NONE,,
23d964bdc8aaa43870a94f439b80e0d5,"vivo Buds Clip open - ear TWS earbuds and vivo WATCH 6 with titanium case , sapphire crystal , up to 21 days battery life announced",https://www.fonearena.com/blog/492939/vivo-buds-clip-vivo-watch-6-price-features.html,20260922T034500Z,fonearena.com,English,India,terminal,D3_인프라,2026-09-22,[],0,NONE,,
afda1655d573e8ae323a9b493e53c22a,Modi Mill flyover to be added to Delhi 62 traffic hotspots,https://www.hindustantimes.com/cities/delhi-news/modi-mill-flyover-to-be-added-to-delhi-s-62-traffic-hotspots-101790016162742.html,20260922T034500Z,hindustantimes.com,English,India,congestion,D6_교란행위,2026-09-22,[],0,NONE,,
7b342058cd8682ccb7446f8dce4990f7,"Quick Hits | It On To Pittsburgh for Cincinnati ; From Reserve Ced Johnson To Rookie Cashius Howell , Bengals Find Pressure Points",https://www.bengals.com/news/quick-hits-al-golden-,20260922T034500Z,bengals.com,English,United States,canal,D3_인프라,2026-09-22,[],0,NONE,,
19c922026a87a8bbc9a7795bfb23e4ae,"South Korea's president, Japanese prime minister head to US for UN General Assembly",https://aa.com.tr/en/asia-pacific/south-korea-s-president-japanese-prime-minister-head-to-us-for-un-general-assembly/4063883,20260922T034500Z,aa.com.tr,English,,South Korea,D9_한국,2026-09-22,[],0,NONE,UN attendance,
23e92b59ecd920b052010297b185fd91,"Talisker Announces Preliminary Economic Assessment for the Bralorne Gold Project Highlighting C$1 . 0 Billion After - Tax NPV5 % and 31 . 3 % IRR at a Base - Case Gold Price of US$3 , 500 / oz ; At US$4 , 300 / oz Spot Gold , C$1 . 9 Billion After - ...",https://www.thewhig.com/press-releases/globe-newswire/talisker-announces-preliminary-economic-assessment-for-the-bralorne-gold-project-highlighting-c1-0-billion-after-tax-npv5-and-31-3-irr-at-a-base-case-gold-price-of-us3500-oz-at-us4300-oz-spot-go/,20260922T034500Z,thewhig.com,English,Canada,exchange rate,D5_시장지표,2026-09-22,[],0,NONE,,
9beda519a2e2a9cf9115d2f66a68efdf,New Partnership Expands Global Pilot Training Pipeline,https://www.halldale.com/civil-aviation/new-partnership-expands-global-pilot-training-pipeline,20260922T033000Z,halldale.com,English,,pipeline,D3_인프라,2026-09-22,[],0,NONE,,
23716701406284f7905aba865b5a7825,Local business owner says Somewhere Fest street closure is costing her thousands,https://www.kake.com/news/local-business-owner-says-somewhere-fest-street-closure-is-costing-her-thousands/article_3df2d4c3-25a0-4edb-ba3e-a6eed5f5f6e0.html,20260922T031500Z,kake.com,English,,closure,D6_교란행위,2026-09-22,[],0,NONE,,
da953c059ad14bffff2f7a0255c8011e,City of Gulfport alerting drivers of scheduled road closure,https://www.wxxv25.com/city-of-gulfport-alerting-drivers-of-scheduled-road-closure/,20260922T031500Z,wxxv25.com,English,,closure,D6_교란행위,2026-09-22,[],0,NONE,,
caab0362a77d7139c5a2d524d1e39279,South Korea Increases Budget to Expand Coast Guard Operations,https://maritime-executive.com/article/south-korea-increases-budget-to-expand-coast-guard-operations,20260922T031500Z,maritime-executive.com,English,,South Korea,D9_한국,2026-09-22,[],0,NONE,Coast Guard budget,
3b698841eb8f0f94e23b59b13a71a5d0,"  AI slop  is threatening court ability to function , appeals court says",https://www.abajournal.com/news/article/ai-slop-is-threatening-courts-ability-to-function-florida-appeals-court-says,20260922T030000Z,abajournal.com,English,United States,delay,D6_교란행위,2026-09-22,[],0,NONE,,
2cb2686f6dfe19eb2297670ca3a36bbb,What Radio Networks Need to Know Before the Mandated 2027 C - Band Auction | Radio & Television Business Report,https://rbr.com/circoast-0921-spc/,20260922T030000Z,rbr.com,English,United States,fleet,D4_운송,2026-09-22,[],0,NONE,,
b936f9943ec9e44c4107d2e78aaabe9f,From stabilisation to transformation : Sri Lanka next chapter,https://www.ft.lk/columns/From-stabilisation-to-transformation-Sri-Lanka-s-next-chapter/4-797556,20260922T030000Z,ft.lk,English,Sri Lanka,shortage,D6_교란행위,2026-09-22,[],0,NONE,,
c0375affbd343a0c15e6fca696ffd96a,"Stocks to watch : ONGC , Pine Labs , GRSE , Waaree Lloyds Metals , Aarti Inds",https://www.business-standard.com/markets/news/stocks-to-watch-ongc-pine-labs-grse-waaree-lloyds-metals-aarti-inds-126092200098_1.html,20260922T030000Z,business-standard.com,English,India,container,D2_품목,2026-09-22,[],0,NONE,,
d30ff7357c10d6314de0d685b223a4b8,Batam nabs Singaporean over smuggling of drug - filled vape cartridges,https://www.thestar.com.my/aseanplus/aseanplus-news/2026/09/22/batam-nabs-singaporean-over-smuggling-of-drug-filled-vape-cartridges,20260922T030000Z,thestar.com.my,English,Malaysia,terminal,D3_인프라,2026-09-22,[],0,NONE,,
5e4927d459c041d1e845396742524bbc,Listen to The Country: Callum McCallum on shipping cattle from the Chatham Islands,https://www.nzherald.co.nz/the-country/news/listen-to-the-country-callum-mccallum-on-shipping-cattle-from-the-chatham-islands/GNQ7TRKTDZDZJFGXSKZGBLMKNY/,20260922T030000Z,nzherald.co.nz,English,,shipping,D4_운송,2026-09-22,[],0,NONE,Cattle shipping,
56471fffc105b8bd71683c2a7822b160,"Conway leaders OK 270 - home development , land gift to spur nature trail plan",https://wpde.com/news/local/conway-leaders-ok-270-home-development-land-gift-to-spur-nature-trail-plan,20260922T030000Z,wpde.com,English,United States,canal,D3_인프라,2026-09-22,"[""KC_HDC""]",1,NONE,,
c684b7334a25d2767094564083a6d29b,Gov . Landry wants diesel export ban amid record Lafayette fuel prices,https://www.acadiananewsfirst.com/2026/09/22/gov-landry-wants-diesel-export-ban-amid-record-lafayette-fuel-prices/,20260922T030000Z,acadiananewsfirst.com,English,,refinery,D3_인프라,2026-09-22,[],0,NONE,,
31bc9cab336d088cd3840eff58a7adf6,Latest Articles,https://freerepublic.com/tag/*/index?more=4396386,20260922T030000Z,freerepublic.com,English,United States,fertilizer,D2_품목,2026-09-22,[],0,NONE,,
2a1e57b79df507bb1e113d6b6171d794,UK and US make first-ever torpedo test from uncrewed vessel,http://www.bignewsnetwork.com/news/279322467/uk-and-us-make-first-ever-torpedo-test-from-uncrewed-vessel,20260922T030000Z,bignewsnetwork.com,English,,vessel,D4_운송,2026-09-22,"[""VT_Reefer""]",1,NONE,,
fdb209d85728451197a80d71fe95802c,D.C. Circuit Must Vacate a Drone Flight Restriction That Criminalized Recording Immigration Agents,https://www.eff.org/deeplinks/2026/09/dc-circuit-must-vacate-drone-flight-restriction-criminalized-recording-immigration,20260922T030000Z,eff.org,English,,restriction,D6_교란행위,2026-09-22,[],0,NONE,Drone restrictions,
c0488374f71c186a94d1a6dc2f025abb,  It extremely frustrating : Travelers stuck in PHL after equipment outage | Southeastern Pennsylvania,https://www.wfmz.com/news/area/southeastern-pa/its-extremely-frustrating-travelers-stuck-in-phl-after-equipment-outage/article_4ad226ca-0dad-4e53-9556-ee8314917344.html,20260922T024500Z,wfmz.com,English,United States,delay,D6_교란행위,2026-09-22,[],0,NONE,,
e6b6c5b22e37918099ff8b7545eaf17d,Suspicious fire in P . E . I . primary school new mobile classroom under investigation,https://www.cbc.ca/news/canada/prince-edward-island/pei-westwood-primary-school-classroom-fire-9.7352730,20260922T024500Z,cbc.ca,English,Canada,delay,D6_교란행위,2026-09-22,[],0,NONE,,
014aba98c968f57a4f01e60408dd0a42,Pennsylvania ACA premiums to rise nearly 16 % in 2027,https://www.wgal.com/article/pennsylvania-aca-premiums-rise-nearly-16-on-average-2027/73827762,20260922T024500Z,wgal.com,English,United States,delay,D6_교란행위,2026-09-22,[],0,NONE,,
801028c65879d3538fc3d79b0ca093b8,Partnership helps to address shortage of licensed lab professionals in Oklahoma,https://www.news9.com/oklahoma-city-news/partnership-address-shortage-licensed-lab-professionals-oklahoma,20260922T024500Z,news9.com,English,United States,shortage,D6_교란행위,2026-09-22,[],0,NONE,Lab professional shortage,
4daecf713b88bdd371ec63b1869b2bfb,Building collapse in India : Will health insurance cover your hospital bills after an accident ? ,https://www.businesstoday.in/personal-finance/story/building-collapse-in-india-will-health-insurance-cover-your-hospital-bills-after-an-accident-556802-2026-09-22,20260922T024500Z,businesstoday.in,English,India,shortage,D6_교란행위,2026-09-22,[],0,NONE,,
fbfc75fb0adace77da8c221bb73ba769,"AJA Newsbites – September 22 , 2026",https://theasian.asia/archives/205236,20260922T024500Z,theasian.asia,English,China,Houthi,D7_행위자,2026-09-22,[],0,NONE,,
16ef4f7263c5df6da55e308cb2386d50,China Stock Market May Add To Its Winnings On Tuesday,https://www.rttnews.com/3692693/china-stock-market-may-add-to-its-winnings-on-tuesday.aspx,20260922T024500Z,rttnews.com,English,United States,crude oil,D2_품목,2026-09-22,[],0,NONE,China stock market,
a04eb255383a6114f22e6e2fec24eabd,Thai Stock Market Likely To Open To The Upside,https://www.rttnews.com/3692697/thai-stock-market-likely-to-open-to-the-upside.aspx,20260922T024500Z,rttnews.com,English,United States,crude oil,D2_품목,2026-09-22,[],0,NONE,Thai stock market,
de597087a04ac199f9aa8162a6c84244,Ex - employee accused of setting fire to New River feed store after being fired over bikini barista photos,https://www.azfamily.com/2026/09/22/ex-employee-accused-setting-fire-new-river-feed-store-after-being-fired-over-bikini-barista-photos/,20260922T024500Z,azfamily.com,English,United States,container,D2_품목,2026-09-22,[],0,NONE,,
56d8da7b8c25f11a4ba80be82571576a,Defiance Municipal Court,http://www.crescent-news.com/news/local_news/defiance-municipal-court/article_ddd17657-ede0-4664-b2a2-a84392231b3d.html,20260922T024500Z,crescent-news.com,English,United States,container,D2_품목,2026-09-22,[],0,NONE,,
7722fb5dd7f1a59e7e334b16452bf901,New Sky Harbor terminal plans ; Arizona man arrested while abroad | Nightly Roundup,https://www.fox10phoenix.com/news/new-sky-harbor-terminal-plans-arizona-man-arrested-while-abroad-nightly-roundup,20260922T024500Z,fox10phoenix.com,English,United States,carrier,D4_운송,2026-09-22,"[""KP_Tongyeong""]",1,NONE,,
d91fdcc988a915253b786be8efb67a36,Sky Harbor names American Airlines as main carrier for future new terminal,https://www.fox10phoenix.com/news/sky-harbor-names-american-airlines-main-carrier-future-new-terminal,20260922T024500Z,fox10phoenix.com,English,United States,carrier,D4_운송,2026-09-22,"[""KP_Tongyeong"", ""VT_LNG""]",2,NONE,,
ad1ca8399d593c7be600322e714481c5,Free weekend pet vaccine and microchip clinic coming to Monterrey Park on Sept . 26 ! ,https://news4sanantonio.com/news/local/free-weekend-pet-vaccine-and-microchip-clinic-coming-to-monterrey-park-on-sept-26,20260922T024500Z,news4sanantonio.com,English,United States,carrier,D4_운송,2026-09-22,[],0,NONE,,
9eb600dd19ab6f051e2dc01963819db1,Novartis (NVS) Faces Another Pipeline Setback as ALS Drug Fails Mid-Stage Trial,https://www.insidermonkey.com/news/novartis-nvs-faces-another-pipeline-setback-as-als-drug-fails-mid-stage-trial-1841707/,20260922T024500Z,insidermonkey.com,English,,pipeline,D3_인프라,2026-09-22,[],0,NONE,,
72c3aaea9aa7ae3b8a521391d6ae89e7,Northeast US airports resume operations after telecom outage disrupts thousands of flights,https://timesofindia.indiatimes.com/world/us/northeast-us-airports-resume-operations-after-telecom-outage-disrupts-thousands-of-flights/articleshow/134400218.cms,20260922T024500Z,timesofindia.indiatimes.com,English,India,terminal,D3_인프라,2026-09-22,[],0,NONE,,
3c11044ede41ea2904cb5898ab575e8a,"Thousands of US flights halted by Amtrak cable cut , circuit failure",https://www.jpost.com/international/article-909220,20260922T024500Z,jpost.com,English,Israel,terminal,D3_인프라,2026-09-22,[],0,NONE,,
bc5f5363fb79b9f3d1e906c58ae43166,"Milk tanker overturns on Mumbai - Ahmedabad highway , villagers rush to collect it",https://timesofindia.indiatimes.com/city/mumbai/milk-tanker-overturns-on-mumbai-ahmedabad-highway-villagers-rush-to-collect-it/articleshow/134393520.cms,20260922T024500Z,timesofindia.indiatimes.com,English,India,tanker,D4_운송,2026-09-22,[],0,NONE,Road accident,
82018aad4fe3128229374df4c99b0ed8,Rethinking Authenticity in the Semiconductor Supply Chain: A Conversation with OBSIDIA Semiconductors · EMSNow,https://www.emsnow.com/rethinking-authenticity-in-the-semiconductor-supply-chain-a-conversation-with-obsidia-semiconductors/,20260922T024500Z,emsnow.com,English,,semiconductor,D2_품목,2026-09-22,[],0,NONE,Semiconductor authenticity,
9caf9a1c1bf97e3bf21e078915a67710,"Japan, US, South Korea call on North Korea to resume dialogue",https://vietnamnews.vn/world/1800245/japan-us-south-korea-call-on-north-korea-to-resume-dialogue.html,20260922T023000Z,vietnamnews.vn,English,,South Korea,D9_한국,2026-09-22,[],0,NONE,North Korea dialogue,
411d49feb92d4bda01834e1fbdf772e7,South Korea's Lee plans to call for phased denuclearization of North Korea at UN,https://kdhnews.com/news/world/south-koreas-lee-plans-to-call-for-phased-denuclearization-of-north-korea-at-un/article_69c08d13-5378-59cf-9d2b-c9122855c48d.html,20260922T023000Z,kdhnews.com,English,,South Korea,D9_한국,2026-09-22,[],0,NONE,Nuclear policy,
bd4a52a14ad08f8447d47a815ac8e4ff,Truckers' blockade shakes both US and Mexican governments: build binational rank-and-file committees,https://www.wsws.org/en/articles/2026/09/22/lzwt-s22.html,20260922T023000Z,wsws.org,English,,blockade,D6_교란행위,2026-09-22,[],0,NONE,US-Mexico truckers,
16907ebcb24795eff4660f487e8726a3,Royal Caribbean Bets On a Controversial Cabin Type,https://www.aol.com/articles/royal-caribbean-bets-controversial-cabin-221215000.html,20260922T021500Z,aol.com,English,United States,fleet,D4_운송,2026-09-22,[],0,NONE,,
a8424984ca52a2f67e9fa6c9a1964ba3,Doctors told women to use this medicine for menopause . Pharmacies cant keep it in stock,https://www.unionleader.com/news/health/doctors-told-women-to-use-this-medicine-for-menopause-pharmacies-cant-keep-it-in-stock/article_89ec6476-77c3-5fc9-8f4c-371e818432f2.html,20260922T021500Z,unionleader.com,English,United States,shortage,D6_교란행위,2026-09-22,[],0,NONE,Pharmaceutical supply,
00634ee39377a74af660bbe8c27a5127,Prices Are Going Up At Most Theme Parks . One Famous Location Is Doing Something Very Different,https://www.cinemablend.com/theme-parks/prices-going-up-most-theme-parks-silver-dollar-city-doing-something-different,20260922T021500Z,cinemablend.com,English,United States,shortage,D6_교란행위,2026-09-22,[],0,NONE,,
96ff80ac4f97e391537c5a15622cbfb9,"Prediction : Here What a $1 , 000 Investment in SpaceX Stock Could Be Worth in 2031",https://www.fool.com/investing/2026/09/21/prediction-heres-what-a-1000-investment-in-spacex/,20260922T021500Z,fool.com,English,United States,shortage,D6_교란행위,2026-09-22,[],0,NONE,,
6c2847f32d89de635f8c4c5b46a9f9ec,"Empty desks, tough choices: Minneapolis families face possible closure of 16 schools",https://www.fox9.com/news/empty-desks-tough-choices-minneapolis-families-face-possible-closure-16-schools,20260922T021500Z,fox9.com,English,,closure,D6_교란행위,2026-09-22,[],0,NONE,,
7447b3707e5ca485054742427df3b0c5,Airline negotiations at Arnold Palmer Airport in Pennsylvania,https://www.wtae.com/article/pennsylvania-arnold-palmer-airport-new-airline-grant/73826751,20260922T021500Z,wtae.com,English,United States,carrier,D4_운송,2026-09-22,[],0,NONE,,
659911dba69559685914407651b8b2e4,Kansas awarded $8.4 million federal grant to strengthen educator pipeline,https://greatbendpost.com/posts/5f8d39f6-6eda-4fc2-80d1-9bef549c1122,20260922T021500Z,greatbendpost.com,English,,pipeline,D3_인프라,2026-09-22,[],0,NONE,,
1c4620ad9981bf5ce34c3cb855cab0a1,Olathe approves rezoning for Sunnybrook development near future Dillons,https://www.kshb.com/news/local-news/kansas/johnson-county/olathe-city-council-approves-rezoning-for-sunnybrook-development-near-future-dillons,20260922T021500Z,kshb.com,English,United States,congestion,D6_교란행위,2026-09-22,"[""KC_HDC""]",1,NONE,,
4110562ff9f7fc47b8173e36a049d912,El Niño weather pattern enters record territory scientist,https://www.philstar.com/headlines/climate-and-environment/2026/09/22/2558059/el-nio-weather-pattern-enters-record-territory-scientist,20260922T021500Z,philstar.com,English,Philippines,canal,D3_인프라,2026-09-22,[],0,NONE,,
0d38513093ecc1108339e1ebf3d25d5e,  Across the Pacific : A Pulpy Adventure at Sea,https://www.theepochtimes.com/bright/across-the-pacific-a-pulpy-adventure-at-sea-6090735,20260922T021500Z,theepochtimes.com,English,United States,canal,D3_인프라,2026-09-22,[],0,NONE,,
59ab7c68c399d702cc4b4223b697e328,Dental bodies warn of irreversible damage from bogus cosmetic treatments,https://barbadostoday.bb/2026/09/21/dental-bodies-warn-of-irreversible-damage-from-bogus-cosmetic-treatments/,20260922T021500Z,barbadostoday.bb,English,Barbados,canal,D3_인프라,2026-09-22,[],0,NONE,,
918c0368bbe6084e370840d351fca25f,App warns Niagara drivers before Welland Canal bridges lift,https://www.wellandtribune.ca/news/niagara-region/app-warns-niagara-drivers-before-welland-canal-bridges-lift/article_954af8c4-07b8-5238-b43d-f38cda1cb0b9.html,20260922T021500Z,wellandtribune.ca,English,Canada,canal,D3_인프라,2026-09-22,[],0,NONE,,
df46d747e4f2a4a68ede9d61d3067988,"Welland Canal bridge closures : Thorold , Port Colborne",https://www.wellandtribune.ca/news/niagara-region/3-bridges-over-welland-canal-temporarily-closed-this-week/article_03652d73-7ac5-5747-b2c8-308ca703c658.html,20260922T021500Z,wellandtribune.ca,English,Canada,canal,D3_인프라,2026-09-22,[],0,NONE,,
2544478c3a9ef11122b8aa041d03e2ec,"Seaboard Seafood Festival serves up food, fun",https://www.rrdailyherald.com/news/local/seaboard-seafood-festival-serves-up-food-fun/article_1dc34aad-1e5c-5445-8103-f85d84ff4527.html,20260922T021500Z,rrdailyherald.com,English,,seafood,D8_수산물,2026-09-22,"[""KS_FoodAgri""]",1,NONE,,
693ba9ef58834ddaa180ad0591795b14,What foods cause inflammation ? And how to reduce it,https://www.unionleader.com/news/health/what-foods-cause-inflammation-and-how-to-reduce-it/article_f6f1e93f-2d43-50c7-ad1d-b2ab61941f82.html,20260922T021500Z,unionleader.com,English,United States,wheat,D2_품목,2026-09-22,[],0,NONE,,
fe1da0f0c70f7ec7b00c848dd7d46141,Swiss March for Life draws thousands as masked cyclists attempt disruption,https://www.catholicworldreport.com/2026/09/21/swiss-march-for-life-draws-thousands-as-masked-cyclists-attempt-disruption/,20260922T021500Z,catholicworldreport.com,English,,disruption,D6_교란행위,2026-09-22,[],0,NONE,March for Life,
fe932ef9c353b7a1e01f39694fdc8807,"New facility at K-State brings grain, food and animal science together",https://hpj.com/2026/09/21/k-state-opens-western-star-grain-and-food-center/,20260922T021500Z,hpj.com,English,,grain,D2_품목,2026-09-22,"[""POL_GrainReserve"", ""KS_FoodAgri""]",2,NONE,,
84b6c62a9195ce89bda714fc05fb542d,Pennsylvania reduces period of time people would be restricted from driving after having a seizure,https://www.wpxi.com/news/local/pennsylvania-reduces-period-time-people-would-be-restricted-driving-after-having-seizure/GPHT2DP34BALBL24XIUTPFZ7Q4/,20260922T021500Z,wpxi.com,English,,seizure,D6_교란행위,2026-09-22,[],0,NONE,,
11ddc1be80f89e88211718c9eafb510c,Austal ( ASB ASX ) US takeover bidding war intensifies with Andrew Forrest visiting Alabama shipyards,https://www.afr.com/policy/foreign-affairs/forrest-drops-anchor-at-austal-s-us-shipyards-as-bidding-war-heats-up-20260922-p60z71,20260922T021500Z,afr.com,English,Australia,iron ore,D2_품목,2026-09-22,[],0,NONE,,
5520182cf393c8510b659dfa857c143b,Back pain ? It could be a sign of kidney stones,https://www.freemalaysiatoday.com/category/leisure/2026/09/22/back-pain-it-could-be-a-sign-of-kidney-stones,20260922T020000Z,freemalaysiatoday.com,English,Malaysia,delay,D6_교란행위,2026-09-22,[],0,NONE,,
61ac25fa336f70e037084032c2fe46b8,Texa Medicaid Backlog Has Exploded,https://www.governing.com/management-and-administration/texas-medicaid-backlog-has-exploded,20260922T020000Z,governing.com,English,United States,delay,D6_교란행위,2026-09-22,[],0,NONE,,
9072080c4d04785e69d54ea3b4e4af36,These Drones Could Cover Up To 98 Percent Of The World Oceans By 2028,https://www.engadget.com/2261587/argo-deep-drones-cover-98-percent-of-oceans-by-2028/,20260922T020000Z,engadget.com,English,Japan,fleet,D4_운송,2026-09-22,[],0,NONE,,
2bb8a881898da633e7779c99bb8e6514,Messenger Grape Harvest,https://www.5rm.com.au/business/messenger-grape-harvest/,20260922T020000Z,5rm.com.au,English,Australia,fleet,D4_운송,2026-09-22,[],0,NONE,,
5b9b73e47e028983ddd1d5e4f5509a9c,Anthropic and OpenAI doomer cultists are capturing governments,https://www.crikey.com.au/2026/09/22/anthropic-openai-artificial-intelligence-data-centres-climate-change-jacob-coxon/,20260922T020000Z,crikey.com.au,English,Australia,fleet,D4_운송,2026-09-22,[],0,NONE,AI governance,
c6717e276c4c12c42991abe6fe7cfa42,Aibom villagers without water | The National,https://www.thenational.com.pg/aibom-villagers-without-water/,20260922T020000Z,thenational.com.pg,English,Papua New Guinea,shortage,D6_교란행위,2026-09-22,[],0,NONE,Water access crisis,
bf8690c0cc72f8a42dd29f0328abadef,Top Foods to Pair Amstel Malta With in the Ember Season,https://pmnewsnigeria.com/2026/09/21/top-foods-to-pair-amstel-malta-with-in-the-ember-season/,20260922T020000Z,pmnewsnigeria.com,English,Nigeria,shortage,D6_교란행위,2026-09-22,[],0,NONE,,
363da8c75a863982eb20c9cce677c7ac,"Build outward , not upward , to solve California housing shortage",https://nypost.com/2026/09/21/opinion/build-outward-not-upward-to-solve-californias-housing-shortage/,20260922T020000Z,nypost.com,English,United States,shortage,D6_교란행위,2026-09-22,[],0,NONE,,
67f557a13b3fe8c3e50182176f2c7913,Here hoping  Skills Olympic opens ways to greater skills and jobs,http://europe.chinadaily.com.cn/a/202609/22/WS6ab1d5ede4b06d4aa055f64c.html,20260922T020000Z,europe.chinadaily.com.cn,English,China,shortage,D6_교란행위,2026-09-22,[],0,NONE,,
b0401df8250bb469d2469dfc2eae2b8c,International student visa changes are One Nation inspired,https://www.crikey.com.au/2026/09/22/international-student-visa-changes-labor-one-nation-pauline-hanson-migration-policy/,20260922T020000Z,crikey.com.au,English,Australia,shortage,D6_교란행위,2026-09-22,[],0,NONE,,
c078c95ac6b46078e16eaf7cad95f901,"The upside of a European alternative to Trumpmerica , and the limits",https://www.theglobeandmail.com/business/commentary/article-the-upside-of-a-european-alternative-to-trumpmerica-and-the-limits/,20260922T020000Z,theglobeandmail.com,English,Canada,shortage,D6_교란행위,2026-09-22,[],0,NONE,,
ba4cfb3e57db79f5a2f1a7ec6251cfcf,Community Blood Center says 24 emergency units requested amid Brown County patient surge,https://duke.fm/2026/09/21/community-blood-center-says-24-emergency-units-requested-amid-brown-county-patient-surge/,20260922T020000Z,duke.fm,English,United States,shortage,D6_교란행위,2026-09-22,[],0,NONE,,
858ab02d9d68ff10dc2aef45ecf7019c,Trump eyes busy week of meetings,https://www.thenational.com.pg/trump-eyes-busy-week-of-meetings/,20260922T020000Z,thenational.com.pg,English,Papua New Guinea,Houthi,D7_행위자,2026-09-22,[],0,NONE,,
a139c7d1384c47afbee10fe7791369a7,Myrtle Beach hotel seasonal closure displaces long-term residents and pets,https://www.wmbfnews.com/2026/09/21/myrtle-beach-hotel-seasonal-closure-displaces-long-term-residents-pets/,20260922T020000Z,wmbfnews.com,English,,closure,D6_교란행위,2026-09-22,[],0,NONE,,
14fd779380bbfeb155b7ba46186c31a5,"Ringgit rises against US dollar , major currencies on improved sentiment",https://www.freemalaysiatoday.com/category/business/2026/09/22/ringgit-rises-against-us-dollar-major-currencies-on-improved-sentiment,20260922T020000Z,freemalaysiatoday.com,English,Malaysia,crude oil,D2_품목,2026-09-22,[],0,NONE,,
efd446b50cb277d6939728e26c202c38,Higher Open Called For Hong Kong Stock Market,https://www.finanzen.ch/nachrichten/aktien/higher-open-called-for-hong-kong-stock-market-1036562371,20260922T020000Z,finanzen.ch,English,Switzerland,crude oil,D2_품목,2026-09-22,[],0,NONE,,
b10b5186bb2137330ca4673576b42b74,Indonesia Stock Market Due For Support On Tuesday,https://www.finanzen.ch/nachrichten/aktien/indonesia-stock-market-due-for-support-on-tuesday-1036562378,20260922T020000Z,finanzen.ch,English,Switzerland,crude oil,D2_품목,2026-09-22,[],0,NONE,,
a3cdd93d363f2581c5285f114c431cc8,Australian Markets Modestly Higher,https://www.finanzen.ch/nachrichten/aktien/australian-markets-modestly-higher-1036562372,20260922T020000Z,finanzen.ch,English,Switzerland,crude oil,D2_품목,2026-09-22,[],0,NONE,,
90c3ea9986a7b2219664f5e0aed2a67d,Should You Refrigerate Onions ? Here When It Helps And When It Doesnt,https://www.aol.com/articles/refrigerate-onions-helps-doesn-t-235723000.html,20260922T020000Z,aol.com,English,United States,container,D2_품목,2026-09-22,[],0,NONE,Onion storage,
ca40fdf553e52cce7cbe6167c9b92156,SOURDOUGH WORKSHOP BY MOOON BREAD - SLUG Magazine,https://www.slugmag.com/event/sourdough-workshop-by-mooon-bread/,20260922T020000Z,slugmag.com,English,United States,container,D2_품목,2026-09-22,[],0,NONE,Bread workshop,
16eb739b75e9af7aff0996e346f2fa9d,The science of Gaganyaan parachutes | Explained,https://www.thehindu.com/sci-tech/science/the-science-of-gaganyaan-parachutes-explained/article71491468.ece,20260922T020000Z,thehindu.com,English,India,container,D2_품목,2026-09-22,[],0,NONE,Space program,
ad354e8a3ae4a0ed31e7c66e66558bd3,Lilianfels Blue Mountains historic resort multimillion - dollar revival | The Examiner,https://www.examiner.com.au/story/9329973/lilianfels-blue-mountains-historic-resorts-multimillion-dollar-revival/,20260922T020000Z,examiner.com.au,English,Australia,container,D2_품목,2026-09-22,[],0,NONE,Resort renovation,
bf074c1a5336434543db4dfd875f0bb3,How to Make Rosemary Oil for Hair : Safe DIY Methods,https://www.womansworld.com/wellness/how-to-make-rosemary-oil-for-hair-safe-diy-methods,20260922T020000Z,womansworld.com,English,United States,carrier,D4_운송,2026-09-22,"[""CF_CrudeOil""]",1,NONE,,
2cff2c26fcee9fbe5abdd75c4e901a54,"East Coast flight cancellations top 1 , 000 : What travelers can do",https://thepointsguy.com/news/flights-canceled-what-consumers-can-do/,20260922T020000Z,thepointsguy.com,English,United States,carrier,D4_운송,2026-09-22,[],0,NONE,,
0b59f748ccf525b060fe86c66c96b520,Apple Watch Series 12 vs . Ultra 4 : Which Should You Buy ? ,https://www.iclarified.com/102285/apple-watch-series-12-vs-ultra-4-which-should-you-buy,20260922T020000Z,iclarified.com,English,United States,carrier,D4_운송,2026-09-22,[],0,NONE,,
da259aeb1df16fc4987d8eec6a7895b6,East Coast construction accident involving commnications cable brings delays to Las Vegas airport | Tourism,https://www.reviewjournal.com/business/tourism/east-coast-construction-accident-causing-delays-at-las-vegas-airport-3889453/,20260922T020000Z,reviewjournal.com,English,United States,terminal,D3_인프라,2026-09-22,[],0,NONE,Airport construction,
50e97478c0925c70b0d847d245f10bcf,SpaceXAI Launches Grok 4 . 7 for Coding and Knowledge Work,https://www.iclarified.com/102330/spacexai-launches-grok-47-for-coding-and-knowledge-work,20260922T020000Z,iclarified.com,English,United States,terminal,D3_인프라,2026-09-22,[],0,NONE,,
f696b0a903cfcef584fac6f821184511,Rain slows movement on several Bengaluru roads,https://www.thehindu.com/news/cities/bangalore/rain-slows-movement-on-several-bengaluru-roads/article71492731.ece,20260922T020000Z,thehindu.com,English,India,congestion,D6_교란행위,2026-09-22,[],0,NONE,,
2f01d99e077f3eb37ccd88cf55e479c9,Airlines urge urgent fixes after latest UK air traffic control disruption,https://jowhar.com/airlines-urge-urgent-fixes-after-latest-uk-air-traffic-control-disruption/,20260922T020000Z,jowhar.com,English,,disruption,D6_교란행위,2026-09-22,"[""KC_KoreanAir""]",1,NONE,Air traffic control,
feb7959b54f72cc4abda1e1cc15e71db,Belarus opposition leader warns US of  risky  deal with Lukashenko,https://www.freemalaysiatoday.com/category/world/2026/09/22/belarus-opposition-leader-warns-us-of-risky-deal-with-lukashenko,20260922T020000Z,freemalaysiatoday.com,English,Malaysia,fertilizer,D2_품목,2026-09-22,[],0,NONE,,
29862f36165a0401ea4f7fa239d83684,Egypt Mohammed Salah banned for six months,https://pmnewsnigeria.com/2026/09/21/egypts-mohammed-salah-banned-for-six-months/,20260922T020000Z,pmnewsnigeria.com,English,Nigeria,surcharge,D6_교란행위,2026-09-22,[],0,NONE,Sports ban,
106b6fb4ef549943a986447e3c62d1b9,"  Purge yourself of lies : APC Campaign Council roars at Peter Obi over Anambra debt , unpaid salaries",https://pmnewsnigeria.com/2026/09/21/purge-yourself-of-lies-apc-campaign-council-roars-at-peter-obi-over-anambra-debt-unpaid-salaries/,20260922T020000Z,pmnewsnigeria.com,English,Nigeria,exchange rate,D5_시장지표,2026-09-22,[],0,NONE,,
0b01b691bc85cb5354b4a64ca8a461ce,"  Worse , more intense : PM climate warning to leaders",https://www.examiner.com.au/story/9354709/worse-more-intense-pms-climate-warning-to-leaders/,20260922T020000Z,examiner.com.au,English,Australia,oil price,D5_시장지표,2026-09-22,[],0,NONE,Climate warning,
feaa0de0f41119def72cb8243a103a3c,"Waterside Drive Closure ""Likely"" Postponed Until Spring 2027",https://washingtonian.com/2026/09/21/waterside-drive-closure-likely-postponed-until-spring-2027/,20260922T014500Z,washingtonian.com,English,,closure,D6_교란행위,2026-09-22,[],0,NONE,,
09ca13da43723b152892b57e228eeea8,Alex Bregman injury update comes with a huge grain of salt for the Cubs,https://fansided.com/mlb/alex-bregman-injury-update-comes-with-a-huge-grain-of-salt-for-the-cubs-01m32vr80trx,20260922T014500Z,fansided.com,English,,grain,D2_품목,2026-09-22,"[""POL_GrainReserve""]",1,NONE,,
b4ad2cfb5f8e867cbbb11349e62c4771,"Operation United Resolve in Lynchburg leads to seizure of 29 guns, 13,000 fentanyl doses",https://wset.com/news/local/operation-united-resolve-in-lynchburg-leads-to-seizure-of-29-guns-13000-fentanyl-doses-police-department-crime-september-2026,20260922T014500Z,wset.com,English,,seizure,D6_교란행위,2026-09-22,"[""SS_USA""]",1,NONE,,
b9fc1140467a859dadd861040d6eb3b3,Sweet Magnolias author just gave Annie and Ty fans a way to get closure,https://netflixlife.com/sweet-magnolias-author-just-gave-annie-ty-fans-way-get-closure,20260922T013000Z,netflixlife.com,English,,closure,D6_교란행위,2026-09-22,[],0,NONE,,
09b7849e1c5daf23f1f186ee9446908d,Weather changes closure of S. Main St. in Mansfield for Ohio 13 resurfacing project,https://www.richlandsource.com/2026/09/21/weather-changes-closure-of-s-main-st-in-mansfield-for-ohio-13-resurfacing-project/,20260922T013000Z,richlandsource.com,English,,closure,D6_교란행위,2026-09-22,[],0,NONE,,
0be4afef459642341b851afcea91c5bd,Family-owned LV Seafood celebrates 30 years in Lakewood Village with customers who feel like family,https://lbpost.com/esd/eat-see-do-2/eat/lv-seafood-lion-dance-chinese-family-restaurant-cantonese/,20260922T013000Z,lbpost.com,English,,seafood,D8_수산물,2026-09-22,[],0,NONE,,
31e748e9b3809aaa67e0eb4ce52d9bee,Rumor : Resident Evil Veronica May Be Coming Later Than Expected,https://gamerant.com/resident-evil-veronica-delayed/,20260922T011500Z,gamerant.com,English,United States,delay,D6_교란행위,2026-09-22,[],0,NONE,,
1b8c2e770dcbf69959a9cf14150cb577,TV networks halt Trump coverage in revolt over White House ban - Americas,http://www.thejakartapost.com/world/2026/09/22/tv-networks-halt-trump-coverage-in-revolt-over-white-house-ban,20260922T011500Z,thejakartapost.com,English,Indonesia,delay,D6_교란행위,2026-09-22,[],0,NONE,,
82598fb1b474a98f8e4ba0259ff8d8da,Amarillo Fire Department adds new specialized aircraft rescue truck to fleet,https://www.newschannel10.com/2026/09/21/amarillo-fire-department-adds-new-specialized-aircraft-rescue-truck-fleet/,20260922T011500Z,newschannel10.com,English,United States,fleet,D4_운송,2026-09-22,[],0,NONE,,
f5588f58e72b9c878449abfe578f42c3,Deal calls for Google to help pay for Vogtle upgrades,https://www.wrdw.com/2026/09/21/deal-calls-google-help-pay-vogtle-upgrades/,20260922T011500Z,wrdw.com,English,United States,fleet,D4_운송,2026-09-22,[],0,NONE,,
b8370fc14fd3e2ac6212498f67232a69,New AMD Technology Improves Graphics With Less GPU Strain,https://gamerant.com/amd-ray-tracing-graphics-gpu-improvement/,20260922T011500Z,gamerant.com,English,United States,shortage,D6_교란행위,2026-09-22,[],0,NONE,,
5d653246e26f7fe88feb3d1c39b30f26,"7 Best Countries That Make Their Own Anime , Ranked",https://gamerant.com/best-countries-make-anime-ranked/,20260922T011500Z,gamerant.com,English,United States,shortage,D6_교란행위,2026-09-22,[],0,NONE,,
948271f04bf6c7d5ae61fbcb8d104c6a,Schwarzkopf mousse recalled in Canada over injury risk,https://www.cp24.com/news/canada/2026/09/21/schwarzkopf-professional-mousse-recalled-over-packaging-risk/,20260922T011500Z,cp24.com,English,Canada,container,D2_품목,2026-09-22,[],0,NONE,,
fb03062cd408a5b17104c0462f6d2a15,Still,https://armenianweekly.com/2026/09/21/still/,20260922T011500Z,armenianweekly.com,English,Armenia,container,D2_품목,2026-09-22,[],0,NONE,,
d2667a2dc885b81a65371bdd1ee98687,"MKE GO Pilot Aims To Cut Solo Driving , Not Take Away Cars",https://urbanmilwaukee.com/2026/09/21/mke-go-pilot-aims-to-cut-solo-driving-not-take-away-cars/,20260922T011500Z,urbanmilwaukee.com,English,United States,congestion,D6_교란행위,2026-09-22,[],0,NONE,,
0a5d28fe56b899590959f081be6f55cd,"Dangote Refinery IPO Not Filed in Kenya , Regulator Says",https://www.riotimesonline.com/dangote-refinery-ipo-kenya-regulator-notice-2026/,20260922T011500Z,riotimesonline.com,English,Brazil,refinery,D3_인프라,2026-09-22,[],0,NONE,,
6c4951c2606ef4427519e363047dca4a,"Sudden disruption to Whitehorse Meals on Wheels reflects concerning pattern, advocates say",https://www.cbc.ca/news/canada/north/yukon-meals-on-wheels-9.7352653,20260922T011500Z,cbc.ca,English,,disruption,D6_교란행위,2026-09-22,[],0,NONE,Meals on Wheels,
b7c3f9593130f640fe4ddeeef5ff8d9e,South Korea Lee plans to call for phased denuclearization of North Korea at UN – Winnipeg Free Press,https://www.winnipegfreepress.com/world/2026/09/21/south-koreas-lee-plans-to-call-for-phased-denuclearization-of-north-korea-at-un,20260922T011500Z,winnipegfreepress.com,English,Canada,Gulf of Aden,D1_초크포인트,2026-09-22,[],0,NONE,North Korea denuclearization,
aed7ce7551f2c4eaafd1bc34fc94e0c5,Seoul to call for North Korea phased denuclearization at UN,https://www.cp24.com/news/world/2026/09/22/south-koreas-lee-plans-to-call-for-phased-denuclearization-of-north-korea-at-un/,20260922T011500Z,cp24.com,English,Canada,Gulf of Aden,D1_초크포인트,2026-09-22,[],0,NONE,North Korea diplomacy,
a7546e5c12252dd81aad94180ce9e9ed,South Korea to brief lawmakers on US investment package amid profitability concerns,https://www.aol.com/articles/south-korea-brief-lawmakers-us-235709000.html,20260922T010000Z,aol.com,English,United States,delay,D6_교란행위,2026-09-22,[],0,NONE,,
5de6b82f2f5c408c8e1bf8c0dc8b9a9d,SPD spokesperson to skip Seattle City Council hearing on Bite of Seattle response delay,https://komonews.com/news/local/seattle-police-department-spokesperson-city-council-hearing-public-safety-committee-public-information-detective-brian-pritchard-spd-law-enforcement-gun-violence,20260922T010000Z,komonews.com,English,United States,delay,D6_교란행위,2026-09-22,[],0,NONE,,
2830d5338f5e1fb802bb4fc00590cc07,Deadlines set for city to restore OIG access to records,https://www.wbaltv.com/article/baltimore-deadlines-restore-inspector-general-record-access/73827104,20260922T010000Z,wbaltv.com,English,United States,delay,D6_교란행위,2026-09-22,[],0,NONE,,
a175415f150bdb0ba17971818cb3792d,Leaders Know More Than Ever . So Why Arent They Acting ? | Opinion,https://www.newsweek.com/leaders-know-more-than-ever-so-why-arent-they-acting-opinion-12466479,20260922T010000Z,newsweek.com,English,United States,delay,D6_교란행위,2026-09-22,[],0,NONE,,
5dec71e3675363b96192964787630485,DC awards new contract to Lyft for Capital Bikeshare operations – WTOP News,https://wtop.com/dc/2026/09/dc-awards-new-contract-to-lyft-for-capital-bikeshare-operations/,20260922T010000Z,wtop.com,English,United States,fleet,D4_운송,2026-09-22,[],0,NONE,,
4186c3516aea547deaebbe3362b88d54,Siskin II aircraft – the same model selected to replace Snowbirds – arrive in Moose Jaw,https://globalnews.ca/news/12067804/siskin-ii-aircraft-the-same-model-selected-to-replace-snowbirds-arrive-in-moose-jaw/,20260922T010000Z,globalnews.ca,English,Canada,fleet,D4_운송,2026-09-22,[],0,NONE,,
5d1433294c3fc11fb2d1e619870d526d,Hailey Bieber Just Made Espresso Brown Hair Our Latest Obsession Here Are 12 Ways to Wear the Shade,https://www.aol.com/articles/hailey-bieber-just-made-espresso-214434000.html,20260922T010000Z,aol.com,English,United States,shortage,D6_교란행위,2026-09-22,[],0,NONE,,
b8190ccc530745c85cb925b93626273f,Nvidia Built The AI Machine Micron Controls One Of Its Biggest Bottlenecks,https://www.investmentwatchblog.com/nvidia-built-the-ai-machine-micron-controls-one-of-its-biggest-bottlenecks/,20260922T010000Z,investmentwatchblog.com,English,United States,shortage,D6_교란행위,2026-09-22,[],0,NONE,,
51582761170c3591a17668062ea9c4f7,"FxWirePro : GBP / NZD bull hold the higher ground , remains on bullish path",http://www.econotimes.com/FxWirePro-GBP-NZD-bulls-hold-the-higher-ground-remains-on-bullish-path-1752625,20260922T010000Z,econotimes.com,English,United States,Houthi,D7_행위자,2026-09-22,[],0,NONE,Currency trading,
7dbfecc7e90f8ba59614ab72452e0149,Traffic Notice: Lane Closure On Pembroke,https://bernews.com/2026/09/traffic-lane-closure-pembroke/,20260922T010000Z,bernews.com,English,,closure,D6_교란행위,2026-09-22,[],0,NONE,Lane closure,
ca3e8ae1e192fcc153d9540eb1fcf797,KEMH Traffic Closure Set For Wednesday,https://bernews.com/2026/09/kemh-traffic-closure-set-wednesday/,20260922T010000Z,bernews.com,English,,closure,D6_교란행위,2026-09-22,[],0,NONE,,
79a8acb98d75240b5e751b5183a94536,"El Nino , heat fuel destructive storms across Pacific",https://timesofindia.indiatimes.com/home/environment/el-nino-heat-fuel-destructive-storms-across-pacific/articleshow/134399598.cms,20260922T010000Z,timesofindia.indiatimes.com,English,India,container,D2_품목,2026-09-22,[],0,NONE,,
d1b46b11362a342827400b9f38dee3b2,Who gets your digital life when youre gone ? – Marin Independent Journal,https://www.marinij.com/2026/09/21/who-gets-your-digital-life-when-youre-gone/,20260922T010000Z,marinij.com,English,United States,carrier,D4_운송,2026-09-22,[],0,NONE,,
c27156d39d914507d56806ec68732097,"A contaminated ham omelette loaded in Anchorage sickened 196 passengers on a transatlantic jumbo jet , and the two pilots who skipped it kept the cockpit healthy so the airliner landed safely",https://www.ecoportal.net/en/contaminated-ham-omelette-loaded-anchorage-sickened/39038/,20260922T010000Z,ecoportal.net,English,United States,carrier,D4_운송,2026-09-22,[],0,NONE,,
0ebd6c2eb3572038e7a7e493d33df119,Discretionary trust changes to shrink housing pipeline,https://www.theadviser.com.au/borrower/48971-discretionary-trust-changes-to-shrink-housing-pipeline,20260922T010000Z,theadviser.com.au,English,,pipeline,D3_인프라,2026-09-22,[],0,NONE,,
57aa6e98578ecede4df76dd7464d012d,"1156 Bulb Socket 2 PCS Automotive , Insulated Nylon Base Reverse Light Socket",https://roarmag.org/Automotive-1156-Bulb-Socket-Insulated-Nylon-Base-b-702851,20260922T010000Z,roarmag.org,English,United States,terminal,D3_인프라,2026-09-22,[],0,NONE,,
3afbc9a683b487bdecec7200f4d8cbdc,FAA begins rollout of AI air traffic tool to reduce delays,https://www.mercurynews.com/2026/09/21/faa-ai-air-traffic-tool/,20260922T010000Z,mercurynews.com,English,United States,congestion,D6_교란행위,2026-09-22,"[""KC_KoreanAir""]",1,NONE,,
30826f09d66890575ee8cf5ad1f400c5,A Head - On Crash Has Currently Closed SR - 104 in Jefferson County,https://1027kord.com/ixp/134/p/state-route-104-closed-jefferson-county/,20260922T010000Z,1027kord.com,English,United States,canal,D3_인프라,2026-09-22,[],0,NONE,,
b2ab4eb67d7d171e35464ec4b64456aa,South Korea to Brief Lawmakers on $350 Billion US Investment Package,http://www.econotimes.com/South-Korea-to-Brief-Lawmakers-on-350-Billion-US-Investment-Package-1752629,20260922T010000Z,econotimes.com,English,,South Korea,D9_한국,2026-09-22,[],0,NONE,US investment,
6d3efa1d00893d9cba4355770f2c3916,Webinar | Resilient Manufacturing in the Frontier AI Era: Mitigating Operational Disruption,https://www.govinfosecurity.com/webinars/webinar-resilient-manufacturing-in-frontier-ai-era-mitigating-w-7341,20260922T010000Z,govinfosecurity.com,English,,disruption,D6_교란행위,2026-09-22,"[""KS_Manufacture""]",1,NONE,Manufacturing webinar,
5b24b106cd7358e007e8b18dfb191b2f,Kauaʻi utility seeks to raise bills to cover wildfire costs,https://www.hawaiipublicradio.org/local-news/2026-09-21/kauai-utility-seeks-to-raise-bills-to-cover-wildfire-costs,20260922T010000Z,hawaiipublicradio.org,English,United States,surcharge,D6_교란행위,2026-09-22,[],0,NONE,Utility rate increase,
00fbb003b13be7135ae8af2b3c510940,South Korea Lee plans to call for phased denuclearization of North Korea at UN,https://isp.netscape.com:443/news/world/story/0001/20260922/2c12c8b88ca37e9dab861af584efa574,20260922T010000Z,isp.netscape.com,English,United States,Gulf of Aden,D1_초크포인트,2026-09-22,[],0,NONE,North Korea diplomacy,
70d7337edc14c16bc860a350c8120959,San Jose man killed in Golden Gate boat crash was Apple software engineer,https://www.mercurynews.com/2026/09/21/man-killed-in-golden-gate-boat-crash-was-apple-software-engineer/,20260922T010000Z,mercurynews.com,English,United States,fishing vessel,D8_수산물,2026-09-22,[],0,NONE,,
fc9dfec530b5c1737927b592f45457ea,Seoul stocks open sharply higher on chip gains amid revived AI hopes,https://www.koreaherald.com/article/10881564,20260922T010000Z,koreaherald.com,English,South Korea,Korean won,D9_한국,2026-09-22,[],0,NONE,,
6010baf7127413612d53c0bafaf84df2,"Is republishing content worth it? A look at SEO, user needs and syndication amid AI disruption",https://www.journalism.co.uk/is-republishing-content-worth-it-a-look-at-seo-user-needs-and-syndication-amid-ai-disruption/,20260922T004500Z,journalism.co.uk,English,,disruption,D6_교란행위,2026-09-22,[],0,NONE,SEO and content,
c55e8eff349bdd0ff7f96f69e8f7a60e,NSE IPO subscribed 5 . 71 times on final day,https://economictimes.indiatimes.com/markets/ipos/fpos/nse-ipo-subscribed-5-71-times-on-final-day/articleshow/134399623.cms,20260922T003000Z,economictimes.indiatimes.com,English,India,delay,D6_교란행위,2026-09-22,[],0,NONE,,
17a4bf46403899abd50ff2454a93d5b5,"Prosecutor details  torture  of Peoria girls left on balcony , tied to door",https://www.azfamily.com/2026/09/21/prosecutor-details-torture-peoria-girls-left-balcony-tied-door/,20260922T003000Z,azfamily.com,English,United States,delay,D6_교란행위,2026-09-22,[],0,NONE,,
9b6e81c0c00ceaf198d2de6102b42a3b,Reviewing Tetra Tech ( NASDAQ : TTEK ) and Element Fleet Management ( OTCMKTS : ELEEF ) ,https://www.tickerreport.com/banking-finance/13591476/reviewing-tetra-tech-nasdaqttek-and-element-fleet-management-otcmktseleef.html,20260922T003000Z,tickerreport.com,English,United States,fleet,D4_운송,2026-09-22,[],0,NONE,,
39db82a4779cd49fedf2494ffb206f0e,A Councilmember Who Tells the Public to  Shut the F * Up  Has No Business Governing This City . ,https://www.independent.com/2026/09/21/a-councilmember-who-tells-the-public-to-shut-the-f-up-has-no-business-governing-this-city/,20260922T003000Z,independent.com,English,United States,fleet,D4_운송,2026-09-22,[],0,NONE,,
38e243821b0e9febfca6e84382b40d1b,Supporting Santa Barbara Fledging Fishermen  - The Santa Barbara Independent,https://www.independent.com/2026/09/21/supporting-santa-barbaras-fledging-fishermen/,20260922T003000Z,independent.com,English,United States,fleet,D4_운송,2026-09-22,[],0,NONE,,
c68e0bd70bd0e6eccb3e36a0c0503c23,COMMENT | Can Parliament influence our foreign policy ? ,https://www.malaysiakini.com/columns/885486-comment-can-parliament-influence-our-foreign-policy,20260922T003000Z,malaysiakini.com,English,Malaysia,fleet,D4_운송,2026-09-22,[],0,NONE,,
8ffe86b65e842097701044ff500e698e,It raining boxes : Amazon drones overwhelm a US suburb,https://www.nzherald.co.nz/world/its-raining-boxes-amazon-drones-overwhelm-a-us-suburb/premium/VCWFHRIDV5DNHFVRT3UIL2YQFU/,20260922T003000Z,nzherald.co.nz,English,New Zealand,fleet,D4_운송,2026-09-22,[],0,NONE,Drone delivery,
da9ab4ee4f4c3693200034f6cd832bb4,The View from Room 200 : Dianne Feinstein and The City darkest hour | Forum,https://www.sfexaminer.com/forum/the-view-from-room-200-dianne-feinstein-and-the-city-s-darkest-hour/article_37eb4b44-85a2-45bf-8a00-8861241af196.html,20260922T003000Z,sfexaminer.com,English,United States,fleet,D4_운송,2026-09-22,[],0,NONE,Political history,
5e170ae60bf52b98bdcb17c7d76c3be7,Uganda faces teacher shortage amid rising learner numbers,https://ntv.co.ug/news/uganda-faces-teacher-shortage-amid-rising-learner-numbers,20260922T003000Z,ntv.co.ug,English,Uganda,shortage,D6_교란행위,2026-09-22,[],0,NONE,Uganda teacher shortage,
60b1ddc99b3154bcb74dc617b78df867,Depression not down to low  happy hormone claims top professor,https://www.express.co.uk/news/uk/2250547/Depression-not-down-to-low-happy-hormones-claims-top-professor,20260922T003000Z,express.co.uk,English,United Kingdom,shortage,D6_교란행위,2026-09-22,[],0,NONE,,
c159713a7253dce73adfd7d767a5d8f1,5 Thoughts : Uncle Acid & The Deadbeats at the Portal at Area15,https://lasvegasweekly.com/ae/music/2026/sep/21/5-thoughts-uncle-acid-the-deadbeats-at-the-portal/,20260922T003000Z,lasvegasweekly.com,English,United States,shortage,D6_교란행위,2026-09-22,[],0,NONE,,
1b6b4bbc0f44889970c0ecd1307b90c4,A4042 in Torfaen faces overnight closure for two weeks,https://www.freepressseries.co.uk/news/26566485.a4042-torfaen-faces-overnight-closure-two-weeks/,20260922T003000Z,freepressseries.co.uk,English,,closure,D6_교란행위,2026-09-22,[],0,NONE,Road closure,
057638dfeaae0f06446c1c3021982a25,UPDATE: Emergency I-80 Lane Closure Date Extended,https://www.wjol.com/update-emergency-i-80-lane-closure-date-extended/,20260922T003000Z,wjol.com,English,,closure,D6_교란행위,2026-09-22,[],0,NONE,Lane closure,
66f6891fcfc4cca10bee878ef6fc9bba,American Airlines to be main carrier for new Sky Harbor terminal,https://www.azfamily.com/2026/09/21/american-airlines-be-main-carrier-new-sky-harbor-terminal/,20260922T003000Z,azfamily.com,English,United States,carrier,D4_운송,2026-09-22,"[""KP_Tongyeong"", ""VT_LNG""]",2,NONE,,
89a3c6cb0a9654c887904f94f84638c7,Motorola Edge ( 2026 ) Review : Mid - Range with Premium Features,https://androidguys.com/reviews/phone-reviews/motorola-edge-2026/,20260922T003000Z,androidguys.com,English,China,carrier,D4_운송,2026-09-22,[],0,NONE,,
e16f510834f3fa400163a24df4ac450c,"Peoria , Ariz ., to Update Old Zoning Rules on Data Centers",https://www.govtech.com/artificial-intelligence/peoria-ariz-to-update-old-zoning-rules-on-data-centers,20260922T003000Z,govtech.com,English,United States,carrier,D4_운송,2026-09-22,[],0,NONE,,
fc60883c8501dc9c37cdf48ccf716cf8,Engineering Determinism in Generative AI: Inside Coco Wu's Multi-Agent Quality Evaluation Pipeline for Multimodal Synthesis,https://techaeris.com/2026/09/21/engineering-determinism-in-generative-ai-inside-coco-wus-multi-agent-quality-evaluation-pipeline-for-multimodal-synthesis/,20260922T003000Z,techaeris.com,English,,pipeline,D3_인프라,2026-09-22,[],0,NONE,,
beb7113f81f791fd03cd63aa217964c5,"US , Italy sign critical minerals cooperation MoU",http://www.bignewsnetwork.com/news/279322361/us-italy-sign-critical-minerals-cooperation-mou,20260922T003000Z,bignewsnetwork.com,English,United States,critical minerals,D2_품목,2026-09-22,[],0,NONE,,
d92962bd015b783f187a4bf41360e0fc,Tsikhanouskaya Warns Trump Over Belarus Potash Deal,https://www.kyivpost.com/post/85066,20260922T003000Z,kyivpost.com,English,Ukraine,critical minerals,D2_품목,2026-09-22,[],0,NONE,,
06c24e93258d138707cf79ad06819b70,Proposed East Los Olivos Street Project Impacts Life Safety of Residents in Mission Canyon Area,https://www.independent.com/2026/09/21/proposed-east-los-olivos-street-housing-project-impact-life-safety-of-residents-in-mission-canyon-area/,20260922T003000Z,independent.com,English,United States,congestion,D6_교란행위,2026-09-22,[],0,NONE,,
4723a6be4069bb06dac55520aa63cd63,California has four of America most expensive commutes,https://nypost.com/2026/09/21/us-news/california-has-four-of-americas-most-expensive-commutes/,20260922T003000Z,nypost.com,English,United States,congestion,D6_교란행위,2026-09-22,[],0,NONE,,
55b581148f66866e406e1dd3ea4fd581,"Dangote : Refinery IPOll drive expansion , broaden ownership",https://thesun.ng/dangote-refinery-ipoll-drive-expansion-broaden-ownership/,20260922T003000Z,thesun.ng,English,,refinery,D3_인프라,2026-09-22,"[""POL_GrainReserve""]",1,NONE,,
ff8828deb18e04a51fc2ed7da2b068ab,The Myth of Buying Time in the Critical Minerals War,https://www.theepochtimes.com/opinion/the-myth-of-buying-time-in-the-critical-minerals-war-6092669,20260922T003000Z,theepochtimes.com,English,United States,refinery,D3_인프라,2026-09-22,[],0,NONE,,
0d628c6c1cb5a80b12a168ec0aff934b,Is produce from a home garden safer than store bought ?  It depends  ,https://www.kpbs.org/news/health/2026/09/21/is-produce-from-a-home-garden-safer-than-store-bought-it-depends,20260922T003000Z,kpbs.org,English,United States,fertilizer,D2_품목,2026-09-22,[],0,NONE,,
0cda0ea207a00f12a8e52626611a7a33,New York State Police Troop C Weekly Highlights Of Activity,https://cnynews.com/ixp/499/p/state-police-troop-c-weekly-incidents/,20260922T003000Z,cnynews.com,English,United States,tanker,D4_운송,2026-09-22,[],0,NONE,Police activity,
be94926e8cc1ac009ba9869af5dea2a6,Ivonescimab First - Line Biliary Tract Cancer Phase III Overall Survival Data Selected as ESMO Late - Breaking Abstract ; Nearly 30 Akeso Studies to Be Presented at ESMO 2026,http://www.prnewswire.com/news-releases/ivonescimab-first-line-biliary-tract-cancer-phase-iii-overall-survival-data-selected-as-esmo-late-breaking-abstract-nearly-30-akeso-studies-to-be-presented-at-esmo-2026-302885329.html,20260922T003000Z,prnewswire.com,English,United States,exchange rate,D5_시장지표,2026-09-22,[],0,NONE,,
05520baba0f763b1de8716f514abc3d2,Ontario gas prices dropping Wednesday,https://www.durhamregion.com/news/ontario-gas-price-prediction-for-sept-23/article_9326212c-61f3-5f05-8860-013d133dc984.html,20260922T003000Z,durhamregion.com,English,Canada,Persian Gulf,D1_초크포인트,2026-09-22,[],0,NONE,,
525cbde3d2c89efaadab77b6b3d97148,'Marine Donut' closed‑containment aquaculture project advances in British Columbia,https://www.intrafish.com/aquaculture/marine-donut-closed-containment-aquaculture-project-advances-in-british-columbia/2-1-2046809,20260922T003000Z,intrafish.com,English,,aquaculture,D8_수산물,2026-09-22,"[""KC_Changkum""]",1,NONE,Aquaculture project BC,
d2d21c0890301e96c64861d41c564fb3,Ferris plans clinic - style upgrades to train more dental hygienists amid Michigan shortage,https://upnorthlive.com/news/local/ferris-plans-clinic-style-upgrades-to-train-more-dental-hygienists-amid-michigan-shortage-mecosta-county-ferris-state-university,20260922T001500Z,upnorthlive.com,English,United States,shortage,D6_교란행위,2026-09-22,[],0,NONE,Dental hygienist training,
42223266e5b3e84a79441439b538175b,Cecil B. Moore Library closure may be causing rift between elected officials,https://www.phillytrib.com/news/local_news/cecil-b-moore-library-closure-may-be-causing-rift-between-elected-officials/article_3ecda6c2-07ab-422b-b9a4-75a230ea3526.html,20260922T001500Z,phillytrib.com,English,,closure,D6_교란행위,2026-09-22,[],0,NONE,Library closure,
a21e17080f6435c408266ab73d721dfc,"U . S .- China Summit , PMI and Other Cant Miss Items this Week",https://finance.yahoo.com/economy/policy/articles/u-china-summit-pmi-other-170002981.html,20260922T001500Z,finance.yahoo.com,English,United States,crude oil,D2_품목,2026-09-22,[],0,NONE,,
290a4023af4c97e50c794fdf97c3f3cb,Why are cut fruits blacked out ? ,https://www.kosovarja-ks.com/en/2026/9/cut-fruits-blacked/,20260922T001500Z,kosovarja-ks.com,English,Kosovo,container,D2_품목,2026-09-22,[],0,NONE,Food preparation,
b692055a254528768e0d4f07dbcb3560,The most wanted egg - and - milk cake : Rich in Creatures and Nuts,https://www.kosovarja-ks.com/en/2026/9/egg-milk-cake-rich-creatures-nuts/,20260922T001500Z,kosovarja-ks.com,English,Kosovo,container,D2_품목,2026-09-22,[],0,NONE,Cake recipe,
010ae4cb21f2792a3852fe6f14cfe12a,"Researchers can make headphones leak audio through a wall , but the 30 - meter claim has a few caveats",https://www.techradar.com/pro/security/researchers-can-make-headphones-leak-audio-through-a-wall-but-the-30-meter-claim-has-a-few-caveats,20260922T001500Z,techradar.com,English,United Kingdom,carrier,D4_운송,2026-09-22,[],0,NONE,,
ce32aa3c599c860b38b1b7affafe4527,Xclusiv Shipbrokers Weekly 21st September 2026 | Hellenic Shipping News Worldwide,https://www.hellenicshippingnews.com/xclusiv-shipbrokers-weekly-21st-september-2026/,20260922T001500Z,hellenicshippingnews.com,English,,shipping,D4_운송,2026-09-22,[],0,NONE,,
dad00589c22888fb40e278f0638d979d,"Keralam CM Satheesan visits homes of flood victims , says  will take necessary precautions  ",https://aninews.in/news/national/general-news/keralam-cm-satheesan-visits-homes-of-flood-victims-says-will-take-necessary-precautions20260922052647/,20260922T001500Z,aninews.in,English,India,canal,D3_인프라,2026-09-22,[],0,NONE,,
f9cebdc076eee17ce9bd81e6b95f2ae1,"Scott shooting pushed Braxton Winston into public life . Ten years later , he reflects",https://www.wfae.org/race-equity/2026-09-21/scott-shooting-pushed-braxton-winston-into-public-life-ten-years-later-he-reflects,20260922T001500Z,wfae.org,English,United States,canal,D3_인프라,2026-09-22,[],0,NONE,,
d1eb5dcd6cd3583cb9b64ab6d9c478e7,Equipment issue delays over 400 flights at Logan Airport Monday,https://www.boston.com/news/local-news/2026/09/21/flight-delays-logan-airport/,20260922T000000Z,boston.com,English,United States,delay,D6_교란행위,2026-09-22,[],0,NONE,,
c41fa8daa13a417eb10fbbc3a2363c57,Resident Evil Veronica Reportedly Hit With Release Date Delay,https://comicbook.com/gaming/news/resident-evil-veronica-release-date-2027-delay/,20260922T000000Z,comicbook.com,English,United States,delay,D6_교란행위,2026-09-22,[],0,NONE,,
318ff332996a99ace4c9e971dec72d19,"Nvidia RTX 6080 Reportedly Delayed to 2028 , According to Leaker",https://www.ign.com/articles/nvidia-rtx-6080-reportedly-delayed-to-2028-according-to-leaker,20260922T000000Z,ign.com,English,United States,delay,D6_교란행위,2026-09-22,[],0,NONE,,
d729b7760734a13a1605251968234979,"New Kent Buc - ee will create more jobs than initially thought , official says – The Virginian - Pilot",https://www.pilotonline.com/2026/09/21/new-kent-buc-ees-will-create-more-jobs-that-initially-thought-official-says/,20260922T000000Z,pilotonline.com,English,United States,delay,D6_교란행위,2026-09-22,[],0,NONE,,
441985651be8be525447e4805b4b3948,"Palm Bay pool supporters rally as city weighs closure , search for partner",https://www.clickorlando.com/news/local/2026/09/21/palm-bay-pool-supporters-rally-as-city-weighs-closure-search-for-partner/,20260922T000000Z,clickorlando.com,English,United States,delay,D6_교란행위,2026-09-22,[],0,NONE,,
7c058851c6e5339b5ddafcc55b65484f,"New Kent Buc - ee will create more jobs that initially thought , official says – Daily Press",https://www.dailypress.com/2026/09/21/new-kent-buc-ees-will-create-more-jobs-that-initially-thought-official-says/,20260922T000000Z,dailypress.com,English,United States,delay,D6_교란행위,2026-09-22,[],0,NONE,,
1571d3ef49c57bf36976562c760a6786,"Appeals court favors Trump - backed Missouri congressional map , but Supreme Court will have final say",https://www.pilotonline.com/2026/09/21/us-election-2026-redistricting-missouri-again/,20260922T000000Z,pilotonline.com,English,United States,delay,D6_교란행위,2026-09-22,[],0,NONE,,
ea787e7bd7bc22cd70397b80524c1198,Appeals panel favors Trump - backed Missouri congressional map,https://www.wsbradio.com/news/national/appeals-court-favors/OR3HM2RKIYZJTPPPCPRMON2ZMQ/,20260922T000000Z,wsbradio.com,English,United States,delay,D6_교란행위,2026-09-22,[],0,NONE,,
f612507b5cbaff4729cc750c17ab787b,New tech to recharge batteries in seconds,https://www.canberratimes.com.au/story/9354787/new-tech-to-recharge-batteries-in-seconds/,20260922T000000Z,canberratimes.com.au,English,Australia,fleet,D4_운송,2026-09-22,[],0,NONE,,
f70a07e167041c396fe535634ea9ca18,Wabtec and La Compagnie du TransGuinéen Sign a $700 Million plus Rail Services Agreement,https://www.intelligencer.ca/press-releases/business-wire/wabtec-and-la-compagnie-du-transguineen-sign-a-700-million-plus-rail-services-agreement/,20260922T000000Z,intelligencer.ca,English,Canada,fleet,D4_운송,2026-09-22,[],0,NONE,,
46d45c2c2f0900d978bd13f4cf2f7fea,  Andy Burnham must stand up to Donald Trump as Iran conflict hits cost of living  ,https://www.mirror.co.uk/news/politics/burnham-trump-new-york-iran-37685812,20260922T000000Z,mirror.co.uk,English,United Kingdom,shortage,D6_교란행위,2026-09-22,[],0,NONE,,
ed8988cd0a17a198b3d59c350ecdfeee,Letters for Sept . 22 : Select Hampton police chief who will spread resources,https://www.pilotonline.com/2026/09/21/letters-for-sept-22-select-hampton-police-chief-who-will-spread-resources/,20260922T000000Z,pilotonline.com,English,United States,shortage,D6_교란행위,2026-09-22,[],0,NONE,,
73a1912b4dad9e05c5a7dcf951bc30c0,3 Horror Games Inspired by Classics That You Should Play This Spooky Season,https://comicbook.com/gaming/list/3-horror-games-inspired-by-classics-that-you-should-play-this-spooky-season/,20260922T000000Z,comicbook.com,English,United States,shortage,D6_교란행위,2026-09-22,[],0,NONE,,
205501d933f71632029d5fa7cc084c8e,Daisy Hill Hospital: Mother face 'nightmare' over maternity closure,https://www.bbc.co.uk/news/articles/cky8z2l5qxj6o,20260922T000000Z,bbc.co.uk,English,,closure,D6_교란행위,2026-09-22,[],0,NONE,Hospital closure,
d5ed7f65e0d8819568a2c93e8dddcff8,Full closure of I-285 in metro Atlanta planned this weekend,https://www.wsbradio.com/news/local/i-285-full-closure-metro-atlanta-planned-this-weekend/CMLP6LE4OZF6NBGIZDIUHNUGBA/,20260922T000000Z,wsbradio.com,English,,closure,D6_교란행위,2026-09-22,[],0,NONE,Road closure,
6182fe78777cb9d5a26d6a466d989965,Kilian Boulevard Road Closure,https://www.kvsc.org/kilian-boulevard-road-closure/,20260922T000000Z,kvsc.org,English,,closure,D6_교란행위,2026-09-22,[],0,NONE,Road closure,
797404a5d57d939b1528f907c197e104,PA ACA health insurance premium increases in 2027,https://whyy.org/articles/pennsylvania-health-insurance-premium-increase-pennie/,20260922T000000Z,whyy.org,English,United States,carrier,D4_운송,2026-09-22,[],0,NONE,,
ecf1bfc9650cde795cbf34d139885f02,Ground stop delays hundreds of flights at PHL following equipment failure,https://whyy.org/articles/ground-stop-phl-equipment-outage-delays/,20260922T000000Z,whyy.org,English,United States,congestion,D6_교란행위,2026-09-22,[],0,NONE,,
7e076b9bb11a07b4e25404b6bdffd2c6,"Why Grandma Saloon and Grill In Virginia , MN Is Closing",https://squatchrocks.com/ixp/164/p/grandmas-restaurant-iron-range-closing/,20260922T000000Z,squatchrocks.com,English,United States,canal,D3_인프라,2026-09-22,[],0,NONE,,
f51c482406e35f4a39b922c0ee4aeb1e,Police identify pedestrian killed in last week Erie Canal Road crash,https://www.wthitv.com:443/2026/09/21/police-identify-pedestrian-killed-last-weeks-erie-canal-road-crash/,20260922T000000Z,wthitv.com,English,United States,canal,D3_인프라,2026-09-22,[],0,NONE,,
cd4fe3ecb3eadd7ba33c15f1c4e80058,Pressure mounts on air traffic control boss after latest disruption,https://www.eppingforestguardian.co.uk/news/national/26569764.pressure-mounts-air-traffic-control-boss-latest-disruption/,20260922T000000Z,eppingforestguardian.co.uk,English,,disruption,D6_교란행위,2026-09-22,"[""KC_KoreanAir""]",1,NONE,Air traffic control,
547f2b40c56bba638936eff03295e0e6,"Việt Nam, Japan promote cooperation in semiconductor sector",https://vietnamnews.vn/Sci-Tech/1800237/viet-nam-japan-promote-cooperation-in-semiconductor-sector.html,20260922T000000Z,vietnamnews.vn,English,,semiconductor,D2_품목,2026-09-22,"[""KS_Construction""]",1,NONE,Vietnam-Japan semiconductor,
b0b71d9cb23c89db49c645ee436cb6f4,Trivium Matt Heafy Names 3 Metal Albums That Influenced Him,https://loudwire.com/trivium-matt-heafy-3-albums-influenced-him/,20260922T000000Z,loudwire.com,English,United States,reroute,D6_교란행위,2026-09-22,[],0,NONE,,
70a53c25c436df2714b95a0c5679d176,"Small, abundant PFAS could impair blood vessel development",https://cen.acs.org/environment/persistent-pollutants/tfa-pfas-vascular-issues/104/web/2026/09,20260922T000000Z,acs.org,English,,vessel,D4_운송,2026-09-22,"[""KC_HDC"", ""VT_Reefer""]",2,NONE,,
87b479b86d8685fc23a3c76b7b73a0f7,America air monitors are disappearing . So is your power to expose polluters . | National,https://www.suncommercial.com/banner_graphic/news/national/article_d7bff069-d6bd-575c-b360-829157996bb8.html,20260922T000000Z,suncommercial.com,English,United States,petrochemical,D2_품목,2026-09-22,"[""KC_KOMIPO"", ""KC_KoreanAir""]",2,NONE,Air monitor disappearance,
16f4147ab65f739307eb5fd516d37bc6,"Cubs aim to clinch playoff berth, face Marlins amid Alex Bregman injury concern",http://www.heraldglobe.com/news/279322295/cubs-aim-to-clinch-playoff-berth-face-marlins-amid-alex-bregman-injury-concern,20260922T000000Z,heraldglobe.com,English,,berth,D3_인프라,2026-09-22,[],0,NONE,Cubs playoff berth,
3349a81dc76c2eb5e04707fb5eaebf90,Guardians can make it simple for clinching a 2026 postseason berth: Keep winning,https://www.morningjournal.com/2026/09/21/guardians-can-make-it-simple-for-clinching-a-2026-postseason-berth-keep-winning/,20260922T000000Z,morningjournal.com,English,,berth,D3_인프라,2026-09-22,[],0,NONE,Guardians postseason,
