title,pub_date,language,event_status,disruption_type,trigger_location,event_summary,severity,recommended_alert_level,matched_entities,query_group,relevance,topic,url_hash
Trump Says Iran Will be  Blown Off The Face Of The Earth  If It Disrupts Passage Through Strait Of Hormuz,2026-05-04 19:45:00+00:00,English,THREAT,ROUTE,Iran,Trump threatens military action against Iran if it disrupts passage through Strait of Hormuz,8,Crisis,"[""CP_Hormuz"", ""CF_RareEarth""]",D1_초크포인트,HIGH,Hormuz disruption threat,bc60e1d7d7ba359137f592658c44bd31
US  destroys seven Iranian small boat as Trump calls on South Korea to help reopen Strait of Hormuz,2026-05-04 19:30:00+00:00,English,THREAT,ROUTE,Iran,US destroys seven Iranian small boats; Trump calls on South Korea to help reopen Strait of Hormuz,8,Crisis,"[""CP_Hormuz"", ""KC_KAI""]",D1_초크포인트,HIGH,Hormuz Korea involvement,2a314ff58b35c3297b1a3386d43f7b5b
UAE defends OPEC exit ; Warns Hormuz must stay open amid West Asia tensions,2026-05-04 19:30:00+00:00,English,THREAT,ROUTE,"UAE, West Asia",UAE exits OPEC and warns that the Strait of Hormuz must remain open amid escalating West Asia tensions.,8,Crisis,"[""CP_Hormuz""]",D1_초크포인트,HIGH,Hormuz passage security,bef90af5f5bedb266d36212be3f000f9
"What to know as US tries to open Strait of Hormuz , ceasefire wavers",2026-05-04 19:30:00+00:00,English,THREAT,ROUTE,"US, Strait of Hormuz","US attempts to open Strait of Hormuz as ceasefire negotiations waver, indicating potential maritime route tension.",8,Crisis,"[""CP_Hormuz""]",D1_초크포인트,HIGH,Hormuz opening effort,127379820a0b7b2567ac49915bf595b0
Israel  ready to attack Iran immediately  as Middle East on brink of new war,2026-05-04 19:30:00+00:00,English,THREAT,ROUTE,"Iran, Middle East",Israel prepares for immediate military action against Iran as Middle East tensions escalate toward potential new conflict,7,Warning,"[""EVT_Ukraine2022""]",D1_초크포인트,HIGH,Iran-Israel conflict,eee4200ecf5dd755baf122293e37dc76
U . S . And Iran Exchange Attacks For First Time Since April Ceasefire,2026-05-04 19:30:00+00:00,English,THREAT,ROUTE,"US, Iran","U.S. and Iran exchange attacks for first time since April ceasefire, escalating military tensions in the region.",7,Warning,"[""KC_LotteConst""]",D1_초크포인트,HIGH,US-Iran military exchange,21b2b43d0cd41d95875c003f122d2eaf
Bessent optismistic oil prices will come down with Project Freedom,2026-05-04 19:30:00+00:00,English,IRRELEVANT,,,US Treasury Secretary Bessent expresses optimism that oil prices will decline through Project Freedom initiative.,0,Normal,"[""CF_CrudeOil""]",D1_초크포인트,HIGH,Oil price decline forecast,50ae824f55ffcc6486c324e81535bff4
US says it sank Iranian boats after attacks on shipping,2026-05-04 19:30:00+00:00,English,THREAT,ROUTE,Iran,US military sinks Iranian boats following attacks on shipping vessels,6,Warning,"[""POL_ShippingReroute""]",D1_초크포인트,HIGH,Hormuz shipping attack,6b539fc3f22dd7e7dd188af36ad99394
"US , Iran Trade Shots As US Starts Escorting Ships Through Strait Of Hormuz | NewsRadio 1370 AM & 92 . 9 FM WSPD",2026-05-04 19:30:00+00:00,English,THREAT,ROUTE,"US, Iran",US and Iran exchange military fire; US begins escorting ships through Strait of Hormuz,8,Crisis,[],D1_초크포인트,HIGH,Hormuz Escort Conflict,66c915f457ba7b1d19ae5f92e1595dd7
"The Fight for the Strait of Hormuz Is Under Way After weeks of drift and wishful thinking , the United States appears to have begun the effort to reopen one of the world most critical shipping lanes . By Aaron MacLean",2026-05-04 19:30:00+00:00,English,THREAT,ROUTE,Strait of Hormuz,US begins effort to reopen the Strait of Hormuz after a period of inaction and diplomatic uncertainty.,8,Crisis,"[""CP_Hormuz"", ""POL_ShippingReroute"", ""KC_LotteConst""]",D1_초크포인트,HIGH,Hormuz reopening campaign,181aacc6ce653de45f8c126cff230d14
Trump has a new Strait of Hormuz plan . The market isnt buying it,2026-05-04 19:15:00+00:00,English,THREAT,ROUTE,Strait of Hormuz,"Trump administration presents a new policy plan for the Strait of Hormuz, but market reaction is skeptical.",5,Caution,"[""CP_Hormuz""]",D1_초크포인트,HIGH,Hormuz shipping plan,af23a1053c61dcd3d8f8e0726740ed07
"US says it destroyed 6 Iranian boats , intercepted missiles in Strait of Hormuz clash",2026-05-04 19:15:00+00:00,English,THREAT,ROUTE,Strait of Hormuz,US military destroyed 6 Iranian boats and intercepted missiles during a clash in the Strait of Hormuz,8,Crisis,"[""CP_Hormuz""]",D1_초크포인트,HIGH,Hormuz military action,b526720f585fa49b1f78ac45f4633202
U . S . Contradicts Iranian Claim of Hitting Our Warship in Hormuz Strait,2026-05-04 19:15:00+00:00,English,THREAT,ROUTE,Hormuz Strait,U.S. contradicts Iranian claim of hitting a U.S. warship in the Hormuz Strait,7,Warning,"[""CP_Hormuz""]",D1_초크포인트,HIGH,Hormuz military clash,3645636a9417fcdbdc3e0f97226f9857
"US claims progress in reopening Strait of Hormuz , saying 2 merchant ships have transited",2026-05-04 19:15:00+00:00,English,THREAT,ROUTE,Strait of Hormuz,US claims progress in reopening Strait of Hormuz with 2 merchant ships having transited,7,Warning,"[""CP_Hormuz"", ""KC_Changkum""]",D1_초크포인트,HIGH,Hormuz transit progress,12f75d0040ee65a3fb229fe8c45c6812
"US , Iran Trade Shots As US Starts Escorting Ships Through Strait Of Hormuz | NewsTalk WMEQ",2026-05-04 19:00:00+00:00,English,THREAT,ROUTE,"US, Iran",US and Iran exchange military fire; US begins escorting ships through Strait of Hormuz,8,Crisis,"[""CP_Hormuz""]",D1_초크포인트,HIGH,Hormuz Escort Conflict,6c91459757b4919dada987e3908b2928
"US , Iran Trade Shots As US Starts Escorting Ships Through Strait Of Hormuz | Newsradio WOOD 1300 and 106 . 9 FM",2026-05-04 19:00:00+00:00,English,THREAT,ROUTE,"US, Iran",US begins escorting ships through Strait of Hormuz amid US-Iran military tensions,8,Crisis,"[""CP_Hormuz"", ""KC_LotteConst""]",D1_초크포인트,HIGH,Hormuz Escort Conflict,0220ffa5541f1e9a9c2f7c181717b49f
UAE says Iran has resumed attacks as the US moves to reopen the Strait of Hormuz,2026-05-04 19:00:00+00:00,English,THREAT,ROUTE,"UAE, Iran",UAE reports Iran has resumed attacks while US moves to reopen the Strait of Hormuz,8,Crisis,"[""CP_Hormuz""]",D1_초크포인트,HIGH,Hormuz Iran Attacks,ab1d3f704cf7c19ab760a9cb7ac3a7d3
"Iranian attack on UAE : 3 missiles intercepted , fire at oil facility hit by drone",2026-05-04 18:45:00+00:00,English,THREAT,SOURCE,UAE,Iranian attack on UAE results in 3 missiles intercepted and drone strike on oil facility,7,Warning,"[""CF_CrudeOil""]",D1_초크포인트,HIGH,UAE oil facility attack,47ac456310050bfa376ceebae43adee5
U . S . guides ships through Strait of Hormuz,2026-05-04 18:30:00+00:00,English,THREAT,ROUTE,Strait of Hormuz,"U.S. guides ships through Strait of Hormuz, indicating active maritime security operation in critical chokepoint.",7,Warning,"[""CP_Hormuz""]",D1_초크포인트,HIGH,US Hormuz guidance,12c41b09a7dc815aa7fc7e6883502512
UAE claims Iran launched Drone Strike on ADNOC Oil Tanker in Hormuz,2026-05-04 18:15:00+00:00,English,THREAT,ROUTE,UAE / Hormuz,UAE claims Iran launched a drone strike on an ADNOC oil tanker in the Hormuz region,8,Crisis,"[""VT_ChemTanker"", ""CF_CrudeOil""]",D1_초크포인트,HIGH,Oil tanker attack,accfce53930f7d43cd1cbcc5ad1ef813
US Military Sank 7 Iranian Boats in Strait of Hormuz Following Iranian Attacks,2026-05-04 18:15:00+00:00,English,THREAT,ROUTE,Strait of Hormuz,US military sank 7 Iranian boats in Strait of Hormuz following Iranian attacks,8,Crisis,"[""CP_Hormuz""]",D1_초크포인트,HIGH,Hormuz military clash,63906767b7228e4d0ddef0b86addc832
"US , Iran Trade Shots As US Starts Escorting Ships Through Strait Of Hormuz",2026-05-04 18:15:00+00:00,English,THREAT,ROUTE,"US, Iran",US begins escorting ships through Strait of Hormuz amid US-Iran military tensions,8,Crisis,"[""CP_Hormuz""]",D1_초크포인트,HIGH,Hormuz Escort Conflict,0832df5d900898b8a8efb3afb9cf14fb
Ceasefire Day 27 : Standoff in Hormuz Strait Intensifies,2026-05-04 17:45:00+00:00,English,THREAT,ROUTE,Hormuz Strait,Ceasefire day 27 reports an intensifying standoff in the Hormuz Strait,9,Crisis,"[""CP_Hormuz""]",D1_초크포인트,HIGH,Hormuz standoff,a954c80607d4a1d0255176fce5d84fdd
UAE Fujairah says fire breaks out at petroleum complex after Iranian drone attack,2026-05-04 17:45:00+00:00,English,THREAT,SOURCE,UAE,Fire breaks out at Fujairah petroleum complex following Iranian drone attack,7,Warning,"[""POL_SPR"", ""FP_Fujairah""]",D1_초크포인트,HIGH,UAE refinery attack,4b52e08b4413cb0d74f6eb5547a3ab0d
"Fire , explosion hit South Korean - run vessel in Strait of Hormuz",2026-05-04 17:30:00+00:00,English,DISRUPTION,LOGISTICS,Strait of Hormuz,Fire and explosion incident reported on a South Korean-operated vessel in the Strait of Hormuz.,7,Warning,"[""VT_Reefer"", ""KC_KoreanAir""]",D1_초크포인트,HIGH,Korean vessel Hormuz,0bea5d23b9e8f6aa929bcf2f6b9da06c
Trump issues statement as UAE reports missile and drone strikes,2026-05-04 17:30:00+00:00,English,THREAT,ROUTE,UAE,Trump issues statement as UAE reports missile and drone strikes,6,Warning,"[""KC_LotteConst""]",D1_초크포인트,HIGH,UAE missile strikes,4ff72fc577077644c91a4437e8da63f0
Oil surges as Strait of Hormuz tensions escalate after UAE drone strike,2026-05-04 17:30:00+00:00,English,THREAT,ROUTE,UAE,Oil prices surge following escalated tensions in the Strait of Hormuz after a UAE drone strike,8,Crisis,"[""CF_CrudeOil""]",D1_초크포인트,HIGH,Oil price surge Hormuz,4c802ed132505f03d96a8a3397fa3c2d
Iran says it turned back US warship from Strait of Hormuz,2026-05-04 17:15:00+00:00,English,THREAT,ROUTE,"Iran, Strait of Hormuz",Iran claims it turned back a US warship from the Strait of Hormuz,7,Warning,"[""CP_Hormuz""]",D1_초크포인트,HIGH,Hormuz strait access,b491679afbbcee40eeca70bc4f01712c
United Arab Emirates issues another missile alert as tensions rise over Strait of Hormuz,2026-05-04 17:15:00+00:00,English,THREAT,ROUTE,United Arab Emirates,UAE issues missile alert as tensions rise over Strait of Hormuz,8,Crisis,[],D1_초크포인트,HIGH,UAE missile alert,494d69966511a855c897d50dc792d9d6
Fire on South Korean Ship in Strait of Hormuz,2026-05-04 17:15:00+00:00,English,DISRUPTION,LOGISTICS,Strait of Hormuz,Fire reported on a South Korean vessel operating in the Strait of Hormuz,7,Warning,"[""CP_Hormuz"", ""KC_KoreanAir""]",D1_초크포인트,HIGH,Korean ship fire,ba07237c11b94a8ed2db1bf30ef44062
"US denies Iranian reports of strike on warship , says ships transit Hormuz",2026-05-04 17:00:00+00:00,English,THREAT,ROUTE,"Iran, US",US denies Iranian reports of strike on warship; confirms ships continue transiting Hormuz Strait,7,Warning,"[""CP_Hormuz""]",D1_초크포인트,HIGH,Hormuz passage resumption,bf98450b0923e6c089172a6241b6f382
"US launches Project Freedom , begins escorting ships through Hormuz",2026-05-04 17:00:00+00:00,English,THREAT,ROUTE,"US, Hormuz",US launches Project Freedom and begins escorting ships through Hormuz Strait to counter regional threats to maritime commerce,7,Warning,"[""CP_Hormuz""]",D1_초크포인트,HIGH,Hormuz escort operation,e4d66e50674e6e47200c232eab4294d2
The Latest : Trump launches a new effort to reopen the Strait of Hormuz,2026-05-04 17:00:00+00:00,English,THREAT,ROUTE,Strait of Hormuz,Trump launches a new effort to reopen the Strait of Hormuz,8,Crisis,"[""CP_Hormuz""]",D1_초크포인트,HIGH,Hormuz reopening effort,a25f7fd4487fe9a3537c48277d0dcd9f
The UAE says Iran resumes attacks as the U . S . moves to reopen the Strait of Hormuz,2026-05-04 17:00:00+00:00,English,THREAT,ROUTE,UAE / Iran,UAE reports Iran has resumed attacks as the US attempts to reopen the Strait of Hormuz,8,Crisis,"[""CP_Hormuz""]",D1_초크포인트,HIGH,Iran attacks resume,40440437104ac640b274dcc113f50702
"US claims progress in reopening Strait of Hormuz , ships have transited",2026-05-04 16:45:00+00:00,English,THREAT,ROUTE,US,US reports progress in reopening the Strait of Hormuz with ships successfully transiting the waterway.,7,Warning,"[""CP_Hormuz""]",D1_초크포인트,HIGH,Hormuz reopening progress,70a0e18e2cddb9c5d9692d68ff1f41dd
Global oil prices top $114 a barrel on worries over supply disruptions due to renewed Middle East tensions,2026-05-04 16:45:00+00:00,English,THREAT,SOURCE,Middle East,Global oil prices rise above $114/barrel amid concerns over potential supply disruptions stemming from escalating Middle East tensions,7,Warning,"[""CF_CrudeOil""]",D1_초크포인트,HIGH,Oil price surge,81143534d4dde7d4ef25ffb822f363f6
"Fire , explosion hit South Korean - run vessel in Strait of Hormuz , Seoul says",2026-05-04 16:30:00+00:00,English,DISRUPTION,LOGISTICS,Strait of Hormuz,Fire and explosion occurred on a South Korean-operated vessel in the Strait of Hormuz.,7,Warning,"[""VT_Reefer"", ""KC_KoreanAir""]",D1_초크포인트,HIGH,Korean vessel Hormuz,1cfc5d043825373992c5c2e2719deb55
US claims progress in reopening the Strait of Hormuz,2026-05-04 16:30:00+00:00,English,THREAT,ROUTE,US,US claims progress in reopening the Strait of Hormuz,7,Warning,"[""CP_Hormuz""]",D1_초크포인트,HIGH,Hormuz Reopening,7530fae0ccb946666dfa2c0cf9beb917
"US claims progress in reopening the Strait of Hormuz , saying 2 merchant ships have transited",2026-05-04 16:30:00+00:00,English,THREAT,ROUTE,Strait of Hormuz,US reports progress in reopening the Strait of Hormuz with 2 merchant ships having transited.,7,Warning,"[""CP_Hormuz"", ""KC_Changkum""]",D1_초크포인트,HIGH,Hormuz transit progress,50d506fe904ff0b2af152d695d616a0b
Last Middle East oil shipment reportedly reaches Long Beach amid rising gas prices,2026-05-04 16:15:00+00:00,English,DISRUPTION,SOURCE,Long Beach,Last Middle East oil shipment reportedly arrives at Long Beach port amid rising gas prices.,7,Warning,"[""CF_CrudeOil"", ""KC_SKGas""]",D1_초크포인트,HIGH,Oil shipment arrival,8fe5f20bb4dcbf313505d833b32c0348
US Navy destroyers operating in Gulf after transiting Strait of Hormuz : CENTCOM,2026-05-04 16:15:00+00:00,English,THREAT,ROUTE,Gulf,"US Navy destroyers operating in Gulf after transiting Strait of Hormuz, per CENTCOM report",6,Warning,"[""CP_Hormuz""]",D1_초크포인트,HIGH,Hormuz transit operations,3ca0b5d70544d32704b7f4ca91f6ad89
Iran says it forced US warship back from Strait of Hormuz,2026-05-04 16:15:00+00:00,English,THREAT,ROUTE,Strait of Hormuz,Iran claims it forced a US warship away from the Strait of Hormuz.,8,Crisis,"[""CP_Hormuz""]",D1_초크포인트,HIGH,Hormuz strait closure risk,0b5b4078118ec69655e46d80e696dfc8
US directs ships to transit Strait of Hormuz through Oman territorial waters,2026-05-04 16:15:00+00:00,English,THREAT,ROUTE,Strait of Hormuz / Oman,US directs ships to transit Strait of Hormuz through Oman territorial waters instead of standard routes,7,Warning,"[""CP_Hormuz"", ""BP_OmanLand""]",D1_초크포인트,HIGH,Hormuz transit routing,834504afcbb690fdbfc62c0e6beb9c26
U . S . Military : Two Merchant Vessels Successfully Traversed Strait of Hormuz,2026-05-04 15:45:00+00:00,English,THREAT,ROUTE,Strait of Hormuz,U.S. Military reports two merchant vessels successfully traversed the Strait of Hormuz,3,Normal,"[""CP_Hormuz"", ""KC_Changkum""]",D1_초크포인트,HIGH,Merchant vessels transit,0e32ec63baee087b943aa90adafdba6c
Iran and U . S . Both Say They Have Broken Through Each Other Hormuz Blockade,2026-05-04 15:45:00+00:00,English,THREAT,ROUTE,"Iran, U.S.",Iran and U.S. both claim to have broken through each other's blockade of Hormuz.,7,Warning,"[""CP_Hormuz"", ""KC_LotteConst""]",D1_초크포인트,HIGH,Hormuz blockade status,6e2662f215381e4aab61eafd24df52d8
"US claims progress in reopening the Strait of Hormuz , saying two merchant ships have transited - Boston News , Weather , Sports",2026-05-04 15:45:00+00:00,English,THREAT,ROUTE,Strait of Hormuz,US reports progress in reopening the Strait of Hormuz with two merchant ships having transited.,7,Warning,"[""CP_Hormuz"", ""KC_Changkum""]",D1_초크포인트,HIGH,Hormuz Passage Resume,b84a884f27a4f3f2a02d6aad275958c8
US says two American - flagged merchant vessels have transited the Strait of Hormuz,2026-05-04 15:45:00+00:00,English,THREAT,ROUTE,Strait of Hormuz,US reports two American-flagged merchant vessels have successfully transited the Strait of Hormuz.,2,Normal,"[""KC_Changkum""]",D1_초크포인트,HIGH,Hormuz transit resumed,01663529f1fab94d1cd75d6f2d49f6d8
"US Will Aid Ships Stuck in Strait of Hormuz , Trump Says",2026-05-04 15:45:00+00:00,English,THREAT,ROUTE,Strait of Hormuz,"US pledges to aid ships stuck in Strait of Hormuz, indicating potential maritime congestion or blockade risk at the chokepoint.",8,Crisis,"[""CP_Hormuz""]",D1_초크포인트,HIGH,Hormuz passage assistance,2a3adebb7e63b6653ab1d368fc196c79
South Korea verifying if vessel was hit in Hormuz,2026-05-04 15:30:00+00:00,English,THREAT,ROUTE,Hormuz,South Korea is verifying whether one of its vessels was hit in the Hormuz Strait.,7,Warning,"[""CP_Hormuz"", ""VT_Reefer"", ""KC_KAI""]",D1_초크포인트,HIGH,Korean vessel Hormuz hit,23989f279af8df1b345309b25e9ff0fe
UAE issues missile warning as rising tensions risk US - Iran truce,2026-05-04 15:30:00+00:00,English,THREAT,ROUTE,UAE,"UAE issues missile warning as US-Iran tensions escalate, risking disruption to regional stability.",7,Warning,[],D1_초크포인트,HIGH,UAE missile warning,38365e20c20a12e800a34841cc4b7743
US denies Iran struck a military vessel during new effort to reopen Strait of Hormuz,2026-05-04 15:15:00+00:00,English,THREAT,ROUTE,Iran,US denies Iran struck a military vessel during efforts to reopen the Strait of Hormuz,7,Warning,"[""VT_Reefer""]",D1_초크포인트,HIGH,Iran military incident,5cd2b6f799647cb05cfa7cfa30ec0827
Iran latest : US to begin escorting stranded ships from Strait of Hormuz,2026-05-04 15:00:00+00:00,English,THREAT,ROUTE,Strait of Hormuz,US announces plan to escort stranded ships from the Strait of Hormuz amid Iran tensions,8,Crisis,"[""CP_Hormuz""]",D1_초크포인트,HIGH,US escort operations,b18bbcf66c0a80b3d3b151d932ce287a
"Khamenei adviser dismisses Trump threats , says Iran controls key supply routes",2026-05-04 15:00:00+00:00,English,THREAT,ROUTE,Iran,Iranian official dismisses Trump threats and asserts Iran's control over key supply routes.,7,Warning,[],D1_초크포인트,HIGH,Iran supply route control,74d0ab2f058eafcee6ab8c98513fade2
CENTCOM Activates Mission in Strait of Hormuz,2026-05-04 14:45:00+00:00,English,THREAT,ROUTE,Strait of Hormuz,CENTCOM activates mission in Strait of Hormuz,8,Crisis,"[""CP_Hormuz""]",D1_초크포인트,HIGH,CENTCOM Hormuz mission,7da2a8e7f811df01ae5c28b8a27b4306
US denies Iranian claim that it hit American warship trying to enter Strait of Hormuz,2026-05-04 14:45:00+00:00,English,THREAT,ROUTE,Iran,US denies Iranian claim of hitting American warship attempting to enter Strait of Hormuz,7,Warning,[],D1_초크포인트,HIGH,Hormuz military incident,ee90aeb2527d84337a12e525ddadef46
Trump says  Project Freedom  will guide  innocent bystander  ships through Strait of Hormuz,2026-05-04 14:30:00+00:00,English,THREAT,ROUTE,Strait of Hormuz,Trump announces Project Freedom initiative to escort innocent bystander ships through Strait of Hormuz,7,Warning,"[""CP_Hormuz""]",D1_초크포인트,HIGH,Project Freedom mission,47872f48f55082eacbd4a4f342261599
Strait of Hormuz disruption : Japan warns of wide impact on Asia - Pacific,2026-05-04 14:30:00+00:00,English,THREAT,ROUTE,Strait of Hormuz,Japan warns of wide impact on Asia-Pacific region from Strait of Hormuz disruption,8,Crisis,"[""CP_Hormuz"", ""EVT_Ukraine2022"", ""EVT_Japan2019""]",D1_초크포인트,HIGH,Hormuz Asia impact,f33a024c355a46485a1bbc9d9a2e0aa5
Qatar strongly condemns targeting of UAE ADNOC tanker in Strait of Hormuz,2026-05-04 14:30:00+00:00,English,THREAT,ROUTE,Strait of Hormuz,"Qatar condemns targeting of UAE ADNOC tanker in Strait of Hormuz, indicating escalating tension in the region.",7,Warning,"[""CP_Hormuz"", ""VT_ChemTanker""]",D1_초크포인트,HIGH,Hormuz tanker attack,4928c55b46ae836ff7340beacbd1d456
US warship struck by missiles near Strait of Hormuz : Reports,2026-05-04 14:30:00+00:00,English,THREAT,ROUTE,Strait of Hormuz,US warship struck by missiles near Strait of Hormuz,8,Crisis,"[""CP_Hormuz""]",D1_초크포인트,HIGH,Hormuz warship strike,8c556c61df01f7649e1f1d7253479b91
The UAE Says Their Oil Tanker Was Attacked By Two Iranian Drones In The Strait Of Hormuz . ,2026-05-04 14:30:00+00:00,English,THREAT,ROUTE,Strait of Hormuz,UAE reports its oil tanker was attacked by two Iranian drones in the Strait of Hormuz,8,Crisis,"[""CP_Hormuz"", ""VT_ChemTanker"", ""CF_CrudeOil""]",D1_초크포인트,HIGH,Hormuz tanker drone attack,f0606dfaf82ec18156a88855b95a2b06
"Wall Street holds , oil prices climb with Strait of Hormuz uncertainty",2026-05-04 14:30:00+00:00,English,THREAT,ROUTE,Strait of Hormuz,Oil prices rise amid geopolitical uncertainty surrounding the Strait of Hormuz; financial markets respond to supply route risk.,8,Crisis,"[""CP_Hormuz"", ""CF_CrudeOil""]",D1_초크포인트,HIGH,Oil price Hormuz uncertainty,cce771e1ab37750e10b53669cbb6101f
US claims progress in lifting Iran control of the Strait of Hormuz,2026-05-04 14:30:00+00:00,English,THREAT,ROUTE,Iran,US claims progress in lifting Iran's control of the Strait of Hormuz,8,Crisis,[],D1_초크포인트,HIGH,Hormuz Control Lift,cc2e80cacf0768b3b1495da7c9eab921
U . S . denies Iran claim of striking American vessel in Strait of Hormuz - National,2026-05-04 14:30:00+00:00,English,THREAT,ROUTE,Strait of Hormuz,U.S. denies Iranian claim of striking an American vessel in the Strait of Hormuz,7,Warning,"[""VT_Reefer""]",D1_초크포인트,HIGH,Iran vessel strike denial,4974f67f1fc1e6e70e052c374d294fe2
US ships pass through the Strait of Hormuz,2026-05-04 14:15:00+00:00,English,THREAT,ROUTE,Strait of Hormuz,US ships transit through the Strait of Hormuz,2,Normal,"[""CP_Hormuz""]",D1_초크포인트,HIGH,US Hormuz passage,62712ad9ad9c876db6dbf74391ad4866
UAE accuses Iran of drone attack on tanker in Strait of Hormuz,2026-05-04 14:15:00+00:00,English,THREAT,ROUTE,UAE / Strait of Hormuz,UAE accuses Iran of conducting a drone attack on a tanker in the Strait of Hormuz,8,Crisis,"[""VT_ChemTanker""]",D1_초크포인트,HIGH,Hormuz tanker attack,05210ee1f626ccedddd5a795daf9e1e8
President Trump says US will start guiding stranded ships from Strait of Hormuz,2026-05-04 14:15:00+00:00,English,THREAT,ROUTE,Strait of Hormuz,President Trump announces US will begin guiding stranded ships transiting the Strait of Hormuz,7,Warning,"[""CP_Hormuz""]",D1_초크포인트,HIGH,Hormuz passage operation,da1e301d6bca47c423cf80cdb64b1387
Maersk welcomes US plan for Hormuz transit - BN,2026-05-04 14:15:00+00:00,English,THREAT,ROUTE,US,"Maersk welcomes US plan for Hormuz transit, indicating US efforts to secure or maintain shipping access through the Strait of Hormuz.",6,Warning,[],D1_초크포인트,HIGH,Hormuz Transit Plan,33c0997c11563022fe736a3d2ca04eb7
"US claims progress in reopening the Strait of Hormuz , saying two merchant ships have transited",2026-05-04 14:15:00+00:00,English,THREAT,ROUTE,Strait of Hormuz,US reports progress in reopening the Strait of Hormuz with two merchant ships having transited.,6,Warning,"[""CP_Hormuz"", ""KC_Changkum""]",D1_초크포인트,HIGH,Hormuz Passage Resume,a9afd9abfeba68cf312b21a3dee1fecd
IRGC claims to hit US Navy frigate after ignoring Iran warning,2026-05-04 14:00:00+00:00,English,THREAT,ROUTE,Iran,IRGC claims to have struck a US Navy frigate after the US ignored an Iranian warning.,6,Warning,[],D1_초크포인트,HIGH,Hormuz military action,1b6b2b26abccda78c916be529cec81a0
 [ Breaking ] Korean - flagged vessel sustains suspected strike in Hormuz ; no casualties reported,2026-05-04 14:00:00+00:00,English,THREAT,ROUTE,Hormuz,Korean-flagged vessel sustains suspected strike in Hormuz Strait with no casualties reported.,7,Warning,"[""CP_Hormuz"", ""VT_Reefer"", ""KC_KoreanAir""]",D1_초크포인트,HIGH,Korean vessel strike,c838374dc3e3d2eadaf3121ef4c95408
Iran live updates : Trump  Project Freedom  begins Monday amid attacks in strait,2026-05-04 13:45:00+00:00,English,THREAT,ROUTE,Iran/Strait,"Trump administration begins 'Project Freedom' Monday amid reports of attacks in strait, raising tensions in Iranian waters.",7,Warning,[],D1_초크포인트,HIGH,Hormuz escort mission,47da0cd2e3dbc11dd65b3761a461ccba
Iran claims missiles hit US warship near Hormuz after warning ignored,2026-05-04 13:45:00+00:00,English,THREAT,ROUTE,Hormuz,Iran claims to have fired missiles at a US warship near the Strait of Hormuz after the vessel ignored a warning.,8,Crisis,"[""CP_Hormuz""]",D1_초크포인트,HIGH,Hormuz strait threat,9440264bb719257da0408fa44b116284
Task force tells ships to reroute on 1st day reopening strait,2026-05-04 13:45:00+00:00,English,DISRUPTION,ROUTE,,A task force directs ships to reroute on the first day of strait reopening,6,Warning,"[""POL_ShippingReroute""]",D1_초크포인트,HIGH,Hormuz rerouting directive,4522e07166425a0580224a94c2c8b412
Missile alert sounded in United Arab Emirates for first time since ceasefire with Iran . ,2026-05-04 13:45:00+00:00,English,THREAT,ROUTE,United Arab Emirates,"Missile alert sounded in UAE for first time since ceasefire with Iran, indicating renewed geopolitical tension.",6,Warning,[],D1_초크포인트,HIGH,UAE missile alert,796b257460389e435af4af5c70a623f5
2 US merchant ships have successfully transited through Strait of Hormuz : US military,2026-05-04 13:30:00+00:00,English,THREAT,ROUTE,Strait of Hormuz,Two US merchant ships successfully transited through Strait of Hormuz according to US military report,2,Normal,"[""CP_Hormuz"", ""KC_Changkum""]",D1_초크포인트,HIGH,Hormuz transit success,d7f1d7083b3b13fa6dcdd3f5a1e24480
Iranian military claims it prevented US Navy ships from entering Strait of Hormuz,2026-05-04 13:30:00+00:00,English,THREAT,ROUTE,Iran,Iranian military claims it prevented US Navy ships from entering Strait of Hormuz,8,Crisis,"[""CP_Hormuz""]",D1_초크포인트,HIGH,Hormuz access restriction,dcc71310fed3513b73dedd340fbaf650
"Pentagon Hails Two US Merchant Ships Safely Exiting Strait , As Iran Vows Attack On US Navy Entering Hormuz",2026-05-04 13:30:00+00:00,English,THREAT,ROUTE,"Iran, Strait of Hormuz",Pentagon reports two US merchant ships safely exited the Strait while Iran vows to attack US Navy vessels entering Hormuz.,7,Warning,"[""CP_Hormuz"", ""KC_Changkum""]",D1_초크포인트,HIGH,Hormuz shipping passage,ec334ccfe52f8a5b8cd3990b866aa6bc
Hell in the Persian Gulf : Iran strikes US Navy frigate with 2 missiles near Hormuz – New humiliation for Trump,2026-05-04 13:30:00+00:00,English,THREAT,ROUTE,Persian Gulf,Iran strikes US Navy frigate with 2 missiles near Hormuz Strait,8,Crisis,"[""CP_Hormuz""]",D1_초크포인트,HIGH,Iran-US Hormuz clash,5f022dc9a541be8541f4fab495e17c39
UAE condemns Iran drone attack on Hormuz oil tanker,2026-05-04 13:30:00+00:00,English,THREAT,ROUTE,UAE,"UAE condemns Iran drone attack on an oil tanker in the Hormuz area, escalating tensions in a critical shipping chokepoint.",8,Crisis,"[""VT_ChemTanker"", ""CF_CrudeOil""]",D1_초크포인트,HIGH,Iran tanker attack,e4a0667c4218d7ff466f6d230b020b9f
Iran issues warning to US to stay out of the Strait of Hormuz,2026-05-04 13:30:00+00:00,English,THREAT,ROUTE,Iran,Iran issues a warning to the US to stay out of the Strait of Hormuz,8,Crisis,"[""CP_Hormuz""]",D1_초크포인트,HIGH,Iran Hormuz warning,51bc4c7c5ffe262beb8b2ca89ce5473d
Εξαντλείται η υπομονή του Τραμπ με το αδιέξοδο « ούτε συμφωνία ούτε πόλεμος » στο Ιράν : Πώς κατέληξε στο σχέδιο « Ελευθερία » για το Ορμούζ,2026-05-04 13:30:00+00:00,English,THREAT,ROUTE,Iran,Trump administration's patience with Iran diplomatic impasse wears thin; plan 'Freedom' for Hormuz Strait mentioned in context of escalating tensions.,8,Crisis,"[""CP_Hormuz""]",D1_초크포인트,HIGH,Hormuz reopening plan,5ac536228433d21b27e422db9b787215
US denies Iran struck military vessel during effort to reopen Strait of Hormuz,2026-05-04 13:30:00+00:00,English,THREAT,ROUTE,Iran,US denies Iran struck military vessel during effort to reopen Strait of Hormuz,7,Warning,"[""VT_Reefer""]",D1_초크포인트,HIGH,Hormuz Military Incident,a19bdb8ef2741c816de0a6fe6cc12ec8
Trump  Project Freedom  kicks off : US Navy to guide hundreds of stranded ships out of mine - filled Strait of Hormuz,2026-05-04 13:30:00+00:00,English,DISRUPTION,ROUTE,Strait of Hormuz,US Navy initiates Project Freedom to guide hundreds of stranded ships out of mine-filled Strait of Hormuz,8,Crisis,"[""CP_Hormuz""]",D1_초크포인트,HIGH,Project Freedom Navy,26508b1011caad713e8b38b48ff82010
U . S . offers to guide ships through Strait of Hormuz,2026-05-04 13:30:00+00:00,English,THREAT,ROUTE,United States,U.S. offers to guide ships through Strait of Hormuz,7,Warning,"[""CP_Hormuz""]",D1_초크포인트,HIGH,Hormuz ship guidance,f32c128fd87b58cf187f048210f1be3e
Shipping giant MSC opens new trade route to bypass Hormuz disruption,2026-05-04 13:30:00+00:00,English,DISRUPTION,ROUTE,Hormuz,MSC opens new trade route to bypass Hormuz disruption,7,Warning,"[""CP_Hormuz"", ""EVT_Ukraine2022"", ""POL_ShippingReroute""]",D1_초크포인트,HIGH,MSC Hormuz bypass,c4745feced14b694d150567fe7fc25e2
  It an admission : New scramble said to be a confession of major Trump failure,2026-05-04 19:45:00+00:00,English,IRRELEVANT,,,Opinion piece discussing a Trump administration policy failure; no maritime supply chain disruption content,0,Normal,[],D1_초크포인트,MEDIUM,Hormuz policy debate,316c88ee8483fbb7a85208405c6b40a4
"Trump says US shot down 7 Iranian boats , urges South Korea to join  Project Freedom  ",2026-05-04 19:45:00+00:00,English,THREAT,ROUTE,Iran,Trump announces US military action against Iranian boats and calls for South Korea to join Project Freedom initiative,6,Warning,"[""KC_KAI""]",D1_초크포인트,MEDIUM,Korea military request,6d2aaa6a34db15d8e189bbb6b1fdbb35
"Trump warns Iran against striking US vessels , escalating tension",2026-05-04 19:30:00+00:00,English,THREAT,ROUTE,Iran,"Trump warns Iran against striking US vessels, escalating military tensions",5,Caution,[],D1_초크포인트,MEDIUM,Iran-US escalation,941dfd3eaf513d031d23fecc8070516e
Trump : Iranian attacks in Hormuz caused no major damage,2026-05-04 19:30:00+00:00,English,THREAT,ROUTE,Iran,Trump states that Iranian attacks in Hormuz caused no major damage,6,Warning,"[""CP_Hormuz""]",D1_초크포인트,MEDIUM,Iranian attack damage,0354a9f29509e3516b1203de70023144
US releases Touska container ship crew : Why it matters,2026-05-04 19:15:00+00:00,English,IRRELEVANT,,US,US releases Touska container ship crew,0,Normal,"[""VT_Container"", ""CF_EuroContainer""]",D1_초크포인트,MEDIUM,Vessel crew release,cdc63807e5f75b6758d71d58329793ab
Iran resumes attacks on UAE,2026-05-04 19:15:00+00:00,English,THREAT,ROUTE,UAE,"Iran resumes attacks on UAE, escalating regional military tensions.",6,Warning,[],D1_초크포인트,MEDIUM,Iran attacks UAE,4d0e000560d5d14a3484a81214bab21f
$125 oil could tip global economy into recession,2026-05-04 19:15:00+00:00,English,THREAT,SOURCE,,High crude oil prices at $125/barrel could trigger global economic recession,7,Warning,"[""CF_CrudeOil""]",D1_초크포인트,MEDIUM,Oil price recession risk,31bb7418b93522defbaeff0c9fdf366e
Trump sends more troops to Iran because the war is so over,2026-05-04 19:00:00+00:00,English,THREAT,ROUTE,Iran,US deploys additional military troops to Iran region amid escalating tensions.,6,Warning,"[""EVT_Ukraine2022""]",D1_초크포인트,MEDIUM,US military deployment,62501dc246da2fef95492fc4cecd165a
Trump again threatens entire nation of Iran saying country will be  blown off the face of the earth  ,2026-05-04 19:00:00+00:00,English,THREAT,SOURCE,Iran,"Trump threatens military action against Iran, stating the country will be destroyed.",7,Warning,"[""CF_RareEarth""]",D1_초크포인트,MEDIUM,Iran-US tensions,936cfbd5399b0572f103f6348f531dff
Oil rises on signs of heightened tensions in Strait of Hormuz,2026-05-04 18:45:00+00:00,English,THREAT,ROUTE,Strait of Hormuz,Oil prices rise due to reported signs of heightened tensions in the Strait of Hormuz,8,Crisis,"[""CP_Hormuz"", ""CF_CrudeOil""]",D1_초크포인트,MEDIUM,Hormuz tension oil,64c9a4cd0bb5cc980e6d072c64b97b4d
Trump : Iran will be  blown off the face of the earth  if it attacks US ships,2026-05-04 18:30:00+00:00,English,THREAT,ROUTE,"US, Iran",Trump threatens severe military action against Iran if it attacks US ships,6,Warning,"[""CF_RareEarth""]",D1_초크포인트,MEDIUM,Trump Iran military threat,694184d838697e75e8c026e6ea9c5ffe
"Gold Tumbles As U . S .- Iran Peace Agreement Delayed , Hormuz Crisis Continues",2026-05-04 18:15:00+00:00,English,THREAT,ROUTE,"US, Iran",US-Iran peace agreement delayed; Hormuz crisis continues amid gold price decline,8,Crisis,"[""CP_Hormuz""]",D1_초크포인트,MEDIUM,Hormuz crisis impact,5c3bc5c7dfab0e5460670d03fb47b88b
Closing the Strait of Hormuz Disrupted 30 % of the World Helium . But There a Silver Lining for 1 AI Chip Stock . ,2026-05-04 18:15:00+00:00,English,DISRUPTION,ROUTE,Strait of Hormuz,"Closing of the Strait of Hormuz disrupted 30% of world helium supply, with potential upside for an AI chip stock.",7,Warning,"[""CP_Hormuz""]",D1_초크포인트,MEDIUM,Helium supply disruption,68153b20c34741e5e5b3cc54372d6276
"UAE Says It Intercepted Missiles From Iran , First Since Ceasefire Began",2026-05-04 17:30:00+00:00,English,THREAT,ROUTE,UAE,"UAE reports intercepting missiles from Iran, marking the first such incident since a ceasefire began.",5,Caution,[],D1_초크포인트,MEDIUM,Iran-UAE tensions,ca9f452e66331b8137c914065b6e9f55
Iran live updates : UAE says it intercepting Iranian missiles and drones,2026-05-04 17:15:00+00:00,English,THREAT,ROUTE,UAE,UAE reports intercepting Iranian missiles and drones in ongoing military escalation.,6,Warning,"[""KC_LotteConst""]",D1_초크포인트,MEDIUM,Hormuz military action,52ed989bced7b51b683583a0c3a03ec7
Nigeria : OPEC Considers Output Hike in June Despite Hormuz Disruption,2026-05-04 17:00:00+00:00,English,THREAT,SOURCE,Nigeria,OPEC considers increasing oil output in June despite potential Hormuz Strait disruption.,6,Warning,"[""EVT_Ukraine2022""]",D1_초크포인트,MEDIUM,OPEC output decision,8a6b73e273814fa318f35c01d9a6e2ce
U . S . Denies Warship Was Struck in Strait of Hormuz Despite Iranian Claim,2026-05-04 16:45:00+00:00,English,THREAT,ROUTE,Strait of Hormuz,"U.S. denies Iranian claim that a U.S. warship was struck in the Strait of Hormuz, amid escalating military tensions in the region.",7,Warning,"[""CP_Hormuz""]",D1_초크포인트,MEDIUM,Warship strike denial,0450a37ddb55128c6b11461b7bff1b7d
"Does Trump hold  all the card against Iran in the Strait of Hormuz ? - Dominican Republic Post – Caribbean News , Business , Travel & Culture",2026-05-04 16:45:00+00:00,English,THREAT,ROUTE,"Iran, Strait of Hormuz",Article questions whether Trump administration holds negotiating advantage over Iran regarding control of the Strait of Hormuz.,7,Warning,"[""CP_Hormuz""]",D1_초크포인트,MEDIUM,Trump Iran Hormuz,8b1ed68fa15fae3ec08bc67d63cc9078
Iran submits a 14 - point response to a U . S . proposal to end the war,2026-05-04 15:45:00+00:00,English,THREAT,SOURCE,Iran,Iran submits a 14-point response to a U.S. proposal to end the war,3,Normal,"[""EVT_Ukraine2022""]",D1_초크포인트,MEDIUM,Iran-US negotiations,fe8cecc00232ea5f067e297cdfd717f3
Trump shares stark US – Iran military comparison amid escalating conflict,2026-05-04 15:30:00+00:00,English,THREAT,ROUTE,"US, Iran",Trump compares US and Iranian military capabilities amid escalating military conflict between the two countries.,6,Warning,[],D1_초크포인트,MEDIUM,US-Iran military posturing,33b43b0a34776660c133a2f08aae2b50
US denies navy vessel hit by Iran as two US - flagged ships pass through Strait of Hormuz,2026-05-04 15:15:00+00:00,English,THREAT,ROUTE,Iran,US denies a navy vessel was hit by Iran; two US-flagged ships transit through Strait of Hormuz amid tension.,7,Warning,"[""VT_Reefer""]",D1_초크포인트,MEDIUM,Hormuz transit passage,edfd4766a2a0cd185c9c33d4ffd733b6
US military refutes reports of its ship being hit in the Strait of Hormuz,2026-05-04 15:15:00+00:00,English,THREAT,ROUTE,Strait of Hormuz,US military denies reports that one of its ships was hit in the Strait of Hormuz,3,Normal,"[""CP_Hormuz""]",D1_초크포인트,MEDIUM,US ship incident denial,4e5a2b9e520e700e3d8f0c6cc0f8bc03
Bessent urges China to step up diplomacy on Iran ahead of Trump - Xi summit,2026-05-04 14:45:00+00:00,English,THREAT,SOURCE,"China, Iran",US Treasury Secretary Bessent urges China to increase diplomatic efforts with Iran ahead of Trump-Xi summit,3,Normal,[],D1_초크포인트,MEDIUM,Iran diplomacy,dd1320354959b2967baf657c9f01eebd
Stock markets today : Wall Street hesitates and oil prices climb,2026-05-04 14:30:00+00:00,English,IRRELEVANT,,,Wall Street shows uncertainty while crude oil prices increase in today's market activity.,0,Normal,"[""CF_CrudeOil"", ""KC_LotteConst""]",D1_초크포인트,MEDIUM,Oil price movement,9ff4f2a310f32e62516d5b47b1675ef0
Iran war news : U . S . denies navy vessel airstrike,2026-05-04 14:30:00+00:00,English,THREAT,ROUTE,Iran,U.S. denies involvement in airstrike on navy vessel amid Iran war tensions,6,Warning,"[""VT_Reefer"", ""EVT_Ukraine2022""]",D1_초크포인트,MEDIUM,Iran-US military,6899d234448814f0988f3c56dd9ba624
Saudi Arabia Accelerates Red Sea Pivot As Iran Chokes Strait Of Hormuz,2026-05-04 14:30:00+00:00,English,THREAT,ROUTE,"Red Sea, Strait of Hormuz",Saudi Arabia accelerates eastward infrastructure pivot amid reports of Iran restricting Strait of Hormuz access.,8,Crisis,"[""EVT_RedSea2023"", ""BP_SaudiEastWest""]",D1_초크포인트,MEDIUM,Saudi Red Sea pivot,1f0e831380dc1b951207675db7b5a1b5
Wall Street hesitates and oil prices climb with uncertainty about the Strait of Hormuz,2026-05-04 14:30:00+00:00,English,THREAT,ROUTE,Strait of Hormuz,Market uncertainty about the Strait of Hormuz is causing oil prices to rise and Wall Street hesitation.,8,Crisis,"[""CP_Hormuz"", ""CF_CrudeOil"", ""KC_LotteConst""]",D1_초크포인트,MEDIUM,Oil prices Hormuz,20f17205e3def42d554298415e5d3deb
"US , Israel , Iran war : US military rejects claims Iran struck US Navy vessel",2026-05-04 14:15:00+00:00,English,THREAT,ROUTE,"US, Israel, Iran",US military denies Iranian strike on US Navy vessel amid escalating US-Israel-Iran tensions,6,Warning,"[""VT_Reefer"", ""EVT_Ukraine2022""]",D1_초크포인트,MEDIUM,US-Iran naval incident,0f603dde4a868028da18c860abe83fb5
Iran says it forced US warship to turn back from Strait of Hormuz,2026-05-04 13:45:00+00:00,English,THREAT,ROUTE,Strait of Hormuz,Iran claims it forced a US warship to turn back from the Strait of Hormuz,8,Crisis,[],D1_초크포인트,MEDIUM,US warship confrontation,6456387f1cdd732d336673704c05dc06
The Daily Chase : Markets react to latest U . S .- Iran tensions,2026-05-04 13:45:00+00:00,English,THREAT,ROUTE,"US, Iran",Markets react to escalating U.S.-Iran tensions,5,Caution,[],D1_초크포인트,MEDIUM,US-Iran tensions,6585571e1a11fa2800cc074db700acd7
"The Iranian Government Is Lying Again , and Now the Rules of Engagement Have Changed",2026-05-04 13:15:00+00:00,English,THREAT,ROUTE,Iran,"Iranian government accused of dishonesty with escalation in rules of engagement, suggesting heightened tension.",5,Caution,"[""KC_LotteConst""]",D1_초크포인트,MEDIUM,Iran-US engagement rules,dc43e9ef618785e8b9c7a0ba957b67d1
US military denies one of its ships hit in Strait of Hormuz,2026-05-04 13:00:00+00:00,English,THREAT,ROUTE,Strait of Hormuz,US military denies that one of its ships was hit in the Strait of Hormuz,6,Warning,"[""CP_Hormuz""]",D1_초크포인트,MEDIUM,Hormuz military claim,d2ce679d566803f9603be2877e472ace
"CENTCOM : 15 , 000 Troops Will Assist in  Project Freedom ; Spirit Airlines Shuts Down Operations | NTD Good Morning ( May 4 ) ",2026-05-04 13:00:00+00:00,English,IRRELEVANT,,,"CENTCOM announces 15,000 troops for Project Freedom; Spirit Airlines shuts down operations.",0,Normal,"[""BP_CapeRoute""]",D1_초크포인트,MEDIUM,US military deployment,e338486c7f2313d978d268cd98979846
OPEC+ Announces Increased Oil Output After Price Spike,2026-05-04 13:00:00+00:00,English,THREAT,SOURCE,,OPEC+ announces increased oil output following a price spike,3,Normal,"[""CF_CrudeOil""]",D1_초크포인트,MEDIUM,OPEC+ output increase,bd5a11b53b430faa173030bd78db4888
Trump turmoil sends oil prices back toward multi - year peak,2026-05-04 13:00:00+00:00,English,THREAT,SOURCE,,Political turbulence involving Trump is pushing crude oil prices toward multi-year highs,6,Warning,"[""CF_CrudeOil""]",D1_초크포인트,MEDIUM,Oil price volatility,f657b957794c1bebf4fedcbed92ac880
Suez Canal sees transit of one of world largest ships,2026-05-04 13:00:00+00:00,English,IRRELEVANT,,,A transit of one of the world's largest ships through the Suez Canal is reported.,0,Normal,"[""CP_Suez""]",D1_초크포인트,MEDIUM,Suez Canal transit,7e7dda7c0b0f062b513cef2e5f7dd70f
What to know as the US tries to open the Strait of Hormuz and a ceasefire wavers,2026-05-04 18:30:00+00:00,English,THREAT,ROUTE,Strait of Hormuz,"US attempts to open the Strait of Hormuz while a ceasefire agreement shows signs of weakening, indicating geopolitical tension in a critical maritime chokepoint.",8,Crisis,"[""CP_Hormuz"", ""KC_LotteConst""]",D2_품목,HIGH,Hormuz Opening,ec988ec8753a77b28b594c7ba437595b
"  Project Freedom  begins , two ships safely transit Strait of Hormuz",2026-05-04 18:15:00+00:00,English,THREAT,ROUTE,Strait of Hormuz,Project Freedom operation begins with two ships successfully transiting the Strait of Hormuz,3,Normal,"[""CP_Hormuz""]",D2_품목,HIGH,Hormuz transit resumed,e943cf1b462a1c4a20b30b72b857526d
What to know as the US tries to open the Strait of Hormuz and a ceasefire wavers – Winnipeg Free Press,2026-05-04 17:15:00+00:00,English,THREAT,ROUTE,"US, Iran, Strait of Hormuz","US attempts to open the Strait of Hormuz while ceasefire negotiations waver, indicating ongoing geopolitical tension in a critical maritime chokepoint.",8,Crisis,"[""CP_Hormuz"", ""KC_LotteConst""]",D2_품목,HIGH,Hormuz strait ceasefire,65a0389917cd322c35758be7613eb560
Trump says the U . S . will  guide  stranded ships from the Strait of Hormuz,2026-05-04 15:45:00+00:00,English,THREAT,ROUTE,Strait of Hormuz,Trump announces U.S. will guide stranded ships from the Strait of Hormuz,7,Warning,"[""CP_Hormuz""]",D2_품목,HIGH,Hormuz Escort,9bbc7fbacb5613b2717b5e86a8d76cdf
"Iran fired at a U . S . warship attempting to enter the Strait of Hormuz , and oil prices jumped 5 % before CENTCOM finished issuing its denial",2026-05-04 14:15:00+00:00,English,THREAT,ROUTE,Strait of Hormuz,Iran fired at a U.S. warship attempting to enter the Strait of Hormuz; oil prices spiked 5% before CENTCOM denial.,8,Crisis,"[""CP_Hormuz"", ""CF_CrudeOil"", ""KC_LotteConst""]",D2_품목,HIGH,Hormuz military incident,04cc94f591189773d678ded0d9134672
"Project Freedom : Trump says US will  guide  stranded ships from Strait of Hormuz , starting on Monday",2026-05-04 14:15:00+00:00,English,THREAT,ROUTE,Strait of Hormuz,Trump announces US will guide stranded ships from Strait of Hormuz starting Monday under Project Freedom initiative,7,Warning,"[""CP_Hormuz""]",D2_품목,HIGH,Hormuz ship passage,5114aa68108e66f02b1ada3d532b458d
"IRGC unveil new Strait of Hormuz map , shipping remains at standstill",2026-05-04 14:00:00+00:00,English,DISRUPTION,ROUTE,Strait of Hormuz,IRGC unveils new Strait of Hormuz map; shipping remains halted at the chokepoint,9,Crisis,"[""CP_Hormuz"", ""POL_ShippingReroute""]",D2_품목,HIGH,Hormuz shipping standstill,e06ff82f79c35c9af08296e86d066542
CENTCOM denies claims missiles fired at US Navy vessel in Strait of Hormuz,2026-05-04 13:45:00+00:00,English,THREAT,ROUTE,Strait of Hormuz,CENTCOM denies reports that missiles were fired at a US Navy vessel in the Strait of Hormuz,6,Warning,"[""CP_Hormuz"", ""VT_Reefer""]",D2_품목,HIGH,Hormuz missile denial,108c67853477909eee4ef03dd6af4b7d
US Denies Two Missile Strike on Navy Ship in Strait of Hormuz Iran War News,2026-05-04 13:15:00+00:00,English,THREAT,ROUTE,Strait of Hormuz,US denies two missile strikes on a Navy ship in the Strait of Hormuz amid Iran war tensions.,7,Warning,"[""CP_Hormuz"", ""EVT_Ukraine2022""]",D2_품목,HIGH,Hormuz missile strike,d91b7e76f0b0c6650d61026c7bc6a91f
Iranian media claims regime forces launched two missiles at US warship after Trump announced plan to help stranded vessels in Strait of Hormuz,2026-05-04 11:15:00+00:00,English,THREAT,ROUTE,Iran,Iranian media claims regime forces launched two missiles at US warship after Trump announced plan to help stranded vessels in Strait of Hormuz,8,Crisis,[],D2_품목,HIGH,Hormuz missile attack,cc7500b328bb263ed39461ce9b5d7354
US : Project Freedom to clear ships from Hormuz,2026-05-04 10:00:00+00:00,English,THREAT,ROUTE,US,US announces Project Freedom initiative to clear ships from Hormuz Strait,7,Warning,"[""CP_Hormuz""]",D2_품목,HIGH,Hormuz ship clearance,6bb42f14715ca77bec39ad8fa490ac8f
"Trump says the US will  guide  stranded ships from the Strait of Hormuz , starting on Monday | News , Sports , Jobs",2026-05-04 08:45:00+00:00,English,THREAT,ROUTE,Strait of Hormuz,US announces it will guide stranded ships from the Strait of Hormuz starting Monday,7,Warning,"[""CP_Hormuz""]",D2_품목,HIGH,Hormuz Transit Escort,d8d76d0217220a6db405813016ec9b0e
Trump says US Navy will begin escorting ships out of the Strait of Hormuz,2026-05-04 08:30:00+00:00,English,THREAT,ROUTE,Strait of Hormuz,US Navy will begin escorting ships through the Strait of Hormuz per Trump statement,7,Warning,"[""CP_Hormuz""]",D2_품목,HIGH,Hormuz Escort,015ad8e16c3452ba8d9d9561586e174f
Trump says the U . S will  guide  stranded ships from the Strait of Hormuz,2026-05-04 07:00:00+00:00,English,THREAT,ROUTE,Strait of Hormuz,Trump announces the U.S. will guide stranded ships from the Strait of Hormuz,7,Warning,"[""CP_Hormuz""]",D2_품목,HIGH,Hormuz Escort,41f48577cac0c64e700ea86cd91f08b9
"Trump says the U . S . will  guide  stranded ships from the Strait of Hormuz , starting on Monday",2026-05-04 06:30:00+00:00,English,THREAT,ROUTE,Strait of Hormuz,Trump announces U.S. will guide stranded ships from the Strait of Hormuz starting Monday,7,Warning,"[""CP_Hormuz""]",D2_품목,HIGH,Hormuz Escort,cba780c4aad8f8e019509608a4027ef7
"Title Case : Trump Says the US Will  Guide  Stranded Ships From the Strait of Hormuz , Starting on Monday",2026-05-04 06:00:00+00:00,English,THREAT,ROUTE,Strait of Hormuz,Trump announces US will guide stranded ships through the Strait of Hormuz starting Monday,7,Warning,"[""CP_Hormuz""]",D2_품목,HIGH,Hormuz ship guidance,f54e141937c05850e1710dd853b1503d
US takes fresh decision on Strait of Hormuz  - Blueprint Newspapers Limited,2026-05-04 06:00:00+00:00,English,THREAT,ROUTE,US,US announces a new policy decision regarding the Strait of Hormuz,7,Warning,"[""CP_Hormuz""]",D2_품목,HIGH,Hormuz strait decision,24e6054e2a872c12d983bcde87290ba6
"Trump says the US will  guide  stranded ships from the Strait of Hormuz , starting on Monday - WSVN 7News | Miami News , Weather , Sports",2026-05-04 05:15:00+00:00,English,THREAT,ROUTE,Strait of Hormuz,Trump announces US will guide stranded ships from the Strait of Hormuz starting Monday,7,Warning,"[""CP_Hormuz""]",D2_품목,HIGH,Hormuz ship passage,2abbed5b1ba62e2125bd218fdc93b0ac
U . S . Sanctions Tighten Grip on Iran - China Oil Trade - United States Department of State,2026-05-04 19:30:00+00:00,English,THREAT,SOURCE,"Iran, China","U.S. sanctions on Iran-China oil trade tightening, creating threat to crude oil supply flows.",7,Warning,"[""CF_CrudeOil""]",D2_품목,MEDIUM,Iran sanctions oil trade,957204d09189958fafd115ee736cd54d
"For foreign workers in Mideast , Iran war collides with strain at home",2026-05-04 19:15:00+00:00,English,IRRELEVANT,,Middle East,Article reports on foreign workers in the Middle East facing strain from Iran war tensions and domestic hardships.,0,Normal,"[""EVT_Ukraine2022""]",D2_품목,MEDIUM,Gulf Risk,9c65f49a5e260e445e1961a509266749
Iran war has put foreign workers in the Gulf at greater risk while raising the cost of going home,2026-05-04 17:30:00+00:00,English,THREAT,LOGISTICS,Gulf,Iran tensions increase risks for foreign workers in the Gulf and raise costs of repatriation,5,Caution,"[""EVT_Ukraine2022""]",D2_품목,MEDIUM,Gulf Risk,52789ff7aacb24a043de9760629705e0
U . S . and Iran vying for control of Strait of Hormuz,2026-05-04 15:45:00+00:00,English,THREAT,ROUTE,Strait of Hormuz,"U.S. and Iran are competing for control of the Strait of Hormuz, creating geopolitical tension.",9,Crisis,"[""CP_Hormuz"", ""KC_LotteConst""]",D2_품목,MEDIUM,Hormuz control dispute,5c59dd28275bc3ea5e8f0c8978bcda57
Stock market  euphoria  masks looming Iran war recession risk,2026-05-04 14:45:00+00:00,English,THREAT,SOURCE,Iran,Stock market optimism masks potential Iran war recession risk to global economy and supply chains,6,Warning,"[""EVT_Ukraine2022""]",D2_품목,MEDIUM,Iran war recession risk,8d02eddafe29f91d630cba4c5a0d1ca6
Oil prices surge as Gulf tensions escalate,2026-05-04 14:30:00+00:00,English,THREAT,SOURCE,Gulf,Oil prices surge due to escalating tensions in the Gulf region,7,Warning,"[""CF_CrudeOil""]",D2_품목,MEDIUM,Oil price surge,cc3f3b090919bfc28eec0a9c14c77d6c
"  Just Another Dip Investors Will Buy : Futures Drop , Oil Rises On Renewed Iran Tension",2026-05-04 13:30:00+00:00,English,THREAT,SOURCE,Iran,Oil prices rise amid renewed Iran tensions; investors view market dip as buying opportunity.,6,Warning,"[""CF_CrudeOil""]",D2_품목,MEDIUM,Oil price Iran tension,8ec01c9415802c7602c25595bea776a7
U . S . denies Iran struck a military vessel during new effort to reopen Strait of Hormuz,2026-05-04 13:00:00+00:00,English,THREAT,ROUTE,"Iran, U.S.",U.S. denies Iran struck a military vessel during efforts to reopen the Strait of Hormuz,7,Warning,"[""VT_Reefer""]",D2_품목,MEDIUM,Hormuz strait security,ee96484055cdb1c5fc3edefec31c116c
"Weekend - Bulk carrier attacked by small craft off Iran Sirik coast , crew safe",2026-05-04 01:30:00+00:00,English,THREAT,ROUTE,Iran (Sirik coast),Bulk carrier attacked by small craft off Iran's Sirik coast; crew reported safe.,6,Warning,"[""VT_LNG""]",D4_운송,HIGH,Vessel Attack Iran,fde979cf0e4a3d35325f06ffbb5fdd04
"OPEC+ raises June output quota by 188 , 000bpd",2026-05-04 19:00:00+00:00,English,DISRUPTION,SOURCE,OPEC+,"OPEC+ increases June crude oil output quota by 188,000 barrels per day",3,Normal,[],D4_운송,MEDIUM,OPEC+ output increase,33d0251727e945817d33e6783431a6d1
The Middle East Crisis : A Ceasefire of Sorts … Then What ? ,2026-05-04 17:45:00+00:00,English,THREAT,ROUTE,Middle East,Middle East crisis reports a ceasefire arrangement with uncertainty about future developments and stability.,6,Warning,[],D4_운송,MEDIUM,Middle East geopolitics,97086d08612d78077663a1724f277a6e
Strait of Hormuz disruption – Disputes risks for energy and infrastructure projects | Hogan Lovells,2026-05-04 16:45:00+00:00,English,THREAT,ROUTE,Strait of Hormuz,Article discusses disputes and risks to energy and infrastructure projects related to Strait of Hormuz disruption.,8,Crisis,"[""CP_Hormuz"", ""EVT_Ukraine2022"", ""KI_EnergySecurity"", ""KC_LotteConst""]",D4_운송,MEDIUM,Hormuz disruption,a020ed6aee34c6289be45a25921d3103
"Diesel , gasoline prices to rise after rollbacks",2026-05-04 11:15:00+00:00,English,IRRELEVANT,,,Diesel and gasoline prices expected to increase following rollback of price controls or subsidies.,0,Normal,[],D4_운송,MEDIUM,Fuel price surge,342ef465ae24da6e5958bd8853997bd2
uae iran conflict : Will UAE fight back Iran ? US Navy reopens Strait of Hormuz as UAE faces Iranian missile and drone attacks,2026-05-04 20:00:00+00:00,English,THREAT,ROUTE,"UAE, Iran",US Navy reopens Strait of Hormuz as UAE faces Iranian missile and drone attacks amid UAE-Iran conflict escalation,9,Crisis,"[""CP_Hormuz"", ""KC_LotteConst""]",D6_교란행위,HIGH,Hormuz strait security,1cc65c991aa9dca14344d8f8d7dfdd2c
Major fire erupts at UAE oil facility after drone strike from Iran,2026-05-04 20:00:00+00:00,English,THREAT,SOURCE,UAE,Major fire erupts at UAE oil facility following drone strike from Iran,7,Warning,"[""CF_CrudeOil""]",D6_교란행위,HIGH,Iran drone strike UAE oil,48e4544586cdfb3e5d0776f70483694f
"Oil prices surge as Iran strikes UAE , Hormuz tensions escalate – The Sun Nigeria",2026-05-04 19:00:00+00:00,English,THREAT,ROUTE,"Iran, UAE",Iran strikes UAE amid escalating tensions in Hormuz region; oil prices surge,8,Crisis,"[""CP_Hormuz"", ""CF_CrudeOil""]",D6_교란행위,HIGH,Iran strikes Hormuz,be9c04a3058586d1943e5565ea695d35
China enacts blockade by stealth - Taipei Times,2026-05-04 18:15:00+00:00,English,THREAT,ROUTE,China/Taiwan,"China implements a blockade against Taiwan, creating a potential threat to maritime routes in the Taiwan Strait region.",7,Warning,[],D6_교란행위,HIGH,Taiwan strait blockade,d9547d335f2adbcb1c24d390e3be5627
"Wall Street hesitates , oil prices climb with uncertainty about Strait of Hormuz",2026-05-04 18:15:00+00:00,English,THREAT,ROUTE,Strait of Hormuz,Oil prices rise amid market uncertainty concerning potential disruption at the Strait of Hormuz; Wall Street shows hesitation.,8,Crisis,"[""CP_Hormuz"", ""CF_CrudeOil""]",D6_교란행위,HIGH,Hormuz uncertainty oil prices,79dc016ca5ba366af7831844b1b20771
Trump Hormuz plan leaves shipping firms guessing as markets waver,2026-05-04 11:15:00+00:00,English,THREAT,ROUTE,Hormuz,Trump administration's Hormuz shipping plan creates uncertainty among shipping firms and market volatility regarding Strait of Hormuz transit.,7,Warning,"[""CP_Hormuz"", ""POL_ShippingReroute""]",D6_교란행위,HIGH,Hormuz shipping uncertainty,3aade0d87d040c7a1f7375fd254561df
Trump says US to  guide  stranded ships through Strait of Hormuz,2026-05-04 07:45:00+00:00,English,THREAT,ROUTE,Strait of Hormuz,Trump announces US will guide stranded ships through Strait of Hormuz,7,Warning,"[""CP_Hormuz""]",D6_교란행위,HIGH,Hormuz Transit,de220bc4ab7b8a62da9686b4735e6227
UK military reports ship hit by  unknown projectile in Strait of Hormuz,2026-05-04 06:00:00+00:00,English,THREAT,ROUTE,Strait of Hormuz,UK military reports a ship was hit by an unknown projectile in the Strait of Hormuz,8,Crisis,"[""CP_Hormuz""]",D6_교란행위,HIGH,Hormuz vessel attack,dc0887fc89a03ed2e0f41ac9bc89d99d
Trump says US to help ships stranded in Strait of Hormuz as tanker fired on,2026-05-04 05:15:00+00:00,English,THREAT,ROUTE,Strait of Hormuz,Trump announces US assistance for ships stranded in Strait of Hormuz following a tanker being fired upon,8,Crisis,"[""CP_Hormuz"", ""VT_ChemTanker""]",D6_교란행위,HIGH,Hormuz tanker attack,af771d270c6818d7bac63277eb97e4a4
Trump says US to help ships stranded in Strait of Hormuz as tanker hit by projectiles,2026-05-04 05:00:00+00:00,English,THREAT,ROUTE,Strait of Hormuz,Trump announces US assistance for ships stranded in Strait of Hormuz following a tanker being hit by projectiles.,8,Crisis,"[""CP_Hormuz"", ""VT_ChemTanker""]",D6_교란행위,HIGH,Hormuz tanker attack,b21f4b2cd5e8eaeac3376b51ebb188d9
Trump says U . S . to help ships stranded in Strait of Hormuz as tanker hit by projectiles,2026-05-04 04:00:00+00:00,English,THREAT,ROUTE,Strait of Hormuz,Trump announces U.S. assistance for ships stranded in Strait of Hormuz following a tanker being hit by projectiles,8,Crisis,"[""CP_Hormuz"", ""VT_ChemTanker""]",D6_교란행위,HIGH,Hormuz tanker attack,cfbde5a992ae935de10953378eb10f23
Trump says U . S . will help free ships stranded in Strait of Hormuz,2026-05-04 03:00:00+00:00,English,THREAT,ROUTE,Strait of Hormuz,Trump announces U.S. will assist in freeing ships currently stranded in the Strait of Hormuz,7,Warning,"[""CP_Hormuz""]",D6_교란행위,HIGH,Hormuz ship rescue,606b5987cd254ed351b0786b2ea46bab
Trump Announces  Project Freedom  to Guide Trapped Ships Through Strait of Hormuz Amid Iran Talks,2026-05-04 01:30:00+00:00,English,THREAT,ROUTE,Iran,Trump announces Project Freedom initiative to guide trapped ships through Strait of Hormuz amid ongoing Iran talks.,7,Warning,"[""CP_Hormuz""]",D6_교란행위,HIGH,Hormuz strait passage,82df47cf3bc0c21af8dfdab232989fe9
Trump says US operation will aid ships stranded in Strait of Hormuz,2026-05-04 00:00:00+00:00,English,THREAT,ROUTE,Strait of Hormuz,Trump announces US operation to assist ships stranded in the Strait of Hormuz,7,Warning,"[""CP_Hormuz""]",D6_교란행위,HIGH,Hormuz Strait Operations,6a6edd190bf7758e0c5a48a1818a0a7e
"Markets May Be Underplaying the Lasting Effects of Oil Supply Disruptions , UBS Warns",2026-05-04 20:00:00+00:00,English,THREAT,SOURCE,,UBS warns that markets may be underestimating the prolonged effects of oil supply disruptions on economic conditions.,6,Warning,"[""CF_CrudeOil""]",D6_교란행위,MEDIUM,Oil supply disruption,c9a775ad6e4f2e16f3aa522f29f2eebe
US restaurant sales fall as Iran war drives up gas prices,2026-05-04 20:00:00+00:00,English,THREAT,SOURCE,Iran,"US-Iran tensions drive up gas prices, causing decline in US restaurant sales",6,Warning,"[""EVT_Ukraine2022"", ""KC_SKGas""]",D6_교란행위,MEDIUM,Iran conflict oil prices,a4718cc57f8c8080a80205dbf3f5742c
Israeli army  on high alert  for possible resumption of Iran war,2026-05-04 20:00:00+00:00,English,THREAT,ROUTE,"Israel, Iran",Israeli military on high alert for possible resumption of military conflict with Iran,7,Warning,"[""EVT_Ukraine2022""]",D6_교란행위,MEDIUM,Iran-Israel tensions,676eecd859eecfbfa9853805decd1428
Israeli army  on high alert  for possible resumption of Iran war – Middle East Monitor,2026-05-04 20:00:00+00:00,English,THREAT,ROUTE,Middle East,Israeli military placed on high alert for possible resumption of conflict with Iran,7,Warning,"[""EVT_Ukraine2022""]",D6_교란행위,MEDIUM,Iran-Israel tensions,d6d673c1c233303dc1d818e2cf552851
UAE reports 4th wave of Iranian attacks amid renewed regional tensions,2026-05-04 20:00:00+00:00,English,THREAT,ROUTE,UAE,UAE reports 4th wave of Iranian attacks amid renewed regional tensions in the Persian Gulf region.,7,Warning,[],D6_교란행위,MEDIUM,Iranian attacks UAE,98acf7e077f3280827cfa40edd132011
Norwegian Cruise Slashes Profit Forecast As Fuel Costs,2026-05-04 20:00:00+00:00,English,IRRELEVANT,,,Norwegian Cruise Line reduces profit forecast due to increased fuel costs,0,Normal,[],D6_교란행위,MEDIUM,Fuel cost impact,4ee984f7e5e063616b68e3c3e0500c75
Wall Street drops from its records and oil prices jump after fighting flares in the Middle East,2026-05-04 20:00:00+00:00,English,THREAT,SOURCE,Middle East,"Fighting escalates in the Middle East, causing oil prices to rise and stock market decline.",7,Warning,"[""CF_CrudeOil"", ""KC_LotteConst""]",D6_교란행위,MEDIUM,Middle East oil prices,e5b20d190c246639b399a0972d93908c
Donald Trump threatens to  blow Iran off the face of the Earth  in horror WW3 threat | World | News,2026-05-04 19:30:00+00:00,English,THREAT,SOURCE,Iran,"Donald Trump threatens military action against Iran, escalating geopolitical tensions.",7,Warning,"[""CF_RareEarth""]",D6_교란행위,MEDIUM,Iran-US tensions,241609515e9644c23ee8bb3c26c4172f
"Stock Market Today , May 4 : Strait of Hormuz Tensions Weigh on Stocks at Midday",2026-05-04 18:15:00+00:00,English,THREAT,ROUTE,Strait of Hormuz,Stock market decline attributed to tensions in the Strait of Hormuz affecting investor sentiment.,8,Crisis,"[""CP_Hormuz""]",D6_교란행위,MEDIUM,Hormuz tensions impact,3c25e387d8c7a2ef11395f1276cef4af
  No pilgrim : Regional war hushes Iraq holy cities,2026-05-04 18:15:00+00:00,English,IRRELEVANT,,Iraq,Regional conflict in Iraq reduces pilgrim visits to holy cities,0,Normal,"[""EVT_Ukraine2022""]",D6_교란행위,MEDIUM,Iraq regional conflict,bbf7b265c4d35cff77433796d327de08
India Looks To Boost LNG Tank Capacity As Qatar Supplies Stall,2026-05-04 16:30:00+00:00,English,THREAT,SOURCE,"India, Qatar",India seeks to increase LNG tank capacity as Qatar's LNG supplies to India face stalling or disruption.,6,Warning,"[""POL_LNGDiversify""]",D6_교란행위,MEDIUM,India LNG capacity,0ee1e7131143c7f892040f650a208c72
British maritime agency reports cargo ship fire off UAE amid Iran threat alert,2026-05-04 16:15:00+00:00,English,THREAT,LOGISTICS,UAE,British maritime agency reports cargo ship fire off UAE amid Iran threat alert,5,Caution,[],D6_교란행위,MEDIUM,Cargo ship fire UAE,1188111847341364498e98ee3abd2a0f
Iran denies US claim of vessel transit in Strait of Hormuz,2026-05-04 20:00:00+00:00,English,THREAT,ROUTE,Iran,"Iran denies US claim regarding vessel transit through Strait of Hormuz, indicating ongoing geopolitical tensions over the waterway.",6,Warning,"[""VT_Reefer""]",D7_행위자,HIGH,Hormuz transit dispute,70f22f0a397474659841425f9228e1bf
"US forces destroy six Iran boats , down missiles and drones : US admiral",2026-05-04 20:00:00+00:00,English,THREAT,ROUTE,Iran,US forces destroyed six Iranian boats and downed missiles and drones in military engagement,6,Warning,"[""KC_LotteConst""]",D7_행위자,HIGH,US military action,d6e51c368df597d07c2c4e12e173fef3
"US downs Iran missiles and drones , destroys six of Tehran boats",2026-05-04 20:00:00+00:00,English,THREAT,ROUTE,Iran,"US military downs Iranian missiles, drones, and destroys six Iranian boats in naval engagement.",6,Warning,"[""KC_LotteConst""]",D7_행위자,HIGH,US military response,0f0266626366d3f06090f7499e9f72b8
"US says downed Iranian missiles and drones , destroyed six boats",2026-05-04 20:00:00+00:00,English,THREAT,ROUTE,Iran,US reports downing Iranian missiles and drones and destroying six boats in military engagement,6,Warning,"[""KC_LotteConst""]",D7_행위자,HIGH,US military action,623beaefef82f371986b8e56fd548e3e
"Trump To Iran : Strait of Hormuz Is Open , Dont Touch The Boats",2026-05-04 20:00:00+00:00,English,THREAT,ROUTE,Iran,Trump warns Iran that the Strait of Hormuz is open and instructs Iran not to interfere with boats transiting the waterway.,7,Warning,[],D7_행위자,HIGH,Hormuz security warning,f7d0cb2682ae6e1477e84a37bf12b0bc
CORRECTED : Iran fires  warning shot as US Navy says its ships entered Gulf via Hormuz,2026-05-04 20:00:00+00:00,English,THREAT,ROUTE,"Iran, US Navy, Gulf","Iran fires warning shot at US Navy ships that entered the Persian Gulf via Strait of Hormuz, escalating military tension in the region.",8,Crisis,[],D7_행위자,HIGH,Hormuz military tension,a3987163c5f62776debaf216faaae6c2
"Oil prices jump as Iran attacks UAE , US warships enter Hormuz",2026-05-04 19:45:00+00:00,English,THREAT,ROUTE,"Iran, UAE, Hormuz",Iran attacks UAE and US warships enter Hormuz strait; oil prices increase in response.,8,Crisis,"[""CP_Hormuz"", ""CF_CrudeOil""]",D7_행위자,HIGH,Oil price spike Hormuz,4182e2748eb96b1397f52b284f13d07e
"US downs Iran missiles , drones in Strait of Hormuz conflict",2026-05-04 19:30:00+00:00,English,THREAT,ROUTE,Strait of Hormuz,US military downs Iranian missiles and drones in a confrontation at the Strait of Hormuz,8,Crisis,"[""CP_Hormuz""]",D7_행위자,HIGH,Hormuz military conflict,c2d04374ddcd0252dfd568c29bbdb8d1
US Denies Naval Ship Hit By Iranian Missiles,2026-05-04 18:15:00+00:00,English,THREAT,ROUTE,Iran,US denies that a naval ship was hit by Iranian missiles.,5,Caution,[],D7_행위자,HIGH,Iran missile naval attack,171f96b87fa56cd415ab289720b2ad55
US deploys destroyers as ships cross Hormuz safely,2026-05-04 17:15:00+00:00,English,THREAT,ROUTE,"US, Hormuz","US deploys destroyers as ships cross Hormuz Strait safely, indicating military presence to protect shipping traffic.",6,Warning,"[""CP_Hormuz""]",D7_행위자,HIGH,Hormuz safe passage,0f1abaaa7f5503df6e8f50edf35206a0
Oil pares gains after US says two vessels crossed Strait of Hormuz,2026-05-04 16:45:00+00:00,English,THREAT,ROUTE,Strait of Hormuz,US reports two vessels crossed the Strait of Hormuz; oil prices decline from earlier gains.,6,Warning,"[""CP_Hormuz"", ""CF_CrudeOil""]",D7_행위자,HIGH,Hormuz transit resumption,7f769500951a71862000ad7ae7efe182
Iran fires  warning shot as US Navy says its ships entered Gulf via Hormuz,2026-05-04 16:45:00+00:00,English,THREAT,ROUTE,Iran / Persian Gulf,Iran fires warning shot as US Navy ships enter the Gulf via Hormuz Strait,8,Crisis,"[""CP_Hormuz""]",D7_행위자,HIGH,Hormuz military tension,0fdc76a0de0373a69c063f081a4427f6
UAE intercepts Iranian missiles as fire breaks out at Fujairah oil facility,2026-05-04 16:30:00+00:00,English,THREAT,SOURCE,"UAE, Iran","UAE intercepts Iranian missiles and fire breaks out at Fujairah oil facility, indicating military tension in crude oil producing region.",7,Warning,"[""FP_Fujairah"", ""CF_CrudeOil""]",D7_행위자,HIGH,UAE oil facility attack,68942af3a6f89057fe6e11cdfb35bd9b
Trump  Project Freedom : What we know,2026-05-04 16:30:00+00:00,English,IRRELEVANT,,,Headline reports on Trump's Project Freedom initiative; no maritime supply chain disruption content identified.,0,Normal,[],D7_행위자,HIGH,Hormuz freedom plan,3593e7dd09acc90bff44c28929429fe2
UAE condemns Iranian attack on Adnoc - affiliated tanker in Strait of Hormuz,2026-05-04 16:30:00+00:00,English,THREAT,ROUTE,Strait of Hormuz,UAE condemns Iranian attack on ADNOC-affiliated tanker in Strait of Hormuz,8,Crisis,"[""CP_Hormuz"", ""VT_ChemTanker""]",D7_행위자,HIGH,Hormuz tanker attack,0c968bb35c3e1e81da5058d49ceb36b9
Oil prices rise with shares volatile as Middle East tensions persist,2026-05-04 20:00:00+00:00,English,THREAT,SOURCE,Middle East,Oil prices rise and share markets show volatility amid persistent Middle East tensions.,7,Warning,"[""CF_CrudeOil""]",D7_행위자,MEDIUM,Oil price volatility,6580e74a70502a3ec7bc97f76147c263
Trump secret new plan to confront Iran privately bewilders oil titans as gas prices skyrocket,2026-05-04 13:45:00+00:00,English,THREAT,SOURCE,Iran,"Trump administration develops undisclosed plan to confront Iran, causing oil price volatility and uncertainty among energy companies.",7,Warning,"[""CF_CrudeOil"", ""KC_SKGas""]",D7_행위자,MEDIUM,Iran tensions oil prices,b545b445771fa169e9bf8a489e1ef15f
OPEC Report Shows Oil Demand Reached Over 105MMBpd in 2025,2026-05-04 13:30:00+00:00,English,IRRELEVANT,,,OPEC report indicates global crude oil demand reached over 105 million barrels per day in 2025.,0,Normal,"[""CF_CrudeOil""]",D7_행위자,MEDIUM,OPEC oil demand,f5181af65456004f7e07bf8def3dfade
Trump admits US Navy acting like  pirate against Iranian ships,2026-05-04 13:00:00+00:00,English,THREAT,ROUTE,Iran,"Trump admits US Navy is acting like a pirate against Iranian ships, signaling escalated naval confrontation in Middle Eastern waters.",6,Warning,[],D7_행위자,MEDIUM,US Navy operations,6ad8acaaa900e31a7261a1ca07275d70
"Trump Tells Congress Iran Hostilities Terminated , US Force Posture Still Being Updated",2026-05-04 13:00:00+00:00,English,THREAT,ROUTE,Iran,Trump announces termination of Iran hostilities to Congress while US military posture in region continues to be adjusted,4,Caution,[],D7_행위자,MEDIUM,Iran hostilities status,08691decd0f5cbf019a4e33542403756
World stocks gain as oil prices climb amid new Gulf proposals,2026-05-04 11:15:00+00:00,English,IRRELEVANT,,,Global stock markets gain as crude oil prices rise following new Gulf energy proposals.,0,Normal,"[""CF_CrudeOil""]",D7_행위자,MEDIUM,Oil price movement,78346940e6339f803cca3b949757e8a1
OPEC+ countries agree modest rise in production as Iran retains chokehold on key Strait of Hormuz,2026-05-04 06:00:00+00:00,English,THREAT,ROUTE,Iran,OPEC+ agrees to modest production increase while Iran maintains control over the Strait of Hormuz.,8,Crisis,"[""CP_Hormuz""]",D7_행위자,MEDIUM,"OPEC+ production, Hormuz control",c7ce23560c3b20df5e9597ede8728330
China escalating gray zone pressure on Taiwan raises risk of conflict,2026-05-05 12:15:00+00:00,English,THREAT,ROUTE,Taiwan,China escalating gray zone pressure on Taiwan raises risk of military conflict,7,Warning,[],D1_초크포인트,HIGH,Taiwan Strait Risk,058417dd1a3cfb196aa7d2c95d5f4ac3
US pressure mounts on Seoul over Hormuz coalition,2026-05-05 04:30:00+00:00,English,THREAT,ROUTE,"United States, South Korea",US increases diplomatic pressure on Seoul to join a maritime coalition related to the Hormuz Strait,7,Warning,"[""CP_Hormuz""]",D1_초크포인트,HIGH,Hormuz Coalition,07f010c24dd7bc88e2eb0fd930fa39fd
CMA CGM New LNG - Fuelled Boxship Makes Maiden Suez Canal Transit,2026-05-05 11:30:00+00:00,English,IRRELEVANT,,Suez Canal,CMA CGM's new LNG-fuelled boxship completes its first transit through the Suez Canal.,0,Normal,"[""POL_LNGDiversify""]",D1_초크포인트,MEDIUM,Suez Canal Transit,42d305101eac35491a78cdc93166de7d
The U . S . Navy Largest Supercarrier Has Departed The Middle East,2026-05-05 03:00:00+00:00,English,IRRELEVANT,,Middle East,U.S. Navy's largest supercarrier has departed the Middle East region.,0,Normal,[],D1_초크포인트,MEDIUM,US Navy Deployment,dc66d05e564b3f120fd647936a7d06ae
Why Russia Northern Sea Route is a risk for global trade | Hellenic Shipping News Worldwide,2026-05-05 00:30:00+00:00,English,THREAT,ROUTE,Russia,Article discusses risks associated with the Russian Northern Sea Route for global maritime trade.,6,Warning,"[""POL_ShippingReroute""]",D1_초크포인트,MEDIUM,Northern Sea Route,fb396b012b092032c2114fe8abd3e8e5
US Oil Tanker Vanishes in Strait of Hormuz as Project Freedom Faces Heavy Iranian Fire on Day 2,2026-05-05 13:30:00+00:00,English,THREAT,ROUTE,Strait of Hormuz,US oil tanker reported missing in Strait of Hormuz amid military confrontation; Project Freedom vessel facing Iranian fire on second day of incident.,8,Crisis,"[""CP_Hormuz"", ""VT_ChemTanker"", ""KC_HDHeavy"", ""CF_CrudeOil""]",D2_품목,HIGH,Hormuz tanker incident,dd6e8047c77df5d30fad88821153e3b4
Goldman Sachs warns of key fuel shortages as Hormuz disruption hit oil  | Peak Oil News and Message Boards,2026-05-05 12:45:00+00:00,English,THREAT,SOURCE,Hormuz,Goldman Sachs warns of key fuel shortages resulting from disruption at Hormuz chokepoint and oil supply constraints.,8,Crisis,"[""CP_Hormuz"", ""EVT_Ukraine2022"", ""CF_CrudeOil"", ""KC_LotteConst""]",D2_품목,HIGH,Hormuz disruption fuel,f094bc4a7d9b8a9941c1b48263104c92
Goldman Sachs Warns of Key Fuel Shortages As Hormuz Disruption Hit Oil,2026-05-05 06:45:00+00:00,English,THREAT,SOURCE,Hormuz,Goldman Sachs warns of key fuel shortages resulting from disruption at Hormuz,8,Crisis,"[""CP_Hormuz"", ""EVT_Ukraine2022"", ""CF_CrudeOil""]",D2_품목,HIGH,Hormuz fuel shortage,ffbb0080ac014c57c207ede191f32eae
"Singapore , NZ call to reopen Strait of Hormuz , Vow no trade curbs on essential goods",2026-05-05 02:00:00+00:00,English,THREAT,ROUTE,"Singapore, New Zealand",Singapore and New Zealand call for reopening of Strait of Hormuz and pledge no trade restrictions on essential goods,7,Warning,"[""CP_Hormuz"", ""CF_EuroContainer""]",D2_품목,HIGH,Hormuz strait reopening,8a32eede1ca8d29ef82d59c3325b0aaf
The Battle for the Strait of Hormuz has Begun ! ,2026-05-05 01:30:00+00:00,English,THREAT,ROUTE,Strait of Hormuz,Headline reports escalating tension or conflict over control of the Strait of Hormuz.,9,Crisis,"[""CP_Hormuz""]",D2_품목,HIGH,Strait Hormuz conflict,00d896448d11611ad461530aa48b6853
Winter Wheat Conditions Remain Weak Across the U . S . ,2026-05-05 16:15:00+00:00,English,THREAT,SOURCE,United States,"Winter wheat conditions remain weak across the U.S., indicating potential crop stress and reduced yield outlook.",6,Warning,"[""CF_Wheat""]",D2_품목,MEDIUM,Wheat crop conditions,7c8315663baa4560a1175b8317dd1a86
US stocks : Wall Street rebounds as oil drops despite Middle East tensions,2026-05-05 15:30:00+00:00,English,IRRELEVANT,,,US stock market rebounds as oil prices decline despite Middle East tensions,0,Normal,"[""CF_CrudeOil""]",D2_품목,MEDIUM,Oil price movement,fb6af43291fdc086789454706bb9f789
China defies US sanctions over Iranian oil using  blocking rule  ahead of Trump - Xi summit,2026-05-05 14:45:00+00:00,English,THREAT,SOURCE,"China, Iran, US",China uses blocking rule to defy US sanctions over Iranian oil imports ahead of Trump-Xi summit,6,Warning,"[""CF_CrudeOil""]",D2_품목,MEDIUM,Iran oil sanctions,63ecdfe75126fb3bf7a50cc3ebad5be7
"Inflationary storm hits Europe : From fuel to condoms , Middle East shockwaves batter the economy",2026-05-05 12:15:00+00:00,English,IRRELEVANT,,Europe,Headline reports European inflation driven by fuel costs and Middle East economic shocks affecting consumer prices across various sectors.,0,Normal,[],D2_품목,MEDIUM,Middle East economic impact,ec4b4d708aced809b07faa28dd6386c4
Egypt Raises Natural Gas Prices for Energy - Intensive Industries Starting May,2026-05-05 11:45:00+00:00,English,THREAT,SOURCE,Egypt,Egypt raises natural gas prices for energy-intensive industries starting May,6,Warning,"[""KC_HDHeavy"", ""KI_EnergySecurity"", ""KC_SKGas""]",D2_품목,MEDIUM,Egypt gas price increase,86d633acecc5bd7adbf105496d7bdd6c
Iran Currency Crisis : A Market Signal of Deeper Economic Breakdown,2026-05-05 11:30:00+00:00,English,THREAT,SOURCE,Iran,Iran's currency crisis signals potential deeper economic breakdown in the country.,4,Caution,[],D2_품목,MEDIUM,Iran economic crisis,e6de64d938b548f471db9d19843923fe
The Hormuz chokepoint is threatening Africa food supply,2026-05-05 11:15:00+00:00,English,THREAT,ROUTE,Hormuz,Hormuz chokepoint is threatening Africa's food supply,7,Warning,"[""CP_Hormuz"", ""KS_FoodAgri""]",D2_품목,MEDIUM,Hormuz food supply,fae07149a20cb4353346526d60bf8ea5
"China steps up US sanctions fight , defying blacklisting over Iranian oil",2026-05-05 10:00:00+00:00,English,THREAT,SOURCE,"China, US, Iran","China escalates response to US sanctions against Iranian oil trade, signaling defiance of blacklisting measures.",6,Warning,"[""CF_CrudeOil""]",D2_품목,MEDIUM,Iran oil sanctions,917224bac63e036f3d9a7bc05562f081
Petronet LNG sees no clarity on Qatar supply for June - The HinduBusinessLine,2026-05-05 06:45:00+00:00,English,THREAT,SOURCE,Qatar,"Petronet LNG reports lack of clarity on Qatar's LNG supply commitments for June, indicating potential supply uncertainty.",7,Warning,"[""POL_LNGDiversify""]",D2_품목,MEDIUM,Qatar LNG supply,e0822093854cdc3a9e2bdbeea5f38dfd
China uses anti - sanctions law to counter US blacklisting of refiners that bought Iranian crude,2026-05-05 03:45:00+00:00,English,THREAT,SOURCE,China,China invokes anti-sanctions law to counter US blacklisting of refiners that purchased Iranian crude oil.,4,Caution,"[""CF_Coal""]",D2_품목,MEDIUM,Iran oil sanctions,2b7831c4fd0a079ea302ce0d68e36e75
"Latest updates on metals prices worldwide at 0200 GMT , May 5",2026-05-05 03:15:00+00:00,English,IRRELEVANT,,,Global metals price updates as of 0200 GMT on May 5.,0,Normal,[],D2_품목,MEDIUM,Metals price movements,5b9186d08355be46df61d9a4b2eec876
US forces pushing to open waterway | The Arkansas Democrat - Gazette - Arkansa Best News Source,2026-05-05 13:30:00+00:00,English,IRRELEVANT,,"Arkansas, USA",US forces working to open a waterway in Arkansas,0,Normal,[],D3_인프라,HIGH,Hormuz strait reopening,cddde31ffc53af9a2e017282227c48b3
"The US fights to reopen the Strait of Hormuz as the UAE comes under attack in a test of Iran truce - Boston News , Weather , Sports",2026-05-05 01:00:00+00:00,English,THREAT,ROUTE,"Strait of Hormuz, UAE",US attempts to reopen the Strait of Hormuz as UAE faces attacks amid Iran tensions.,8,Crisis,"[""CP_Hormuz""]",D3_인프라,HIGH,Hormuz Strait Tension,ea00a0d5a7fc6b5f13d78d87170ff206
The US fights to reopen the Strait of Hormuz as UAE says it attacked by Iran,2026-05-05 00:15:00+00:00,English,THREAT,ROUTE,"Strait of Hormuz, UAE, Iran",US seeks to reopen Strait of Hormuz after UAE reports being attacked by Iran,9,Crisis,"[""CP_Hormuz""]",D3_인프라,HIGH,Hormuz strait reopening,b2dc927c260af1d6cb2940d7218c2d7b
US strikes Iranian fast boats as Iran attacks UAE oil facility,2026-05-05 00:00:00+00:00,English,THREAT,ROUTE,"Iran, UAE","US military strikes Iranian fast boats amid Iranian attack on UAE oil facility, escalating regional tensions.",7,Warning,"[""CF_CrudeOil""]",D3_인프라,HIGH,Iran-UAE military conflict,6c0210a9b43e097ec68c1d6a3297e2a4
Five developments in the global gas market to watch until the end of 2026,2026-05-05 19:15:00+00:00,English,IRRELEVANT,,,Headline announces five upcoming developments in the global gas market through end of 2026 for monitoring purposes.,0,Normal,"[""KC_SKGas""]",D3_인프라,MEDIUM,Global gas market trends,39ecd6af4e3ff5a5911f9e3dd5193c94
War On Iran : –  Project Freedom  A One - Off Stunt – Tightening UAE Blockade – China Counters U . S . Sanctions – Moon of Alabama,2026-05-05 18:15:00+00:00,English,THREAT,ROUTE,"Iran, UAE","Headline reports tensions involving Iran, UAE blockade, US sanctions on China, and references to geopolitical escalation in the Middle East region.",6,Warning,"[""EVT_Ukraine2022""]",D3_인프라,MEDIUM,Iran-UAE tensions,79b1dfac2e0ffa30b439d26742356e48
Shell and INEOS Strike Gulf of Mexico Exploration Deal,2026-05-05 16:30:00+00:00,English,IRRELEVANT,,Gulf of Mexico,Shell and INEOS announce a joint exploration deal in the Gulf of Mexico.,0,Normal,"[""FP_USGulf"", ""KC_LotteConst""]",D3_인프라,MEDIUM,Oil exploration deal,bad76525d588dd677d7bf716b5e6d4d1
"Middle East crisis : UAE intercepts Iranian missiles , drones as fragile ceasefire falters",2026-05-05 15:00:00+00:00,English,THREAT,ROUTE,UAE / Middle East,"UAE intercepts Iranian missiles and drones as Middle East ceasefire deteriorates, escalating military tensions.",7,Warning,[],D3_인프라,MEDIUM,Middle East military tension,284adceb9d372f17ed2fb1125d77bbea
Bypassing Hormuz : Why Iran targets Gulf oil routes and what it may strike next,2026-05-05 14:00:00+00:00,English,THREAT,ROUTE,Iran/Gulf,Article discusses Iran's targeting of Gulf oil routes and potential future strikes on maritime infrastructure.,8,Crisis,"[""CF_CrudeOil"", ""KC_LotteConst""]",D3_인프라,MEDIUM,Iran Hormuz threat,7ea55c07724237718e65d9008b7a3178
"Kazakhstan Ships 730 , 000 Tons of Oil to Germany Before Druzhba Halt",2026-05-05 12:15:00+00:00,English,DISRUPTION,SOURCE,"Kazakhstan, Germany","Kazakhstan ships 730,000 tons of oil to Germany before Druzhba pipeline halt",6,Warning,"[""CF_CrudeOil""]",D3_인프라,MEDIUM,Oil pipeline disruption,7fd351f17bcc5da25af3203480edf1b3
"Kinder Morgan Sanders : Producers Stay Disciplined as Geopolitics Boost U . S . LNG , Pipeline Demand",2026-05-05 11:00:00+00:00,English,THREAT,SOURCE,United States,U.S. LNG producers maintain production discipline while geopolitical factors increase demand for U.S. LNG and pipeline capacity.,4,Caution,"[""BP_SaudiEastWest"", ""POL_LNGDiversify""]",D3_인프라,MEDIUM,US LNG demand,dbc97abc94516bd91257cf41b51cb9d4
"UAE OPEC Exit : Pragmatic Oil Policy , Not  Stranded Asset Panic",2026-05-05 08:45:00+00:00,English,IRRELEVANT,,UAE,UAE exits OPEC citing pragmatic oil policy rather than stranded asset concerns.,0,Normal,"[""CF_CrudeOil""]",D3_인프라,MEDIUM,UAE OPEC exit,c7d5ef6a860e4721628ef0cbf80e2454
What alternatives do Gulf states have to the Strait of Hormuz ? ,2026-05-05 03:00:00+00:00,English,THREAT,ROUTE,Gulf states,"Article discusses alternative routes Gulf states could use instead of the Strait of Hormuz, implying potential threat to the chokepoint's continued use.",7,Warning,"[""CP_Hormuz""]",D3_인프라,MEDIUM,Hormuz alternatives,c87bbd19c7d3be190fe880fe0023fe5c
India LNG Storage Push After Hormuz Crisis : Govt Expansion Plan,2026-05-05 02:00:00+00:00,English,THREAT,SOURCE,India,India announces government expansion plan for LNG storage capacity in response to Hormuz Crisis concerns,6,Warning,"[""POL_GrainReserve"", ""POL_LNGDiversify""]",D3_인프라,MEDIUM,India LNG storage,414b7b6f7d62e1369a7d9a380da8c0b5
Pakistan Opens Iran Land Corridors as Region Scrambles for Routes Beyond Hormuz,2026-05-05 01:45:00+00:00,English,THREAT,ROUTE,"Pakistan, Iran",Pakistan opens land corridors to Iran as regional players seek alternative routes to bypass Hormuz Strait.,7,Warning,[],D3_인프라,MEDIUM,Iran corridor routes,cfaf58bd655dfff96de999fd20f8a87b
Maersk says ship passed through Strait of Hormuz under U . S . military protection,2026-05-05 13:45:00+00:00,English,THREAT,ROUTE,Strait of Hormuz,Maersk vessel transited Strait of Hormuz under U.S. military protection,7,Warning,"[""CP_Hormuz""]",D4_운송,HIGH,Hormuz transit resumption,576240390eed0e2ef90656a1b3e1d0a2
"US tries to force open the Strait of Hormuz as the UAE comes under attack in a test of Iran truce – KTBB News , Weather , Talk",2026-05-05 13:30:00+00:00,English,THREAT,ROUTE,"Strait of Hormuz, UAE","US attempts to keep Strait of Hormuz open as UAE faces attacks, testing Iran ceasefire stability",8,Crisis,"[""CP_Hormuz""]",D4_운송,HIGH,Hormuz transit risk,0e42a0e99b0e65cf4793219b0350c156
"What to know as US tries to open Strait of Hormuz , ceasefire wavers",2026-05-05 12:45:00+00:00,English,THREAT,ROUTE,"US, Strait of Hormuz","US attempts to open Strait of Hormuz as ceasefire negotiations waver, indicating potential maritime route tension.",8,Crisis,"[""CP_Hormuz""]",D4_운송,HIGH,Hormuz strait reopening,9d93ea84762269ea62d263e35df4d7ca
Hormuz ship traffic stays limited as only 4 commercial vessels transit in 24 hours,2026-05-05 11:00:00+00:00,English,DISRUPTION,ROUTE,Hormuz,"Only 4 commercial vessels transited the Strait of Hormuz in 24 hours, indicating severely limited ship traffic through the chokepoint.",8,Crisis,"[""CP_Hormuz""]",D4_운송,HIGH,Hormuz transit disruption,0b8e9e2fa7524435c945155755d9b9ee
U . S . tries to force open the Strait of Hormuz as the UAE comes under attack,2026-05-05 10:45:00+00:00,English,THREAT,ROUTE,UAE / Strait of Hormuz,US attempts to keep Strait of Hormuz open amid attacks on UAE,9,Crisis,"[""CP_Hormuz""]",D4_운송,HIGH,Hormuz strait reopening,2301ee1431649b6921ff5df68b62a5d7
S . Korea says likely to take days to analyze cause of fire on HMM - operated vessel in Strait of Hormuz,2026-05-05 10:00:00+00:00,English,DOMESTIC_IMPACT,,Strait of Hormuz,South Korea says it will likely take days to analyze the cause of a fire that occurred on an HMM-operated vessel in the Strait of Hormuz,6,Warning,"[""VT_Reefer"", ""KC_KAI"", ""KC_HMM""]",D4_운송,HIGH,HMM vessel fire analysis,fcbf05e725514a64d72ebe901cb62b36
Fire on HMM Vessel in Strait of Hormuz Extinguished,2026-05-05 09:15:00+00:00,English,IRRELEVANT,,Strait of Hormuz,Fire aboard HMM vessel in Strait of Hormuz has been extinguished,0,Normal,"[""VT_Reefer"", ""KC_HMM""]",D4_운송,HIGH,HMM vessel fire Hormuz,d7c80f3081e93b0063f0a6ff86cf2b69
The Latest : Hegseth and Caine say ceasefire between the US and Iran is not over,2026-05-05 14:45:00+00:00,English,IRRELEVANT,,,US officials Hegseth and Caine state that ceasefire between US and Iran is not over.,0,Normal,"[""KC_LotteConst""]",D4_운송,MEDIUM,US-Iran ceasefire,4d1336177d62d364da1f7f44db2138e6
US evacuates crew of seized Iranian ship to Pak - News Today,2026-05-05 07:45:00+00:00,English,THREAT,ROUTE,"Iran, Pakistan","US evacuates crew from a seized Iranian ship to Pakistan, indicating escalating tensions in the region.",5,Caution,[],D4_운송,MEDIUM,Iranian ship crew evacuation,1c856acabef43203d249f5fb434adb0d
Iran : 15 More Crew of US - Seized Ship Released,2026-05-05 06:30:00+00:00,English,IRRELEVANT,,Iran,Iran releases 15 additional crew members from a US-seized ship.,0,Normal,[],D4_운송,MEDIUM,US-seized ship crew,c0996cfbc1107ff516d5b510b63aafda
Crude Oil Plunges Amid U . S . Measures To Restart Traffic Across The Strait Of Hormuz,2026-05-05 19:45:00+00:00,English,DISRUPTION,ROUTE,Strait of Hormuz,U.S. measures to restart traffic across the Strait of Hormuz cause crude oil prices to plunge.,7,Warning,"[""CP_Hormuz"", ""CF_Coal"", ""CF_CrudeOil""]",D5_시장지표,HIGH,Hormuz traffic restart,ed957a5905e98aa636abb0e1eba6ea93
Brent near $114 as Hormuz tensions keep oil volatile - Pakistan Today,2026-05-05 13:30:00+00:00,English,THREAT,ROUTE,Hormuz,Brent crude oil prices near $114 due to tensions in the Strait of Hormuz keeping oil markets volatile.,8,Crisis,"[""CP_Hormuz"", ""CF_Coal"", ""CF_CrudeOil""]",D5_시장지표,HIGH,Brent crude volatility,5f31c3d29ef4471de942ecbbf65f1559
Brent holds near $114 a barrel as Middle East tensions rage on,2026-05-05 11:15:00+00:00,English,THREAT,SOURCE,Middle East,Brent crude oil holds near $114/barrel amid escalating Middle East tensions,7,Warning,"[""CF_Coal""]",D5_시장지표,HIGH,Brent crude volatility,83587745e8e45499be0d6b4834afab1f
Oil prices jump on UAE and Hormuz attacks - Pakistan Today,2026-05-05 09:30:00+00:00,English,THREAT,ROUTE,UAE and Hormuz,Oil prices rise following attacks on UAE and Hormuz region,8,Crisis,"[""CP_Hormuz"", ""CF_CrudeOil"", ""KC_LotteConst""]",D5_시장지표,HIGH,Oil price spike,22e311d54faee44d4a1924d47828b551
Brent Near $114 As Middle East Conflict Continues,2026-05-05 09:30:00+00:00,English,THREAT,SOURCE,Middle East,Brent crude oil price rises to near $114 due to ongoing Middle East conflict,7,Warning,"[""CF_Coal""]",D5_시장지표,HIGH,Middle East conflict,c50f86384ff37540322ca78b87622b4e
Oil eases on signs US is loosening Iranian closure of Strait of Hormuz,2026-05-05 08:30:00+00:00,English,THREAT,ROUTE,"US, Iran",Oil prices decline as the US signals it may ease restrictions on Iranian closure of the Strait of Hormuz.,6,Warning,"[""CF_CrudeOil""]",D5_시장지표,HIGH,Hormuz closure easing,423b31c7bcba3589f730c345595ad969
Oil dips on signs US is loosening Iranian Hormuz closure,2026-05-05 08:00:00+00:00,English,THREAT,ROUTE,Iran,Oil prices decline as signals suggest the US is easing tensions regarding Iranian threats to close the Strait of Hormuz.,6,Warning,"[""CF_CrudeOil""]",D5_시장지표,HIGH,Hormuz closure easing,ef6978423fa8aeebc65dbafb6d5ba958
Crude oil prices retreat after gaining 6 % amid ongoing US - Iran war . What next ? ,2026-05-05 07:00:00+00:00,English,THREAT,SOURCE,"US, Iran",Crude oil prices retreated after a 6% gain amid ongoing US-Iran conflict; market outlook uncertain.,6,Warning,"[""CF_Coal"", ""EVT_Ukraine2022"", ""CF_CrudeOil""]",D5_시장지표,HIGH,Crude oil volatility,5ef6839f3597e309d5649c41ffb2f158
UAE Business : Oil prices ease a bit after US escorts ship out of Hormuz,2026-05-05 06:30:00+00:00,English,THREAT,ROUTE,UAE,"Oil prices ease after US escorts ship out of Hormuz, indicating tension reduction in the critical strait.",6,Warning,"[""CP_Hormuz"", ""CF_CrudeOil""]",D5_시장지표,HIGH,Oil price easing,7b24d80959f936af2b56f3246e2c42d3
Oil Prices Ease in Asian Trade as Gulf Tensions and Hormuz Shipping Risks Weigh on Markets,2026-05-05 06:15:00+00:00,English,THREAT,ROUTE,Gulf / Strait of Hormuz,Oil prices ease in Asian trade amid Gulf tensions and shipping risks through Hormuz Strait affecting markets.,7,Warning,"[""CP_Hormuz"", ""POL_ShippingReroute"", ""CF_CrudeOil"", ""KC_LotteConst""]",D5_시장지표,HIGH,Gulf tensions impact,06294392b2a60b73b3b66478d5b7a607
Crude Oil Prices Ease Despite Persisting Middle East Tensions,2026-05-05 16:15:00+00:00,English,THREAT,SOURCE,Middle East,Crude oil prices are easing despite ongoing Middle East tensions.,5,Caution,"[""CF_Coal"", ""CF_CrudeOil""]",D5_시장지표,MEDIUM,Crude oil easing,a2c4c92acaa9ae89e7065f3e4b465cdf
"Nasdaq to lead gains as oil eases , Palantir trades lower despite blowout earnings",2026-05-05 13:00:00+00:00,English,IRRELEVANT,,,"Stock market report on Nasdaq gains, oil price easing, and Palantir earnings performance.",0,Normal,"[""CF_CrudeOil""]",D5_시장지표,MEDIUM,Oil price movement,4a8066a43ea99cac9b7d994f2ebc6b7b
"Morning Bid : Gulf singe , AI binge",2026-05-05 11:30:00+00:00,English,IRRELEVANT,,,Headline references market sentiment on Gulf oil prices and AI investment trends without reporting specific supply chain disruption.,0,Normal,[],D5_시장지표,MEDIUM,Gulf tensions,831905d5fba1cca024d038f240ac20ee
"Crude shock , Hormuz fears drag Sensex , Nifty lower at open ; ONGC , Adani Ports gain",2026-05-05 06:45:00+00:00,English,THREAT,ROUTE,Hormuz,Market decline driven by crude oil shock and Hormuz Strait concerns; ONGC and Adani Ports show mixed performance.,7,Warning,"[""CP_Hormuz"", ""CF_Coal""]",D5_시장지표,MEDIUM,Market reaction India,44450ec08365078c64436e95fd72cede
U . S . military leaders say ceasefire with Iran holding despite attacks in the Strait of Hormuz,2026-05-05 19:15:00+00:00,English,THREAT,ROUTE,Strait of Hormuz,U.S. military leaders report ceasefire with Iran is holding despite ongoing attacks in the Strait of Hormuz,7,Warning,"[""CP_Hormuz""]",D6_교란행위,HIGH,Iran-US tensions,e674b34a37595e8a8f77e448cd18f454
Diet Coke parties are thrown as Middle East war disrupts supplies,2026-05-05 19:15:00+00:00,English,THREAT,ROUTE,Middle East,"Middle East war is disrupting supplies, causing supply chain concerns reported through consumer product shortages.",7,Warning,"[""EVT_Ukraine2022""]",D6_교란행위,HIGH,Supply disruption impact,4125eb71fa6587d096dee7cac6ad2bc5
"US says ceasefire with Iran is holding despite attacks in the Strait of Hormuz and against the UAE - WSVN 7News | Miami News , Weather , Sports",2026-05-05 19:00:00+00:00,English,THREAT,ROUTE,"Strait of Hormuz, UAE",US reports ceasefire with Iran is holding despite ongoing attacks in the Strait of Hormuz and against the UAE,7,Warning,"[""CP_Hormuz"", ""KC_LotteConst""]",D6_교란행위,HIGH,Hormuz ceasefire stability,c2040588772587094a781c00a558bf68
U . S . says the Iran ceasefire holds despite attacks in Strait of Hormuz and against UAE,2026-05-05 18:15:00+00:00,English,THREAT,ROUTE,"Strait of Hormuz, UAE",U.S. reports Iran ceasefire holds despite ongoing attacks in Strait of Hormuz and against UAE,7,Warning,"[""CP_Hormuz"", ""KC_LotteConst""]",D6_교란행위,HIGH,Hormuz strait,445c0c5c04ae6650315fd35ac1fbfbbe
Pete Hegseth Says Military Intercepted Six Vessels Trying to Break Blockade,2026-05-05 17:45:00+00:00,English,THREAT,ROUTE,,US military intercepted six vessels attempting to break a blockade,5,Caution,[],D6_교란행위,HIGH,Hormuz blockade vessels,64bf241d05919ab4be5d08d9a0e4f04f
US says it redirected 51 vessels from Iranian ports,2026-05-05 17:45:00+00:00,English,THREAT,SOURCE,Iran,US redirected 51 vessels away from Iranian ports,5,Caution,[],D6_교란행위,HIGH,US vessel redirection,f792f4a94345d6653062867edf28dc91
US Intercepts Six Ships Trying To Run American Blockade Of Strait of Hormuz,2026-05-05 17:45:00+00:00,English,THREAT,ROUTE,Strait of Hormuz,US intercepts six ships attempting to breach American blockade of Strait of Hormuz,8,Crisis,"[""CP_Hormuz""]",D6_교란행위,HIGH,Hormuz blockade ships,c445b23dffb11cf7efe875e42cb9d16a
US Intercepts Six Ships Trying To Run American Blockade Of Strait of Hormuz | Talk Radio 105 . 9,2026-05-05 17:45:00+00:00,English,THREAT,ROUTE,Strait of Hormuz,US intercepts six ships attempting to breach American blockade of the Strait of Hormuz,8,Crisis,"[""CP_Hormuz""]",D6_교란행위,HIGH,Hormuz blockade ships,aff4dfee7424d5a7926ede69bcda58a7
Pentagon Chief Hegseth : Ceasefire With Iran Not Over - Pakistan Today,2026-05-05 17:45:00+00:00,English,THREAT,ROUTE,Iran,"Pentagon Chief Hegseth states ceasefire with Iran is not over, indicating ongoing tension in US-Iran relations.",5,Caution,[],D6_교란행위,HIGH,Iran ceasefire status,cfaf7cf6fa5a35488d928d63fba3cf10
Iran war fragile ceasefire tested in US attempt to open the Strait of Hormuz | Politics and Government,2026-05-05 17:45:00+00:00,English,THREAT,ROUTE,Iran,"US attempts to open the Strait of Hormuz amid fragile Iran ceasefire, testing geopolitical tensions.",8,Crisis,"[""EVT_Ukraine2022"", ""KC_LotteConst""]",D6_교란행위,HIGH,Hormuz strait reopening,45b104d7bcf6731f3a29347c5613466a
"Iran Submits 14 - Point Peace Proposal Including New Strait of Hormuz Mechanism , Officials Say – NaturalNews . com",2026-05-05 17:45:00+00:00,English,THREAT,ROUTE,Iran,Iran submits a 14-point peace proposal that includes a new mechanism for the Strait of Hormuz.,6,Warning,"[""CP_Hormuz""]",D6_교란행위,HIGH,Hormuz mechanism proposal,57963c20db0613a9001fccd32e074a12
Germany prepares for mission in the Strait of Hormuz,2026-05-05 16:45:00+00:00,English,THREAT,ROUTE,Germany,Germany announces preparation for a military mission in the Strait of Hormuz,7,Warning,[],D6_교란행위,HIGH,Hormuz military deployment,1c37105ee02f75b217f2ebb721ad6e1e
Hegseth says Iran cease - fire still intact as U . S . turns back ships during Hormuz blockade,2026-05-05 16:15:00+00:00,English,THREAT,ROUTE,"Iran, Hormuz",U.S. turns back ships during Hormuz blockade while Iran ceasefire remains intact according to Hegseth statement,8,Crisis,"[""CP_Hormuz""]",D6_교란행위,HIGH,Hormuz blockade,0a0290a04717e81241128053e741546a
US says Iran ceasefire holding despite strait tensions,2026-05-05 16:15:00+00:00,English,THREAT,ROUTE,Iran,US reports Iran ceasefire is holding despite ongoing strait tensions,6,Warning,[],D6_교란행위,HIGH,Iran ceasefire status,9f6db755b9b9e6e6bb565239997c5e3a
Hegseth says US ceasefire with Iran  not over  despite Strait of Hormuz attacks,2026-05-05 16:15:00+00:00,English,THREAT,ROUTE,Iran,US official states ceasefire with Iran remains in effect despite Strait of Hormuz attacks,7,Warning,[],D6_교란행위,HIGH,Hormuz ceasefire stability,672951a4ec1313c4337aff85d80aef61
US military leaders say ceasefire with Iran holding despite attacks,2026-05-05 16:15:00+00:00,English,THREAT,ROUTE,Iran,US military leaders report that a ceasefire with Iran is holding despite ongoing attacks.,5,Caution,[],D6_교란행위,HIGH,Hormuz ceasefire stability,ce1a1ddeb1cd93ff9c4a8890c6859768
"Despite Iran attacks on UAE , war has not resumed , US Gen . Dan Caine says",2026-05-05 16:15:00+00:00,English,THREAT,ROUTE,UAE,"US General Dan Caine states that despite Iranian attacks on UAE, war has not resumed.",5,Caution,"[""EVT_Ukraine2022""]",D6_교란행위,HIGH,Iran attacks UAE,ec81479f368ad375b384a6549aefa04c
The U . S . attempt to open the Strait of Hormuz tests the fragile Iran war ceasefire,2026-05-05 16:15:00+00:00,English,THREAT,ROUTE,Iran,"U.S. attempts to open the Strait of Hormuz amid fragile Iran war ceasefire, raising tension over critical maritime passage.",8,Crisis,"[""EVT_Ukraine2022""]",D6_교란행위,HIGH,Hormuz strait access,528029b74e73f672fb87fa8d482b0930
US says Iran ceasefire still in place after clashes over Hormuz,2026-05-05 15:30:00+00:00,English,THREAT,ROUTE,"Iran, Hormuz",US reports Iran ceasefire remains in place following military clashes near Hormuz Strait,7,Warning,"[""CP_Hormuz""]",D6_교란행위,HIGH,Hormuz ceasefire,d9cd682765777b536d266fd190ee4a2b
Mayport - based USS Mason among 2 Navy destroyers that transited Strait of Hormuz after Iranian barrage : report,2026-05-05 15:15:00+00:00,English,THREAT,ROUTE,Strait of Hormuz,US Navy destroyers transited Strait of Hormuz following an Iranian military barrage,7,Warning,"[""CP_Hormuz""]",D6_교란행위,HIGH,Hormuz strait transit,9447e10a346c18a6a8f1eed0cd1a950c
South Korea says it could join Trump  Project Freedom  after ship set ablaze in Strait of Hormuz,2026-05-05 15:15:00+00:00,English,THREAT,ROUTE,Strait of Hormuz,South Korea considering joining Trump's Project Freedom initiative following a ship being set ablaze in the Strait of Hormuz.,7,Warning,"[""CP_Hormuz"", ""KC_KAI""]",D6_교란행위,HIGH,Korea Hormuz involvement,3e77a00cf10328a115b3b564a197acf7
Maersk Confirms Cargo Ship Safely Escorted by U . S . Navy Through Gulf,2026-05-05 15:00:00+00:00,English,THREAT,ROUTE,Gulf,"Maersk cargo ship safely escorted by U.S. Navy through the Gulf, indicating potential maritime security threat in the region.",5,Caution,[],D6_교란행위,HIGH,Maersk Gulf transit,3dea85fd237d59a779851706cd23b8fc
وزير الحرب الأمريكي : نسيطر على « هرمز ».. رئيس الأركان : جاهزون لاستئناف القتال,2026-05-05 14:45:00+00:00,English,THREAT,ROUTE,United States / Iran region,US Defense Secretary states control over Hormuz Strait; Chairman of Joint Chiefs confirms readiness to resume combat operations,8,Crisis,"[""CP_Hormuz""]",D6_교란행위,HIGH,Hormuz control,bbf793fed3384a69dcdbdd4d7ed789c5
Iran says US military attacked civilian boats in Strait of Hormuz amid fears of renewed conflict,2026-05-05 14:45:00+00:00,English,THREAT,ROUTE,Strait of Hormuz,Iran reports US military attacked civilian boats in Strait of Hormuz amid escalating conflict concerns,8,Crisis,"[""CP_Hormuz""]",D6_교란행위,HIGH,Hormuz military incident,6835dfa5ddeccf857fe038e09247c39f
Hegseth :  Iran is embarassed that our blockade is holding  ,2026-05-05 14:45:00+00:00,English,THREAT,ROUTE,Iran,US official states that Iran is embarrassed by US blockade holding in region,6,Warning,[],D6_교란행위,HIGH,Hormuz blockade status,eede71aaa01f3c5550ca8862e2831d59
Iran war : Tehran says it will keep up  intolerable  blockade,2026-05-05 14:45:00+00:00,English,THREAT,ROUTE,Iran,"Iran announces it will maintain an 'intolerable' blockade, signaling continued intent to restrict maritime passage.",7,Warning,"[""EVT_Ukraine2022""]",D6_교란행위,HIGH,Iran blockade,3964df23f74d4d8056bd03cb6ef7b36a
Thousands of sailors stranded in Strait of Hormuz left waiting for Trump  Project Freedom  | News World,2026-05-05 14:45:00+00:00,English,THREAT,ROUTE,Strait of Hormuz,Thousands of sailors are stranded in the Strait of Hormuz awaiting resolution related to Trump's Project Freedom initiative.,7,Warning,"[""CP_Hormuz""]",D6_교란행위,HIGH,Hormuz crew stranded,c413b6bfa5b67ced487974d8fcd948c9
US forces guide first commercial ships safely through Strait of Hormuz,2026-05-05 14:30:00+00:00,English,THREAT,ROUTE,Strait of Hormuz,US forces are escorting commercial vessels through the Strait of Hormuz to ensure safe passage,6,Warning,"[""CP_Hormuz""]",D6_교란행위,HIGH,Hormuz transit,2cd024d3420abda15bd358af08c82324
Shipping Company Says One Of Its Vessels Crossed The Strait Of Hormuz With U . S . Protection,2026-05-05 14:30:00+00:00,English,THREAT,ROUTE,Strait of Hormuz,"A shipping company vessel crossed the Strait of Hormuz under U.S. military protection, indicating heightened security concerns in the chokepoint.",7,Warning,"[""CP_Hormuz"", ""POL_ShippingReroute""]",D6_교란행위,HIGH,Hormuz vessel transit,9380439263f5b1848f23a3d935388e2a
Iran latest : US says a route through Strait of Hormuz has been reopened,2026-05-05 14:30:00+00:00,English,DISRUPTION,ROUTE,Strait of Hormuz,US reports that a shipping route through the Strait of Hormuz has been reopened.,3,Normal,"[""CP_Hormuz""]",D6_교란행위,HIGH,Hormuz strait reopened,7b58c842b1048cc25125e9bd3364156e
U . S . launches operation to reopen Strait of Hormuz,2026-05-05 14:00:00+00:00,English,THREAT,ROUTE,United States,U.S. launches operation to reopen Strait of Hormuz,8,Crisis,"[""CP_Hormuz""]",D6_교란행위,HIGH,Hormuz reopening,73a2c8b0128866b4ce4a85bb4f32fdb9
Pentagon chief Hegseth : ceasefire with Iran is not over,2026-05-05 14:00:00+00:00,English,THREAT,ROUTE,Iran,"Pentagon chief states that ceasefire with Iran is not over, indicating ongoing diplomatic tension.",5,Caution,[],D6_교란행위,HIGH,Iran ceasefire status,dea0e5af0b69a3efa7f50b4f02af799a
US threatens  devastating  response to any Iran attack on shipping,2026-05-05 14:00:00+00:00,English,THREAT,ROUTE,Iran,US threatens a devastating response to any Iranian attack on shipping,7,Warning,"[""POL_ShippingReroute""]",D6_교란행위,HIGH,Shipping protection,e653fa1106c2f3b0614e8fb111fa6836
US says it reopened Strait of Hormuz after attacks,2026-05-05 13:30:00+00:00,English,DISRUPTION,ROUTE,Strait of Hormuz,US reports reopening of Strait of Hormuz following attacks,7,Warning,"[""CP_Hormuz""]",D6_교란행위,HIGH,Hormuz reopened,f4267c6d94b10452ab7763a43a432740
Hegseth says US - Iran ceasefire holds despite exchange of fire in Strait of Hormuz,2026-05-05 13:30:00+00:00,English,THREAT,ROUTE,Strait of Hormuz,US official reports ceasefire between US and Iran holds despite exchange of fire in Strait of Hormuz,7,Warning,"[""CP_Hormuz""]",D6_교란행위,HIGH,Hormuz ceasefire stability,35a67c838b5100942020a9ea93a3eecd
OMG : India throws Diet Coke parties as Iran war disrupts supplies,2026-05-05 13:30:00+00:00,English,THREAT,SOURCE,"India, Iran","India experiences supply disruptions due to Iran war affecting availability of goods, reported through anecdotal consumption behavior.",5,Caution,"[""EVT_Ukraine2022""]",D6_교란행위,HIGH,Supply disruption impact,8ba96b856a4f2f910453ebe4605e9010
"US intercepts 6 ships trying to run American blockade , Hegseth says",2026-05-05 13:00:00+00:00,English,THREAT,ROUTE,US,"US military intercepts 6 ships attempting to breach American blockade, according to Defense Secretary Hegseth",4,Caution,[],D6_교란행위,HIGH,Hormuz blockade ships,6059655610f26ecb4efc65ce2a9b52c6
US says it sank 6 Iranian boats as it escorts ships through Strait of Hormuz,2026-05-05 13:00:00+00:00,English,THREAT,ROUTE,Strait of Hormuz,US military sinks 6 Iranian boats while escorting ships through Strait of Hormuz,8,Crisis,"[""CP_Hormuz""]",D6_교란행위,HIGH,Hormuz military action,1cd0b3e9c85d57935bc7a7d0f0a3c303
UN warns of  unprecedented  crisis for seafarers in Persian Gulf as war strands crews at sea,2026-05-05 13:00:00+00:00,English,THREAT,ROUTE,Persian Gulf,UN warns of unprecedented crisis for seafarers in Persian Gulf as ongoing war strands maritime crews at sea,7,Warning,"[""EVT_Ukraine2022""]",D6_교란행위,HIGH,Persian Gulf seafarer crisis,2b17c10272c6b0558771639937408c05
Hegseth delivers update after US - Iran clash in Strait of Hormuz,2026-05-05 12:45:00+00:00,English,THREAT,ROUTE,Strait of Hormuz,US and Iran clash in Strait of Hormuz; US defense official provides update on incident.,8,Crisis,"[""CP_Hormuz""]",D6_교란행위,HIGH,Hormuz military clash,76868d3de709d5067ac5db8f8d51d641
US tries to force open the Strait of Hormuz as the UAE comes under attack in a test of Iran truce,2026-05-05 12:45:00+00:00,English,THREAT,ROUTE,"US, UAE, Iran","US attempts to keep the Strait of Hormuz open as UAE faces attacks, testing Iran ceasefire stability",9,Crisis,"[""CP_Hormuz""]",D6_교란행위,HIGH,Hormuz strait reopening,64167f4541a2e9cc10af38e857c34973
Defense Secretary Hegseth announces Project Freedom in effort to reopen the Strait of Hormuz,2026-05-05 12:45:00+00:00,English,THREAT,ROUTE,Strait of Hormuz,US Defense Secretary announces Project Freedom initiative aimed at reopening the Strait of Hormuz,7,Warning,"[""CP_Hormuz""]",D6_교란행위,HIGH,Hormuz reopening,6195482e7f6559216e3bc61ad675220b
U . S . says it reopened Strait of Hormuz after attacks,2026-05-05 12:15:00+00:00,English,DISRUPTION,ROUTE,Strait of Hormuz,U.S. reports reopening of Strait of Hormuz following attacks,7,Warning,"[""CP_Hormuz""]",D6_교란행위,HIGH,Hormuz reopened,9478517cb9a654a692f52ffeff250510
US attempt to open the Strait of Hormuz tests Iran war fragile ceasefire,2026-05-05 12:00:00+00:00,English,THREAT,ROUTE,Strait of Hormuz,"US attempts to open the Strait of Hormuz amid fragile Iran ceasefire, raising tension risks",8,Crisis,"[""CP_Hormuz"", ""EVT_Ukraine2022""]",D6_교란행위,HIGH,Hormuz reopening test,48558ab2a5dca206e4190f2b31f0ba46
US attempt to open Strait of Hormuz tests fragile Iran war ceasefire,2026-05-05 11:30:00+00:00,English,THREAT,ROUTE,Iran,"US attempts to open Strait of Hormuz amid fragile Iran war ceasefire, creating tension over critical maritime chokepoint",8,Crisis,"[""EVT_Ukraine2022""]",D6_교란행위,HIGH,Hormuz reopening test,9d714a4bba1eab5cfb52e3b77ab14db3
US attempt to open Strait of Hormuz tests fragile Iran war ceasefire – Winnipeg Free Press,2026-05-05 11:30:00+00:00,English,THREAT,ROUTE,"Strait of Hormuz, Iran, US","US attempts to open Strait of Hormuz amid fragile Iran war ceasefire, creating tension over critical maritime chokepoint",8,Crisis,"[""CP_Hormuz"", ""EVT_Ukraine2022""]",D6_교란행위,HIGH,Hormuz strait tensions,b148e8b1a85f5a2d137380aa814fd93d
U . S . attempt to open Strait of Hormuz tests fragile ceasefire – NBC 7 San Diego,2026-05-05 11:30:00+00:00,English,THREAT,ROUTE,"United States, Strait of Hormuz","U.S. attempts to open the Strait of Hormuz amid a fragile ceasefire, risking potential escalation.",8,Crisis,"[""CP_Hormuz""]",D6_교란행위,HIGH,Hormuz strait reopening,f6a5aeacc728f73da11060428080d873
U . S . attempt to open Strait of Hormuz tests fragile Iran war ceasefire,2026-05-05 11:30:00+00:00,English,THREAT,ROUTE,"Iran, U.S.","U.S. attempts to open Strait of Hormuz amid fragile Iran war ceasefire, raising tensions over critical maritime passage",8,Crisis,"[""CP_Hormuz"", ""EVT_Ukraine2022""]",D6_교란행위,HIGH,Hormuz strait,b4bdb520e5a2765e18fe98f8487f194f
U . S . efforts to open Strait of Hormuz threatens to upend fragile truce,2026-05-05 11:15:00+00:00,English,THREAT,ROUTE,U.S.,U.S. efforts to open Strait of Hormuz threaten to destabilize a fragile truce in the region.,8,Crisis,"[""CP_Hormuz""]",D6_교란행위,HIGH,Hormuz strait reopening,8a603a3010a0903407e7d8f81b18fada
U . S . attempt to open Strait of Hormuz tests fragile ceasefire – NBC Chicago,2026-05-05 11:15:00+00:00,English,THREAT,ROUTE,U.S.,"U.S. attempts to open Strait of Hormuz amid fragile ceasefire, testing regional stability.",8,Crisis,"[""CP_Hormuz""]",D6_교란행위,HIGH,Hormuz strait reopening,6423c3a105e1d9b8a4d1d1e8ca197042
U . S . attempt to open Strait of Hormuz tests fragile ceasefire – NBC Connecticut,2026-05-05 11:00:00+00:00,English,THREAT,ROUTE,Strait of Hormuz,"U.S. attempts to open Strait of Hormuz amid fragile ceasefire conditions, testing geopolitical stability in the region.",8,Crisis,"[""CP_Hormuz""]",D6_교란행위,HIGH,Hormuz strait reopening,1312b67b40ba1240d9036680a104e550
معركة هرمز .. مقتل 5 في قصف أمريكي لزورقين إيرانيين,2026-05-05 11:00:00+00:00,English,THREAT,ROUTE,Iran / Strait of Hormuz,"US military strikes Iranian boats in Hormuz region, killing 5 personnel",7,Warning,[],D6_교란행위,HIGH,Hormuz military action,2de8c747c0b3a5e53e43d7edaab9fced
US tries to force open the Strait of Hormuz as Iran attacks on UAE test ceasefire,2026-05-05 10:15:00+00:00,English,THREAT,ROUTE,"Strait of Hormuz, UAE","US attempts to keep Strait of Hormuz open as Iran conducts attacks on UAE, testing ceasefire stability.",8,Crisis,"[""CP_Hormuz""]",D6_교란행위,HIGH,Hormuz strait,ee1366b9179bb64b8938def607573936
India throws Diet Coke parties as Iran war disrupts supplies,2026-05-05 10:15:00+00:00,English,THREAT,SOURCE,"India, Iran","India experiences supply disruptions linked to Iran conflict, causing consumer product shortages (Diet Coke parties referenced as adaptation to scarcity).",4,Caution,"[""EVT_Ukraine2022""]",D6_교란행위,HIGH,Supply disruption impact,5153192293f9469985744b6ce5fd7234
Maersk ship transits Strait of Hormuz under U . S . military protection,2026-05-05 10:00:00+00:00,English,THREAT,ROUTE,Strait of Hormuz,Maersk ship transits Strait of Hormuz under U.S. military protection,7,Warning,"[""CP_Hormuz""]",D6_교란행위,HIGH,Hormuz transit protection,18edcaac70faf4e82d77a02523b7f2fa
Oil prices jump on Hormuz tensions as US indices retreat from records,2026-05-05 09:45:00+00:00,English,THREAT,ROUTE,Hormuz,Oil prices surge amid rising tensions in the Strait of Hormuz as US stock indices decline from record highs,8,Crisis,"[""CP_Hormuz"", ""CF_CrudeOil""]",D6_교란행위,HIGH,Oil price surge,e0c414cac8722bd448a1228e748e0dfc
US Launches  Project Freedom  to Secure Ships in Strait of Hormuz Amid Iran Tensions,2026-05-05 09:30:00+00:00,English,THREAT,ROUTE,Strait of Hormuz,US launches Project Freedom initiative to secure ships transiting the Strait of Hormuz amid escalating Iran tensions,8,Crisis,"[""CP_Hormuz""]",D6_교란행위,HIGH,Hormuz shipping security,cd2af257abb05432fd739110664bd1d8
"The US fights to reopen the Strait of Hormuz as the UAE comes under attack in a test of Iran truce | News , Sports , Jobs",2026-05-05 09:15:00+00:00,English,THREAT,ROUTE,"UAE, Iran","US attempts to reopen the Strait of Hormuz as UAE faces attacks, testing Iran ceasefire",8,Crisis,"[""CP_Hormuz""]",D6_교란행위,HIGH,Hormuz strait reopening,1ac2e5c4a7e1f13545a27ba47e3111f2
South Korea discusses  response  as Trump demands Seoul join Hormuz mission after vessel fire,2026-05-05 08:45:00+00:00,English,THREAT,ROUTE,Hormuz,South Korea discusses response as Trump demands Seoul join Hormuz mission following a vessel fire incident.,7,Warning,"[""CP_Hormuz"", ""VT_Reefer"", ""KC_KAI""]",D6_교란행위,HIGH,Korea Hormuz response,6b8ffda7d035c508b323b7a093d96e42
"US says it sinks Iranian small boats , shoots down missiles , drones as it opens Strait",2026-05-05 07:00:00+00:00,English,THREAT,ROUTE,Strait (Iran region),US military engages Iranian small boats and shoots down Iranian missiles and drones while operating in a strait.,7,Warning,[],D6_교란행위,HIGH,Hormuz strait,9cb29668150756292bb4f6deb55f00df
"US - Iran talks progressing with Pakistan efforts , says Araghchi amid Hormuz tensions",2026-05-05 06:45:00+00:00,English,THREAT,ROUTE,"US, Iran, Pakistan",US-Iran talks progressing with Pakistan mediation efforts amid Hormuz tensions,7,Warning,[],D6_교란행위,HIGH,Iran-US negotiations,8b4d065c4c141118671b80f8f4d37bdb
"Ships cluster further from Strait of Hormuz , find shelter near Dubai as Iran widens control",2026-05-05 06:30:00+00:00,English,THREAT,ROUTE,Iran / Dubai / Strait of Hormuz,Ships are clustering away from the Strait of Hormuz and seeking shelter near Dubai as Iran expands its control in the region.,8,Crisis,"[""CP_Hormuz""]",D6_교란행위,HIGH,Ship avoidance Hormuz,8d832bbcf5edbb489f691b2720390d4f
Donald Trump is trying to force the Strait of Hormuz open - and daring Iran to respond : report,2026-05-05 06:30:00+00:00,English,THREAT,ROUTE,Iran,Trump administration attempts to keep the Strait of Hormuz open while challenging Iran to respond.,8,Crisis,"[""CP_Hormuz"", ""KC_LotteConst""]",D6_교란행위,HIGH,Hormuz strait reopening,17d42437adc7c83573a054f0dc3d1f60
Trump Warns Iran Will Be  Blown Off The Face Of The Earth  If US Ships Are Hit As Washington Clears  Effe,2026-05-05 05:15:00+00:00,English,THREAT,SOURCE,Iran,Trump warns Iran will face destruction if US ships are attacked as Washington escalates tensions.,6,Warning,"[""CF_RareEarth""]",D6_교란행위,HIGH,Hormuz military tensions,8c7d00352e4969e259c7a4a1fe7c110f
US denies Iran struck Navy vessel in Hormuz push,2026-05-05 04:15:00+00:00,English,THREAT,ROUTE,Hormuz,"US denies that Iran struck a Navy vessel in the Strait of Hormuz, amid escalating tensions in the region.",7,Warning,"[""CP_Hormuz"", ""VT_Reefer""]",D6_교란행위,HIGH,Hormuz strait,52281d747a08947ba43e50283d4293bd
US destroyers transit Hormuz Strait after repelling Iranian attack : Report,2026-05-05 04:15:00+00:00,English,THREAT,ROUTE,Hormuz Strait,US destroyers transited the Hormuz Strait after repelling an Iranian attack,8,Crisis,"[""CP_Hormuz""]",D6_교란행위,HIGH,Hormuz strait,8296259ca909779402e782dc460937bb
US Navy escorts Maersk ship through Strait of Hormuz,2026-05-05 04:15:00+00:00,English,THREAT,ROUTE,Strait of Hormuz,"US Navy escorts Maersk ship through Strait of Hormuz, indicating heightened security measures in a critical maritime chokepoint",7,Warning,"[""CP_Hormuz""]",D6_교란행위,HIGH,Hormuz transit security,8591d80d68c26a8c8635867bf6dc3b95
Iran Uses US - Iran Ceasefire to Rebuild Missile Power and Test Limits in Strait of Hormuz,2026-05-05 03:45:00+00:00,English,THREAT,ROUTE,"Iran, Strait of Hormuz",Iran uses US-Iran ceasefire to rebuild missile capabilities and test operational limits in the Strait of Hormuz.,8,Crisis,"[""CP_Hormuz"", ""KC_KOMIPO"", ""KC_LotteConst""]",D6_교란행위,HIGH,Hormuz missile tests,d4bd29850a9f0a695e404fe1e830d694
US fights to reopen the Strait of Hormuz as the UAE comes under attack in a test of Iran truce,2026-05-05 03:45:00+00:00,English,THREAT,ROUTE,"UAE, Iran","US seeks to reopen the Strait of Hormuz as UAE faces attacks amid Iran tensions, testing the durability of Iran truce.",8,Crisis,"[""CP_Hormuz""]",D6_교란행위,HIGH,Hormuz strait reopening,d1a70fe1ffef4c16cde9de8ae121a4fa
US Apache attack helicopters deployed in operation against Iranian boats : CENTCOM,2026-05-05 03:45:00+00:00,English,THREAT,ROUTE,Iran,US Apache attack helicopters deployed in military operation against Iranian boats in the Persian Gulf region.,6,Warning,[],D6_교란행위,HIGH,Hormuz military operations,8d95ca496bfe5b8358828adbfb393348
"Strait of Hormuz Reopens , But Global Trade Strain and Supply Chain  Latency Shock  Persist",2026-05-05 03:45:00+00:00,English,DISRUPTION,LOGISTICS,Strait of Hormuz,"Strait of Hormuz reopens after closure, but global trade experiences continued strain and supply chain latency delays.",8,Crisis,"[""CP_Hormuz"", ""KC_LotteConst""]",D6_교란행위,HIGH,Hormuz reopening impact,c65e89e5dd63f2dcf513bf99f15f1f6a
"UAE Travel Warning : US Issues Level 3 Advisory Amid Iran Strikes , Hormuz Tensions , Aerial Threat Alerts and Oil Price Surge",2026-05-05 03:45:00+00:00,English,THREAT,ROUTE,UAE,"US issues Level 3 travel advisory for UAE citing Iran strikes, Hormuz tensions, aerial threats, and oil price surge",8,Crisis,"[""CF_CrudeOil"", ""KC_LotteConst""]",D6_교란행위,HIGH,Hormuz tensions oil surge,f8f78cc1213d1d17a6f166a51d8b71db
"IMF chief Georgieva warns of  much worse outcome  if conflict drags into 2027 , oil hits $125",2026-05-05 03:45:00+00:00,English,THREAT,SOURCE,,"IMF chief warns of worse economic outcome if conflict extends to 2027, with oil prices potentially reaching $125 per barrel",7,Warning,"[""CF_CrudeOil""]",D6_교란행위,HIGH,Middle East conflict oil price,2eadcc2111ad6dcc47200ce261f3f8d3
"Strikes in UAE , Oman , and at sea strain Iran truce to the breaking point",2026-05-05 03:00:00+00:00,English,THREAT,ROUTE,"UAE, Oman","Strikes in UAE, Oman, and at sea are straining Iran tensions to critical levels, raising risk of broader regional conflict",7,Warning,"[""BP_OmanLand"", ""KC_LotteConst""]",D6_교란행위,HIGH,Iran ceasefire strain,ed2f94e7c028c3a2d9540b11642357cb
The US fights to reopen the Strait of Hormuz as the UAE comes under attack in a test of Iran truce,2026-05-05 02:30:00+00:00,English,THREAT,ROUTE,"UAE, Iran",US efforts to reopen the Strait of Hormuz amid reported attacks on the UAE and Iranian tensions.,9,Crisis,"[""CP_Hormuz""]",D6_교란행위,HIGH,Hormuz strait reopening,d0287bc944d38f235b8c09d2f6efc271
World News : Trump says Iran  should wave the white flag of surrender  ,2026-05-05 19:15:00+00:00,English,THREAT,ROUTE,Iran,"Trump calls for Iran's surrender, escalating geopolitical tensions.",5,Caution,[],D6_교란행위,MEDIUM,Iran surrender,49d268fdd947cc5d303fe76b314f1d84
"5 things to know for May 5 : CNN debate , Trump approval rating , Hormuz hostilities , Cruise ship lockdown , Met Gala",2026-05-05 19:00:00+00:00,English,THREAT,ROUTE,Hormuz,CNN news digest mentioning Hormuz hostilities as one of five topics for May 5 coverage.,7,Warning,"[""CP_Hormuz""]",D6_교란행위,MEDIUM,Hormuz tensions,3bc1399da9f300c7046646fc22b78896
Pentagon says Iran ceasefire holds despite exchanges in Strait of Hormuz,2026-05-05 18:15:00+00:00,English,THREAT,ROUTE,Strait of Hormuz,Pentagon reports Iran ceasefire holds despite military exchanges occurring in the Strait of Hormuz,7,Warning,"[""CP_Hormuz""]",D6_교란행위,MEDIUM,Hormuz ceasefire status,6d33e265b0060bd650316d32f3848b35
Trump says Iran  should wave the white flag of surrender  ,2026-05-05 18:00:00+00:00,English,THREAT,ROUTE,Iran,"Trump calls for Iran to surrender, escalating US-Iran tension.",5,Caution,[],D6_교란행위,MEDIUM,Iran surrender,da3f50360fde0451e0751865b08e2007
EU says energy costs tied to Hormuz crisis have surged past $35B,2026-05-05 18:00:00+00:00,English,THREAT,ROUTE,Hormuz,EU reports energy costs linked to Hormuz crisis have exceeded $35 billion,8,Crisis,"[""CP_Hormuz"", ""KI_EnergySecurity""]",D6_교란행위,MEDIUM,Hormuz energy crisis,28509ca18aa01440ac302a6b989e43e1
"  Iran wants to make a deal , Trump says",2026-05-05 17:45:00+00:00,English,THREAT,SOURCE,Iran,Iran expresses willingness to negotiate; Trump indicates openness to a deal.,3,Normal,[],D6_교란행위,MEDIUM,Iran negotiation,9f335351aead9e06948c3d16139cbf1c
"UAE reports new missile , drone attack from Iran amid escalation",2026-05-05 17:45:00+00:00,English,THREAT,ROUTE,"UAE, Iran",UAE reports new missile and drone attack from Iran amid ongoing regional escalation.,7,Warning,[],D6_교란행위,MEDIUM,Iran-UAE attack,8bc5605ffdaf1f9f462c58e08c631dec
"UAE Says Air Defences Intercept Iran Missiles , Drones - Pakistan Today",2026-05-05 17:45:00+00:00,English,THREAT,ROUTE,UAE,UAE reports air defense interception of Iranian missiles and drones.,6,Warning,"[""KC_KoreanAir""]",D6_교란행위,MEDIUM,Iran military action,fb45a1945377acc1cc0f4937c81e32bf
"Hegseth Says Cease - Fire Holding , After Iran Launches Missiles , US Sinks Boats",2026-05-05 16:15:00+00:00,English,THREAT,ROUTE,Iran,US and Iran military escalation reported with missile launch and US naval action; ceasefire status unclear.,6,Warning,[],D6_교란행위,MEDIUM,Strait military action,72bb473a00bb2d1e67f3e434555ac07e
"Apple considering Intel and Samsung for US chip production , report claims consumer electronics giant looks to diversify supply chain amid chip shortages",2026-05-05 16:15:00+00:00,English,DOMESTIC_IMPACT,,United States,Apple considers Intel and Samsung for US chip production to diversify supply chain amid chip shortages,6,Warning,"[""KC_LGElec"", ""KI_Consumer"", ""KC_SamsungHeavy"", ""KC_LotteConst""]",D6_교란행위,MEDIUM,Semiconductor supply chain,d8b1dff46abc948ad067902473ba170d
"Iran Ceasefire Is  Not Over , Hegseth Says After Monday Crossfire",2026-05-05 15:15:00+00:00,English,IRRELEVANT,,,US Defense Secretary Hegseth states that Iran ceasefire is not over following Monday crossfire incident.,0,Normal,[],D6_교란행위,MEDIUM,Iran ceasefire status,49dadb250953b873b81ad366887bb247
EU says Iran war has already cost bloc more than $35 billion,2026-05-05 14:30:00+00:00,English,THREAT,SOURCE,Iran,EU reports that Iran conflict has cost the bloc over $35 billion in economic losses,5,Caution,"[""EVT_Ukraine2022""]",D6_교란행위,MEDIUM,EU economic impact,68f2b4860e50fc7b859139ad0beeea27
"Hormuz , the island that gives its name to the strait , reacts to the blockade :  Everything has collapsed  | International",2026-05-05 14:30:00+00:00,English,THREAT,ROUTE,Hormuz,Hormuz Island reports severe collapse in response to blockade at the strait.,9,Crisis,"[""CP_Hormuz""]",D6_교란행위,MEDIUM,Hormuz blockade,d03e349ff512679c18e5f76fbd8f9ddc
"Global oil stocks at 101 days , leading US bank estimates",2026-05-05 14:30:00+00:00,English,IRRELEVANT,,,Global crude oil strategic reserves stand at 101 days of supply according to US bank estimates,0,Normal,"[""CF_CrudeOil""]",D6_교란행위,MEDIUM,Global oil stocks,1db5254a29edc5076ede1052660dd505
"Saudi Arabia urges restraint , support for Pakistani mediation toward US - Iran settlement",2026-05-05 14:30:00+00:00,English,THREAT,ROUTE,"Saudi Arabia, US, Iran","Saudi Arabia calls for restraint and supports Pakistani mediation in US-Iran disputes, signaling diplomatic efforts to prevent escalation.",6,Warning,"[""BP_SaudiEastWest""]",D6_교란행위,MEDIUM,US-Iran tensions,935b4524acaf6b1bc7dd2a5de5f3260a
Trump warns Iran will be  blown off the face of the Earth  if it attacks US ships,2026-05-05 13:30:00+00:00,English,THREAT,ROUTE,Iran,"Trump warns Iran will face severe consequences if it attacks US ships, escalating US-Iran tensions.",6,Warning,"[""CF_RareEarth""]",D6_교란행위,MEDIUM,Iran-US threat,966e632116295ef18173e95cfae33883
Iran says Fujairah fire was not pre - planned - Pakistan Today,2026-05-05 13:30:00+00:00,English,THREAT,ROUTE,"Iran, Fujairah","Iran denies that a fire at Fujairah was pre-planned, suggesting concern over potential maritime incident in strategic Gulf region.",6,Warning,"[""FP_Fujairah""]",D6_교란행위,MEDIUM,Fujairah incident,468bead2e187dbdcc5e4f8a179bc1e11
  Iran is the clear aggressor : Hegseth warns of  overwhelming firepower  as US launches Project Freedom in Strait of Hormuz,2026-05-05 13:00:00+00:00,English,THREAT,ROUTE,Strait of Hormuz,US launches Project Freedom military operation in Strait of Hormuz; US Defense Secretary characterizes Iran as aggressor and warns of overwhelming firepower deployment.,8,Crisis,"[""CP_Hormuz""]",D6_교란행위,MEDIUM,Hormuz security operation,00055105d8f33790afe76bdc60ce1e07
Global markets mixed as oil prices retreat after fresh Iran tensions,2026-05-05 12:15:00+00:00,English,THREAT,SOURCE,Iran,Oil prices retreat following fresh Iran tensions amid mixed global market conditions.,6,Warning,"[""CF_CrudeOil""]",D6_교란행위,MEDIUM,Oil price movements,1051753db689fba30a8ab361aec60284
Hegseth to deliver update after US - Iran clash in Strait of Hormuz,2026-05-05 12:15:00+00:00,English,THREAT,ROUTE,Strait of Hormuz,US Defense Secretary Hegseth to provide update following a military clash between US and Iran in the Strait of Hormuz.,8,Crisis,"[""CP_Hormuz""]",D6_교란행위,MEDIUM,Hormuz military clash,72ee732628a065990565b4fc8d6aa9a4
Ghalibaf Warns of New Strait of Hormuz Equation in Uae Iran War,2026-05-05 12:15:00+00:00,English,THREAT,ROUTE,"UAE, Iran",Iranian official warns of a new equation regarding the Strait of Hormuz in context of UAE-Iran tensions,7,Warning,"[""CP_Hormuz"", ""EVT_Ukraine2022""]",D6_교란행위,MEDIUM,Hormuz Strait Tension,d063d3726a590dd781dc25e9e4c92144
IEA : Plugging Methane Leaks Could Recover 200 bcm of Gas a Year and Double Strait of Hormuz Losses,2026-05-05 11:45:00+00:00,English,THREAT,SOURCE,,"IEA reports that plugging methane leaks could recover 200 bcm of gas annually, with potential impact equivalent to double the Strait of Hormuz losses.",3,Normal,"[""KC_LotteConst"", ""KC_SKGas""]",D6_교란행위,MEDIUM,Hormuz energy impact,cb94c02dde9525b5f07810596ee96326
UAE Slams  Unacceptable  Drone And Missile Attacks,2026-05-05 10:45:00+00:00,English,THREAT,ROUTE,UAE,UAE condemns drone and missile attacks targeting its territory.,6,Warning,"[""KC_LotteConst""]",D6_교란행위,MEDIUM,UAE drone attacks,23f5443771aeeab80cbfad720ed92629
"EV adoption gains momentum in April amid West Asia uncertainty , sector outlook cautious for May : FADA",2026-05-05 10:00:00+00:00,English,IRRELEVANT,,,EV adoption increases in April amid West Asia uncertainty; sector outlook cautious for May according to FADA,0,Normal,"[""KS_Construction""]",D6_교란행위,MEDIUM,West Asia uncertainty,9ce57374869eaafa81d72bebe92360b8
IMF chief warns of  much worse outcome  if war continues into 2027,2026-05-05 09:45:00+00:00,English,THREAT,SOURCE,,IMF chief warns of much worse economic outcome if war continues into 2027,6,Warning,"[""EVT_Ukraine2022""]",D6_교란행위,MEDIUM,Middle East conflict,26d1c00c9ad7329aebdf826931c0fdc8
IMF chief Georgieva warns of  much worse outcome  if Middle East war drags into 2027,2026-05-05 09:45:00+00:00,English,THREAT,SOURCE,Middle East,IMF chief warns that Middle East conflict continuing into 2027 would produce much worse economic outcome,6,Warning,"[""EVT_Ukraine2022""]",D6_교란행위,MEDIUM,Middle East conflict escalation,32d89256844bf62902e720a6144536c1
India decries attack on UAE Fujairah Oil Industry Zone,2026-05-05 08:45:00+00:00,English,THREAT,SOURCE,UAE,India condemns an attack on the UAE's Fujairah Oil Industry Zone,7,Warning,"[""FP_Fujairah"", ""KI_Industry"", ""CF_CrudeOil""]",D6_교란행위,MEDIUM,UAE oil attack,73d2da49082af81521a2d0971eb278b3
Energy price concerns continue to weigh on Dax investors,2026-05-05 08:30:00+00:00,English,IRRELEVANT,,,DAX investor sentiment remains pressured by energy price concerns.,0,Normal,"[""KI_EnergySecurity""]",D6_교란행위,MEDIUM,Energy prices,97983db7c2a0a6ad7617342b88d85429
"  Funding  largest terror sponsor : US Treasury Secy Bessent slams China over Iran ties , seeks help to open Hormuz",2026-05-05 08:30:00+00:00,English,THREAT,ROUTE,Iran,US Treasury Secretary criticizes China for ties to Iran and calls for assistance to keep Hormuz Strait open amid geopolitical tensions.,8,Crisis,"[""CP_Hormuz""]",D6_교란행위,MEDIUM,Hormuz diplomacy,8088887abd394383abbb9ee1ca9ab27f
"Reliance Industries to shut crude unit at 660 , 000 bpd refinery for maintenance , sources say",2026-05-05 08:30:00+00:00,English,DISRUPTION,SOURCE,India,"Reliance Industries to shut crude unit at 660,000 bpd refinery for maintenance",4,Caution,"[""KC_HDHeavy"", ""CF_Coal""]",D6_교란행위,MEDIUM,Refinery maintenance,f9192134a70b384b56204d4489c86c29
Shares slip as oil prices stay elevated near peaks on Iran war concerns,2026-05-05 05:45:00+00:00,English,THREAT,SOURCE,Iran,"Oil prices remain elevated near peaks due to concerns about potential Iran-related conflict, affecting global energy markets and equity valuations.",7,Warning,"[""EVT_Ukraine2022"", ""CF_CrudeOil""]",D6_교란행위,MEDIUM,Oil prices Iran,893c25e07b23f94022b830eb85253b9d
Asian shares slip and oil pares gains on Iran war uncertainties,2026-05-05 05:45:00+00:00,English,THREAT,SOURCE,Iran,Asian shares decline and oil prices weaken amid uncertainties surrounding potential Iran military conflict,7,Warning,"[""EVT_Ukraine2022"", ""CF_CrudeOil"", ""KC_LotteConst""]",D6_교란행위,MEDIUM,Oil price volatility,6c1c426352281cda98b9fd24db46fb02
Donald Trump Escorts 2 Ships Through Strait of Hormuz Jeremy Bowen,2026-05-05 18:15:00+00:00,English,THREAT,ROUTE,Strait of Hormuz,"Donald Trump escorts 2 ships through Strait of Hormuz, signaling US military presence in the critical chokepoint.",6,Warning,"[""CP_Hormuz""]",D7_행위자,HIGH,Hormuz Transit Operations,70c26834f8de92b4da79abfdf21120d5
Map of dominance : Why Iran cant afford to give up Hormuz control | US - Israel war on Iran News,2026-05-05 14:45:00+00:00,English,THREAT,ROUTE,Iran,Article discusses Iran's strategic control over the Strait of Hormuz and its geopolitical importance amid US-Israel tensions with Iran.,8,Crisis,"[""EVT_Ukraine2022""]",D7_행위자,HIGH,Hormuz control,2c426c5db2f82c40434cc815def14155
Iran Strikes UAE as US - Iran Ceasefire Teeters on the Brink,2026-05-05 13:00:00+00:00,English,THREAT,ROUTE,"Iran, UAE","Iran strikes UAE amid escalating US-Iran tensions, creating risk of broader regional conflict.",7,Warning,[],D7_행위자,HIGH,Iran-UAE Conflict,666caba960fbc39bca205dfc0d53a763
US Navy Destroyers escort ships through Strait of Hormuz as Project Freedom begins,2026-05-05 13:00:00+00:00,English,THREAT,ROUTE,Strait of Hormuz,US Navy destroyers conduct escort operations through Strait of Hormuz as part of Project Freedom initiative,7,Warning,"[""CP_Hormuz""]",D7_행위자,HIGH,Hormuz Escort Operations,df49fdf6d5ff2cbf0e959b6db1fb5666
US commercial ships escorted by military vessels pass through Strait of Hormuz,2026-05-05 12:45:00+00:00,English,THREAT,ROUTE,Strait of Hormuz,"US commercial ships are being escorted by military vessels through the Strait of Hormuz, indicating heightened security measures in the region.",7,Warning,"[""CP_Hormuz""]",D7_행위자,HIGH,Hormuz transit,d6833cba4867ded9096a2a35bf22614b
"Is US - Iran Ceasefire Over ? Donald Trump Issues Big Warning After Clashes In Strait Of Hormuz , Says Iran Will Be  Blown Off Earth  ",2026-05-05 10:00:00+00:00,English,THREAT,ROUTE,Strait of Hormuz,US-Iran tensions escalate with clashes reported in Strait of Hormuz; Trump issues warning of military action against Iran.,8,Crisis,"[""CP_Hormuz"", ""CF_RareEarth""]",D7_행위자,HIGH,Hormuz tensions,0fb6d65dd30e98997c845bfe41f879f6
"Truce in doubt as US , Iran fight for control of strait",2026-05-05 10:00:00+00:00,English,THREAT,ROUTE,"US, Iran",US and Iran tensions over control of strait amid uncertainty about ceasefire,8,Crisis,[],D7_행위자,HIGH,Hormuz Strait Crisis,46f560ddcf2f314390ee89ee60150871
"Iran war : What happening on day 67 as Hormuz crisis deepens ? - Dominican Republic Post – Caribbean News , Business , Travel & Culture",2026-05-05 08:45:00+00:00,English,THREAT,ROUTE,Iran,Report on day 67 of Iran conflict with deepening Strait of Hormuz crisis,8,Crisis,"[""CP_Hormuz"", ""EVT_Ukraine2022""]",D7_행위자,HIGH,Hormuz Crisis Escalation,5dd7ee77b1a7fc7adddfb89873091d4e
Iran warns US against  being dragged back into quagmire  amid rising tensions over Strait of Hormuz,2026-05-05 08:15:00+00:00,English,THREAT,ROUTE,Iran,Iran warns US against military involvement amid rising tensions over Strait of Hormuz,8,Crisis,"[""CP_Hormuz""]",D7_행위자,HIGH,Hormuz escalation,251791d5709dfb98249bf9e444d3ec8e
Crude oil futures decline after US - flagged vessels pass through the Strait of Hormuz,2026-05-05 06:45:00+00:00,English,THREAT,ROUTE,Strait of Hormuz,US-flagged vessels successfully transit the Strait of Hormuz; crude oil futures decline following the passage.,6,Warning,"[""CP_Hormuz"", ""CF_Coal"", ""CF_CrudeOil""]",D7_행위자,HIGH,Hormuz transit oil,8a0771dce18147d4e893a982b18518a9
"Trump says Iran fired at South Korean vessel , urges Seoul to join Strait of Hormuz mission",2026-05-05 05:45:00+00:00,English,THREAT,ROUTE,Iran,Trump reports Iran fired at a South Korean vessel and calls for Seoul to join a US-led Strait of Hormuz security mission.,8,Crisis,"[""VT_Reefer"", ""KC_KoreanAir""]",D7_행위자,HIGH,Korean vessel attack,5a33214a8facc592fc386103f7fb53c3
Two US destroyers transit Strait of Hormuz after dodging Iranian attacks : Report,2026-05-05 05:45:00+00:00,English,THREAT,ROUTE,Iran / Strait of Hormuz,"Two US destroyers transit Strait of Hormuz after evading Iranian attacks, indicating heightened military tension in a critical shipping route.",8,Crisis,"[""CP_Hormuz""]",D7_행위자,HIGH,Hormuz transit,561748ffb3ec4d07b7e7675218618a18
Standoff deepens in Hormuz,2026-05-05 04:30:00+00:00,English,THREAT,ROUTE,Hormuz,"Standoff deepens in Hormuz strait, indicating escalating tension at the critical maritime chokepoint.",8,Crisis,"[""CP_Hormuz""]",D7_행위자,HIGH,Hormuz standoff,ec01c29df49256378e0c0aa776557093
What we know about Trump  Project Freedom  aimed to help stranded ships through Strait of Hormuz,2026-05-05 04:30:00+00:00,English,THREAT,ROUTE,Strait of Hormuz,Trump administration announces Project Freedom initiative aimed at assisting stranded ships transiting the Strait of Hormuz,6,Warning,"[""CP_Hormuz""]",D7_행위자,HIGH,Hormuz passage,96b1bca0a49f4da5103b310c63613e04
"US , Iran launch new attacks as they wrestle for control of Gulf waters",2026-05-05 03:45:00+00:00,English,THREAT,ROUTE,"US, Iran, Gulf waters",US and Iran are launching attacks and competing for control of Gulf waters.,7,Warning,[],D7_행위자,HIGH,Gulf military,c9d7378859db7f160b122883541df744
US and Iran launch new attacks as they wrestle for control of Strait of Hormuz,2026-05-05 03:30:00+00:00,English,THREAT,ROUTE,Strait of Hormuz,US and Iran engage in military attacks while competing for control of the Strait of Hormuz,9,Crisis,"[""CP_Hormuz"", ""KC_LotteConst""]",D7_행위자,HIGH,Hormuz conflict,4d2d2996710d41bc69cbb7df7857731b
"Iran War Live Updates :  Theyll be blown off the face of the Earth , Trump ups the ante against Iran",2026-05-05 03:15:00+00:00,English,THREAT,ROUTE,Iran,Trump escalates rhetoric against Iran with threat of military action.,7,Warning,"[""CF_RareEarth"", ""EVT_Ukraine2022""]",D7_행위자,HIGH,Hormuz tensions,a9ed17f73f9d593686e73dc14509fcc3
US and Iran launch new attacks as they wrestle for control of Gulf waters,2026-05-05 03:15:00+00:00,English,THREAT,ROUTE,Gulf waters,US and Iran engage in military attacks while competing for control of Gulf waters.,7,Warning,"[""KC_LotteConst""]",D7_행위자,HIGH,Gulf military,7b2fd8636e9ca1767d0fa1662473fbf0
"Iran launches boats , missiles and drones at US warships in Hormuz confrontation",2026-05-05 02:00:00+00:00,English,THREAT,ROUTE,Hormuz,"Iran launches boats, missiles and drones at US warships in Hormuz confrontation",8,Crisis,"[""CP_Hormuz"", ""KC_LotteConst""]",D7_행위자,HIGH,Hormuz Military Confrontation,c9039d8f7b41e1550d0e367c06e716eb
Gas prices jump again as Trump turns to new plan for Strait of Hormuz,2026-05-05 01:45:00+00:00,English,THREAT,ROUTE,Strait of Hormuz,Gas prices increase as Trump announces a new policy approach regarding the Strait of Hormuz,7,Warning,"[""CP_Hormuz"", ""KC_SKGas""]",D7_행위자,HIGH,Hormuz tensions,72214c3801aeab0739ba824a95c272f4
"West Asia conflict : UAE activates air defences amid incoming missile , drone attacks from Iran",2026-05-05 01:00:00+00:00,English,THREAT,ROUTE,UAE,UAE activates air defences in response to incoming missile and drone attacks from Iran,6,Warning,"[""KC_KoreanAir""]",D7_행위자,HIGH,UAE Defense Response,8e1de76437241adef1bd485106173f78
White House sent Iran private warning before Hormuz escort operation : Report,2026-05-05 17:45:00+00:00,English,THREAT,ROUTE,Iran,White House issued private warning to Iran before conducting escort operations in the Strait of Hormuz,7,Warning,"[""CP_Hormuz""]",D7_행위자,MEDIUM,Hormuz diplomacy,381e632b8c644dd5d46c6679bd1cb39d
US says Iran ceasefire holding despite exchange of fire,2026-05-05 17:45:00+00:00,English,THREAT,ROUTE,Iran,"US reports Iran ceasefire is holding despite recent exchange of fire, indicating ongoing military tension in the region.",4,Caution,[],D7_행위자,MEDIUM,Hormuz Ceasefire Status,c6f2ac71a845307924cfce002966497e
"Map of dominance : Why Iran cant afford to give up Hormuz control - Dominican Republic Post – Caribbean News , Business , Travel & Culture",2026-05-05 15:30:00+00:00,English,THREAT,ROUTE,Iran,Analysis of Iran's strategic control over the Strait of Hormuz and reasons why Iran cannot afford to relinquish this dominance.,8,Crisis,"[""CP_Hormuz""]",D7_행위자,MEDIUM,Hormuz Control,3bbdf11c7bdb6ddac095c48d1a559497
Jebel Ali collapse transforms Irans logistical position,2026-05-05 14:45:00+00:00,English,DISRUPTION,LOGISTICS,Iran,Jebel Ali port collapse transforms Iran's logistical position and maritime capability,6,Warning,[],D7_행위자,MEDIUM,Iran Logistics Shift,0ad72c5f4a609137df47c038a1de43ca
Iran War Ceasefire Over in All But Name – Outside the Beltway,2026-05-05 13:30:00+00:00,English,THREAT,ROUTE,Iran,"Headline reports Iran-related military tensions have resumed after ceasefire breakdown, escalating geopolitical risk in the Middle East region.",7,Warning,"[""EVT_Ukraine2022""]",D7_행위자,MEDIUM,Iran-US conflict,025d099d7c6f06bd82e9dd7654a63184
Pete Hegseth insists fragile ceasefire NOT over despite admitting troops attacked by Iran 10 times … and Trump is considering more strikes,2026-05-05 13:00:00+00:00,English,THREAT,ROUTE,Iran,US military tensions with Iran escalate as Trump administration considers additional strikes following ten Iranian attacks on US troops amid fragile ceasefire.,6,Warning,"[""KC_LotteConst""]",D7_행위자,MEDIUM,Hormuz Ceasefire Status,5e2af059e43615bd2f448f866a5d8c3a
Robert Murrett : Hormuz Crisis  A Big Challenge  For The US,2026-05-05 12:45:00+00:00,English,THREAT,ROUTE,US,Robert Murrett characterizes the Hormuz crisis as a significant challenge for the United States.,8,Crisis,[],D7_행위자,MEDIUM,Hormuz Geopolitics,f0f2bd95228b011ddd44ac2c395b8a9e
Omnia says it is built to absorb Hormuz shock,2026-05-05 12:45:00+00:00,English,THREAT,ROUTE,Hormuz,Omnia states it is prepared to withstand potential disruptions from Hormuz Strait instability,7,Warning,"[""CP_Hormuz""]",D7_행위자,MEDIUM,Hormuz Supply Resilience,d3af863cfaa1815fe516b6c1b47114c9
US lying about sinking Iranian boats Tehran,2026-05-05 11:30:00+00:00,English,THREAT,ROUTE,Iran,"US accused by Tehran of lying about sinking Iranian boats, escalating US-Iran tensions",5,Caution,[],D7_행위자,MEDIUM,Iran US dispute,48f60a5086cf3b7e68f4329479600195
Running on empty : Rising fuel costs weighing on South Carolina shrimpers,2026-05-05 11:00:00+00:00,English,IRRELEVANT,,South Carolina,Rising fuel costs are creating financial pressure on South Carolina shrimp fishing operations.,0,Normal,[],D8_수산물,MEDIUM,Fuel cost impact,f36c57698973c64733657c26a51ef6b2
"Iinflation jumps to 7 . 2 %, highest since March 2023",2026-05-05 06:30:00+00:00,English,IRRELEVANT,,,"Global inflation rises to 7.2%, the highest level since March 2023.",0,Normal,[],D8_수산물,MEDIUM,Inflation Surge,03a086fd6bec873c21911431ecf50293
"Inflation jumps to 7 . 2 %, highest since March 2023",2026-05-05 04:15:00+00:00,English,IRRELEVANT,,,"Global inflation rises to 7.2%, the highest level since March 2023",0,Normal,"[""KI_Macro""]",D8_수산물,MEDIUM,Inflation Surge,33d683f81bc36d511e2836502f37e645
Hormuz blockade puts ASX helium stocks in the spotlight,2026-05-06 05:30:00+00:00,English,THREAT,ROUTE,Hormuz,"Hormuz blockade threat puts Australian helium stocks in focus, suggesting concern about supply chain vulnerability through the chokepoint.",6,Warning,"[""CP_Hormuz""]",D1_초크포인트,MEDIUM,Hormuz blockade impact,2a6e6e49773f0c6adc2a3c2c12b674a6
Global oil dips as Middle East fighting curbs deeper price losses,2026-05-06 00:15:00+00:00,English,THREAT,SOURCE,Middle East,"Global oil prices decline as Middle East fighting limits further price decreases, indicating geopolitical tension affecting crude oil markets.",6,Warning,"[""CF_CrudeOil""]",D1_초크포인트,MEDIUM,Oil price movement,8f1a66d7facead1165d7b6471a3b8a12
US fires on Iranian oil tanker attempting to violate blockade,2026-05-06 19:00:00+00:00,English,THREAT,ROUTE,Iran,US military fires on Iranian oil tanker attempting to breach blockade,7,Warning,"[""VT_ChemTanker"", ""CF_CrudeOil""]",D2_품목,HIGH,US tanker blockade,b6b868c75397b01e6b50ad1c1fc18539
U . S . fires on Iranian oil tanker as Trump pressures Tehran for deal to end war | The Arkansas Democrat - Gazette,2026-05-06 18:30:00+00:00,English,THREAT,SOURCE,Iran,U.S. fires on Iranian oil tanker amid Trump administration pressure on Tehran regarding war negotiations.,7,Warning,"[""VT_ChemTanker"", ""EVT_Ukraine2022"", ""CF_CrudeOil""]",D2_품목,HIGH,Hormuz tanker attack,b557d1a9b3549738bdb2d38b64ef8ab7
Shipping firms are being whipsawed by changing stances and risks as they wait for Hormuz to reopen,2026-05-06 18:30:00+00:00,English,THREAT,ROUTE,Hormuz,Shipping companies face uncertainty and changing risk conditions while awaiting reopening of the Hormuz strait.,7,Warning,"[""CP_Hormuz"", ""POL_ShippingReroute"", ""KC_LotteConst""]",D2_품목,HIGH,Hormuz shipping impact,281c54bd6778f8c365bedc9fcf3b58e6
US fires on Iranian oil tanker as Trump pressures Tehran for deal to end war,2026-05-06 18:30:00+00:00,English,THREAT,SOURCE,Iran,US military fires on Iranian oil tanker amid Trump administration pressure on Tehran to end war,7,Warning,"[""VT_ChemTanker"", ""EVT_Ukraine2022"", ""CF_CrudeOil""]",D2_품목,HIGH,US tanker blockade,39963e5eea004a6a9f9258ddd1ed076a
Trump threatens Iran as Strait of Hormuz crisis deepens,2026-05-06 18:15:00+00:00,English,THREAT,ROUTE,Iran,Trump threatens Iran as tensions escalate in the Strait of Hormuz region.,8,Crisis,"[""CP_Hormuz""]",D2_품목,HIGH,Iran-US Hormuz crisis,3921265e573d9d66c2cac184b207a4ff
Shipping firms whipsawed by changing stances and risks in Hormuz,2026-05-06 18:00:00+00:00,English,THREAT,ROUTE,Hormuz,"Shipping firms face changing stances and risks in the Hormuz region, creating uncertainty for maritime operations.",7,Warning,"[""CP_Hormuz"", ""POL_ShippingReroute"", ""KC_LotteConst""]",D2_품목,HIGH,Hormuz shipping risks,2889ba0b0373d199584cf38c2818da59
Shipping firms are being whipsawed by changing stances and risks as they wait for Hormuz to reopen – Winnipeg Free Press,2026-05-06 18:00:00+00:00,English,THREAT,ROUTE,Hormuz,Shipping firms face uncertainty and risk exposure while awaiting reopening of the Hormuz strait amid changing geopolitical stances.,7,Warning,"[""CP_Hormuz"", ""POL_ShippingReroute"", ""KC_LotteConst""]",D2_품목,HIGH,Hormuz shipping risks,89c6a141f1af5784b731b9d6bf6da7b5
Trump threatens Iran with bombing if it does not reopen Strait of Hormuz,2026-05-06 16:30:00+00:00,English,THREAT,ROUTE,Iran,Trump threatens Iran with bombing if it does not reopen the Strait of Hormuz,9,Crisis,"[""CP_Hormuz""]",D2_품목,HIGH,Hormuz reopening threat,a4042b6b9b1a1bc6c0103c6a2ded9d9b
"Trump claims he close to a deal with Iran and  if they dont agree , the bombing starts  ",2026-05-06 16:30:00+00:00,English,THREAT,ROUTE,Iran,Trump claims he is close to a deal with Iran and threatens military bombing if they do not agree.,7,Warning,"[""KC_LotteConst""]",D2_품목,HIGH,Iran-US military threat,0a090d62dca70d6656173d5e6a57c822
"Second ADNOC LNG tanker crosses Strait of Hormuz amid Iran war , ship - tracking data shows",2026-05-06 14:45:00+00:00,English,THREAT,ROUTE,"Strait of Hormuz, Iran",Second ADNOC LNG tanker successfully crosses Strait of Hormuz amid Iran-related conflict; ship tracking data confirms passage.,7,Warning,"[""CP_Hormuz"", ""VT_LNG"", ""VT_ChemTanker"", ""EVT_Ukraine2022"", ""POL_LNGDiversify""]",D2_품목,HIGH,Hormuz tanker transit,8be813db096c88f140e36a95c18a20a7
Trump Threatens Iran With Bombing if It Doesnt Reopen Strait of Hormuz,2026-05-06 14:45:00+00:00,English,THREAT,ROUTE,Iran,Trump threatens Iran with bombing if it does not reopen the Strait of Hormuz,9,Crisis,"[""CP_Hormuz""]",D2_품목,HIGH,Hormuz strait closure,ee7e96f11c67391ce246e0e938cfd596
The Latest : Trump threatens bombing if Iran doesnt reopen strait amid report of deal to end the war,2026-05-06 14:15:00+00:00,English,THREAT,ROUTE,Iran,"Trump threatens bombing of Iran if it does not reopen strait, amid reports of potential deal to end war",8,Crisis,"[""EVT_Ukraine2022""]",D2_품목,HIGH,Iran strait threat,e0c5f823406903e60b228d3e5291785f
Trump threatens Iran with bombing if it doesnt reopen strait,2026-05-06 14:00:00+00:00,English,THREAT,ROUTE,Iran,Trump threatens Iran with bombing if it does not reopen strait,7,Warning,[],D2_품목,HIGH,Iran Hormuz threat,00504ae9d0fd79213854a54b6421a736
South Korea suspends review of US call to participate in Hormuz operation,2026-05-06 13:30:00+00:00,English,THREAT,ROUTE,United States,South Korea suspends review of US request to participate in Hormuz Strait security operation,6,Warning,"[""CP_Hormuz"", ""KC_KAI""]",D2_품목,HIGH,Korea Hormuz operation,5fd396aa027ea1cffe69638175cca24b
The Latest : Trump threatens bombing if Iran doesnt reopen strait amid report of deal to end the war | National,2026-05-06 13:30:00+00:00,English,THREAT,ROUTE,Iran,Trump threatens bombing of Iran if it does not reopen strait amid reports of deal to end war,7,Warning,"[""EVT_Ukraine2022""]",D2_품목,HIGH,Iran strait threat,c8acfb4972a50b6cd454d2ed134b47ef
Trump threatens Iran with  higher level  bombing if it doesnt reopen Strait of Hormuz,2026-05-06 13:00:00+00:00,English,THREAT,ROUTE,Iran,Trump threatens Iran with escalated bombing campaign if it does not reopen the Strait of Hormuz.,9,Crisis,[],D2_품목,HIGH,Hormuz strait threat,7161bb9d50996dcd25cc1675e235370c
Trump threatened Iran with more bombing if it doesnt reopen Strait of Hormuz,2026-05-06 13:00:00+00:00,English,THREAT,ROUTE,Iran,Trump threatened Iran with additional bombing if it does not reopen the Strait of Hormuz,9,Crisis,"[""CP_Hormuz""]",D2_품목,HIGH,Hormuz Strait Threat,9816c5e66e3f54933677ca1669105361
Govt decides to import additional LNG cargoes,2026-05-06 12:00:00+00:00,English,DOMESTIC_IMPACT,,,South Korean government decides to import additional LNG cargoes,2,Normal,"[""POL_LNGDiversify""]",D2_품목,HIGH,Korea LNG procurement,beb09bdb27c1140db78cd3c1175a82a7
Iran Mandates Permits for Strait of Hormuz Transit,2026-05-06 11:30:00+00:00,English,THREAT,ROUTE,Iran,Iran imposes permit requirement for vessels transiting the Strait of Hormuz,8,Crisis,"[""CP_Hormuz""]",D2_품목,HIGH,Hormuz Transit Permits,179f635805b0513e8e8aeea94fe4dbc9
LNG exports fall to two year low amid Mideast disruptions | Hellenic Shipping News Worldwide,2026-05-06 11:30:00+00:00,English,DISRUPTION,SOURCE,Middle East,LNG exports have fallen to a two-year low due to disruptions in the Middle East region.,7,Warning,"[""POL_ShippingReroute"", ""POL_LNGDiversify""]",D2_품목,HIGH,LNG export disruption,dbd13f3ee1db24091069d6595f5790b8
HMM Vessel Damaged In Hormuz Blast To Be Towed To,2026-05-06 09:45:00+00:00,English,DISRUPTION,LOGISTICS,Hormuz,HMM vessel damaged in Hormuz blast; vessel to be towed to port,7,Warning,"[""CP_Hormuz"", ""VT_Reefer"", ""KC_HMM""]",D2_품목,HIGH,HMM vessel damage,627566fc82c206815cd750dbcbf1f413
Iran war news :  Largest energy crisis in history : IEA head,2026-05-06 09:45:00+00:00,English,THREAT,SOURCE,Iran,IEA head warns of largest energy crisis in history due to Iran war situation.,8,Crisis,"[""KI_EnergySecurity"", ""EVT_Ukraine2022""]",D2_품목,HIGH,Energy crisis Iran,ce3faceae9aead1894f269a658d2feca
Iran mandates permits for ships in Strait of Hormuz amid rising tensions,2026-05-06 08:45:00+00:00,English,THREAT,ROUTE,Iran,Iran mandates permits for ships transiting the Strait of Hormuz amid rising tensions.,8,Crisis,"[""CP_Hormuz""]",D2_품목,HIGH,Hormuz permit mandate,4fbf6c90871c2f024e4f7cd24d959e1b
Iran enforces new  sovereign  transit rules in Strait of Hormuz ; mandates prior permits for vessels,2026-05-06 06:15:00+00:00,English,THREAT,ROUTE,Iran,Iran enforces new sovereign transit rules in Strait of Hormuz requiring prior permits for vessels,8,Crisis,"[""CP_Hormuz""]",D2_품목,HIGH,Hormuz transit permits,8b1885b85d1c308f3e81aaeb97e14469
South Korea HMM says ship set ablaze in Strait of Hormuz to be towed to Dubai,2026-05-06 04:15:00+00:00,English,DISRUPTION,LOGISTICS,Strait of Hormuz,HMM vessel set ablaze in Strait of Hormuz; ship to be towed to Dubai for recovery,7,Warning,"[""KC_KAI"", ""KC_HMM""]",D2_품목,HIGH,HMM vessel damage,c54bdaf57208284b537862dd5a512faf
"Kuwait Exports Zero Barrels of Oil for the First Time Since 1991 Gulf War , Monitor Says – NaturalNews . com",2026-05-06 03:15:00+00:00,English,DISRUPTION,SOURCE,Kuwait,Kuwait halts all oil exports for the first time since the 1991 Gulf War.,8,Crisis,"[""EVT_Ukraine2022"", ""CF_CrudeOil""]",D2_품목,HIGH,Kuwait oil export halt,110382e4c92c2c1dfa0594415b06b6f7
"Trump Pushes Pause Button On  Project Freedom , Says Hormuz Strait  Blockade Will Remain : Oil Falls To $",2026-05-06 03:00:00+00:00,English,THREAT,ROUTE,Hormuz Strait,"Trump administration pauses Project Freedom; Hormuz Strait blockade expected to persist, causing oil price decline.",8,Crisis,"[""CP_Hormuz"", ""CF_CrudeOil""]",D2_품목,HIGH,Hormuz blockade oil,cb7e7d01c96ec39838e22e684c950d1b
"Suncor ratcheting up output of diesel , jet fuel to meet surging global demand",2026-05-06 19:30:00+00:00,English,IRRELEVANT,,,Suncor increases production of diesel and jet fuel to meet rising global demand,0,Normal,[],D2_품목,MEDIUM,Diesel/jet fuel output,8d3860560adb6188df8368845b3c2002
"  We havent seen anything yet , Hodgson says of price spikes from Iran war",2026-05-06 19:00:00+00:00,English,THREAT,SOURCE,Iran,"Analyst warns of escalating price spikes resulting from Iran-related geopolitical tensions, suggesting further disruptions ahead.",7,Warning,"[""EVT_Ukraine2022""]",D2_품목,MEDIUM,Price spike warning,a181dc83cc0fcf5a132b1ec67db41b27
Brent Crude price comes around $102 amid hopes of US - Iran Deal,2026-05-06 18:30:00+00:00,English,THREAT,SOURCE,"US, Iran",Brent crude prices stabilize around $102 amid prospects of a US-Iran nuclear deal negotiation.,5,Caution,"[""CF_Coal""]",D2_품목,MEDIUM,Brent crude price,15af461dbb05b79907040799025147a5
White House says war with Iran is over as standoff drags on,2026-05-06 18:30:00+00:00,English,THREAT,ROUTE,Iran,White House states war with Iran is over as standoff continues,6,Warning,"[""EVT_Ukraine2022""]",D2_품목,MEDIUM,Iran war standoff,3503ff1659c602d3862cd84a9ce992f0
First Russian oil arrives in Japan since Iran war,2026-05-06 18:30:00+00:00,English,DISRUPTION,SOURCE,Japan,"First Russian crude oil shipment arrives in Japan since Iran conflict, indicating resumed Russian oil supply to Japan.",3,Normal,"[""EVT_Japan2019"", ""EVT_Ukraine2022"", ""CF_CrudeOil""]",D2_품목,MEDIUM,Russian oil reroute,a2262c84a1cb809d10ef559a63f69717
GTT receives an order from Hudong - Zhonghua Shipbuilding for the tank design of five new LNG Carriers,2026-05-06 18:15:00+00:00,English,IRRELEVANT,,,GTT receives an order from Hudong-Zhonghua Shipbuilding for tank design of five new LNG carriers,0,Normal,"[""KC_HDHanZo"", ""POL_LNGDiversify""]",D2_품목,MEDIUM,LNG carrier order,749881ce50774dd13bf41028775fc5ae
Iran strikes caused far greater damage to US bases than disclosed : Report,2026-05-06 18:00:00+00:00,English,THREAT,ROUTE,Iran,Report indicates Iranian strikes caused greater damage to US military bases than previously disclosed,5,Caution,[],D2_품목,MEDIUM,Iran military action,9b9c9a2cbf045960a36f999890070e5f
Strike halts mining at Guinea Simandou project,2026-05-06 17:45:00+00:00,English,DISRUPTION,SOURCE,Guinea,Strike halts mining operations at Guinea's Simandou iron ore project,6,Warning,[],D2_품목,MEDIUM,Mining disruption,7c714753854d75c51b9fff8278dbc6fc
Oil drops below $100 a barrel on report US and Iran close to a deal to end war,2026-05-06 17:30:00+00:00,English,THREAT,SOURCE,"US, Iran",Oil prices drop below $100/barrel following reports that US and Iran are nearing a diplomatic agreement to end war,5,Caution,"[""EVT_Ukraine2022"", ""CF_CrudeOil"", ""KC_LotteConst""]",D2_품목,MEDIUM,Oil price decline,c3483d7a82a3100e0ba4f93cb0af7cc0
US and Iran appear to move closer to ending war as Trump threatens more bombing,2026-05-06 17:30:00+00:00,English,THREAT,ROUTE,US and Iran,US and Iran appear to move closer to ending war as Trump threatens more bombing,6,Warning,"[""EVT_Ukraine2022"", ""KC_LotteConst""]",D2_품목,MEDIUM,Iran-US tensions,15d63e5e18bfe0ddd623103b8b51fe0b
Berlin confirms Israeli jet fuel deliveries amid supply concerns,2026-05-06 17:15:00+00:00,English,THREAT,SOURCE,Germany,Berlin confirms Israeli jet fuel deliveries amid supply concerns,2,Normal,[],D2_품목,MEDIUM,Israel fuel supply,c9175695b4b194b0dcbfd989417b1808
"India Ensures 100 % Domestic LPG Supply Amid West Asia Crisis ; Govt Says Fuel Retail Normal Despite Hit to Crude , Gas Imports",2026-05-06 16:45:00+00:00,English,DOMESTIC_IMPACT,,India,India maintains 100% domestic LPG supply despite West Asia crisis affecting crude and gas imports; government reports fuel retail operations remain normal.,2,Normal,"[""CF_Coal"", ""KC_SKGas""]",D2_품목,MEDIUM,LPG supply crisis,9010731cff1cb3de6cc207a7c971cdf7
Vessel visibility  collapse in Strait of Hormuz as tensions rise,2026-05-06 16:00:00+00:00,English,THREAT,ROUTE,Strait of Hormuz,"Vessel visibility has collapsed in the Strait of Hormuz amid rising tensions, threatening maritime navigation through the chokepoint.",8,Crisis,"[""CP_Hormuz"", ""VT_Reefer""]",D3_인프라,HIGH,Hormuz visibility,75e9996d7af4cc19c098fc3aede6d40a
Trump pauses Hormuz escort plan on warnings of ceasefire collapse,2026-05-06 06:15:00+00:00,English,THREAT,ROUTE,Hormuz,Trump administration pauses plan to escort ships through Hormuz Strait due to warnings that ceasefire could collapse,7,Warning,"[""CP_Hormuz""]",D3_인프라,HIGH,Hormuz escort pause,9ac7fa3e5268857951969e91c99b0d48
Trump puts Hormuz reopening mission on hold amid escalation risk,2026-05-06 04:45:00+00:00,English,THREAT,ROUTE,Hormuz,Trump administration postpones a mission to reopen the Strait of Hormuz due to escalation risks.,8,Crisis,"[""CP_Hormuz""]",D3_인프라,HIGH,Hormuz Reopening,c234f2cabd4e79183d99eaf9480637fa
Germany Seeks Israeli Jet Fuel As Hormuz Disruptions Cripple Airlines,2026-05-06 19:45:00+00:00,English,DISRUPTION,ROUTE,"Germany, Israel, Hormuz",Germany seeks alternative jet fuel from Israel due to Hormuz disruptions affecting airline operations,7,Warning,"[""CP_Hormuz""]",D3_인프라,MEDIUM,Hormuz disruptions,8d097c9b5d56fafedf0da810bb906ab7
U . S . Fuel Exports Hit Record High as Hormuz Crisis Reshapes Global Energy Flows,2026-05-06 19:45:00+00:00,English,THREAT,ROUTE,"United States, Persian Gulf region",U.S. fuel exports reach record levels as geopolitical tensions around Hormuz reshape global energy distribution patterns,7,Warning,"[""CP_Hormuz"", ""KI_EnergySecurity""]",D3_인프라,MEDIUM,Hormuz energy flows,e81ae1f856f9dde038a510ffdb754cf8
Piraeus Port Adjusts Routes Amid Middle East Tensions,2026-05-06 19:30:00+00:00,English,THREAT,ROUTE,"Piraeus Port, Greece / Middle East",Piraeus Port adjusts shipping routes in response to Middle East tensions.,5,Caution,[],D3_인프라,MEDIUM,Port route adjustment,2f61dfd8a144b96d21d53e4f92061b9d
UAE Ports Become Country Lifeline As Gulf Trade,2026-05-06 19:15:00+00:00,English,IRRELEVANT,,UAE,UAE ports are serving as a vital trade lifeline for the country.,0,Normal,[],D3_인프라,MEDIUM,UAE port trade,d1d6d3ffabca9a31cf118bb4bed9bdcd
Gulf fragile trade lifeline hangs on two eastern UAE ports,2026-05-06 16:45:00+00:00,English,THREAT,LOGISTICS,UAE,"Two eastern UAE ports are identified as fragile critical trade lifelines for the Gulf region, implying vulnerability to potential disruption.",6,Warning,[],D3_인프라,MEDIUM,UAE port trade,87cd21d8325223dfb076bbfa7ed4d50f
Lindsey Graham flips on US attack on Iran :  Not a real advocate of taking Kharg Island  ,2026-05-06 16:30:00+00:00,English,IRRELEVANT,,USA,US Senator Lindsey Graham reverses position on potential US military attack against Iran's Kharg Island.,0,Normal,[],D3_인프라,MEDIUM,Hormuz geopolitics,4c40255e0fc82b2320bfad7977787489
Live : Oil Prices Fall Below $100 as Trump Say Iran War May Be Coming To End,2026-05-06 14:45:00+00:00,English,THREAT,SOURCE,Iran,"Oil prices fall below $100 as Trump signals potential end to Iran conflict, reducing geopolitical tension around Iranian oil supply.",6,Warning,"[""EVT_Ukraine2022"", ""CF_CrudeOil""]",D3_인프라,MEDIUM,Oil price movement,a6d62aebde2c27a2307ee44e1b3051ad
SIBUSISO BOKVELDT | UAE exit from Opec could ease fuel prices but stir volatility,2026-05-06 14:45:00+00:00,English,THREAT,SOURCE,UAE,UAE's potential exit from OPEC could ease fuel prices but create market volatility,5,Caution,[],D3_인프라,MEDIUM,OPEC geopolitics,026e9ab2964a408d4201e93ea6bc52ee
The Struggle To Redraw Eurasia Energy Map,2026-05-06 14:15:00+00:00,English,THREAT,SOURCE,Eurasia,Reports on geopolitical efforts to reshape energy supply structures and dependencies across Eurasia region.,6,Warning,"[""KI_EnergySecurity""]",D3_인프라,MEDIUM,Eurasia energy,2e62a643c92a32c659dd80e8afeea82c
US says Iran ceasefire still in place after clashes over Hormuz,2026-05-06 14:00:00+00:00,English,THREAT,ROUTE,"Iran, Hormuz",US reports Iran ceasefire remains in place following clashes near Hormuz Strait,7,Warning,"[""CP_Hormuz""]",D3_인프라,MEDIUM,Hormuz ceasefire,ae03ecdbd9b87ae5ca7684aaf266a134
"Iran has hit far more U . S . military assets than reported , satellite images show",2026-05-06 13:30:00+00:00,English,THREAT,ROUTE,Iran,Satellite images reveal Iran has conducted more attacks on U.S. military assets than previously reported.,6,Warning,[],D3_인프라,MEDIUM,Iran military action,36f1a94ab232777f0ef1fafd13256de4
National average for gas surpasses $4 . 50 as Strait of Hormuz tensions persist,2026-05-06 13:00:00+00:00,English,THREAT,ROUTE,Strait of Hormuz,Gas prices surpass $4.50 nationally amid persisting tensions in the Strait of Hormuz,8,Crisis,"[""CP_Hormuz"", ""KC_SKGas""]",D3_인프라,MEDIUM,Hormuz tensions,bb26cc461b32420b9fc6b66899b002a5
Analysis : Could China push Iran towards peace ? But it will something in return,2026-05-06 12:00:00+00:00,English,IRRELEVANT,,,Analysis piece discussing potential Chinese mediation in Iran-related peace negotiations with unstated conditions or demands.,0,Normal,[],D3_인프라,MEDIUM,China-Iran diplomacy,77bd97f5256114ca2299e3153c88b208
ENGINE : East of Suez Bunker Fuel Availability Outlook | Hellenic Shipping News Worldwide,2026-05-06 11:30:00+00:00,English,THREAT,SOURCE,East of Suez,Outlook report on bunker fuel availability in waters east of Suez Canal region,5,Caution,"[""POL_ShippingReroute""]",D3_인프라,MEDIUM,Bunker fuel outlook,b200643f0b3d74d4589bce6b614546da
First crude oil tanker reaches Ctg port since Middle East conflict,2026-05-06 11:30:00+00:00,English,DISRUPTION,LOGISTICS,"Chittagong, Bangladesh","First crude oil tanker arrives at Chittagong port since Middle East conflict began, indicating partial resumption of crude oil logistics flow.",5,Caution,"[""CF_Coal"", ""VT_ChemTanker"", ""CF_CrudeOil""]",D3_인프라,MEDIUM,Middle East crude transit,2972d1b4ddb3101db51c8b8ea89c7804
Oil crisis not over : warnings of diesel over $4 a litre,2026-05-06 11:00:00+00:00,English,THREAT,SOURCE,,"Warnings that diesel prices may exceed $4 per litre, indicating ongoing oil crisis concerns",6,Warning,"[""CF_CrudeOil""]",D3_인프라,MEDIUM,Diesel price surge,eb63937d849b9155ca92f7a4b8fbb41f
Oil Crisis Forces Pakistan to Bring $6 Billion Refinery Project Back from the Dead,2026-05-06 11:00:00+00:00,English,THREAT,SOURCE,Pakistan,Pakistan revives a $6 billion refinery project in response to an oil crisis.,4,Caution,"[""CF_CrudeOil""]",D3_인프라,MEDIUM,Refinery oil crisis,701fbbcccec8bbd5e4cfe18205da0518
"Trump thinks again : suspension of Project Freedom in Hormuz . French ship hit in the Strait , China :  Stop hostilities  ",2026-05-06 19:45:00+00:00,English,THREAT,ROUTE,Hormuz Strait,Trump suspends Project Freedom in Hormuz; French ship attacked in the Strait; China calls for halt to hostilities.,8,Crisis,"[""CP_Hormuz""]",D4_운송,HIGH,Hormuz escort program pause,b96e1ab07bc821069ae5b3a94164cc19
"US fires on Iranian oil tanker as Trump pressures Tehran for deal to end war | News , Sports , Jobs",2026-05-06 19:45:00+00:00,English,THREAT,SOURCE,Iran,US military fires on Iranian oil tanker amid Trump administration pressure on Tehran regarding war resolution.,7,Warning,"[""VT_ChemTanker"", ""EVT_Ukraine2022"", ""CF_CrudeOil""]",D4_운송,HIGH,Hormuz tanker attack,4c026ad9c556a1d06bef3111d117e0ce
The Latest : US military fires on Iranian - flagged oil tanker as Trump presses for deal to end war,2026-05-06 19:45:00+00:00,English,THREAT,ROUTE,Iran,US military fires on Iranian-flagged oil tanker amid Trump administration negotiations to end conflict.,7,Warning,"[""VT_ChemTanker"", ""EVT_Ukraine2022"", ""CF_CrudeOil""]",D4_운송,HIGH,Hormuz tanker attack,b96a80bbffed8dd311d8f37a7189802b
U . S . Navy F / A - 18 Super Hornet Disables Iranian - Flagged Tanker,2026-05-06 19:30:00+00:00,English,THREAT,ROUTE,Iran,U.S. Navy F/A-18 Super Hornet disables Iranian-flagged tanker,6,Warning,"[""VT_ChemTanker""]",D4_운송,HIGH,US Navy tanker action,c9f4cd56709293d8ad2b9884799e93ce
Shippers whipsawed by changing stances as vessels remain stuck in Strait of Hormuz,2026-05-06 19:15:00+00:00,English,DISRUPTION,LOGISTICS,Strait of Hormuz,Vessels remain stuck in the Strait of Hormuz causing shipping disruptions; shippers face uncertainty due to changing stances on the situation.,8,Crisis,"[""CP_Hormuz""]",D4_운송,HIGH,Hormuz vessel congestion,60861c3a95ec8a654be222c50ad23a33
U . S . fires on Iranian oil tanker as Trump pressures Tehran for deal to end war,2026-05-06 19:00:00+00:00,English,THREAT,SOURCE,Iran,U.S. fires on Iranian oil tanker amid Trump administration pressure on Tehran regarding war resolution.,7,Warning,"[""VT_ChemTanker"", ""EVT_Ukraine2022"", ""CF_CrudeOil""]",D4_운송,HIGH,US military tanker action,e32f3ff43f231508abe7cc5d4f2851da
"One CMA CGM vessel hit in Strait of Hormuz , another exits Gulf",2026-05-06 18:30:00+00:00,English,DISRUPTION,ROUTE,Strait of Hormuz,CMA CGM vessel struck in Strait of Hormuz; another vessel exits the Gulf region,8,Crisis,"[""CP_Hormuz"", ""VT_Reefer""]",D4_운송,HIGH,Hormuz vessel attacks,a491b2b8d253af53597effd1136cc81d
Iran says ships can pass Strait of Hormuz as Trump warns of bombings without a deal,2026-05-06 17:15:00+00:00,English,THREAT,ROUTE,Iran,Iran asserts ships can transit Strait of Hormuz while Trump warns of military action if a deal is not reached,8,Crisis,"[""CP_Hormuz""]",D4_운송,HIGH,Hormuz passage authorization,fc1f7a30911b3acfd786298e27dbb950
The Latest : Trump threatens bombing if Iran doesnt reopen strait | National News,2026-05-06 16:45:00+00:00,English,THREAT,ROUTE,Iran,Trump threatens bombing if Iran does not reopen strait,8,Crisis,[],D4_운송,HIGH,Hormuz strait threat,bcdd119a4b8c7d80995a174e84e1f490
The Latest : Trump threatens bombing if Iran doesnt reopen strait,2026-05-06 16:30:00+00:00,English,THREAT,ROUTE,Iran,Trump threatens bombing campaign against Iran if it does not reopen the strait,8,Crisis,[],D4_운송,HIGH,Trump Hormuz threat,c61cd267424f053024d7f938753aafc2
"Maltese - flagged container ship struck in attack in Strait of Hormuz , crew injured",2026-05-06 15:45:00+00:00,English,THREAT,ROUTE,Strait of Hormuz,Maltese-flagged container ship attacked in Strait of Hormuz with crew injuries reported,8,Crisis,"[""CP_Hormuz"", ""VT_Container"", ""CF_EuroContainer""]",D4_운송,HIGH,Hormuz ship strike,1858864e35aad5be9f5922ed9395ad62
Iran Is Using Alternatives Routes To Bypass US Naval Blockade,2026-05-06 15:15:00+00:00,English,THREAT,ROUTE,Iran,Iran is using alternative routes to circumvent US naval blockade,6,Warning,[],D4_운송,HIGH,Iran naval blockade,783c5639f5e9de5cf3bd0fef5a8d3a25
Several wounded in Hormuz attack on CMA CGM vessel,2026-05-06 15:15:00+00:00,English,THREAT,ROUTE,Hormuz,Armed attack on CMA CGM vessel in Hormuz results in several wounded personnel,7,Warning,"[""CP_Hormuz"", ""VT_Reefer""]",D4_운송,HIGH,CMA CGM Hormuz attack,a0228378231cc5c20a662fca03220726
Freight Bottlenecks Reshape Grain and Fertilizer Shipping Routes,2026-05-06 13:30:00+00:00,English,DISRUPTION,LOGISTICS,,Freight bottlenecks are causing grain and fertilizer shipping routes to be reshaped.,6,Warning,"[""POL_ShippingReroute"", ""KS_Shipping"", ""POL_GrainReserve"", ""KC_LotteConst""]",D4_운송,HIGH,Grain fertilizer shipping,43a66bc180a6799c14bc4b5accb5fe93
"US pauses guiding ships through Hormuz , cites Iran deal hopes",2026-05-06 13:30:00+00:00,English,THREAT,ROUTE,"US, Iran","US pauses guidance for ships transiting Hormuz Strait, citing hopes for Iran nuclear deal negotiations.",7,Warning,[],D4_운송,HIGH,US pauses Hormuz guidance,76c46b1773665cb8fc8657deef4b1db3
Hopes rise for Iran deal as US halts guiding ships in Hormuz,2026-05-06 13:00:00+00:00,English,THREAT,ROUTE,"Iran, Hormuz",US halts guidance for ships in Hormuz as hopes rise for Iran nuclear deal negotiations.,7,Warning,"[""CP_Hormuz""]",D4_운송,HIGH,Iran deal Hormuz impact,fcdd80b2d4a14b5f5532d81491724e7b
French shipping firm says container ship  target of attack  in Hormuz,2026-05-06 11:30:00+00:00,English,THREAT,ROUTE,Hormuz,French shipping firm reports container ship targeted by attack in Hormuz Strait,8,Crisis,"[""CP_Hormuz"", ""VT_Container"", ""CF_EuroContainer"", ""POL_ShippingReroute""]",D4_운송,HIGH,Hormuz vessel attack,c6df33a49850913cfba97f9e47658554
Ten ships transit Strait of Hormuz after US announces ship escort plan : CAS | Hellenic Shipping News Worldwide,2026-05-06 11:30:00+00:00,English,THREAT,ROUTE,Strait of Hormuz,US announces ship escort plan in response to tensions; ten ships transit Strait of Hormuz.,7,Warning,"[""CP_Hormuz"", ""POL_ShippingReroute""]",D4_운송,HIGH,Hormuz transit resumption,9e12020537d59f5e7dbc02c31c0693d7
Tanzania introduces 259 /- fuel subsidy per litre to cushion consumers against rising oil price,2026-05-06 19:45:00+00:00,English,IRRELEVANT,,Tanzania,Tanzania introduces fuel subsidy of 259 per litre to protect consumers from rising oil prices,0,Normal,"[""CF_CrudeOil""]",D4_운송,MEDIUM,Oil price subsidy,c1d81e2353e2bef1fe8de8ca53105b83
"US and Iran appear to move closer to ending their war as Trump threatens more bombing - WSVN 7News | Miami News , Weather , Sports",2026-05-06 18:30:00+00:00,English,THREAT,ROUTE,"US, Iran",US and Iran appear to move closer to ending their war as Trump threatens more bombing,6,Warning,"[""EVT_Ukraine2022"", ""KC_LotteConst""]",D4_운송,MEDIUM,Iran-US conflict resolution,dffd72e7b5bc3893474216592519af25
US and Iran appear to move closer to ending their war,2026-05-06 17:45:00+00:00,English,THREAT,ROUTE,"US, Iran","US and Iran appear to move closer to ending their war, reducing geopolitical tension in the Middle East region.",2,Normal,"[""EVT_Ukraine2022"", ""KC_LotteConst""]",D4_운송,MEDIUM,Iran-US conflict resolution,fc21855d8d1a7bf8789f4e3555c0a800
Shipowners Stay Cautious on Hormuz Despite Peace Deal Hopes,2026-05-06 17:00:00+00:00,English,THREAT,ROUTE,Hormuz,Shipowners remain cautious about maritime security in the Strait of Hormuz despite hopes for a peace deal.,7,Warning,"[""CP_Hormuz""]",D4_운송,MEDIUM,Hormuz shipping caution,77a177f536340ea5c25a2ab83f932bb6
US and Iran appear to move closer to ending their war as Trump threatens more bombing,2026-05-06 16:30:00+00:00,English,THREAT,ROUTE,"US, Iran",US and Iran appear to move closer to ending their war as Trump threatens more bombing,6,Warning,"[""EVT_Ukraine2022"", ""KC_LotteConst""]",D4_운송,MEDIUM,Iran-US conflict resolution,78a6a9d6e0452e1ae327584219434153
Iran Responds To Talk Of Deal With US,2026-05-06 16:30:00+00:00,English,THREAT,SOURCE,Iran,"Iran responds to discussions about a potential deal with the US, signaling diplomatic engagement on nuclear negotiations.",3,Normal,[],D4_운송,MEDIUM,Iran-US negotiations,75739ddebfaaca3432dae247c4b23037
Pakistan  very hopeful  current momentum will lead to Iran - US deal,2026-05-06 16:00:00+00:00,English,THREAT,SOURCE,"Iran, US",Pakistan expresses optimism that current diplomatic momentum could lead to an Iran-US nuclear deal agreement.,2,Normal,[],D4_운송,MEDIUM,Iran-US negotiations,c78da24c0fe3d9edda5821136f05c15b
"Trump says  bombing start if Iran fails to reach deal , amid united kingdom jobs warning",2026-05-06 20:00:00+00:00,English,THREAT,ROUTE,Iran,"Trump threatens bombing campaign against Iran if nuclear deal negotiations fail, amid UK employment concerns.",6,Warning,[],D6_교란행위,HIGH,Iran military threat,d663e3daa9e7ceac582caff2a2b8ba5e
US Navy Shot Out Rudder of Iran Blockade Runner With Fighter Jet Gun,2026-05-06 19:45:00+00:00,English,THREAT,ROUTE,Iran,US Navy fighter jet disabled the rudder of a vessel attempting to evade Iranian blockade,6,Warning,[],D6_교란행위,HIGH,Hormuz blockade action,a0b7801346d7fc3ba4f445989f51a4ff
US Navy strikes Iranian - flagged ship trying to break Strait of Hormuz blockade,2026-05-06 19:45:00+00:00,English,THREAT,ROUTE,Strait of Hormuz,US Navy strikes Iranian-flagged ship attempting to break a blockade at the Strait of Hormuz,8,Crisis,"[""CP_Hormuz""]",D6_교란행위,HIGH,Hormuz blockade enforcement,7bed78540424e2c004da968d2b0dde29
"US forces fire at , disable Iran - flagged tanker trying to evade blockade",2026-05-06 19:45:00+00:00,English,THREAT,ROUTE,Iran,US forces fire at and disable an Iran-flagged tanker attempting to evade a blockade,7,Warning,"[""VT_ChemTanker""]",D6_교란행위,HIGH,Tanker seizure Hormuz,fe308f4f22574888032215e733d75001
Crude Oil Nosedives As Trump Hints At Possible U . S .- Iran Deal,2026-05-06 19:30:00+00:00,English,THREAT,SOURCE,"United States, Iran","Trump hints at possible US-Iran deal, causing crude oil prices to decline.",5,Caution,"[""CF_Coal"", ""CF_CrudeOil""]",D6_교란행위,HIGH,Crude oil price decline,2dbfe24d16bc3a9a3d2bf185d2ea88f0
US fires on Iranian - flagged tanker during Strait of Hormuz standoff,2026-05-06 19:30:00+00:00,English,THREAT,ROUTE,Strait of Hormuz,US military fires on Iranian-flagged tanker during standoff in Strait of Hormuz,8,Crisis,"[""CP_Hormuz"", ""VT_ChemTanker""]",D6_교란행위,HIGH,Hormuz tanker incident,4499c900b70cbbe063dd94d75d5c4947
Trump issues ultimatum for Iran to accept deal or face more bombing,2026-05-06 19:15:00+00:00,English,THREAT,SOURCE,Iran,Trump issues ultimatum to Iran to accept a deal or face additional bombing.,6,Warning,[],D6_교란행위,HIGH,Iran military threat,ffb1d2ddd3ecb04c0900a4f908b04962
"Hormuz appears set for reopening as US , Iran announce lifting blockades",2026-05-06 19:00:00+00:00,English,THREAT,ROUTE,"US, Iran",US and Iran announce lifting of blockades with Hormuz strait set to reopen,2,Normal,"[""CP_Hormuz""]",D6_교란행위,HIGH,Hormuz strait reopening,630734d43232485b24b69d8a4ad9cdf7
US military fires on Iranian - flagged oil tanker in Gulf of Oman,2026-05-06 18:45:00+00:00,English,THREAT,ROUTE,Gulf of Oman,US military fires on Iranian-flagged oil tanker in Gulf of Oman,7,Warning,"[""VT_ChemTanker"", ""BP_OmanLand"", ""CF_CrudeOil""]",D6_교란행위,HIGH,Hormuz tanker attack,9a72dc9c44ec7780b7494b9d37797141
US military opens fire at Iranian tanker as Trump ceasefire on brink,2026-05-06 18:45:00+00:00,English,THREAT,ROUTE,Iran,US military opens fire at Iranian tanker amid escalating tensions as Trump ceasefire negotiations are on the brink of collapse.,7,Warning,"[""VT_ChemTanker""]",D6_교란행위,HIGH,Hormuz tanker attack,fbb32a02dc734d3799698564e55468d8
US forces disable Iranian - flagged unladen oil tanker amid blockade : CENTCOM,2026-05-06 18:30:00+00:00,English,THREAT,ROUTE,Iran,US forces disable Iranian-flagged unladen oil tanker amid blockade in the Persian Gulf region,7,Warning,"[""VT_ChemTanker"", ""CF_CrudeOil""]",D6_교란행위,HIGH,Hormuz tanker disabled,218e98c32f4203f216ed96b65e343c89
US forces say they shot down an Iranian ship in the Gulf of Oman,2026-05-06 18:30:00+00:00,English,THREAT,ROUTE,Gulf of Oman,US forces report shooting down an Iranian ship in the Gulf of Oman,7,Warning,"[""BP_OmanLand""]",D6_교란행위,HIGH,Gulf of Oman incident,78438ac1a9bbb2553b81b45e5c216174
Iran Says It Reviewing The U . S . Latest Proposal To End The War,2026-05-06 18:30:00+00:00,English,THREAT,SOURCE,Iran,Iran states it is reviewing the latest U.S. proposal to end the war.,3,Normal,"[""EVT_Ukraine2022""]",D6_교란행위,HIGH,Iran deal review,c9d6ddcc90887ed33bd820c29a65fc5c
Iran urges UN states to reject US - Gulf draft resolution on Hormuz,2026-05-06 18:30:00+00:00,English,THREAT,ROUTE,Iran,Iran calls on UN states to reject a US-led draft resolution regarding the Strait of Hormuz.,7,Warning,[],D6_교란행위,HIGH,Iran Hormuz resolution,8a2b8f85370d0fb6c977b7b253bab587
US military says it fired on Iranian - flagged oil tanker in the Gulf of Oman after it tried to breach blockade,2026-05-06 18:15:00+00:00,English,THREAT,ROUTE,Gulf of Oman,US military fired on Iranian-flagged oil tanker attempting to breach blockade in Gulf of Oman,7,Warning,"[""VT_ChemTanker"", ""BP_OmanLand"", ""CF_CrudeOil""]",D6_교란행위,HIGH,Hormuz blockade enforcement,dd84f1911c73dcf245e026e2681ca8a1
Iran rejects US - backed Strait of Hormuz plan,2026-05-06 17:45:00+00:00,English,THREAT,ROUTE,Iran,"Iran rejects a US-backed plan concerning the Strait of Hormuz, escalating diplomatic tensions over the strategic waterway.",7,Warning,[],D6_교란행위,HIGH,Iran rejects plan,888881f2d6fb1f183f48fa350bfef62e
Trump Puts  Project Freedom  On Hold,2026-05-06 16:30:00+00:00,English,IRRELEVANT,,,Trump administration puts Project Freedom on hold.,0,Normal,[],D6_교란행위,HIGH,Hormuz operation pause,46795ff556b56e8dace70db8204e32a7
Iran war live : Trump team  closing in on  deal paving way for Hormuz to reopen,2026-05-06 16:30:00+00:00,English,THREAT,ROUTE,Iran,Trump team reported to be closing in on a deal that would pave the way for the Strait of Hormuz to reopen,7,Warning,"[""CP_Hormuz"", ""EVT_Ukraine2022""]",D6_교란행위,HIGH,Hormuz reopening deal,d63d877cdab42bb59156c6a6082f8b5c
"Trump threatens new Iran strikes , piling on pressure for peace deal",2026-05-06 16:00:00+00:00,English,THREAT,SOURCE,Iran,"Trump threatens new military strikes against Iran, escalating pressure for peace negotiations.",6,Warning,[],D6_교란행위,HIGH,Iran strike threats,bd05afc81e3c6cd3ee61ebd1f901f4f1
"Markets soar , oil prices plummet as hopes rise for U . S .- Iran peace",2026-05-06 15:45:00+00:00,English,THREAT,SOURCE,"US, Iran",Oil prices decline amid rising hopes for US-Iran peace negotiations,6,Warning,"[""CF_CrudeOil""]",D6_교란행위,HIGH,Oil price decline,b330ea5c80a8f22ab3eea4b718471871
"Reopen Hormuz route quickly , stick to no - nuclear pledge : China to Iran",2026-05-06 15:15:00+00:00,English,THREAT,ROUTE,Iran,China urges Iran to quickly reopen the Hormuz route while maintaining its non-nuclear pledge,8,Crisis,"[""CP_Hormuz""]",D6_교란행위,HIGH,Hormuz route reopening,d70c03e59137729a9bb405419e7f11a1
  The bombing start : Trump issues explosive threat to Iran  if they dont agree  * WorldNetDaily * by Joe Kovacs,2026-05-06 14:45:00+00:00,English,THREAT,ROUTE,Iran,"Trump issues explosive threat to Iran, implying potential military conflict",6,Warning,[],D6_교란행위,HIGH,Hormuz bombing threat,2b7f635a53193e34e27e20c4d85630b2
US pauses Hormuz escort mission as Trump cites progress on Iran talks,2026-05-06 14:30:00+00:00,English,THREAT,ROUTE,Iran,"US pauses Hormuz escort mission citing progress in Iran talks, reducing military presence in the strategic chokepoint.",6,Warning,[],D6_교란행위,HIGH,Hormuz escort pause,fe97b83801b6899c13ef44188e9a2023
Iran says ships complying with new Hormuz transit regulations,2026-05-06 14:15:00+00:00,English,THREAT,ROUTE,Iran,Iran announces that ships are complying with new transit regulations for the Hormuz Strait.,6,Warning,"[""CP_Hormuz""]",D6_교란행위,HIGH,Hormuz transit regulations,54ba54b3ec1bcc177558aaef6765c4cf
"  If Iran agrees , the war will end , Hormuz opens to all , if not , bombings  ",2026-05-06 14:00:00+00:00,English,THREAT,ROUTE,Iran,"Conditional threat: Iran may close Hormuz Strait if demands are not met, or allow transit if agreement is reached.",9,Crisis,"[""CP_Hormuz"", ""EVT_Ukraine2022""]",D6_교란행위,HIGH,Hormuz reopening condition,f3018a86575ba1541deb83b7965662e2
Trump threatens new wave of  higher intensity  strikes on Iran,2026-05-06 14:00:00+00:00,English,THREAT,SOURCE,Iran,Trump threatens new wave of higher intensity strikes on Iran,7,Warning,[],D6_교란행위,HIGH,Iran strike threat,bafe1c95c228b5150deff37558accc70
Donald Trump warns Iran bombing  will start again  if no deal,2026-05-06 13:30:00+00:00,English,THREAT,ROUTE,Iran,Donald Trump warns that US bombing of Iran will resume if no nuclear deal is reached,7,Warning,[],D6_교란행위,HIGH,Iran bombing threat,6131f47c15b29ae8d118bac902dc54df
U - turn : Iran denies 14 - point deal with US – Trump ultimatum : We will bomb you if you do not agree,2026-05-06 13:30:00+00:00,English,THREAT,SOURCE,Iran,Iran denies agreement with US on 14-point deal; Trump threatens military action if Iran does not comply.,6,Warning,[],D6_교란행위,HIGH,Iran-US deal dispute,20829b95b1eb835032e78d618e635af8
Trump Warns Iran Of  Higher Intensity  Bombing If Deal Collapses,2026-05-06 13:00:00+00:00,English,THREAT,ROUTE,Iran,"Trump warns Iran of higher intensity bombing if nuclear deal collapses, escalating military threat.",7,Warning,[],D6_교란행위,HIGH,Iran bombing threat,7e067738ae9e541b8da6928c67b48753
Trump pauses  Project Freedom  less than 48 hours after launching mission,2026-05-06 13:00:00+00:00,English,IRRELEVANT,,,Trump pauses Project Freedom less than 48 hours after launching the mission.,0,Normal,[],D6_교란행위,HIGH,Hormuz mission pause,954e7ad648aee2adb4e5fc5829e7d5ba
"CMA CGM Ship Attacked In Strait Of Hormuz , Crew Injured",2026-05-06 13:00:00+00:00,English,THREAT,ROUTE,Strait of Hormuz,CMA CGM ship attacked in Strait of Hormuz with crew injuries reported.,8,Crisis,"[""CP_Hormuz""]",D6_교란행위,HIGH,Hormuz attack,9790da7bb12cbbcf6a7822441f1373ae
Iran Revolutionary Guard says ships can now pass through the Strait of Hormuz,2026-05-06 13:00:00+00:00,English,THREAT,ROUTE,Iran,"Iran's Revolutionary Guard claims ships can now pass through the Strait of Hormuz, implying previous restrictions or concerns about passage.",7,Warning,"[""CP_Hormuz""]",D6_교란행위,HIGH,Hormuz passage,5500d4905bf1b4407718efbefb0832c9
White House Nearing Preliminary Deal With Iran To End The War,2026-05-06 12:00:00+00:00,English,THREAT,SOURCE,Iran,White House negotiating preliminary deal with Iran to end war,3,Normal,"[""EVT_Ukraine2022""]",D6_교란행위,HIGH,Iran deal negotiations,5416eced87dc6ff65949311dc2b45a5e
Trump Project Freedom : All about paused US mission in turbulent Strait of Hormuz,2026-05-06 12:00:00+00:00,English,THREAT,ROUTE,Strait of Hormuz,US military mission paused in the Strait of Hormuz amid tensions in the region,7,Warning,"[""CP_Hormuz""]",D6_교란행위,HIGH,Hormuz mission pause,609971ef1950944ef279daae1f22cbb1
"Trump Pauses US Op . To Guide Ships Through Hormuz , Says  great Progres Made With Iran",2026-05-06 12:00:00+00:00,English,THREAT,ROUTE,"Iran, US","Trump administration pauses US operations to guide ships through Hormuz Strait, claiming progress made with Iran on tensions.",7,Warning,"[""CP_Hormuz""]",D6_교란행위,HIGH,Hormuz operation pause,d1b9ea60633ccdab387940449e25ea70
PM welcomes Trump move to halt  Project Freedom  in Strait of Hormuz,2026-05-06 12:00:00+00:00,English,THREAT,ROUTE,Strait of Hormuz,PM welcomes Trump decision to halt Project Freedom military operation in Strait of Hormuz,7,Warning,"[""CP_Hormuz""]",D6_교란행위,HIGH,Hormuz escort suspension,d22e5c5a5b6b80931fa0d37fb1e865e9
French company confirms one of its vessels attacked in Strait of Hormuz,2026-05-06 11:00:00+00:00,English,THREAT,ROUTE,Strait of Hormuz,A French company's vessel was attacked in the Strait of Hormuz.,8,Crisis,"[""CP_Hormuz""]",D6_교란행위,HIGH,Hormuz vessel attack,4db26e1056134e1fff0019bc7994d287
CMA CGM confirms a vessel attacked in Hormuz,2026-05-06 10:30:00+00:00,English,THREAT,ROUTE,Hormuz,CMA CGM confirms one of its vessels was attacked in the Hormuz Strait.,7,Warning,"[""CP_Hormuz"", ""VT_Reefer""]",D6_교란행위,HIGH,Hormuz vessel attack,274c7f1f3de1ca0947668d597d34d215
"US petrol prices rise 50 % since Iran war began , Strait of Hormuz disruption drives pump costs higher",2026-05-06 10:15:00+00:00,English,THREAT,ROUTE,Strait of Hormuz,"US petrol prices have risen 50% since Iran war began, with Strait of Hormuz disruption driving pump costs higher.",8,Crisis,"[""CP_Hormuz"", ""EVT_Ukraine2022""]",D6_교란행위,HIGH,Hormuz disruption oil prices,ee5633ad653415dc4edf95c42a8e4dd0
US and Iran closing in on one - page memo to end war : Report,2026-05-06 09:45:00+00:00,English,THREAT,SOURCE,"US, Iran",US and Iran reported to be negotiating a one-page memo to end military conflict.,3,Normal,"[""EVT_Ukraine2022"", ""KC_LotteConst""]",D6_교란행위,HIGH,Iran-US negotiations,187205a3d94d95c90f8e6e0bae3cb550
Operation Freedom to turn Strait of Hormuz  back to way it wa before Trump blockade | News US,2026-05-06 09:45:00+00:00,English,THREAT,ROUTE,Strait of Hormuz,Report on Operation Freedom initiative to restore Strait of Hormuz shipping conditions to pre-Trump blockade status,7,Warning,"[""CP_Hormuz""]",D6_교란행위,HIGH,Hormuz strait reopening,8eaec137536e8d77b94a4bbfe5f29ab7
Trump stops Project Freedom at Hormuz on Pakistan request,2026-05-06 08:45:00+00:00,English,THREAT,ROUTE,"Pakistan, Hormuz",Trump administration halts Project Freedom (likely anti-Iran naval initiative) at Strait of Hormuz following Pakistan's request.,7,Warning,"[""CP_Hormuz""]",D6_교란행위,HIGH,Hormuz escort halt,886aec2ad05dcecc305082cf6a6eee89
"Oil prices fall , stocks rally after Trump pauses Strait of Hormuz opening for possible deal",2026-05-06 08:30:00+00:00,English,THREAT,ROUTE,Strait of Hormuz,Oil prices fall and stocks rally after Trump pauses opening of Strait of Hormuz for possible deal negotiations,7,Warning,"[""CP_Hormuz"", ""CF_CrudeOil""]",D6_교란행위,HIGH,Hormuz strait negotiations,d4b596848e09692335f88237d8b93f77
  Project Freedom  paused amid Iran talks : Trump,2026-05-06 08:15:00+00:00,English,THREAT,SOURCE,Iran,"Trump pauses Project Freedom amid Iran talks, suggesting potential shift in Iran-related policy or sanctions negotiations.",4,Caution,[],D6_교란행위,HIGH,Hormuz operation pause,edd0a03086185d85e0bad41978b2fb73
"CMA CGM container ship hit in Strait of Hormuz , injuring crew",2026-05-06 08:15:00+00:00,English,THREAT,ROUTE,Strait of Hormuz,CMA CGM container ship attacked in Strait of Hormuz with crew injuries reported,8,Crisis,"[""CP_Hormuz"", ""VT_Container"", ""CF_EuroContainer""]",D6_교란행위,HIGH,Hormuz vessel attack,a7d531b8ad802ad3aca9b4605c488578
President Trump Pauses  Project Freedom  While U . S . & Iran Work Toward Deal,2026-05-06 07:15:00+00:00,English,THREAT,SOURCE,"US, Iran",Trump administration pauses Project Freedom while US and Iran negotiate toward a potential deal,3,Normal,[],D6_교란행위,HIGH,Hormuz operation pause,fc69c5c1880520d6fa203d49677fdb4c
Trump pauses short - lived  Project Freedom  in Strait of Hormuz to focus on Iran deal,2026-05-06 07:15:00+00:00,English,THREAT,ROUTE,Strait of Hormuz,Trump administration pauses Project Freedom operations in Strait of Hormuz to prioritize Iran nuclear deal negotiations,7,Warning,"[""CP_Hormuz""]",D6_교란행위,HIGH,Hormuz military pause,77d3808ee4f6798875e70edce9c20670
"US President pauses Strait of Hormuz ship escorts , citing deal progress – Channel Africa",2026-05-06 07:15:00+00:00,English,THREAT,ROUTE,United States,US President pauses Strait of Hormuz ship escorts citing progress in deal negotiations,6,Warning,[],D6_교란행위,HIGH,Hormuz escort suspension,6be5ce6f54c65fe9509765c900ccde7a
Trump Says Pausing Hormuz Operation in Push for Iran Deal,2026-05-06 06:30:00+00:00,English,THREAT,ROUTE,Iran,Trump announces pause of US military operations in the Hormuz region as part of strategy to negotiate an Iran deal.,6,Warning,[],D6_교란행위,HIGH,Hormuz operation pause,4282a632be63131b3c1486f2cace284d
"UN sounds alarm over  humanitarian crisi as 20 , 000 seafarers stranded in Persian Gulf stalemate",2026-05-06 06:15:00+00:00,English,DISRUPTION,LOGISTICS,Persian Gulf,"UN reports humanitarian crisis with 20,000 seafarers stranded in Persian Gulf due to stalemate, causing shipping personnel disruption.",6,Warning,[],D6_교란행위,HIGH,Stranded seafarers crisis,81839e496ea08dd7c334c80138bf0d55
Trump Pauses Project Freedom Amid  Progress  In Iran Talks,2026-05-06 06:00:00+00:00,English,THREAT,SOURCE,Iran,Trump administration pauses Project Freedom while progress is being made in Iran negotiations,4,Caution,[],D6_교란행위,HIGH,Hormuz operation pause,ca75f41cc7aa944050ab22948cbffe4a
Trump says US to pause operation to guide vessels through Strait of Hormuz,2026-05-06 05:30:00+00:00,English,THREAT,ROUTE,United States,Trump announces US will pause operation to guide vessels through Strait of Hormuz,8,Crisis,"[""CP_Hormuz""]",D6_교란행위,HIGH,Hormuz vessel guidance,e78a02e274f08a562a04c20bfdd65923
"UN sounds alarm over  humanitarian crisis  as 20 , 000 seafarers stranded in Persian Gulf stalemate",2026-05-06 05:30:00+00:00,English,THREAT,LOGISTICS,Persian Gulf,"UN reports humanitarian crisis with 20,000 seafarers stranded in Persian Gulf due to stalemate, affecting maritime labor and vessel operations.",6,Warning,[],D6_교란행위,HIGH,Stranded seafarers crisis,7570cc7e63924564ee249122fd090254
"UN sounds alarm over  humanitarian crisi as 20 , 000 seafarers stranded in Arabian Gulf stalemate",2026-05-06 04:45:00+00:00,English,DISRUPTION,LOGISTICS,Arabian Gulf,"20,000 seafarers stranded in Arabian Gulf due to stalemate, creating humanitarian crisis flagged by UN.",7,Warning,[],D6_교란행위,HIGH,Stranded seafarers crisis,38ac8addaac48c44fc80a19031017377
President Trump Pauses  Project Freedom  While U . S . & Iran Work Toward Deal | News Radio 1200 WOAI,2026-05-06 04:15:00+00:00,English,THREAT,SOURCE,"United States, Iran",Trump administration pauses Project Freedom while US and Iran negotiate toward a potential deal,3,Normal,[],D6_교란행위,HIGH,Hormuz operation pause,851c216d4121e2bfcfa5ace2229f5a72
U . S . to suspend passage of ships through Strait of Hormuz - Trump,2026-05-06 04:15:00+00:00,English,THREAT,ROUTE,United States,Trump administration announces plan to suspend U.S. passage of ships through Strait of Hormuz,9,Crisis,"[""CP_Hormuz""]",D6_교란행위,HIGH,Hormuz passage suspension,04acc94ba0fdcaa362a96a927616cfcd
Iran live update : Trump says  Project Freedom  in Strait of Hormuz paused,2026-05-06 04:00:00+00:00,English,THREAT,ROUTE,Strait of Hormuz,Trump announces pausing of 'Project Freedom' initiative in Strait of Hormuz,7,Warning,"[""CP_Hormuz""]",D6_교란행위,HIGH,Hormuz mission pause,f8dbb7eb7c3d8cd796ceac8a42cbc934
Trump says he paused U . S . effort to guide stranded vessels out of Strait of Hormuz,2026-05-06 04:00:00+00:00,English,THREAT,ROUTE,Strait of Hormuz,Trump administration pauses US effort to guide stranded vessels out of Strait of Hormuz,7,Warning,"[""CP_Hormuz""]",D6_교란행위,HIGH,Hormuz vessel guidance pause,b058e6400fe9d02a38de50d375c4d2d9
Donald Trump Suspends Hormuz Operation Against Iran on Pakistan Request,2026-05-06 03:30:00+00:00,English,THREAT,ROUTE,"Iran, Pakistan",Donald Trump suspends a US military operation in the Hormuz region following a request from Pakistan.,3,Normal,[],D6_교란행위,HIGH,Hormuz blockade suspension,2d9e2555052bfff8842d075630eba6bb
"IRGC Navy warns vessels to use designated Hormuz corridor , threatens decisive response",2026-05-06 03:00:00+00:00,English,THREAT,ROUTE,Hormuz,IRGC Navy issues warning to vessels to use designated Hormuz corridor and threatens decisive response,8,Crisis,"[""CP_Hormuz""]",D6_교란행위,HIGH,Hormuz corridor warning,b92617e5333645d6f89cb3bfd5d7be9c
US pauses naval escorts in Strait of Hormuz amid renewed Iran dialogue,2026-05-06 03:00:00+00:00,English,THREAT,ROUTE,Strait of Hormuz,US pauses naval escorts in Strait of Hormuz as Iran dialogue resumes,6,Warning,"[""CP_Hormuz""]",D6_교란행위,HIGH,Hormuz escort pause,c7ee10bf98ff49ffe500d3216f64298b
Trump pauses Project Freedom in Strait of Hormuz amid progress in Iran talks,2026-05-06 03:00:00+00:00,English,THREAT,ROUTE,Strait of Hormuz,Trump administration pauses Project Freedom military operation in Strait of Hormuz as Iran negotiations show progress,7,Warning,"[""CP_Hormuz""]",D6_교란행위,HIGH,Hormuz operation pause,0303ee535d3e9b60da82a00a94c57e41
US operation to guide ships out of Strait of Hormuz paused,2026-05-06 02:15:00+00:00,English,DISRUPTION,LOGISTICS,Strait of Hormuz,US military escort operation for ships transiting the Strait of Hormuz has been paused,7,Warning,"[""CP_Hormuz""]",D6_교란행위,HIGH,Hormuz escort pause,1cfb7c7747190ab544ecc3366bd457d8
ترمب يعلّق « مشروع الحرية » في هرمز بطلب باكستان ودول أخرى,2026-05-06 02:15:00+00:00,English,THREAT,ROUTE,Hormuz,Trump suspends 'Freedom of Navigation' operation in Hormuz following requests from Pakistan and other countries.,7,Warning,"[""CP_Hormuz""]",D6_교란행위,HIGH,Hormuz project pause,7b308c2c23e2f565d83d0326c0a5e34a
California regulator delivers ominous warning on imminent oil crisis,2026-05-06 20:00:00+00:00,English,THREAT,SOURCE,California,California regulator warns of an imminent oil crisis ahead,6,Warning,"[""CF_CrudeOil""]",D6_교란행위,MEDIUM,Oil crisis warning,7ce507e08c7f2939d3e74bb0a6f2af93
France moves aircraft carrier to Red Sea with eye on Hormuz mission,2026-05-06 19:45:00+00:00,English,THREAT,ROUTE,Red Sea,France deploys aircraft carrier to Red Sea with potential involvement in Hormuz Strait operations.,7,Warning,"[""EVT_RedSea2023"", ""VT_LNG""]",D6_교란행위,MEDIUM,Hormuz military posturing,b94b4e7e3e5d02810635129923387830
Trump sees  very good chance  of Iran deal,2026-05-06 19:45:00+00:00,English,THREAT,SOURCE,Iran,Trump indicates a very good chance of reaching an Iran nuclear deal,5,Caution,"[""BP_CapeRoute""]",D6_교란행위,MEDIUM,Iran deal prospects,3985982ce2c92122f190f2949ede0d9d
European carriers face worst crisis since pandemic as fuel prices soar,2026-05-06 19:45:00+00:00,English,DISRUPTION,LOGISTICS,Europe,"European shipping carriers facing severe operational crisis due to soaring fuel prices, worst conditions since the pandemic",6,Warning,"[""CF_EuroContainer""]",D6_교란행위,MEDIUM,Fuel price crisis,39dee6052a66057cd8d3e715ebb5d634
China urges Iran to reopen Strait of Hormuz,2026-05-06 19:15:00+00:00,English,THREAT,ROUTE,Iran,"China urges Iran to reopen the Strait of Hormuz, implying the strait may be closed or at risk of closure.",9,Crisis,"[""CP_Hormuz""]",D6_교란행위,MEDIUM,Hormuz reopening call,4cf368787b8093528a80563686736ac7
Key highlights of 14 - point memo negotiated between US and Iran,2026-05-06 18:45:00+00:00,English,IRRELEVANT,,,US and Iran negotiate 14-point memo on unspecified topics,0,Normal,"[""KC_LotteConst""]",D6_교란행위,MEDIUM,US-Iran negotiations,df8b806582344c3d68f1cbd1e8590c43
Ceasefire Day 29 : Trump Announces End of  Project Freedom  - The American Conservative,2026-05-06 18:45:00+00:00,English,IRRELEVANT,,,Trump announces end of Project Freedom on ceasefire day 29,0,Normal,[],D6_교란행위,MEDIUM,Project Freedom end,2b70bda4f6fa7594cb4160a8a0a83bd4
What the Strait of Hormuz fuel crisis means for air travel,2026-05-06 18:45:00+00:00,English,THREAT,ROUTE,Strait of Hormuz,Headline reports on fuel crisis at the Strait of Hormuz and its implications for air travel sector.,7,Warning,"[""CP_Hormuz"", ""KC_KoreanAir""]",D6_교란행위,MEDIUM,Hormuz fuel crisis,9ba4fc5da2fc9e71ea48be88b96df388
"Gold Surges As Trump Hints At U . S .- Iran Peace Deal , Halts Project Freedom",2026-05-06 18:30:00+00:00,English,IRRELEVANT,,,Gold prices surge following Trump's hints at U.S.-Iran peace deal and halt of Project Freedom.,0,Normal,[],D6_교란행위,MEDIUM,Peace deal market reaction,852dc4133cc3c7caf1a6d6f10017d96c
U . S . And Iran Reportedly Close To War Ending Deal | News Radio 1200 WOAI,2026-05-06 18:30:00+00:00,English,THREAT,ROUTE,Iran,U.S. and Iran reportedly close to war-ending deal,6,Warning,"[""EVT_Ukraine2022"", ""KC_LotteConst""]",D6_교란행위,MEDIUM,US-Iran peace deal,573a97c80f179177753abcb5526a4b47
Iran says it is reviewing new US proposal after sources say sides closing in on deal,2026-05-06 18:30:00+00:00,English,THREAT,SOURCE,Iran,Iran reviews new US proposal as sources report both sides approaching a deal agreement.,3,Normal,[],D6_교란행위,MEDIUM,Iran US negotiations,d79a949ce0a04ac874f940621137d6f0
Trump says Iran war could end before his China trip,2026-05-06 18:30:00+00:00,English,THREAT,ROUTE,Iran,"Trump suggests potential end to Iran conflict before his China trip, indicating geopolitical escalation risk in Middle East.",6,Warning,"[""EVT_Ukraine2022""]",D6_교란행위,MEDIUM,Iran conflict resolution,8f8937ce74d7d7499e399738ab1022b3
Trump threatens to resume bombing if Iran doesnt agree to peace deal,2026-05-06 18:30:00+00:00,English,THREAT,ROUTE,Iran,Trump threatens to resume bombing against Iran if it does not agree to a peace deal,7,Warning,[],D6_교란행위,MEDIUM,Iran peace negotiations,d8513dc711df8883ec2f419640436b8b
"Axios reports the U . S . and Iran are negotiating a one - page , 14 - point memo to end the war , and a response is expected within 48 hours",2026-05-06 18:15:00+00:00,English,THREAT,SOURCE,"US, Iran","US and Iran are negotiating a one-page 14-point memo to end the war, with a response expected within 48 hours",3,Normal,"[""EVT_Ukraine2022"", ""KC_LotteConst""]",D6_교란행위,MEDIUM,US-Iran deal negotiation,3b1e2614d31a06188ecb6d5c0d048345
China calls for Strait of Hormuz to reopen in meeting with Iran,2026-05-06 18:00:00+00:00,English,THREAT,ROUTE,Iran,"China calls for the Strait of Hormuz to reopen in a meeting with Iran, indicating tensions around the chokepoint.",7,Warning,"[""CP_Hormuz""]",D6_교란행위,MEDIUM,Hormuz reopening call,c0c604550b388aaa08d03dbb64a34067
"5 things to know for May 6 : Primaries , CNN debate , Strait of Hormuz , Hantavirus outbreak , Psychiatric drugs",2026-05-06 18:00:00+00:00,English,THREAT,ROUTE,Strait of Hormuz,"Headline mentions Strait of Hormuz as one of five news topics for May 6, alongside primaries, CNN debate, hantavirus outbreak, and psychiatric drugs.",7,Warning,"[""CP_Hormuz""]",D6_교란행위,MEDIUM,Hormuz news brief,a1055b3b50ce295db2b38694231ea7c3
"Trump Threatens Massive Bombing Of Iran , Says  Epic Fury  Will End When Tehran Complies With Demands",2026-05-06 17:45:00+00:00,English,THREAT,ROUTE,Iran,Trump threatens massive bombing of Iran and says military action will continue until Tehran complies with demands.,7,Warning,[],D6_교란행위,MEDIUM,Iran-US military threat,fbdd68c53e694559c386f3f284b98153
"Even if an Iran deal calms energy markets , one oil stock can still stand out",2026-05-06 17:30:00+00:00,English,IRRELEVANT,,,Article discusses how certain oil stocks may outperform even if Iran nuclear deal reduces energy market tension.,0,Normal,"[""KI_EnergySecurity"", ""CF_CrudeOil""]",D6_교란행위,MEDIUM,Iran oil markets,78666d118af5a7eab94397f8da632e5d
Iran accuses US of pushing  surrender plan  as Trump warns of escalating bombing,2026-05-06 17:15:00+00:00,English,THREAT,ROUTE,Iran,Iran and US exchange accusations and threats of military escalation over surrender plan negotiations.,6,Warning,[],D6_교란행위,MEDIUM,Iran-US negotiation,d417f48573be92a29404339418678600
U . S . And Iran Reportedly Close To War Ending Deal,2026-05-06 17:00:00+00:00,English,THREAT,SOURCE,"US, Iran",US and Iran reportedly close to reaching a war-ending deal,3,Normal,"[""EVT_Ukraine2022"", ""KC_LotteConst""]",D6_교란행위,MEDIUM,US-Iran peace deal,c64d9467f20a85a8de0e1c4424f4e6da
Iran top negotiator says US aiming to force Tehran  surrender  ,2026-05-06 16:45:00+00:00,English,THREAT,SOURCE,Iran,Iran's top negotiator states that the US is attempting to force Tehran into surrender during negotiations.,5,Caution,[],D6_교란행위,MEDIUM,Iran-US negotiations,c76270781e6634abc77acbd80d85dd98
Trump warns Iran of  higher level  bombing if deal fails,2026-05-06 16:30:00+00:00,English,THREAT,ROUTE,Iran,Trump warns Iran of higher level bombing if deal fails,7,Warning,[],D6_교란행위,MEDIUM,Iran-US military threat,09e2e7f7f7494be5cf14eed71925caa9
Lufthansa Soars Above the Hormuz Blockade,2026-05-06 16:30:00+00:00,English,THREAT,ROUTE,Hormuz,"Lufthansa airline successfully operates flights bypassing the Hormuz Strait blockade, indicating alternative routing is possible.",3,Normal,"[""CP_Hormuz""]",D6_교란행위,MEDIUM,Hormuz blockade bypass,659723f6e7e36522890fb35329477c0d
"US and Iran closing in on memorandum to end war , Pakistani source says",2026-05-06 16:00:00+00:00,English,THREAT,ROUTE,"US, Iran","US and Iran reported to be negotiating a memorandum to end war, according to Pakistani source",3,Normal,"[""EVT_Ukraine2022"", ""KC_LotteConst""]",D6_교란행위,MEDIUM,US-Iran ceasefire talks,da8414182be8422e89fc442fb031b777
Airlines axe 120 united kingdom flights in May amid concern over jet fuel shortages,2026-05-06 16:00:00+00:00,English,THREAT,SOURCE,United Kingdom,Airlines cancel 120 UK flights in May due to concerns over jet fuel shortages,2,Normal,[],D6_교란행위,MEDIUM,Jet fuel shortage,4677814f1e2c44e86ce58a3319d6fb4d
Trump Threatens Iran : End Strikes or Face Bombing,2026-05-06 15:15:00+00:00,English,THREAT,ROUTE,Iran,US President Trump threatens Iran with bombing if it does not end military strikes.,7,Warning,[],D6_교란행위,MEDIUM,US-Iran threats,00bf76a9237797645e887711fea6b20c
Can a peace deal be agreed between Iran and US ? ,2026-05-06 15:15:00+00:00,English,THREAT,SOURCE,"Iran, US",Headline questions whether a peace deal can be negotiated between Iran and the United States.,3,Normal,"[""KC_LotteConst""]",D6_교란행위,MEDIUM,Iran-US negotiations,627f5de9eef10c81fe7d7d2b66d3df98
Trump warns Iran : Agree to deal or face new heavier bombing,2026-05-06 15:15:00+00:00,English,THREAT,ROUTE,Iran,Trump threatens Iran with military action if it does not agree to a deal.,7,Warning,[],D6_교란행위,MEDIUM,Iran military threat,9424a4819d60d9ec9ffc12efe4fff9bc
Iran rolls out new Hormuz rules as Project Freedom paused media,2026-05-06 13:30:00+00:00,English,THREAT,ROUTE,Iran,Iran implements new regulations for Hormuz Strait passage as Project Freedom initiative pauses media operations,7,Warning,"[""CP_Hormuz""]",D7_행위자,HIGH,Iran Hormuz rules,d0a4b3354847ffd4197e4b3a3df03328
Maersk says ship passed through Strait of Hormuz under U . S . military protection,2026-05-06 11:30:00+00:00,English,THREAT,ROUTE,Strait of Hormuz,Maersk vessel transited Strait of Hormuz under U.S. military protection,7,Warning,"[""CP_Hormuz""]",D7_행위자,HIGH,Hormuz transit protection,f2b47775d12f3acff235fc95cc7bbbe4
US halts efforts to aid ships in strait | The Arkansas Democrat - Gazette,2026-05-06 09:45:00+00:00,English,THREAT,ROUTE,Strait,"US halts efforts to aid ships in strait, potentially affecting maritime traffic security in the region",5,Caution,[],D7_행위자,HIGH,Hormuz vessel aid,b3814acf7538ceced0b29de1a946818b
Iran warns  not even started  in Hormuz,2026-05-06 08:30:00+00:00,English,THREAT,ROUTE,Iran,Iran warns of unspecified threat or action in the Strait of Hormuz.,8,Crisis,"[""CP_Hormuz""]",D7_행위자,HIGH,Iran Hormuz warning,a1b2a58247f9b2e1f69dbe1b309c839f
What is Trump  Project Freedom  in the Strait of Hormuz ? - News,2026-05-06 08:15:00+00:00,English,THREAT,ROUTE,Strait of Hormuz,Headline reports on Trump's Project Freedom initiative in the Strait of Hormuz context,7,Warning,"[""CP_Hormuz""]",D7_행위자,HIGH,Hormuz escort ops,8043a65373e4ce024faee927c85a68cd
"US pauses Hormuz escorts , Trump says progress on Iran deal",2026-05-06 08:00:00+00:00,English,THREAT,ROUTE,Iran,US pauses Hormuz escort operations amid Trump administration's stated progress toward Iran negotiations.,7,Warning,"[""CP_Hormuz""]",D7_행위자,HIGH,Hormuz escorts pause,bead1e71d25e31ddfff26a4fce7ba03e
Trump pauses effort to escort ships in Strait of Hormuz citing deal progress – and Pakistan mediation efforts continue,2026-05-06 07:00:00+00:00,English,THREAT,ROUTE,Strait of Hormuz,"Trump pauses US effort to escort ships in Strait of Hormuz, citing deal progress and ongoing Pakistan mediation efforts",6,Warning,"[""CP_Hormuz"", ""KC_LotteConst""]",D7_행위자,HIGH,Hormuz escort pause,aba99f797c70849621fcfa73f5d3275f
Trump pauses escort mission citing dialogue,2026-05-06 06:00:00+00:00,English,THREAT,ROUTE,,"Trump administration pauses military escort mission, citing preference for dialogue over operational deployment.",2,Normal,[],D7_행위자,HIGH,Hormuz escort pause,71e1b97f81f04d8b3f34a314d0b7ed11
Trump  Project Freedom  in Strait of Hormuz put on hold due to progress on an Iran deal – Ya Libnan,2026-05-06 03:30:00+00:00,English,THREAT,ROUTE,Strait of Hormuz,Trump's Project Freedom military operation in Strait of Hormuz is paused due to progress in Iran nuclear deal negotiations.,6,Warning,"[""CP_Hormuz""]",D7_행위자,HIGH,Hormuz ops pause,cee29c673e6969c0792355c4f5787b79
US attempt to open Strait of Hormuz tests fragile Iran war ceasefire,2026-05-06 03:15:00+00:00,English,THREAT,ROUTE,Iran,"US attempts to open Strait of Hormuz amid fragile Iran war ceasefire, creating tension over critical maritime chokepoint",8,Crisis,"[""EVT_Ukraine2022""]",D7_행위자,HIGH,Hormuz ceasefire,47533226afee6b66403bfde0b9100062
"Despite attacks , US says ceasefire is holding | News , Sports , Jobs",2026-05-06 03:15:00+00:00,English,THREAT,ROUTE,US,US reports that a ceasefire is holding despite ongoing attacks in an unspecified conflict zone.,2,Normal,[],D7_행위자,HIGH,Ceasefire holding,80ba381123f1d90b3c7c51e331a533f5
CS Anthem chemical tanker was second US - flagged vessel to exit Strait of Hormuz,2026-05-06 03:00:00+00:00,English,THREAT,ROUTE,Strait of Hormuz,"US-flagged chemical tanker CS Anthem exits Strait of Hormuz, marking the second US-flagged vessel departure from the chokepoint.",7,Warning,"[""VT_ChemTanker"", ""KC_NamhaeChemical"", ""VT_Reefer""]",D7_행위자,HIGH,Hormuz vessel exit,073623db76398661e3ae004c2d88ac40
"Oil prices fall 4 % as fragile US - Iran ceasefire holds , 2 ships pass through Strait of Hormuz",2026-05-06 02:15:00+00:00,English,THREAT,ROUTE,"US, Iran","Oil prices fall 4% as a fragile US-Iran ceasefire holds, with 2 ships passing through Strait of Hormuz",6,Warning,"[""CP_Hormuz"", ""CF_CrudeOil""]",D7_행위자,HIGH,Hormuz transit ceasefire,2c202599deb5008551f5f1d2b8c96404
US military leaders say ceasefire with Iran holding despite attacks,2026-05-06 02:00:00+00:00,English,THREAT,ROUTE,Iran,US military leaders report that a ceasefire with Iran is holding despite ongoing attacks.,5,Caution,[],D7_행위자,HIGH,Iran ceasefire status,fb4dc2aa36bd60d2913de2113f04dd99
Trump says he paused US effort to guide stranded vessels out of Strait of Hormuz - Las Vegas Sun News,2026-05-06 01:30:00+00:00,English,THREAT,ROUTE,Strait of Hormuz,Trump administration paused US efforts to guide stranded vessels out of the Strait of Hormuz.,7,Warning,"[""CP_Hormuz""]",D7_행위자,HIGH,Hormuz escort pause,1b8ea5f3ba14ac4127f407066d4c5cf7
US says Iran ceasefire holds despite Strait of Hormuz attacks,2026-05-06 11:00:00+00:00,English,THREAT,ROUTE,Iran / Strait of Hormuz,US reports that a ceasefire between Iran and another party holds despite ongoing attacks in the Strait of Hormuz.,7,Warning,"[""CP_Hormuz""]",D7_행위자,MEDIUM,Hormuz ceasefire,8783a14f206846ebfce460ce6d74b5fa
China top envoy meets with Iran in Beijing as Trump pauses US effort in the Strait,2026-05-06 08:30:00+00:00,English,THREAT,ROUTE,"China, Iran, Strait","China's top envoy meets with Iran in Beijing as Trump administration pauses US efforts in the Strait, signaling potential geopolitical realignment in a critical maritime region.",6,Warning,[],D7_행위자,MEDIUM,Iran diplomacy,ed2ce9a3d3a1cd04e757b25d75d9895e
Trump pauses escort of ships through Strait of Hormuz,2026-05-06 08:15:00+00:00,English,THREAT,ROUTE,Strait of Hormuz,Trump administration pauses US naval escort operations for ships transiting the Strait of Hormuz,7,Warning,"[""CP_Hormuz""]",D7_행위자,MEDIUM,Hormuz escort pause,5f36b1ed415f46c2cca1ed70a21e73d8
"Trump pauses effort to escort ships in Strait of Hormuz , citing deal progress",2026-05-06 07:15:00+00:00,English,THREAT,ROUTE,Strait of Hormuz,"Trump administration pauses escort operations for ships in Strait of Hormuz, citing progress in negotiations",6,Warning,"[""CP_Hormuz""]",D7_행위자,MEDIUM,Hormuz escort pause,7244501b1f2752b3f4115af58c41259e
"Facing mounting crisis , Trump reverses course on escorting ships through the Strait of Hormuz",2026-05-06 07:15:00+00:00,English,THREAT,ROUTE,Strait of Hormuz,Trump administration reverses course and will escort ships through the Strait of Hormuz amid mounting crisis.,8,Crisis,"[""CP_Hormuz""]",D7_행위자,MEDIUM,Hormuz escort pause,5dfe29b927debf1a6755027382562f50
"Trump puts hold to  Project Freedom , citing deal progress , request from Pakistan",2026-05-06 07:15:00+00:00,English,IRRELEVANT,,Pakistan,"Trump administration places hold on Project Freedom, citing deal progress and a request from Pakistan.",0,Normal,[],D7_행위자,MEDIUM,Hormuz escort pause,88bb33fc97674429e6d3be8e7e01f48a
The U . S . Is Pulling South Korea Into Its Rivalry With China,2026-05-06 16:00:00+00:00,English,THREAT,ROUTE,US-China,"US is pulling South Korea into its strategic rivalry with China, potentially affecting Korea's geopolitical position and maritime interests.",6,Warning,"[""KC_KAI""]",D8_수산물,MEDIUM,US-China rivalry,d9568d666c31fdd9adff672fdd08904a
Shell CEO says oil market is short 1 billion barrels due to Iran war,2026-05-07 19:45:00+00:00,English,THREAT,SOURCE,Iran,Shell CEO reports global oil market deficit of 1 billion barrels attributed to Iran-related conflict.,7,Warning,"[""EVT_Ukraine2022"", ""CF_CrudeOil""]",D1_초크포인트,HIGH,Oil market shortage Iran,b130605cdd1ec776cdf5ab4115428ef1
French Carrier Traverses Suez Canal For Belated Possible Hormuz Mission,2026-05-07 19:15:00+00:00,English,THREAT,ROUTE,"Suez Canal, Hormuz",French carrier transits Suez Canal en route to a potential mission in the Hormuz region.,5,Caution,"[""CP_Hormuz"", ""CP_Suez"", ""VT_LNG""]",D1_초크포인트,HIGH,Hormuz deployment,53a28b2306e06f15cab52adbb7bd2093
Iran creates new agency to control shipping in Strait of Hormuz,2026-05-07 19:00:00+00:00,English,THREAT,ROUTE,Iran,Iran establishes new agency to control shipping operations in the Strait of Hormuz,8,Crisis,"[""CP_Hormuz"", ""POL_ShippingReroute""]",D1_초크포인트,HIGH,Iran Hormuz control,a1d14a164e560f8f516be9abd0326b4b
Iran Creates New Agency Controlling Ships in Strait of Hormuz While Reviewing U . S . Peace Deal,2026-05-07 18:30:00+00:00,English,THREAT,ROUTE,Iran,Iran establishes new agency to control ships in Strait of Hormuz while reviewing U.S. peace deal,8,Crisis,"[""CP_Hormuz""]",D1_초크포인트,HIGH,Iran Hormuz shipping control,a1b86f5e96b0bff29032e0d8a3fb202f
Iran imposes new rules for Strait of Hormuz in bid to secure wartime gains,2026-05-07 18:00:00+00:00,English,THREAT,ROUTE,Iran,Iran imposes new rules for Strait of Hormuz to secure wartime gains,8,Crisis,"[""CP_Hormuz""]",D1_초크포인트,HIGH,Hormuz restrictions,09bdabd22f5147e53af6fe6f6d573394
How the U . S . military and Maersk got a ship to pass through the Strait of Hormuz,2026-05-07 18:00:00+00:00,English,DISRUPTION,ROUTE,Strait of Hormuz,U.S. military coordinated with Maersk to enable a ship passage through the Strait of Hormuz,7,Warning,"[""CP_Hormuz"", ""KC_LotteConst""]",D1_초크포인트,HIGH,Maersk Hormuz transit,f8643a8dc04c34d63f9d11363146abf4
Iran creates new agency to control shipping in Strait of Hormuz while reviewing peace deal with US,2026-05-07 17:45:00+00:00,English,THREAT,ROUTE,Iran,Iran establishes new agency to control shipping in Strait of Hormuz while reconsidering peace negotiations with the US,8,Crisis,"[""POL_ShippingReroute""]",D1_초크포인트,HIGH,Iran Hormuz agency peace,8a083f70c05f01154b1ba02227df7057
These numbers show global impact of Iran grip on Strait of Hormuz,2026-05-07 17:00:00+00:00,English,THREAT,ROUTE,Iran,Report on Iran's control over the Strait of Hormuz and its global supply chain impact,9,Crisis,"[""CP_Hormuz""]",D1_초크포인트,HIGH,Hormuz chokepoint,142102c3937427084368b10f1b47db74
"Iran Sets Out Process for Hormuz Transit , Shipowners Wary",2026-05-07 16:15:00+00:00,English,THREAT,ROUTE,Iran,Iran announces new process for Strait of Hormuz transit; shipowners express concern about procedures and implications.,7,Warning,"[""CP_Hormuz""]",D1_초크포인트,HIGH,Iran Hormuz transit process,3c9aa31c66151ef181a571fec93cf47a
"Strait of Hormuz Crisis : 22 , 500 mariners , 1 , 550 ships stranded as Iran tightens grip",2026-05-07 15:45:00+00:00,English,DISRUPTION,ROUTE,Iran,"22,500 mariners and 1,550 ships reported stranded as Iran tightens control over the Strait of Hormuz",9,Crisis,"[""CP_Hormuz""]",D1_초크포인트,HIGH,Hormuz blockade vessel stranding,19fe8cbbc856b6aec4e93e3a41413f2b
These numbers show the global impact of Iran grip on the Strait of Hormuz,2026-05-07 15:30:00+00:00,English,THREAT,ROUTE,Iran,Headline reports on Iran's control of the Strait of Hormuz and its global supply chain impact.,8,Crisis,"[""CP_Hormuz""]",D1_초크포인트,HIGH,Hormuz blockade global impact,525b61e2a0cef8ab57e935a5056b2291
Shipping companies whipsawed by negotiations and risks amid Hormuz standoff,2026-05-07 14:30:00+00:00,English,THREAT,ROUTE,Hormuz,"Shipping companies face negotiations and risks amid Hormuz standoff, creating uncertainty for maritime operations.",8,Crisis,"[""CP_Hormuz"", ""POL_ShippingReroute"", ""KC_LotteConst""]",D1_초크포인트,HIGH,Hormuz standoff shipping impact,a9beebb50618262cb84ed3787378fe01
"LNG Supply Disruptions Drive Surge In Coal Shipments , ",2026-05-07 14:30:00+00:00,English,DISRUPTION,SOURCE,,LNG supply disruptions are causing a surge in coal shipments as an alternative energy source.,6,Warning,"[""CF_Coal"", ""POL_LNGDiversify""]",D1_초크포인트,HIGH,LNG disruption coal surge,9d8f32eff1513757ad0455ee642764ec
"  11 Indian ships exited Strait of Hormuz , 13 still in Gulf , says MEA",2026-05-07 13:30:00+00:00,English,THREAT,ROUTE,Strait of Hormuz,"11 Indian ships exited Strait of Hormuz while 13 remain in Gulf, according to MEA statement",7,Warning,"[""CP_Hormuz""]",D1_초크포인트,HIGH,Hormuz vessel transit,71a8c7ad7af8d064b4c2c43ea13f256a
No ships pass through Strait of Hormuz in last 24 hours amid rising security risks,2026-05-07 12:15:00+00:00,English,DISRUPTION,ROUTE,Strait of Hormuz,No ships passed through the Strait of Hormuz in the last 24 hours due to rising security risks.,9,Crisis,"[""CP_Hormuz""]",D1_초크포인트,HIGH,Hormuz transit stoppage,0357b6d517b81812be91f6cca44b75cb
Macron Calls For End To Hormuz Blockade,2026-05-07 12:15:00+00:00,English,THREAT,ROUTE,Hormuz,French President Macron calls for an end to blockade of the Strait of Hormuz,8,Crisis,"[""CP_Hormuz""]",D1_초크포인트,HIGH,Hormuz blockade diplomatic call,dd2c868da7ac015c66e0099b1fa812d9
Shipping firms whipsawed by changing stances as they wait for Hormuz to reopen,2026-05-07 11:30:00+00:00,English,THREAT,ROUTE,Hormuz,Shipping firms face uncertainty as they await reopening of the Hormuz strait amid changing diplomatic stances,7,Warning,"[""CP_Hormuz"", ""POL_ShippingReroute""]",D1_초크포인트,HIGH,Hormuz reopening shipping impact,98878c3f5ab0e61130940497b3e3a4df
Hopes for reopening Hormuz Strait push world shares higher,2026-05-07 11:30:00+00:00,English,THREAT,ROUTE,Hormuz Strait,"Market optimism grows over potential reopening of the Hormuz Strait, pushing global share prices higher.",7,Warning,"[""CP_Hormuz""]",D1_초크포인트,HIGH,Hormuz reopening,30999ddd3c6c00dbf1d7385f94e98070
France moves aircraft carrier group toward Hormuz Strait for possible defensive mission,2026-05-07 10:30:00+00:00,English,THREAT,ROUTE,Hormuz Strait,France deploys aircraft carrier group toward Hormuz Strait in preparation for potential defensive military operations.,7,Warning,"[""CP_Hormuz"", ""VT_LNG"", ""KC_Sajo""]",D1_초크포인트,HIGH,France Hormuz deployment,ac5c342f1a4fed40b3519e7f3fe00891
French warship moves towards Hormuz for possible defensive mission,2026-05-07 10:00:00+00:00,English,THREAT,ROUTE,Hormuz,French warship deployment towards Hormuz Strait for potential defensive mission,7,Warning,"[""CP_Hormuz""]",D1_초크포인트,HIGH,France Hormuz mission,45a7c4382f3e934908556fbb95d6c7e2
"Hopes for reopening Strait of Hormuz push Asian shares higher , as oil prices hold above USD 100",2026-05-07 08:45:00+00:00,English,THREAT,ROUTE,Strait of Hormuz,Hopes for reopening Strait of Hormuz drive Asian shares higher as crude oil prices remain above USD 100.,7,Warning,"[""CP_Hormuz"", ""CF_CrudeOil""]",D1_초크포인트,HIGH,Hormuz reopening,cc20490d831ab0dd9f4be644b09fde8b
Chevron CEO says economies  are going to have to slow  as Strait of Hormuz closure disrupts oil supply,2026-05-07 08:30:00+00:00,English,THREAT,ROUTE,Strait of Hormuz,Chevron CEO warns that Strait of Hormuz closure would disrupt oil supply and force global economic slowdown,9,Crisis,"[""CP_Hormuz"", ""CF_CrudeOil""]",D1_초크포인트,HIGH,Hormuz closure oil supply,0ca669c662202c11dea00c1ea6564c59
"Hopes of reopening the Strait of Hormuz lift shares , as oil remains above $100",2026-05-07 06:30:00+00:00,English,THREAT,ROUTE,Strait of Hormuz,Hopes of reopening the Strait of Hormuz lift shares as crude oil remains above $100 per barrel.,7,Warning,"[""CP_Hormuz"", ""CF_CrudeOil""]",D1_초크포인트,HIGH,Hormuz reopening oil prices,72ff8e139c0486c70c5e41b8a43aa3e4
France moves aircraft carrier group toward Strait of Hormuz for possible defensive mission,2026-05-07 04:45:00+00:00,English,THREAT,ROUTE,Strait of Hormuz,France deploys aircraft carrier group toward Strait of Hormuz for potential defensive operations,7,Warning,"[""VT_LNG"", ""KC_Sajo""]",D1_초크포인트,HIGH,Hormuz military mission,6637b71a340e68eae2455134a74d906e
Shipping firms are being whipsawed by changing stances and risks as they wait for Hormuz to reopen,2026-05-07 03:30:00+00:00,English,THREAT,ROUTE,Hormuz,Shipping companies face uncertainty and changing risk conditions while awaiting reopening of the Hormuz strait.,7,Warning,"[""CP_Hormuz"", ""POL_ShippingReroute"", ""KC_LotteConst""]",D1_초크포인트,HIGH,Hormuz reopening negotiations,250e83db3fd968fa87f08b51a8fddc81
Shipping firms whipsawed as Hormuz reopening uncertain,2026-05-07 03:00:00+00:00,English,THREAT,ROUTE,Hormuz,"Shipping firms face uncertainty regarding the reopening of the Hormuz Strait, creating supply chain volatility.",8,Crisis,"[""CP_Hormuz"", ""POL_ShippingReroute""]",D1_초크포인트,HIGH,Hormuz reopening uncertainty,718a978f37a3205288f23c9b944e850f
Oil prices sink and stocks leap worldwide on hopes for a reopening of the Strait of Hormuz,2026-05-07 03:00:00+00:00,English,DISRUPTION,ROUTE,Strait of Hormuz,Oil prices decline and global stocks rise following prospects for reopening the Strait of Hormuz.,7,Warning,"[""CP_Hormuz"", ""CF_CrudeOil"", ""KC_LotteConst""]",D1_초크포인트,HIGH,Hormuz reopening,c3eda727c46ab3abca2f61d8cb5a92eb
Shipping Companies Face Mounting Costs as Hormuz Still Remains Closed,2026-05-07 02:45:00+00:00,English,DISRUPTION,ROUTE,Hormuz,Shipping companies face rising costs as the Strait of Hormuz remains closed to traffic.,9,Crisis,"[""CP_Hormuz"", ""POL_ShippingReroute""]",D1_초크포인트,HIGH,Hormuz closure shipping costs,090ade62ad4e6bd4bb3df2b61621f0d9
France Sends Aircraft Carrier To Strategic Waterway Amid Iran War,2026-05-07 02:45:00+00:00,English,THREAT,ROUTE,Iran,"France deploys aircraft carrier to a strategic waterway in response to Iran tensions, signaling potential military escalation in the region.",6,Warning,"[""POL_SPR"", ""VT_LNG"", ""EVT_Ukraine2022""]",D1_초크포인트,HIGH,France Hormuz deployment,ead22ec9e1b283098ed36ad306f3ea1a
France Deploys Nuclear Carrier to Red Sea Ahead of Potential Strait of Hormuz Operation,2026-05-07 02:45:00+00:00,English,THREAT,ROUTE,"Red Sea, Strait of Hormuz",France deploys nuclear carrier to Red Sea in preparation for potential Strait of Hormuz operation,7,Warning,"[""EVT_RedSea2023"", ""VT_LNG""]",D1_초크포인트,HIGH,France Hormuz operation,06fbeedf1786da58e4178d66bef0f773
"Hopes for reopening the Strait of Hormuz push Asian shares higher , as oil prices hold above $100 – Winnipeg Free Press",2026-05-07 02:00:00+00:00,English,THREAT,ROUTE,Strait of Hormuz,Market optimism over potential reopening of Strait of Hormuz supports Asian shares while crude oil prices remain above $100/barrel.,7,Warning,"[""CP_Hormuz"", ""CF_CrudeOil""]",D1_초크포인트,HIGH,Hormuz reopening,120fa1ec05b7b445abf15f42c1046501
"Oil prices sink and stocks leap worldwide on hopes for a reopening of the Strait of Hormuz - Boston News , Weather , Sports",2026-05-07 00:45:00+00:00,English,THREAT,ROUTE,,Oil prices decline and global stocks rise on optimism regarding potential reopening of the Strait of Hormuz.,7,Warning,"[""CF_CrudeOil"", ""KC_LotteConst""]",D1_초크포인트,HIGH,Hormuz reopening,1860cadb4c00767291794a12253ff461
US Navy Super Hornet disables Iranian oil tanker with 20mm cannon shot,2026-05-07 00:45:00+00:00,English,THREAT,ROUTE,Iran,US Navy Super Hornet disables Iranian oil tanker with 20mm cannon shot,7,Warning,"[""VT_ChemTanker"", ""CF_CrudeOil""]",D1_초크포인트,HIGH,US Navy Iranian tanker,63d1c45df62ffabb4e1b7d4a6e474636
"Oil prices keep falling , while U . S . stocks hang near their record highs",2026-05-07 18:15:00+00:00,English,IRRELEVANT,,,Oil prices are declining while US stock markets remain near record highs,0,Normal,"[""CF_CrudeOil""]",D1_초크포인트,MEDIUM,Oil price decline,4fb88c71e477cf65991ab81f7bd92120
How a swap line for Persian Gulf allies would break with the past,2026-05-07 17:15:00+00:00,English,THREAT,SOURCE,Persian Gulf,"Proposal for a currency swap line among Persian Gulf allies, potentially altering regional financial relationships and economic cooperation",2,Normal,[],D1_초크포인트,MEDIUM,Persian Gulf financial policy,7dba5e78a9bd86fcc1ca2ac3ab0e5761
Iran reviewing US proposal as Trump pressures Tehran on deal to end war,2026-05-07 17:00:00+00:00,English,THREAT,SOURCE,Iran,"Iran is reviewing a US proposal as Trump pressures Tehran on a deal to end war, indicating diplomatic negotiations on sanctions/conflict resolution.",5,Caution,"[""EVT_Ukraine2022""]",D1_초크포인트,MEDIUM,Iran US deal negotiations,db27b328b16435ab1d851abe3440a0ae
U . S . Still Waiting for Iran Peace Deal Response,2026-05-07 16:15:00+00:00,English,THREAT,SOURCE,"Iran, United States",U.S. awaits Iranian response to peace deal proposal,2,Normal,[],D1_초크포인트,MEDIUM,Iran-US diplomacy,9ceed37a7b29ef07736e7fb76780ce86
"US stock markets today ( May 7 , 2026 ): Wall Street holds near record highs as oil prices tumble on Iran deal hopes",2026-05-07 15:00:00+00:00,English,THREAT,SOURCE,Iran,"Oil prices decline on hopes of Iran nuclear deal agreement, reducing geopolitical tension in crude oil markets.",3,Normal,"[""CF_CrudeOil""]",D1_초크포인트,MEDIUM,Oil prices Iran deal,b5703acc4ad7dbd51b804c418b326652
"Oil prices keep falling , while US stocks hang near their record highs",2026-05-07 14:45:00+00:00,English,IRRELEVANT,,,Oil prices are falling while US stock markets remain near record highs,0,Normal,"[""CF_CrudeOil""]",D1_초크포인트,MEDIUM,Oil price decline,9c6aec3f653497cff55d57d6ab22c19d
"IRGC says it will allow  safe , stable  transit via Hormuz  with aggressor threats neutralized  ",2026-05-07 12:15:00+00:00,English,THREAT,ROUTE,Iran,IRGC announces it will permit safe and stable transit through Hormuz strait with aggressor threats neutralized,6,Warning,"[""CP_Hormuz""]",D1_초크포인트,MEDIUM,Hormuz transit,56c46d64529509490ff77f06c9cab3cc
"Wang Yi , Araghchi Urge Negotiations and Regional Stability",2026-05-07 12:15:00+00:00,English,IRRELEVANT,,,Chinese Foreign Minister Wang Yi and Iranian Foreign Minister Araghchi call for negotiations and regional stability.,0,Normal,"[""KC_LotteConst""]",D1_초크포인트,MEDIUM,Regional stability negotiations,5179bc1968b5cf137967633d87c0081d
War on Iran can end if Tehran agrees to terms : Trump,2026-05-07 12:15:00+00:00,English,THREAT,SOURCE,Iran,Trump states that war with Iran could end if Tehran agrees to unspecified terms.,5,Caution,"[""EVT_Ukraine2022""]",D1_초크포인트,MEDIUM,Iran war negotiations,094d4a13151c89c509d283355f48af48
Iran armed forces vow  humiliating defeat  if US uses talks as deception tool,2026-05-07 12:15:00+00:00,English,THREAT,ROUTE,Iran,Iran's armed forces threaten military response if the US uses negotiations as a deception tactic.,6,Warning,[],D1_초크포인트,MEDIUM,Iran-US tensions,545f075356ecd078090c26ead6975807
"Iran rejects  flawed  US resolution on Hormuz , says only viable solution is end of war",2026-05-07 12:15:00+00:00,English,THREAT,ROUTE,Iran,"Iran rejects US resolution on Hormuz Strait, claims only viable solution is end of war in Ukraine.",7,Warning,"[""KC_LGES"", ""EVT_Ukraine2022""]",D1_초크포인트,MEDIUM,Iran Hormuz resolution,7bb88c3721b2831029b3b4e044dd59d4
  Negotiation does not mean coercion : Iran says it is reviewing US proposal,2026-05-07 12:15:00+00:00,English,THREAT,SOURCE,Iran,Iran states it is reviewing a US proposal and emphasizes that negotiation does not mean coercion.,3,Normal,[],D1_초크포인트,MEDIUM,Iran US negotiation,5dd41b6fbb81281720269531642254f0
Markets surge as oil prices fall 7 . 8 % | The Arkansas Democrat - Gazette,2026-05-07 12:00:00+00:00,English,IRRELEVANT,,,Oil prices fell 7.8% leading to market surge,0,Normal,"[""CF_CrudeOil""]",D1_초크포인트,MEDIUM,Oil price decline,018f2c4b4bb6d4cfa410501fbbe0f08c
Markets surge as oil prices fall 7 . 8 % | Northwest Arkansas Democrat - Gazette,2026-05-07 11:45:00+00:00,English,IRRELEVANT,,,Markets rise as crude oil prices decline 7.8 percent,0,Normal,"[""CF_CrudeOil""]",D1_초크포인트,MEDIUM,Oil prices fall markets,43aa06e90826b2bee6e3d69324988fcc
"FAO head : Strait of Hormuz crisis will affect 2026 , 2027 crops",2026-05-07 19:45:00+00:00,English,THREAT,ROUTE,Strait of Hormuz,FAO head warns that Strait of Hormuz crisis will impact agricultural crops in 2026 and 2027,7,Warning,"[""CP_Hormuz""]",D2_품목,HIGH,Hormuz crisis impact,f2e881c958ac342f6441054e6de645b2
CSPC Achieves On - Spec Output After Naphtha Cracker Restart : Sources -- OPIS,2026-05-07 09:15:00+00:00,English,IRRELEVANT,,,CSPC naphtha cracker facility achieves specification output following restart operations.,0,Normal,"[""CF_Naphtha"", ""POL_EthaneCracker""]",D2_품목,HIGH,Naphtha supply,a0b9733f4871fa451245486f2fa6bb5c
US fires on Iranian tanker while Trump pushes for peace deal,2026-05-07 04:45:00+00:00,English,THREAT,ROUTE,Iran,US military fires on Iranian tanker amid ongoing geopolitical tensions while Trump administration pursues peace negotiations.,7,Warning,"[""VT_ChemTanker""]",D2_품목,HIGH,US-Iran military,05c72fcc23ffc638f0de43cf30596d9f
"Stocks dip , oil choppy as US - Iran peace deal remains elusive",2026-05-07 19:45:00+00:00,English,THREAT,SOURCE,"US, Iran","US-Iran peace deal remains unresolved, causing market volatility in stocks and oil prices.",6,Warning,"[""CF_CrudeOil""]",D2_품목,MEDIUM,Iran peace oil,30cfe92bfe0b24f43802d223821528c1
Wheat Futures Drop as U . S .- Iran Peace Process Stays Dicey -- Daily Grain Highlights,2026-05-07 19:45:00+00:00,English,THREAT,SOURCE,"US, Iran","U.S.-Iran peace process remains uncertain, causing wheat futures prices to decline.",3,Normal,"[""CF_Wheat"", ""POL_GrainReserve""]",D2_품목,MEDIUM,Grain price volatility,75bad9cc46ea519fe388eec298babd14
"Grains track crude lower on hopes of Mideast truce , wheat pressured by US rain forecast",2026-05-07 19:00:00+00:00,English,IRRELEVANT,,,Grain and crude oil prices decline amid hopes for Middle East truce and US rain forecast benefits wheat supply.,0,Normal,"[""CF_Coal"", ""CF_Wheat""]",D2_품목,MEDIUM,Grain/crude prices,663a268a85c3931694a298a78b77fcc5
"Nutrien profits up on sales of potash , nitrogen as Middle East conflict cuts fertilizer supplies",2026-05-07 19:00:00+00:00,English,DISRUPTION,SOURCE,Middle East,"Middle East conflict reduces global fertilizer supplies, boosting Nutrien's potash and nitrogen sales.",6,Warning,[],D2_품목,MEDIUM,Middle East fertilizer,0deb99459cde7239a6e0a43553e2453d
"Oil Pulls Back , but Fertilizer and Diesel Prices Continue Squeezing Farmers",2026-05-07 18:30:00+00:00,English,DOMESTIC_IMPACT,,,"Fertilizer and diesel prices remain elevated despite oil price pullback, squeezing farmer margins and input costs.",6,Warning,"[""CF_CrudeOil"", ""KC_LotteConst""]",D2_품목,MEDIUM,Fertilizer diesel prices,ca68fc7320c6454ffe6f3d2a42a35d04
Survey : 70 % of U . S . farmers cannot afford necessary fertilizer,2026-05-07 18:00:00+00:00,English,IRRELEVANT,,United States,Survey reports 70% of U.S. farmers cannot afford necessary fertilizer.,0,Normal,[],D2_품목,MEDIUM,Fertilizer affordability,32fecbf0693f3923881ef8b3cf234445
Parliamentary panel to review domestic output of petroleum products on 15 May,2026-05-07 17:45:00+00:00,English,DOMESTIC_IMPACT,,South Korea,South Korean parliamentary panel scheduled to review domestic petroleum product output on 15 May,2,Normal,"[""POL_SPR""]",D2_품목,MEDIUM,Petroleum products review,91d46d04999949a8a13b15452b96acaa
Hormuz To Year - End : Bullish Or Bearish ? ,2026-05-07 15:30:00+00:00,English,THREAT,ROUTE,,Speculative analysis questioning whether Strait of Hormuz conditions will be bullish or bearish through year-end.,6,Warning,[],D2_품목,MEDIUM,Hormuz outlook,f81300b42affaffd75758db1ff6ace42
Fed Officials Voice Growing Concern Over Inflation And Supply Chain Pressure From Iran War,2026-05-07 15:00:00+00:00,English,THREAT,SOURCE,Iran,Fed officials express concern over inflation and supply chain pressure stemming from Iran-related tensions.,5,Caution,"[""KI_Macro"", ""EVT_Ukraine2022"", ""KC_LotteConst""]",D2_품목,MEDIUM,Iran war inflation,9d83e1eb4fad2f68492fff2dfd75f60f
Yara CEO says there is only one way to respond to the crisis in the Gulf : do everything better,2026-05-07 13:30:00+00:00,English,IRRELEVANT,,,Yara CEO statement on responding to crisis in the Gulf by improving operations,0,Normal,[],D2_품목,MEDIUM,Fertilizer crisis,aedf30bcd86eae0e1f0a838ae823c405
Iran Is Using Alternative Routes To Bypass US Naval Blockade,2026-05-07 12:15:00+00:00,English,THREAT,ROUTE,Iran,Iran is using alternative routes to circumvent US naval blockade,6,Warning,[],D2_품목,MEDIUM,Iran naval blockade,dfa0b17980f0385ab24db736eb22d889
What at stake at the Trump - Xi summit - The HinduBusinessLine,2026-05-07 12:00:00+00:00,English,IRRELEVANT,,,Article discusses topics at stake during a Trump-Xi summit between US and China leaders.,0,Normal,[],D2_품목,MEDIUM,Trump-Xi summit,211dc52e738754e275700ac2c2344fa9
Dry - Bulk Shipping Rates Hit Two - Year High on Capesize Demand,2026-05-07 11:30:00+00:00,English,IRRELEVANT,,,Dry bulk shipping rates for Capesize vessels reach two-year highs due to increased demand,0,Normal,"[""VT_Capesize"", ""POL_ShippingReroute""]",D2_품목,MEDIUM,Capesize shipping rates,19b1fb3057f17dc4745251118fab78d5
Market rebound : Why some stocks are looking past the Iran war,2026-05-07 10:30:00+00:00,English,IRRELEVANT,,,Financial market analysis discussing stock performance in response to Iran conflict situation,0,Normal,"[""EVT_Ukraine2022""]",D2_품목,MEDIUM,Iran geopolitics,7d2680b43090ce900eb77b5abf422ce0
Fed officials are growing anxious about the Iran war,2026-05-07 10:30:00+00:00,English,THREAT,ROUTE,Iran,Fed officials express growing concern about potential Iran war escalation,7,Warning,"[""EVT_Ukraine2022""]",D2_품목,MEDIUM,Iran war inflation,207c1f2d95b267b9ebda44418f860b5f
What at stake at the Trump - Xi summit,2026-05-07 09:45:00+00:00,English,THREAT,SOURCE,"US, China","Headline reports on upcoming Trump-Xi summit with geopolitical stakes, implying potential US-China trade/policy tensions.",4,Caution,[],D2_품목,MEDIUM,Trump-Xi summit,fcb933e3d3f84976ba57e736371b8337
The 3 factors driving KOSPI unstoppable run,2026-05-07 09:30:00+00:00,English,IRRELEVANT,,,Article discusses factors driving KOSPI stock index performance,0,Normal,[],D2_품목,MEDIUM,KOSPI performance,faca9fa8e58ee91a47d155fd5767a0e1
Emerging markets defy energy shock . But for how long ?: McGeever,2026-05-07 08:00:00+00:00,English,THREAT,SOURCE,,Commentary on emerging markets' resilience to energy shocks and questions sustainability of their economic performance amid energy volatility.,3,Normal,"[""KI_EnergySecurity""]",D2_품목,MEDIUM,Energy shock markets,eac491991cd6f12f635631a75f753e84
Hormuz Open ; Safety Concerns Limit Some Movement - AG INFORMATION NETWORK OF THE WEST,2026-05-07 07:30:00+00:00,English,THREAT,ROUTE,Hormuz,Strait of Hormuz remains open but safety concerns are limiting some vessel movement through the chokepoint.,7,Warning,"[""CP_Hormuz""]",D2_품목,MEDIUM,Hormuz safety,a41c050aa1ae7869a46a5bb1fe1e890a
SoftBank Group Shares Rise as Iran Peace Hopes Trigger AI Stock Buying,2026-05-07 06:15:00+00:00,English,IRRELEVANT,,,SoftBank Group stock prices rise following positive sentiment about Iran peace prospects and increased AI stock buying interest.,0,Normal,"[""KC_Sajo""]",D2_품목,MEDIUM,Iran peace oil,3e8c85fb937b6b60876a85423d339b1a
Dry - bulk shipping rates hit two - year high on capesize demand,2026-05-07 05:45:00+00:00,English,IRRELEVANT,,,Dry-bulk capesize shipping rates have reached a two-year high due to increased demand.,0,Normal,"[""VT_Capesize"", ""POL_ShippingReroute""]",D2_품목,MEDIUM,Dry-bulk rates surge,4306fc129ea883a1ba8f0c123e5ec088
Wall Street Futures Slip After Record Rally Fueled by Iran Peace Hopes and AMD Surge,2026-05-07 04:45:00+00:00,English,IRRELEVANT,,,Wall Street futures declined following a record rally driven by Iran peace hopes and AMD stock gains.,0,Normal,"[""KC_LotteConst""]",D2_품목,MEDIUM,Iran peace market,5894e8921a3eb8f6d7db3ce6fb4bd934
Asian Stocks Rally as Japan Nikkei Hits Record High on U . S .- Iran Peace Optimism,2026-05-07 04:45:00+00:00,English,IRRELEVANT,,,"Asian stock markets rally on optimism over potential U.S.-Iran peace negotiations, with Japan's Nikkei index reaching record highs.",0,Normal,"[""EVT_Japan2019""]",D2_품목,MEDIUM,Iran-US Peace,d67a53812b67a472e8c4a3ad0d40eb2e
"UAE Continues To Sail Oil Tankers Through The Strait Of Hormuz , Skirting Iranian Blockade - Report",2026-05-07 16:15:00+00:00,English,THREAT,ROUTE,UAE,UAE continues operating oil tankers through Strait of Hormuz despite Iranian blockade attempts.,7,Warning,"[""CP_Hormuz"", ""CF_CrudeOil""]",D3_인프라,HIGH,Hormuz tanker transit,3c96439a45e9459bd9a9be188a722bb1
Iran war day 69 : Tehran  reviewing  US proposals ; Israel bombs Beirut | US - Israel war on Iran News,2026-05-07 08:45:00+00:00,English,THREAT,ROUTE,"Iran, Israel, Beirut",Military escalation between Iran and Israel with US involvement; Tehran reviewing US proposals while Israel conducts bombing in Beirut.,7,Warning,"[""EVT_Ukraine2022""]",D3_인프라,HIGH,Iran-Israel conflict,bbcae0a51103318dedb781ae6e4efd6c
Asia exports of refined fuels plunge amid Hormuz closure : Russell,2026-05-07 08:00:00+00:00,English,DISRUPTION,ROUTE,Hormuz,Asia's refined fuel exports have significantly declined due to closure of the Hormuz strait.,9,Crisis,"[""CP_Hormuz""]",D3_인프라,HIGH,Hormuz closure impact,1380864daa7185612322a8c0f36ac2ad
European jet premiums lowest since before US - Iran war,2026-05-07 17:45:00+00:00,English,IRRELEVANT,,Europe,European jet fuel premiums have declined to their lowest level since before the US-Iran conflict.,0,Normal,"[""CF_EuroContainer"", ""EVT_Ukraine2022""]",D3_인프라,MEDIUM,Jet fuel pricing,d902d50a485b2ca78828b8399fb1fb20
Maersk Holds 2026 Outlook as Ocean Volumes Surge Despite Rate Pressure,2026-05-07 16:15:00+00:00,English,IRRELEVANT,,,Maersk maintains 2026 outlook as ocean shipping volumes increase despite freight rate pressure,0,Normal,[],D3_인프라,MEDIUM,Maersk shipping volumes,5fb97e3bbb3e6dab2943138a76091c30
Middle East | Economic Update,2026-05-07 15:00:00+00:00,English,IRRELEVANT,,Middle East,Economic update reporting on Middle East regional economic conditions,0,Normal,[],D3_인프라,MEDIUM,Middle East economy,c040d158dd6ff998150dec0fa6d02802
Iran war squeezes Swiss gas imports,2026-05-07 12:45:00+00:00,English,THREAT,SOURCE,Iran,Iran-related tensions are restricting Swiss gas imports.,3,Normal,"[""EVT_Ukraine2022"", ""KC_SKGas""]",D3_인프라,MEDIUM,Iran energy disruption,f1a86ceae9e8c9df4d2d1e4ba2159fb9
Alaskan energy is key to beating Iran oil shock and helping US allies,2026-05-07 09:45:00+00:00,English,THREAT,SOURCE,"Alaska, Iran",Headline reports that Alaskan energy resources are being positioned as an alternative to Iranian oil supply to support US allies amid Iran-related oil supply concerns.,6,Warning,"[""KI_EnergySecurity"", ""CF_CrudeOil"", ""KC_LotteConst""]",D3_인프라,MEDIUM,Iran oil shock,1916206184e343f75e691acd1499f249
Gulf economies face long - term hit from Iran conflict,2026-05-07 09:15:00+00:00,English,THREAT,SOURCE,Gulf,Gulf economies face long-term economic impact from Iran conflict,6,Warning,[],D3_인프라,MEDIUM,Iran conflict impact,19442790078f9dd7b3a7a27c1ae26097
DP World Secures Laem Chabang Concession Extension Amid Rising Intra - Asia Trade,2026-05-07 08:30:00+00:00,English,IRRELEVANT,,Thailand,DP World secures extension of Laem Chabang port concession amid rising intra-Asia trade activity.,0,Normal,[],D3_인프라,MEDIUM,Port Concession,d71d425f651dd89d77cf6105f2a206f5
India shielded fuel supply through crude diversification amid Hormuz turmoil : S & P Global Energy official,2026-05-07 08:00:00+00:00,English,THREAT,SOURCE,India,"India diversified crude oil suppliers to shield fuel supply amid Hormuz tensions, according to S&P Global Energy official.",5,Caution,"[""POL_LNGDiversify"", ""KI_EnergySecurity"", ""CF_Coal""]",D3_인프라,MEDIUM,Hormuz crude diversification,ae579921efd94b82bc8bd9678072f9ab
"Crude prices slide below $100 as Dangote holds PMS price at N1 , 275 – Daily Trust",2026-05-07 08:00:00+00:00,English,IRRELEVANT,,Nigeria,"Dangote refinery maintains petrol price at N1,275 as crude oil prices fall below $100/barrel",0,Normal,"[""CF_Coal""]",D3_인프라,MEDIUM,Crude price movement,a588198591891fdff32e2c8a239db7be
"Oil slides , dollar slips as Asian stocks rally on US - Iran deal optimism",2026-05-07 07:30:00+00:00,English,THREAT,SOURCE,"US, Iran",Oil prices decline and dollar weakens amid optimism over potential US-Iran nuclear deal agreement,4,Caution,"[""CF_CrudeOil""]",D3_인프라,MEDIUM,Oil price movement,6977fb4a5903f823ba25ece744519f2c
China Orders Refiners to Ignore U . S . Sanctions on Key Iranian Oil Buyers – NaturalNews . com,2026-05-07 03:30:00+00:00,English,THREAT,SOURCE,"China, Iran, United States","China orders refiners to ignore U.S. sanctions on Iranian oil buyers, escalating geopolitical tensions over crude oil supply.",7,Warning,"[""CF_CrudeOil""]",D3_인프라,MEDIUM,Iran oil sanctions,b1bf866fc735a346bb43f53a3414d7f1
Security Council holds closed - door talks following attacks on United Arab Emirates,2026-05-07 03:15:00+00:00,English,THREAT,ROUTE,United Arab Emirates,Security Council holds closed-door talks following attacks on United Arab Emirates,5,Caution,[],D3_인프라,MEDIUM,UAE security incident,534b2c4ccbfcc3b4ac561497adc8b96c
How India kept fuel flowing despite Strait of Hormuz disruption and soaring oil fears,2026-05-07 03:00:00+00:00,English,DISRUPTION,ROUTE,Strait of Hormuz,India maintained fuel supply despite disruption risks in the Strait of Hormuz amid elevated oil market concerns.,7,Warning,"[""CP_Hormuz"", ""EVT_Ukraine2022"", ""CF_CrudeOil"", ""KC_LotteConst""]",D3_인프라,MEDIUM,Hormuz fuel supply resilience,0509f039e7ca9bef91307ded4ae40b08
India has shielded fuel supply through crude diversification amid Hormuz turmoil : S & P Global Energy official,2026-05-07 03:00:00+00:00,English,THREAT,SOURCE,India,India has diversified crude oil sources to mitigate supply vulnerabilities amid geopolitical tensions in the Hormuz region.,5,Caution,"[""POL_LNGDiversify"", ""KI_EnergySecurity"", ""CF_Coal""]",D3_인프라,MEDIUM,Hormuz crude diversification,e77470688696a3aa39f9e4d3db75570a
"Oil Tanker Hit Near Strait Of Hormuz , US Pauses Assist",2026-05-07 18:15:00+00:00,English,THREAT,ROUTE,Strait of Hormuz,Oil tanker attacked near Strait of Hormuz; US pauses assistance response.,8,Crisis,"[""CP_Hormuz"", ""VT_ChemTanker"", ""CF_CrudeOil""]",D4_운송,HIGH,Hormuz tanker incident,f2d95faa55c4bbe2df795d80b221f0f3
"Chinese - owned oil tanker hit near Hormuz as US pauses ship - protection plan , report says",2026-05-07 17:45:00+00:00,English,THREAT,ROUTE,Hormuz,Chinese-owned oil tanker attacked near Hormuz Strait; US pauses ship-protection plan amid regional tensions.,8,Crisis,"[""CP_Hormuz"", ""VT_ChemTanker"", ""CF_CrudeOil""]",D4_운송,HIGH,Hormuz tanker attack,aca3d945d6a1485d8d22c2de9079a760
Iran Oil Industry Under Pressure as U . S . Naval Blockade Begins to Bite,2026-05-07 15:00:00+00:00,English,THREAT,SOURCE,Iran,"U.S. naval blockade of Iran's oil industry begins to take effect, creating pressure on Iranian oil exports.",7,Warning,"[""KI_Industry"", ""CF_CrudeOil""]",D4_운송,HIGH,Iran naval blockade,bbbfea0148211b65a4f18ef2c8459855
U . S . Forces Disable Vessel in Gulf of Oman Attempting to Violate Blockade,2026-05-07 12:15:00+00:00,English,THREAT,ROUTE,Gulf of Oman,U.S. Forces disabled a vessel in the Gulf of Oman that was attempting to violate a blockade,7,Warning,"[""VT_Reefer"", ""BP_OmanLand""]",D4_운송,HIGH,Hormuz blockade enforcement,44d69f486f366e719d68b84db8b25ac8
"World News : First Chinese product tanker attacked on Monday near the Strait of Hormuz , Caixin reports",2026-05-07 12:15:00+00:00,English,THREAT,ROUTE,Strait of Hormuz,First Chinese product tanker attacked near the Strait of Hormuz according to Caixin reports,7,Warning,"[""VT_ChemTanker""]",D4_운송,HIGH,Hormuz tanker attack,dd0461eb6fdd9764078e32724d87576a
US Warplane Fires On Iranian - Flagged Ship,2026-05-07 12:15:00+00:00,English,THREAT,ROUTE,US/Iran,"US warplane fires on Iranian-flagged ship, escalating military tension in maritime domain.",6,Warning,[],D4_운송,HIGH,Hormuz tanker strike,c01b338dba68e8989e0a7b70908d5de7
Ship traffic through Hormuz falls to lowest level since war began,2026-05-07 12:00:00+00:00,English,DISRUPTION,ROUTE,Hormuz,Ship traffic through the Strait of Hormuz has fallen to its lowest level since the Ukraine war began.,8,Crisis,"[""CP_Hormuz"", ""EVT_Ukraine2022""]",D4_운송,HIGH,Hormuz traffic decline,bb5df241651dd4138ee9d266c78b87b7
US strikes Iranian - flagged tanker amid fresh hopes of Iran deal,2026-05-07 12:00:00+00:00,English,THREAT,SOURCE,Iran,US military strikes Iranian-flagged tanker while diplomatic negotiations for Iran nuclear deal remain ongoing,6,Warning,"[""VT_ChemTanker""]",D4_운송,HIGH,Hormuz tanker strike,bf157047e41fabc907f4152fa626f995
Iran denies involvement in attack on South Korean vessel in Strait of Hormuz,2026-05-07 11:45:00+00:00,English,THREAT,ROUTE,Strait of Hormuz,Iran denies involvement in attack on South Korean vessel in Strait of Hormuz,7,Warning,"[""CP_Hormuz"", ""VT_Reefer"", ""KC_KoreanAir""]",D4_운송,HIGH,Iran denies attack,cbc43138d318bbaed80eef643e6c3dc3
First Chinese product tanker attacked near the Strait of Hormuz,2026-05-07 11:30:00+00:00,English,THREAT,ROUTE,Strait of Hormuz,First Chinese product tanker attacked near the Strait of Hormuz,7,Warning,"[""VT_ChemTanker""]",D4_운송,HIGH,Hormuz tanker attack,b8ba00ae4572c88e2c5576d811a2e229
S . Korea maintains cautious stance on cause of blast on ship in Hormuz Strait,2026-05-07 11:15:00+00:00,English,THREAT,ROUTE,Hormuz Strait,South Korea maintains cautious stance on the cause of a blast that occurred on a ship in the Hormuz Strait,7,Warning,"[""CP_Hormuz"", ""KC_KAI""]",D4_운송,HIGH,Korean ship blast Hormuz,61d6b73d0b6e30886b86b561f4f60f42
"One CMA CGM Vessel Attacked While Transiting Strait of Hormuz , Another Exits Gulf",2026-05-07 10:00:00+00:00,English,THREAT,ROUTE,Strait of Hormuz,A CMA CGM vessel was attacked while transiting the Strait of Hormuz; another vessel exited the Gulf.,7,Warning,"[""CP_Hormuz"", ""VT_Reefer""]",D4_운송,HIGH,CMA CGM Hormuz attack,9f5d3fa9887d0e2a7878f758c266a1b2
"U . S . strikes Iranian tanker , says blockade remains in place",2026-05-07 10:00:00+00:00,English,THREAT,SOURCE,Iran,U.S. strikes Iranian tanker and maintains blockade against Iran,7,Warning,"[""VT_ChemTanker""]",D4_운송,HIGH,Hormuz blockade enforcement,0b41c461dee68bb8feff6633a1de8a85
U . S . military disables Iranian - flagged tanker breaking blockade,2026-05-07 08:45:00+00:00,English,THREAT,ROUTE,Iran,U.S. military disables Iranian-flagged tanker attempting to break a blockade,7,Warning,"[""VT_ChemTanker""]",D4_운송,HIGH,Hormuz blockade enforcement,83588a9506353fba46313553e56880e8
South Korea rejects Trump claim that ship was hit because it  decided to go it alone  ,2026-05-07 08:30:00+00:00,English,THREAT,ROUTE,null,South Korea rejects Trump's claim that a ship incident occurred because South Korea chose to operate independently.,3,Normal,"[""KC_KAI""]",D4_운송,HIGH,Korean ship Hormuz,ef87813564d9ccb2f890c04d049c2eab
Iran Denies Involvement in Damage to Korean Vessel in Strait of Hormuz,2026-05-07 08:00:00+00:00,English,THREAT,ROUTE,Strait of Hormuz,Iran denies involvement in damage to a Korean vessel in the Strait of Hormuz,7,Warning,"[""VT_Reefer"", ""KC_KoreanAir""]",D4_운송,HIGH,Korean vessel Hormuz,3dfa007914410f09090ccdda14b3d0bd
Tehran  categorically  denies role in damage to South Korean vessel in Strait of Hormuz,2026-05-07 07:30:00+00:00,English,THREAT,ROUTE,Strait of Hormuz,Iran denies responsibility for damage to a South Korean vessel in the Strait of Hormuz,6,Warning,"[""VT_Reefer"", ""KC_KoreanAir""]",D4_운송,HIGH,Korean vessel Hormuz,2a3667ea903e9f5daf36c376e86d0aeb
Iranian Embassy Denies Armed Forces Struck S Korean Ship in Hormuz,2026-05-07 04:45:00+00:00,English,THREAT,ROUTE,Hormuz,Iranian Embassy denies that Iranian Armed Forces struck a South Korean ship in the Hormuz Strait,7,Warning,"[""CP_Hormuz"", ""KC_KoreanAir""]",D4_운송,HIGH,Hormuz vessel attack,7a10aa0fc22949d193074019f2e78a6f
Iranian embassy denies armed forces struck South Korean ship in Hormuz,2026-05-07 04:30:00+00:00,English,THREAT,ROUTE,Hormuz,Iranian embassy denies that armed forces struck a South Korean ship in the Hormuz Strait,7,Warning,"[""CP_Hormuz"", ""KC_KoreanAir""]",D4_운송,HIGH,Korean vessel Hormuz,3beed2d22ad99980d80198df1004e7f9
U . S . Forces Disable Unladen Tanker Attempting To,2026-05-07 03:15:00+00:00,English,THREAT,ROUTE,null,U.S. Forces disabled an unladen tanker vessel that was attempting to transit (location/destination unspecified in incomplete headline).,6,Warning,"[""VT_ChemTanker""]",D4_운송,HIGH,Hormuz blockade enforcement,5365f56fd133a400a763c0c743f4427d
US military disables Iranian tanker in Gulf of Oman after blockade violation,2026-05-07 03:00:00+00:00,English,THREAT,ROUTE,Gulf of Oman,US military disables Iranian tanker in Gulf of Oman following blockade violation,7,Warning,"[""VT_ChemTanker"", ""BP_OmanLand""]",D4_운송,HIGH,Hormuz tanker seizure,f3569a12397e932d761f25ee0880f7c2
US Strikes Iranian Tanker as Trump Warns Tehran Over War Deal,2026-05-07 02:45:00+00:00,English,THREAT,SOURCE,Iran,"US strikes Iranian tanker; Trump warns Iran over nuclear deal, escalating geopolitical tensions.",7,Warning,"[""VT_ChemTanker"", ""EVT_Ukraine2022""]",D4_운송,HIGH,Hormuz tanker strike,64e32fdefd257b67a0538375375a380b
Govt . sends team to investigate fire on S . Korean - operated vessel in Strait of Hormuz : sources,2026-05-07 02:30:00+00:00,English,DOMESTIC_IMPACT,,Strait of Hormuz,South Korean government sends investigation team to a fire incident on a Korean-operated vessel in the Strait of Hormuz,6,Warning,"[""VT_Reefer"", ""KC_KoreanAir""]",D4_운송,HIGH,Korean vessel fire Hormuz,dc7ecbdf87af40567e4260f886e58d81
Trump news at a glance : US fires on Iranian - flagged tanker as president fires off post threatening more bombing,2026-05-07 02:00:00+00:00,English,THREAT,ROUTE,Iran,US military engages Iranian-flagged tanker; president threatens additional bombing operations,7,Warning,"[""VT_ChemTanker""]",D4_운송,HIGH,Hormuz tanker strike,74fb04aefe07eedf9b12a56587df0c46
Iranian - flagged oil tanker fired on by US fighter as Trump gives Tehran new ultimatum,2026-05-07 01:30:00+00:00,English,THREAT,ROUTE,Iran,US fighter fired on Iranian-flagged oil tanker amid Trump administration ultimatum to Tehran.,7,Warning,"[""VT_ChemTanker"", ""CF_CrudeOil""]",D4_운송,HIGH,Hormuz tanker attack,0cdebf2015cbac281e4ef2e3e4f0e9ed
US says warplane disabled ship that tried to break Iran port blockade,2026-05-07 00:45:00+00:00,English,THREAT,ROUTE,Iran,US military disables a ship attempting to breach Iran's port blockade,6,Warning,[],D4_운송,HIGH,Hormuz blockade enforcement,36b2b7cbbc7bdd49b1be3875d8778cb8
Strait Of Hormuz : Ret . Vice Admiral Talks Strategy Behind Project Freedom Pause & U . S . Blockade,2026-05-07 00:15:00+00:00,English,THREAT,ROUTE,Strait of Hormuz,Retired Vice Admiral discusses U.S. strategy behind Project Freedom Pause and U.S. blockade in the Strait of Hormuz,8,Crisis,"[""CP_Hormuz""]",D4_운송,HIGH,Hormuz blockade strategy,6376cc6be766034161041b2208edf54b
Iran Can Survive Blockade Way Longer Than Trump Insists,2026-05-07 20:00:00+00:00,English,THREAT,SOURCE,Iran,Article reports Iran's assessment that it can endure a blockade longer than Trump administration claims.,6,Warning,[],D4_운송,MEDIUM,Iran blockade resilience,3dade93cb829908095aee63d17386eab
Philippines Accuses China Of Illegal Marine Research,2026-05-07 18:15:00+00:00,English,THREAT,ROUTE,Philippines,Philippines accuses China of conducting illegal marine research activities,5,Caution,"[""KC_Changkum""]",D4_운송,MEDIUM,China research vessel,25459a1c3b86724594d0c6d84786a4da
Capital Clean Energy Carriers Q1 Earnings Call Highlights,2026-05-07 17:15:00+00:00,English,IRRELEVANT,,,Capital Clean Energy Carriers reports Q1 earnings results in earnings call.,0,Normal,"[""KI_EnergySecurity""]",D4_운송,MEDIUM,Energy carrier,c3b7dce1af2d81fee0a2e5579f496f4a
Philippines says China vessel conducting  illegal  research near gas - rich Reed bank,2026-05-07 16:30:00+00:00,English,THREAT,SOURCE,Philippines,"Philippines reports Chinese vessel conducting illegal research near Reed Bank, a gas-rich area",6,Warning,"[""VT_Reefer"", ""KC_SKGas""]",D4_운송,MEDIUM,China research vessel,c94451fe2fa592cd5387e847e5ee6c7d
Govt extends subsidy scheme for companies flagging merchant ships until FY31,2026-05-07 15:00:00+00:00,English,IRRELEVANT,,,South Korean government extends subsidy scheme for companies flagging merchant ships until fiscal year 2031.,0,Normal,"[""KC_Changkum""]",D4_운송,MEDIUM,Merchant ship subsidy,8756ceca672f7a0600289bbd400a152c
First Thing : Uncertainty looms as last oil tanker from Middle East arrives in California | US news,2026-05-07 13:15:00+00:00,English,THREAT,SOURCE,"California, United States",Last oil tanker from Middle East arrives in California amid uncertainty about future crude oil supply flows.,6,Warning,"[""VT_ChemTanker"", ""CF_CrudeOil""]",D4_운송,MEDIUM,Middle East oil tanker,d3492c8a8a5ca60dd8e0fd80bae0192d
French Shipping Firm Says Vessel Attacked in Hormuz Strait,2026-05-07 12:15:00+00:00,English,THREAT,ROUTE,Hormuz Strait,French shipping firm reports vessel attacked in Hormuz Strait,8,Crisis,"[""CP_Hormuz"", ""POL_ShippingReroute"", ""VT_Reefer""]",D4_운송,MEDIUM,Hormuz vessel attack,e31c67e65d16e99e3a665b8f4c068b6e
Japan Test - Fires Anti - Ship Missile in Major Balikatan Drill Near South China Sea,2026-05-07 12:00:00+00:00,English,THREAT,ROUTE,South China Sea,Japan conducts anti-ship missile test during Balikatan military drill near South China Sea,6,Warning,"[""EVT_Japan2019""]",D4_운송,MEDIUM,South China Sea tensions,569b3067a63c2c76d4c7a899731fd489
Iran latest : Iran reviewing US proposal as pressure increases from White House,2026-05-07 12:00:00+00:00,English,THREAT,SOURCE,Iran,"Iran is reviewing a US proposal amid increased pressure from the White House, indicating ongoing diplomatic negotiations on unspecified matters.",3,Normal,[],D4_운송,MEDIUM,Iran-US negotiations,c11847967b643506df2768402abcadd1
Trump expresses optimism a deal with Iran could be reached soon,2026-05-07 12:00:00+00:00,English,THREAT,SOURCE,Iran,Trump expresses optimism that a deal with Iran could be reached soon,3,Normal,[],D4_운송,MEDIUM,Iran-US deal prospects,1bceeed326208e4d141ebdec70d40bb4
"Taiwan is central to China core interests , Beijing says ahead of Trump visit",2026-05-07 11:45:00+00:00,English,THREAT,ROUTE,Taiwan,"Beijing reaffirms Taiwan is central to China's core interests ahead of Trump visit, raising geopolitical tension.",7,Warning,[],D4_운송,MEDIUM,Taiwan geopolitics,a94a7cb0bfbf9689b93b622f2b902f5e
France rules out lifting Iran sanctions as Hormuz blockade persists,2026-05-07 11:45:00+00:00,English,THREAT,SOURCE,France,France rules out lifting Iran sanctions amid continuing Hormuz blockade situation.,7,Warning,[],D4_운송,MEDIUM,Iran sanctions Hormuz,6a0cd4f49268a5f73b12c7235d46d142
Oil Falls Below $100 a Barrel on Middle East Peace Hopes,2026-05-07 16:45:00+00:00,English,THREAT,SOURCE,Middle East,"Oil prices fall below $100 per barrel amid hopes for Middle East peace, reducing near-term geopolitical supply risk.",3,Normal,"[""CF_CrudeOil""]",D5_시장지표,MEDIUM,Oil price movement,aba97b790e13443b3f96552abc6cd1c8
Crude Oil on path to $90 as the peace trade continues – WTI Technical analysis,2026-05-07 15:30:00+00:00,English,IRRELEVANT,,,WTI crude oil price forecast suggesting upward trend to $90/barrel amid peaceful market conditions,0,Normal,"[""CF_Coal"", ""CF_CrudeOil""]",D5_시장지표,MEDIUM,Crude oil price trend,049d8b4ec8b2953f0f6e06d50bb515b7
Brent Crude Dips Below $100 Amid Optimism About Progress Towards Ending Iran War,2026-05-07 15:00:00+00:00,English,THREAT,SOURCE,Iran,Brent crude oil prices fall below $100 per barrel as optimism grows about resolving the Iran conflict,6,Warning,"[""CF_Coal"", ""EVT_Ukraine2022""]",D5_시장지표,MEDIUM,Brent crude decline,8bd08f81ca9fc59d8a6ea35e4551058d
Oil falls below $100 on Middle East peace hopes,2026-05-07 14:30:00+00:00,English,THREAT,SOURCE,Middle East,Oil prices fall below $100 per barrel amid hopes for Middle East peace resolution,3,Normal,"[""CF_CrudeOil""]",D5_시장지표,MEDIUM,Oil price movement,280206d257ae37eede8ea8219e2ce65e
"India Fuel Price Shield Under Pressure , Rising Global Oil Costs May Force Tough Decisions",2026-05-07 13:30:00+00:00,English,THREAT,SOURCE,India,India's fuel price subsidy policy is under pressure as rising global oil costs may force policy changes.,5,Caution,"[""CF_CrudeOil""]",D5_시장지표,MEDIUM,Global oil costs,676fb98a6fee64a66c236b6ef6111640
"Rupee gains sharply to end at 94 . 25 / $ as oil slides , NDF dollar selling gathers pace",2026-05-07 12:00:00+00:00,English,IRRELEVANT,,,Indian rupee appreciates to 94.25 per dollar as crude oil prices decline and dollar selling accelerates in NDF market.,0,Normal,"[""CF_CrudeOil""]",D5_시장지표,MEDIUM,Oil price impact,b7e3bcc47b8d8c0575ccb2c3f675ee26
Trump Signals Possible U . S .- Iran Peace Deal as Markets Rally on Hopes of War Ending,2026-05-07 09:45:00+00:00,English,THREAT,ROUTE,"US, Iran",Trump signals possible US-Iran peace deal as markets rally on hopes of ending military conflict,6,Warning,"[""EVT_Ukraine2022""]",D5_시장지표,MEDIUM,Iran peace deal,163d028fe10efa048e78829aac8a06e7
Oil continues to drop on Middle East peace deal hopes,2026-05-07 09:30:00+00:00,English,THREAT,SOURCE,Middle East,"Oil prices decline due to hopes for a Middle East peace deal, reducing geopolitical supply risk.",3,Normal,"[""CF_CrudeOil""]",D5_시장지표,MEDIUM,Oil price decline,b740c71a45175e7209441d9139d5fce6
Oil prices rise again on global markets,2026-05-07 09:15:00+00:00,English,IRRELEVANT,,,Oil prices rise again on global markets,0,Normal,"[""CF_CrudeOil""]",D5_시장지표,MEDIUM,Oil price movement,1c1126e904c94103818fbbee03727bb1
Oil prices rise as investors weigh Middle East peace prospects,2026-05-07 08:45:00+00:00,English,THREAT,SOURCE,Middle East,Oil prices rise as investors assess potential peace developments in the Middle East region,5,Caution,"[""CF_CrudeOil""]",D5_시장지표,MEDIUM,Oil price movement,04a24dca2f3e8fd9466c7e92d3172148
Oil falls sharply on Middle East peace deal hopes,2026-05-07 08:45:00+00:00,English,THREAT,SOURCE,Middle East,"Oil prices fall sharply amid hopes for a peace deal in the Middle East, reducing geopolitical supply risk.",2,Normal,"[""CF_CrudeOil""]",D5_시장지표,MEDIUM,Oil price decline,a7f7a1b4128c3e313f8145836f1f4fa7
"U . S .- Iran Peace Hopes , AI Cheer Power Asia Markets Higher -- Update",2026-05-07 08:30:00+00:00,English,IRRELEVANT,,,U.S.-Iran peace hopes and AI sector optimism drive Asian markets higher,0,Normal,"[""KC_KOMIPO""]",D5_시장지표,MEDIUM,US-Iran peace,c470be5de262ca2aa821a958e7f1d20a
"Crude Oil Rises ₹15 To ₹8 , 739 Per Barrel , Brent At $101 . 85",2026-05-07 08:15:00+00:00,English,IRRELEVANT,,,"Crude oil price increased by ₹15 to ₹8,739 per barrel; Brent crude at $101.85",0,Normal,"[""CF_Coal"", ""CF_CrudeOil""]",D5_시장지표,MEDIUM,Crude oil price,451a1d2bee2a9c30946b094b7c9312cc
Gold gains as dollar weakens ; investors focus on US - Iran peace deal prospects,2026-05-07 08:00:00+00:00,English,IRRELEVANT,,,Gold prices rise as US dollar weakens; investors consider prospects of US-Iran peace negotiations.,0,Normal,[],D5_시장지표,MEDIUM,Oil price impact,f5d85aefa839fdf67c0a503c6bb9cbf1
Shell profits rise as Iran war pushes oil prices higher,2026-05-07 07:30:00+00:00,English,THREAT,SOURCE,Iran,Shell reports rising profits due to oil price increases triggered by Iran-related conflict/tensions,7,Warning,"[""EVT_Ukraine2022"", ""CF_CrudeOil""]",D5_시장지표,MEDIUM,Oil price impact,6b53edfa5dcd7209f7bcae436caccf5f
Shell profits soar amid surging oil prices because of Iran war,2026-05-07 07:30:00+00:00,English,THREAT,SOURCE,Iran,Shell reports increased profits due to rising oil prices caused by Iran war tensions,7,Warning,"[""EVT_Ukraine2022"", ""CF_CrudeOil""]",D5_시장지표,MEDIUM,Oil price surge,bc3a766aa04a9fa68201ddaa7036b85c
FTSE 100 Live : Stocks to inch up as oil back over $100,2026-05-07 06:15:00+00:00,English,IRRELEVANT,,,FTSE 100 stock index expected to rise as crude oil prices recover above $100 per barrel,0,Normal,"[""CF_CrudeOil""]",D5_시장지표,MEDIUM,Oil price level,21d918971406d23f9611a211a81ec93c
"Sensex , Nifty open higher as falling crude , easing geopolitical tension boost market sentiment",2026-05-07 05:15:00+00:00,English,IRRELEVANT,,,Indian stock market opens higher due to falling crude oil prices and easing geopolitical tension.,0,Normal,"[""CF_Coal""]",D5_시장지표,MEDIUM,Crude decline,ca7d0130f8ce6b90f5ffcc5f058bed29
"Indian bonds open 1 bps lower , as US - Iran war uncertainty persists",2026-05-07 04:45:00+00:00,English,THREAT,ROUTE,"US, Iran","Indian bond market opens lower amid persistent US-Iran war uncertainty, reflecting financial market concern over geopolitical escalation.",6,Warning,"[""EVT_Ukraine2022""]",D5_시장지표,MEDIUM,US-Iran uncertainty,5576aa3fcd3ca395dc1931ae8f448631
"Sensex falls 300 pts from day high , Nifty below 24 , 400 : Brent crude above $100 among key factors behind market paring gains",2026-05-07 04:45:00+00:00,English,IRRELEVANT,,,Indian stock market (Sensex and Nifty) declines with Brent crude above $100 cited as a key factor.,0,Normal,"[""CF_Coal""]",D5_시장지표,MEDIUM,Brent crude impact,18d37f61623abadc56d33be03c75395a
Rupee opens 10 paise lower at 94 . 71 against dollar as US - Iran war uncertainty persists,2026-05-07 04:45:00+00:00,English,IRRELEVANT,,,Indian rupee depreciates against US dollar amid US-Iran war uncertainty,0,Normal,"[""EVT_Ukraine2022""]",D5_시장지표,MEDIUM,US-Iran uncertainty,c05057361c61cc3bb888dc23fbfe8308
"Asian Stocks Rise As Nikkei Hits All - Time High ; SoftBank Surges 15 %, Oil Tops $100 Per Barrel",2026-05-07 04:45:00+00:00,English,IRRELEVANT,,,"Asian stock markets rise with Nikkei reaching all-time high, SoftBank surges 15%, and crude oil prices top $100 per barrel.",0,Normal,"[""CF_CrudeOil""]",D5_시장지표,MEDIUM,Oil price surge,69ff5d05114353cee345d24b143d8041
Commodity Corner : Oil prices rebound on middle east peace deal hopes ; gold near weekly high,2026-05-07 04:45:00+00:00,English,IRRELEVANT,,,Oil prices rebound on Middle East peace deal hopes; gold near weekly high,0,Normal,"[""CF_CrudeOil""]",D5_시장지표,MEDIUM,Oil price rebound,f8d29a44b8832f605e5d228c5a083604
Oil Prices Rebound Slightly After Sharp Drop on Iran Deal Hopes,2026-05-07 04:45:00+00:00,English,THREAT,SOURCE,Iran,Oil prices rebound slightly following a sharp drop driven by hopes of an Iran nuclear deal agreement.,5,Caution,"[""CF_CrudeOil""]",D5_시장지표,MEDIUM,Oil price rebound,c9c7523786e4408d1dad60602eb99392
"Sensex Rises 380 Points , Nifty Up 24 , 423 . 35 As US - Iran Peace Hopes Lift Sentiment",2026-05-07 04:45:00+00:00,English,IRRELEVANT,,,Indian stock market indices (Sensex and Nifty) rise on improved US-Iran diplomatic sentiment.,0,Normal,[],D5_시장지표,MEDIUM,US-Iran peace,0d3bc8cb57e6a0d50cca9c83946ba151
"Sensex and Nifty Surge as Brent Crude Slumps on US - Iran Peace Hopes ; Nikkei Shatters 62 , 000 Record",2026-05-07 04:30:00+00:00,English,IRRELEVANT,,,Stock market indices surge following Brent crude price decline amid US-Iran peace negotiations; Nikkei reaches new record high.,0,Normal,"[""CF_Coal"", ""KC_LotteConst""]",D5_시장지표,MEDIUM,Oil price impact,bdaed14c956542d83a0d379755fb1764
US intelligence says Iran can outlast Trump Strait of Hormuz blockade for months : Report,2026-05-07 19:15:00+00:00,English,THREAT,ROUTE,Iran,US intelligence reports Iran has capability to maintain Strait of Hormuz blockade for several months,8,Crisis,[],D6_교란행위,HIGH,Hormuz blockade threat,5ad2ececbd5df3c2a48af1e84ce98744
CIA report : Iran can withstand US blockade for months,2026-05-07 19:00:00+00:00,English,THREAT,SOURCE,Iran,CIA report assesses that Iran can sustain economic resilience against US blockade for several months.,5,Caution,[],D6_교란행위,HIGH,Hormuz blockade endurance,905dc5a46750ae6dfa879fe180a7d941
"Iran can outlast US blockade for months and has  significant  missile reserves , says CIA report",2026-05-07 18:30:00+00:00,English,THREAT,SOURCE,Iran,CIA report asserts Iran can sustain against US blockade for months and possesses significant missile reserves,5,Caution,"[""KC_LotteConst""]",D6_교란행위,HIGH,Hormuz blockade capability,dd9a3707c536dbde8a4cfcd018c42c77
"Iran Strait of Hormuz blockade leaves 1 , 500 ships , 20 , 000 crew stranded : IMO",2026-05-07 18:00:00+00:00,English,DISRUPTION,ROUTE,Iran,"Iran's blockade of the Strait of Hormuz has left 1,500 ships and 20,000 crew members stranded according to IMO reports.",9,Crisis,"[""CP_Hormuz""]",D6_교란행위,HIGH,Hormuz blockade,b6aad1e3598a483f4630d168fdd5899d
"US - Iran mutually agree to reopen Strait of Hormuz , ease naval blockade : Report",2026-05-07 11:15:00+00:00,English,THREAT,ROUTE,"US, Iran",US and Iran mutually agree to reopen Strait of Hormuz and ease naval blockade,2,Normal,"[""CP_Hormuz""]",D6_교란행위,HIGH,Hormuz reopening agreement,0789d57990a2b6a3b0b2e27b1cd88c29
Iran weighing latest U . S . proposal to reopen Strait of Hormuz,2026-05-07 04:45:00+00:00,English,THREAT,ROUTE,Iran,"Iran is considering a U.S. proposal regarding reopening of the Strait of Hormuz, indicating potential negotiation over a strategically critical maritime chokepoint.",8,Crisis,[],D6_교란행위,HIGH,Hormuz strait reopening,662a5962e245429e8e4850f7185f4fbb
France moves aircraft carrier to Red Sea with eye on Hormuz mission,2026-05-07 04:30:00+00:00,English,THREAT,ROUTE,Red Sea,France deploys aircraft carrier to Red Sea with potential involvement in Hormuz Strait operations.,7,Warning,"[""EVT_RedSea2023"", ""VT_LNG""]",D6_교란행위,HIGH,France Red Sea deployment,fd8841a2b5ddd1425703f6e8368c86f5
The government $10 billion plan to boost fuel stockpiles,2026-05-07 03:00:00+00:00,English,IRRELEVANT,,,Government announces $10 billion plan to increase fuel stockpiles,0,Normal,[],D6_교란행위,HIGH,Fuel stockpile plan,4168f7a3c469cf5d073b45ca61254d02
US Official Says Iran Has 70 % of Pre - War Missile Stockpile and Is Assembling New Ones,2026-05-07 20:00:00+00:00,English,THREAT,SOURCE,Iran,US official reports Iran has 70% of pre-war missile stockpile and is assembling new ones,5,Caution,"[""POL_UreaStockpile"", ""EVT_Ukraine2022"", ""KC_LotteConst""]",D6_교란행위,MEDIUM,Iran missile capability,50319e70dc47fa5e0e5df1fd2e93949e
Iran urges UN members not to support  provocative  US draft resolution on Hormuz,2026-05-07 19:15:00+00:00,English,THREAT,ROUTE,Iran,"Iran urges UN members to reject a US draft resolution on the Strait of Hormuz, signaling diplomatic escalation over the chokepoint.",7,Warning,"[""CP_Hormuz""]",D6_교란행위,MEDIUM,Hormuz UN resolution,a2f8d96b097b284fe37f880f6eff16ba
Trump shelved  Project Freedom  after Saudis refused use of bases and airspace,2026-05-07 18:30:00+00:00,English,THREAT,ROUTE,Saudi Arabia,Trump administration shelved Project Freedom after Saudi Arabia refused to allow use of its military bases and airspace.,3,Normal,"[""KC_LotteConst""]",D6_교란행위,MEDIUM,Saudi Arabia Hormuz,da68072f5c691b97aba58caab6e169f7
"Iran Reduces Oil Production By 400 , 000 Bpd , Further Cut",2026-05-07 18:15:00+00:00,English,DISRUPTION,SOURCE,Iran,"Iran reduces crude oil production by 400,000 barrels per day, implementing further production cuts.",7,Warning,"[""CF_CrudeOil""]",D6_교란행위,MEDIUM,Iran oil production cut,8b0fa82fbd1b23cc6fe6005b4157ebff
"The Strait of Hormuz , by the Numbers",2026-05-07 18:00:00+00:00,English,IRRELEVANT,,,Headline presents statistical or descriptive information about the Strait of Hormuz without reporting any actual or threatened disruption event.,0,Normal,"[""CP_Hormuz""]",D6_교란행위,MEDIUM,Hormuz chokepoint data,ecd550c472149160a348d10345f6a61c
"Stock market today : Dow , S & P 500 , Nasdaq stall as crude oil steadies in wait for Iran - US deal update",2026-05-07 18:00:00+00:00,English,IRRELEVANT,,,Stock market indices stall as crude oil prices steady while awaiting Iran-US deal update.,0,Normal,"[""CF_Coal"", ""CF_CrudeOil""]",D6_교란행위,MEDIUM,Oil prices Iran deal,0194367f146823a8f7b127b5bc1c2e5b
"Cabinet wants Mantashe , Lamola to coordinate SADC response to fuel , fertiliser supply",2026-05-07 17:15:00+00:00,English,IRRELEVANT,,South Africa,South African Cabinet coordinates SADC response to fuel and fertiliser supply issues.,0,Normal,[],D6_교란행위,MEDIUM,SADC fuel fertiliser,319546ac78624daec6c0301163fde975
Trump shelved  Project Freedom  after Saudis refused use of bases and airspace | Saudi Arabia,2026-05-07 17:15:00+00:00,English,THREAT,SOURCE,Saudi Arabia,Trump administration shelved Project Freedom after Saudi Arabia refused to allow use of its military bases and airspace.,3,Normal,"[""BP_SaudiEastWest"", ""KC_LotteConst""]",D6_교란행위,MEDIUM,Saudi Arabia Hormuz,4da743cfa9f0b046d31f1c6125b57d72
"DOJ probing $2 . 6 billion in oil trades related to Iran war , sources say",2026-05-07 15:00:00+00:00,English,THREAT,SOURCE,Iran,US Department of Justice probing $2.6 billion in oil trades related to Iran war,6,Warning,"[""EVT_Ukraine2022"", ""CF_CrudeOil""]",D6_교란행위,MEDIUM,Iran oil trades,10b5d91eeac1849245e74d37ef9772ce
EU : Airlines Should Pay Passengers for Cancelations due to Fuel Price Surge,2026-05-07 15:00:00+00:00,English,IRRELEVANT,,EU,EU regulatory body recommends airlines compensate passengers for flight cancellations caused by fuel price increases.,0,Normal,[],D6_교란행위,MEDIUM,Fuel price surge,c4a37c4525fd850511a57b6befdd98ab
"Govt bars private OMCs from diesel imports , gives PSO sole authority",2026-05-07 13:45:00+00:00,English,DISRUPTION,SOURCE,India,Indian government restricts private oil marketing companies from diesel imports and grants monopoly authority to PSO (state-owned entity),3,Normal,[],D6_교란행위,MEDIUM,India diesel import restriction,2fa8f0220ec814a531caffdd5f34cbbd
What included in talks to end the Iran war and reopen Hormuz ? ,2026-05-07 13:30:00+00:00,English,THREAT,ROUTE,Iran,"Headline discusses potential negotiations to end Iran war and reopen the Hormuz Strait, indicating current or threatened closure.",8,Crisis,"[""CP_Hormuz"", ""EVT_Ukraine2022"", ""KC_LotteConst""]",D6_교란행위,MEDIUM,Iran-US Hormuz talks,a47a2820f0cd9832f4c135c50993f5bf
"Godongwana , Mantashe to help co - ordinate Sadc fuel , fertiliser supply mission",2026-05-07 12:45:00+00:00,English,IRRELEVANT,,,South African officials coordinate SADC region fuel and fertilizer supply mission,0,Normal,[],D6_교란행위,MEDIUM,SADC fuel fertiliser,23bbf5bcc4cac8f8806fd85537792d96
Dubai - based cargo operator  DP World  launches cargo war risk insurance for West Asia trade routes,2026-05-07 12:45:00+00:00,English,THREAT,ROUTE,West Asia,"DP World launches cargo war risk insurance product for West Asia trade routes, indicating elevated maritime security concerns in the region.",6,Warning,"[""EVT_Ukraine2022""]",D6_교란행위,MEDIUM,War risk insurance,e3989371607250d86059a6745ef93864
Iran to confront any fresh attack with a strategy  beyond enemy calculation : IRGC official,2026-05-07 12:15:00+00:00,English,THREAT,ROUTE,Iran,Iranian IRGC official warns of confronting any fresh attack with a strategy beyond enemy calculation,6,Warning,[],D6_교란행위,MEDIUM,Iran military posture,e153000b8dc39574f373dfef633c7e38
"Iran ready for diplomacy to end war , but will uphold national rights , Pezeshkian tells Macron",2026-05-07 12:15:00+00:00,English,THREAT,SOURCE,Iran,"Iran signals willingness to pursue diplomatic resolution to end war while asserting commitment to national rights, as stated by President Pezeshkian to French President Macron.",3,Normal,"[""EVT_Ukraine2022""]",D6_교란행위,MEDIUM,Iran diplomacy Hormuz,ef84e42fcdd9e495f583703fdfa53833
Trump Vows to Halt Operation Epic Fury – But Only If Iran Bows to US Demands,2026-05-07 12:15:00+00:00,English,THREAT,ROUTE,Iran,"Trump threatens to halt Operation Epic Fury unless Iran complies with US demands, signaling potential military confrontation.",7,Warning,[],D6_교란행위,MEDIUM,Trump Iran Hormuz,604c682adafd976d8e03dee73028d56a
Iran war : What a deal could look like and why Trump blinked first,2026-05-07 12:00:00+00:00,English,THREAT,ROUTE,Iran,"Reports on potential Iran military conflict and negotiations over a possible diplomatic deal, with US policy shifts.",6,Warning,"[""EVT_Ukraine2022"", ""KC_LotteConst""]",D6_교란행위,MEDIUM,Iran-US Hormuz deal,c25c7a7b329dffb26d250b769def425d
Middle East conflict disrupts business costs and operations across ANZ,2026-05-07 12:00:00+00:00,English,THREAT,LOGISTICS,Middle East,Middle East conflict is disrupting business costs and operations across Australia and New Zealand.,5,Caution,"[""KC_LotteConst""]",D6_교란행위,MEDIUM,Middle East conflict costs,baf994e91e271e6054051d43d89ad273
Iran accuses US of  stabbing from behind  in Macron talks as Hormuz tensions deepen,2026-05-07 11:45:00+00:00,English,THREAT,ROUTE,"Iran, US",Iran accuses US of diplomatic betrayal in Macron talks as tensions escalate in the Hormuz region,7,Warning,"[""CP_Hormuz""]",D6_교란행위,MEDIUM,Iran-US Hormuz tensions,847c81849f13090d4528fac853cea176
Qatari PM says high chance of US - Iran conflict solution,2026-05-07 11:30:00+00:00,English,THREAT,ROUTE,"US, Iran",Qatari PM reports high chance of resolution in potential US-Iran conflict.,3,Normal,"[""KC_LGES""]",D6_교란행위,MEDIUM,US-Iran diplomacy,0986270aedb2778d1a396657464456c1
Southeast Asia ought to bail out private budget airlines as fuel costs surge here why,2026-05-07 10:00:00+00:00,English,IRRELEVANT,,Southeast Asia,Opinion piece discussing potential government bailout for Southeast Asian private budget airlines facing higher fuel costs.,0,Normal,[],D6_교란행위,MEDIUM,Fuel cost surge airlines,2db13e3be22505217b99d5a866b807fa
Shell hits $ 6 . 92bn profit milestone as Iran conflict pushes oil prices higher,2026-05-07 10:00:00+00:00,English,THREAT,SOURCE,Iran,Shell reports $6.92bn profit as Iran conflict escalates and pushes oil prices higher,7,Warning,"[""CF_CrudeOil""]",D6_교란행위,MEDIUM,Oil price surge Iran,48b1fbc435abeccb9279014449bdc096
Australia Orders LNG Exporters to Reserve 20 % of Gas for Domestic Market,2026-05-07 09:15:00+00:00,English,DISRUPTION,SOURCE,Australia,Australia orders LNG exporters to reserve 20% of gas production for domestic market,7,Warning,"[""POL_GrainReserve"", ""POL_LNGDiversify"", ""KC_SKGas""]",D6_교란행위,MEDIUM,LNG supply policy,df64bb30135eb2ab00697004c21344d1
From Kabul to Tehran : How US diplomacy turned transactional,2026-05-07 09:15:00+00:00,English,IRRELEVANT,,,"Article discusses US diplomatic engagement between Afghanistan and Iran, focusing on transactional aspects of diplomatic relations.",0,Normal,[],D6_교란행위,MEDIUM,US-Iran relations,80f5be954a3996ef18ce14f8da9a8b1d
"Airlines cut 13 , 000 flights and two million seats in May due to jet fuel crisis",2026-05-07 08:45:00+00:00,English,DISRUPTION,LOGISTICS,,"Airlines cut 13,000 flights and two million seats in May due to jet fuel crisis",3,Normal,"[""KC_LotteConst""]",D6_교란행위,MEDIUM,Jet fuel crisis,70e66707dbaa7bc1a1d264f575237465
"Mideast Crisis Buoys China Energy Majors , But Not For Long",2026-05-07 08:45:00+00:00,English,THREAT,SOURCE,Middle East,Middle East crisis provides short-term energy benefits to Chinese energy majors but is not expected to be sustained long-term.,5,Caution,"[""KI_EnergySecurity"", ""KC_ABCD""]",D6_교란행위,MEDIUM,China energy geopolitics,8372b6b2252124072cecefcd42fdfc90
Trump  Project Freedom  in Strait of Hormuz stalled after Saudi Arabia blocked airspace access,2026-05-07 08:30:00+00:00,English,THREAT,ROUTE,Saudi Arabia,Trump Project Freedom military operation in Strait of Hormuz stalled after Saudi Arabia blocked airspace access,7,Warning,"[""CP_Hormuz"", ""BP_SaudiEastWest""]",D6_교란행위,MEDIUM,Hormuz strait operations,e77d4a6682c967f03cadd72e3908fce2
Main developments in Middle East as of Thursday morning,2026-05-07 08:30:00+00:00,English,IRRELEVANT,,Middle East,Generic headline announcing Middle East developments as of Thursday morning without specific supply chain content.,0,Normal,[],D6_교란행위,MEDIUM,Middle East developments,e56db932f4e7063ac93280309d9a388f
Retailers in Australia demand relief amid Middle East supply shock,2026-05-07 08:15:00+00:00,English,THREAT,ROUTE,Middle East,Australian retailers report demand for relief due to supply shock originating from Middle East region,5,Caution,[],D6_교란행위,MEDIUM,Middle East supply shock,206d343b0d01ae2ddb922b0182dd179f
The Strait of Hormuz candle : Why Sensex surged nearly 500 pts in 12 minutes today,2026-05-07 08:00:00+00:00,English,IRRELEVANT,,,Indian stock market (Sensex) surged nearly 500 points in 12 minutes; headline references Strait of Hormuz as metaphorical context but reports no actual supply chain disruption or maritime event.,0,Normal,[],D6_교란행위,MEDIUM,Hormuz tensions market,71d376dc5f155af9026439400719a4e0
"Iran , the US could agree deal to end war today",2026-05-07 07:45:00+00:00,English,THREAT,ROUTE,"Iran, US",Iran and the US could reach an agreement to end war today.,6,Warning,"[""EVT_Ukraine2022""]",D6_교란행위,MEDIUM,Iran-US conflict resolution,6dd3702405e950ad363328bddab32385
Australia to force gas giants to reserve fuel for domestic use,2026-05-07 05:00:00+00:00,English,DISRUPTION,SOURCE,Australia,"Australia announces mandatory domestic fuel reservation requirement for gas producers, restricting export availability.",7,Warning,"[""POL_GrainReserve"", ""KC_SKGas""]",D6_교란행위,MEDIUM,Australia LNG reserve,aad7561a1ffb82a4c763db5ea90ed1ba
Middle East upheaval heralds sea change in global oil sourcing,2026-05-07 04:45:00+00:00,English,THREAT,SOURCE,Middle East,Middle East geopolitical upheaval is causing a shift in global crude oil sourcing patterns.,7,Warning,"[""CF_CrudeOil""]",D6_교란행위,MEDIUM,Oil sourcing shift,41befd1629d0266cd30f85d3d3a4be1c
"Maersk profit beats forecasts , Iran war clouds outlook",2026-05-07 10:00:00+00:00,English,THREAT,SOURCE,Iran,Maersk reports profit beat but warns of geopolitical uncertainty from Iran tensions affecting future outlook,5,Caution,"[""EVT_Ukraine2022""]",D7_행위자,HIGH,Maersk Hormuz uncertainty,fcb6a9c20c447dbd6f6b035fbd701772
Maersk maintains year forecast despite Hormuz uncertainty,2026-05-07 10:00:00+00:00,English,THREAT,ROUTE,Hormuz,Maersk maintains its year forecast despite uncertainty in the Hormuz region.,6,Warning,"[""CP_Hormuz""]",D7_행위자,HIGH,Maersk Hormuz outlook,c06df7613150b0ae82c08f21cb677c34
Dax investors hit the brakes following Iran euphoria,2026-05-07 12:00:00+00:00,English,IRRELEVANT,,,DAX investors reduce positions following earlier Iran-related market optimism,0,Normal,[],D7_행위자,MEDIUM,Iran geopolitics,563f4bebd241e890627ac1c4cac86581
"Hormuz transits halted since May 5 as US , Iran clash",2026-05-08 16:00:00+00:00,English,DISRUPTION,ROUTE,"Iran, US",Hormuz transits have been halted since May 5 due to US-Iran clash,9,Crisis,"[""CP_Hormuz""]",D1_초크포인트,HIGH,Hormuz transit halt,fa79db01eaa03946e99661af732d1881
Iran seizes tanker that appears to be carrying its own oil,2026-05-08 18:30:00+00:00,English,THREAT,SOURCE,Iran,"Iran seized a tanker reportedly carrying Iranian oil, creating uncertainty in crude oil supply and potential escalation of maritime tensions.",6,Warning,"[""VT_ChemTanker"", ""CF_CrudeOil""]",D2_품목,HIGH,Tanker seizure Hormuz,6cecc21d94d9a4900110fc1f53d4d0e3
Iran Detains  Ocean Koi  Tanker Apparently Hauling Iranian Oil,2026-05-08 16:00:00+00:00,English,DISRUPTION,LOGISTICS,Iran,Iran detains the Ocean Koi tanker reportedly carrying Iranian oil.,6,Warning,"[""VT_ChemTanker"", ""CF_CrudeOil""]",D2_품목,HIGH,Hormuz tanker seizure,c64f2f3a26825b1208f8f5f74359b917
U . S . says it intercepted Iranian attacks on 3 Navy ships,2026-05-08 15:45:00+00:00,English,THREAT,ROUTE,Iran,U.S. reports interception of Iranian attacks on 3 Navy ships,6,Warning,[],D2_품목,HIGH,Iran-US naval conflict,a4ef516b2ed8109efde317b66e8f8da4
First Oil Tanker Reaches South Korea Through Hormuz Since War Began,2026-05-08 14:15:00+00:00,English,DISRUPTION,ROUTE,South Korea,"First oil tanker successfully transits to South Korea through Hormuz Strait since the start of war, indicating resumption of crude oil supply route.",6,Warning,"[""VT_ChemTanker"", ""KC_KAI"", ""EVT_Ukraine2022"", ""CF_CrudeOil""]",D2_품목,HIGH,Hormuz tanker passage,fb5d33d7664c84cbdc9858f30db6eec4
Global oil markets rally as U . S .- Iran peace talks signal potential reopening of Strait of Hormuz – NaturalNews . com,2026-05-08 13:15:00+00:00,English,THREAT,ROUTE,"US, Iran","U.S.-Iran peace talks signal potential reopening of Strait of Hormuz, causing global oil markets to rally",7,Warning,"[""CF_CrudeOil""]",D2_품목,HIGH,Hormuz reopening signal,96806ff6aab80dbb81da7f3baf39d309
Oil prices surge as US - Iran conflict threatens ceasefire,2026-05-08 11:15:00+00:00,English,THREAT,SOURCE,"US, Iran","Oil prices surge due to US-Iran conflict threatening ceasefire, creating geopolitical tension in crude oil markets.",7,Warning,"[""CF_CrudeOil""]",D2_품목,HIGH,Hormuz disruption,d34fad96087790cd3335846aa9bc6847
Oil prices gain on renewed US - Iran hostilities,2026-05-08 10:45:00+00:00,English,THREAT,SOURCE,US - Iran,Oil prices rise due to renewed hostilities between the US and Iran,7,Warning,"[""CF_CrudeOil""]",D2_품목,HIGH,Oil price surge Iran,9af0247e248bddd891f5ce303f58172f
Oil prices rise on renewed US - Iran fighting - Pakistan Today,2026-05-08 10:30:00+00:00,English,THREAT,SOURCE,US-Iran,Oil prices rise due to renewed fighting between US and Iran,7,Warning,"[""CF_CrudeOil""]",D2_품목,HIGH,Oil price Iran conflict,1c794a048eb39735c90ee0561b9d07f5
"Oil prices rise as US , Iran test truce with strikes",2026-05-08 10:30:00+00:00,English,THREAT,SOURCE,"US, Iran",Oil prices rise as US and Iran engage in military strikes and test truce negotiations,7,Warning,"[""CF_CrudeOil""]",D2_품목,HIGH,Oil price US-Iran,9049f1d917d48d580a3edc87e91e7840
Oil tanker arrives in South Korea after passing through Strait of Hormuz,2026-05-08 10:30:00+00:00,English,DOMESTIC_IMPACT,,South Korea,Oil tanker successfully arrives in South Korea after transiting through Strait of Hormuz,0,Normal,"[""VT_ChemTanker"", ""KC_KAI"", ""CF_CrudeOil""]",D2_품목,HIGH,Hormuz tanker arrival,9d616808c1ad08b8ea49d1c46930a632
Mitsui O . S . K . Says its Vessels Did Not Pay Fees Transiting Hormuz,2026-05-08 09:15:00+00:00,English,THREAT,ROUTE,Hormuz,Mitsui O.S.K. Lines reports its vessels did not pay transit fees through Hormuz Strait,6,Warning,"[""CP_Hormuz""]",D2_품목,HIGH,Hormuz transit,9dc10de7bd0c7578c46b249c7d87b7dc
South Korea begins probe into ship fire in Strait of Hormuz amid Iran dispute,2026-05-08 09:15:00+00:00,English,THREAT,ROUTE,Strait of Hormuz,South Korea initiates investigation into a ship fire occurring in the Strait of Hormuz amid tensions with Iran.,7,Warning,"[""CP_Hormuz"", ""KC_KAI""]",D2_품목,HIGH,Korea ship Hormuz,9132e7093fed249b1a5549c3eafbc4da
Qatar warns of global impact of Strait of Hormuz closure at UN briefing,2026-05-08 08:00:00+00:00,English,THREAT,ROUTE,Qatar,Qatar warns at UN briefing of potential global supply chain impact from Strait of Hormuz closure,9,Crisis,"[""CP_Hormuz""]",D2_품목,HIGH,Hormuz closure risk,c29056aa04de783d07e26416da9d23b9
Oil tanker arrives in South Korea after passing through the Strait of Hormuz in mid - April,2026-05-08 07:15:00+00:00,English,DOMESTIC_IMPACT,,South Korea,Oil tanker successfully arrived in South Korea after transit through the Strait of Hormuz in mid-April.,0,Normal,"[""VT_ChemTanker"", ""KC_KAI"", ""CF_CrudeOil""]",D2_품목,HIGH,Hormuz tanker passage,d987bdf40df56e1ab78c57adaa03c767
Oil prices jump on renewed US - Iran hostilities,2026-05-08 07:00:00+00:00,English,THREAT,SOURCE,"US, Iran",Oil prices surge due to escalated US-Iran tensions,7,Warning,"[""CF_CrudeOil""]",D2_품목,HIGH,Oil price surge Iran,ed3efaca82b4b22f8947210ffd052906
These numbers show the global impact of Iran grip on the Strait of Hormuz,2026-05-08 06:30:00+00:00,English,THREAT,ROUTE,Iran,Headline reports on Iran's control of the Strait of Hormuz and its global supply chain impact.,8,Crisis,"[""CP_Hormuz""]",D2_품목,HIGH,Hormuz strait control,a56e1d661a3225289eb8e45979ab4573
Oil tanker arrives in South Korea after passing through the Strait of Hormuz in mid - April – Winnipeg Free Press,2026-05-08 05:45:00+00:00,English,DISRUPTION,ROUTE,South Korea,"Oil tanker successfully arrives in South Korea after transiting the Strait of Hormuz in mid-April, confirming passage through critical chokepoint.",2,Normal,"[""VT_ChemTanker"", ""KC_KAI"", ""CF_CrudeOil""]",D2_품목,HIGH,Hormuz tanker arrival,ce742faf7473fcbb47444e356e11da1e
EMEA Morning Briefing : U . S . and Iran Exchange Fire in Persian Gulf,2026-05-08 04:45:00+00:00,English,THREAT,ROUTE,Persian Gulf,"U.S. and Iran exchange fire in Persian Gulf, escalating military tensions in the region.",7,Warning,"[""KC_LotteConst""]",D2_품목,HIGH,Persian Gulf conflict,bf63f292b79145d2a67f6c522eb61b24
"Oil prices jump as US , Iran trade fire in Strait of Hormuz",2026-05-08 04:15:00+00:00,English,THREAT,ROUTE,"US, Iran, Strait of Hormuz",Oil prices rise amid US-Iran military tensions in the Strait of Hormuz,8,Crisis,"[""CP_Hormuz"", ""CF_CrudeOil""]",D2_품목,HIGH,Hormuz conflict,9607af2b72199f1d444e0b8fc5869973
US military says it intercepted Iranian attacks on 3 Navy ships in Strait of Hormuz,2026-05-08 04:00:00+00:00,English,THREAT,ROUTE,Strait of Hormuz,US military intercepted Iranian attacks on 3 Navy ships in the Strait of Hormuz,8,Crisis,"[""CP_Hormuz""]",D2_품목,HIGH,Hormuz strait attack,a2499953cbea10c778341a18b034dd71
"US military strikes Iran Qesham Port , Bandar Abbas : Report",2026-05-08 04:00:00+00:00,English,THREAT,ROUTE,Iran,US military strikes Iranian ports at Qeshm and Bandar Abbas,7,Warning,[],D2_품목,HIGH,Iran port strike,d2c451de6c31c23b69e6962350c0af89
  Pay or risk attack : Inside Iran strict new  pay - to - pas Hormuz shipping protocol,2026-05-08 03:45:00+00:00,English,THREAT,ROUTE,Iran,"Iran implements a new mandatory payment protocol for ships transiting the Strait of Hormuz, with threat of attack for non-compliance.",8,Crisis,"[""CP_Hormuz"", ""POL_ShippingReroute""]",D2_품목,HIGH,Hormuz shipping toll,36b82d1b8983b7d04d4aabfc91c0bcd6
Iran tightens control over Strait of Hormuz amid rising US tensions,2026-05-08 03:45:00+00:00,English,THREAT,ROUTE,Iran,Iran tightens control over Strait of Hormuz amid rising US tensions,9,Crisis,"[""CP_Hormuz""]",D2_품목,HIGH,Hormuz control tightening,35b375d6f653419a0431155d46f2f688
Iran Creates New Agency to Control Shipping in Strait of Hormuz While Reviewing Peace Deal With US,2026-05-08 00:30:00+00:00,English,THREAT,ROUTE,Iran,Iran establishes new agency to control shipping in Strait of Hormuz while reviewing peace negotiations with the US,8,Crisis,"[""POL_ShippingReroute""]",D2_품목,HIGH,Hormuz control agency,51a7f17cad2b85fb6db1dcad3088cb11
"US military intercepts Iranian attacks in Strait of Hormuz , raising doubts on peace efforts",2026-05-08 00:00:00+00:00,English,THREAT,ROUTE,Strait of Hormuz,"US military intercepts Iranian attacks in Strait of Hormuz, raising doubts on peace efforts",8,Crisis,"[""CP_Hormuz""]",D2_품목,HIGH,Hormuz military action,e06899f108eb921ea96ae861bf330cd1
US says Iran should give answer on Friday as clashes raise tensions,2026-05-08 19:30:00+00:00,English,THREAT,ROUTE,Iran,US calls for Iranian response by Friday as military clashes escalate regional tensions,6,Warning,[],D2_품목,MEDIUM,US-Iran tensions,29d501531d4f58c56376c71406043d54
The Price of War Is Now Showing Up Across Energy Markets,2026-05-08 18:15:00+00:00,English,THREAT,SOURCE,,"Energy market prices are rising as a consequence of the Ukraine war, indicating broader economic impacts on energy supply and costs.",7,Warning,"[""KI_EnergySecurity"", ""EVT_Ukraine2022""]",D2_품목,MEDIUM,Energy market impact,095d3291a60270d6657996d1cb42b8e7
US adds 1 . 5 lakh jobs despite Iran war oil shock but here is why the Fed wont cut rates yet,2026-05-08 17:30:00+00:00,English,IRRELEVANT,,,US job creation and Federal Reserve monetary policy decision amid oil price concerns,0,Normal,"[""EVT_Ukraine2022"", ""CF_CrudeOil""]",D2_품목,MEDIUM,Oil price impact,9a4ef793b66108cd8f4d102a48587e7e
Fertilizer Firms See Profit Windfall as War Upends Supplies,2026-05-08 17:00:00+00:00,English,DISRUPTION,SOURCE,Ukraine,Fertilizer firms report profit gains as war disrupts global fertilizer supplies,7,Warning,"[""EVT_Ukraine2022""]",D2_품목,MEDIUM,Fertilizer supply disruption,e4d87f532b07346fa7cb0be25ef5eedd
"Shell profit beats expectations at $6 . 9 billion , raises dividend by 5 % ",2026-05-08 16:45:00+00:00,English,IRRELEVANT,,,Shell reports Q3 profit of $6.9 billion exceeding expectations and announces 5% dividend increase.,0,Normal,[],D2_품목,MEDIUM,Oil company profits,0e1f2ca6f2a790cf63fe83b32159afef
Pakistan Shuns Spot LNG | Rigzone,2026-05-08 16:30:00+00:00,English,DISRUPTION,SOURCE,Pakistan,"Pakistan reduces or stops purchasing spot LNG, affecting global LNG market dynamics.",6,Warning,"[""POL_LNGDiversify""]",D2_품목,MEDIUM,LNG procurement,96a413c4c3563b7b744bfcc41c3725c2
US Gives Iran Deadline on Peace Proposal,2026-05-08 16:30:00+00:00,English,THREAT,SOURCE,"Iran, US","US issues deadline to Iran regarding a peace proposal, signaling potential diplomatic escalation.",4,Caution,[],D2_품목,MEDIUM,US-Iran diplomacy,f116bc78f496a07de579fce6fc603f05
"US employers defy economic shock from Iran war and add a surprisingly strong 115 , 000 jobs in April - Las Vegas Sun News",2026-05-08 16:00:00+00:00,English,IRRELEVANT,,,"US employers added 115,000 jobs in April, defying economic shock from Iran war.",0,Normal,"[""EVT_Ukraine2022"", ""KC_LotteConst""]",D2_품목,MEDIUM,Iran war economic shock,634bfa72e2227bf4b94d256bc8e4e8af
Iran accuses US of  reckless military adventure  ,2026-05-08 15:45:00+00:00,English,THREAT,ROUTE,Iran,"Iran accuses US of reckless military adventure, escalating geopolitical tensions.",6,Warning,[],D2_품목,MEDIUM,Iran-US tension,c8b7edbc07699551e50072be5c94d8a0
"Middle East conflict burns Indian oil firms : Rs 30 , 000 crore monthly hit to keep fuel prices stable",2026-05-08 15:45:00+00:00,English,THREAT,SOURCE,Middle East,"Middle East conflict impacting Indian oil firms with Rs 30,000 crore monthly losses as they maintain fuel price stability",6,Warning,"[""CF_CrudeOil""]",D2_품목,MEDIUM,Middle East oil impact,0a80ff537687e3773b7a2ec1b99b9292
Azerbaijan State Oil Company redirects supplies of jet fuel from STAR refinery to Turkish domestic market,2026-05-08 15:45:00+00:00,English,DISRUPTION,SOURCE,Azerbaijan,Azerbaijan State Oil Company redirects jet fuel supplies from STAR refinery away from export markets to Turkish domestic market,3,Normal,"[""CF_CrudeOil""]",D2_품목,MEDIUM,Jet fuel redirect,d40018a6edd6fc3e733e3537975dd967
Trump insists truce still holds after US - Iran flare - up,2026-05-08 15:15:00+00:00,English,THREAT,ROUTE,US - Iran,Trump administration insists diplomatic truce with Iran remains intact following a recent US-Iran military flare-up.,4,Caution,[],D2_품목,MEDIUM,US-Iran tensions,be934338d041af9375ca51bf64d99416
Oil markets face prolonged strain even if Gulf conflict ends,2026-05-08 15:00:00+00:00,English,THREAT,SOURCE,Gulf,"Oil markets face prolonged strain even if Gulf conflict ends, indicating sustained supply pressure from geopolitical tensions.",7,Warning,"[""CF_CrudeOil""]",D2_품목,MEDIUM,Oil market strain,552347f3880f62cf00157456d81fcb73
"OMCs take a hit of ₹30 , 000 cr worth losses every month : How long will the govt push fuel price hike ? ",2026-05-08 14:30:00+00:00,English,IRRELEVANT,,,"Indian Oil Marketing Companies report monthly losses of ₹30,000 crore due to government fuel price controls.",0,Normal,[],D2_품목,MEDIUM,India fuel subsidy,b114ae18b4d15ed4544290cde7defa9e
Pakistan rejects LNG spot bids for May amid Qatar supply hopes,2026-05-08 14:30:00+00:00,English,THREAT,SOURCE,Pakistan,"Pakistan rejects LNG spot bids for May while awaiting Qatar supply, signaling potential LNG procurement uncertainty.",5,Caution,"[""POL_LNGDiversify""]",D2_품목,MEDIUM,LNG procurement,5ef099bc004e153de070ec4fca43078d
"Switzerland informs of natural gas , electricity shortages next winter due to Iran conflict",2026-05-08 13:30:00+00:00,English,THREAT,SOURCE,Switzerland,Switzerland warns of potential natural gas and electricity shortages next winter due to Iran conflict escalation.,3,Normal,"[""KC_SKGas""]",D2_품목,MEDIUM,Energy shortage,3a5d595fc43a33f12132213a465b4ac6
"OMCs face Rs 30 , 000 crore monthly under - recovery as govt shields consumers from fuel price hike : Govt",2026-05-08 13:30:00+00:00,English,IRRELEVANT,,India,Indian oil marketing companies face monthly financial under-recovery as government shields consumers from fuel price increases,0,Normal,[],D2_품목,MEDIUM,India fuel subsidy,57e597de9cfe9e1b54736fe35e8b52b8
How Strait of Hormuz crisis is reshaping the global economy,2026-05-08 13:30:00+00:00,English,THREAT,ROUTE,Strait of Hormuz,Headline reports on how the Strait of Hormuz crisis is reshaping the global economy,8,Crisis,"[""CP_Hormuz""]",D2_품목,MEDIUM,Hormuz economic impact,9c403efea46ed08fdf0e775b5d65a14f
Trump says ceasefire still holds after renewed attacks,2026-05-08 13:15:00+00:00,English,THREAT,ROUTE,,Trump reports ceasefire continues to hold despite renewed military attacks.,2,Normal,[],D2_품목,MEDIUM,Ceasefire status,ce3fdcc7795646d58e3c5646e3045c61
"Pakistan again turns to spot LNG market , seeks bids for 2 cargoes | Hellenic Shipping News Worldwide",2026-05-08 13:15:00+00:00,English,DISRUPTION,SOURCE,Pakistan,"Pakistan seeks spot market bids for 2 LNG cargoes, indicating energy supply diversification amid domestic LNG sourcing challenges.",4,Caution,"[""POL_ShippingReroute"", ""POL_LNGDiversify""]",D2_품목,MEDIUM,LNG spot market,cc71134b75c8c26c47fc3abb96e728ca
The war against Iran reinforces US hegemony in oil and gas,2026-05-08 13:00:00+00:00,English,THREAT,SOURCE,Iran,Headline reports that war against Iran reinforces US hegemony in oil and gas markets.,7,Warning,"[""EVT_Ukraine2022"", ""CF_CrudeOil"", ""KC_LotteConst"", ""KC_SKGas""]",D2_품목,MEDIUM,Iran conflict,989a6fcbae4d1dc291eb5408d755cf5c
"Stock Market Today : Benchmark indices end lower ; Sensex drops 516 pts to 77 , 328 , Nifty closes at 24 , 176 amid West Asia tensions",2026-05-08 12:30:00+00:00,English,IRRELEVANT,,,"Indian stock market indices decline amid West Asia tensions; Sensex drops 516 points to 77,328 and Nifty closes at 24,176.",0,Normal,[],D2_품목,MEDIUM,Market reaction,f4b942cf70f734f8a5e376227a8204c8
Fuel shortages may linger months after Middle East ceasefire,2026-05-08 12:15:00+00:00,English,THREAT,SOURCE,Middle East,Fuel shortages may persist for months following a Middle East ceasefire.,6,Warning,[],D2_품목,MEDIUM,Fuel shortage risk,59c086fe422d5b8013aa24b06966f814
"Asia LNG slips on US - Iran deal hopes , weak northeast Asia demand",2026-05-08 11:15:00+00:00,English,THREAT,SOURCE,"US, Iran, Northeast Asia",LNG prices decline due to hopes of US-Iran deal and weak demand in northeast Asia,4,Caution,"[""POL_LNGDiversify""]",D2_품목,MEDIUM,LNG price weakness,4740c112149cd60aa887fbab8b4ae635
Iran war ceasefire is challenged with new attacks,2026-05-08 09:45:00+00:00,English,THREAT,ROUTE,Iran,"Iran ceasefire agreement is being challenged by renewed attacks, escalating military tensions.",6,Warning,"[""EVT_Ukraine2022""]",D2_품목,MEDIUM,Iran conflict escalation,6de3d3602dbf283f4a68e82df7121fad
CIBC Raises CF Industries ( CF ) Price Target on Stronger Nitrogen Pricing Outlook,2026-05-08 09:15:00+00:00,English,IRRELEVANT,,,CIBC raises CF Industries price target based on stronger nitrogen pricing outlook,0,Normal,"[""KC_HDHeavy""]",D2_품목,MEDIUM,Nitrogen pricing,1693af170c8a8ceca959f624b1068cfd
Nat - Gas Prices Fall as Smaller US LNG Exports Boost Domestic Supplies,2026-05-08 07:30:00+00:00,English,IRRELEVANT,,United States,US natural gas prices fall due to reduced LNG exports and increased domestic supplies.,0,Normal,"[""POL_LNGDiversify"", ""KC_SKGas""]",D2_품목,MEDIUM,LNG supply dynamics,558f747153f50d25bf38b77612f84884
Trump says ceasefire holding after fighting between the US and Iran flares ; UAE comes under attack,2026-05-08 07:30:00+00:00,English,THREAT,ROUTE,"Iran, UAE",Trump reports ceasefire holding after US-Iran military flares; UAE comes under attack,6,Warning,"[""KC_LotteConst""]",D2_품목,MEDIUM,US-Iran ceasefire,438ead46a4a3dc049b95a92146a5a3f5
Trump says ceasefire still holds after fighting between the US and Iran flares,2026-05-08 07:15:00+00:00,English,THREAT,ROUTE,"US, Iran",Trump reports ceasefire between US and Iran holds despite recent military flare-up.,5,Caution,"[""KC_LotteConst""]",D2_품목,MEDIUM,Iran-US ceasefire,093ef2ae4bb799ee1a399c4b64807e83
Asia heatwaves spell double trouble for economies hit by oil,2026-05-08 06:45:00+00:00,English,THREAT,SOURCE,Asia,Asian heatwaves are creating dual economic pressures on oil-dependent economies through heat-related production constraints and demand impacts.,6,Warning,"[""CF_CrudeOil""]",D2_품목,MEDIUM,Heatwave oil impact,078ff0b9d8cff12d1abd54e9b3af2724
Iran hits UAE with drones and missiles in a test of shaky truce deal with US,2026-05-08 06:00:00+00:00,English,THREAT,ROUTE,UAE,Iran conducts drone and missile attack on UAE as a test of truce agreement with US,6,Warning,"[""KC_LotteConst""]",D2_품목,MEDIUM,Iran-UAE conflict,1b3e641291dd1af0cc2a95a1f5971442
UAE countering Iranian air attack after Trump says ceasefire still in effect,2026-05-08 05:30:00+00:00,English,THREAT,ROUTE,UAE,"UAE counters Iranian air attack amid ceasefire claims by Trump, escalating military tension in the Middle East.",6,Warning,"[""KC_KoreanAir""]",D2_품목,MEDIUM,Iran-UAE tensions,253c393834e37b4c24f21267f1ca8c98
"UAE reports drone , missile attack as Iran war ceasefire is challenged",2026-05-08 05:15:00+00:00,English,THREAT,ROUTE,UAE,UAE reports drone and missile attack as Iran war ceasefire is challenged,7,Warning,"[""EVT_Ukraine2022""]",D2_품목,MEDIUM,Iran-UAE attack,fb794091b1f9f16550e473fd3cdddf6d
Iran cuts oil output as storage nears capacity,2026-05-08 01:30:00+00:00,English,IRRELEVANT,,Iran,Iran reduces crude oil output as storage capacity approaches full,0,Normal,"[""CF_CrudeOil""]",D3_인프라,HIGH,Iran oil output,28c1497c6637feb360232d29cf63c175
Iran imposes new rules for Strait of Hormuz in bid to secure wartime gains,2026-05-08 12:15:00+00:00,English,THREAT,ROUTE,Iran,Iran imposes new rules for Strait of Hormuz to secure wartime gains,8,Crisis,"[""CP_Hormuz""]",D4_운송,HIGH,Hormuz Strait Rules,f137809f583a51647b16c134a8d73c3e
"Iran war disrupts datacenter construction supply chains , raises material costs",2026-05-08 18:15:00+00:00,English,THREAT,SOURCE,Iran,Iran war disrupts datacenter construction supply chains and raises material costs,4,Caution,"[""KC_LotteConst"", ""KS_Material"", ""EVT_Ukraine2022""]",D4_운송,MEDIUM,Iran supply disruption,323b6dbc656ce561ebf79059561bb43b
The snack barometer : Iran conflict tests consumer resilience,2026-05-08 12:45:00+00:00,English,IRRELEVANT,,,Article discusses consumer resilience in response to Iran conflict using snack consumption as a barometer.,0,Normal,"[""KI_Consumer""]",D4_운송,MEDIUM,Iran conflict impact,c1e56a8249e6f565bf5c5ff7beefc033
Cape Route Cuts SA PVoC Compliance Window to 14 Weeks for China Importers – IT Business Net,2026-05-08 11:30:00+00:00,English,IRRELEVANT,,South Africa,"Cape Route shipping causes compressed PVoC compliance window to 14 weeks for Chinese importers, creating administrative/logistics pressure.",0,Normal,"[""BP_CapeRoute"", ""BP_MagellanRoute""]",D4_운송,MEDIUM,Cape Route compliance,ff992fee56b3c54f7c340200ef013ac2
Middle East conflict piles pressure on Australian and NZ businesses,2026-05-08 10:00:00+00:00,English,THREAT,ROUTE,Middle East,"Middle East conflict creates pressure on Australian and New Zealand businesses, implying potential supply chain risks for these regions.",4,Caution,"[""KC_LotteConst""]",D4_운송,MEDIUM,Middle East conflict,cb7993e23b1783c27d9b20b7d188dce5
Maersk CEO sees passing higher oil shock costs to customers,2026-05-08 06:00:00+00:00,English,IRRELEVANT,,,Maersk CEO states intention to pass higher oil shock costs to customers,0,Normal,"[""CF_CrudeOil""]",D4_운송,MEDIUM,Oil cost pass-through,adf1b8ada0441e69df2d3f9c87b47ea4
Malaysia manufacturers see worsening conditions amid Middle East crisis,2026-05-08 05:45:00+00:00,English,THREAT,SOURCE,Malaysia,Malaysian manufacturers report worsening business conditions amid Middle East crisis,4,Caution,[],D4_운송,MEDIUM,Middle East crisis,a455c6bf56c1f7c8ed60d2bbe6ef67a5
Malaysia manufacturers see worsening conditions amid Middle East crisis - Xinhua,2026-05-08 04:15:00+00:00,English,THREAT,SOURCE,Malaysia,Malaysia manufacturers report worsening business conditions amid Middle East crisis.,4,Caution,[],D4_운송,MEDIUM,Middle East crisis,b280887a76fdfb1870b08270dad3432c
Ceasefire Day 31 : Pentagon : U . S . Targeted Oil Tankers at Iranian Port,2026-05-08 19:15:00+00:00,English,THREAT,SOURCE,Iran,U.S. military targeted oil tankers at an Iranian port on day 31 of ceasefire,7,Warning,"[""CF_CrudeOil""]",D5_시장지표,HIGH,US targets Iranian tankers,f435e6336c34871740c8514fcf75a86f
US disables two Iranian oil tankers trying to break Hormuz blockade,2026-05-08 19:15:00+00:00,English,THREAT,ROUTE,Iran / Hormuz Strait,US military disabled two Iranian oil tankers attempting to circumvent a blockade at the Hormuz Strait,8,Crisis,"[""CF_CrudeOil""]",D5_시장지표,HIGH,Hormuz blockade,cbc0895404c47c4c2422ab2f07036c36
"Hopes for reopening the Strait of Hormuz push Asian shares higher , as oil prices hold above $100",2026-05-08 18:00:00+00:00,English,THREAT,ROUTE,Strait of Hormuz,Market optimism over potential reopening of Strait of Hormuz supports Asian share gains while crude oil prices remain above $100/barrel,7,Warning,"[""CP_Hormuz"", ""CF_CrudeOil""]",D5_시장지표,HIGH,Hormuz reopening,2af10971a0a069bc94ba2e4c7c621c76
Brent tops $100 on renewed Gulf clashes as AI drives Asia stocks to weekly rise,2026-05-08 14:45:00+00:00,English,THREAT,ROUTE,Gulf,Brent crude rises above $100 per barrel amid renewed military clashes in the Gulf region,6,Warning,"[""CF_Coal""]",D5_시장지표,HIGH,Brent crude Hormuz tensions,f45c585c2d673732c34a0d2e5cce98d3
Iran Seizes Sanctioned Oil Tanker in Gulf of Oman,2026-05-08 14:15:00+00:00,English,THREAT,SOURCE,Gulf of Oman,Iran seized a sanctioned oil tanker in the Gulf of Oman.,7,Warning,"[""VT_ChemTanker"", ""BP_OmanLand"", ""CF_CrudeOil""]",D5_시장지표,HIGH,Iran seizes oil tanker,fcdc2401ddeaa9235d3b20d2cf581cbe
The Week in Oil : U . S .- Iran Negotiations in Focus as Renewed Fighting Pushes Crude Higher,2026-05-08 13:45:00+00:00,English,THREAT,SOURCE,"US, Iran",U.S.-Iran negotiations are in focus as renewed fighting pushes crude oil prices higher,6,Warning,"[""CF_Coal"", ""CF_CrudeOil""]",D5_시장지표,HIGH,Iran negotiations Hormuz,63819d5264fd4971af19479407db060b
Oil prices rebound as US - Iran clashes reignite Hormuz tensions,2026-05-08 12:45:00+00:00,English,THREAT,ROUTE,"US, Iran",Oil prices rebound as US-Iran clashes reignite tensions in the Hormuz region,8,Crisis,"[""CF_CrudeOil""]",D5_시장지표,HIGH,Hormuz tensions oil rebound,a9b61b91573a2fe135f586f45622c9bb
State Street CEO warns of global fertilizer crisis due to the Iran war,2026-05-08 10:00:00+00:00,English,THREAT,SOURCE,Iran,State Street CEO warns of global fertilizer crisis resulting from the Iran war,7,Warning,"[""EVT_Ukraine2022""]",D5_시장지표,HIGH,Fertilizer crisis,36e092967cfbbdd37dc0ec944d77ede9
US - Iran clashes push oil prices sharply higher,2026-05-08 06:30:00+00:00,English,THREAT,SOURCE,US-Iran,US-Iran military clashes are causing crude oil prices to rise sharply.,7,Warning,"[""CF_CrudeOil""]",D5_시장지표,HIGH,US-Iran clashes oil prices,a0f6eb73b0db4d11c029d0de29c18987
"Oil and gold surge after US strikes on Iran , brent above $100",2026-05-08 06:30:00+00:00,English,THREAT,SOURCE,Iran,"US strikes on Iran trigger oil and gold price surge, with Brent crude rising above $100 per barrel.",7,Warning,"[""CF_Coal"", ""CF_CrudeOil"", ""KC_LotteConst""]",D5_시장지표,HIGH,Hormuz tensions oil surge,58fa6a08e75e1b61112b8c7be7842e97
Understandings  reached  to ease naval blockade,2026-05-08 05:00:00+00:00,English,THREAT,ROUTE,,Naval blockade easing through diplomatic understandings reached,3,Normal,[],D5_시장지표,HIGH,Naval blockade easing,10d3fe9d9f5fb8d008aa8c81130a9a4a
Oil Prices Jump After U . S . and Iran Exchange Fire in Strait of Hormuz,2026-05-08 04:30:00+00:00,English,THREAT,ROUTE,Strait of Hormuz,"U.S. and Iran exchange fire in Strait of Hormuz, causing crude oil prices to rise.",8,Crisis,"[""CP_Hormuz"", ""CF_CrudeOil"", ""KC_LotteConst""]",D5_시장지표,HIGH,Hormuz Strait oil prices,4d6c5b69c2149273a0e8ff684400f65b
From stalemate to strikes : A dizzying week of US - Iran negotiations over the strait of Hormuz,2026-05-08 04:15:00+00:00,English,THREAT,ROUTE,"US-Iran, Strait of Hormuz","US-Iran negotiations over the Strait of Hormuz shift from diplomatic stalemate to strikes, escalating geopolitical tension.",8,Crisis,"[""CP_Hormuz""]",D5_시장지표,HIGH,Hormuz negotiations,ee1a98385cc241e0c21eb4a944476443
CNBC Daily Open : Who shot first ? Hormuz heats again as ceasefire and oil markets in peril,2026-05-08 03:45:00+00:00,English,THREAT,ROUTE,Hormuz,Escalating geopolitical tension in the Strait of Hormuz threatens oil markets and ceasefire stability.,8,Crisis,"[""CP_Hormuz"", ""CF_CrudeOil"", ""KC_LotteConst""]",D5_시장지표,HIGH,Hormuz tensions oil markets,3592e44eaec847bec5a8091f64d3f7e1
"Strait of Hormuz shipping concerns : Oil prices today : Why are U . S . Crude , West Texas Intermediate witnessing record jump ? ",2026-05-08 01:45:00+00:00,English,THREAT,ROUTE,Strait of Hormuz,Headline reports shipping concerns at Strait of Hormuz and crude oil price volatility linked to these concerns.,8,Crisis,"[""CP_Hormuz"", ""POL_ShippingReroute"", ""CF_Coal"", ""CF_CrudeOil""]",D5_시장지표,HIGH,Hormuz shipping oil prices,f2ea05552e332164e6e4c6c6a416ebf3
Diamondback bets on wider WTI - Brent gap amid US export ban concerns,2026-05-08 19:30:00+00:00,English,THREAT,SOURCE,United States,Diamondback Energy bets on widening WTI-Brent crude oil price gap amid concerns about potential US crude oil export ban.,4,Caution,"[""CF_Coal""]",D5_시장지표,MEDIUM,WTI Brent spread,7021c24103191092a1b3401eb271d755
"Risk of $5 Gas  Can No Longer Be Dismissed , JPMorgan Says",2026-05-08 19:15:00+00:00,English,THREAT,SOURCE,,JPMorgan warns that risk of $5 per gallon gas prices can no longer be dismissed,7,Warning,"[""KC_SKGas""]",D5_시장지표,MEDIUM,Oil price risk,5fc0ceb156f061a41a4fbd50a7639bed
"US expects Iranian response to peace proposal on Friday , fighting flares in Gulf",2026-05-08 18:30:00+00:00,English,THREAT,ROUTE,Gulf,US expects Iranian response to peace proposal on Friday with fighting escalating in the Gulf region,7,Warning,[],D5_시장지표,MEDIUM,Iran US tensions Gulf,7d0ab5afa6bcfdb9daef93cdceb0b3ff
"Crude Price Spike After West Asia Crisis : India Oil Firms Lose Rs 700 – 1 , 000 Crore Daily",2026-05-08 18:15:00+00:00,English,THREAT,SOURCE,West Asia,"Crude oil prices spike following West Asia crisis, causing Indian oil firms to lose Rs 700-1,000 crore daily",7,Warning,"[""CF_Coal"", ""CF_CrudeOil""]",D5_시장지표,MEDIUM,Crude price spike,40e9149b9a915426a6236b1a6340edf2
Pakistan Helps Avert Global Meltdown in Hormuz Crisis - Pakistan Today,2026-05-08 18:15:00+00:00,English,THREAT,ROUTE,Pakistan,"Pakistan helps avert a global crisis related to the Hormuz Strait, implying de-escalation of tensions in the region.",6,Warning,[],D5_시장지표,MEDIUM,Hormuz crisis,ffc711381b39cc6c8cdcfc6591dfb2a1
US stocks rise toward records as solid data on the job market overshadows higher oil prices,2026-05-08 17:45:00+00:00,English,IRRELEVANT,,,US stock market rises toward records as solid job market data outweighs higher oil prices,0,Normal,"[""CF_CrudeOil""]",D5_시장지표,MEDIUM,Oil prices job market,011986b9d476d5079c7ede5ec41285ed
US waits on Iran peace deal response as Israel strikes Lebanon | News,2026-05-08 17:30:00+00:00,English,THREAT,ROUTE,"Iran, Israel, Lebanon","US awaits Iranian response to peace deal proposal while Israel conducts military strikes against Lebanon, escalating Middle East tensions.",6,Warning,[],D5_시장지표,MEDIUM,Iran-Israel tensions,8d8f896ac11b49ae623352b2d422c6d6
US Expects Iranian Response to Peace Proposal on Friday as Fighting Flares Up in Gulf,2026-05-08 17:00:00+00:00,English,THREAT,ROUTE,Gulf,US expects Iranian response to peace proposal on Friday amid escalating fighting in the Gulf region,7,Warning,[],D5_시장지표,MEDIUM,Iran US tensions Gulf,dabd96aab5def853342d7a3b8fb2bcea
London stocks drift lower as Middle East tension simmers,2026-05-08 17:00:00+00:00,English,THREAT,ROUTE,Middle East,"Middle East geopolitical tension is rising, affecting global financial markets including London stocks.",5,Caution,[],D5_시장지표,MEDIUM,Mideast tension stocks,020e2aa253ef5c719a847f55e20ecb3e
U . S . stocks rise as the job market holds up better than expected despite the Iran war,2026-05-08 17:00:00+00:00,English,IRRELEVANT,,,U.S. stock market rises as job market performs better than expected despite Iran war tensions,0,Normal,"[""EVT_Ukraine2022""]",D5_시장지표,MEDIUM,Market reaction,14b8303e04e55000a419d54ffa15681e
Stocks drift lower as Middle East tension simmers,2026-05-08 16:30:00+00:00,English,THREAT,ROUTE,Middle East,Stock market decline reported amid escalating Middle East tensions.,5,Caution,[],D5_시장지표,MEDIUM,Mideast tension stocks,98dcd1a30b925faa6090f8d0aad64119
Dow Jones Top Energy Headlines at 11 AM ET : Trump Gives Markets Hope on Iran After Flare - Up . Oil Prices Rise . | Venezuela ... ,2026-05-08 16:00:00+00:00,English,THREAT,SOURCE,"Iran, Venezuela",Trump administration signals optimism on Iran negotiations following recent tensions; oil prices rise amid geopolitical uncertainty over Iran and Venezuela.,6,Warning,"[""KI_EnergySecurity"", ""BP_CapeRoute"", ""CF_CrudeOil""]",D5_시장지표,MEDIUM,Iran tensions oil,72412b0cc6799b3b27013f6c2bf49249
US expects Iranian response to peace proposal soon as fighting flares,2026-05-08 16:00:00+00:00,English,THREAT,ROUTE,Iran,"US expects Iranian response to peace proposal as fighting escalates, creating potential for regional military conflict.",6,Warning,[],D5_시장지표,MEDIUM,Iran US tensions,148cb395364c19d8d60210c4c9d66fd4
FTSE slides as Middle East tensions and Labour turmoil rattle markets - London Business News,2026-05-08 16:00:00+00:00,English,IRRELEVANT,,,FTSE stock index declines amid Middle East tensions and UK Labour party political turmoil.,0,Normal,"[""KC_LotteConst""]",D5_시장지표,MEDIUM,Market reaction,fc16e10f33d17476f77d5ea1f9175c9e
Oil prices rise as U . S . and Iran test truce with military strikes,2026-05-08 15:30:00+00:00,English,THREAT,SOURCE,"US, Iran","Oil prices rise as U.S. and Iran engage in military strikes, testing a potential truce",7,Warning,"[""CF_CrudeOil"", ""KC_LotteConst""]",D5_시장지표,MEDIUM,Oil prices Iran US,f4889c9c571540707336c9ef5ecab649
US stocks rise toward records as the job market holds up better than expected despite the Iran war,2026-05-08 15:00:00+00:00,English,IRRELEVANT,,,US stock market rises as job market performs better than expected despite Iran war tensions.,0,Normal,"[""EVT_Ukraine2022""]",D5_시장지표,MEDIUM,Oil prices geopolitics,6985adad10d9106e916affcb11c6f07c
Mideast Stocks : UAE equities ease on renewed Gulf tensions,2026-05-08 14:45:00+00:00,English,THREAT,ROUTE,UAE / Gulf region,UAE equities decline due to renewed tensions in the Gulf region,4,Caution,[],D5_시장지표,MEDIUM,Gulf tensions,06c1ee61970d51937800f6f14ed7bd80
Oil climbs on Gulf clashes as AI drives stocks to weekly rise,2026-05-08 14:45:00+00:00,English,THREAT,ROUTE,Gulf,Oil prices rise amid military clashes in the Gulf region; stock markets show weekly gains driven by AI sector performance.,7,Warning,"[""CF_CrudeOil""]",D5_시장지표,MEDIUM,Gulf clashes oil climb,860476b4dc82f656f67a5194e7bd6357
US stocks rise as the job market holds up better than expected despite the Iran war,2026-05-08 14:30:00+00:00,English,IRRELEVANT,,,US stock market rises as job market shows resilience despite Iran war tensions.,0,Normal,"[""EVT_Ukraine2022""]",D5_시장지표,MEDIUM,Market reaction,2434ca4471f6151151253285d99f5beb
"Wall Street ticks up , oil prices steady after attacks imperil ceasefire",2026-05-08 13:45:00+00:00,English,THREAT,SOURCE,,Wall Street rises and oil prices remain steady despite attacks that threaten a ceasefire agreement.,5,Caution,"[""CF_CrudeOil""]",D5_시장지표,MEDIUM,Iran attacks ceasefire,9677605c0d21e8760a2694ac240520ee
Oil Prices Fluctuate Amid Renewed US - Iran Tensions,2026-05-08 13:15:00+00:00,English,THREAT,SOURCE,"US, Iran",Oil prices fluctuate due to renewed tensions between the US and Iran,7,Warning,"[""CF_CrudeOil""]",D5_시장지표,MEDIUM,US-Iran tensions oil,58f6177156a8768f91308f806c41eee5
"Wall Street ticks up , oil prices steady even after attacks imperil the US ceasefire with Iran",2026-05-08 13:15:00+00:00,English,THREAT,SOURCE,Iran,US-Iran tensions escalate with attacks threatening ceasefire; oil markets remain stable despite geopolitical risk.,6,Warning,"[""CF_CrudeOil""]",D5_시장지표,MEDIUM,Iran attacks ceasefire risk,a905c6daffebd4b61871fe7e39eadc4f
"Trump Says  Too Soon  for Iran Peace Deal Signing , Enrichment Dispute Continues – NaturalNews . com",2026-05-08 13:15:00+00:00,English,THREAT,SOURCE,Iran,Trump states it is too soon to sign Iran peace deal; nuclear enrichment dispute remains unresolved,4,Caution,[],D5_시장지표,MEDIUM,Iran peace deal,d16a3ab1e30c01541894bb2680d363c3
"Wall Street Might Open Moderately Up , Despite Renewed Tensions In Middle East",2026-05-08 13:15:00+00:00,English,THREAT,ROUTE,Middle East,Wall Street market sentiment shows moderate positive opening despite renewed geopolitical tensions in the Middle East.,3,Normal,[],D5_시장지표,MEDIUM,Market sentiment,cebf566e371c2e404d5a5414d7344fba
"Western Markets Wrap : NASDAQ , DOW , S & P end marginally lower . Brent Crude retreats to $100 mark",2026-05-08 12:30:00+00:00,English,IRRELEVANT,,,"Western stock markets (NASDAQ, DOW, S&P) closed marginally lower; Brent Crude retreated to $100/barrel",0,Normal,"[""CF_Coal""]",D5_시장지표,MEDIUM,Oil price movement,4988e09a217769c933ea2181c86926e5
Baystreet . ca - Renewed Mideast Clashes Keep Investors on Edge,2026-05-08 12:15:00+00:00,English,THREAT,ROUTE,Middle East,Renewed military clashes in the Middle East create investor uncertainty regarding regional stability.,6,Warning,[],D5_시장지표,MEDIUM,Mideast tensions,b34cb94f9d1777cc43b8e5bec5817b32
"Stock Market Today : S & P 500 , Dow Jones Futures Rise Amid Trump  Love Tap  To Iran Near Hormuz Strait Cl",2026-05-08 11:30:00+00:00,English,THREAT,ROUTE,Iran / Hormuz Strait,Geopolitical tension between US and Iran near Hormuz Strait amid stock market reactions to Trump administration policy.,7,Warning,"[""CP_Hormuz""]",D5_시장지표,MEDIUM,Iran-US tensions,e9e16070a9f33895e0f378130667f572
"Sensex closed 516 points down , Nifty slips 150 amid fresh military tensions near Hormuz",2026-05-08 11:15:00+00:00,English,THREAT,ROUTE,Hormuz,Financial markets decline amid fresh military tensions near the Strait of Hormuz,8,Crisis,"[""CP_Hormuz""]",D5_시장지표,MEDIUM,Hormuz tensions stock markets,bc62960d6d46cef00b6fc428cf2bfe19
أسعار النفط تقفز مع تجدد التصعيد بين أميركا وإيران,2026-05-08 11:00:00+00:00,English,THREAT,SOURCE,"USA, Iran",Oil prices surge amid renewed escalation between the United States and Iran,7,Warning,[],D5_시장지표,MEDIUM,Iran tensions oil,b68398894e1a13c3425dcbc79a524450
"Sensex , Nifty end lower as US - Iran tensions weigh on market sentiment",2026-05-08 11:00:00+00:00,English,THREAT,ROUTE,"US, Iran","US-Iran tensions weigh on market sentiment, causing stock indices Sensex and Nifty to end lower",4,Caution,[],D5_시장지표,MEDIUM,US-Iran tensions markets,ba3c099372084eb7cb83c4d5bd80e907
"Crude above USD 100 , global tensions drag Sensex and Nifty lower",2026-05-08 09:30:00+00:00,English,THREAT,SOURCE,Global,"Crude oil prices exceed USD 100 per barrel amid global geopolitical tensions, causing equity market declines in India.",6,Warning,"[""CF_Coal"", ""KC_LotteConst""]",D5_시장지표,MEDIUM,Oil price surge,ffeac4ac2afdf90fb78436c8c5680957
Iran reviews US deal proposal  - News Today | First with the news,2026-05-08 09:30:00+00:00,English,THREAT,SOURCE,Iran,Iran reviews US deal proposal in diplomatic negotiations.,3,Normal,[],D5_시장지표,MEDIUM,Iran negotiations,8f3ea0b46b01abf5e9d780e0f522154c
Brent Crude oil price exceeds $101 on global markets,2026-05-08 09:15:00+00:00,English,IRRELEVANT,,,Brent Crude oil price exceeds $101 on global markets,0,Normal,"[""CF_Coal"", ""CF_CrudeOil""]",D5_시장지표,MEDIUM,Brent crude price surge,5b742b7ff633a552b2eb8e787a0581f5
Pakistan says it expects a deal soon,2026-05-08 09:15:00+00:00,English,IRRELEVANT,,Pakistan,Pakistan announces expectation of reaching a deal soon.,0,Normal,[],D5_시장지표,MEDIUM,Hormuz negotiations,6ed181feb19063505afe8c4b84bdac71
"Oil Back Above $100 , U . S . Futures Up as U . S .- Iran Tensions Escalate",2026-05-08 08:45:00+00:00,English,THREAT,SOURCE,US-Iran,Oil prices rise above $100/barrel and US futures gain amid escalating US-Iran tensions,7,Warning,"[""CF_CrudeOil""]",D5_시장지표,MEDIUM,Iran tensions oil,24b7af85369a3c78125e7b60dcf61907
Baystreet . ca - Futures Gather Steam Even as Iran War Continues,2026-05-08 07:15:00+00:00,English,THREAT,SOURCE,Iran,"Futures markets show momentum despite ongoing Iran military conflict, indicating market resilience amid geopolitical tension.",4,Caution,"[""EVT_Ukraine2022""]",D5_시장지표,MEDIUM,Iran conflict impact,3c54e0255973fab977ceafe0fd2a099a
Oil climbs on Gulf clashes as AI drives stocks to weekly rise - Markets,2026-05-08 07:15:00+00:00,English,THREAT,ROUTE,Gulf,Oil prices rise amid military clashes in the Gulf region; stock markets show weekly gains driven by AI sector.,7,Warning,"[""CF_CrudeOil""]",D5_시장지표,MEDIUM,Gulf clashes oil climb,21b5b73769e915b7c1ffb4146d4bc937
Oil back over $100 as US - Iran ceasefire comes under pressure ; united kingdom house prices drop – business live,2026-05-08 07:15:00+00:00,English,THREAT,SOURCE,"US, Iran",Oil prices rise above $100 per barrel as US-Iran ceasefire agreement faces increased pressure and risk of breakdown.,7,Warning,"[""CF_CrudeOil""]",D5_시장지표,MEDIUM,Oil price surge,dbace86e5a1082fc21238b4ea0b5be15
Asian stocks fall and oil prices climb after attacks imperil the ceasefire with Iran,2026-05-08 06:45:00+00:00,English,THREAT,SOURCE,Iran,"Attacks imperil Iran ceasefire, causing Asian stocks to fall and oil prices to rise.",7,Warning,"[""CF_CrudeOil"", ""KC_LotteConst""]",D5_시장지표,MEDIUM,Iran tensions oil,da2e6bfcd3490e6a3ea795922a7de502
"Asian Equities Fall , Oil Rises as U . S .- Iran Exchange Fire Update",2026-05-08 06:45:00+00:00,English,THREAT,SOURCE,"US, Iran","US-Iran military exchange escalates, triggering crude oil price increases and Asian equity market decline.",7,Warning,"[""CF_CrudeOil""]",D5_시장지표,MEDIUM,Iran tensions oil,17cd6bb0a1b985fc256b7a7c00614466
European Shares Seen Lower As US - Iran Peace Talks Face Uncertainty,2026-05-08 06:45:00+00:00,English,THREAT,SOURCE,"US, Iran","US-Iran peace talks face uncertainty, creating potential geopolitical instability affecting European and global markets.",3,Normal,"[""CF_EuroContainer""]",D5_시장지표,MEDIUM,US-Iran tensions European stocks,7eae663cec20da948184ba91e7730c15
UAE countering Iranian air attack after Trump says ceasefire still in effect | Ariana News,2026-05-08 06:30:00+00:00,English,THREAT,ROUTE,UAE,UAE is countering an Iranian air attack amid ceasefire discussions led by Trump.,6,Warning,"[""KC_KoreanAir""]",D5_시장지표,MEDIUM,Iran-UAE conflict,0b38d0defc41a3262b05e45ce286a95b
UAE countering Iranian air attack after Trump says ceasefire still in effect,2026-05-08 06:30:00+00:00,English,THREAT,ROUTE,UAE,UAE countering Iranian air attack amid ongoing ceasefire discussions.,6,Warning,"[""KC_KoreanAir""]",D5_시장지표,MEDIUM,Iran-UAE conflict,f52dd8cd0dbb07ee17a9ca530fefdcda
Azeri Light oil price falls below $106 per barrel,2026-05-08 06:15:00+00:00,English,IRRELEVANT,,,Azeri Light crude oil price falls below $106 per barrel,0,Normal,"[""CF_CrudeOil""]",D5_시장지표,MEDIUM,Oil price decline,8f9012671e86f0c49de62b5809130b52
Stock markets slump amid fresh tensions in West Asia,2026-05-08 06:00:00+00:00,English,THREAT,ROUTE,West Asia,Stock markets decline due to escalating geopolitical tensions in West Asia region.,5,Caution,[],D5_시장지표,MEDIUM,West Asia tensions stocks,b0d6aaf7a4507f9b9b3d433f6b9fb5af
Asian stocks fall and oil prices climb after attacks imperil the ceasefire with Iran – Winnipeg Free Press,2026-05-08 05:45:00+00:00,English,THREAT,SOURCE,Iran,"Attacks imperil ceasefire with Iran, causing Asian stocks to fall and oil prices to rise.",7,Warning,"[""CF_CrudeOil"", ""KC_LotteConst""]",D5_시장지표,MEDIUM,Iran tensions oil,9b518a71ad5a7500592200cd4d1e6f3c
Seoul shares down late Friday morning on profit taking amid resurfaced Mideast tensions,2026-05-08 05:45:00+00:00,English,DOMESTIC_IMPACT,,South Korea,Seoul stock market shares declined on profit taking amid resurfaced Middle East tensions,2,Normal,[],D5_시장지표,MEDIUM,Mideast tensions impact,71831458d341e751eb887fad3511c514
"Sensex , Nifty Fall as Crude Surges Past $100 on Global Tensions",2026-05-08 05:15:00+00:00,English,THREAT,SOURCE,Global,"Crude oil prices surge past $100 per barrel due to global tensions, causing stock market decline in India.",6,Warning,"[""CF_Coal""]",D5_시장지표,MEDIUM,Oil price surge,c96a78c5d28253f74bfa5c0622036f0f
Oil Above $100 Amid Iran - U . S . Tensions,2026-05-08 05:15:00+00:00,English,THREAT,SOURCE,"Iran, U.S.",Oil prices rise above $100 per barrel amid escalating Iran-U.S. tensions.,7,Warning,"[""CF_CrudeOil""]",D5_시장지표,MEDIUM,Oil price Iran tensions,a2e88680619e2f2fdb92388d53052374
"Asian Markets Slide As US - Iran Tensions Flare , Oil Surges Past $101",2026-05-08 04:45:00+00:00,English,THREAT,SOURCE,"US, Iran","US-Iran tensions escalate, causing crude oil prices to surge past $101 per barrel and Asian markets to decline.",7,Warning,"[""CF_CrudeOil""]",D5_시장지표,MEDIUM,Iran tensions oil,5fc8ab73e16f046bffa38e4ddb9857ea
"Sensex Drops 500 Points , Nifty Falls 0 . 69 % As Oil Hits $102 . 89 On US - Iran Tensions",2026-05-08 04:45:00+00:00,English,THREAT,SOURCE,"US, Iran","Oil prices rise to $102.89 amid US-Iran tensions, causing stock market decline in India",7,Warning,"[""CF_CrudeOil""]",D5_시장지표,MEDIUM,Oil tensions stock decline,d692a429fee34127a7e7dbc49b7c0a9e
US stocks fall from their records as oil prices yo - yo,2026-05-08 04:45:00+00:00,English,IRRELEVANT,,,US stock market declines from record highs amid volatile oil price movements.,0,Normal,"[""CF_CrudeOil""]",D5_시장지표,MEDIUM,Oil prices stocks,423d412ab4a06b8c5e8c2d30da3b876a
Seoul Stocks Open Lower Amid Iran - US Tensions,2026-05-08 04:15:00+00:00,English,THREAT,ROUTE,"Iran, US",Seoul stock market opens lower due to escalating Iran-US tensions,5,Caution,[],D5_시장지표,MEDIUM,Iran-US tensions,d301be85fe490c673ee6eea7cd080308
"GIFT Nifty falls over 100 pts , signals weak start for Sensex , Nifty as renewed US - Iran clash lift crude prices",2026-05-08 03:45:00+00:00,English,THREAT,SOURCE,"US, Iran","Renewed US-Iran tensions elevate crude oil prices, causing weakness in Indian stock market indices (GIFT Nifty, Sensex, Nifty).",6,Warning,"[""CF_Coal""]",D5_시장지표,MEDIUM,Iran tensions crude rise,4ad840e721492288a8a186953bd04805
"Stock Market Today Live : Sensex , Nifty may open lower as US - Iran tensions weigh on sentiment",2026-05-08 03:45:00+00:00,English,THREAT,SOURCE,"US, Iran",US-Iran tensions reported to weigh on stock market sentiment with potential for lower market opening.,3,Normal,[],D5_시장지표,MEDIUM,Market sentiment,49a19dc5d8f2086e29b523879d6a0b70
IRGC Seizes Ocean Koi in Gulf of Oman Operation,2026-05-08 16:00:00+00:00,English,THREAT,ROUTE,Gulf of Oman,IRGC seizes the vessel Ocean Koi in Gulf of Oman operation,7,Warning,"[""BP_OmanLand""]",D6_교란행위,HIGH,Gulf Tanker Seizure,a6217c9e20ea75eccb8ae5484530359a
"US military carried out more airstrikes today , explosion heard near Hormuz - reports",2026-05-08 15:30:00+00:00,English,THREAT,ROUTE,Hormuz,US military conducted airstrikes with explosions reported near the Strait of Hormuz,8,Crisis,"[""CP_Hormuz""]",D6_교란행위,HIGH,Hormuz airstrikes,16d935c9daa6489130a33b964f7ec237
Iran says navy seized tanker accused of  disrupting oil exports  ,2026-05-08 14:15:00+00:00,English,THREAT,SOURCE,Iran,Iran's navy seized a tanker accused of disrupting oil exports.,7,Warning,"[""VT_ChemTanker"", ""CF_CrudeOil""]",D6_교란행위,HIGH,Iran Tanker Seizure,5b78636f53d709e43a3292cf4b543680
"Iran Seizes Tanker , Prepares Hormuz Strait Tolls",2026-05-08 14:15:00+00:00,English,THREAT,ROUTE,Iran,Iran seizes a tanker and prepares to impose tolls on shipping through the Hormuz Strait,8,Crisis,"[""VT_ChemTanker""]",D6_교란행위,HIGH,Hormuz Toll Threat,949f5e7502be81281953aa17fe0d26c8
Germany Requests Israeli Jet Fuel as Hormuz Disruptions Affect European Aviation – NaturalNews . com,2026-05-08 13:15:00+00:00,English,THREAT,ROUTE,"Germany, Israel, Hormuz",Germany requests Israeli jet fuel as disruptions at Hormuz affect European aviation supply.,6,Warning,"[""CP_Hormuz"", ""CF_EuroContainer""]",D6_교란행위,HIGH,Hormuz disruption,660bd5281b284c1dac1c5c127f9ad4bf
Ships in Strait of Hormuz remain stranded amid hopes of US - Iran deal,2026-05-08 12:45:00+00:00,English,THREAT,ROUTE,Strait of Hormuz,Ships remain stranded in Strait of Hormuz amid diplomatic negotiations between US and Iran for a potential deal.,8,Crisis,"[""CP_Hormuz""]",D6_교란행위,HIGH,Hormuz Strait Disruption,7dc6e8d9b1340d1f6ff229ca02d3463d
Iran seizes US - sanctioned tanker carrying Islamic regime oil in Gulf of Oman,2026-05-08 12:45:00+00:00,English,THREAT,SOURCE,Gulf of Oman,Iran seizes a US-sanctioned tanker carrying Iranian oil in the Gulf of Oman.,6,Warning,"[""VT_ChemTanker"", ""BP_OmanLand"", ""CF_CrudeOil""]",D6_교란행위,HIGH,Tanker seizure,510adf9afcde86dfe52e1877ff5b0401
Iran seizes oil tanker Ocean Koi,2026-05-08 12:30:00+00:00,English,DISRUPTION,LOGISTICS,Iran,"Iran seizes oil tanker Ocean Koi, removing a chemical/crude oil carrier from active service.",7,Warning,"[""VT_ChemTanker"", ""CF_CrudeOil""]",D6_교란행위,HIGH,Tanker seizure,c165698389b96744eaf101a6a94a31d4
Address urea supply concerns urgently,2026-05-08 12:15:00+00:00,English,THREAT,SOURCE,,Headline calls for urgent action to address urea supply concerns.,7,Warning,"[""POL_UreaStockpile""]",D6_교란행위,HIGH,Urea supply crisis,30a1c9389a0a29676fed7a08375d6453
"U . S . Forces Intercept Iranian Strike in the Strait of Hormuz , Trump Says Ceasefire Stands",2026-05-08 11:15:00+00:00,English,THREAT,ROUTE,Strait of Hormuz,U.S. Forces intercept Iranian strike in the Strait of Hormuz; Trump states ceasefire remains in effect.,8,Crisis,"[""CP_Hormuz""]",D6_교란행위,HIGH,Hormuz Strike Interception,50d564ce6b3a386754768b0a21fe7f55
"20 , 000 Sailors On 1 , 500 Ships Trapped At Sea As Hormuz Stays Deadlocked",2026-05-08 06:30:00+00:00,English,DISRUPTION,ROUTE,Hormuz,"20,000 sailors on 1,500 ships are trapped at sea due to deadlock at the Strait of Hormuz, indicating a maritime route blockage or severe restriction.",9,Crisis,"[""CP_Hormuz""]",D6_교란행위,HIGH,Hormuz deadlock sailors,ed56fb846d0301d8c1eb8ab38ced5d7c
What included in talks to end the Iran war and reopen Hormuz ? ,2026-05-08 05:45:00+00:00,English,THREAT,ROUTE,Iran,"Headline discusses potential negotiations to end Iran war and reopen the Hormuz Strait, indicating current or threatened closure.",8,Crisis,"[""CP_Hormuz"", ""EVT_Ukraine2022"", ""KC_LotteConst""]",D6_교란행위,HIGH,Hormuz reopening,77dfdf4406f5e73e6bd488dbcc6e2841
"Bahrain News : 1 , 600 vessels from 87 countries  are stranded in the Arabian Gulf  ",2026-05-08 04:45:00+00:00,English,DISRUPTION,LOGISTICS,Arabian Gulf,"1,600 vessels from 87 countries are stranded in the Arabian Gulf",8,Crisis,[],D6_교란행위,HIGH,Hormuz vessel stranding,dafade3dcfe293182fb50c2d109e4588
Seafarers trapped in limbo as US and Iran clash in Strait of Hormuz,2026-05-08 04:15:00+00:00,English,THREAT,ROUTE,Strait of Hormuz,"US-Iran tensions in Strait of Hormuz trapping seafarers, creating risk to maritime passage",8,Crisis,"[""CP_Hormuz"", ""KC_LotteConst""]",D6_교란행위,HIGH,Hormuz Strait Crisis,f6d9446f588df0b8f235fb07a138363b
Gold Advances As Iran Continues To Review U . S . Proposal To End Gulf War,2026-05-08 18:15:00+00:00,English,IRRELEVANT,,,Gold price advances as Iran reviews U.S. proposal to end Gulf War,0,Normal,"[""EVT_Ukraine2022""]",D6_교란행위,MEDIUM,Iran-US Negotiations,810561f7991547118d39b17329a4befe
"Iran Launches Missiles , Drones On UAE Amid War With US ; 3 Injured",2026-05-08 18:15:00+00:00,English,THREAT,ROUTE,UAE,"Iran launches missiles and drones on UAE amid conflict with US, resulting in 3 injuries.",6,Warning,"[""EVT_Ukraine2022""]",D6_교란행위,MEDIUM,Iran military action,95c4c0c7cac17e00e17e9c37a97b47ed
"Reuters undercuts the inflated Iran nuclear threat Fox used to justify higher prices , casualties , and escalation",2026-05-08 17:45:00+00:00,English,IRRELEVANT,,,Reuters disputes Fox News characterization of Iran nuclear threat as inflated justification for price increases and military escalation,0,Normal,"[""KC_LotteConst""]",D6_교란행위,MEDIUM,Iran Nuclear Threat,b67070f2fece7a5d42c85311ca90733f
"US Awaiting  Serious Offer  From Iran On Peace Proposal , Says Rubio",2026-05-08 17:00:00+00:00,English,THREAT,SOURCE,Iran,US Secretary of State Rubio states the US is awaiting a serious peace proposal offer from Iran.,3,Normal,[],D6_교란행위,MEDIUM,Iran peace negotiations,760e99c0e3c479f86c2aaeba1c46e6bd
Shipping disruption causes congestion at transhipment hubs,2026-05-08 16:45:00+00:00,English,DISRUPTION,LOGISTICS,,Shipping disruption is causing congestion at transhipment hubs.,6,Warning,"[""EVT_Ukraine2022"", ""POL_ShippingReroute""]",D6_교란행위,MEDIUM,Shipping Disruption,8a34f9c24572a0a8fb3f887d9c5b3d87
The Middle East Hub Stress Test,2026-05-08 16:00:00+00:00,English,THREAT,ROUTE,Middle East,"Headline reports stress testing of Middle East hub, suggesting potential vulnerability or threat assessment of regional maritime infrastructure.",6,Warning,[],D6_교란행위,MEDIUM,Middle East hub stress,9c82faf0abe7f97aee2f3d44ca5b53b6
UAE Gulf Marine Services profit falls 24 % after Gulf war disrupts vessel operations,2026-05-08 15:45:00+00:00,English,DOMESTIC_IMPACT,,UAE,UAE Gulf Marine Services reports 24% profit decline due to Gulf war disrupting vessel operations,6,Warning,"[""VT_Reefer"", ""KC_Changkum"", ""EVT_Ukraine2022""]",D6_교란행위,MEDIUM,Gulf shipping disruption,91b95a3671d5798875def0f4816e16e1
Rubio says expecting Iran response to US proposal on Friday,2026-05-08 15:30:00+00:00,English,THREAT,SOURCE,Iran,"US Secretary Rubio expects Iran to respond to a US proposal on Friday, indicating ongoing diplomatic negotiations.",3,Normal,[],D6_교란행위,MEDIUM,Iran-US tensions,782bef3a4221ad6ef6a3c53756dd588f
Air Astana Group revenue rises despite profit decline amid Gulf conflict disruptions,2026-05-08 15:30:00+00:00,English,DOMESTIC_IMPACT,,Gulf,Air Astana Group reports revenue increase but profit decline attributed to Gulf conflict disruptions; Korean Air context indicates potential impact on Korean aviation/logistics sector,4,Caution,"[""KC_Sajo"", ""KC_KoreanAir""]",D6_교란행위,MEDIUM,Gulf conflict disruption,47d77c7a4bb3d127d6e88bb1ddb3a60b
"China ready to help restart talks , de - escalate Mideast crisis , foreign minister Wang says – phnompenhpost . com",2026-05-08 12:45:00+00:00,English,THREAT,ROUTE,Middle East,China's foreign minister offers to help restart talks and de-escalate the Middle East crisis.,5,Caution,[],D6_교란행위,MEDIUM,China Mideast De-escalation,162116a95d24890afc04f60e8074ec95
British Airways warns of fare hikes after owner £1 . 7billion Iran war fuel bill,2026-05-08 12:45:00+00:00,English,DOMESTIC_IMPACT,,United Kingdom,British Airways warns of fare hikes due to owner's £1.7billion fuel bill related to Iran war,2,Normal,"[""EVT_Ukraine2022""]",D6_교란행위,MEDIUM,Fuel Cost Impact,8e44ca8abaf72c5594e00cc2f70d8103
Strait of Hormuz Impact on Bitumen Markets,2026-05-08 12:30:00+00:00,English,THREAT,ROUTE,Strait of Hormuz,Headline reports impact on bitumen markets linked to Strait of Hormuz geopolitical/supply situation.,7,Warning,"[""CP_Hormuz""]",D6_교란행위,MEDIUM,Hormuz bitumen impact,30f566363805e396bb79020ee753f798
"Ships are paying millions more for fuel at L . A ., Long Beach ports . The costs wont stay there",2026-05-08 11:15:00+00:00,English,IRRELEVANT,,"United States (Los Angeles, Long Beach)","Ship operators are incurring significantly higher fuel costs at LA and Long Beach ports, with price increases expected to spread to other locations.",0,Normal,[],D6_교란행위,MEDIUM,Port fuel costs,3d3d89b5687d7590782ed3e655555668
US energy crash : Fuel inventories run dry ... panic in the White House – Hidden scenarios for Trump impeachment,2026-05-08 10:30:00+00:00,English,IRRELEVANT,,,Headline reports US domestic fuel inventory depletion and political crisis (impeachment scenario); no maritime supply chain disruption reported.,0,Normal,"[""KI_EnergySecurity""]",D6_교란행위,MEDIUM,US fuel inventory,e7040b5d8133056843d210fcc82f1eea
German Industry Slumped in March on Outbreak of Iran War -- 2nd Update,2026-05-08 08:00:00+00:00,English,THREAT,ROUTE,Iran,German industrial output declined in March amid escalating Iran-related military conflict tensions.,6,Warning,"[""KI_Industry"", ""EVT_Ukraine2022""]",D6_교란행위,MEDIUM,Iran war impact,d7b28b2d0341222601c68b0bb7c806b9
German Industry Slumped in March on Outbreak of Iran War -- Update,2026-05-08 07:30:00+00:00,English,THREAT,SOURCE,Iran,"German industrial output declined in March amid outbreak of Iran War, creating supply chain uncertainty.",5,Caution,"[""KI_Industry"", ""EVT_Ukraine2022""]",D6_교란행위,MEDIUM,Iran geopolitical tension,14b3302a8658af8ae992f8a2dba77b6a
"As Summit Gets Underway , ASEAN Calls For Joint Response to Iran War Fallout",2026-05-08 07:00:00+00:00,English,THREAT,ROUTE,Iran,ASEAN calls for joint response to fallout from Iran conflict during summit,6,Warning,"[""EVT_Ukraine2022""]",D6_교란행위,MEDIUM,Iran Geopolitical Response,fe5b370a06bd357fdcc4b90251cd3982
Pakistan Turns Down Attractive LNG Spot Bids Hoping For Cheaper Qatari Imports,2026-05-08 06:30:00+00:00,English,THREAT,SOURCE,Pakistan,Pakistan rejects competitive LNG spot market bids in anticipation of cheaper liquefied natural gas imports from Qatar.,3,Normal,"[""POL_LNGDiversify""]",D6_교란행위,MEDIUM,LNG procurement,3ce9c1929a0b9ab3a86bf97c0b43d53f
"Us Iran War : Is the war over or not ? US - Iran trade fire amid ceasefire , UAE hit again ; where things stand",2026-05-08 06:30:00+00:00,English,THREAT,ROUTE,"US, Iran, UAE",US-Iran military tensions and ceasefire uncertainty with reported UAE strikes amid ongoing trade conflict.,7,Warning,"[""EVT_Ukraine2022""]",D6_교란행위,MEDIUM,Iran-US conflict,78e949acb83834cd2b4516229a6da6e8
"As US and Iran weigh peace deal , stranded seafarers wait in limbo - Grenada Chronicle – Daily Grenada And Caribbean News",2026-05-08 06:00:00+00:00,English,THREAT,ROUTE,Iran,"US-Iran peace negotiations underway while seafarers remain stranded, raising concerns about potential maritime disruptions in the region.",5,Caution,"[""KC_LotteConst""]",D6_교란행위,MEDIUM,US-Iran negotiations,1162cd24ff3634f75df36f8c20abf298
"NOT SO ROSY : CIA Says Iran Can Survive Blockade For Months , Directly Contradicting Trump Claims Of Collapse – The Yeshiva World",2026-05-08 05:45:00+00:00,English,THREAT,SOURCE,Iran,"CIA assessment reports Iran can withstand economic blockade for months, contradicting Trump administration claims of imminent economic collapse.",5,Caution,[],D6_교란행위,MEDIUM,Iran blockade,0f004882a5776ec1f30c72621cfae507
"Gold outlook : Can oil shocks , central bank buying revive bullion prices in May ? ",2026-05-08 05:00:00+00:00,English,IRRELEVANT,,,Article discusses gold price outlook and potential impact from oil shocks and central bank buying activity in May.,0,Normal,"[""CF_CrudeOil""]",D6_교란행위,MEDIUM,Oil Price Outlook,1ef4d6ae497b82c23444f60c8fbe353a
Experts say no clear end in sight for rising fuel prices,2026-05-08 04:15:00+00:00,English,IRRELEVANT,,,Experts report rising fuel prices with no clear end in sight.,0,Normal,[],D6_교란행위,MEDIUM,Fuel price surge,f5daaa90b53c5b4052214e8d1889b19d
"As US and Iran weigh peace deal , stranded seafarers wait in limbo - Dominican Republic Post – Caribbean News , Business , Travel & Culture",2026-05-08 04:15:00+00:00,English,THREAT,ROUTE,"US, Iran","US and Iran are negotiating a peace deal while seafarers remain stranded, raising concerns about maritime route stability in the Persian Gulf region.",6,Warning,"[""KC_LotteConst""]",D6_교란행위,MEDIUM,US-Iran negotiations,b9acd910a927ee462ce1c82143b5e3cc
"Daily Voice : Oil unlikely to revisit $60 - 70 soon , says Lighthouse Canton Pradeep Gupta",2026-05-08 03:45:00+00:00,English,IRRELEVANT,,,Analyst commentary predicting crude oil prices are unlikely to return to $60-70 range soon,0,Normal,"[""CF_CrudeOil""]",D6_교란행위,MEDIUM,Oil Price Outlook,8b340560d4e4dbb74e6dbe957a6d579d
Action on worsening port congestion urged,2026-05-08 03:45:00+00:00,English,DISRUPTION,LOGISTICS,,Port congestion is worsening and action is being urged to address it.,5,Caution,"[""EVT_COVID2020""]",D6_교란행위,MEDIUM,Port congestion,f1c37d3e0f8aca6b9cf3eda95d4a1c35
"Dow Jones Top Markets Headlines at 9 PM ET : Oil futures rise after U . S ., Iran trade fire ; stock futures quiet after court rejects Trump tariffs | Trade ... ",2026-05-08 02:30:00+00:00,English,THREAT,SOURCE,"US, Iran",Oil futures rise following U.S.-Iran trade tensions; stock futures remain muted after court rejects Trump tariffs,6,Warning,"[""CF_CrudeOil""]",D6_교란행위,MEDIUM,Oil price movement,14e668a0fbae89614e62356ff9b2ef96
US intercepts Iranian attacks as Tehran weighs peace proposal,2026-05-08 02:30:00+00:00,English,THREAT,ROUTE,Iran,"US intercepts Iranian attacks while Tehran considers a peace proposal, indicating ongoing military tensions in the region.",5,Caution,[],D6_교란행위,MEDIUM,Iran-US tensions,3efb27fab22e1dfb171097b05596c6cf
The Iran war added $500 million in monthly costs to Maersk and it struggling not to pass it down,2026-05-08 19:30:00+00:00,English,DOMESTIC_IMPACT,,,Maersk reports $500 million in additional monthly costs due to Iran war and struggles to absorb costs without passing them to customers,6,Warning,"[""EVT_Ukraine2022"", ""KC_LotteConst""]",D7_행위자,HIGH,Maersk Iran costs,57dcc472e39606723b83421eea44335f
Iran Detains Tanker Sanctioned by US for Carrying Iranian HSFO,2026-05-08 15:30:00+00:00,English,DISRUPTION,SOURCE,Iran,Iran detains a US-sanctioned tanker carrying Iranian heavy sulfur fuel oil (HSFO).,6,Warning,"[""VT_ChemTanker""]",D7_행위자,HIGH,Tanker detention,ae22c8872c643be412ace70d2aab8213
US Destroyers Withdraw from Strait of Hormuz Amid Intense Iranian Missile and Drone Assault : IRGC Navy Reports,2026-05-08 14:30:00+00:00,English,THREAT,ROUTE,Strait of Hormuz,US destroyers withdraw from Strait of Hormuz following Iranian missile and drone attacks reported by IRGC Navy.,8,Crisis,"[""CP_Hormuz"", ""KC_LotteConst""]",D7_행위자,HIGH,Hormuz military action,5ba0337e80aa28d7fb04580bf12ceed5
Hormuz : New sweeping Iranian strike sets USS Truxtun and USS Mason ablaze – Historic US defeat,2026-05-08 14:15:00+00:00,English,THREAT,ROUTE,Hormuz,"Headline reports Iranian military strike on US naval vessels (USS Truxtun and USS Mason) in Hormuz region, characterizing it as a US defeat.",8,Crisis,"[""CP_Hormuz"", ""KC_LotteConst""]",D7_행위자,HIGH,Hormuz military action,6a9e9ba7de0641911d29613714b0c34c
Iran says it attacked U . S . Navy ships after they targeted Iranian tanker,2026-05-08 07:00:00+00:00,English,THREAT,ROUTE,Iran,Iran reports attacking U.S. Navy ships in response to U.S. targeting of Iranian tanker,7,Warning,"[""VT_ChemTanker""]",D7_행위자,HIGH,Hormuz military action,246ffad5e8997663616d431299f120be
"US strikes Iran Qeshm Port , Bandar Abbas amid tensions",2026-05-08 07:00:00+00:00,English,THREAT,ROUTE,Iran,US strikes Iranian ports at Qeshm and Bandar Abbas amid escalating tensions.,7,Warning,[],D7_행위자,HIGH,Port infrastructure attack,36407a76c460854c7e3205238f71586e
Iran says US Navy hit with missiles after its tanker attacked,2026-05-08 07:00:00+00:00,English,THREAT,ROUTE,Iran,"Iran reports its tanker was attacked and retaliates by striking US Navy with missiles, escalating military tensions in the region.",7,Warning,"[""VT_ChemTanker""]",D7_행위자,HIGH,Tanker attack Hormuz,766e0e89d01e230896a49c21c3bef394
IRGC says US destroyers fled Strait of Hormuz after Iranian barrage,2026-05-08 06:30:00+00:00,English,THREAT,ROUTE,Iran,IRGC claims US destroyers retreated from Strait of Hormuz following Iranian military barrage,8,Crisis,[],D7_행위자,HIGH,Hormuz military action,ab5c7cf66537865bced2b53b8c8fc63a
"Middle East :  Two US military ships crossed Hormuz , avoiding Iranian raids  ",2026-05-08 06:00:00+00:00,English,THREAT,ROUTE,Middle East,Two US military ships crossed the Strait of Hormuz while avoiding Iranian military operations.,7,Warning,"[""CP_Hormuz""]",D7_행위자,HIGH,Hormuz military transit,9a9a48920221cf12ac323b62082dfe44
Explosions reported near Strait of Hormuz as Iran claims  exchange of fire  with hostile forces,2026-05-08 03:45:00+00:00,English,THREAT,ROUTE,Strait of Hormuz,Explosions reported near Strait of Hormuz with Iran claiming exchange of fire with hostile forces,9,Crisis,"[""CP_Hormuz""]",D7_행위자,HIGH,Hormuz military conflict,19d88d9141a8c509cefb28e1b9a11d11
"Trump confirms US , Iran traded fire in Hormuz , says all three American naval vessels",2026-05-08 02:30:00+00:00,English,THREAT,ROUTE,Hormuz,Trump confirms US and Iran exchanged fire in Hormuz with all three American naval vessels involved,8,Crisis,"[""CP_Hormuz""]",D7_행위자,HIGH,Hormuz naval transit,9b96a52ff91164ef8652c405b66a38c6
"Trump confirms US , Iran traded fire in Hormuz , says all three American naval vessels  transited very successfully  ",2026-05-08 02:15:00+00:00,English,THREAT,ROUTE,Hormuz,Trump confirms US and Iranian naval forces exchanged fire in the Hormuz Strait; all three US vessels transited successfully.,7,Warning,"[""CP_Hormuz""]",D7_행위자,HIGH,Hormuz naval transit,290eee038b401624fb0b6218ad57a9f5
BREAKING : US Forces Fire on Hormuz Targets ; Fox :  Not Ceasefire Breach ; UPDATE :  Swarms of Fast Boat ? ,2026-05-08 02:15:00+00:00,English,THREAT,ROUTE,Hormuz,US Forces fire on targets in Hormuz; reports of swarms of fast boats; disputed whether ceasefire breach occurred.,8,Crisis,"[""CP_Hormuz""]",D7_행위자,HIGH,Hormuz military engagement,e513bdda175f53ead48f2ac4bf294b27
Iran  mosquito fleet  means its battered navy still has bite | National & World,2026-05-08 17:15:00+00:00,English,THREAT,ROUTE,Iran,Iran's naval mosquito fleet capabilities suggest its weakened navy retains operational threat potential in regional waters.,6,Warning,[],D7_행위자,MEDIUM,Iran naval capability,1a4f19d03c35cc1559008ffe5ac79b77
stranded seafarers are again left without a safe way out ..... ,2026-05-08 13:30:00+00:00,English,DISRUPTION,LOGISTICS,,"Stranded seafarers lack safe evacuation options, indicating a maritime logistics/human crisis affecting crew welfare and vessel operations.",4,Caution,[],D7_행위자,MEDIUM,Stranded seafarers,9e7d452ae20bc34273833b4a50db4020
Iran  mosquito fleet  means its battered navy still has bite,2026-05-08 10:45:00+00:00,English,THREAT,ROUTE,Iran,Iran's naval mosquito fleet capabilities are assessed as maintaining offensive potential despite the condition of its main navy.,6,Warning,[],D7_행위자,MEDIUM,Iran naval capability,22702b30a82a562f211cdb41778106d8
Baystreet . ca - Asia Slides with Oil Prices Climbing,2026-05-08 07:15:00+00:00,English,IRRELEVANT,,,Asia stock markets decline amid rising oil prices,0,Normal,"[""CF_CrudeOil""]",D7_행위자,MEDIUM,Oil prices Asia,65f7bfd25369cd08bcb0e53d472b56d7
US President Trump calls strikes on Iran a  love tap  – Asia News Network,2026-05-08 06:15:00+00:00,English,THREAT,ROUTE,Iran,"US President Trump characterizes military strikes on Iran as a 'love tap', indicating potential escalation of US-Iran military tensions.",5,Caution,[],D7_행위자,MEDIUM,US Iran strikes,ac36d30b0d77f5ab87db1efb370aba79
Trump promises one big glow in Iran if ceasefire collapses,2026-05-08 03:45:00+00:00,English,THREAT,ROUTE,Iran,Trump threatens military action against Iran if ceasefire agreement collapses,7,Warning,[],D7_행위자,MEDIUM,US Iran tensions,bf2435c40839559af88f1ece328d7efe
Asian Currencies Slip as US Dollar Gains on Rising Iran Tensions and Awaited Jobs Data,2026-05-08 04:15:00+00:00,English,IRRELEVANT,,,Asian currencies depreciate against US dollar amid rising Iran tensions and anticipated US jobs report release.,0,Normal,"[""KC_LotteConst""]",D9_한국,MEDIUM,Iran tensions currency,d58372dbfbee0f1bc17b2f7647efc809
Qatari LNG tanker heads to Strait of Hormuz in first transit since Iran war began,2026-05-09 18:45:00+00:00,English,THREAT,ROUTE,Strait of Hormuz,"A Qatari LNG tanker is transiting through the Strait of Hormuz for the first time since Iran conflict began, signaling resumption of LNG shipping through the chokepoint.",7,Warning,"[""CP_Hormuz"", ""VT_LNG"", ""VT_ChemTanker"", ""EVT_Ukraine2022"", ""POL_LNGDiversify""]",D2_품목,HIGH,Qatari LNG Hormuz transit,06736a5c1ae6a9cc3d5989725c2e5821
Qatar Makes Another Attempt to Send LNG Ship Through Hormuz,2026-05-09 17:30:00+00:00,English,THREAT,ROUTE,Qatar,Qatar attempts to send an LNG ship through the Strait of Hormuz amid regional tensions.,7,Warning,"[""POL_LNGDiversify""]",D2_품목,HIGH,Qatar LNG Hormuz passage,33625fa935b3c91456b9a6e3beb8ff9e
Iran Allows Qatari Ship Full of LNG to Clear Hormuz And Head to Pakistan,2026-05-09 17:30:00+00:00,English,THREAT,ROUTE,"Iran, Hormuz, Pakistan","Iran allows a Qatari LNG ship to transit the Strait of Hormuz and proceed to Pakistan, indicating temporary clearance through the chokepoint.",3,Normal,"[""POL_LNGDiversify"", ""KC_LotteConst""]",D2_품목,HIGH,Qatari LNG Hormuz clearance,e0a180a325621342792efa05982c23d1
"Govt imports 3 cargoes of LNG in May , 8 more underway",2026-05-09 16:30:00+00:00,English,DOMESTIC_IMPACT,,,South Korean government imports 3 LNG cargoes in May with 8 additional cargoes underway,2,Normal,"[""POL_LNGDiversify""]",D2_품목,HIGH,Korea LNG imports,b3748f37f4dbd26b1658a22bfd8e35f6
Hormuz chokehold : Permanent inflationary shock through 2027 as energy crisis and demand destruction stifle global economies,2026-05-09 15:00:00+00:00,English,THREAT,ROUTE,Hormuz,"Headline warns of permanent inflationary shock through 2027 due to energy crisis and demand destruction linked to Hormuz chokepoint tension, threatening global economies.",8,Crisis,"[""CP_Hormuz"", ""KI_EnergySecurity"", ""KC_LotteConst""]",D2_품목,HIGH,Hormuz energy crisis,ec4d51d9b981b08fc01c73f3faa92803
HMS Dragon deployed to Middle East ahead of potential mission to safeguard shipping in the Strait of Hormuz,2026-05-09 14:00:00+00:00,English,THREAT,ROUTE,Middle East,HMS Dragon deployed to Middle East with potential mission to safeguard shipping in the Strait of Hormuz,7,Warning,"[""POL_ShippingReroute""]",D2_품목,HIGH,Hormuz strait security,d974c1fde327b7531a72914a86e7a904
Pakistan seeks two spot LNG cargoes as Iran war keeps Qatari supplies uncertain,2026-05-09 13:45:00+00:00,English,THREAT,SOURCE,"Pakistan, Iran, Qatar",Pakistan seeks spot LNG cargoes as Iranian war threatens Qatari LNG supply stability,7,Warning,"[""EVT_Ukraine2022"", ""POL_LNGDiversify""]",D2_품목,HIGH,Pakistan LNG procurement,cf3b6f477818445ceb820f89390ce8b1
Inside the Hormuz chokehold : a Greek shipowner struggle to pay Iran in yuan and the global pivot to gold,2026-05-09 13:45:00+00:00,English,THREAT,SOURCE,Iran,Greek shipowner faces difficulties paying Iran in yuan amid global shift toward gold-based settlement mechanisms in Hormuz region.,6,Warning,"[""KC_LotteConst""]",D2_품목,HIGH,Hormuz chokepoint transit,7d8cc0b8805069d615ead360b200aad4
"Aramco , Adnoc sneak oil through Hormuz as Iran menaces strait",2026-05-09 11:00:00+00:00,English,THREAT,ROUTE,"Iran, Strait of Hormuz",Saudi Aramco and UAE's Adnoc are covertly transporting oil through the Strait of Hormuz amid Iranian threats to the strait.,8,Crisis,"[""CP_Hormuz"", ""CF_CrudeOil""]",D2_품목,HIGH,Hormuz oil transit,f754c60ec486d0cfb60019d2314ffab3
Bahrain and US circulate Security Council resolution on reopening Strait of Hormuz,2026-05-09 09:30:00+00:00,English,THREAT,ROUTE,"Bahrain, US",Bahrain and US circulate UN Security Council resolution aimed at reopening the Strait of Hormuz,8,Crisis,"[""CP_Hormuz"", ""KC_LotteConst""]",D2_품목,HIGH,Hormuz reopening,35118dbb0d3c230b6d64d8669e9f493f
Shipping costs surge as vessels remain stranded near Hormuz,2026-05-09 08:45:00+00:00,English,DISRUPTION,LOGISTICS,Hormuz,"Shipping costs are rising as vessels remain stranded near the Hormuz strait, causing logistics disruption.",8,Crisis,"[""CP_Hormuz"", ""POL_ShippingReroute""]",D2_품목,HIGH,Hormuz vessel stranding,0d13e1f025292d77d576a0e5496ef32f
Why U . S . Project Freedom couldnt secure free navigation in Strait of Hormuz,2026-05-09 07:15:00+00:00,English,THREAT,ROUTE,Strait of Hormuz,U.S. Project Freedom failed to secure free navigation in the Strait of Hormuz,8,Crisis,"[""CP_Hormuz""]",D2_품목,HIGH,Hormuz navigation,2ef7e02b752d73f44c10acb44bc854f5
Hormuz uncertainty leaves global shipping firms in limbo,2026-05-09 06:30:00+00:00,English,THREAT,ROUTE,Hormuz,"Global shipping firms face uncertainty regarding the Strait of Hormuz, leaving operations in limbo.",8,Crisis,"[""CP_Hormuz"", ""POL_ShippingReroute""]",D2_품목,HIGH,Hormuz uncertainty,5e2d00cd4da413453d652cf3cb41c252
HMS Dragon heads to Middle East for potential Strait of Hormuz mission,2026-05-09 17:15:00+00:00,English,THREAT,ROUTE,Middle East,HMS Dragon naval vessel deployed to Middle East for potential Strait of Hormuz mission,7,Warning,[],D2_품목,MEDIUM,UK naval deployment,7385af40ac6178da8807515a2d0c81ca
UK to deploy HMS Dragon for planned Hormuz escort mission amid Iran - US tensions,2026-05-09 14:00:00+00:00,English,THREAT,ROUTE,"UK, Iran, US",UK deploys HMS Dragon for planned escort mission through Hormuz amid Iran-US tensions,7,Warning,"[""CP_Hormuz""]",D2_품목,MEDIUM,UK Hormuz escort,9c608b28e5c565f287ef62f2c3bef1d5
"Iran war will change global energy market in these ways , oil execs say",2026-05-09 13:45:00+00:00,English,THREAT,SOURCE,Iran,Oil executives discuss how a potential Iran war would reshape global energy markets,7,Warning,"[""KI_EnergySecurity"", ""EVT_Ukraine2022"", ""CF_CrudeOil""]",D2_품목,MEDIUM,Iran energy market,797b3cdbe96a75c3cf69486cb91ae7e8
"India fuel resilience amid global oil turmoil , ETAuto",2026-05-09 13:45:00+00:00,English,IRRELEVANT,,India,India demonstrates fuel resilience amid global oil market turbulence.,0,Normal,"[""CF_CrudeOil""]",D2_품목,MEDIUM,India oil resilience,1016401c70049e78c82550a7c7b0090e
Ardmore Shipping Q1 Earnings Call Highlights,2026-05-09 12:30:00+00:00,English,IRRELEVANT,,,Ardmore Shipping reports Q1 earnings results in earnings call.,0,Normal,"[""POL_ShippingReroute""]",D2_품목,MEDIUM,Tanker earnings,82d95ed19f7bf1c82772d76edc7e931d
China Energy Imports Drop in April Amid Iran War as Fuel Exports Hit Decade Low,2026-05-09 11:00:00+00:00,English,THREAT,SOURCE,"China, Iran",China's energy imports dropped in April amid Iran conflict as fuel exports hit decade low,6,Warning,"[""KI_EnergySecurity"", ""EVT_Ukraine2022""]",D2_품목,MEDIUM,China energy imports,d2b80db734fc5617149e12d3d2fed8bc
China Energy Imports Drop Sharply as Hormuz Shipments Stall in April,2026-05-09 10:15:00+00:00,English,DISRUPTION,SOURCE,China,China's energy imports dropped sharply in April due to stalled shipments from Hormuz region,7,Warning,"[""KI_EnergySecurity""]",D2_품목,MEDIUM,Hormuz shipments stall,1053523221b1de4ff92e33462ab9b031
"Trump feuds , tensions with allies likely to outlast Iran war",2026-05-09 10:15:00+00:00,English,THREAT,SOURCE,"USA, Iran",Trump administration tensions with allies amid Iran conflict threaten to persist and destabilize diplomatic/political relationships.,3,Normal,"[""EVT_Ukraine2022""]",D2_품목,MEDIUM,Trump Iran tensions,239fc5d73963892a88a8ff2353ce3226
Is the Iran nuclear agreement back to square one ? ,2026-05-09 10:00:00+00:00,English,THREAT,SOURCE,Iran,"Headline questions whether Iran nuclear agreement negotiations have regressed to initial state, indicating geopolitical uncertainty regarding Iran sanctions regime.",5,Caution,[],D2_품목,MEDIUM,Iran nuclear diplomacy,174c75a30b88b30662e304289eb3558b
Iran accuses US of  reckless military adventure  » Capital News,2026-05-09 08:45:00+00:00,English,THREAT,ROUTE,Iran,"Iran accuses US of reckless military adventure, escalating geopolitical tensions.",5,Caution,[],D2_품목,MEDIUM,Iran-US military tension,1b75e8e0b91c20906d3af7202e93c097
Indian sailor killed after dhow catches fire near Strait of Hormuz ; 17 rescued | India News,2026-05-09 08:45:00+00:00,English,IRRELEVANT,,Strait of Hormuz,Indian sailor killed and 17 rescued after dhow catches fire near Strait of Hormuz,0,Normal,[],D2_품목,MEDIUM,Hormuz maritime incident,b7580ab92a8b2f7e871c1e99c57574f1
China energy imports plunge as war chokes Hormuz shipments,2026-05-09 08:00:00+00:00,English,DISRUPTION,ROUTE,Hormuz,China's energy imports have declined sharply due to war-related disruptions affecting shipments through the Hormuz Strait.,8,Crisis,"[""CP_Hormuz"", ""KI_EnergySecurity"", ""EVT_Ukraine2022""]",D2_품목,MEDIUM,Hormuz energy disruption,837aa6675dff7a0d8fd398bf36d18440
China aluminium exports surge amid Iran war supply disruptions,2026-05-09 07:30:00+00:00,English,DISRUPTION,SOURCE,"China, Iran",China's aluminium exports surge as Iran experiences supply disruptions from regional conflict,5,Caution,"[""EVT_Ukraine2022""]",D2_품목,MEDIUM,China aluminium exports,b4627d4a78545a1aceaab895ecfe98f6
Resolve Sapangar Port congestion : Phoong,2026-05-09 07:30:00+00:00,English,DISRUPTION,LOGISTICS,Sapangar Port,Port congestion at Sapangar Port requires resolution,3,Normal,"[""EVT_COVID2020""]",D2_품목,MEDIUM,Port congestion,f6eb3419a85356aa7ee1f94f37f3d165
US - Iran war : Donald Trump waiting on Iran response to latest peace plan that could end war,2026-05-09 07:15:00+00:00,English,THREAT,SOURCE,"US, Iran",Donald Trump awaits Iran's response to a peace plan proposal that could potentially end US-Iran conflict.,3,Normal,"[""EVT_Ukraine2022""]",D2_품목,MEDIUM,Iran-US diplomacy,abe87f447c9876a7d85d0677633f010b
"US sanctions China , Hong Kong firms over Iran weapons purchase",2026-05-09 07:00:00+00:00,English,THREAT,SOURCE,"US, China, Hong Kong, Iran",US imposes sanctions on Chinese and Hong Kong firms for involvement in Iran weapons purchases,2,Normal,[],D2_품목,MEDIUM,China Iran sanctions,72da6e9662db4c6571f86292595fc23d
US says it is expecting response to peace proposal soon as tensions flare in Strait of Hormuz,2026-05-09 07:00:00+00:00,English,THREAT,ROUTE,Strait of Hormuz,US expects response to peace proposal as tensions escalate in the Strait of Hormuz,8,Crisis,"[""CP_Hormuz""]",D2_품목,MEDIUM,Hormuz tensions,76b5f92b262e29104ba27fcc467bf760
"Analysis - Trump feuds , tensions with allies likely to outlast Iran war",2026-05-09 06:30:00+00:00,English,THREAT,SOURCE,"US, Iran",Analysis reports Trump administration tensions with allies and potential Iran conflict that could have lasting geopolitical consequences.,3,Normal,"[""EVT_Ukraine2022""]",D2_품목,MEDIUM,Trump Iran tensions,c6af0b4c87be160e2df0f66244e01ca5
How the Iran War is Changing the Middle East,2026-05-09 06:30:00+00:00,English,THREAT,ROUTE,Middle East,Headline reports on how an Iran war is changing the Middle East region.,7,Warning,"[""EVT_Ukraine2022""]",D2_품목,MEDIUM,Iran geopolitics,f90a0a94e08d7090824468a0d99ac901
"JD Vance Meets Qatar PM In Washington To Discuss Iran : Report - Goldman Sachs Group ( NYSE : GS ), Exxon Mobi",2026-05-09 06:15:00+00:00,English,IRRELEVANT,,,JD Vance meets Qatar PM in Washington to discuss Iran; Goldman Sachs and Exxon Mobil mentioned.,0,Normal,"[""KC_Sajo""]",D2_품목,MEDIUM,US-Qatar Iran diplomacy,d26b2e76b29a17ab1885a584ff5d0079
When the Persian Gulf Supply Shock Meets the Warsh Fed : Stagflation and the Coming AI Bubble Bust,2026-05-09 06:15:00+00:00,English,IRRELEVANT,,,"Opinion piece discussing macroeconomic theory connecting Persian Gulf supply shocks, Federal Reserve policy, stagflation risks, and AI market bubble concerns",0,Normal,"[""KC_LotteConst""]",D2_품목,MEDIUM,Persian Gulf supply shock,5a9f2cdc97896d151dc5c52896f12439
"US imposes sanctions on 10 individuals , companies for aiding Iran",2026-05-09 03:45:00+00:00,English,THREAT,SOURCE,United States,US imposes sanctions on 10 individuals and companies for aiding Iran,4,Caution,[],D2_품목,MEDIUM,US Iran sanctions,062c4a064200228d36cf1e8cd0bbc83c
U . S . expecting Iranian response to peace proposal amid Hormuz clashes,2026-05-09 03:45:00+00:00,English,THREAT,ROUTE,"Iran, US",US expects Iranian response to peace proposal amid clashes in Hormuz region,8,Crisis,"[""CP_Hormuz""]",D2_품목,MEDIUM,Hormuz tensions,80e019d1b5c7f8636304f842df945259
  Is it a crude pressure tactic ?: Iran rips into US for  reckless military adventure  every time a  diplomatic solution is on the table  ,2026-05-09 02:15:00+00:00,English,THREAT,ROUTE,Iran,Iran criticizes US military actions and accuses US of undermining diplomatic negotiations.,5,Caution,"[""KC_LGES"", ""CF_Coal""]",D2_품목,MEDIUM,Iran-US tensions,92a42809512248511f12cccc8fc72ac1
"US imposes sanctions on 10 individuals , companies for aiding Iran weapons sector",2026-05-09 02:00:00+00:00,English,THREAT,SOURCE,"US, Iran",US imposes sanctions on 10 individuals and companies for aiding Iran's weapons sector,3,Normal,"[""KS_Construction""]",D2_품목,MEDIUM,US Iran sanctions,3c4892f072a821c453ce8dc898cb8d4e
  Freedom Plus : Trump puts Hormuz back on edge,2026-05-09 13:45:00+00:00,English,THREAT,ROUTE,Hormuz,Trump administration policy puts the Strait of Hormuz back under geopolitical tension risk.,8,Crisis,"[""CP_Hormuz""]",D3_인프라,HIGH,Hormuz geopolitics,5e32b688d37a2df71a4a41bb41311b71
US disables 2 tankers trying to reach Iran | The Arkansas Democrat - Gazette,2026-05-09 12:15:00+00:00,English,THREAT,SOURCE,"US, Iran",US disables 2 tankers attempting to deliver cargo to Iran,5,Caution,[],D3_인프라,HIGH,Hormuz tanker disabled,622f3465d495824de72dbcd9d97fa185
Large oil slick spreads in Gulf near key Iran terminal,2026-05-09 09:45:00+00:00,English,DISRUPTION,SOURCE,Gulf,"Large oil slick spreads near a key Iran oil terminal, potentially affecting crude oil export capacity.",7,Warning,"[""KP_Tongyeong"", ""CF_CrudeOil""]",D3_인프라,HIGH,Oil spill Iran,f3f0b16dba44bd188dda8084a132db6c
US fires on and disables 2 more Iranian tankers as tensions rise in the Strait of Hormuz,2026-05-09 03:45:00+00:00,English,THREAT,ROUTE,Strait of Hormuz,US military forces fire on and disable two Iranian tankers amid escalating tensions in the Strait of Hormuz.,8,Crisis,"[""CP_Hormuz"", ""KC_LotteConst""]",D3_인프라,HIGH,Hormuz tanker attacks,ad96896a4e56e3e737bd4848e457e4fe
"US fires on and disables 2 more Iranian tankers as tensions rise in the Strait of Hormuz | News , Sports , Jobs",2026-05-09 03:15:00+00:00,English,THREAT,ROUTE,Strait of Hormuz,US military fires on and disables two Iranian tankers amid escalating tensions in the Strait of Hormuz,8,Crisis,"[""CP_Hormuz"", ""KC_LotteConst""]",D3_인프라,HIGH,Hormuz tanker attack,97a3b32ab829d733d98c38737b85b9ba
Crude Oil Recovers as US May Restart Operations to Reopen the Strait of Hormuz,2026-05-09 02:00:00+00:00,English,THREAT,ROUTE,US,US may restart operations to reopen the Strait of Hormuz amid crude oil price recovery,7,Warning,"[""CF_Coal"", ""CF_CrudeOil""]",D3_인프라,HIGH,Hormuz Strait reopening,1147e436f2248d1d3af5b28a90866a29
US fires on and disables 2 more Iranian tankers as tensions rise in the Strait of Hormuz - Las Vegas Sun News,2026-05-09 01:45:00+00:00,English,THREAT,ROUTE,Strait of Hormuz,US military fires on and disables two Iranian tankers as tensions escalate in the Strait of Hormuz.,8,Crisis,"[""CP_Hormuz"", ""KC_LotteConst""]",D3_인프라,HIGH,Hormuz tanker attack,1a718d9fea3be2727faad42d7fad6cda
The U . S . fires on Iranian tankers trying to evade its blockade amid a Hormuz standoff,2026-05-09 01:15:00+00:00,English,THREAT,ROUTE,Iran / Hormuz,U.S. fires on Iranian tankers attempting to breach a blockade during a Strait of Hormuz standoff.,8,Crisis,"[""CP_Hormuz""]",D3_인프라,HIGH,Hormuz blockade,dae418674f8130a9a8ed596f3124bcd9
"UAE reports drone , missile attack after US  exchange fire with Iran",2026-05-09 00:30:00+00:00,English,THREAT,ROUTE,UAE,UAE reports drone and missile attack following US exchange of fire with Iran,7,Warning,[],D3_인프라,HIGH,Iran-US military exchange,1caaba67d2779c8d8a700b2beb2fd05b
Crude Oil and The 900 - Million Barrel Question - The HinduBusinessLine,2026-05-09 19:30:00+00:00,English,IRRELEVANT,,,"Article discusses crude oil supply questions, likely analytical piece on global oil reserves or production trends.",0,Normal,"[""CF_Coal"", ""CF_CrudeOil"", ""KC_LotteConst""]",D3_인프라,MEDIUM,Oil Supply,e52df00aef7ca150a5da945f25d52963
"A fragile ceasefire holds as US awaits Iran response , Bahrain detains dozens",2026-05-09 15:15:00+00:00,English,THREAT,ROUTE,"Iran, Bahrain, US",Fragile ceasefire holds between US and Iran with Bahrain detaining dozens; military tensions persist in the Persian Gulf region.,7,Warning,[],D3_인프라,MEDIUM,Iran-US tensions,facefc5fde9b74c9d8e40e0e8491c54c
Ceasefire holds as US awaits Iranian response to latest proposal,2026-05-09 14:45:00+00:00,English,THREAT,ROUTE,Iran,Ceasefire holds as US awaits Iranian response to latest diplomatic proposal.,4,Caution,[],D3_인프라,MEDIUM,Iran-US diplomacy,c6ae93660967bd909fe08a958f5c9c74
Fragile ceasefire holds as US awaits Iran response to latest proposal to end war,2026-05-09 14:00:00+00:00,English,THREAT,ROUTE,Iran,Fragile ceasefire between US and Iran holds as US awaits Iran's response to a proposal to end conflict,6,Warning,"[""EVT_Ukraine2022""]",D3_인프라,MEDIUM,Iran-US diplomacy,3547f4e91b9f48a7b19e73d762b712fb
Libya launches major security operation in Zawiya after clashes near key oil refinery,2026-05-09 14:00:00+00:00,English,THREAT,SOURCE,Libya,Libya launches major security operation in Zawiya following clashes near a key oil refinery.,6,Warning,"[""KS_Energy"", ""CF_CrudeOil""]",D3_인프라,MEDIUM,Libya oil refinery,fb158442f5825e47d71867c6018e3d98
"A fragile ceasefire holds as US awaits Iran response , Bahrain detains dozens - Boston News , Weather , Sports",2026-05-09 13:45:00+00:00,English,THREAT,ROUTE,Bahrain,US awaits Iran response amid fragile ceasefire; Bahrain detains dozens amid regional tensions.,6,Warning,[],D3_인프라,MEDIUM,Iran tensions,5fe22ddf6af9f33716ff2b0b3608c716
Iran keeps US waiting for response on peace plan,2026-05-09 13:45:00+00:00,English,THREAT,SOURCE,Iran,"Iran delays response to US peace proposal, creating diplomatic uncertainty.",2,Normal,[],D3_인프라,MEDIUM,Iran-US diplomacy,0fc44261c7322d834bc7501749509dec
"Guest column : When the Strait tightens , North Dakota answers",2026-05-09 12:30:00+00:00,English,IRRELEVANT,,North Dakota,"Guest column discussing North Dakota's response to strait-related conditions, likely energy policy perspective.",0,Normal,[],D3_인프라,MEDIUM,Strait disruption,469fcdc31a9da67dfb5faf89bd31bef9
Massive oil slick spotted near Iran Kharg Island : Report – Middle East Monitor,2026-05-09 11:30:00+00:00,English,THREAT,SOURCE,Iran,"An oil slick has been reported near Iran's Kharg Island, a major crude oil export facility.",7,Warning,"[""CF_CrudeOil""]",D3_인프라,MEDIUM,Iran oil spill,936a867ef655c1090f373ea9da347eb9
Oil slick near Iran Kharg Island raises fears over stressed energy infrastructure,2026-05-09 10:30:00+00:00,English,THREAT,SOURCE,Iran,Oil slick near Iran's Kharg Island raises concerns about the condition of the country's energy infrastructure,7,Warning,"[""KI_EnergySecurity"", ""CF_CrudeOil""]",D3_인프라,MEDIUM,Iran energy infrastructure,0594e61d74a4edab007794e4924131c8
Satellite images show oil slick off Iran Kharg Island,2026-05-09 08:00:00+00:00,English,THREAT,SOURCE,Iran,"Satellite images detected an oil slick off Iran's Kharg Island, indicating potential crude oil infrastructure damage or leakage.",7,Warning,"[""CF_CrudeOil""]",D3_인프라,MEDIUM,Iran oil infrastructure,fe9f6bc2efbd3b342e3a61dafd72b5ed
Suspected oil slick off Iran Kharg Island,2026-05-09 08:00:00+00:00,English,THREAT,SOURCE,Iran,"Suspected oil slick detected off Iran's Kharg Island, a major crude oil export facility.",6,Warning,"[""CF_CrudeOil""]",D3_인프라,MEDIUM,Iran oil spill,39e23086865c7bd8352b45dff506ca39
Panama Canal Authority CEO announced as keynote speaker,2026-05-09 07:30:00+00:00,English,IRRELEVANT,,,Panama Canal Authority CEO announced as keynote speaker at an event.,0,Normal,[],D3_인프라,MEDIUM,Panama Canal operations,d20cfd04833eb8a00c29576925ddb7c5
Ten weeks stuck in the Strait of Hormuz : how sailors are surviving,2026-05-09 19:30:00+00:00,English,DISRUPTION,LOGISTICS,Strait of Hormuz,"Sailors are experiencing prolonged detention of ten weeks in the Strait of Hormuz, indicating shipping delays and vessel congestion at this critical maritime chokepoint.",8,Crisis,"[""CP_Hormuz""]",D4_운송,HIGH,Hormuz blockade impact,cdb5bcddcc36e4a52c8e378331411115
Iran war latest : Ceasefire appears to hold after US strikes Iranian oil tankers,2026-05-09 19:00:00+00:00,English,THREAT,SOURCE,Iran,US strikes Iranian oil tankers as ceasefire appears to hold in Iran conflict,7,Warning,"[""EVT_Ukraine2022"", ""CF_CrudeOil""]",D4_운송,HIGH,Iran Ceasefire Hormuz,0493f1498aa584664b528286eea7795a
Qatari LNG tanker sailing towards Hormuz Strait,2026-05-09 17:45:00+00:00,English,THREAT,ROUTE,Hormuz Strait,A Qatari LNG tanker is sailing towards the Hormuz Strait.,6,Warning,"[""CP_Hormuz"", ""VT_LNG"", ""VT_ChemTanker"", ""POL_LNGDiversify""]",D4_운송,HIGH,Qatar LNG Hormuz transit,b8b031acfd3efa9f067a5bc77887101d
Qatari LNG Tanker Transits Hormuz As U . S . Awaits Iran Response To Peace Deal,2026-05-09 17:30:00+00:00,English,THREAT,ROUTE,"Qatar, Iran, US",Qatari LNG tanker transits Hormuz Strait while US awaits Iran's response to peace deal proposal.,6,Warning,"[""CP_Hormuz"", ""VT_LNG"", ""VT_ChemTanker"", ""POL_LNGDiversify""]",D4_운송,HIGH,LNG Transit Hormuz,a581f0106f274aaa2442b6afffaa13d0
"CENTCOM : US Strikes Hit , Disable Two Iranian Oil Tankers",2026-05-09 17:30:00+00:00,English,THREAT,SOURCE,Iran,US military strikes reported to have hit and disabled two Iranian oil tankers,7,Warning,"[""CF_CrudeOil""]",D4_운송,HIGH,US Strikes Tankers,dc12dca7a980aad19535948dbce9a86e
U . S . and Iran Exchange Fire Amid Declared Truce – The Indian Awaaz,2026-05-09 17:15:00+00:00,English,THREAT,ROUTE,US and Iran,"US and Iran exchange fire amid declared truce, escalating military tensions in the region",7,Warning,"[""KC_LotteConst""]",D4_운송,HIGH,Hormuz military exchange,3bdc828a4d02170ce0847d428834a5bf
Ceasefire appears to hold after US strikes two Iranian oil tankers,2026-05-09 13:45:00+00:00,English,THREAT,SOURCE,Iran,US strikes two Iranian oil tankers; ceasefire appears to hold after the incident.,6,Warning,"[""CF_CrudeOil""]",D4_운송,HIGH,US Iran tanker strikes,7c1b0d8a145f50bf4f2f7ca77625f623
Iranian Naval Forces Thwart US Destroyers in Strategic Strait of Hormuz Encounter,2026-05-09 13:45:00+00:00,English,THREAT,ROUTE,Strait of Hormuz,"Iranian Naval Forces engage US Destroyers in the Strait of Hormuz, reporting they thwarted the encounter.",8,Crisis,"[""CP_Hormuz"", ""POL_SPR""]",D4_운송,HIGH,Hormuz naval encounter,7754a94483e16fbf772d875992fe4559
"Iran Oil Production Uninterrupted as Tankers Defy US Blockade , Seeking New Revenue Streaming from Hormuz",2026-05-09 13:45:00+00:00,English,THREAT,ROUTE,Iran,Iran continues oil production and tankers are circumventing US blockade through Hormuz to seek new revenue channels.,7,Warning,"[""CP_Hormuz"", ""CF_CrudeOil""]",D4_운송,HIGH,Iran oil blockade,995d1a8679067f6670d56688492801f6
Macron Urges Hms Dragon to Lift Hormuz Blockades,2026-05-09 13:45:00+00:00,English,THREAT,ROUTE,Hormuz,French President Macron urges HMS Dragon to lift blockades at the Strait of Hormuz,8,Crisis,"[""CP_Hormuz""]",D4_운송,HIGH,Hormuz blockade lifting,cd22e031847962ae83c02d8d6ac02140
Standoff over Strait of Hormuz intensifies after Iran rejects US - draft resolution at UNSC – The Indian Awaaz,2026-05-09 12:15:00+00:00,English,THREAT,ROUTE,Strait of Hormuz,Iran rejects US draft resolution at UNSC amid intensifying standoff over Strait of Hormuz,8,Crisis,"[""CP_Hormuz""]",D4_운송,HIGH,Hormuz standoff,568ee51b63f4309cea7f8dbba4fefb5a
"US , Iran exchange fire in Strait of Hormuz , ceasefire hangs in balance",2026-05-09 11:30:00+00:00,English,THREAT,ROUTE,Strait of Hormuz,US and Iran exchange fire in Strait of Hormuz with ceasefire status uncertain,9,Crisis,"[""CP_Hormuz"", ""KI_TradeBalance""]",D4_운송,HIGH,Hormuz ceasefire tension,0821ec347d32ccf6a3d56b422c538a8f
US attacks spark Iran reprisals as deal hangs in balance,2026-05-09 10:00:00+00:00,English,THREAT,ROUTE,Iran,US attacks trigger Iranian reprisals as nuclear deal negotiations remain uncertain.,7,Warning,"[""KI_TradeBalance""]",D4_운송,HIGH,Iran tanker attacks,7f575e1ed6f4d2fddff97605f841ea76
"  They are toothless , they dont smile  – New US clashes with Iran in Hormuz – Trump seized 13 . 5 kg of Venezuelan uranium",2026-05-09 09:15:00+00:00,English,THREAT,ROUTE,"US, Iran, Hormuz",US-Iran military tensions and confrontations reported in Hormuz region; Trump administration seized Venezuelan uranium; escalating geopolitical conflict in the strait.,8,Crisis,"[""CP_Hormuz""]",D4_운송,HIGH,Hormuz military conflict,b26005a83ca0a5c47489436a2f3027f5
Iran says it seizes  offending  oil tanker ; United States disables two vessels,2026-05-09 09:15:00+00:00,English,THREAT,SOURCE,Iran,Iran reports seizing an oil tanker while US disables two vessels in apparent maritime escalation,7,Warning,"[""VT_ChemTanker"", ""CF_CrudeOil""]",D4_운송,HIGH,Iran tanker seizure,a433fdc1daa4f031d7ae2e6bc56a7575
US breach of ceasefire could have,2026-05-09 08:45:00+00:00,English,THREAT,ROUTE,US,"Headline reports US breach of ceasefire with potential implications, text incomplete",3,Normal,[],D4_운송,HIGH,Ceasefire breach risk,a3a72f990e6a60f43b8767c210f2d4d8
US Navy strikes two Iranian tankers in Strait of Hormuz ; Pentagon releases footage,2026-05-09 08:00:00+00:00,English,THREAT,ROUTE,Strait of Hormuz,US Navy strikes two Iranian tankers in Strait of Hormuz; Pentagon releases footage,8,Crisis,"[""CP_Hormuz""]",D4_운송,HIGH,US Navy Strikes Hormuz,ceeede9d4ab1482f258f9327bfaeae22
US fires on and disables 2 more Iranian tankers as tensions rise,2026-05-09 07:30:00+00:00,English,THREAT,ROUTE,Iran,US military fires on and disables two Iranian tankers amid escalating US-Iran tensions,7,Warning,"[""KC_LotteConst""]",D4_운송,HIGH,Iran tanker attacks,2c986dc3691a61636b2cfc1b35388c3a
U . S . fires on and disables 2 more Iranian tankers as tensions rise in the Strait of Hormuz,2026-05-09 07:15:00+00:00,English,THREAT,ROUTE,Strait of Hormuz,U.S. military fires on and disables 2 Iranian tankers amid rising tensions in the Strait of Hormuz,8,Crisis,"[""CP_Hormuz"", ""KC_LotteConst""]",D4_운송,HIGH,Hormuz tanker attack,04975c0aba4744dd8f9b9cc9aca24574
"Iran seized tanker in Gulf of Oman , as U . S .  disable two ships",2026-05-09 07:00:00+00:00,English,THREAT,ROUTE,Gulf of Oman,Iran seized a tanker in Gulf of Oman while U.S. disabled two ships in the region,7,Warning,"[""VT_ChemTanker"", ""BP_OmanLand""]",D4_운송,HIGH,Tanker Seizure Gulf,4f3a9f5a881b75800d0222a26212f467
US forces strike 2 more Iranian - flagged unladen oil tankers,2026-05-09 07:00:00+00:00,English,THREAT,SOURCE,Iran,US forces strike two Iranian-flagged unladen oil tankers,7,Warning,"[""CF_CrudeOil""]",D4_운송,HIGH,Hormuz tanker strikes,2914ace106353bf32da543be49fe1aeb
US fires on two Iranian tankers as Trump awaits Tehran response to truce proposal,2026-05-09 06:45:00+00:00,English,THREAT,ROUTE,Iran,US military fires on Iranian tankers amid escalating US-Iran tensions while Trump awaits Tehran's response to truce proposal,7,Warning,[],D4_운송,HIGH,Iran tanker attacks,298f326cd1715a70a0ba711c84627c76
US fire on Iran tankers sparks reprisals as deal hangs in balance,2026-05-09 06:30:00+00:00,English,THREAT,SOURCE,Iran,US fire on Iran tankers triggers Iranian reprisals amid stalled nuclear deal negotiations.,6,Warning,"[""KI_TradeBalance""]",D4_운송,HIGH,US Iran tanker conflict,aea672581815aeede14f28f998b32137
US fighter jet attack on Iranian tankers explained,2026-05-09 06:15:00+00:00,English,THREAT,ROUTE,Iran,"US fighter jet attack on Iranian tankers reported, indicating military confrontation involving oil tanker vessels.",7,Warning,[],D4_운송,HIGH,US military action tankers,e55b78ba351108911c10d85be23d1d30
RIGHT SPEAK : The Blockade is Costing Iran $400 Million a Day in Lost Oil Revenue : The Squeeze Is On ; Here How Much the US Blockade is Costing Iran,2026-05-09 06:15:00+00:00,English,THREAT,SOURCE,Iran,US blockade of Iran is reported to cost Iran $400 million per day in lost oil revenue.,7,Warning,"[""CF_CrudeOil""]",D4_운송,HIGH,Iran blockade revenue loss,4f582d1b00600d548930f5a9409fd6dd
"US forces strike two more Iranian tankers | News , Sports , Jobs",2026-05-09 06:15:00+00:00,English,THREAT,SOURCE,Iran,US forces strike two Iranian tankers,6,Warning,[],D4_운송,HIGH,US Iran tanker strikes,54dae23bedac1017c25016c6b2d7a0db
Iran accuses US of  reckless military adventure  after empty oil tankers struck,2026-05-09 04:15:00+00:00,English,THREAT,ROUTE,Iran,Iran accuses US of reckless military adventure after empty oil tankers were struck,7,Warning,"[""CF_CrudeOil""]",D4_운송,HIGH,Hormuz tanker strikes,5a10c26154f950854a149ccc8f06c635
"Washington , Tehran trade fire in Hormuz",2026-05-09 02:00:00+00:00,English,THREAT,ROUTE,Hormuz,Washington and Tehran engaged in military/diplomatic confrontation in the Hormuz region.,8,Crisis,"[""CP_Hormuz""]",D4_운송,HIGH,Hormuz Conflict,f6a0570293f9431255802526d5af8b8d
"US fires on and disables 2 more Iranian tankers as tensions rise in the Strait of Hormuz – KTBB News , Weather , Talk",2026-05-09 01:45:00+00:00,English,THREAT,ROUTE,Strait of Hormuz,US military fires on and disables two Iranian tankers amid escalating tensions in the Strait of Hormuz,8,Crisis,"[""CP_Hormuz"", ""KC_LotteConst""]",D4_운송,HIGH,Hormuz tanker attack,4168f57890d0f8f3e9e8f5f4ed3bf933
Trump expecting Iran response to latest proposal  tonight  as US fires on two Iranian tankers,2026-05-09 01:15:00+00:00,English,THREAT,ROUTE,Iran,US fires on two Iranian tankers as Trump expects Iranian response to latest proposal.,7,Warning,[],D4_운송,HIGH,Hormuz tanker strikes,74b0af0bc072a50ca3e819973af7e7de
US naval forces disable 2 more Iranian oil tankers ; redirected 57 commercial vessels amid blockade,2026-05-09 01:15:00+00:00,English,DISRUPTION,ROUTE,Iran,US naval forces disabled 2 Iranian oil tankers and redirected 57 commercial vessels amid blockade operations,8,Crisis,"[""CF_CrudeOil""]",D4_운송,HIGH,US Iran tanker blockade,da3940ceff81c826c9ead0f5c5835fab
US disables Iranian tankers ; UAE reports missile attack,2026-05-09 01:00:00+00:00,English,THREAT,ROUTE,"Iran, UAE",US disables Iranian tankers; UAE reports missile attack,7,Warning,[],D4_운송,HIGH,Hormuz tanker attacks,65a5b8f73c01b7acd9f19d6b0bc6f0ac
"Iranian Ships Try to Run US Blockade in Gulf of Oman , Find Out That Is a Bad Idea",2026-05-09 01:00:00+00:00,English,THREAT,ROUTE,Gulf of Oman,Iranian ships attempted to breach US blockade in Gulf of Oman and encountered resistance.,7,Warning,"[""BP_OmanLand""]",D4_운송,HIGH,Iran blockade Gulf Oman,ede953e329bb00660bfb90c735806f71
"​Iran says it seizes  offending  oil tanker , US disables two vessels",2026-05-09 00:30:00+00:00,English,THREAT,ROUTE,Iran,"Iran claims to have seized an oil tanker while US disables two vessels, escalating maritime tensions.",7,Warning,"[""VT_ChemTanker"", ""CF_CrudeOil""]",D4_운송,HIGH,Tanker Seizure,60791ddf1e9a8978043b962425750af2
"Aramco , ADNOC quietly resume limited Hormuz crude exports",2026-05-09 00:30:00+00:00,English,DISRUPTION,SOURCE,Hormuz,Aramco and ADNOC resume limited crude oil exports through Hormuz Strait after apparent suspension.,6,Warning,"[""CP_Hormuz"", ""CF_Coal""]",D4_운송,HIGH,Hormuz crude exports,2aa50ea230a6462ae91fbf6654d25ad4
U . S . fire on Iran tankers sparks reprisals as deal hangs in balance,2026-05-09 00:15:00+00:00,English,THREAT,SOURCE,Iran,U.S. military action against Iranian tankers triggers Iranian reprisals amid negotiations over nuclear deal,7,Warning,"[""KI_TradeBalance""]",D4_운송,HIGH,Iran tanker attacks,a05677b6bae3cebad8fc152a04534b98
MP Materials CEO : Middle East Conflict Is Accelerating Demand for Rare Earth Magnets - Lockheed Martin ( N,2026-05-09 18:45:00+00:00,English,THREAT,SOURCE,Middle East,MP Materials CEO states Middle East conflict is accelerating demand for rare earth magnets used by defense contractors like Lockheed Martin,6,Warning,"[""CF_RareEarth"", ""KS_Material""]",D4_운송,MEDIUM,Middle East conflict rare earth,4da2f13ede6c33af50bad2af462c434f
"Iran has hit far more U . S . military assets than reported , satellite images show",2026-05-09 18:45:00+00:00,English,THREAT,ROUTE,Iran,Satellite images reveal Iran has conducted more attacks on U.S. military assets than previously reported.,6,Warning,[],D4_운송,MEDIUM,Iran-US military escalation,d1bb1533299e2918a40a338dc1ee5ac1
"If Iran nuclear talks collapse , analysts say US would strike in phases",2026-05-09 15:00:00+00:00,English,THREAT,ROUTE,Iran,"Analysts warn that if Iran nuclear talks fail, the US would conduct phased military strikes, potentially escalating regional conflict.",7,Warning,[],D4_운송,MEDIUM,Iran nuclear talks,dcafc08b687df7bd60c637e87b1999da
Trump Threatens Expanded  Project Freedom Plu if Iran Rejects Deal,2026-05-09 15:00:00+00:00,English,THREAT,SOURCE,Iran,Trump threatens expanded Project Freedom Plus sanctions if Iran rejects a deal.,6,Warning,[],D4_운송,MEDIUM,Iran negotiations,c10ace301afc3db1647e62489040368c
"Iran could withstand blockade for four months , claims CIA report , as tensions flare",2026-05-09 14:45:00+00:00,English,THREAT,SOURCE,Iran,CIA report claims Iran could withstand a blockade for four months amid rising tensions,6,Warning,[],D4_운송,MEDIUM,Iran blockade,6d95e24bf127fb49c6ded4ff2f5214f9
Trump awaiting Iranian response to ceasefire proposals as clashes continue,2026-05-09 14:00:00+00:00,English,THREAT,ROUTE,Iran,Trump awaits Iranian response to ceasefire proposals while military clashes continue,7,Warning,[],D4_운송,MEDIUM,Iran ceasefire negotiations,5f676a68a5cd5119572ae76e0a67b9cb
"Iran Hits Out At Trump  Love Tap  Remark , Calls US Actions  Whimsical Adventurism And Roguish Behaviour  ",2026-05-09 14:00:00+00:00,English,THREAT,ROUTE,Iran,Iran criticizes US actions as whimsical adventurism and roguish behavior in response to Trump's remarks.,4,Caution,"[""KC_LotteConst""]",D4_운송,MEDIUM,Iran US tensions rhetoric,ee170d4c91dd952bb3a1fd53e225c2b2
Iranian Naval Forces Detain Oil Tanker  Ocean Koi  for Maritime Breaches in Gulf of Oman,2026-05-09 13:45:00+00:00,English,THREAT,ROUTE,Gulf of Oman,Iranian Naval Forces detained oil tanker Ocean Koi for maritime breaches in Gulf of Oman,7,Warning,"[""VT_ChemTanker"", ""BP_OmanLand"", ""CF_CrudeOil""]",D4_운송,MEDIUM,Gulf tanker detention,57e3a6fb61cca4eab9668f9dc85b5423
Iran war news : Ceasefire holds U . S . awaits Iran response,2026-05-09 12:30:00+00:00,English,THREAT,ROUTE,Iran,Ceasefire between Iran and U.S. is holding; U.S. awaits Iranian response.,6,Warning,"[""EVT_Ukraine2022""]",D4_운송,MEDIUM,Gulf ceasefire,cc2c486b60cd0e43a0ba3f8c18c54a66
"Indian national dies , four receive burn injuries after dhow catches fire and capsizes near Strait of Hormuz : Report",2026-05-09 12:30:00+00:00,English,IRRELEVANT,,Strait of Hormuz,"A dhow vessel caught fire and capsized near the Strait of Hormuz, resulting in one death and four burn injuries.",0,Normal,"[""KC_LotteConst""]",D4_운송,MEDIUM,Hormuz incident,9e3fa9b8a4e131893ebf0f8fccbae89e
  It pretty scary : Seafarers traumatised by Hormuz tensions,2026-05-09 10:00:00+00:00,English,THREAT,ROUTE,Hormuz,"Seafarers report psychological trauma due to tensions in the Hormuz region, raising concerns about safety in the strait.",7,Warning,"[""CP_Hormuz""]",D4_운송,MEDIUM,Hormuz seafarer impact,198de1c496d5464d423b0e4149891bca
Azerbaijani oil moves up in price,2026-05-09 07:30:00+00:00,English,IRRELEVANT,,Azerbaijan,Azerbaijani crude oil prices increased.,0,Normal,"[""CF_CrudeOil""]",D4_운송,MEDIUM,Azerbaijan oil price,d8fc19b37337b91013834058feed807e
"Sensex , Nifty Fall on US - Iran Tensions ; Midcaps at Record High",2026-05-09 06:45:00+00:00,English,IRRELEVANT,,,Indian stock market indices Sensex and Nifty fall amid US-Iran tensions; midcap stocks reach record high,0,Normal,[],D4_운송,MEDIUM,Market reaction US Iran,b0665d656b0e5216db940d5a6beb39cb
Iran Pezeshkian Declares  Colonialism Has No Future  as US Escalates Gulf Pressure and Mulls Project Freedom Plus,2026-05-09 06:30:00+00:00,English,THREAT,ROUTE,"Iran, US, Gulf",Iran's president declares colonialism has no future as US escalates pressure in the Gulf and considers Project Freedom Plus initiative.,6,Warning,"[""KC_LotteConst""]",D4_운송,MEDIUM,Iran-US escalation,1bb35c2558c69aa01d372c3f825267cd
"CIA admits Iran can withstand blockade for months , maintains 70 % of its missiles : Report",2026-05-09 06:30:00+00:00,English,THREAT,SOURCE,Iran,CIA report assesses that Iran can sustain a blockade for months and maintains 70% of its missile capabilities.,4,Caution,[],D4_운송,MEDIUM,Iran blockade resilience,f6b6d623c72235984e801c82d50dc2f8
Asia Gets First Mexican Fuel Oil Cargo in 9 Months,2026-05-09 06:00:00+00:00,English,IRRELEVANT,,"Mexico, Asia","Asia receives its first Mexican fuel oil cargo in 9 months, indicating resumption of trade flow from Mexico to Asia.",0,Normal,"[""CF_CrudeOil""]",D4_운송,MEDIUM,Mexico fuel exports,5bb7beebdc296c8573eb909f76f042d4
Trapped seafarers traumatised by Gulf fighting : charities,2026-05-09 04:15:00+00:00,English,THREAT,ROUTE,Gulf,"Seafarers trapped in Gulf region are experiencing trauma due to ongoing fighting, raising concerns about maritime safety and personnel security.",5,Caution,[],D4_운송,MEDIUM,Gulf seafarers,e56ddcdfbc079221fa589557fc849e3e
Iran - Israel war LIVE : Trump says expecting Iran response to latest proposal soon,2026-05-09 03:15:00+00:00,English,THREAT,ROUTE,Iran,Trump reports expecting Iranian response to latest proposal regarding ongoing Iran-Israel tensions.,6,Warning,"[""EVT_Ukraine2022""]",D4_운송,MEDIUM,Iran-Israel Tensions,248ff0e1514505e2dcdc80a5d23022dd
US removes Russian - linked oil tanker from sanctions blacklist,2026-05-09 03:00:00+00:00,English,DISRUPTION,SOURCE,US,"US removes Russian-linked oil tanker from sanctions blacklist, easing restrictions on crude oil shipments",4,Caution,"[""VT_ChemTanker"", ""CF_CrudeOil""]",D4_운송,MEDIUM,Oil Tanker Sanctions,2c8d74f84361d58a227a666e75c59cb0
Green energy stocks outperform fossil fuels amid Iran war,2026-05-09 17:15:00+00:00,English,IRRELEVANT,,,Stock market performance comparison between green energy and fossil fuel sectors amid Iran conflict,0,Normal,"[""KI_EnergySecurity"", ""EVT_Ukraine2022""]",D5_시장지표,MEDIUM,Iran conflict energy,45edab37fd8586bf96f35f170b2d5d36
Neither US nor Iran can sustain strait of Hormuz standoff indefinitely,2026-05-09 14:45:00+00:00,English,THREAT,ROUTE,Strait of Hormuz,"Report on the unsustainability of prolonged US-Iran standoff at Strait of Hormuz, suggesting neither party can maintain tension indefinitely.",7,Warning,"[""CP_Hormuz""]",D5_시장지표,MEDIUM,Hormuz standoff,607441c99b6c26020ad396cd9462f3f5
Trump new Iran gamble : Military brinkmanship and nuclear diplomacy,2026-05-09 08:45:00+00:00,English,THREAT,SOURCE,Iran,"Trump administration pursues military brinkmanship and nuclear diplomacy with Iran, creating potential geopolitical tensions.",4,Caution,"[""KC_LotteConst""]",D5_시장지표,MEDIUM,Iran nuclear diplomacy,3ea0603f34d17f8606a55c73bd2c479c
US stocks rise to records after a solid jobs report overshadows higher oil prices,2026-05-09 06:30:00+00:00,English,IRRELEVANT,,,"US stock market reaches record highs following a strong jobs report, despite elevated oil prices.",0,Normal,"[""CF_CrudeOil""]",D5_시장지표,MEDIUM,Oil prices markets,c3e589decaac24b1ae14647d1e6521cf
The Weekly Bottom Line : Labor Market Resilient Despite Energy Shock,2026-05-09 06:30:00+00:00,English,IRRELEVANT,,,Labor market remains resilient despite energy sector shocks.,0,Normal,"[""KI_EnergySecurity""]",D5_시장지표,MEDIUM,Energy shock labor,f9b2217a523ce7b69eb467d00d4d1c91
"Sensex Crashes 516 Points , Nifty Down 150 on Iran Tensions",2026-05-09 05:30:00+00:00,English,THREAT,SOURCE,Iran,Stock market indices decline amid rising Iran tensions,4,Caution,[],D5_시장지표,MEDIUM,Iran tensions impact,13aafaefa7624be6e81df5e3b16e47e6
"Wall Street Week Ahead : Data , Iran , US - China meeting in focus for scorching US stock market",2026-05-09 05:00:00+00:00,English,IRRELEVANT,,,"Wall Street financial markets preview focusing on economic data releases, Iran-related developments, and US-China diplomatic meetings.",0,Normal,[],D5_시장지표,MEDIUM,Iran geopolitics,0a2ce35af49476a4d95a87d86896f907
"China to raise gasoline , diesel retail prices",2026-05-09 02:45:00+00:00,English,IRRELEVANT,,China,China announces an increase in retail gasoline and diesel prices.,0,Normal,[],D5_시장지표,MEDIUM,China fuel prices,d46bfe0c84c388cb02d64657b820e8e2
"Crude oil prices tumble , but gas prices offer major caveat",2026-05-09 01:45:00+00:00,English,IRRELEVANT,,,Crude oil prices decline while gasoline prices remain elevated.,0,Normal,"[""CF_Coal"", ""CF_CrudeOil"", ""KC_SKGas""]",D5_시장지표,MEDIUM,Crude oil prices,26c3722c749628c2c8f9ea20335752c4
US reports disabling of four ships since naval blockade begins,2026-05-09 19:00:00+00:00,English,DISRUPTION,ROUTE,US,US reports disabling of four ships as part of an ongoing naval blockade operation.,7,Warning,[],D6_교란행위,HIGH,Naval blockade ships,ddf622877a8ebccc283145dd6f55876d
US attacks Iran tankers as deal hangs in balance,2026-05-09 18:45:00+00:00,English,THREAT,SOURCE,Iran,US attacks Iranian tankers amid negotiations over nuclear deal,7,Warning,"[""KI_TradeBalance""]",D6_교란행위,HIGH,Hormuz tanker attacks,f4d5cd40fc0197ad90939b18bfeae9a8
US naval blockade on Iran continues as CENTCOM redirects 58 vessels,2026-05-09 17:45:00+00:00,English,THREAT,ROUTE,Iran,US naval blockade on Iran continues with CENTCOM redirecting 58 vessels,7,Warning,[],D6_교란행위,HIGH,US naval blockade Iran,d48c3a835658764db1383da3cdf2715a
"Iran war news : Ceasefire holds , U . S . strikes two oil tankers",2026-05-09 17:15:00+00:00,English,THREAT,SOURCE,Iran,"U.S. strikes two oil tankers amid Iran ceasefire, creating tension in crude oil supply.",7,Warning,"[""EVT_Ukraine2022"", ""CF_CrudeOil""]",D6_교란행위,HIGH,US-Iran tanker strikes,aa25184215b8ed6342ac468578d482da
US says 58 commercial vessels redirected under naval blockade of Iran,2026-05-09 16:30:00+00:00,English,THREAT,ROUTE,Iran,US Navy has redirected 58 commercial vessels due to a naval blockade of Iran.,7,Warning,[],D6_교란행위,HIGH,Iran naval blockade,c9423fc885edfe734bb5d045526def34
"US says naval blockade on Iran continues , 58 vessels diverted",2026-05-09 16:30:00+00:00,English,DISRUPTION,ROUTE,Iran,"US maintains naval blockade on Iran, resulting in diversion of 58 vessels from the region",7,Warning,[],D6_교란행위,HIGH,Hormuz blockade diversion,fe17f940224a7449c4f0323ee13a28de
US attacks on Iranian tankers spark reprisals,2026-05-09 15:15:00+00:00,English,THREAT,ROUTE,Iran,"US attacks on Iranian tankers provoke retaliatory actions, escalating tensions in maritime operations.",7,Warning,[],D6_교란행위,HIGH,US-Iran tanker conflict,51e99e7e083aa0979d9b2d577039731e
US forces redirect 57 commercial vessels amid blockade against Iran,2026-05-09 10:15:00+00:00,English,THREAT,ROUTE,Iran,US forces redirect 57 commercial vessels in response to a blockade against Iran,6,Warning,[],D6_교란행위,HIGH,Iran blockade vessels,cccca38e9b7d7bea21a3f820e8d578dc
Tehran Capable of Enduring Months - Long Blockade as Regional Violence Resurges,2026-05-09 09:15:00+00:00,English,THREAT,ROUTE,Iran,Tehran claims capability to endure months-long blockade amid resurgence of regional violence.,7,Warning,[],D6_교란행위,HIGH,Iran blockade endurance,fd98eec15c2293f56fee2be79c65d079
"Russia , Saudi Arabia urge calm , diplomacy in Strait of Hormuz",2026-05-09 09:15:00+00:00,English,THREAT,ROUTE,Strait of Hormuz,Russia and Saudi Arabia call for calm and diplomatic solutions regarding tensions in the Strait of Hormuz,7,Warning,"[""CP_Hormuz"", ""BP_SaudiEastWest""]",D6_교란행위,HIGH,Hormuz strait diplomacy,63af57f69f58ee88ce45a6574d6cc5f5
CIA report claims Iran can outlast US port blockade for 4 more months,2026-05-09 08:45:00+00:00,English,THREAT,ROUTE,Iran,CIA report assesses Iran can sustain a US port blockade for 4 additional months,7,Warning,[],D6_교란행위,HIGH,Iran blockade resilience,9762b08e2e1cc902ae1a5aa6451b3657
U . S . Blasts Two Iranian Blockade Runners,2026-05-09 07:30:00+00:00,English,THREAT,ROUTE,Iran,U.S. reports military action against Iranian vessels attempting to breach blockade,6,Warning,[],D6_교란행위,HIGH,Blockade runner attack,966940f88557cfd73bf27370f7d605b5
Russia urges withdrawal of UN Hormuz resolution targeting Iran,2026-05-09 07:30:00+00:00,English,THREAT,ROUTE,Iran,"Russia urges withdrawal of UN Hormuz resolution targeting Iran, indicating diplomatic tension over Strait of Hormuz governance",6,Warning,[],D6_교란행위,HIGH,Hormuz UN resolution,88a593e20ece847ad65192a8ecda8c29
"Tehran could withstand blockade for four months , CIA report shows , as fighting flares",2026-05-09 07:15:00+00:00,English,THREAT,SOURCE,Iran,CIA report indicates Iran could withstand a blockade for four months as military fighting escalates.,6,Warning,[],D6_교란행위,HIGH,Iran blockade duration,b853b4ebe76b2ebc454c5e5e675106a8
Trump threatens to resume  Project Freedom Plu if Iran deal not sealed,2026-05-09 07:00:00+00:00,English,THREAT,SOURCE,Iran,"Trump threatens to resume Project Freedom Plus if Iran does not reach a deal, signaling potential escalation of sanctions or military action against Iran.",6,Warning,[],D6_교란행위,HIGH,Hormuz operation threat,12516d864ffff4b7e726ab300da70322
Six missing after US strike on Iranian vessels near Oman,2026-05-09 06:45:00+00:00,English,THREAT,ROUTE,Oman,"US military strike on Iranian vessels near Oman results in six missing personnel, escalating tensions in the region.",7,Warning,"[""BP_OmanLand""]",D6_교란행위,HIGH,US strikes Iranian vessels,57c0643bedfde3380166eefc8ba002ef
South Korea draws Gulf oil storage interest as Hormuz stays closed,2026-05-09 06:15:00+00:00,English,THREAT,ROUTE,Gulf,South Korea explores Gulf oil storage options as Hormuz Strait remains closed to shipping.,8,Crisis,"[""KC_KAI"", ""CF_CrudeOil""]",D6_교란행위,HIGH,Hormuz closure oil storage,27a0d8b491c938d62fc926191a09598e
"Tehran could withstand blockade for 4 months , CIA report shows , as fighting flares",2026-05-09 04:15:00+00:00,English,THREAT,SOURCE,Iran,CIA report indicates Iran could sustain a blockade for 4 months amid escalating fighting,6,Warning,[],D6_교란행위,HIGH,Iran blockade duration,715aa50c506715227d090605ff1ebaa2
US - Israel - Iran War News Live Updates : Trump hints at  Project Freedom plu in Hormuz if Iran deal not sealed,2026-05-09 03:45:00+00:00,English,THREAT,ROUTE,Hormuz,Trump hints at military intervention in Hormuz Strait if Iran nuclear deal is not reached,8,Crisis,"[""CP_Hormuz"", ""EVT_Ukraine2022""]",D6_교란행위,HIGH,Hormuz deal negotiations,98fb9f3cb88913be042db969e15e6d3f
Donald Trump : US will start new Hormuz operation if Iran talks fail,2026-05-09 03:30:00+00:00,English,THREAT,ROUTE,Iran,Trump warns US will initiate new military operation at Hormuz strait if Iran nuclear negotiations fail,8,Crisis,"[""CP_Hormuz""]",D6_교란행위,HIGH,Hormuz operation threat,307d71662079aa0ebd2f234c44d5a02c
US - Iran exchange fire in Strait of Hormuz ; peace proposal pending,2026-05-09 02:15:00+00:00,English,THREAT,ROUTE,Strait of Hormuz,US and Iran exchange fire in Strait of Hormuz; peace proposal pending,9,Crisis,"[""CP_Hormuz""]",D6_교란행위,HIGH,Hormuz strait clash,572b95bd44bb9f87071879fac0231201
"Tehran could withstand blockade for months , CIA says",2026-05-09 00:30:00+00:00,English,THREAT,SOURCE,Iran,"CIA assesses that Tehran could withstand a blockade for months, indicating potential resilience to economic pressure or military blockade.",6,Warning,[],D6_교란행위,HIGH,Iran blockade endurance,53992e837c762a14edfd74820d4d5d8a
Ceasefire Day 32 : U . S . Awaits Iran Response to Peace Proposal - The American Conservative,2026-05-09 19:30:00+00:00,English,THREAT,ROUTE,Iran,"US awaits Iran's response to a peace proposal on ceasefire day 32, indicating ongoing diplomatic tension in Middle East region.",4,Caution,[],D6_교란행위,MEDIUM,Iran ceasefire proposal,6d959bf3de3baf30250914799017f479
"Bahrain , which hosts the U . S . Navy Mideast HQ , arrests dozens with alleged links to Iran IRGC",2026-05-09 19:30:00+00:00,English,THREAT,SOURCE,Bahrain,Bahrain arrests dozens with alleged links to Iran IRGC amid U.S. Navy presence in the region.,4,Caution,[],D6_교란행위,MEDIUM,Iran-Bahrain tensions,794bedd2516d74474baac37f17e0edd8
Tehran importing drone components via Caspian Sea,2026-05-09 19:15:00+00:00,English,THREAT,SOURCE,Iran,"Tehran is importing drone components via the Caspian Sea, indicating potential circumvention of sanctions or military procurement activity.",2,Normal,[],D6_교란행위,MEDIUM,Iran drone imports,9e5844a79d64a990f45fa95e9975fae3
US - Iran Talks Stall as Gulf Clashes Flare - Pakistan Today,2026-05-09 19:00:00+00:00,English,THREAT,ROUTE,"US, Iran, Gulf",US-Iran diplomatic talks stall while military clashes escalate in the Persian Gulf region,7,Warning,[],D6_교란행위,MEDIUM,US-Iran Gulf conflict,cff719b3859fc8aeb5cc807a977e498b
"US , Iran no closer to ending war as Tehran response awaited",2026-05-09 19:00:00+00:00,English,THREAT,ROUTE,"US, Iran",US and Iran remain at an impasse with no resolution to ongoing conflict as Tehran prepares a response.,7,Warning,"[""EVT_Ukraine2022""]",D6_교란행위,MEDIUM,US-Iran ceasefire,0898434df349ffd67b3f28d684e4dd0f
Iran ceasefire appears to hold and Bahrain detains dozens over suspected Revolutionary Guard links,2026-05-09 18:45:00+00:00,English,THREAT,ROUTE,"Iran, Bahrain",Iran ceasefire appears to hold and Bahrain detains dozens over suspected Revolutionary Guard links,4,Caution,"[""KC_LotteConst""]",D6_교란행위,MEDIUM,Iran ceasefire Bahrain,be67f6b2965830630c4aa5984ab62dac
UK deploys warship to Middle East with eye on potential Hormuz mission,2026-05-09 18:45:00+00:00,English,THREAT,ROUTE,Middle East,UK deploys warship to Middle East with potential mission focus on Strait of Hormuz,7,Warning,[],D6_교란행위,MEDIUM,Hormuz security,c7c45537a8c8d77b7079d5293d95384f
Russia and Iran use Caspian Sea trade route to aid Tehran drone program,2026-05-09 18:45:00+00:00,English,THREAT,SOURCE,"Russia, Iran, Caspian Sea",Russia and Iran are using Caspian Sea trade route to support Iran's drone program.,2,Normal,"[""KC_LotteConst""]",D6_교란행위,MEDIUM,Iran-Russia trade,eea469085d532176516af8187f4397c4
Iran truce appears stable as Bahrain rounds up dozens tied to revolutionary guard,2026-05-09 17:45:00+00:00,English,THREAT,SOURCE,"Iran, Bahrain",Iran truce appears stable as Bahrain rounds up dozens tied to revolutionary guard,3,Normal,[],D6_교란행위,MEDIUM,Iran ceasefire stability,a9144406f2166c468eeb33287ad4c936
UK deploys Royal Navy warship to Mideast ahead of possible Hormuz security mission,2026-05-09 16:30:00+00:00,English,THREAT,ROUTE,Middle East,UK deploys Royal Navy warship to Middle East in preparation for potential Hormuz Strait security mission,7,Warning,[],D6_교란행위,MEDIUM,Hormuz security deployment,14cff71748031ef74027fbfed491e73f
بانتظار رد طهران .. البيت الأبيض : نمتلك « اليد العليا » في مواجهة إيران,2026-05-09 16:15:00+00:00,English,THREAT,ROUTE,Iran,"White House states it holds 'upper hand' in confrontation with Iran, awaiting Tehran's response.",6,Warning,[],D6_교란행위,MEDIUM,US-Iran standoff,38c5d94ff7bc6624b58022c0dad6ed57
NYT : Russia Is Shipping Drone Components To Iran Via Caspian Sea,2026-05-09 15:30:00+00:00,English,THREAT,SOURCE,"Russia, Iran, Caspian Sea",Russia is shipping drone components to Iran via the Caspian Sea,2,Normal,"[""POL_ShippingReroute""]",D6_교란행위,MEDIUM,Iran-Russia alliance,d41acf4f90c085ccba39543f7b7250e4
"US , Iran no closer to ending war as Gulf clashes flare",2026-05-09 15:00:00+00:00,English,THREAT,ROUTE,"US, Iran, Gulf","US and Iran remain in conflict with escalating clashes in the Gulf region, no diplomatic progress toward resolution.",7,Warning,"[""EVT_Ukraine2022""]",D6_교란행위,MEDIUM,US-Iran Gulf tensions,c65b0ce0ead0d2c47aa5c928f8533982
  The ideal place to bypass sanction : How Iran is arming itself with Russia help,2026-05-09 15:00:00+00:00,English,THREAT,SOURCE,"Iran, Russia","Report on Iran acquiring military capabilities through Russian assistance, potentially circumventing sanctions.",3,Normal,[],D6_교란행위,MEDIUM,Iran sanctions evasion,bbd48e58761ceb993ec318af415e5e9d
"Trump - Xi Beijing Summit To Focus On Iran Conflict , Trade Tensions",2026-05-09 14:45:00+00:00,English,THREAT,SOURCE,"China, Iran",Trump-Xi summit planned to address Iran conflict and US-China trade tensions.,5,Caution,[],D6_교란행위,MEDIUM,Iran-US tensions,5b8313b4169db2bc4cc745520d23f2ae
Any Iran deal without proxy restrictions is strategic surrender,2026-05-09 14:00:00+00:00,English,THREAT,SOURCE,Iran,Opinion piece arguing that any Iran nuclear deal without restrictions on proxy activities would represent strategic surrender.,4,Caution,"[""POL_SPR""]",D6_교란행위,MEDIUM,Iran nuclear deal,e811c0fe11aad2c0cd57b32e807008ba
Royal Navy warship heads to Middle East for potential Strait of Hormuz mission,2026-05-09 14:00:00+00:00,English,THREAT,ROUTE,Middle East,Royal Navy warship is being deployed to the Middle East for a potential mission related to the Strait of Hormuz.,7,Warning,[],D6_교란행위,MEDIUM,Hormuz security,c5de4de30afc88c60021b0d00babe013
Royal Navy warship dispatched for potential Strait of Hormuz mission,2026-05-09 14:00:00+00:00,English,THREAT,ROUTE,Strait of Hormuz,Royal Navy warship dispatched for potential mission in the Strait of Hormuz,7,Warning,"[""CP_Hormuz""]",D6_교란행위,MEDIUM,Hormuz security,ce7ef18458ccc862a3fe7569efcf33bf
War in the Middle East : latest developments,2026-05-09 13:45:00+00:00,English,THREAT,ROUTE,Middle East,War in the Middle East with latest developments reported; potential threat to regional maritime routes and shipping stability.,7,Warning,"[""EVT_Ukraine2022""]",D6_교란행위,MEDIUM,Middle East conflict,749bcd8e2916dfb0ceb63609f123a7e1
مسؤولون أمريكيون : صبر ترمب ينفد .. وتعنّت إيران يهدد المفاوضات,2026-05-09 12:00:00+00:00,English,THREAT,SOURCE,Iran,US officials report Trump's patience is running out and Iran's intransigence threatens negotiations,6,Warning,[],D6_교란행위,MEDIUM,Iran-US tensions,dafaa52a77c134854ba9913be884c9cd
British Airways warns of fare rises after Iran war lands owner a £1 . 7billion fuel bill,2026-05-09 11:45:00+00:00,English,DOMESTIC_IMPACT,,United Kingdom,British Airways warns of fare increases following a £1.7 billion fuel bill resulting from Iran conflict escalation.,3,Normal,"[""EVT_Ukraine2022""]",D6_교란행위,MEDIUM,Fuel cost impact,8fee37e9734919aa4acdec76850bba55
"US , Iran no closer to ending war",2026-05-09 10:45:00+00:00,English,THREAT,ROUTE,"US, Iran","US and Iran remain in conflict with no progress toward resolution, escalating geopolitical tensions.",7,Warning,"[""EVT_Ukraine2022""]",D6_교란행위,MEDIUM,US-Iran conflict,b8f9c14fd57d6f976cdc0db9c11ba65b
"Russia says US , Bahrain should withdraw UN resolution on Iran actions in Hormuz Strait",2026-05-09 10:15:00+00:00,English,THREAT,ROUTE,Hormuz Strait,Russia calls for US and Bahrain to withdraw UN resolution regarding Iranian actions in Hormuz Strait,7,Warning,"[""CP_Hormuz""]",D6_교란행위,MEDIUM,Hormuz diplomatic dispute,c7322d8da42f4ad3924d74e602353987
"  1 Indian national dead , 4 injured , says Govt source after dhow catches fire near Strait of Hormuz",2026-05-09 10:15:00+00:00,English,THREAT,LOGISTICS,Strait of Hormuz,"A dhow caught fire near the Strait of Hormuz, resulting in 1 death and 4 injuries.",4,Caution,"[""CP_Hormuz""]",D6_교란행위,MEDIUM,Hormuz incident,6cb1d405228fcf7d43788e9f938d2277
U . S . and Iran no closer to ending war as Gulf clashes test ceasefire,2026-05-09 10:00:00+00:00,English,THREAT,ROUTE,Gulf,"US and Iran remain in conflict with ongoing clashes in the Gulf region, threatening ceasefire efforts.",7,Warning,"[""EVT_Ukraine2022"", ""KC_LotteConst""]",D6_교란행위,MEDIUM,Gulf clashes ceasefire,a669edd088ee71f802fc3a006ebd24f7
US and Iran May Resume Peace Talks in Islamabad Next Week,2026-05-09 09:15:00+00:00,English,THREAT,SOURCE,Islamabad / US-Iran,US and Iran may resume peace talks in Islamabad next week,2,Normal,"[""KC_LotteConst""]",D6_교란행위,MEDIUM,Iran-US diplomacy,2251717901c15ae92526b5e39ef1c823
US and Iran no closer to ending war as Gulf clashes flare,2026-05-09 08:45:00+00:00,English,THREAT,ROUTE,Gulf,"US and Iran tensions escalate with clashes in the Gulf, with no diplomatic progress toward resolution.",7,Warning,"[""EVT_Ukraine2022"", ""KC_LotteConst""]",D6_교란행위,MEDIUM,Gulf military clashes,d0233464793d802374a92d908ae4668c
"IRAN WAR WEEK 11 , day 1 : Trump says ceasefire intact after exchanging attacks with Iran",2026-05-09 07:30:00+00:00,English,THREAT,ROUTE,Iran,Trump reports ceasefire intact between US and Iran after exchanging military attacks,6,Warning,"[""EVT_Ukraine2022""]",D6_교란행위,MEDIUM,Iran-US conflict,e4af444b9dbace63a29332c9bd457bd3
UK sends warship to Gulf for potential Strait of Hormuz mission,2026-05-09 19:30:00+00:00,English,THREAT,ROUTE,"UK, Gulf",UK deploys warship to Gulf region for potential Strait of Hormuz mission,7,Warning,[],D7_행위자,HIGH,Hormuz strait mission,2a06c80e60e345258955987847fa2c2b
"Iran War : Iran Yet to Answer US Proposal as Recent Exchange of Fire in Gulf Exposes US Weapons Shortages ; More on Poor Prospects for Global Economy , Resumption of Old Normal Gulf Traffic Levels",2026-05-09 14:00:00+00:00,English,THREAT,ROUTE,"Iran, US, Gulf",Iran-US military tensions in the Gulf with recent exchange of fire; concerns about US weapons shortages and poor global economic prospects; uncertainty about resumption of normal Gulf traffic levels.,7,Warning,"[""EVT_Ukraine2022""]",D7_행위자,HIGH,Hormuz traffic disruption,a0c222eb1279bda6a90075839f8d3b89
Senior Iranian lawmaker says bill to set up Hormuz legal regime ready,2026-05-09 12:45:00+00:00,English,THREAT,ROUTE,Iran,Iranian lawmaker announces readiness of bill to establish legal regime for Strait of Hormuz,7,Warning,"[""CP_Hormuz""]",D7_행위자,HIGH,Hormuz legal regime,aff8ef9be7209615fa3419f8c2885f7c
S . Korean destroyer to deploy with anti - drone upgrades amid Hormuz tensions,2026-05-09 00:30:00+00:00,English,THREAT,ROUTE,Hormuz,South Korean destroyer to deploy with anti-drone upgrades in response to Hormuz tensions,7,Warning,"[""CP_Hormuz"", ""KC_KoreanAir""]",D7_행위자,HIGH,Korean naval deployment,d2fd6b0c59f1767c2cdc4db5e0c466a8
Commentary : Even the world most powerful navy cannot simply restore safe passage in the Strait of Hormuz,2026-05-09 00:15:00+00:00,English,THREAT,ROUTE,Strait of Hormuz,Commentary argues that even the world's most powerful navy cannot unilaterally ensure safe passage through the Strait of Hormuz.,8,Crisis,"[""CP_Hormuz""]",D7_행위자,HIGH,Hormuz passage risk,291881f4fb0854978c6c1eab68b691d8
"US Sanctions Foreign Entities Accused Of Sharing Satellite Imagery , Access To Arms To Prop Up Iran War Effort",2026-05-09 19:30:00+00:00,English,THREAT,SOURCE,Iran,US imposes sanctions on foreign entities for providing satellite imagery and arms access to support Iran's war effort.,3,Normal,"[""EVT_Ukraine2022""]",D7_행위자,MEDIUM,Iran sanctions,3e15c7ec5538ae761bca13a9d714b825
"Israel , US focused strikes on Iran nuclear weaponization over enrichment",2026-05-09 18:45:00+00:00,English,THREAT,SOURCE,Iran,US and Israel conduct focused strikes on Iran's nuclear weaponization capabilities rather than enrichment facilities,4,Caution,[],D7_행위자,MEDIUM,Iran nuclear strikes,31eccfbe73ae9aec4fc71df8a0317a19
"US , Iran no closer to ending war as Gulf clashes flare - Marianas Variety News & Views",2026-05-09 16:30:00+00:00,English,THREAT,ROUTE,"US, Iran, Gulf","US-Iran tensions escalate with military clashes in the Gulf region, raising risk of maritime route disruption.",7,Warning,"[""EVT_Ukraine2022""]",D7_행위자,MEDIUM,Gulf military clashes,e00133f67707b8e5269a93b8f0fb12e4
Trump Iran War Narrative Isnt Holding Up to Reality,2026-05-09 15:30:00+00:00,English,IRRELEVANT,,,Opinion piece questioning the credibility of Trump administration's Iran conflict narrative,0,Normal,"[""EVT_Ukraine2022""]",D7_행위자,MEDIUM,Iran-US tensions,c7f66abda0234718e917621188fc3665
Inside the US military playbook to cripple Iran if nuclear talks collapse,2026-05-09 15:30:00+00:00,English,THREAT,SOURCE,Iran,US military planning disclosure regarding potential strikes against Iran if nuclear negotiations fail,5,Caution,[],D7_행위자,MEDIUM,Iran military strategy,c3e553cc4807af47796f4ed7b947a090
"Supreme Leader Mojtaba Khamenei was struck by shrapnel during US attack , Iranian officials say :  Suffered injuries to ... ",2026-05-09 14:00:00+00:00,English,IRRELEVANT,,Iran,Iranian officials report that Supreme Leader Mojtaba Khamenei was struck by shrapnel during a US attack and suffered injuries.,0,Normal,[],D7_행위자,MEDIUM,Iran leadership attack,95f71a5e89bb3468c31e48651b8bcc73
From Hormuz to Ethiopia : A Distant War Triggering a Domestic Economic Shock – New Business Ethiopia,2026-05-09 14:00:00+00:00,English,THREAT,ROUTE,"Hormuz, Ethiopia",Geopolitical tensions spanning Hormuz to Ethiopia are reported as triggering economic shock domestically in Ethiopia.,7,Warning,"[""EVT_Ukraine2022""]",D7_행위자,MEDIUM,Hormuz economic impact,c1773dfb24b86251f5c40e625159e29c
Trump Threatens to Resume Project Freedom in Hormuz Waterway,2026-05-09 14:00:00+00:00,English,THREAT,ROUTE,Hormuz Waterway,Trump threatens to resume Project Freedom operations in Hormuz Waterway,8,Crisis,"[""CP_Hormuz""]",D7_행위자,MEDIUM,Hormuz military posturing,0931ca3b373ae6c0d55d05dcdff49a70
New US Sanctions Target Iran Military Procurement Networks Under Trump Economic Fury Campaign,2026-05-09 12:00:00+00:00,English,THREAT,SOURCE,Iran,US announces new sanctions targeting Iran's military procurement networks as part of Trump administration economic policy,5,Caution,[],D7_행위자,MEDIUM,Iran sanctions,af0cbeb611118e1ed56b5a630ca9eb93
"6 injured , 6 missing in U . S . attack on Iranian vessels near Omani port - Xinhua",2026-05-09 10:00:00+00:00,English,THREAT,ROUTE,Oman,U.S. attack on Iranian vessels near Omani port results in 6 injured and 6 missing,6,Warning,[],D7_행위자,MEDIUM,US Iran vessel clash,996ad1262d831ff5082bb5ce4b7bbfa5
New US sanctions target Iran military procurement networks under Trump ,2026-05-09 09:45:00+00:00,English,THREAT,SOURCE,Iran,US announces new sanctions targeting Iran's military procurement networks under Trump administration,4,Caution,[],D7_행위자,MEDIUM,Iran sanctions,9893ffa29556eb6ef11409548dc0591e
US Sanctions Global Network Aiding Iran Drone and Missile Programs,2026-05-09 09:15:00+00:00,English,THREAT,SOURCE,Global/Iran,US imposes sanctions on a global network supporting Iran's drone and missile programs,3,Normal,"[""KC_LotteConst""]",D7_행위자,MEDIUM,Iran sanctions,2096d19c95c7b33a2ff85e27d8fbb646
More clashes as US - Iran talks appear to stall,2026-05-09 06:00:00+00:00,English,THREAT,SOURCE,US-Iran,"US-Iran diplomatic talks appear stalled amid ongoing clashes, raising tensions between the two countries.",6,Warning,[],D7_행위자,MEDIUM,US-Iran tensions,6a93dab04a932c58a8bb767e0be53578
US sanctions 10 firms accused of aiding Iran weapons and drone supply network,2026-05-09 05:00:00+00:00,English,THREAT,SOURCE,US/Iran,US imposes sanctions on 10 firms for allegedly supporting Iran's weapons and drone supply network,3,Normal,"[""KC_LotteConst""]",D7_행위자,MEDIUM,Iran sanctions,fac53adf07c45524d93d59dff23fc07f
Rubio expects Iran response by Friday ; Tehran appears unconcerned with deadline,2026-05-09 04:15:00+00:00,English,THREAT,ROUTE,Iran,U.S. Secretary Rubio expects Iranian response by Friday; Iran downplays urgency of deadline.,5,Caution,[],D7_행위자,MEDIUM,Iran-US negotiations,0c5059036a9d73678a9c15ab53bf200f
Iran war : US expecting Tehran response to proposed deal,2026-05-09 03:45:00+00:00,English,THREAT,SOURCE,Iran,US expects Iran to respond to a proposed deal regarding the Iran war situation.,4,Caution,"[""EVT_Ukraine2022""]",D7_행위자,MEDIUM,Iran-US negotiations,c9b093cb80f7f88ffb8a177bf0a3da3d
Iran Foreign Arms Networks Targeted,2026-05-09 03:15:00+00:00,English,THREAT,SOURCE,Iran,"Report of targeting Iran's foreign arms networks, indicating geopolitical tension and potential sanctions/enforcement action.",2,Normal,[],D7_행위자,MEDIUM,Iran sanctions,a8a9947db08650967755a503cb337d96
Seoul continues inspection into fire on vessel in Strait of Hormuz,2026-05-09 10:00:00+00:00,English,DISRUPTION,LOGISTICS,Strait of Hormuz,Seoul conducts inspection into a vessel fire incident occurring in the Strait of Hormuz.,6,Warning,"[""CP_Hormuz"", ""VT_Reefer""]",D9_한국,HIGH,Hormuz vessel fire,ca7a329a2d37c07fe55ef2b6e99b98bd
"South Korea seizes two Chinese boats over illegal fishing , one sailor dies ; Seoul probes cargo vessel fire in Strait of Hormuz",2026-05-09 14:45:00+00:00,English,THREAT,ROUTE,Strait of Hormuz,South Korea seizes two Chinese fishing boats with one sailor death; Seoul investigates cargo vessel fire in Strait of Hormuz,7,Warning,"[""CP_Hormuz"", ""VT_Reefer"", ""KC_KAI""]",D9_한국,MEDIUM,Hormuz cargo fire,c94ed2306de92d3acc41daff4a8356af
Seoul brokerages ramp up preparations for omnibus accounts amid KOSPI surge,2026-05-09 06:30:00+00:00,English,IRRELEVANT,,,Seoul brokerages prepare omnibus accounts in response to KOSPI stock market surge.,0,Normal,[],D9_한국,MEDIUM,KOSPI surge,d0819df2ac69c3ef8054330ae56b01a0
"Geopolitical tensions drag markets lower , but Nifty ends week in green",2026-05-09 03:45:00+00:00,English,IRRELEVANT,,,"Geopolitical tensions cause market decline, but Indian Nifty index ends the week with gains.",0,Normal,[],D9_한국,MEDIUM,Market volatility,28da2ea629b838d8d0b435f91c2db5b1
World largest oil company reports 25 % profit jump as exports bypass Strait of Hormuz closure,2026-05-10 19:00:00+00:00,English,DISRUPTION,ROUTE,Strait of Hormuz,World's largest oil company reports 25% profit jump as exports bypass Strait of Hormuz closure.,7,Warning,"[""CP_Hormuz"", ""CF_CrudeOil""]",D2_품목,HIGH,Hormuz closure oil exports,007ce21eca4fec33bee09037881fb498
Qatar sends first LNG shipment through Hormuz since war started,2026-05-10 19:00:00+00:00,English,DISRUPTION,ROUTE,"Qatar, Hormuz","Qatar resumes LNG shipments through Strait of Hormuz following start of war, indicating route remains operationally open despite conflict.",6,Warning,"[""CP_Hormuz"", ""EVT_Ukraine2022"", ""POL_LNGDiversify""]",D6_교란행위,HIGH,Qatar LNG Hormuz,5e2a71bce9359884cbdedba3f55910fc
Saudi oil giant Aramco sees Q1 profits rise 25 % by shifting exports to its East - West Pipeline,2026-05-10 18:30:00+00:00,English,IRRELEVANT,,Saudi Arabia,Saudi Aramco reports 25% Q1 profit increase attributed to shifting crude oil exports to its East-West Pipeline,0,Normal,"[""BP_SaudiEastWest"", ""CF_CrudeOil""]",D2_품목,HIGH,Aramco pipeline bypass Hormuz,a325b75c8824c4b155e21bb9cd1a752a
Pakistan in talks with Iran for more Qatar LNG via Strait of Hormuz,2026-05-10 18:15:00+00:00,English,THREAT,SOURCE,"Pakistan, Iran, Qatar",Pakistan negotiates with Iran to increase LNG imports from Qatar via Strait of Hormuz,5,Caution,"[""POL_LNGDiversify""]",D6_교란행위,HIGH,LNG supply route,fb3eb91e636e40086c6470e46e3cd30d
Global food prices rise amid Hormuz disruptions,2026-05-10 18:00:00+00:00,English,THREAT,ROUTE,Hormuz,Global food prices are rising amid disruptions at the Hormuz Strait chokepoint.,7,Warning,"[""CP_Hormuz"", ""KS_FoodAgri""]",D2_품목,HIGH,Food price inflation,ee2b1466edd20f4db2abec1dd4992fce
"Iranian ships under fire in gulf of Oman , fires and leaks captured by satellites",2026-05-10 18:00:00+00:00,English,THREAT,ROUTE,Gulf of Oman,Iranian ships reported under fire in Gulf of Oman with fires and leaks documented by satellite imagery,7,Warning,"[""BP_OmanLand"", ""KC_LotteConst""]",D9_한국,HIGH,Gulf tanker attacks,4815bd3abbfb8342ca7f1399317c60a5
Confirmed vessel strike may reshape Seoul stance on joining US - led Hormuz mission,2026-05-10 17:00:00+00:00,English,THREAT,ROUTE,Hormuz,Vessel strike incident may influence Seoul's decision on participation in US-led Hormuz security mission,7,Warning,"[""CP_Hormuz"", ""VT_Reefer""]",D9_한국,HIGH,Hormuz vessel strike,8a612fa08e0af32c6a04f847d1e645f3
"Iran vows to respond to U . S . attacks , as drones target Gulf vessels",2026-05-10 17:00:00+00:00,English,THREAT,ROUTE,Gulf,Iran vows to respond to U.S. attacks as drones target Gulf vessels,7,Warning,[],D9_한국,HIGH,Iran drone attacks,eb4cd27a46e850955e4cf4e6c5dc398d
Drone attacks and cargo ship fire in the Gulf during Iran war ceasefire,2026-05-10 16:30:00+00:00,English,THREAT,ROUTE,Gulf,Drone attacks and cargo ship fire reported in the Gulf during Iran war ceasefire period,7,Warning,"[""EVT_Ukraine2022"", ""KC_LotteConst""]",D4_운송,HIGH,Gulf cargo ship attack,3d528f44303e358e4bed87ac9ccc487e
South Korea says  unidentified aircraft  hit cargo vessel in Hormuz Monday – The Frontier Post,2026-05-10 16:30:00+00:00,English,THREAT,ROUTE,Hormuz,"Unidentified aircraft hit cargo vessel in Hormuz, reported by South Korea.",7,Warning,"[""CP_Hormuz"", ""VT_Reefer"", ""KC_KAI""]",D9_한국,HIGH,Cargo Vessel Attack,96f9e014f8e6e9228c0775953bc7d7e0
South Korea briefs Iranian envoy after probe finds vessel hit by 2 projectiles,2026-05-10 16:15:00+00:00,English,THREAT,ROUTE,Iran,South Korea briefs Iranian envoy after investigation confirms a vessel was hit by two projectiles.,7,Warning,"[""VT_Reefer"", ""KC_KAI""]",D9_한국,HIGH,Korean ship Hormuz attack,99a96b082a5f9e426e61f9962d526a21
Bad News for Americans : Strait of Hormuz Crisis Could Keep Gas Prices Sky - High for a Decade,2026-05-10 16:00:00+00:00,English,THREAT,ROUTE,Strait of Hormuz,Strait of Hormuz crisis could maintain high gas prices for a decade,8,Crisis,"[""CP_Hormuz"", ""KC_SKGas""]",D2_품목,HIGH,Hormuz strait crisis,cfae8c43d810292133500acc2d261e7c
Iran Responds to US Peace Proposal as Drones Hit Gulf,2026-05-10 15:30:00+00:00,English,THREAT,ROUTE,"Iran, Gulf",Iran responds to US peace proposal as drones hit the Gulf region,7,Warning,[],D2_품목,HIGH,Iran drones Gulf attack,70a19f7ed38815cc80d03533c70bd259
Iran war ceasefire tested as cargo ship catches fire,2026-05-10 15:30:00+00:00,English,THREAT,LOGISTICS,Iran,"A cargo ship catches fire amid tensions over Iran war ceasefire, raising concerns about maritime safety in the region.",4,Caution,"[""EVT_Ukraine2022""]",D4_운송,HIGH,Hormuz cargo ship,5da441c166f8d1ac7d0e48c121ddac49
South Korea says ship in Hormuz was hit by unidentified objects on May 4,2026-05-10 15:30:00+00:00,English,THREAT,ROUTE,Hormuz,South Korean ship attacked by unidentified objects in Hormuz Strait on May 4,8,Crisis,"[""CP_Hormuz"", ""KC_KAI""]",D9_한국,HIGH,Korean ship Hormuz attack,626528c4cacb157ed635cde6f373be26
Drone hits ship near Qatar as US awaits Iran peace plan response,2026-05-10 15:15:00+00:00,English,THREAT,ROUTE,Qatar,Drone strikes a ship near Qatar amid ongoing US-Iran tensions and negotiations.,6,Warning,[],D3_인프라,HIGH,Drone attack Qatar,eb32d57e2d1b34bf7d402a44958dfb20
S . Korea says unidentified aerial objects hit vessel in Strait of Hormuz - Xinhua,2026-05-10 15:15:00+00:00,English,THREAT,ROUTE,Strait of Hormuz,South Korea reports unidentified aerial objects struck a Korean vessel in the Strait of Hormuz.,8,Crisis,"[""CP_Hormuz"", ""VT_Reefer"", ""KC_KAI""]",D9_한국,HIGH,Korean vessel Hormuz,3ddd4ca7388dae3501ebe68fef202597
Iran ceasefire tested as drone hits cargo ship off Qatar while Kuwait and UAE repel drone attacks,2026-05-10 14:45:00+00:00,English,THREAT,ROUTE,"Qatar, Kuwait, UAE",Drone attack hits cargo ship off Qatar; Kuwait and UAE also repel drone attacks amid Iran ceasefire tensions,6,Warning,"[""KC_LotteConst""]",D4_운송,HIGH,Drone attack cargo ship,819026106ed262932052d6b6c621748e
2nd LD Writethru : S . Korea says unidentified aerial objects hit vessel in Strait of Hormuz,2026-05-10 14:45:00+00:00,English,THREAT,ROUTE,Strait of Hormuz,Unidentified aerial objects struck a South Korean vessel in the Strait of Hormuz,8,Crisis,"[""CP_Hormuz"", ""VT_Reefer"", ""KC_KAI""]",D9_한국,HIGH,Korean vessel Hormuz,4959e49b88f517f7c673e3cc22661215
"Ceasefire with Iran tested as cargo ship catches fire and Kuwait , U . A . E . repel drone attacks",2026-05-10 14:00:00+00:00,English,THREAT,ROUTE,"Iran, Kuwait, UAE",Ceasefire with Iran tested as cargo ship catches fire and Kuwait and UAE repel drone attacks in the region.,7,Warning,"[""KC_LotteConst""]",D4_운송,HIGH,Cargo ship fire Gulf,2cedace7a3fe1b90319a54f3756696fa
Iran war ceasefire tested as cargo ship catches fire and Kuwait and UAE repel drone attacks,2026-05-10 14:00:00+00:00,English,THREAT,ROUTE,"Iran, Kuwait, UAE",Cargo ship catches fire amid Iran ceasefire tensions; Kuwait and UAE report repelled drone attacks in region,6,Warning,"[""EVT_Ukraine2022"", ""KC_LotteConst""]",D4_운송,HIGH,Gulf drone attacks shipping,211afd3f4821d61415d08e5eadf1f9a9
Iran continues to test cease - fire with drone strikes on Gulf states and cargo ship,2026-05-10 13:30:00+00:00,English,THREAT,ROUTE,Gulf states,Iran conducts drone strikes on Gulf states and cargo ship while testing ceasefire agreement,7,Warning,"[""KC_LotteConst""]",D4_운송,HIGH,Iran Gulf tensions,84a0763cc0a81417d58eca1df3fc04e7
Maritime analyst says Iran may use fast boats to escort vessels in Strait of Hormuz - Xinhua,2026-05-10 13:30:00+00:00,English,THREAT,ROUTE,Iran,Maritime analyst reports Iran may deploy fast boats to escort vessels transiting the Strait of Hormuz,7,Warning,"[""CP_Hormuz""]",D4_운송,HIGH,Hormuz Escort,18abd8159dcd6ac2c1f27bf18795fe90
Seoul concludes  external strike  caused explosion on HMM vessel in Hormuz,2026-05-10 13:30:00+00:00,English,THREAT,ROUTE,Hormuz,Seoul concludes external strike caused explosion on HMM vessel in Hormuz Strait,8,Crisis,"[""CP_Hormuz"", ""VT_Reefer"", ""KC_HMM""]",D9_한국,HIGH,Vessel Attack Hormuz,7fefe411dce1a97b836194143e38c3f1
Saudi Aramco profit jumps 25 % as Hormuz tensions strain global oil supply,2026-05-10 13:15:00+00:00,English,THREAT,ROUTE,Saudi Arabia,Saudi Aramco reports 25% profit increase amid Hormuz Strait tensions that strain global oil supply,7,Warning,"[""BP_SaudiEastWest"", ""CF_CrudeOil""]",D2_품목,HIGH,Hormuz tensions oil supply,fad3bc303a0af7c6ed3a502ead8b946b
"Iran war : Ceasefire tested by ship fire , drone attacks",2026-05-10 13:15:00+00:00,English,THREAT,ROUTE,Iran,Iran ceasefire is tested by ship fire and drone attacks in the region.,7,Warning,"[""EVT_Ukraine2022""]",D2_품목,HIGH,Iran conflict shipping,15169be69267091823d94d16f3412e78
South Korea says  unidentified aircraft  hit cargo vessel in Hormuz Monday,2026-05-10 13:15:00+00:00,English,THREAT,ROUTE,Hormuz,"Unidentified aircraft struck a cargo vessel in the Hormuz region on Monday, indicating military activity in a critical shipping lane.",8,Crisis,"[""CP_Hormuz"", ""VT_Reefer"", ""KC_KAI""]",D9_한국,HIGH,Hormuz vessel attack,cb820477cc47250a392179ed9bd7f44f
"Iran says oil output uninterrupted as tankers crush US blockade , Tehran eyes new revenue from Hormuz",2026-05-10 11:30:00+00:00,English,THREAT,ROUTE,"Iran, Hormuz",Iran claims uninterrupted oil output and reports tankers bypassing US blockade; Tehran aims to increase revenue from Hormuz strait operations.,7,Warning,"[""CP_Hormuz"", ""CF_CrudeOil""]",D2_품목,HIGH,Hormuz oil transit,499771ba2622c5cfa2041c91f6ff6042
May 8 : Iranian forces inflict damage on US assets in Strait of Hormuz as Trump desperation grows,2026-05-10 11:30:00+00:00,English,THREAT,ROUTE,Strait of Hormuz,Iranian forces reported to have inflicted damage on US assets in the Strait of Hormuz amid escalating US-Iran tensions.,8,Crisis,"[""CP_Hormuz""]",D2_품목,HIGH,Hormuz strait attack,b960cd88e90f74d9dc8130462fd1d352
Iran navy says any ship attacks will be avenged | Northwest Arkansas Democrat - Gazette,2026-05-10 11:30:00+00:00,English,THREAT,ROUTE,Iran,Iran's navy threatens to avenge any attacks on ships,6,Warning,[],D4_운송,HIGH,Iran Naval Threat,bc6bf68f3e832fc73b4ace83b55b3d90
"Iran war : Ceasefire tested by ship fire , drone attack",2026-05-10 11:00:00+00:00,English,THREAT,ROUTE,Iran,Iran ceasefire is tested by ship fire and drone attack incidents,6,Warning,"[""EVT_Ukraine2022""]",D2_품목,HIGH,Iran conflict shipping,20aa51420c6d110fe11de281d45b398a
Iran uses  mosquito fleet  to tighten grip on Strait of Hormuz : Report,2026-05-10 11:00:00+00:00,English,THREAT,ROUTE,Iran,Iran is using a mosquito fleet to increase its control over the Strait of Hormuz.,8,Crisis,"[""CP_Hormuz""]",D4_운송,HIGH,Hormuz blockade,4ba06f78d99c433e254f550eed588f5d
Strait of Hormuz remains effectively blocked,2026-05-10 10:15:00+00:00,English,DISRUPTION,ROUTE,Strait of Hormuz,"Strait of Hormuz remains effectively blocked, maintaining a state of maritime route obstruction.",9,Crisis,"[""CP_Hormuz""]",D2_품목,HIGH,Hormuz blockade,ed79d8c2eabae3a9181102c31f5bd9fb
"Cargo Ship Hit By Projectile Off Qatar Coast , united kingdom Maritime Agency Says",2026-05-10 10:15:00+00:00,English,THREAT,ROUTE,Qatar,A cargo ship was hit by a projectile off the Qatar coast according to UK Maritime Agency reports.,4,Caution,[],D6_교란행위,HIGH,Cargo ship attack,5b6f211ee99c717e9783649b855b05ce
Iran Warns Countries Enforcing US Sanctions May Face Strait Of Hormuz Shipping Disruptions,2026-05-10 10:15:00+00:00,English,THREAT,ROUTE,Iran,Iran warns that countries enforcing US sanctions may face shipping disruptions in the Strait of Hormuz.,8,Crisis,"[""CP_Hormuz"", ""POL_ShippingReroute""]",D6_교란행위,HIGH,Hormuz disruption threat,b3b4e6533818b382b4ae47df41a7ae80
US War on Iran Is Now Disrupting Global Fertilizer and Metals Supply Chains,2026-05-10 10:00:00+00:00,English,THREAT,SOURCE,Iran,US military actions against Iran are disrupting global fertilizer and metals supply chains.,7,Warning,"[""EVT_Ukraine2022"", ""KC_LotteConst""]",D2_품목,HIGH,Iran war supply chains,9551f2688a7a91c17bf4a240bce2386c
US - Israeli war on Iran causes shortage of global sulfuric acid supplies : Report,2026-05-10 10:00:00+00:00,English,THREAT,SOURCE,Iran,US-Israeli military action on Iran reported to cause global sulfuric acid supply shortage.,6,Warning,"[""EVT_Ukraine2022""]",D2_품목,HIGH,Sulfuric acid shortage,cc11f435567eb4b6da3f9fa759af759b
Bulk carrier catches fire off Qatari coast as tensions remain high in Strait of Hormuz,2026-05-10 10:00:00+00:00,English,THREAT,ROUTE,Qatar,Bulk carrier vessel catches fire off Qatari coast amid ongoing Strait of Hormuz tensions,7,Warning,"[""VT_LNG""]",D4_운송,HIGH,Vessel fire Hormuz,5cd282fc9d56b05e0cc5576d78d698b8
Iran warns Strait of Hormuz could be closed to countries who back US resolution,2026-05-10 09:15:00+00:00,English,THREAT,ROUTE,Iran,Iran warns that the Strait of Hormuz could be closed to countries that support a US resolution.,8,Crisis,"[""CP_Hormuz""]",D4_운송,HIGH,Hormuz closure threat,c56cb53467aca4c5c1e5f0db1c89f179
Iran - US war latest : Tehran vows to tighten grip on Strait of Hormuz,2026-05-10 09:00:00+00:00,English,THREAT,ROUTE,Iran,Iran vows to tighten control over the Strait of Hormuz amid US-Iran tensions.,8,Crisis,"[""CP_Hormuz"", ""EVT_Ukraine2022""]",D4_운송,HIGH,Hormuz Control,8301d4f6cdb7f0d36d82378f94e87251
"Global shock : Iran seizes control of undersea cables in Hormuz , threatens digital blackout , and demands transit fees",2026-05-10 09:00:00+00:00,English,THREAT,ROUTE,Iran,Iran seizes control of undersea cables in Hormuz and threatens digital blackout while demanding transit fees,8,Crisis,"[""CP_Hormuz"", ""KC_LotteConst""]",D6_교란행위,HIGH,Hormuz Cable Control,6c03bffdaaf7c1de0e64c4a678d846da
"Iran War : Momentary Quiet as Iran Withholds Answer on US Proposal ; Iran Asserts Control Over Persian Gulf Cables ; Debate Over US Destruction of Iran Tankers , Iran Destroyer Attacks",2026-05-10 08:30:00+00:00,English,THREAT,ROUTE,"Iran, Persian Gulf",Iran withholds response to US proposal amid military tensions; asserts control over Persian Gulf cables; debate over US destruction of Iranian tankers and Iranian destroyer attacks.,7,Warning,"[""EVT_Ukraine2022""]",D3_인프라,HIGH,Iran Persian Gulf,10f0dafeb321fe7b0055b52c2bc14707
Aramco Q1 profit jumps 25 % as Hormuz risks push pipeline to full capacity,2026-05-10 08:00:00+00:00,English,THREAT,ROUTE,Hormuz,Aramco's Q1 profit surges 25% as geopolitical risks around the Strait of Hormuz push oil pipeline infrastructure to maximum capacity,7,Warning,"[""CP_Hormuz"", ""BP_SaudiEastWest""]",D2_품목,HIGH,Hormuz pipeline capacity,8acd7ca90d97d45a78f3e694bcd0a2f1
Iran calls for  protection fees  on internet cables in Strait of Hormuz,2026-05-10 08:00:00+00:00,English,THREAT,ROUTE,Strait of Hormuz,Iran demands protection fees on internet cables transiting the Strait of Hormuz,7,Warning,"[""CP_Hormuz""]",D4_운송,HIGH,Hormuz protection fees,027746492103fad3d1c521ece7a7fabb
Tanker struck off Qatar as Iran warns of US sanction supporters,2026-05-10 07:45:00+00:00,English,THREAT,ROUTE,Qatar,"A tanker was struck off Qatar; Iran warns of consequences for US sanction supporters, raising tensions in the region.",6,Warning,"[""VT_ChemTanker""]",D6_교란행위,HIGH,Tanker struck Qatar,471fe0533ffb6c789f2a1d1138b2666d
Iran warns the US against ship attacks as dozens killed in Lebanon strikes,2026-05-10 07:15:00+00:00,English,THREAT,ROUTE,"Iran, Lebanon","Iran warns the US against ship attacks amid dozens killed in Lebanon strikes, raising tensions in Middle East maritime region.",6,Warning,[],D4_운송,HIGH,Iran ship attack warning,146070a7bd35160424b31465a540e9e0
Saudi Aramco posts 25 % Q1 profit rise as East - West pipeline offsets Hormuz disruption,2026-05-10 07:00:00+00:00,English,DISRUPTION,ROUTE,Saudi Arabia,"Saudi Aramco reports 25% Q1 profit increase, with East-West pipeline offsetting Hormuz disruption concerns",6,Warning,"[""EVT_Ukraine2022"", ""BP_SaudiEastWest""]",D2_품목,HIGH,Hormuz disruption impact,f80bae34d7c90d3f9c7d6fa73806fa02
Qatari LNG tanker headed to Pakistan attempts Strait of Hormuz transit,2026-05-10 07:00:00+00:00,English,THREAT,ROUTE,Strait of Hormuz,A Qatari LNG tanker bound for Pakistan is attempting to transit the Strait of Hormuz.,6,Warning,"[""CP_Hormuz"", ""VT_LNG"", ""VT_ChemTanker"", ""POL_LNGDiversify""]",D6_교란행위,HIGH,Hormuz LNG transit,40fa579f9727043f409ad51807055509
Qatar sends 1st LNG shipment through Hormuz since war started,2026-05-10 06:30:00+00:00,English,DISRUPTION,ROUTE,"Qatar, Hormuz","Qatar sends first LNG shipment through Hormuz Strait since war started, indicating resumption of LNG transit through the chokepoint",6,Warning,"[""CP_Hormuz"", ""EVT_Ukraine2022"", ""POL_LNGDiversify""]",D6_교란행위,HIGH,Qatar LNG Hormuz,4983c263076886d3e5035e2098817f36
Iran War Disrupts Fuel Supply to South Africa Sub - Antarctic Base,2026-05-10 06:15:00+00:00,English,THREAT,SOURCE,"Iran, South Africa",Iran-related conflict reported to be disrupting fuel supply to South African Antarctic research base,2,Normal,"[""EVT_Ukraine2022""]",D6_교란행위,HIGH,Iran conflict fuel disruption,09431b874d01f98fb5455faf78e8732c
Iran deploys mosquito fleet in Strait of Hormuz,2026-05-10 06:00:00+00:00,English,THREAT,ROUTE,Strait of Hormuz,"Iran deploys mosquito fleet (small armed vessels) in Strait of Hormuz, signaling potential military escalation in critical shipping chokepoint",8,Crisis,"[""CP_Hormuz""]",D4_운송,HIGH,Hormuz military,942ff1f223c524fe0b37df3337d3d972
Why the US Blockade of Hormuz is Turning the Caspian Sea Into a Shadow Lifeline Between Russia and Iran,2026-05-10 06:00:00+00:00,English,THREAT,ROUTE,"Hormuz, Caspian Sea",US blockade of Hormuz is redirecting Russia-Iran trade through Caspian Sea as alternative route.,7,Warning,"[""CP_Hormuz"", ""KC_LotteConst""]",D6_교란행위,HIGH,Hormuz blockade impact,b95ff2e4491dce883258b4244440ec82
Iran warns US against attacks on its oil tankers and other ships but ceasefire appears to hold,2026-05-10 05:15:00+00:00,English,THREAT,ROUTE,Iran,Iran warns US against attacks on its oil tankers and ships; ceasefire appears to hold.,6,Warning,"[""CF_CrudeOil"", ""KC_LotteConst""]",D4_운송,HIGH,Iran tanker warnings,375f1e37313ba71daed2313abc5d148e
Iran warns the US against attacks on its oil tankers and other ships,2026-05-10 03:00:00+00:00,English,THREAT,ROUTE,Iran,Iran warns the US against attacks on its oil tankers and other ships,7,Warning,"[""CF_CrudeOil"", ""KC_LotteConst""]",D4_운송,HIGH,Iran tanker warnings,be071f92189f64a94a8c76506e0e6915
Iran warns the US against attacks on its oil tankers and other ships but ceasefire appears to hold,2026-05-10 02:00:00+00:00,English,THREAT,ROUTE,Iran,Iran warns the US against attacks on its oil tankers and ships; ceasefire appears to hold.,6,Warning,"[""CF_CrudeOil"", ""KC_LotteConst""]",D4_운송,HIGH,Iran tanker warnings,7578465ed0b55c29c43744ef195f7edb
"TSX : BTE Forum Post | lensgto - 36995377 | oil spill near Iran main export hub at Kharg Island , ",2026-05-10 02:00:00+00:00,English,DISRUPTION,SOURCE,Iran,Oil spill reported near Iran's main crude oil export hub at Kharg Island.,7,Warning,"[""CF_CrudeOil""]",D6_교란행위,HIGH,Oil spill Iran,bd7ee07a6e5fde72e52a83ec92dd91ea
Donald Trump update : Iran war could make US president trip to see Xi Jinping in China a bit chillier than his first - term visit,2026-05-10 19:30:00+00:00,English,THREAT,SOURCE,"Iran, China, US",Potential Iran-US military conflict could strain US-China diplomatic relations during Trump's planned visit to Xi Jinping,4,Caution,"[""EVT_Ukraine2022""]",D2_품목,MEDIUM,Iran conflict impact,6b8cae24b1ec87e4d7639d51caccdf04
Trump energy secretary refuses to say US gas price average wont hit $5 a gallon as impacts of Iran war worsen,2026-05-10 19:30:00+00:00,English,THREAT,SOURCE,Iran,US energy secretary declines to rule out $5/gallon gas prices amid worsening Iran conflict impacts,7,Warning,"[""KI_EnergySecurity"", ""EVT_Ukraine2022"", ""KC_SKGas""]",D6_교란행위,MEDIUM,Iran war energy impact,b74c12983b3d763ebf5bd7411aed40b6
"Ending Lebanon war key to peace , says Iran",2026-05-10 19:30:00+00:00,English,THREAT,ROUTE,Lebanon,"Iran calls for ending Lebanon war as key to peace, signaling geopolitical tensions in Middle East region.",4,Caution,"[""EVT_Ukraine2022""]",D9_한국,MEDIUM,Lebanon conflict,49b9f3271e888a265c4ca11c73c003ea
Iran Responds to US Peace Plan via Pakistan,2026-05-10 19:15:00+00:00,English,THREAT,SOURCE,"Iran, Pakistan","Iran responds to US peace plan through Pakistan, indicating potential geopolitical escalation in US-Iran relations.",2,Normal,[],D6_교란행위,MEDIUM,Iran US diplomacy,f0bc84cc6c17474f470a601bfbe22540
Trump responds with warning after Iran refuses to discuss nuclear program in latest peace offer,2026-05-10 19:15:00+00:00,English,THREAT,SOURCE,Iran,Trump warns Iran after Iran refuses to discuss nuclear program in latest peace offer,5,Caution,[],D6_교란행위,MEDIUM,Iran Nuclear Tensions,a650ab98e562494e7a9c2de4c7f6be55
Aramco CEO Warns of Long Oil Market Disruption as Profit Jumps,2026-05-10 19:00:00+00:00,English,THREAT,SOURCE,,Aramco CEO warns of prolonged disruption to global oil markets amid record profit reporting,7,Warning,"[""EVT_Ukraine2022"", ""CF_CrudeOil""]",D2_품목,MEDIUM,Oil market disruption,741f9e75eaf60969e61e0d92443a6dc0
Iran responds to US ceasefire proposal as drones target Gulf nations,2026-05-10 19:00:00+00:00,English,THREAT,ROUTE,"Iran, Gulf","Iran responds to US ceasefire proposal while drones target Gulf nations, escalating regional military tensions.",7,Warning,[],D2_품목,MEDIUM,Iran drone attacks,284b3d63c493b0c537f2d401d76416ef
Aramco Q1 profit jumps 25 % to $32 . 5 billion despite disruption at Strait of Hormuz,2026-05-10 19:00:00+00:00,English,DISRUPTION,ROUTE,Strait of Hormuz,Aramco reports Q1 profit increased 25% to $32.5 billion despite disruption at Strait of Hormuz,7,Warning,"[""CP_Hormuz"", ""EVT_Ukraine2022""]",D3_인프라,MEDIUM,Hormuz disruption profit,e9b87a1ed208a763573eea9eb7a2c6ba
The Best Artificial Intelligence ( AI ) Growth Stocks After the Helium Shock Are the Ones That Dont Need the Strait of Hormuz,2026-05-10 19:00:00+00:00,English,IRRELEVANT,,,Article discusses AI growth stocks that are not dependent on the Strait of Hormuz for their business model.,0,Normal,[],D4_운송,MEDIUM,Hormuz strait dependency,a58ddf4c2bd6f4cff7738dd8bb1b5056
Trump warns Iran  will be laughing no longer  amid talks over peace proposal,2026-05-10 19:00:00+00:00,English,THREAT,ROUTE,Iran,"Trump warns Iran amid negotiations over peace proposal, signaling potential escalation of US-Iran tensions.",6,Warning,[],D6_교란행위,MEDIUM,Iran-US tensions,88fd2b4674998c5403b4a134213d69ae
"Trump to speak with Netanyahu after Iran response , warns :  They will be laughing no l",2026-05-10 19:00:00+00:00,English,IRRELEVANT,,,Trump plans to speak with Netanyahu regarding Iran's response to unspecified tensions.,0,Normal,[],D6_교란행위,MEDIUM,Iran-US tensions,fcd6b3d02c2d69ec5ae66dafdde7a37a
"Drones target Gulf vessels as Iran warns US - Latest News In Nigeria , Nigeria News Today , Your Online Nigerian Newspaper",2026-05-10 19:00:00+00:00,English,THREAT,ROUTE,Gulf,"Drones target Gulf vessels as Iran warns US, indicating escalating military tension in the region.",7,Warning,[],D9_한국,MEDIUM,Gulf Vessel Attacks,cba1d0c312fabcec7740e72565c429e0
Netanyahu : Iran war  not over  until enriched uranium is removed,2026-05-10 19:00:00+00:00,English,THREAT,SOURCE,Iran,"Netanyahu states Iran war is not over until enriched uranium is removed, escalating military threat rhetoric.",6,Warning,"[""EVT_Ukraine2022""]",D9_한국,MEDIUM,Iran nuclear tensions,5668f9ddc2475d64f44a533fbafe4aa1
Iran war could make Trump trip to China a bit chillier than his first - term visit – Pasadena Star News,2026-05-10 18:15:00+00:00,English,THREAT,ROUTE,Iran,Potential Iran war could complicate US-China diplomatic relations and affect geopolitical stability relevant to maritime trade.,5,Caution,"[""EVT_Ukraine2022""]",D2_품목,MEDIUM,Iran conflict impact,ffc8a1125cbae9908e0b294dda051f4d
Frontier Airlines coping with a 48 % spike in jet fuel costs,2026-05-10 18:15:00+00:00,English,IRRELEVANT,,,Frontier Airlines experiencing 48% increase in jet fuel costs.,0,Normal,[],D4_운송,MEDIUM,Fuel Cost Spike,5b667152decc6987bfd332c56a7660ed
"  Work to be done : Netanyahu demands removal of Iran uranium stockpile , warns conflict  not over  ",2026-05-10 18:15:00+00:00,English,THREAT,SOURCE,Iran,Netanyahu demands removal of Iranian uranium stockpile and warns conflict is not over.,6,Warning,"[""POL_UreaStockpile""]",D6_교란행위,MEDIUM,Iran nuclear tension,5bea3600a0d9593924433a1cefa600c5
Fuel prices being held unchanged as oil fluctuates,2026-05-10 18:00:00+00:00,English,IRRELEVANT,,,Fuel prices remain unchanged despite oil market fluctuations.,0,Normal,"[""CF_CrudeOil""]",D2_품목,MEDIUM,Oil price fluctuation,b70dc306f6e4b7e4809b42aad0890343
"Geopolitical risks , oil shock cited as top worries in Fed financial stability report",2026-05-10 18:00:00+00:00,English,THREAT,SOURCE,,Federal Reserve reports geopolitical risks and oil price shocks as top financial stability concerns,6,Warning,"[""CF_CrudeOil""]",D2_품목,MEDIUM,Geopolitical oil risk,720d1d376934624914f7e90e709ae311
"Iran responds to ceasefire proposal as drones target Gulf nations - WSVN 7News | Miami News , Weather , Sports",2026-05-10 18:00:00+00:00,English,THREAT,ROUTE,"Iran, Gulf","Iran responds to ceasefire proposal while drones target Gulf nations, escalating regional military tensions",7,Warning,[],D2_품목,MEDIUM,Iran drone attacks,b1418a156bfc24657e68c762a4143ed1
Iran war could make Trump trip to China a bit chillier than his first - term visit – San Gabriel Valley Tribune,2026-05-10 18:00:00+00:00,English,THREAT,ROUTE,Iran,"Potential Iran-US military conflict could complicate Trump's diplomatic visit to China, with implications for regional stability.",6,Warning,"[""EVT_Ukraine2022""]",D2_품목,MEDIUM,Iran conflict impact,49f89fe2a109bb4b34f333da44976c72
Oil loss will slow restart of energy trade,2026-05-10 18:00:00+00:00,English,DISRUPTION,SOURCE,,Oil loss will slow the restart of energy trade,7,Warning,"[""KI_EnergySecurity"", ""CF_CrudeOil""]",D3_인프라,MEDIUM,Energy trade disruption,8af683e35828e5244bede95a43bc81ac
"Phl , ASPAC face food security shock",2026-05-10 17:30:00+00:00,English,THREAT,SOURCE,"Philippines, ASPAC","Philippines and Asia-Pacific region face food security shock, indicating potential agricultural supply disruption.",6,Warning,"[""KS_FoodAgri""]",D2_품목,MEDIUM,Food security crisis,1483224caa0c98fdabdee50408cf1975
Stay alert to dangerous  double act  of  Taiwan independence  and Japanese right - wing forces : Global Times editorial,2026-05-10 17:30:00+00:00,English,THREAT,ROUTE,Taiwan,Editorial warns of potential geopolitical escalation from combined Taiwan independence movements and Japanese right-wing forces.,5,Caution,"[""KC_LotteConst""]",D3_인프라,MEDIUM,Taiwan strait geopolitics,6cc55922b047c52fa1ccd595489c2c7a
Iran responds to ceasefire proposal as drones target Gulf nations,2026-05-10 17:00:00+00:00,English,THREAT,ROUTE,"Iran, Gulf","Iran responds to ceasefire proposal while drones target Gulf nations, escalating regional military tensions.",7,Warning,[],D2_품목,MEDIUM,Iran drone attacks,8acd6813a84fd6b8d783377c86cb5540
Us Iran War : How US - Iran war is making life more expensive for Indians,2026-05-10 16:30:00+00:00,English,THREAT,ROUTE,US-Iran,"Headline reports potential US-Iran conflict escalating costs globally, with indirect impact noted for Indian consumers.",6,Warning,"[""EVT_Ukraine2022""]",D2_품목,MEDIUM,US-Iran war costs,5d5f7d9dc3a5094570c3aa8c768d437e
"  Restraint is over : Iran vows to respond to U . S . attacks , as drones target Gulf vessels",2026-05-10 16:30:00+00:00,English,THREAT,ROUTE,Gulf,"Iran vows to respond to U.S. attacks as drones target Gulf vessels, escalating military tensions.",7,Warning,[],D2_품목,MEDIUM,Iran military response,44f40c45ca5ca30f2c346d86e6afe156
"Iran war piles pressure on Bangladeshi households , exporters",2026-05-10 16:30:00+00:00,English,THREAT,SOURCE,"Bangladesh, Iran",Iran war tensions create economic pressure on Bangladeshi households and export sector,3,Normal,"[""EVT_Ukraine2022""]",D2_품목,MEDIUM,Iran conflict impact,38e0cf3edfe7d0188fb886289bb4c423
Saudi oil giant Aramco announces 25 per cent profit surge after bypassing Strait of Hormuz disruption,2026-05-10 16:30:00+00:00,English,DISRUPTION,ROUTE,Saudi Arabia,Aramco reports 25% profit surge after successfully bypassing Strait of Hormuz disruption through alternative routing,7,Warning,"[""EVT_Ukraine2022"", ""BP_SaudiEastWest"", ""CF_CrudeOil""]",D3_인프라,MEDIUM,Hormuz bypass strategy,427c6c58bdf0aa60710dfb2fcaff8463
"Iran sets war - ending terms as US truce hangs in the balance : Proposal via Pakistan , explained",2026-05-10 16:30:00+00:00,English,THREAT,SOURCE,Iran,Iran proposes war-ending terms to the US via Pakistan as a ceasefire negotiation hangs in balance.,5,Caution,"[""KI_TradeBalance"", ""EVT_Ukraine2022""]",D9_한국,MEDIUM,Iran-US Tensions,38be145b9d9c9eb317bfc030b5809398
"Trump sees a  big , fat hug  from China Xi , but Iran war adds trip tension",2026-05-10 16:15:00+00:00,English,THREAT,ROUTE,"China, Iran",Trump engagement with China amid Iran tensions creates geopolitical uncertainty affecting regional stability.,5,Caution,"[""EVT_Ukraine2022""]",D2_품목,MEDIUM,Iran geopolitical tension,522a81fe7b28e91ca47d09c44b321d99
Genco Shipping & Trading Q1 Earnings Call Highlights,2026-05-10 16:15:00+00:00,English,IRRELEVANT,,,Genco Shipping & Trading reports Q1 earnings results in earnings call,0,Normal,"[""POL_ShippingReroute""]",D4_운송,MEDIUM,Shipping earnings,830ba02066375d96385c197b2ef11d9c
UAE says it  successfully engaged  2 drones from Iran amid regional escalation,2026-05-10 16:15:00+00:00,English,THREAT,ROUTE,UAE,UAE reports successfully engaging two Iranian drones amid regional escalation.,5,Caution,[],D6_교란행위,MEDIUM,Iran drone activity,23a0500242a827e4e37128270ffbab03
"Iran says talks with US aim to defend its rights ,  not surrender  ",2026-05-10 16:15:00+00:00,English,THREAT,SOURCE,Iran,"Iran states that its negotiations with the US are aimed at defending its rights, not surrendering.",3,Normal,[],D6_교란행위,MEDIUM,Iran-US negotiations,abd14948f47c0542b5e7cc69c6d783d1
"Qatar , Saudi Arabia discuss de - escalation efforts amid US - Iran conflict",2026-05-10 16:15:00+00:00,English,THREAT,ROUTE,"Qatar, Saudi Arabia",Qatar and Saudi Arabia discuss de-escalation efforts amid US-Iran conflict,6,Warning,"[""BP_SaudiEastWest""]",D6_교란행위,MEDIUM,Qatar-Saudi de-escalation,d5900fdd2886987954200b8b3ea7a085
"Tehran submits response to US peace proposal via Pakistani mediators , reports state media",2026-05-10 16:00:00+00:00,English,THREAT,SOURCE,Iran,Iran submits response to US peace proposal through Pakistani mediators,2,Normal,[],D6_교란행위,MEDIUM,Iran-US negotiations,19ecc7e1d2ff6d7997a52ff66639a221
US F - 35 Jet Sends Emergency Code 7700 Over Strait Of Hormuz . What Does It Mean ? ,2026-05-10 15:45:00+00:00,English,THREAT,ROUTE,Strait of Hormuz,US F-35 jet transmitted emergency code 7700 over the Strait of Hormuz,5,Caution,"[""CP_Hormuz""]",D6_교란행위,MEDIUM,Hormuz airspace incident,120624a814fb251ea428ba1d63346636
"North Korea Takes Major Nuclear Step , Approves Automatic Nuclear Strike Policy If Kim Jong - un Is Assassinated",2026-05-10 15:45:00+00:00,English,THREAT,ROUTE,North Korea,"North Korea approves automatic nuclear strike policy if Kim Jong-un is assassinated, escalating regional nuclear threat.",6,Warning,"[""KC_KAI""]",D9_한국,MEDIUM,North Korea nuclear,38dc9c540cafa5f3254fcf4b87f37f69
"Dalal Street Week Ahead : US - Iran deal progress , Trump - Xi meeting , inflation , Q4 earnings among 10 key factors to watch",2026-05-10 15:15:00+00:00,English,IRRELEVANT,,,"Financial market outlook covering US-Iran deal progress, Trump-Xi meeting, inflation, and Q4 earnings expectations.",0,Normal,"[""KI_Macro""]",D2_품목,MEDIUM,US-Iran geopolitics,a44ec241bdf82630cfd425f13148e590
Iran war could make Trump trip to China a bit chillier than his first - term visit,2026-05-10 15:15:00+00:00,English,THREAT,SOURCE,"Iran, China, US","Potential Iran conflict could create geopolitical friction during Trump's China visit, affecting US-China trade relations.",4,Caution,"[""EVT_Ukraine2022""]",D2_품목,MEDIUM,Iran conflict impact,742bef53059908cab2520934794ed5c9
Saudi oil giant exports 7 mn barrels of oil a day via pipeline to skirt Hormuz,2026-05-10 15:15:00+00:00,English,DISRUPTION,ROUTE,Saudi Arabia,Saudi Arabia exports 7 million barrels of oil daily via pipeline to bypass the Hormuz Strait,7,Warning,"[""BP_SaudiEastWest"", ""CF_CrudeOil""]",D3_인프라,MEDIUM,Hormuz bypass pipeline,350aa4a9e5e27b26e5bc2533c4727351
Royal Navy sends warship to Middle East to protect tankers when Strait of Hormuz reopens,2026-05-10 15:15:00+00:00,English,THREAT,ROUTE,Middle East,Royal Navy deploys warship to Middle East to protect tankers in anticipation of Strait of Hormuz reopening,7,Warning,"[""CP_Hormuz""]",D3_인프라,MEDIUM,Hormuz security,edd46101ea46e0d0821c41a7fb363e37
What Saudi Aramco CEO Just Said Has Huge Implications for the Trump Bull Market,2026-05-10 15:15:00+00:00,English,IRRELEVANT,,,Saudi Aramco CEO statement regarding implications for Trump administration market outlook,0,Normal,"[""BP_SaudiEastWest""]",D4_운송,MEDIUM,Saudi oil policy,aa4be8f63e913849dc625e5b5be7508f
  Degree of complacency : are supply chains prepared for impact of ongoing Iran war ? | Supply chain crisis,2026-05-10 15:15:00+00:00,English,THREAT,SOURCE,Iran,Article questions whether supply chains are adequately prepared for disruption impacts from ongoing Iran conflict,6,Warning,"[""EVT_Ukraine2022""]",D6_교란행위,MEDIUM,Iran war supply chain,29ecd24de89571772b25473fa34c972f
"US - Iran tensions , crude oil surge and Q4 earnings to drive Dalal Street next week",2026-05-10 14:45:00+00:00,English,THREAT,SOURCE,"US, Iran",US-Iran tensions and crude oil price surge expected to influence Indian stock market performance in Q4,6,Warning,"[""CF_Coal"", ""CF_CrudeOil"", ""KC_LotteConst""]",D2_품목,MEDIUM,Oil price surge,de210ecc441f30a8c877c9b06e43d7d9
Satellite Images Show Large Persian Gulf Slick West of Kharg Island,2026-05-10 14:45:00+00:00,English,THREAT,ROUTE,Persian Gulf,"Satellite images detect a large oil slick west of Kharg Island in the Persian Gulf, indicating potential environmental incident or vessel damage.",6,Warning,[],D2_품목,MEDIUM,Persian Gulf slick,8d384bfee44ffce1d14f123da9bfccbc
Oil slick near Kharg Island ? Iran crude industry at breaking point amid US blockade,2026-05-10 14:45:00+00:00,English,THREAT,SOURCE,Iran,Oil slick near Kharg Island reported amid Iran's crude industry facing strain from US blockade,7,Warning,"[""KI_Industry"", ""CF_Coal"", ""CF_CrudeOil""]",D2_품목,MEDIUM,Iran oil disruption,3b0eb6ca19a432a2552f2554e068ae47
Trump China Trip Unlikely to Match Warm 2017  State Visit - Plus  Visit – The Yeshiva World,2026-05-10 14:45:00+00:00,English,IRRELEVANT,,,"Headline reports on expected diplomatic visit dynamics between Trump and China, comparing potential reception to 2017 state visit.",0,Normal,[],D2_품목,MEDIUM,Iran geopolitical tension,d2a4631215f1513fda3b37fb9dd2d33e
Drones target Gulf vessels as Tehran warns US,2026-05-10 14:30:00+00:00,English,THREAT,ROUTE,Gulf,"Drones are targeting vessels in the Gulf while Iran issues warnings to the US, indicating escalating maritime tensions.",7,Warning,[],D9_한국,MEDIUM,Gulf security threat,7b73fc5789b710cbd535f054d37820fa
War in the Middle East : latest developments,2026-05-10 14:30:00+00:00,English,THREAT,ROUTE,Middle East,War in the Middle East with latest developments reported; potential threat to regional maritime routes and shipping stability.,7,Warning,"[""EVT_Ukraine2022""]",D9_한국,MEDIUM,Middle East conflict,b85a63ae7313f57360dd696257bac0d4
"Iran latest : Ceasefire tested again after UAE , Kuwait report drones in airspace",2026-05-10 14:00:00+00:00,English,THREAT,ROUTE,"UAE, Kuwait, Iran",Iran ceasefire agreement faces new strain after UAE and Kuwait report unauthorized drone incursions in their airspace.,5,Caution,[],D4_운송,MEDIUM,Iran ceasefire,7ce96d9133d8be60ad0fbbc3b4ce770e
Iran warns against complying with US sanctions as Gulf attacks reported,2026-05-10 14:00:00+00:00,English,THREAT,ROUTE,"Iran, Gulf",Iran warns against complying with US sanctions and reports attacks in the Gulf region,7,Warning,[],D4_운송,MEDIUM,Iran sanctions Gulf,902f0f24df9250f311892ea18c9cedcc
Iran war ceasefire tested as cargo ship catches fire and Kuwait reports drone attack,2026-05-10 14:00:00+00:00,English,THREAT,ROUTE,"Iran, Kuwait",Cargo ship fire and drone attack on Kuwait reported amid Iran war ceasefire tension in Middle East region.,6,Warning,"[""EVT_Ukraine2022"", ""KC_LotteConst""]",D4_운송,MEDIUM,Iran ceasefire cargo disruption,ce3f2e87fbc90e007681815b34694945
"Iran sends response to US ceasefire proposal via Pakistan , reports state media",2026-05-10 14:00:00+00:00,English,THREAT,ROUTE,Iran,Iran sends response to US ceasefire proposal via Pakistan according to state media reports.,5,Caution,[],D9_한국,MEDIUM,Iran-US tensions,aad5286ee134eb7c0d5446cc4687ba7c
Trump – Xi Summit : Iran War Overshadows Trade Talks,2026-05-10 13:30:00+00:00,English,THREAT,SOURCE,Iran,Trump-Xi summit discusses Iran war amid broader trade tensions between US and China,5,Caution,"[""EVT_Ukraine2022""]",D2_품목,MEDIUM,Iran geopolitical tension,f11f4af07af62b8e98ddd5278c8f7609
Saudi Aramco adjusted net income rises to 33 . 6 bln USD in Q1 2026 - Xinhua,2026-05-10 13:30:00+00:00,English,IRRELEVANT,,Saudi Arabia,Saudi Aramco reports Q1 2026 net income of 33.6 billion USD,0,Normal,"[""BP_SaudiEastWest""]",D3_인프라,MEDIUM,Saudi Aramco earnings,9e0dceb20109f5272f841cabfa05f312
Libya Zawiya refinery resumes full operations | News,2026-05-10 13:30:00+00:00,English,DISRUPTION,SOURCE,Libya,Libya's Zawiya refinery has resumed full operations after previous disruption.,2,Normal,[],D6_교란행위,MEDIUM,Libya refinery operations,8b7669d1db5758cc0fe673fb73424934
Chokepoint warfare and limping diplomacy amid stalled talks,2026-05-10 13:15:00+00:00,English,THREAT,ROUTE,,Report on geopolitical tensions and failed diplomatic negotiations affecting maritime chokepoints and shipping security.,6,Warning,"[""KC_LotteConst""]",D1_초크포인트,MEDIUM,Chokepoint tensions,096f55f5644ca1f94e596d98c6cc5ef6
Trump may not be a fan of clean energy but Iran war is accelerating global shift from oil and gas,2026-05-10 13:15:00+00:00,English,THREAT,SOURCE,Iran,"Headline reports that potential Iran conflict is accelerating global energy transition away from oil and gas, implying future supply source pressure.",6,Warning,"[""KI_EnergySecurity"", ""EVT_Ukraine2022"", ""CF_CrudeOil"", ""KC_LotteConst"", ""KC_SKGas""]",D2_품목,MEDIUM,Iran war energy shift,b92a0525e487634bd4bb2aa415c56d1f
War On Iran : – Destroyer Battle – Iran Can Sustain – Losers Hold Cards – Moon of Alabama,2026-05-10 13:15:00+00:00,English,THREAT,ROUTE,Iran,Opinion piece discusses Iran's military capability and potential escalation in destroyer confrontation.,6,Warning,"[""EVT_Ukraine2022""]",D2_품목,MEDIUM,Iran military posture,6ece861dede30ea8f4b15cc209f4048e
World oil reserves drain at record pace Bloomberg,2026-05-10 12:15:00+00:00,English,THREAT,SOURCE,,"Global oil reserves are being depleted at record pace, indicating potential supply tightening.",7,Warning,"[""CF_CrudeOil""]",D2_품목,MEDIUM,Global oil reserves,602c2932685d266280a062b275ce6e3d
"After Hormuz , Southeast Asia sees the potential value of tolling the strait of Malacca – Ya Libnan",2026-05-10 12:15:00+00:00,English,THREAT,ROUTE,Southeast Asia,Southeast Asian nations consider implementing toll system for Strait of Malacca following precedent of Hormuz strait tolling.,7,Warning,"[""CP_Malacca""]",D3_인프라,MEDIUM,Malacca Strait tolling,b62f4ad6e2586d97b5121d9ed9e9acc0
Aramco 1Q profit jumps 26pc despite Hormuz disruption,2026-05-10 12:00:00+00:00,English,THREAT,ROUTE,Hormuz,Aramco reports 26% profit increase in Q1 despite disruption concerns at the Strait of Hormuz,7,Warning,"[""CP_Hormuz"", ""EVT_Ukraine2022""]",D3_인프라,MEDIUM,Oil price impact,3d2c8ea2b2a38b0d773bd5fbff45539d
Iranian parliamentarian declares country  restraint  to be  over  amid tensions with U . S . ,2026-05-10 12:00:00+00:00,English,THREAT,ROUTE,Iran,"Iranian parliamentarian announces Iran's period of restraint is over amid US tensions, signaling potential escalation.",6,Warning,[],D6_교란행위,MEDIUM,Iran-US tensions,f1c8624a3c1a6af4c8634d39c8514cf7
Global oil inventories at lowest since 2018 amid war against Iran : Report,2026-05-10 11:30:00+00:00,English,THREAT,SOURCE,Iran,Global oil inventories reach lowest level since 2018 due to ongoing conflict involving Iran,7,Warning,"[""EVT_Ukraine2022"", ""CF_CrudeOil""]",D2_품목,MEDIUM,Oil inventory crisis,80b964ae93d8ae43cf80526f1e2e31e2
"May 9 : Iran reaffirms its red lines , vowing decisive response to any new US attack in Persian Gulf",2026-05-10 11:30:00+00:00,English,THREAT,ROUTE,Persian Gulf,Iran reaffirms red lines and vows decisive response to any new US attack in Persian Gulf,7,Warning,"[""EVT_RedSea2023""]",D6_교란행위,MEDIUM,Iran military posturing,f52a9e4437b9578cff95857c94738af5
"  Finish the job ... - Tightening noose around Trump - Iran , Hormuz obstacles to the  great vision  of the US , with Greece included",2026-05-10 11:15:00+00:00,English,THREAT,ROUTE,"Iran, Hormuz","Headline references Iran and Hormuz as obstacles to US strategic vision, with geopolitical tensions implied.",7,Warning,"[""CP_Hormuz""]",D9_한국,MEDIUM,Hormuz geopolitics,5fdcbbc1ae62fc1f18e195f16e3eee36
Fuel Price Hike :  Fuel price hike inevitable : State - run oil firms lose over Rs 1 lakh crore in 10 weeks amid Middle East crisis,2026-05-10 11:00:00+00:00,English,DOMESTIC_IMPACT,,India,"State-run Indian oil firms report losses exceeding Rs 1 lakh crore over 10 weeks due to Middle East crisis, prompting inevitable fuel price hike",4,Caution,"[""CF_CrudeOil""]",D2_품목,MEDIUM,Middle East crisis,5f4d9a9cfad4779b08473fba8fd2b907
"Saudi Aramco Q1 Profit Rises 25 % on Higher Sales , Key Pipeline Full",2026-05-10 11:00:00+00:00,English,IRRELEVANT,,Saudi Arabia,"Saudi Aramco reports 25% profit increase in Q1 driven by higher sales, with key pipeline operating at full capacity.",0,Normal,"[""BP_SaudiEastWest""]",D3_인프라,MEDIUM,Hormuz pipeline strategy,cb5de7a4fdb594b4ed6967d8e02d299e
Aramco CEO Warns 1 Billion Barrels Lost Will Slow Oil Market Recovery,2026-05-10 11:00:00+00:00,English,THREAT,SOURCE,,Aramco CEO warns that 1 billion barrels of lost production will slow oil market recovery,7,Warning,"[""CF_CrudeOil""]",D3_인프라,MEDIUM,Oil supply disruption,c3658b3b26195e059bf42d4d42128da4
KSA : Aramco CEO warns 1 billion barrels lost over past two months,2026-05-10 11:00:00+00:00,English,DISRUPTION,SOURCE,Saudi Arabia,Aramco CEO reports loss of 1 billion barrels of oil production over the past two months,8,Crisis,[],D3_인프라,MEDIUM,Oil supply disruption,4359c917056b9b55bceefae488740e9b
South Korean Airlines Slash 900 Flights as Fuel Prices Surge,2026-05-10 11:00:00+00:00,English,DOMESTIC_IMPACT,,,South Korean Airlines reduces flight operations by 900 flights due to elevated fuel prices,3,Normal,"[""KC_KoreanAir""]",D9_한국,MEDIUM,Airline fuel costs,8ba53fbb3d032b531f854d4ee9ec33d8
Gas Prices Could Set New All - Time High By the End of March,2026-05-10 10:30:00+00:00,English,THREAT,SOURCE,,Gas prices could reach new all-time highs by end of March.,7,Warning,"[""KC_SKGas""]",D2_품목,MEDIUM,Gas price surge,dc7bb31a7de43e83a25dd9e191077d96
Saudi Aramco Q1 profit up 25 % as Hormuz risks boost pipeline use,2026-05-10 10:30:00+00:00,English,THREAT,ROUTE,Saudi Arabia,"Saudi Aramco reports Q1 profit increase of 25% driven by elevated risks around Hormuz strait, leading to increased pipeline usage as alternative to maritime routes.",7,Warning,"[""CP_Hormuz"", ""BP_SaudiEastWest""]",D3_인프라,MEDIUM,Hormuz disruption impact,6012820fabe07a8aba0a9cdf9a41fbf2
"The Federal Reserve April Inflation Forecast Is In , and It Bad News for Stock Market Bulls",2026-05-10 10:30:00+00:00,English,IRRELEVANT,,,Federal Reserve releases April inflation forecast with negative implications for stock market investors.,0,Normal,"[""KI_Macro"", ""POL_GrainReserve"", ""KC_LotteConst""]",D6_교란행위,MEDIUM,US inflation forecast,1d4a0357087a83c0c0af24b0451e1107
"West Asia Crisis to Keep Oil Prices High for Longer , Says ADB Chief Economist",2026-05-10 10:15:00+00:00,English,THREAT,SOURCE,West Asia,ADB Chief Economist warns that West Asia crisis will sustain elevated oil prices for an extended period,7,Warning,"[""CF_CrudeOil""]",D2_품목,MEDIUM,Oil price outlook,243e7bd9819ec64d25b4f98f09e51062
Aramco CEO warns 1 billion barrels lost will slow recovery,2026-05-10 10:15:00+00:00,English,THREAT,SOURCE,Saudi Arabia,Aramco CEO warns that 1 billion barrels of lost production will slow recovery,7,Warning,[],D3_인프라,MEDIUM,Oil supply disruption,4cfead5c79e482b76d6a7832b95e3525
Iran war disruptions spark higher costs and lost income in Bangladesh - Las Vegas Sun News,2026-05-10 10:00:00+00:00,English,DOMESTIC_IMPACT,,Bangladesh,Iran war disruptions causing higher costs and lost income in Bangladesh,3,Normal,"[""EVT_Ukraine2022"", ""KC_LotteConst""]",D2_품목,MEDIUM,Iran disruption costs,e3958c70dfe8374c095d979946a0a6b5
The Fed inflation tracker flashes a warning : April and quarterly forecasts show prices rising as Iran War spikes the price of fuel and everything,2026-05-10 10:00:00+00:00,English,THREAT,SOURCE,Iran,Fed inflation tracker warns of price increases in April and quarterly forecasts due to Iran War spiking fuel prices,7,Warning,"[""KI_Macro"", ""EVT_Ukraine2022"", ""KC_LotteConst""]",D6_교란행위,MEDIUM,Iran war fuel prices,1d166b6c288c8504451f98eed9954bf0
"Nifty , Sensex rise notably this week as crude prices ease , rupee strengthens",2026-05-10 09:45:00+00:00,English,IRRELEVANT,,,"Indian stock indices (Nifty, Sensex) rise as crude oil prices ease and Indian rupee strengthens",0,Normal,"[""CF_Coal""]",D2_품목,MEDIUM,Crude price easing,e94f9d43c433001d5d935a0735a10172
"Australia , India deepen strategic defence partnership at 10th Defence Policy Talks",2026-05-10 09:45:00+00:00,English,IRRELEVANT,,"Australia, India",Australia and India deepen strategic defence partnership at 10th Defence Policy Talks,0,Normal,"[""POL_SPR""]",D4_운송,MEDIUM,India Australia defense,20d138df0de7410043893e35fefae657
"Oil - price bets ahead of Iran war news totalled $7 billion , reporting shows",2026-05-10 09:45:00+00:00,English,THREAT,SOURCE,Iran,"Financial market participants placed $7 billion in price bets related to potential Iran conflict, indicating elevated oil price volatility risk.",6,Warning,"[""EVT_Ukraine2022"", ""CF_CrudeOil""]",D6_교란행위,MEDIUM,Oil price volatility,73918537d78e4df868023438928a8496
Global food supply threatened by ongoing Iran War,2026-05-10 09:30:00+00:00,English,THREAT,SOURCE,Iran,Headline reports that an ongoing Iran War threatens global food supply,6,Warning,"[""KS_FoodAgri"", ""EVT_Ukraine2022""]",D2_품목,MEDIUM,Iran war food supply,68f6448bb4261d6568530634e8695f73
Saudi Aramco CEO warns of long oil market disruption as profit jumps,2026-05-10 09:15:00+00:00,English,THREAT,SOURCE,Saudi Arabia,Saudi Aramco CEO warns of prolonged oil market disruption as company profit increases,7,Warning,"[""EVT_Ukraine2022"", ""BP_SaudiEastWest"", ""CF_CrudeOil""]",D2_품목,MEDIUM,Oil market disruption,075bd8b0f0f9f12a83267b4c71933032
Saudi Aramco Q1 profit rises 25 % on higher sales,2026-05-10 09:15:00+00:00,English,IRRELEVANT,,,Saudi Aramco reports 25% profit increase in Q1 driven by higher sales.,0,Normal,"[""BP_SaudiEastWest""]",D3_인프라,MEDIUM,Oil price impact,4463a81d27983f83f9652bab2d37c506
"US awaits Iran reply , Aramco says Hormuz opening no quick fix",2026-05-10 09:15:00+00:00,English,THREAT,ROUTE,Iran,US awaits Iranian response to diplomatic overtures; Saudi Aramco states that opening of Hormuz Strait would not provide immediate relief to supply constraints.,7,Warning,"[""CP_Hormuz""]",D3_인프라,MEDIUM,Hormuz strait,8b44c947303afe39962f104bb7d7a112
"Australia , India deepen strategic defence partnership at 10th Defence Policy Talks - Moneycontrol . com",2026-05-10 09:15:00+00:00,English,IRRELEVANT,,"Australia, India",Australia and India deepen strategic defence partnership at 10th Defence Policy Talks,0,Normal,"[""POL_SPR""]",D4_운송,MEDIUM,India Australia defense,4e2af5752bd47d18de66937e7717e94c
Iran  Mosquito Fleet  Turns the Persian Gulf Into a Nightmare for US Warships,2026-05-10 09:15:00+00:00,English,THREAT,ROUTE,Persian Gulf,Iran's small naval vessels pose a threat to US warship operations in the Persian Gulf.,7,Warning,[],D4_운송,MEDIUM,Iran Persian Gulf,095bb744c5583c6b4928aa617bd676cc
Aramco Q1 Profit Up 25 . 5 % on Oil Price Surge,2026-05-10 09:00:00+00:00,English,IRRELEVANT,,,Saudi Aramco reports 25.5% increase in Q1 profit driven by oil price surge,0,Normal,"[""CF_CrudeOil""]",D2_품목,MEDIUM,Oil price surge impact,b058a63700ea465537dd080a5637dd86
Food security a major worry as war continues,2026-05-10 09:00:00+00:00,English,THREAT,SOURCE,,"Food security concerns raised as war continues, implying potential disruption to food supply sources.",6,Warning,"[""KS_FoodAgri"", ""EVT_Ukraine2022""]",D2_품목,MEDIUM,War food security,637ca120be30dba9011184883f8b4f01
1 Billion Barrels of Global Oil Exports Vanished After Hormuz Blockade : Saudi Aramco,2026-05-10 09:00:00+00:00,English,DISRUPTION,ROUTE,Hormuz,"1 billion barrels of global oil exports have vanished following a blockade of the Hormuz Strait, according to Saudi Aramco.",9,Crisis,"[""CP_Hormuz"", ""BP_SaudiEastWest"", ""CF_CrudeOil""]",D3_인프라,MEDIUM,Hormuz blockade oil,3a64a8ae95cf6021b2468ed53e4ad1a0
Saudi Aramco Q1 profit jumps 26 % as key pipeline reaches capacity,2026-05-10 09:00:00+00:00,English,IRRELEVANT,,Saudi Arabia,Saudi Aramco reports Q1 profit increase of 26% due to a key pipeline reaching capacity,0,Normal,"[""BP_SaudiEastWest""]",D3_인프라,MEDIUM,Pipeline capacity utilization,395289119b71ebdc33728c674e0377bc
Iran war is draining world oil buffer at an unprecedented pace,2026-05-10 08:45:00+00:00,English,THREAT,SOURCE,Iran,Iran conflict is rapidly depleting global crude oil strategic reserves at unprecedented rates.,8,Crisis,"[""EVT_Ukraine2022"", ""CF_CrudeOil""]",D3_인프라,MEDIUM,Iran oil supply,8e3b9f9fe4784405aa3843cee9338b6d
The weaponization of shipping channels,2026-05-10 08:30:00+00:00,English,THREAT,ROUTE,,"Headline reports on the weaponization of shipping channels, indicating military or geopolitical tension affecting maritime routes.",7,Warning,"[""POL_ShippingReroute""]",D1_초크포인트,MEDIUM,Shipping weaponization,b66d376e7d78a2aa85d6ff8f5357f779
"Forced offline for most of 2026 , Iranians say theyre struggling to survive",2026-05-10 08:30:00+00:00,English,IRRELEVANT,,Iran,Iranian citizens report internet access disruptions affecting daily survival due to forced offline periods throughout 2026.,0,Normal,[],D6_교란행위,MEDIUM,Iran infrastructure offline,5405317c76a26995aeb26c79e8c7ad0a
Saudi Aramco reports soaring profits amid global energy turmoil,2026-05-10 08:15:00+00:00,English,IRRELEVANT,,,Saudi Aramco reports increased profits during global energy market volatility.,0,Normal,"[""KI_EnergySecurity"", ""BP_SaudiEastWest""]",D2_품목,MEDIUM,Energy market turmoil,ffab201ee4e1fcae6764c0fa3de132f4
Report : Iranian speedboat network poses challenge to US Navy operations,2026-05-10 08:15:00+00:00,English,THREAT,ROUTE,Iran,Iranian speedboat network reported as posing operational challenges to US Navy operations,4,Caution,[],D4_운송,MEDIUM,Hormuz security,cb9491f1d543f9b5c892e2a60bc2d9cb
"Crude Oil Prices May Remain Elevated For Longer , ADB Warns Of Slower India Growth & Higher Inflation Risks",2026-05-10 07:45:00+00:00,English,THREAT,SOURCE,India,ADB warns of slower India growth and higher inflation risks; crude oil prices may remain elevated longer.,5,Caution,"[""CF_Coal"", ""KI_Macro"", ""CF_CrudeOil""]",D2_품목,MEDIUM,Crude oil elevation,34013f302ad704af937321976d26f4d5
"Stock Markets Brace For Volatile Week Ahead , West Asia Tensions & Crude Oil Prices To Dictate Investor Sentiment",2026-05-10 07:45:00+00:00,English,THREAT,SOURCE,West Asia,Stock markets expected to experience volatility due to West Asia tensions and crude oil price fluctuations affecting investor sentiment.,6,Warning,"[""CF_Coal"", ""CF_CrudeOil""]",D2_품목,MEDIUM,Oil price volatility,787df9b47edf408cc757ff99fe9c7045
Iran war disruptions spark higher costs and lost income in Bangladesh,2026-05-10 07:45:00+00:00,English,DOMESTIC_IMPACT,,Bangladesh,Iran war disruptions are causing higher costs and lost income for Bangladesh economy,2,Normal,"[""EVT_Ukraine2022"", ""KC_LotteConst""]",D2_품목,MEDIUM,Iran disruption costs,3061cc540da252bb7cc4a252006f03ea
Asia needs long - term vision for a stable energy supply,2026-05-10 07:45:00+00:00,English,IRRELEVANT,,,Opinion piece calling for Asia to develop a long-term vision for stable energy supply.,0,Normal,"[""KI_EnergySecurity""]",D4_운송,MEDIUM,Asia energy supply,9bf9695c77037213f0a8ce93a5574cf1
Pidilite signals further price hike as West Asia crisis fuels 40 - 50 % raw material inflation,2026-05-10 07:30:00+00:00,English,DOMESTIC_IMPACT,,West Asia,Pidilite signals further price hike as West Asia crisis fuels 40-50% raw material inflation,6,Warning,"[""KI_Macro"", ""KS_Material""]",D2_품목,MEDIUM,Raw material inflation,fb3d8a4ed293eb6145f6d765ca8770fd
Iran Oil Slick Near Kharg Island Raises Concerns,2026-05-10 07:30:00+00:00,English,THREAT,SOURCE,Iran,Oil slick discovered near Iran's Kharg Island raises environmental and supply concerns,6,Warning,"[""CF_CrudeOil""]",D2_품목,MEDIUM,Iran oil slick,fbd436710a2328be9e4ba434067f6804
IRGC warns attacks on Iranian vessels would trigger strikes on US targets in region,2026-05-10 07:30:00+00:00,English,THREAT,ROUTE,Iran / US region,IRGC warns that attacks on Iranian vessels would trigger retaliatory strikes on US targets in the region.,6,Warning,[],D6_교란행위,MEDIUM,Iran military threat,46b48136fa26b7aed313af59fdefb421
"Oil jumps after renewed US - Iran conflict , then pares gains",2026-05-10 07:30:00+00:00,English,THREAT,SOURCE,"US, Iran","Oil prices surge following renewed US-Iran conflict, then decline from peak levels",7,Warning,"[""CF_CrudeOil""]",D9_한국,MEDIUM,Oil price spike,fe8accc3b325d76726a53d8c7513b1f0
"US - Iran war , crude oil prices to Q4 results FY26 : Top five triggers that may dictate the Indian stock market this week",2026-05-10 07:00:00+00:00,English,THREAT,SOURCE,"US, Iran",Headline reports potential US-Iran war scenario as a trigger that could affect crude oil prices and Indian stock market results in Q4 FY26.,7,Warning,"[""CF_Coal"", ""EVT_Ukraine2022"", ""CF_CrudeOil""]",D2_품목,MEDIUM,US-Iran war impact,57358eaa588e64c85f4e80552702f802
Large oil slick detected near Iran Kharg Island : Report,2026-05-10 07:00:00+00:00,English,THREAT,SOURCE,Iran,Large oil slick detected near Iran's Kharg Island oil export facility,6,Warning,"[""CF_CrudeOil""]",D2_품목,MEDIUM,Iran oil slick,65b6c1d8e84d5d077555f3ba5132620b
Brazil Petrobras halts ops at 2 fertilizer units,2026-05-10 07:00:00+00:00,English,DISRUPTION,SOURCE,Brazil,Petrobras halts operations at 2 fertilizer units in Brazil,3,Normal,[],D2_품목,MEDIUM,Petrobras fertilizer halt,24da2f1a11afae456f21e72564618a55
Iran war puts the world most used chemical in short supply,2026-05-10 07:00:00+00:00,English,THREAT,SOURCE,Iran,Iran war situation threatens global supply of a widely-used chemical commodity.,7,Warning,"[""KC_NamhaeChemical"", ""EVT_Ukraine2022""]",D2_품목,MEDIUM,Iran war chemical shortage,b448d38752f84fe02282229b03a4a3ec
Russian LNG Shadow Fleet Expands Amid Arctic LNG 2 Sanctions,2026-05-10 07:00:00+00:00,English,THREAT,SOURCE,Arctic,"Russian LNG shadow fleet expands operations despite Arctic LNG 2 sanctions, potentially maintaining alternative supply routes for LNG.",6,Warning,"[""POL_LNGDiversify""]",D4_운송,MEDIUM,LNG sanctions,b6433507c7ed7923fd3d3d7ce7ed9d8a
"Iran warns The US Against Attacks On Its Oil Tankers And Other Ships But Ceasefire Appears To Hold | News , Sports , Jobs",2026-05-10 07:00:00+00:00,English,THREAT,ROUTE,Iran,Iran warns the US against attacks on its oil tankers and ships; ceasefire appears to hold.,6,Warning,"[""CF_CrudeOil"", ""KC_LotteConst""]",D4_운송,MEDIUM,Iran tanker warning,3feba33cff878afae55aeba6feb99b0c
South Korean budget airlines cut 900 round - trip flights amid soaring oil prices,2026-05-10 07:00:00+00:00,English,DOMESTIC_IMPACT,,South Korea,South Korean budget airlines cut 900 round-trip flights due to rising crude oil prices.,5,Caution,"[""KC_KoreanAir"", ""CF_CrudeOil""]",D9_한국,MEDIUM,Oil price impact,781f0f3acdb177ad2cf7bb00795dcfd2
S . Korean budget airlines cut 900 round - trip flights amid soaring oil prices,2026-05-10 07:00:00+00:00,English,DOMESTIC_IMPACT,,,South Korean budget airlines cutting 900 round-trip flights due to soaring oil prices,5,Caution,"[""KC_KoreanAir"", ""CF_CrudeOil""]",D9_한국,MEDIUM,Oil price impact,ce97222bb9458b4e0c1acbf884663345
"FPI outflows continue this month over geopolitical tensions , crude prices",2026-05-10 07:00:00+00:00,English,THREAT,SOURCE,,FPI outflows continue due to geopolitical tensions and crude price movements.,4,Caution,"[""CF_Coal""]",D9_한국,MEDIUM,FPI outflows,f6e2e40a94baabf87d82f3daaf9e34cd
The Iran war has made jet fuel twice as expensive . Should we be using cooking oil instead ? ,2026-05-10 07:00:00+00:00,English,THREAT,SOURCE,Iran,Iran conflict has doubled jet fuel prices; article discusses potential alternative fuel sources like cooking oil.,6,Warning,"[""EVT_Ukraine2022"", ""CF_CrudeOil""]",D9_한국,MEDIUM,Jet fuel price surge,abf740a72f2729f8d0d0c1ae18f01c4b
Iran Threatens to Kidnap Data Cables as well as Oil ; Trump warns of Nukes,2026-05-10 06:45:00+00:00,English,THREAT,ROUTE,Iran,Iran threatens to kidnap data cables and oil; Trump warns of nuclear response,8,Crisis,"[""CF_CrudeOil""]",D3_인프라,MEDIUM,Iran-US tensions,93c18d3748cb7ac97952b318320a5f98
Iran warns the U . S . against attacks on its oil tankers and other ships but ceasefire appears to hold,2026-05-10 06:45:00+00:00,English,THREAT,ROUTE,Iran,Iran warns the U.S. against attacks on its oil tankers and ships; ceasefire appears to hold.,6,Warning,"[""CF_CrudeOil"", ""KC_LotteConst""]",D4_운송,MEDIUM,Iran tanker warning,bc357a5d411fd1cd31f553caa554cc1f
"A fragile ceasefire holds as US awaits Iran response , Bahrain detains dozens",2026-05-10 06:30:00+00:00,English,THREAT,ROUTE,"Iran, Bahrain, US",Fragile ceasefire holds between US and Iran with Bahrain detaining dozens; military tensions persist in the Persian Gulf region.,7,Warning,[],D4_운송,MEDIUM,Iran US ceasefire,e6347f9d9119d014a44cc355c310523f
Hormuz : the chokehold that shook the world,2026-05-10 06:30:00+00:00,English,THREAT,ROUTE,Hormuz,Headline reports on the Strait of Hormuz as a critical chokepoint with potential to create global supply disruptions.,9,Crisis,"[""CP_Hormuz""]",D4_운송,MEDIUM,Hormuz chokepoint,ee4e70fd1d72bf6760b005ee2291edb0
What the media isnt saying about how the Iran war is hurting Indian livelihoods and economy,2026-05-10 06:00:00+00:00,English,THREAT,SOURCE,"Iran, India",Report on economic and livelihood impacts in India resulting from Iran-related geopolitical tensions,3,Normal,"[""EVT_Ukraine2022"", ""KC_LotteConst""]",D2_품목,MEDIUM,Iran war economic impact,f25f9aa5165d7c3858da9e4a0b588e6d
Iran war disruptions spark higher costs and lost income in Bangladesh – Winnipeg Free Press,2026-05-10 06:00:00+00:00,English,THREAT,ROUTE,Iran,Iran-related geopolitical tensions are reported to cause higher shipping costs and economic losses in Bangladesh,5,Caution,"[""EVT_Ukraine2022"", ""KC_LotteConst""]",D2_품목,MEDIUM,Iran disruption costs,85d6e41797bfc011a3be02815d75506a
Trump Shares AI Image Showing  Iranian Ship On Ocean Floor As He Awaits Tehran Response To Peace Prop,2026-05-10 05:30:00+00:00,English,THREAT,ROUTE,Iran,Trump shares AI image depicting Iranian ship on ocean floor while awaiting Tehran's response to peace proposal,6,Warning,[],D4_운송,MEDIUM,Iran military,368b686ca519da1cb07f28d03ab7c68c
ASEAN summit ends with push to fast - track oil share pact - Asia & Pacific,2026-05-10 05:30:00+00:00,English,THREAT,SOURCE,ASEAN,ASEAN summit pushes to fast-track an oil sharing pact among member states.,3,Normal,"[""CF_CrudeOil""]",D6_교란행위,MEDIUM,ASEAN oil pact,8f9dfd0819a9377a4882d8d358924c6c
The Iran war has made jet fuel twice as expensive . Should we be flying with cooking oil instead ? ,2026-05-10 05:30:00+00:00,English,THREAT,SOURCE,Iran,Iran conflict has doubled jet fuel prices; article questions viability of alternative fuels like cooking oil for aviation.,6,Warning,"[""EVT_Ukraine2022"", ""CF_CrudeOil""]",D9_한국,MEDIUM,Jet Fuel Price,3a7eb94479a40fdcceb1ab4b17498a9d
"Foreign Investors Continue Heavy Selling In Indian Markets , Geopolitical Tensions & Rising Crude Prices Keep Sentiment Under Pressure",2026-05-10 05:15:00+00:00,English,THREAT,SOURCE,India,"Foreign investors selling heavily in Indian markets amid geopolitical tensions and rising crude prices, creating market pressure.",4,Caution,"[""CF_Coal"", ""KC_HDHeavy""]",D2_품목,MEDIUM,Crude price impact,314a0801ed083352ee52b0685eab405d
"Tehran , Taiwan , trade … what are the hazards facing Trump on Xi summit tightrope ? ",2026-05-10 05:15:00+00:00,English,THREAT,SOURCE,"Tehran, Taiwan","Headlines reports on geopolitical hazards facing Trump at Xi summit, including tensions involving Tehran and Taiwan that could affect trade relations.",6,Warning,[],D2_품목,MEDIUM,Iran geopolitical risk,8aa3a0c182ec34a3451c80494a6a98d0
Russian - flagged tanker linked to sanctioned LNG loading as shadow fleet expands,2026-05-10 05:15:00+00:00,English,THREAT,SOURCE,Russia,Russian-flagged tanker implicated in sanctioned LNG loading operations as shadow fleet activities expand,6,Warning,"[""VT_ChemTanker"", ""POL_LNGDiversify""]",D4_운송,MEDIUM,LNG shadow fleet,f7164c84c454fbd71993246da87ccaa1
Iran Warns The US Against Attacks On Its Oil Tankers And Other Ships But Ceasefire Appears To Hold – 710am KURV,2026-05-10 04:45:00+00:00,English,THREAT,ROUTE,Iran,Iran warns the US against attacks on its oil tankers and ships; ceasefire appears to be holding.,6,Warning,"[""CF_CrudeOil"", ""KC_LotteConst""]",D4_운송,MEDIUM,Iran tanker warning,0a738f595f521928e335e241294ba465
U . S .- Iran peace talks advance as Tehran reviews 14 - point proposal to end war – NaturalNews . com,2026-05-10 03:30:00+00:00,English,THREAT,ROUTE,Iran,U.S.-Iran peace talks advance as Tehran reviews a 14-point proposal to end war,5,Caution,"[""EVT_Ukraine2022""]",D2_품목,MEDIUM,Iran-US negotiations,b8fd97c57b938fd5eb066af7fa81e684
"Freeport Indonesia adjusts Grasberg production recovery , full resumption delayed until 2028",2026-05-10 03:30:00+00:00,English,DISRUPTION,SOURCE,Indonesia,"Freeport Indonesia delays full production recovery at Grasberg mine until 2028, adjusting recovery timeline.",6,Warning,[],D6_교란행위,MEDIUM,Iron ore supply,9131d504cc943bfa182af985a9db02aa
"Geopolitical risks , oil shock top Fed worries",2026-05-10 03:00:00+00:00,English,THREAT,SOURCE,,Federal Reserve identifies geopolitical risks and oil price shocks as top concerns affecting economic policy,6,Warning,"[""CF_CrudeOil""]",D2_품목,MEDIUM,Geopolitical oil risk,92ffc4dbc5246d80d429c9ae2b7f9038
"Middle East , Ukraine wars hit global fertilizer costs",2026-05-10 03:00:00+00:00,English,THREAT,SOURCE,"Middle East, Ukraine",Wars in Middle East and Ukraine are driving up global fertilizer costs.,7,Warning,"[""EVT_Ukraine2022""]",D2_품목,MEDIUM,Wars fertilizer costs,0f95837cb79af64b9b2df5fa69fc5369
Freedom of navigation in Hormuz must be a non - negotiable condition in any deal with Iran – Ya Libnan,2026-05-10 02:15:00+00:00,English,THREAT,ROUTE,Iran,Political statement demanding freedom of navigation in Hormuz as non-negotiable condition in Iran negotiations,7,Warning,"[""CP_Hormuz""]",D9_한국,MEDIUM,Hormuz navigation rights,2d070ecc980d1e8318963d324832688c
Fragile ceasefire holds as US awaits Iran response,2026-05-10 02:00:00+00:00,English,THREAT,ROUTE,Iran,"A fragile ceasefire between US and Iran holds while US awaits Iran's response, indicating ongoing geopolitical tension.",5,Caution,[],D4_운송,MEDIUM,Iran-US ceasefire,aa5002decfc63f5067cb03eacc48d869
Gold surges 1 . 83 % this week amid tensions in Strait of Hormuz,2026-05-10 02:00:00+00:00,English,THREAT,ROUTE,Strait of Hormuz,Gold prices surge 1.83% this week amid rising tensions in the Strait of Hormuz,7,Warning,"[""CP_Hormuz""]",D6_교란행위,MEDIUM,Hormuz tensions,f82d19efaea1be5bf755c1fbb228405b
Nat - Gas Prices Fall as Seasonal Maintenance Limits US LNG Exports,2026-05-10 01:30:00+00:00,English,DISRUPTION,SOURCE,US,"US LNG export volumes are being reduced due to seasonal maintenance at liquefaction facilities, causing natural gas prices to fall.",6,Warning,"[""POL_LNGDiversify"", ""KC_SKGas""]",D6_교란행위,MEDIUM,US LNG exports,a91c140f31b2e4e584b996a68e7d9670
Iran warns US against attacks on its ships as ceasefire appears to hold,2026-05-10 00:30:00+00:00,English,THREAT,ROUTE,Iran,Iran warns the US against attacking its ships as a ceasefire appears to hold in the region.,5,Caution,[],D4_운송,MEDIUM,Iran US maritime tensions,c3e13502ab7671d5ab34262af30d7b45
"이란군 ""호르무즈 통과한 선박 없다""",,Korean,THREAT,ROUTE,Iran,Iranian military claims no ships have passed through the Strait of Hormuz,9,Crisis,[],D1_초크포인트,HIGH,Hormuz transit blockade,71a87eafe8b9bd437ce07804e5c5ece2
"靑, 상황 예의주시…“韓 승선원 피해 없는 것 확인”",,Korean,DOMESTIC_IMPACT,,,Blue House monitors situation; confirms no damage to Korean seafarers,1,Normal,[],D1_초크포인트,HIGH,Korean crew safety,b22ca5ec5fcbe5018c7af78804659938
"호르무즈 해협 정박 HMM 선박서 폭발 발생…정부, 피격 여부 조사 중(종...",,Korean,DISRUPTION,LOGISTICS,Hormuz Strait,HMM vessel anchored in Hormuz Strait experiences explosion; government investigating whether vessel was attacked,8,Crisis,"[""CP_Hormuz"", ""KC_HMM""]",D1_초크포인트,HIGH,HMM vessel explosion,52c694403a59d2ed7621eceb5c2397ca
"정부 ""한국 선박 피격여부 확인중…인명피해 없어""",,Korean,THREAT,ROUTE,,Government confirms it is investigating whether Korean vessels were attacked; reports no casualties,6,Warning,[],D1_초크포인트,HIGH,Korean ship attack,244107fedb64769a43656a6c8af17ac7
"해수부, 호르무즈 해협 한국 선박 폭발 관련 “인명 피해 없어""",,Korean,THREAT,ROUTE,Hormuz Strait,South Korean vessel exploded in Hormuz Strait with no reported casualties.,7,Warning,"[""CP_Hormuz""]",D1_초크포인트,HIGH,HMM explosion incident,2a5d0a28a04e97c17f65691374a43c1a
"[1보] 외교부 ""호르무즈 한국 선박 폭발·화재...피해 현황 확인 중""",,Korean,DOMESTIC_IMPACT,,Hormuz,South Korean vessel experienced explosion and fire in Hormuz; Foreign Ministry confirming damage status.,7,Warning,"[""CP_Hormuz""]",D1_초크포인트,HIGH,Korean vessel incident,10f19523ea48c916da5be48084507e16
"해경청, 호르무즈 韓선박 화재에 인접국 구조협력 요청",,Korean,DOMESTIC_IMPACT,,Hormuz,Korean Coast Guard requests neighboring country's rescue cooperation for a Korean vessel fire near Hormuz Strait.,6,Warning,"[""CP_Hormuz""]",D1_초크포인트,HIGH,Hormuz rescue operation,fda3a0f03fed60d43e2f89d91789f8cf
"[사설] 트럼프 ""호르무즈 선박 빼낼 것""…우리 배 26척 무사귀환 기대",,Korean,THREAT,ROUTE,Hormuz,Trump administration announces plan to remove ships from Hormuz Strait; article expresses hope for safe return of 26 Korean vessels,7,Warning,"[""CP_Hormuz""]",D1_초크포인트,HIGH,Korean ships Hormuz,5f8ff1a371a1bc60b329c12b05d07751
"외교부 ""호르무즈 정박 한국 선사 운용 'HMM 나무'호에 폭발·화재…우리...",,Korean,DOMESTIC_IMPACT,,Hormuz,Korean shipping company HMM's vessel 'HMM Namu' experiences explosion and fire incident in Hormuz Strait,7,Warning,"[""CP_Hormuz"", ""KC_HMM""]",D1_초크포인트,HIGH,HMM Namu explosion,6e00ac92d61355bdca356bab5404404e
"정부 ""호르무즈 해협 우리 선박 폭발·화재…선원 24명 전원 무사""",,Korean,DISRUPTION,LOGISTICS,호르무즈 해협,Korean vessel experienced explosion and fire in Hormuz Strait; all 24 crew members safely evacuated,7,Warning,"[""CP_Hormuz""]",D1_초크포인트,HIGH,Korean crew safety,2c6e87105e715e44d173775c7e23487b
"“한국 화물선, 호르무즈서 폭발-화재…피격 추정”",,Korean,DISRUPTION,ROUTE,Hormuz,"Korean cargo ship struck and engulfed in explosion and fire at Hormuz Strait, presumed to be under attack.",9,Crisis,"[""CP_Hormuz""]",D1_초크포인트,HIGH,Korean vessel attack,5f308b633cf1f6722eecc920eb944887
"해경 ""인접국에 폭발 상황 공유‥구조 협력 체계 유지""",,Korean,IRRELEVANT,,,Coast Guard states it is sharing explosion situation with adjacent countries and maintaining cooperative rescue system.,0,Normal,[],D1_초크포인트,HIGH,Rescue coordination,77bff6a54d2220a5ede05d69694e96a9
"호르무즈에서 한국 선박 피격 추정...""승선원 무사""",,Korean,THREAT,ROUTE,Hormuz,Korean vessel reportedly attacked in Hormuz Strait; crew reported safe.,7,Warning,"[""CP_Hormuz""]",D1_초크포인트,HIGH,Korean ship attack,f0633e20fdade572e4b85955c42046fe
HMM “호르무즈 내측 선박서 외부 폭발…기관실 화재 진압 중”,,Korean,DISRUPTION,LOGISTICS,Hormuz,HMM vessel in Hormuz Strait experienced external explosion; engine room fire currently being suppressed.,7,Warning,"[""CP_Hormuz"", ""KC_HMM""]",D1_초크포인트,HIGH,HMM vessel fire,2cdae029b4f634642160e4f5fbb30fdb
[속보] 호르무즈 해협서 韓 운용 선박서 폭발·화재… 현재까지 인명피...,,Korean,DISRUPTION,LOGISTICS,Hormuz Strait,Korean-operated vessel experiences explosion and fire in Hormuz Strait; casualties reported.,8,Crisis,"[""CP_Hormuz""]",D1_초크포인트,HIGH,Korean vessel explosion,5df14ca6ca236501c8f18af4ec9f5eda
"‘호르무즈 한국 선박서 폭발’에…여야, “선원 안전 최우선” 정부에...",,Korean,THREAT,ROUTE,Hormuz,Explosion reported on Korean vessel in Hormuz Strait; Korean government and opposition parties emphasize crew safety as top priority.,8,Crisis,"[""CP_Hormuz""]",D1_초크포인트,HIGH,Political response incident,5f2ab29a49d0625cae8894fe3b69300d
"여야, 호르무즈 韓 선박 폭발에 한목소리…""선원 안전 최우선""",,Korean,DOMESTIC_IMPACT,,Hormuz,Korean vessel exploded in Hormuz Strait; ruling and opposition parties unite on prioritizing crew safety.,7,Warning,"[""CP_Hormuz""]",D1_초크포인트,HIGH,Political response incident,a75214f34fba969bc82d6bb18a14166f
"호르무즈 한국선사 운용 선박서 폭발사고…""피격 여부 확인 중""(종합2보...",,Korean,THREAT,ROUTE,Hormuz,Explosion incident reported on Korean-operated vessel in Hormuz; attack status under investigation,8,Crisis,"[""CP_Hormuz""]",D1_초크포인트,HIGH,HMM vessel incident,6f0fbec8becd09ce15e7f08b1158eafb
"외교부 ""호르무즈 내 한국 선박서 폭발·화재 발생···한국 국적 6명·...",,Korean,DOMESTIC_IMPACT,,Hormuz,Korean Ministry of Foreign Affairs reports explosion and fire incident on Korean-flagged vessel in Hormuz Strait with 6 Korean nationals involved,7,Warning,"[""CP_Hormuz""]",D1_초크포인트,HIGH,Korean ship explosion,6f607eb0d8a964d67e43b1f1892a84fc
"美재무 ""호르무즈 복구 임무로 원유 부족 해결…오늘부터 효과 나타날 ...",,Korean,THREAT,ROUTE,Hormuz,"US Treasury reports mission to restore Hormuz operations to resolve crude oil shortage, with effects expected from today",7,Warning,"[""CF_CrudeOil""]",D1_초크포인트,HIGH,US oil supply response,14269e2197d4db7d97b21f40415d9803
"HMM 운용 선박, 호르무즈 인근서 폭발·화재…해수부 ""원인 파악 중""",,Korean,DOMESTIC_IMPACT,,Hormuz,HMM-operated vessel experienced explosion and fire near Hormuz Strait; cause under investigation by Korean Ministry of Oceans and Fisheries,7,Warning,"[""KC_HMM""]",D1_초크포인트,HIGH,HMM ship incident,52cd9f14be98ea423ad2ac840f59154d
"호르무즈 해협 한국 선박서 폭발·화재…외교부 ""인명피해 없어""",,Korean,DISRUPTION,LOGISTICS,Hormuz Strait,Korean vessel experiences explosion and fire in Hormuz Strait; no casualties reported.,7,Warning,"[""CP_Hormuz""]",D1_초크포인트,HIGH,Korean vessel incident,14ddc478183a706b00ef78149c3b2bd7
호르무즈 '피격'인가 '폭발'인가…HMM 벌크선 기관실 '쿵'소리 정체는,,Korean,DOMESTIC_IMPACT,,,HMM bulk carrier experiences unexplained noise in engine room; unclear whether caused by attack or explosion,5,Caution,"[""KC_HMM""]",D1_초크포인트,HIGH,HMM ship attack,08b918b087ef35ca8ea923edbd1c208b
"호르무즈 정박 韓 선박 폭발…정부 ""현재까지 인명피해 없어"" [종합]",,Korean,DOMESTIC_IMPACT,,Hormuz,A Korean vessel exploded in Hormuz anchorage; government reports no casualties so far.,6,Warning,[],D1_초크포인트,HIGH,Korean ship explosion,65a67f5f1a8dc4520b3f6044c97e0285
"與 ""호르무즈 해협서 HMM 선박에서 폭발…선원 안전 위해 상황 주시""",,Korean,THREAT,ROUTE,Hormuz Strait,HMM vessel experiences explosion in Hormuz Strait; situation being monitored for crew safety.,7,Warning,"[""CP_Hormuz"", ""KC_HMM""]",D1_초크포인트,HIGH,HMM vessel incident,d85aed0dd6284b49c49d2ca7a27a9117
호르무즈 내 韓선박 화재…현재까지 인명피해 없어 (종합),,Korean,DISRUPTION,LOGISTICS,Hormuz,Korean vessel caught fire in Hormuz Strait; no casualties reported as of now.,7,Warning,"[""CP_Hormuz""]",D1_초크포인트,HIGH,Korean ship fire,8c9358279e213d6d24e38afba5fa3715
"정부 ""호르무즈서 韓선박 폭발·화재…인명 피해 없어""",,Korean,DISRUPTION,LOGISTICS,Hormuz,Korean vessel experienced explosion and fire in Hormuz; no casualties reported,7,Warning,"[""CP_Hormuz""]",D1_초크포인트,HIGH,Korean vessel incident,79c854bfa37ed734b2a84bf3cd494189
"靑 ""호르무즈 韓 선박 피격 확인중, 승선원 피해 없는 것 확인""",,Korean,THREAT,ROUTE,Hormuz,Korean government confirms a Korean vessel was hit in the Strait of Hormuz; crew safety status being verified with no casualties reported so far,8,Crisis,"[""CP_Hormuz""]",D1_초크포인트,HIGH,Korean ship attack,9406f4cddb43642c8de36944bb701dc6
"[속보]호르무즈해협서 한국 HMM 선박, 폭발·화재 발생…“韓국적 6명·...",,Korean,DOMESTIC_IMPACT,,Hormuz Strait,Korean HMM vessel experiences explosion and fire in Hormuz Strait; Korean crew members reportedly affected.,8,Crisis,"[""KC_HMM""]",D1_초크포인트,HIGH,HMM ship incident,c2ebb466e8f02283f7a8a0efb759f213
"美중부사령부 ""미국 국기 단 상선 2척 호르무즈 해협 통과""",,Korean,THREAT,ROUTE,Hormuz Strait,US Central Command reports two US-flagged merchant vessels transited through Hormuz Strait,6,Warning,"[""CP_Hormuz""]",D1_초크포인트,HIGH,Hormuz strait transit,8fa99f4b4cde437ce4de1733e91caf91
"국민의힘 ""호르무즈 선박 폭발 중대한 상황...신속 대응 촉구""",,Korean,THREAT,ROUTE,Hormuz,South Korea's ruling party reports ship explosion in Hormuz Strait as a serious situation and urges swift response,8,Crisis,"[""CP_Hormuz""]",D1_초크포인트,HIGH,Government response,f21eeac47c9a7a900a4dea24ef1efc16
"호르무즈 해협서 한국 선박 화재…정부 ""원인 확인 중, 인명 피해 없어...",,Korean,DOMESTIC_IMPACT,,호르무즈 해협,"Korean vessel caught fire in Strait of Hormuz; government confirms investigation ongoing, no casualties reported.",5,Caution,"[""CP_Hormuz""]",D1_초크포인트,HIGH,Korean ship fire,f556474906f4babbf80a425ecaf34761
[속보] 호르무즈 해역서 H사 'NAMU '호 피격…1마일 밖 ‘다온호’가 긴...,,Korean,THREAT,ROUTE,Hormuz Strait,H company's vessel 'NAMU' attacked in Hormuz Strait; sister ship 'Daon' positioned nearby.,8,Crisis,"[""CP_Hormuz""]",D1_초크포인트,HIGH,Ship attack incident,cb71e8ccf31bd0c329458cab60c441c0
"HMM ""호르무즈 정박 벌크선 좌현서 폭발소리와 화재…인명피해 없어""",,Korean,DOMESTIC_IMPACT,,Hormuz,HMM bulk carrier anchored in Hormuz experienced explosion sound and fire from port side with no casualties reported,6,Warning,"[""KC_HMM""]",D1_초크포인트,HIGH,HMM vessel incident,996f296894160d172ececde93308b73e
"외교부 ""호르무즈 해협 정박 한국 선박서 폭발·화재… 선원 전원 무사...",,Korean,DOMESTIC_IMPACT,,Hormuz Strait,Korean vessel stationed at Hormuz Strait experienced explosion and fire; all crew members reported safe,4,Caution,"[""CP_Hormuz""]",D1_초크포인트,HIGH,Korean vessel incident Hormuz,820d163c02b7aa3f76754b99ae024a2e
"미군 ""미 상선 2척 호르무즈 성공적 통과…통행 재개 첫걸음""",,Korean,THREAT,ROUTE,Hormuz,"US military reports successful passage of two US merchant vessels through Hormuz Strait, marking resumption of transits",6,Warning,"[""CP_Hormuz""]",D1_초크포인트,HIGH,US vessel transit Hormuz,5b92a08461539d247875999187598288
"민주 ""호르무즈 선박 피격, 선원 안전 최우선""…정부에 신속 대처 촉구",,Korean,THREAT,ROUTE,Hormuz,"Democratic Party urges swift government response to ship attack in Hormuz Strait, prioritizing crew safety",7,Warning,"[""CP_Hormuz""]",D1_초크포인트,HIGH,Korean vessel attack Hormuz,4620e47253cdda3af78c4065d4b0786d
"UAE ""이란의 국영 유조선 공격은 해적 행위…안보리 결의 위반""",,Korean,THREAT,ROUTE,UAE,"UAE characterizes Iranian state-owned tanker attack as piracy and UN Security Council resolution violation, escalating tensions in Persian Gulf region.",7,Warning,[],D1_초크포인트,HIGH,Iran tanker attack geopolitics,781783b159daff2b993b164dd388d776
호르무즈 인근 정박 우리나라 선박서 폭발·화재…현재까지 인명피해 없...,,Korean,DISRUPTION,LOGISTICS,Hormuz,A Korean vessel near Hormuz experiences explosion and fire; no casualties reported so far.,7,Warning,"[""CP_Hormuz""]",D1_초크포인트,HIGH,Korean vessel explosion Hormuz,549417b238b12b8dbc4e85b123dc2d2f
"HMM ""벌크선 기관실 좌현서 폭발소리…화재 진압중""",,Korean,DOMESTIC_IMPACT,,,HMM vessel experiences explosion sound in engine room port side; fire suppression in progress,6,Warning,"[""KC_HMM""]",D1_초크포인트,HIGH,HMM vessel fire Hormuz,714604590350b5b7ba734a59876a8da9
"[속보]정부 ""호르무즈 韓 선박서 폭발 후 화재…인명피해 없어""",,Korean,DISRUPTION,LOGISTICS,Hormuz,Korean vessel experienced explosion and fire in Hormuz Strait; no casualties reported,7,Warning,"[""CP_Hormuz""]",D1_초크포인트,HIGH,Korean vessel explosion Hormuz,7690fa0e79921c7668e5b79537ec36b5
호르무즈 해협 내 한국 선박 폭발 사고...“피격 여부는 파악 중”,,Korean,DISRUPTION,ROUTE,Hormuz Strait,Korean vessel exploded in Hormuz Strait; cause (attack vs. accident) under investigation,9,Crisis,"[""CP_Hormuz""]",D1_초크포인트,HIGH,Korean vessel attack Hormuz,e6e1afaa2d57f4c40efeb6b752b0532d
"호르무즈서 한국 선박 피격 추정…정부 ""확인 중, 인명 피해 없어""(종합...",,Korean,THREAT,ROUTE,Hormuz,Korean vessel reportedly attacked in Hormuz Strait; government confirms investigation ongoing with no casualties reported.,8,Crisis,"[""CP_Hormuz""]",D1_초크포인트,HIGH,Korean vessel attack Hormuz,3eca145baebd9410e38ad6376c54b6b6
호르무즈 해협 안 HMM 선박 폭발·화재,,Korean,DISRUPTION,LOGISTICS,Hormuz Strait,HMM vessel experiences explosion and fire within Hormuz Strait,8,Crisis,"[""CP_Hormuz"", ""KC_HMM""]",D1_초크포인트,HIGH,HMM vessel explosion Hormuz,9c076fbeb1e6a10f724aee78f6c4bbf9
"외교부 ""호르무즈 한국 선박 폭발·화재 발생…관련국과 긴밀 소통""",,Korean,DISRUPTION,LOGISTICS,Hormuz,South Korea's Ministry of Foreign Affairs reports explosion and fire incident on Korean vessel in Hormuz Strait; maintains close communication with relevant countries.,8,Crisis,"[""CP_Hormuz""]",D1_초크포인트,HIGH,Korean vessel incident Hormuz,260a388abe4988cc58504529b108f50f
"정부 ""호르무즈서 한국 선박 피격 추정…인명 피해 없어""",,Korean,THREAT,ROUTE,Hormuz,South Korean vessel reportedly attacked in Hormuz Strait with no casualties reported,7,Warning,"[""CP_Hormuz""]",D1_초크포인트,HIGH,Korean vessel attack Hormuz,05ac61db22d06f1f8d290b5ec0ddc6d8
"외교부 ""호르무즈 정박 韓선박서 폭발…현재까지 인명피해 없어""(종합)",,Korean,DISRUPTION,LOGISTICS,Hormuz,Korean vessel experienced explosion while anchored in Hormuz; no casualties reported as of now.,7,Warning,"[""CP_Hormuz""]",D1_초크포인트,HIGH,Korean vessel explosion Hormuz,61b3423f31df3507e82982b7cdd8a122
"靑, '호르무즈 韓 선박 피격' 소식에 ""승선원 피해 없는 것으로 확인""",,Korean,THREAT,ROUTE,Hormuz,Korean vessel attacked in Hormuz Strait; South Korean government confirms no crew casualties.,7,Warning,"[""CP_Hormuz""]",D1_초크포인트,HIGH,Korean vessel attack Hormuz,6dde3e07d4346365d35eddb42949eb86
호르무즈 韓 선박 폭발…한국 선원 6명 포함 24명 인명피해 無,,Korean,THREAT,ROUTE,Hormuz,Korean vessel explosion in Hormuz Strait with 24 casualties including 6 Korean crew members reported,7,Warning,"[""CP_Hormuz""]",D1_초크포인트,HIGH,Korean vessel explosion Hormuz,28934240b2dad90f26ac98de2aad50a3
"[속보] HMM ""호르무즈 정박 중인 배 기관실 좌현서 폭발소리…화재 진압...",,Korean,DISRUPTION,LOGISTICS,Hormuz,HMM vessel anchored in Hormuz experiences engine room explosion and fire on port side; fire suppression ongoing,7,Warning,"[""CP_Hormuz"", ""KC_HMM""]",D1_초크포인트,HIGH,Korean vessel incident,ca7caf3b7672a4625368c50f828a1d25
"[속보]호르무즈 해협서 선박 공격 사건…정부 ""한국 선박 여부 확인 중...",,Korean,THREAT,ROUTE,Hormuz Strait,Ship attack incident reported in Hormuz Strait; Korean government investigating whether Korean vessels are involved.,8,Crisis,"[""CP_Hormuz""]",D1_초크포인트,HIGH,Korean vessel attack,76cbb815276862e1db589ba4f5b61348
"외교부 ""호르무즈 정박 한국 선박 폭발·화재…24명 탑승 중 인명 피해 ...",,Korean,DOMESTIC_IMPACT,,Hormuz,Korean vessel stationed in Hormuz experiences explosion and fire; 24 personnel aboard with casualty reports pending.,7,Warning,[],D1_초크포인트,HIGH,Korean vessel explosion,e1a0eef3337506473b0a5b30592ef6b8
"정부 ""호르무즈 韓 선박서 폭발·화재…선원 24명 피해 없어""",,Korean,DISRUPTION,LOGISTICS,Hormuz,Korean vessel experienced explosion and fire in Hormuz Strait; 24 crew members reported safe with no casualties.,7,Warning,"[""CP_Hormuz""]",D1_초크포인트,HIGH,Korean vessel incident,debb3ea765294b73d250c94fdb42a464
“호르무즈서 한국 선박 ‘외부 충격·화재’… 피격 여부는 확인 중”,,Korean,THREAT,ROUTE,Hormuz,Korean vessel reportedly experienced external impact and fire in Hormuz Strait; cause under investigation.,8,Crisis,"[""CP_Hormuz""]",D1_초크포인트,HIGH,Korean vessel attack,b6ff83b04d1f52b558503f8a1203b5b0
"호르무즈 정박 韓선박서 폭발...""피격 여부 확인 중""",,Korean,THREAT,ROUTE,Hormuz,Korean vessel reports explosion at Hormuz anchorage; cause under investigation (possible attack).,8,Crisis,"[""CP_Hormuz""]",D1_초크포인트,HIGH,Korean vessel explosion,9bec20483f885a568f8b849fc0274eb7
"호르무즈 해협서 韓 선박 폭발·화재, 인명 피해 無…피격 여부 확인 중...",,Korean,THREAT,ROUTE,Hormuz Strait,Korean vessel experiences explosion and fire in Hormuz Strait; no casualties reported; investigation ongoing on whether vessel was attacked,8,Crisis,"[""CP_Hormuz""]",D1_초크포인트,HIGH,Korean vessel incident,caa04c2f44a61a241fde54f02ec8d025
호르무즈 정박 한국선사 운용 선박서 폭발사고…“피격 여부 확인중”,,Korean,THREAT,ROUTE,Hormuz,Explosion occurred on a Korean-operated vessel anchored in Hormuz; cause under investigation (possible attack).,8,Crisis,"[""CP_Hormuz""]",D1_초크포인트,HIGH,Korean vessel explosion,125a93d7f55ba71c4449d49eb31682de
"HMM ""호르무즈 나무호 화재 진압 중… 불길 안 잡히면 탈출""",,Korean,DISRUPTION,LOGISTICS,Hormuz,HMM vessel Hormuz Namu is experiencing a fire; crew preparing evacuation if fire cannot be extinguished,7,Warning,"[""CP_Hormuz"", ""KC_HMM""]",D1_초크포인트,HIGH,HMM vessel fire,abb642450a9a4cf3863a64d4d2774cdc
"호르무즈서 한국 선박 피격 정황…靑 ""승선원 피해 없어""",,Korean,THREAT,ROUTE,Hormuz,Korean vessel reported attacked in Hormuz Strait; no crew casualties confirmed by Korean government,7,Warning,"[""CP_Hormuz""]",D1_초크포인트,HIGH,Korean vessel attack,1c1257cebe41e545286c263f9648d788
"정부 ""호르무즈 韓선박 1척 폭발뒤 화재""..HMM선원 24명 피해 없어",,Korean,DOMESTIC_IMPACT,,Hormuz,Korean vessel (HMM) experienced explosion and fire in Hormuz; 24 crew members reported safe with no casualties.,6,Warning,"[""CP_Hormuz""]",D1_초크포인트,HIGH,HMM vessel incident,dd573e36a728333ea82cb31410fb807e
"외교부 ""호르무즈 해협 한국 선박서 폭발과 함께 화재""",,Korean,DISRUPTION,LOGISTICS,Hormuz Strait,"Korean vessel experienced explosion and fire at Hormuz Strait, reported by South Korean Ministry of Foreign Affairs",8,Crisis,"[""CP_Hormuz""]",D1_초크포인트,HIGH,Korean vessel explosion,38245f737d818ba1333c205f7e268d9d
"정부 ""호르무즈 내 韓선박서 폭발·화재…인명 피해 없어""",,Korean,DISRUPTION,LOGISTICS,Hormuz,Korean vessel experienced explosion and fire in Hormuz Strait; no casualties reported.,7,Warning,"[""CP_Hormuz""]",D1_초크포인트,HIGH,Korean vessel incident,9936f4b7fd1219e5b105a5fc4a56c712
HMM “벌크선 기관실 좌현서 폭발소리 함께 화재”,,Korean,DOMESTIC_IMPACT,,,HMM vessel experiences engine room fire on port side with explosion sound,6,Warning,"[""KC_HMM""]",D1_초크포인트,HIGH,HMM vessel fire,8ded7c311223c7cd5378a9e0b5a6363a
"외교부 ""호르무즈 韓선박 폭발·화재 발생…우리 국민 피해 없어""(종합...",,Korean,THREAT,ROUTE,Hormuz,Korean vessel experienced explosion and fire in Hormuz Strait; no Korean casualties reported by foreign ministry,7,Warning,"[""CP_Hormuz""]",D1_초크포인트,HIGH,Korean vessel explosion,3a801451c925fd2ac2eb4b257af17150
"HMM ""벌크선 기관실 좌현서 폭발소리 함께 화재""",,Korean,DOMESTIC_IMPACT,,,HMM vessel experiences engine room fire with explosion sound on port side,6,Warning,"[""KC_HMM""]",D1_초크포인트,HIGH,HMM vessel fire,16d9acfefcd1cc96c0b5874afe453bc9
"호르무즈 앞 무산담 항구에 수십 척 '둥둥'...""이란 허가 기다리는 중""",,Korean,THREAT,ROUTE,Iran,"Dozens of ships waiting off Musandamm port before Hormuz Strait, awaiting Iranian permission to proceed.",7,Warning,"[""CP_Hormuz""]",D1_초크포인트,HIGH,Hormuz port congestion,f143abb1adb8b9f1db0c9aad759269a5
외교부 “호르무즈 정박 韓 선박서 폭발…현재까지 인명피해 없어”,,Korean,DISRUPTION,LOGISTICS,Hormuz,South Korean vessel experienced explosion while anchored in Hormuz; no casualties reported as of announcement by Ministry of Foreign Affairs,7,Warning,"[""CP_Hormuz""]",D1_초크포인트,HIGH,Korean vessel explosion,178212e0e8db1b6fd3772bd1fe41c76c
정부 “호르무즈해협 우리 선박 폭발·화재…인명피해 없어”,,Korean,DISRUPTION,ROUTE,Hormuz Strait,Korean ship experienced explosion and fire in Hormuz Strait with no casualties reported,7,Warning,"[""CP_Hormuz""]",D1_초크포인트,HIGH,Korean vessel explosion,5a6971c135ee9cc41311db14e67b306a
"호르무즈 해협 내 선박 폭발음‥""인명피해 없어‥원인 파악 중""",,Korean,THREAT,ROUTE,Hormuz Strait,Ship explosion reported in Hormuz Strait with no casualties; cause under investigation.,7,Warning,"[""CP_Hormuz""]",D1_초크포인트,HIGH,Korean vessel explosion,0aa338e756d95d62fa25952f0ae543ef
"정부 ""호르무즈 정박 한국 선박서 폭발·화재…원인 파악 중""",,Korean,DOMESTIC_IMPACT,,Hormuz,Korean government reports explosion and fire on Korean vessel anchored at Hormuz; cause under investigation,7,Warning,"[""CP_Hormuz""]",D1_초크포인트,HIGH,Korean vessel explosion,037e9369226b1006566f3a6c1a3c799c
"HMM 선박, 호르무즈서 외부 충격… 공격·기뢰 두고 당국 진상 파악 중",,Korean,THREAT,ROUTE,Hormuz,HMM vessel experienced external impact in Hormuz Strait; authorities investigating whether incident was caused by attack or mines,8,Crisis,"[""CP_Hormuz"", ""KC_HMM""]",D1_초크포인트,HIGH,HMM vessel attack,8987514e7ee639711e2a55336bd71566
호르무즈 해협 韓 선박서 폭발·화재…“인명 피해 없어”,,Korean,DISRUPTION,LOGISTICS,Hormuz Strait,Korean vessel experiences explosion and fire at Hormuz Strait; no casualties reported,7,Warning,"[""CP_Hormuz""]",D1_초크포인트,HIGH,Korean vessel explosion,1458d6b561efea3dedf0cbda34989fcf
美 호르무즈 탈출작전…한국 선박서 폭발 발생,,Korean,THREAT,ROUTE,Hormuz,US evacuation operation in Hormuz Strait; explosion reported on Korean vessel,8,Crisis,"[""CP_Hormuz""]",D1_초크포인트,HIGH,Korean vessel explosion,cf9c5aa13d3c6a8d2be94da9db5c9b0d
"靑 ""호르무즈 해협 선박, 한국 승선원 피해 없는 것 확인""",,Korean,DOMESTIC_IMPACT,,,South Korean government confirms no Korean crew casualties from ship incidents in Hormuz Strait,2,Normal,[],D1_초크포인트,HIGH,Korean vessel incident,ef48abb09596933849e24a9eb5f46b7d
"호르무즈 해협에서 국적선 피격 추정...""인명 피해 없어""",,Korean,THREAT,ROUTE,호르무즈 해협 (Strait of Hormuz),Korean-flagged vessel reportedly attacked in Strait of Hormuz with no casualties reported,7,Warning,"[""CP_Hormuz""]",D1_초크포인트,HIGH,Korean vessel attack,5001253177654e23846e99cbb8d78d6e
"靑, '호르무즈서 韓 선박 피격' 첩보에 ""한국 승선원 피해 없는 것으로...",,Korean,THREAT,ROUTE,Hormuz,South Korean vessel attacked in Hormuz Strait; government confirms no Korean crew casualties,7,Warning,"[""CP_Hormuz""]",D1_초크포인트,HIGH,Korean vessel attack,b11ee15aea96b81033b31c1c024a0dff
"호르무즈 한국선박 피격 의심…정부 ""인명피해 없는 듯""",,Korean,THREAT,ROUTE,Hormuz,Korean vessel suspected of being attacked in Hormuz Strait; government reports no casualties,7,Warning,"[""CP_Hormuz""]",D1_초크포인트,HIGH,Korean vessel attack,ab9f6c9c82b22af2e559e788cb309976
"정부 ""호르무즈 韓국적 선박 피격 여부 확인중…인명피해 없어""",,Korean,THREAT,ROUTE,Hormuz,Korean government confirms it is investigating whether Korean-flagged vessels were attacked in Hormuz Strait; no casualties reported.,7,Warning,"[""CP_Hormuz""]",D1_초크포인트,HIGH,Korean vessel attack Hormuz,8fe5549ca73ee5d52f33a683fdd1ea93
"우리 선박, ‘피격 소식’에 당혹감…긴장의 호르무즈",,Korean,THREAT,ROUTE,Hormuz,Korean vessel reported struck in Hormuz Strait amid regional tensions,8,Crisis,"[""CP_Hormuz""]",D1_초크포인트,HIGH,Korean ships Hormuz tension,2f96cfec5d67478fcb49a148656ba1e3
"정부 ""호르무즈 한국 선박 피격 확인 중…인명 피해 없어""",,Korean,THREAT,ROUTE,Hormuz,Korean government confirms Korean vessel struck in Hormuz Strait; no casualties reported,8,Crisis,"[""CP_Hormuz""]",D1_초크포인트,HIGH,Korean vessel attack Hormuz,c65f9c4667c0b618597af2c1fcf6be4b
靑 “호르무즈서 韓 승선원 피해 없어”…상황 예의주시,,Korean,THREAT,ROUTE,Hormuz,South Korean government confirms no Korean maritime workers were harmed in Hormuz Strait incident; situation under close observation.,6,Warning,"[""CP_Hormuz""]",D1_초크포인트,HIGH,Korean crew Hormuz safety,f7cfed72ff76ab58e5d7252beab5e658
"호르무즈 한국 선박 피격 여부 확인 중…""한국인 승선원 인명피해 없는...",,Korean,THREAT,ROUTE,Hormuz,Korean vessel reportedly attacked near Hormuz Strait; status under confirmation with no Korean crew casualties reported.,7,Warning,"[""CP_Hormuz""]",D1_초크포인트,HIGH,Korean vessel attack Hormuz,11a60cd014c9631233a7db47c3c43413
"정부 ""호르무즈서 한국 선박 피격 여부 확인중…인명피해 없어""",,Korean,THREAT,ROUTE,Hormuz,Government confirms it is investigating whether a Korean vessel was attacked in the Strait of Hormuz; no casualties reported.,7,Warning,"[""CP_Hormuz""]",D1_초크포인트,HIGH,Korean vessel attack Hormuz,faabcc0de28ba9a0b7447dbcc258fab4
"정부 ""한국 국적 선박 호르무즈 피격 추정…인명피해 없어""",,Korean,THREAT,ROUTE,Hormuz,Korean-flagged vessel reportedly fired upon in Hormuz Strait; no casualties reported,7,Warning,"[""CP_Hormuz""]",D1_초크포인트,HIGH,Korean vessel attack Hormuz,f85d2a16f5396fce1aabb2188bd506ca
해수부 “호르무즈서 한국 국적 화물선 피격 추정”,,Korean,THREAT,ROUTE,Hormuz,South Korea's Maritime Ministry reports a Korean-flagged cargo ship was allegedly attacked in the Hormuz Strait,8,Crisis,"[""CP_Hormuz""]",D1_초크포인트,HIGH,Korean cargo ship attack,e1fff04b2e536135600fa9744138f5c6
"靑 ""호르무즈서 韓승선원 피해 없어…화재 원인은 파악 중""",,Korean,THREAT,ROUTE,Hormuz,Korean government reports no casualties among Korean crew members in a fire incident at Hormuz; fire cause under investigation.,6,Warning,"[""CP_Hormuz""]",D1_초크포인트,HIGH,Korean crew Hormuz incident,0cdcffbd29bbcf9bb7a92155472fc97c
"정부 ""호르무즈 내 韓 선박 피격 확인 중…인명 피해 없어""",,Korean,THREAT,ROUTE,Hormuz,Korean government confirms a Korean vessel was hit in the Strait of Hormuz with no casualties reported.,8,Crisis,"[""CP_Hormuz""]",D1_초크포인트,HIGH,Korean vessel attack Hormuz,8e09c4205ee6e0552cede3a4b1f2bf4e
호르무즈 한국 선박서 폭발·화재…“인명피해 없어”,,Korean,DISRUPTION,LOGISTICS,Hormuz,Korean vessel experienced explosion and fire in Hormuz; no casualties reported.,6,Warning,"[""CP_Hormuz""]",D1_초크포인트,HIGH,Korean ship explosion Hormuz,451ead4e720abacbfb7072ca4dbb1b59
"뉴욕증시, 호르무즈 긴장 속 혼조 출발…다우 0.15%↓",,Korean,THREAT,ROUTE,Hormuz,New York stock market shows mixed opening amid Hormuz tension; Dow down 0.15%,6,Warning,"[""CP_Hormuz""]",D1_초크포인트,MEDIUM,Market reaction Hormuz,f117e244e54c1b01e028a7534abc0b03
"뉴욕증시, 호르무즈 위기감에 하락 출발후 상승 시도",,Korean,THREAT,ROUTE,Hormuz,"New York stock market declines on Hormuz crisis concerns, then attempts recovery",7,Warning,"[""CP_Hormuz""]",D1_초크포인트,MEDIUM,Market reaction,6a264ea2eece38eb6c208e44e373b3d0
"베선트 미 재무 ""중국, 이란 설득해 호르무즈 해협 열어야""",,Korean,THREAT,ROUTE,"China, Iran",Bessent (US Treasury) calls on China to persuade Iran to keep the Strait of Hormuz open,8,Crisis,[],D1_초크포인트,MEDIUM,Hormuz diplomacy,92505dd4cc191e035a5a7c5bbce49644
"민주 ""선원 안전이 최우선...신속·정확 대처 촉구""",,Korean,IRRELEVANT,,,Democratic party official emphasizes seafarer safety as top priority and urges swift and accurate response,0,Normal,[],D1_초크포인트,MEDIUM,Political response crew safety,90004a50fe1162ba2549aab92dfc6d80
"이란 ""미국 종전안 검토 중…요구 지나치고 비합리적""",,Korean,THREAT,SOURCE,Iran,"Iran states it is reviewing US ceasefire proposal, characterizing US demands as excessive and irrational",4,Caution,[],D1_초크포인트,MEDIUM,Iran US ceasefire negotiations,bc4e0452a1d93efe7e6d89f43b80df76
"이란 ""14개항 종전안 美 답변 검토 중…과도한 요구라서 쉽지 않다""",,Korean,THREAT,SOURCE,Iran,"Iran states it is reviewing US response to a 14-port ceasefire proposal, noting US demands are excessive and difficult to accept.",4,Caution,[],D1_초크포인트,MEDIUM,Iran US ceasefire talks,fda6b26c4cccff5538eabf5975016e25
"美 ""프로젝트 프리덤 개시…선박 2척 호르무즈 통과""",,Korean,THREAT,ROUTE,Hormuz Strait,US announces Project Freedom initiative with two vessels transiting Hormuz Strait,7,Warning,"[""CP_Hormuz""]",D1_초크포인트,MEDIUM,Hormuz transit resumption,be09e62abb9921506b95689da4edf82c
"이란 ""미 군함 미사일 타격""…美 ""피격 없다""",,Korean,THREAT,ROUTE,Iran,Iran claims it struck a U.S. military vessel with missiles; U.S. denies being hit. Reports of military confrontation in disputed waters.,6,Warning,[],D1_초크포인트,MEDIUM,Iran US military,99d33be69e6fbe89f799b1b827f641e9
"호르무즈 해협 인근 유조선 1척 피격…국제기구, 위험 등급 ‘심각’ 유...",,Korean,THREAT,ROUTE,Hormuz Strait,Tanker vessel attacked near Hormuz Strait; international organization raises risk level to 'critical',9,Crisis,"[""CP_Hormuz""]",D1_초크포인트,MEDIUM,Hormuz tanker attack,ab08751f4c19e5bc13f3071b0315f603
반군과 해적의 결탁...사냥터 된 홍해,,Korean,THREAT,ROUTE,Red Sea,"Rebels and pirates are colluding, turning the Red Sea into a hunting ground for maritime traffic",8,Crisis,[],D1_초크포인트,MEDIUM,Red Sea piracy,613823907db672d91fdfd28c841398a6
"미군, 이란 명중설 부인...""미 상선 2척 호르무즈 성공적 통과""",,Korean,THREAT,ROUTE,Iran / Strait of Hormuz,"US denies hitting Iran, reports two US merchant vessels successfully transited Strait of Hormuz",6,Warning,"[""CP_Hormuz""]",D1_초크포인트,MEDIUM,Hormuz transit,5fabb5ad6a9d1d9a20f1dcad0fbaeb7d
미 달러화 강세…이란 美 군함 공격설에 중동 긴장감 고조,,Korean,THREAT,ROUTE,Middle East,"US dollar strengthens amid reports of Iranian attacks on US naval vessels, escalating Middle East tensions",7,Warning,[],D1_초크포인트,MEDIUM,Iran tensions,ad47467677cb5890a57d3627ab3f0f25
"""직접 호위도 아닌데..."" 트럼프 장담에도 탈출은 불가능?",,Korean,IRRELEVANT,,,"Opinion piece questioning Trump's security guarantees and their feasibility, without reference to maritime supply chain disruption.",0,Normal,[],D1_초크포인트,MEDIUM,Hormuz security,7fbea04fbafa9341567e2c07f6ad54b4
"달러-원, 뉴욕장서 1,470원 후반대 거래",,Korean,IRRELEVANT,,,"USD-KRW exchange rate traded in the late 1,470 won range in New York market",0,Normal,[],D1_초크포인트,MEDIUM,KRW exchange rate,484501ce1cdd2d7e571cab7265e10aa8
미국 뉴욕증시 혼조 출발…이란 유가 리스크,,Korean,THREAT,SOURCE,Iran,US stock market opens mixed amid Iran oil price risk concerns,5,Caution,[],D1_초크포인트,MEDIUM,Iran oil risk,a551d4f8545ae5f3489cc79dd6e0366c
"이란 ""미국 답변 검토 중...요구 과도해 쉽지 않아""",,Korean,THREAT,SOURCE,Iran,Iran states it is reviewing US response and indicates US demands are excessive and difficult to accept,5,Caution,[],D1_초크포인트,MEDIUM,Iran-US negotiations,dc0d354e951d13a7b0bbf2ef0c7bcb78
"나스닥 다우 선물 지수, 미국-이란 긴장감 고조에 하락세",,Korean,THREAT,SOURCE,"United States, Iran",Nasdaq and Dow futures indices declined amid escalating US-Iran tensions,3,Normal,[],D1_초크포인트,MEDIUM,US-Iran tension markets,52786fbb33e3aa440787aedf81d32072
"미군 ""프로젝트프리덤으로 美상선 2척 호르무즈 무사통과""(종합)",,Korean,THREAT,ROUTE,Hormuz Strait,US military reports successful passage of 2 American merchant vessels through Hormuz Strait via Project Freedom initiative,6,Warning,"[""CP_Hormuz""]",D1_초크포인트,MEDIUM,US merchant convoy Hormuz,a875519d621be668f2b9ee293c0b2743
"이란 ""美 군함 미사일 맞고 해협서 퇴각""…美 ""피격 없어 """,,Korean,THREAT,ROUTE,Iran,Iran claims US naval vessel was hit by missile and retreated from strait; US denies being struck,7,Warning,[],D1_초크포인트,MEDIUM,Iran-US military tension,5f26fe2dbce40d4bf241866432e74a21
[뉴욕증시]이란과 긴장 고조…일제히 하락 출발,,Korean,THREAT,SOURCE,Iran,Stock market decline reported amid escalating US-Iran tensions,5,Caution,[],D1_초크포인트,MEDIUM,Iran tension market reaction,01e8ac7b3c82d3fe9df562b40bf66f38
"ECB 정책위원 ""6월 긴축은 불가피…높은 에너지 가격 영향""",,Korean,IRRELEVANT,,,ECB policy committee member states June rate hike is inevitable due to high energy prices,0,Normal,"[""KS_Energy""]",D1_초크포인트,MEDIUM,Energy prices ECB policy,338a2cc60dfc6599d975f61404f433ab
"미군, '호르무즈 해방 프로젝트' 착수…""美상선 2척 무사통과""(종합)",,Korean,THREAT,ROUTE,Hormuz,US military initiates 'Hormuz Freedom Project' to ensure safe passage of US commercial vessels through the region,7,Warning,"[""CP_Hormuz""]",D1_초크포인트,MEDIUM,US military Hormuz operations,49ad544fb79f18ddacbe33c9a0d0b394
[뉴욕개장] 미·이란 긴장 고조에…하락 출발,,Korean,THREAT,ROUTE,US-Iran,"US-Iran tensions escalate, causing stock market to open lower in New York",5,Caution,[],D1_초크포인트,MEDIUM,Iran-US tension market reaction,1b671fa029d9bcc70d0a20fd379a4865
"이란 ""미 호위함 호르무즈서 미사일 공격에 퇴각""...미군 ""피격된 함정 ...",,Korean,THREAT,ROUTE,"Iran, Hormuz",Iran claims it attacked and forced retreat of US escort vessel in Hormuz Strait; US military responds to alleged strike on warship,8,Crisis,"[""CP_Hormuz""]",D1_초크포인트,MEDIUM,Iran-US military tension,ddb6f1f6a40d94aae5974983a559d4ac
"이란, 호르무즈 통제 범위 확대…이스라엘·헤즈볼라 교전 재개",,Korean,THREAT,ROUTE,Iran,Iran expands control range over Hormuz Strait; Israel-Hezbollah military engagement resumes,8,Crisis,[],D1_초크포인트,MEDIUM,Iran Hormuz control expansion,cf3d1d37035fa9b9e2fcc0fd45e65e30
[속보] 이란 변수에 뉴욕증시 혼조…S&P500 사상 최고 뒤 숨고르기,,Korean,IRRELEVANT,,,Iran variable causes mixed NYSE performance; S&P 500 consolidates after record high,0,Normal,[],D1_초크포인트,MEDIUM,Iran variable market reaction,ccdd52c717b1f558f1f791c5ea348124
이란 “호르무즈 통과 시도 미 군함 미사일 맞고 퇴각”…미국은 부인,,Korean,THREAT,ROUTE,Iran,Iran claims a U.S. naval vessel was struck by missiles while attempting to pass through disputed waters; U.S. denies the incident.,7,Warning,[],D1_초크포인트,MEDIUM,Iran-US military tension,169c7c76ac9408c0abce2dbe4f63fa61
러시아에 호주까지... 일본 '중동 탈출' 외교전 총력,,Korean,THREAT,SOURCE,"Russia, Australia, Japan, Middle East",Japan conducts diplomatic outreach to Russia and Australia as part of efforts to reduce dependence on Middle Eastern energy sources,3,Normal,[],D1_초크포인트,MEDIUM,Japan Middle East diplomacy,13d34f431e9fbd30ab0a8e6016d218d0
"""미, 나포 이란 화물선 반환""...파키스탄 ""신뢰 구축 조치""",,Korean,THREAT,SOURCE,"Iran, Pakistan",US returns seized Iranian cargo ship; Pakistan views it as confidence-building measure,3,Normal,[],D1_초크포인트,MEDIUM,Iran cargo ship seizure,83241d5578d17dd201f2af690cda2ca9
전기차 충전 빠르다 했더니… 이란 전쟁서 돋보이는 중국의 에너지 맷집,,Korean,THREAT,SOURCE,Iran,"Headline reports China's energy resilience advantage demonstrated in Iran conflict context, comparing EV charging speed with broader geopolitical implications.",5,Caution,"[""KS_Energy""]",D1_초크포인트,MEDIUM,Iran energy resilience,b30b2b3d604b810426fd323ed180b56b
"이란신정(神政)체제 종식, 끝내기 게임이 곧…",,Korean,IRRELEVANT,,Iran,Headline reports on the potential end of Iran's theocratic system (political regime change speculation).,0,Normal,[],D1_초크포인트,MEDIUM,Iran political crisis,7396195faf7144d9cf7adf7d0db0839a
[뉴스퀘어 2PM] 이란 제안에 미 '답변'...협상재개는 여전히 '난항',,Korean,THREAT,SOURCE,Iran,US responds to Iran's proposal; nuclear negotiations remain difficult to resume,4,Caution,[],D1_초크포인트,MEDIUM,Iran US negotiations,16125d2a878ecfca478bcd550e6fb747
"호르무즈 봉쇄 후 첫 러시아 원유 日 도착…""수입선 다각화 전략""",,Korean,DISRUPTION,ROUTE,"Hormuz Strait, Russia, Japan",First Russian crude oil arrives in Japan after Hormuz Strait blockade; Japan diversifies import sources strategy,7,Warning,"[""CF_CrudeOil""]",D1_초크포인트,MEDIUM,Russian oil Japan import,a7f8a431f34ad160dea1ba2f5be8783b
"미 재무 ""이란 유정 다음주 폐쇄"" 관측…유가는 낙관",,Korean,THREAT,SOURCE,Iran,US Treasury observes Iranian oil fields may close next week; oil prices show optimistic sentiment.,7,Warning,[],D1_초크포인트,MEDIUM,Iran oil sanctions oil price,5fad874daef49de9f2fe1db8e9d916a9
호르무즈 막히자 수입처 다각화하는 日…러시아 원유 조달,,Korean,THREAT,SOURCE,"Japan, Russia",Japan diversifies crude oil import sources away from Hormuz Strait by procuring Russian crude oil,6,Warning,"[""CF_CrudeOil""]",D1_초크포인트,MEDIUM,Japan import diversification,fe0c71ab93c9fba1e07a88bcc66f9707
"이란, 이번에도 '핵 미룬' 종전안…""모든 건 호르무즈에 달렸다""",,Korean,THREAT,ROUTE,Iran,Iran defers nuclear agreement resolution; suggests Strait of Hormuz control remains central to negotiations.,7,Warning,"[""CP_Hormuz""]",D1_초크포인트,MEDIUM,Iran nuclear Hormuz,7c71d95f0e81f4deb889fc5e04a886c9
호르무즈 봉쇄 뒤 러시아 원유 일본 첫 도착…“수입 다각화 위해 정부...,,Korean,DOMESTIC_IMPACT,,Japan,Russia's crude oil has arrived in Japan for the first time following Hormuz strait tensions; Korean government reportedly considering import diversification measures.,5,Caution,"[""CF_CrudeOil""]",D1_초크포인트,MEDIUM,Russian oil Japan import,413032f75b2dcd91508fa4df6b834bb1
"중국, 이란산 원유 구매 정유사 겨냥한 美 제재 무시 지시",,Korean,THREAT,SOURCE,"China, Iran",China directs state refineries to ignore US sanctions and continue purchasing Iranian crude oil,7,Warning,"[""CF_CrudeOil""]",D2_품목,MEDIUM,China Iran oil sanctions,ba9144e7e753e7db76351dbe1a8e7e58
"WTI 유가, 이란의 미군 함정 타격 주장 이후 상승분 대부분 반납",,Korean,THREAT,SOURCE,Iran,"WTI crude oil price rises following Iran's claim of striking US military vessels, then retraces most gains.",5,Caution,"[""CF_Coal""]",D2_품목,MEDIUM,Oil price movement,7397938048ddf2d226115b760c98de33
"미 재무 ""이란 원유저장 포화…내주 유정폐쇄 될 듯""",,Korean,THREAT,SOURCE,Iran,"US Treasury reports Iranian crude oil storage near capacity, suggesting potential oil production shutdown next week",7,Warning,[],D2_품목,MEDIUM,Iran oil storage,5f6720697ca57b5903326bbdd0145487
"'비축유 유출' 논란에 국회선 ""전시 비축유 해외 유출 원천 차단법 필요...",,Korean,DOMESTIC_IMPACT,,,South Korean parliament discusses need for legislation to prevent overseas leakage of strategic petroleum reserves during wartime,3,Normal,[],D2_품목,MEDIUM,Strategic reserve policy,d0f519490ccbe48a0c7b8f276289022c
사상 최고치에 '꿈의 7천피' 턱밑…공포지수도 솟구쳤다,,Korean,IRRELEVANT,,,"Stock market index approaching record high of 7,000; fear index (VIX equivalent) rising",0,Normal,[],D2_품목,MEDIUM,Market volatility,e8c8b449873600053b634f45a0d933d3
UAE 국영석유사 “OPEC 탈퇴는 국익 위한 결정”,,Korean,THREAT,SOURCE,UAE,UAE state-owned oil company announces OPEC withdrawal as a decision for national interest,6,Warning,[],D2_품목,MEDIUM,OPEC geopolitics,d66ca964f877c58db5daaf96c13963ff
[밀물썰물] 금 간 ‘오일 카르텔’,,Korean,IRRELEVANT,,,Headline discusses fractures within OPEC oil cartel structure; no specific supply disruption or Korean maritime impact reported,0,Normal,[],D2_품목,MEDIUM,OPEC tensions,15c77603f20913ddd12705acab721176
"'UAE 탈퇴 충격' OPEC+ 7개국, 6월부터 원유 증산",,Korean,DISRUPTION,SOURCE,UAE,OPEC+ 7 countries plan to increase crude oil production starting June following UAE's withdrawal from OPEC+,7,Warning,"[""CF_CrudeOil""]",D2_품목,MEDIUM,OPEC+ production,6dcd1f4bccb14c5990524fcef872c0bd
"美, '티폿' 정유사 40곳 제재에…中 ""무시하라"" 맞불",,Korean,THREAT,SOURCE,"USA, China",US imposes sanctions on 40 refineries; China counters with directive to ignore sanctions,5,Caution,[],D2_품목,MEDIUM,US sanctions Iran,e5bb2ab5dd81513a33df9e28b2d85f02
"팬오션, SK에너지와 장기 원유운송계약…최소 1300억원 규모",,Korean,DOMESTIC_IMPACT,,,Pan Ocean signs long-term crude oil transport contract with SK Energy worth minimum 130 billion won,1,Normal,"[""KC_PanOcean""]",D2_품목,MEDIUM,Oil shipping contract,fcd227d4213591514258cb1a4559c11d
"""올해 美 금리인하 없을 것"" 바클레이스도 의견 바꿨다",,Korean,IRRELEVANT,,,"Barclays revises its forecast, now predicting no US interest rate cuts this year",0,Normal,[],D2_품목,MEDIUM,US interest rates,16c1356cedad108611a143b428bab18b
"코스피 7000선 육박, 사상 최고치 경신",,Korean,IRRELEVANT,,,"KOSPI index approaches 7000, reaching all-time high",0,Normal,[],D2_품목,MEDIUM,KOSPI stock index,5cc521e907bb1b42a71a5eb7bdf6b99a
"팬오션 1분기 영업이익 1409억 24.4% 증가, ""LNG운반선 선대 운영 효과""",,Korean,DOMESTIC_IMPACT,,,"Pan Ocean reports Q1 operating profit of 140.9 billion won, up 24.4% YoY, attributed to LNG carrier fleet operational efficiency",0,Normal,"[""KC_PanOcean""]",D2_품목,MEDIUM,Pan Ocean LNG shipping,17cb02fd32f9811e4160254458c2d70a
"WTI 원유 104달러 돌파, 장중 1.81% 상승",,Korean,IRRELEVANT,,,"WTI crude oil price surges past $104 per barrel, up 1.81% intraday",0,Normal,"[""CF_Coal"", ""CF_CrudeOil""]",D2_품목,MEDIUM,WTI crude oil price,1c30d421af35ad4ed54e84deccc9b7e7
"엔 환율 달러당 155엔대 급락..日재무상 ""개입 여부 노코멘트""",,Korean,IRRELEVANT,,,Japanese yen falls sharply to 155 per dollar; Japanese Finance Minister declines to comment on intervention,0,Normal,[],D2_품목,MEDIUM,Japanese yen exchange,d5e54b66594b1e709c67217930003afe
반도체주 초강세에 코스피 6930선으로 빅테크 실적기대…SK하이닉스 12%...,,Korean,DOMESTIC_IMPACT,,,SK Hynix stock surges 12% on semiconductor sector strength and big tech earnings expectations,0,Normal,"[""KC_SKHynix""]",D2_품목,MEDIUM,KOSPI semiconductor stocks,6df133b8d4c4fa78a70e9b191c8c64cf
"울산항 3월 물동량, 전년 대비 9.7% 감소한 1,532만 톤",,Korean,DOMESTIC_IMPACT,,,Ulsan port cargo volume decreased 9.7% year-over-year to 15.32 million tons in March,3,Normal,"[""KP_Ulsan""]",D2_품목,MEDIUM,Port cargo volume,e93fbd676fae9aa32401aecd2dbaec0a
중동 전쟁 여파에 아시아 제조업 흔들…재고 효과 뒤엔 비용 압박,,Korean,DOMESTIC_IMPACT,,,"Middle East conflict aftermath is shaking Asian manufacturing, with inventory effects followed by cost pressures",6,Warning,[],D2_품목,MEDIUM,Middle East impact,73c30f30f8d9a6f588e47a6716981276
"전승절 휴전 제안 불구, 러·우 공방…“그림자 함대 유조선 타격”",,Korean,THREAT,SOURCE,"Russia, Ukraine",Russia and Ukraine exchange military actions; reports indicate strikes on shadow fleet tankers despite ceasefire proposals,6,Warning,[],D2_품목,MEDIUM,Shadow fleet tanker,6d09f11d83a90e5933f166de81e618af
"삼성중공업, LNG-FSRU 1척 수주…'바다 위 LNG 터미널' 시장 공략",,Korean,IRRELEVANT,,,Samsung Heavy Industries secures an order for one LNG-FSRU unit to compete in the floating LNG terminal market.,0,Normal,"[""KC_SamsungHeavy"", ""POL_LNGDiversify""]",D2_품목,MEDIUM,LNG-FSRU vessel,771b01883c2d389eab2e28a61101dbc4
"삼성중공업, LNG-FSRU 1척 수주…'LNG 통합 솔루션' 강화",,Korean,IRRELEVANT,,,Samsung Heavy Industries secures order for one LNG-FSRU vessel and strengthens LNG integrated solution capabilities,0,Normal,"[""KC_SamsungHeavy"", ""POL_LNGDiversify""]",D2_품목,MEDIUM,LNG-FSRU vessel,89836df93be92fa4459b1df8b3aee367
대책 없는 유가 폭등에 '1만 7천 명' 거리로,,Korean,DOMESTIC_IMPACT,,,"Oil price surge without countermeasures causing 17,000 people to take to the streets in Korea",6,Warning,[],D2_품목,MEDIUM,Oil price surge,f41ad437cf7c6d5e9bfe359853da1863
비축유 ‘해외 반출’ 통제 법안 발의… 에너지 안보 대응 강화,,Korean,THREAT,SOURCE,,South Korea proposes legislation to control overseas export of strategic petroleum reserves to strengthen energy security,6,Warning,"[""KI_EnergySecurity"", ""KS_Energy""]",D2_품목,MEDIUM,Strategic reserves,f7a64e4256ff93834a252e5ed0a86fc8
"팬오션, 1분기 영업익 1409억원…비수기에도 24%↑",,Korean,DOMESTIC_IMPACT,,,"Pan Ocean reports 140.9 billion won operating profit in Q1, up 24% despite low season",0,Normal,"[""KC_PanOcean""]",D2_품목,MEDIUM,Pan Ocean earnings,a15bd7ff53c808865c85a84eae90da6b
HMM 부산행 확정…남은 쟁점은 조직·인력 재배치,,Korean,DOMESTIC_IMPACT,,,HMM confirms Busan relocation with remaining issues centered on organizational restructuring and workforce reallocation,2,Normal,"[""KC_HMM""]",D2_품목,MEDIUM,HMM relocation,68237436031d2a1ce793d721c958a324
"[사설] HMM 본사 부산 이전, 실질 기능 동반돼야 효과",,Korean,DOMESTIC_IMPACT,,,"Editorial opinion on HMM's relocation of headquarters to Busan, emphasizing need for substantive operational functions to accompany the move",2,Normal,"[""KC_HMM""]",D2_품목,MEDIUM,HMM headquarters move,8ad65883e9607a484d5629afc044aafa
"中 칭다오항, 1분기 컨테이너선 7개 노선 개통",,Korean,IRRELEVANT,,China,Qingdao Port opens 7 new container shipping routes in Q1,0,Normal,"[""VT_Container""]",D2_품목,MEDIUM,Qingdao port routes,336d4ae0deb2500f29813360bbe8c435
"“HMM 부산 이전, 시대적 과제에 부합” 지역 시민사회도 환영",,Korean,DOMESTIC_IMPACT,,"Busan, South Korea",HMM's relocation to Busan is welcomed by local civil society as meeting the demands of the times,0,Normal,"[""KC_HMM""]",D2_품목,MEDIUM,HMM relocation support,4f363ca7e4bdd2272750c27e5f17d6b4
"HMM, 노사 합의로 부산 이전 추진… 5월 내 법적 절차 마무리",,Korean,DOMESTIC_IMPACT,,South Korea,"HMM and labor union reach agreement to proceed with relocation to Busan, with legal procedures to be completed by May",2,Normal,"[""KC_HMM""]",D2_품목,MEDIUM,HMM Busan relocation,1898796bae18a02d410a900d0b6c16b7
"트럼프 반대에도 ‘해운 탄소세’ 순항…기후솔루션 “IMO, 연말 합의 가...",,Korean,THREAT,SOURCE,,Maritime carbon tax policy advances toward IMO year-end agreement despite Trump opposition; affects shipping costs and regulatory environment,3,Normal,[],D2_품목,MEDIUM,IMO carbon regulations,b30c90d45ed457814d43e8b289ca740e
"팬오션, 사업 다각화로 올해 1분기 수익성 개선",,Korean,DOMESTIC_IMPACT,,,Pan Ocean improves profitability in Q1 through business diversification,0,Normal,"[""KC_PanOcean""]",D2_품목,MEDIUM,Pan Ocean earnings,5cf2a0d936b5ee432dcd163be306b798
"우크라, 러 최대 석유항구 대규모 공습…‘중동전 반사이익’ 차단",,Korean,THREAT,SOURCE,Russia,"Ukraine conducts large-scale military strikes on Russia's largest oil port, threatening Russian oil export capacity",6,Warning,[],D3_인프라,HIGH,Russian oil disruption,2380e0fdce2be02427796caed126efe8
부산신항 터미널 변전실 화재…20대 감전사,,Korean,DOMESTIC_IMPACT,,Busan,Fire in transformer room at Busan New Port terminal; one person in 20s electrocuted,2,Normal,[],D3_인프라,MEDIUM,Port infrastructure incident,9e0ebaef9561695595841d7c0c71de0b
"삼성중공업, LNG-FSRU 1척 4848억 원에 수주",,Korean,IRRELEVANT,,,Samsung Heavy Industries secures an order to build one LNG-FSRU vessel for 484.8 billion won,0,Normal,"[""KC_SamsungHeavy"", ""POL_LNGDiversify""]",D3_인프라,MEDIUM,LNG-FSRU contract,cb05220490a8c2e5db055493993c8db7
"[속보] 외교부 ""호르무즈 내 韓선박서 폭발과 화재 발생""",,Korean,DISRUPTION,LOGISTICS,Hormuz,South Korean vessel experienced explosion and fire in Hormuz Strait,8,Crisis,"[""CP_Hormuz""]",D4_운송,HIGH,Korean vessel incident,fc83dbb41a7928d2783c24578f03cb3b
[속보] 외교부 “호르무즈 내 韓선박서 폭발과 화재 발생”,,Korean,DISRUPTION,LOGISTICS,Hormuz,Korean vessel experienced explosion and fire in Hormuz Strait,8,Crisis,"[""CP_Hormuz""]",D4_운송,HIGH,Korean vessel incident,2e00fbd6180258730239f8eff236e531
[속보] 외교부 “폭발 당시 선박에 韓국적 6명·외국 국적 18명 탑승”,,Korean,DOMESTIC_IMPACT,,,Foreign Ministry reports 6 Korean nationals and 18 foreign nationals were aboard a vessel at the time of an explosion,2,Normal,[],D4_운송,HIGH,Korean crew casualties,02c0ce587f4de1ac4288b7515b1f4416
"[속보] 외교부 ""관련국들과 긴밀 소통하며 선박·선원 안전조치 취할것...",,Korean,THREAT,ROUTE,,South Korea's Foreign Ministry announces close communication with relevant countries and plans to implement ship and crew safety measures in response to an unspecified maritime security situation.,6,Warning,[],D4_운송,HIGH,Vessel safety response,a70240105052d9699a468aa8de6c235f
[속보] 외교부 “관련국들과 긴밀 소통하며 선박·선원 안전조치 취할것...,,Korean,THREAT,ROUTE,,South Korean Foreign Ministry reports it will maintain close communication with relevant countries and implement vessel and crew safety measures,5,Caution,[],D4_운송,HIGH,Vessel safety response,c73af85acbe5627a03e6125ddef6a87b
"[속보] 외교부 ""폭발 당시 선박에 韓국적 6명·외국 국적 18명 탑승""",,Korean,DOMESTIC_IMPACT,,,Foreign Ministry reports 6 Korean nationals and 18 foreign nationals were aboard a vessel at time of explosion,2,Normal,[],D4_운송,HIGH,Korean crew casualties,6c575321af9e784df75e1c74d0eb4b56
"[속보] 외교부 ""폭발 당시 선박에 韓 국적 6명·외국 국적 18명 탑승""",,Korean,DOMESTIC_IMPACT,,,Foreign Ministry confirms 6 Korean nationals and 18 foreign nationals were aboard the vessel at the time of explosion,2,Normal,[],D4_운송,HIGH,Korean crew casualties,e245f3508bfda44978436c456c93061a
"[속보] 외교부 ""호르무즈서 韓 선박 폭발, 관련국과 긴밀 소통…안전 위...",,Korean,DOMESTIC_IMPACT,,Hormuz,South Korean vessel exploded in Hormuz Strait; Ministry of Foreign Affairs in close communication with relevant countries regarding safety concerns.,8,Crisis,"[""CP_Hormuz""]",D4_운송,HIGH,Vessel incident Hormuz,76e5a513f1f7a5c70c856dfeba44d2b5
[뉴스특보 LIVE] ‘한국 선박 피격’ 확인 중,,Korean,THREAT,ROUTE,,Breaking news report confirms Korean vessel has come under fire,7,Warning,[],D4_운송,HIGH,Korean vessel attack,fccccc22350310ccf611a0c897997232
"[속보]청와대, 호르무즈 관련 ""선박 화재 원인 파악 중…한국 승선원 피...",,Korean,DISRUPTION,LOGISTICS,Hormuz,Ship fire incident near Hormuz Strait; cause under investigation with Korean crew member injured,7,Warning,"[""CP_Hormuz""]",D4_운송,HIGH,Hormuz vessel incident,69e7f1252558954e3fa4f9df5b7e9344
"[속보] 외교부 ""호르무즈 선박 피격 여부 확인…인명피해 없다""",,Korean,THREAT,ROUTE,Hormuz,South Korean Ministry of Foreign Affairs confirms ship attack incident in Hormuz Strait; no casualties reported,7,Warning,"[""CP_Hormuz""]",D4_운송,HIGH,Korean vessel attack,364bf6b4baa68f3f4396ec7f5cc47971
"[속보] 외교부 ""선박 피격 확인 중...우리 국민 피해 없어""",,Korean,THREAT,ROUTE,,Ministry of Foreign Affairs confirms a vessel was attacked; no Korean casualties reported,6,Warning,[],D4_운송,HIGH,Korean vessel attack,7eab0796a21a23a3f0faeeac57f33a7a
"[속보] 외교부 ""호르무즈서 韓선박 피격여부 확인중…인명피해 없어""",,Korean,THREAT,ROUTE,Hormuz,Korean ship reportedly fired upon in Hormuz Strait; Foreign Ministry confirms no casualties and is investigating the incident,7,Warning,"[""CP_Hormuz""]",D4_운송,HIGH,Korean vessel attack,3ee9c3abee4bf319437e701d9657599e
"제주 관광, 유류할증료·항공 감편 겹치자 31억5000만원 긴급 투입",,Korean,DOMESTIC_IMPACT,,Jeju,"Jeju tourism sector experiencing financial strain due to combined impact of fuel surcharges and reduced airline capacity, requiring emergency government injection of 3.15 billion won",2,Normal,[],D4_운송,MEDIUM,Jeju tourism fuel surcharge,907d93b2c906ef06e0438861aee99e88
울릉도에서 마른 오징어 8~10마리 '17만원'…바가지 논란,,Korean,IRRELEVANT,,울릉도,"Dried squid prices at Ulleung Island reported at 170,000 won for 8-10 pieces, raising concerns about overcharging",0,Normal,[],D4_운송,MEDIUM,Squid price inflation,10e33f4a0c20abfc4e94e4ed9c629144
"전쟁발 항공유 폭등, 美스피릿항공 폐업은 시작이다?",,Korean,THREAT,SOURCE,United States,War-driven jet fuel price spike; Spirit Airlines bankruptcy marks the beginning of broader aviation industry collapse,4,Caution,[],D4_운송,MEDIUM,Jet fuel prices,8c61eac7edfabf54f5c53a279f8801bd
美 스피릿 항공 붕괴 남의 일 아니다,,Korean,IRRELEVANT,,USA,US airline Spirit Air is collapsing; no direct maritime supply chain connection,0,Normal,[],D4_운송,MEDIUM,Airline industry crisis,38c7ab3937203358a414c570d6e29f78
"HD한국조선해양, KSS해운과 초@",,Korean,DOMESTIC_IMPACT,,,"HD Hyundai Heavy Industries and KSS Shipping announced a partnership or agreement (headline truncated, details unclear).",0,Normal,"[""KC_HDHanZo""]",D4_운송,MEDIUM,Shipping company,30aa287796d4050ebd43d004dabd4501
"대한항공, 만석 착시 끝나나…유류할증료 충격 '지금부터'",,Korean,DOMESTIC_IMPACT,,,Korean Air faces fuel surcharge impact as full-capacity operations end,3,Normal,"[""KC_KoreanAir""]",D5_시장지표,MEDIUM,Airline fuel surcharge,f40b4b823e1784a61cb95fac4f9ac737
"3달 만에 무려 '7배' 급등…""올 여름 괜찮겠나"" 발 동동 [플라잇톡]",,Korean,IRRELEVANT,,,Headline reports a 7-fold price surge over 3 months and expresses concern about summer conditions; specific commodity or market context not determinable from headline alone.,0,Normal,[],D5_시장지표,MEDIUM,Fuel price surge,57992ca098650884dc45f94a0b976a4b
[외환-마감] 外人 주식 폭풍매수로 20원 털썩…이란戰 이후 최저,,Korean,IRRELEVANT,,,"Korean won depreciates 20 won against foreign currency due to foreign investor stock selling, reaching lowest level since Iran conflict.",0,Normal,[],D5_시장지표,MEDIUM,Iran conflict currency impact,1b0b2984a6095c11146ae68bbe27532c
“고유가 발목 잡았다” 4월 국산차 판매 뚝,,Korean,DOMESTIC_IMPACT,,,Domestic vehicle sales declined in April due to high oil prices,1,Normal,[],D5_시장지표,MEDIUM,Oil price impact,4f70c90fa2bd4d5ac94d3571f3c7ae49
"[현장] 어버이날 앞둔 용인 남사화훼단지, 꽃 찾는 손길뒤 ‘고유가 그...",,Korean,IRRELEVANT,,,Domestic flower market in Yongin ahead of Parents' Day faces high fuel costs.,0,Normal,[],D5_시장지표,MEDIUM,Oil price impact,55f0b7fd11eabe5a6374abdf7d5b6dcb
"완성차 4월 판매량 전년比 3.3%↓… 기아, 국내서 현대차 첫 추월",,Korean,DOMESTIC_IMPACT,,,Kia's April sales declined 3.3% year-over-year; Kia surpassed Hyundai for the first time in domestic market,0,Normal,"[""KC_Kia""]",D5_시장지표,MEDIUM,Oil price impact,811c4c66d1096c6b17039bbd1d692c76
제주 고유가 지원금 196억원 지급… 탐나는전 선택률 전국 평균의 2배 웃...,,Korean,IRRELEVANT,,,Jeju region fuel subsidy program distributes 19.6 billion won; Tamnaneun-jeon insurance product selection rate doubles national average.,0,Normal,[],D5_시장지표,MEDIUM,Oil price impact,2b1e4fb23ce4b3a307589293992e1ad2
"완성차 5사, 4월 판매 전년比 3.3%↓…기아, 사상 첫 내수 현대차 앞서",,Korean,DOMESTIC_IMPACT,,,South Korea's five major automakers saw April sales decline 3.3% year-over-year; Kia achieved record domestic market share surpassing Hyundai,2,Normal,"[""KC_Kia""]",D5_시장지표,MEDIUM,Oil price impact,439a0ee4994e50b80dbf33178114f8ab
"르노코리아, 4월 판매량 40%↓…유가 상승 영향",,Korean,DOMESTIC_IMPACT,,,"Renault Korea's April sales volume decreased 40%, attributed to rising oil prices",2,Normal,[],D5_시장지표,MEDIUM,Oil price impact,fd0cdf35a99056988c24d1c00ce19842
"英해군 기구 ""호르무즈 해협 인근서 유조선, 정체불명 발사체에 피격""",,Korean,THREAT,ROUTE,Hormuz Strait,UK maritime authority reports tanker struck by unidentified projectile near Hormuz Strait,8,Crisis,"[""CP_Hormuz""]",D6_교란행위,HIGH,Hormuz tanker attack,cf762d8b4b7b109c500e38c5e39132ae
"""자재난 핑계 부실시공 용납 못해""…국토부, 건설현장 긴급 점검",,Korean,IRRELEVANT,,,"South Korea's Ministry of Land, Infrastructure and Transport conducts emergency inspections at construction sites to prevent substandard work under the guise of material shortages.",0,Normal,[],D6_교란행위,MEDIUM,Construction material shortage,6da6028d4cf768940eaba9a1d5e07180
국토장관 김윤덕 LH 건설현장 찾아 중동전쟁 리스크 선제 관리 : “자재...,,Korean,DOMESTIC_IMPACT,,,South Korea's Land Minister Kim Yun-deok visits LH construction site to proactively manage Middle East war risks related to construction materials supply.,3,Normal,[],D6_교란행위,MEDIUM,Middle East risk material shortage,19f56f762daa3bfaec235a6483bb5c8d
"김윤덕 장관, 건설현장 긴급 점검…""자재난 핑계 부실시공 무관용""",,Korean,IRRELEVANT,,,"Minister Kim Yun-deok conducts emergency inspection of construction sites, warning against poor workmanship under the pretext of material shortages.",0,Normal,[],D6_교란행위,MEDIUM,Construction material shortage,6046c6ac0be92a32a2efb5537c9a1dd4
파키스탄 “‘미군 나포’ 투스카호 선원들 이란에 이송 예정”,,Korean,THREAT,ROUTE,"Pakistan, Iran",Pakistan reports that crew members of the US-seized Tuscaloosa vessel are scheduled to be transferred to Iran,6,Warning,[],D6_교란행위,MEDIUM,Hormuz strait tension,3454f2a7b06c4681ac6e2d444bc37508
"""우리는 해적"" 발언에... 이란, '트럼프 마리오' 조롱 영상 응수 [앵커리...",,Korean,IRRELEVANT,,,"Iran responds to Trump administration rhetoric with a mocking video, reflecting diplomatic tensions.",0,Normal,[],D6_교란행위,MEDIUM,Iran-US tensions,ccf12f594e2a897285db1e799bdc369e
"Korean vessel damaged after suspected attack in Strait of Hormuz, no appa...",,Korean,THREAT,ROUTE,Strait of Hormuz,Korean vessel damaged after suspected attack in Strait of Hormuz with no apparent casualties reported.,8,Crisis,"[""CP_Hormuz"", ""VT_Reefer"", ""KC_KoreanAir""]",D7_행위자,HIGH,Hormuz vessel attack,147c7d72fdb13f58710f907c891defa5
(2nd LD) Explosion followed by fire reported on S. Korean vessel in Strai...,,Korean,DOMESTIC_IMPACT,,,Explosion followed by fire reported on a South Korean vessel in the Strait,7,Warning,"[""VT_Reefer"", ""KC_KoreanAir""]",D7_행위자,HIGH,Hormuz vessel explosion,1b358f6bcc3e2baf161ec94e45a57910
"UAE ""OPEC 탈퇴는 특정국 겨냥 아냐""",,Korean,IRRELEVANT,,UAE,UAE states that its OPEC withdrawal decision is not targeting any specific country,0,Normal,[],D7_행위자,MEDIUM,OPEC geopolitics,0b900311b11fa9bea26faeeef47c0f74
중국어선 100여 척 동해 북상…해경 감시 강화,,Korean,THREAT,ROUTE,East Sea (동해),Approximately 100 Chinese fishing vessels moving northward in the East Sea; Korean coast guard strengthens monitoring,4,Caution,[],D8_수산물,MEDIUM,Chinese fishing vessels,14e8f313bdfdb6cbbfaf1105f0da93b1
중국어선 100여척 NLL 집결..해경 대형함정 배치,,Korean,THREAT,ROUTE,Korea (NLL - Northern Limit Line),Approximately 100 Chinese fishing vessels gathered at the NLL; South Korean Coast Guard deployed large naval vessels in response.,6,Warning,[],D8_수산물,MEDIUM,Chinese fishing vessels,4424e2b889efc1cac48f0a672e7ffbda
"'NLL 앞 100척 집결'… 동해로 몰린 중국어선, 해경 '즉각 차단 태세'",,Korean,THREAT,ROUTE,East Sea (Donghae),100+ Chinese fishing vessels converge near the NLL in the East Sea; Korean Coast Guard assumes immediate blockade stance,6,Warning,[],D8_수산물,MEDIUM,Chinese fishing vessels,2cf7d4e2d9bd38825dd29513252d430d
"수은, ADB와 '핵심광물 공급망 안정화' 맞손",,Korean,IRRELEVANT,,,Export-Import Bank of Korea and Asian Development Bank announce cooperation on critical mineral supply chain stabilization.,0,Normal,[],D9_한국,MEDIUM,Critical minerals supply,1f9e911b30ed812eefb68e43f201e8c1
중동 긴장 고조에 통화정책 변수 확대…연준 내부 “금리 인상 가능성도...,,Korean,IRRELEVANT,,,Middle East tensions rising amid expanded monetary policy variables; Federal Reserve internally discusses possibility of rate hikes,0,Normal,[],D9_한국,MEDIUM,Middle East tension,0176f40838544905bf8b6961f5063765
"[사설] 호르무즈 韓 선박 사고, 선원 안전귀환을 최우선으로",,Korean,DOMESTIC_IMPACT,,Hormuz,Korean vessel accident in Hormuz Strait; prioritizing safe return of crew members.,6,Warning,[],D1_초크포인트,HIGH,Hormuz vessel fire,a3474f447fe13853d746cdee0e9c5dc3
"靑, '호르무즈 선박 화재' 원인규명 위해 전문가 급파키로",,Korean,DISRUPTION,LOGISTICS,Hormuz,Korean government dispatches experts to investigate the cause of a ship fire in the Hormuz region,7,Warning,"[""CP_Hormuz""]",D1_초크포인트,HIGH,Hormuz vessel fire,26692145998fd1bc260b6098469f001d
[사설]호르무즈 난제… 원인 규명 후 비례성 원칙 따라 대응해야,,Korean,THREAT,ROUTE,Hormuz,Editorial discussing the Hormuz issue and emphasizing need to investigate causes and respond according to proportionality principles,7,Warning,"[""CP_Hormuz""]",D1_초크포인트,HIGH,Hormuz incident response,3844d2550fafa5965b3780c84454dc9b
"머스크 상선, 미 해군 보호 속 호르무즈 해협 통과-긴장 속 해상 물류 재...",,Korean,THREAT,ROUTE,Hormuz Strait,Maersk vessel transits Strait of Hormuz under US Navy protection amid heightened tensions affecting maritime logistics,7,Warning,"[""CP_Hormuz""]",D1_초크포인트,HIGH,Hormuz Strait Transit,a8b266a152b590dc10f161203409bd0f
"美국방 ""韓선박 피격…한국, 호르무즈 작전 나서달라""(종합)",,Korean,THREAT,ROUTE,Middle East / Hormuz,US Department of Defense reports Korean vessel was attacked and calls on Korea to participate in Hormuz operations.,7,Warning,"[""CP_Hormuz""]",D1_초크포인트,HIGH,Korean vessel attack,aecfb8a8fa8b6a46f0df1b47e8cab08a
"외교부 ""HMM 선원 24명 피해 없어...선박 예인 예정""",,Korean,DOMESTIC_IMPACT,,,South Korean Foreign Ministry reports 24 HMM crew members unharmed; vessel to be towed,2,Normal,"[""KC_HMM""]",D1_초크포인트,HIGH,HMM crew safety,fdc92d9fdfa3f837c863266fc2c3a7bc
"청와대, 선박 화재 대책회의...""원인 분석에 수일 소요 예상""",,Korean,IRRELEVANT,,,Presidential office holds ship fire countermeasure meeting; cause analysis expected to take several days,0,Normal,[],D1_초크포인트,HIGH,Vessel fire response,0e919dd96eebf38b9b996ff6b95dde74
"美국방장관, 호르무즈 '해방 프로젝트'에 ""한국 더 나서주길""(종합)",,Korean,THREAT,ROUTE,"United States, Hormuz","US Defense Secretary calls for Korea to increase participation in Hormuz 'Liberation Project', implying potential geopolitical tension in the strait region",7,Warning,"[""CP_Hormuz""]",D1_초크포인트,HIGH,Hormuz operation pressure,1c9f529f9e13934e7f37ffbcfb509c66
"미 국방 ""한국 나서야""…호르무즈 작전 동참 압박",,Korean,THREAT,ROUTE,Hormuz,US Defense Department pressures Korea to participate in Hormuz Strait operations,7,Warning,"[""CP_Hormuz""]",D1_초크포인트,HIGH,Hormuz operation participation,483a1d9f546be7c8e70ab1e4625ad8bf
"""공격 받은 한국, 이젠 나설 때""…美, 호르무즈 호위작전 '동참' 요구",,Korean,THREAT,ROUTE,Hormuz,US requests Korea's participation in Hormuz Strait escort operations amid tensions affecting Korean shipping,7,Warning,"[""CP_Hormuz""]",D1_초크포인트,HIGH,Hormuz escort operation,2f2d50bf5c48f5630a5d3cf09c2dc939
"트럼프 압박 뒤 국방장관 “한국, 호르무즈 작전 더 나서길”",,Korean,THREAT,ROUTE,Hormuz,US Defense Secretary urges Korea to increase involvement in Hormuz operations following Trump administration pressure,7,Warning,"[""CP_Hormuz""]",D1_초크포인트,HIGH,Hormuz operation pressure,b1e3a258afd4d2b155c923a098cc6d18
"美국방장관, 또 韓 압박...""호르무즈 '해방 프로젝트' 더 나서주길""",,Korean,THREAT,ROUTE,United States,US Defense Secretary pressures Korea to increase participation in Hormuz 'Liberation Project',6,Warning,"[""CP_Hormuz""]",D1_초크포인트,HIGH,Hormuz operation pressure,a54c3309252e711d69ebeee6d5332956
"""한국도 호르무즈 작전 참여해야""..트럼프 이어 국방장관도 압박",,Korean,THREAT,ROUTE,Hormuz,"Defense Minister pressures Korea to participate in Hormuz Strait operations, following Trump's calls for involvement",7,Warning,"[""CP_Hormuz""]",D1_초크포인트,HIGH,Hormuz operation participation,4faf9c27fe9099ae86d6ba4d63826f66
"美, 호르무즈 작전에 한국 참여 압박…""휴전은 끝나지 않았다""",,Korean,THREAT,ROUTE,Strait of Hormuz,US pressures Korea to participate in Hormuz Strait operations amid ongoing military tensions,7,Warning,"[""CP_Hormuz""]",D1_초크포인트,HIGH,Hormuz operation pressure,37ba103828953d5e1ab5e75e595e65dd
"""한국 더 나서야""…미 국방장관 '호르무즈 해방 프로젝트' 참여 촉구",,Korean,THREAT,ROUTE,Hormuz,US Defense Secretary urges Korea to participate in 'Hormuz Freedom Project' amid tensions in the strategic strait.,7,Warning,"[""CP_Hormuz""]",D1_초크포인트,HIGH,Hormuz operation pressure,484de9674e11baeef97e8d00515aa507
"美국방 ""韓, 호르무즈 구출작전 나서주길…피격 선박과 연락 중""",,Korean,THREAT,ROUTE,Strait of Hormuz,"US Department of Defense requests Korea to participate in rescue operations for a ship under attack, currently in contact with the struck vessel in the Hormuz region.",8,Crisis,"[""CP_Hormuz""]",D1_초크포인트,HIGH,Korean vessel rescue,5c075ad179921a99576c754431487d73
호르무즈 해협 韓 선박 폭발…정부 대응 주목,,Korean,DISRUPTION,ROUTE,Hormuz Strait,Korean vessel explosion reported in Hormuz Strait; government response underway,9,Crisis,"[""CP_Hormuz""]",D1_초크포인트,HIGH,Korean vessel incident,fb977daf557db1eca438433b60351e93
[김종석의 오프닝]HMM ‘나무호’ 화재…긴박했던 당시 상황,,Korean,DOMESTIC_IMPACT,,,HMM's container vessel 'Namuho' experienced a fire incident; article discusses the urgent situation at the time.,3,Normal,"[""KC_HMM""]",D1_초크포인트,HIGH,HMM vessel fire,e9d7909126f304d3bd9b1c9b0139dc73
"美 ""韓, '해방 프로젝트'에 더 나서주길…피격선박과 소통 중""",,Korean,THREAT,ROUTE,Red Sea / Yemen,US urges Korea to increase involvement in 'liberation project' and maintain communication with attacked vessels,6,Warning,[],D1_초크포인트,HIGH,Korean vessel attack,8e0a61914ef92b252eaa965395f4cb0a
"美 국방 ""중부사령부 피격 선박과 연락 중…한국 나서주길 바라""",,Korean,THREAT,ROUTE,Middle East,US Central Command reports contact with struck vessel; calls for Korean involvement/assistance,7,Warning,[],D1_초크포인트,HIGH,Hormuz vessel incident,109aef63561a56a4d3a3d7ce77931e18
"트럼프 ""한국, 호르무즈 작전 합류해야""...청 ""제안 검토 중""",,Korean,THREAT,ROUTE,Hormuz,Trump urges Korea to join Hormuz operations; Korean government reviewing the proposal,7,Warning,"[""CP_Hormuz""]",D1_초크포인트,HIGH,Korea Hormuz deployment,cb7b28f52bced3dc67b2599b8cbd8950
"호르무즈 긴장 재고조 국제유가 5% 급등...트럼프 ""유가 급락할 것""",,Korean,THREAT,ROUTE,Hormuz,"Hormuz tensions escalate, international oil prices surge 5%; Trump claims oil prices will crash",8,Crisis,"[""CP_Hormuz""]",D1_초크포인트,HIGH,Oil price surge Hormuz,018bcc9fb9d856335a9a8ef8b74727ce
호르무즈 '해방 작전' 이틀째...군사적 충돌 없는 '휴전 모드',,Korean,THREAT,ROUTE,Hormuz,"Hormuz region enters second day of 'liberation operation' with military tensions in ceasefire mode, no active conflict reported.",7,Warning,"[""CP_Hormuz""]",D1_초크포인트,HIGH,Hormuz military operation,cfd18c425394d9bb4d80d0f13b38979e
"청와대, 트럼프 '파병 압박'에 ""대비 태세 등 감안해 검토""",,Korean,THREAT,SOURCE,United States,"South Korean government reviews troop deployment amid US pressure, considering readiness posture",2,Normal,[],D1_초크포인트,HIGH,Korea deployment consideration,e16b27cddaee0c1c01278f456091e436
"호르무즈 HMM 선박 진화...""폭발 원인, 예인 뒤 조사""",,Korean,DISRUPTION,LOGISTICS,Hormuz,HMM vessel fire in Hormuz region; cause under investigation after being towed.,7,Warning,"[""KC_HMM""]",D1_초크포인트,HIGH,HMM vessel Hormuz,ac17cbe589e51151f8c885a3ffa720bc
"트럼프 '파병' 압박에…靑 ""국내법 감안해 검토""",,Korean,IRRELEVANT,,,Trump pressures troop deployment; Korean government states it will review the matter considering domestic law.,0,Normal,[],D1_초크포인트,HIGH,Korea deployment review,6286b0ce66ad30203d2c6f4a726938a5
"트럼프 이어 美 국방장관도 호르무즈 작전 동참 촉구...""한국 나서주길...",,Korean,THREAT,ROUTE,Hormuz,"US Defense Secretary urges participation in Hormuz operations, calls for Korean involvement",7,Warning,"[""CP_Hormuz""]",D1_초크포인트,HIGH,US defense Hormuz,954db8977cfd2f757023884319e55deb
"트럼프 ""이란이 한국 화물선 공격...한국, 작전 동참할 때""",,Korean,THREAT,ROUTE,Iran,Trump alleges Iran attacked a Korean cargo vessel and calls for Korea to join military operations,7,Warning,[],D1_초크포인트,HIGH,Iran attacks Korean cargo,9cd911f5ff220cec36df7b9c49208db9
미국 국방장관 “이란과의 휴전 안 끝나…한국 나서야”,,Korean,THREAT,ROUTE,Iran,US Defense Minister states ceasefire with Iran has not ended and calls for Korea's involvement,6,Warning,[],D1_초크포인트,HIGH,US-Iran ceasefire Korea,fe1246816ae0b7cd7b3923e8f8e1877c
"미 국방 ""한국 나서주길""...호르무즈 기여 촉구",,Korean,THREAT,ROUTE,Hormuz,US Department of Defense urges South Korea to contribute to Hormuz Strait security efforts,7,Warning,"[""CP_Hormuz""]",D1_초크포인트,HIGH,US defense Korea Hormuz,1c919c3d60bdee40cd12f8644db69805
"""큰 동요 없지만 불안감 확산""...선박 안전해역 이동",,Korean,THREAT,ROUTE,,"Ships moving to safer waters amid spreading anxiety, but without major disruption yet reported",4,Caution,[],D1_초크포인트,HIGH,Vessel safety concerns,dd929200ee7582fb0bbab3af66a431ee
"호르무즈 선박, 피격인가 사고인가 [뉴스A CITY LIVE]",,Korean,THREAT,ROUTE,Hormuz,Vessel incident in Hormuz Strait reported with unclear cause (attack or accident),7,Warning,"[""CP_Hormuz""]",D1_초크포인트,HIGH,Hormuz vessel incident,82cb75f99d9060a3c446cf99a5a3e200
"美국방장관 ""한국, '프로젝트 프리덤' 동참하기 바란다""",,Korean,IRRELEVANT,,,US Defense Secretary expresses hope for Korea's participation in 'Project Freedom',0,Normal,[],D1_초크포인트,HIGH,Project Freedom Korea,b7abef51b160992e368877addd4d3560
"美국방 ""휴전 유효, 싸움 원하지 않아…이란, 신중히 행동해야""(상보)",,Korean,THREAT,ROUTE,Iran,US Department of Defense states ceasefire is valid and does not want conflict; calls on Iran to act cautiously.,4,Caution,[],D1_초크포인트,HIGH,US-Iran ceasefire status,422cdb3bc1f398013392c721a21522b5
"[아주경제 오늘의 뉴스 종합] 靑 ""美 호르무즈 제안, 국내법 절차 등 감...",,Korean,THREAT,ROUTE,Hormuz,"South Korean government reviews US proposal for Hormuz Strait naval coalition, considering domestic legal procedures.",6,Warning,"[""CP_Hormuz""]",D1_초크포인트,HIGH,Korea Hormuz proposal,1327d71993bedc2bb6961faab30bd849
[속보]트럼프 이어 헤그세스도 “호르무즈 해협 재개방에 한국 더 나서...,,Korean,THREAT,ROUTE,,Trump and Hagassess urge Korea to increase efforts in reopening the Strait of Hormuz,7,Warning,"[""CP_Hormuz""]",D1_초크포인트,HIGH,Hormuz reopening Korea,95e43305d23e3916f09ed7915cb6054b
"미 국방 ""한국 나서주길""…호르무즈 기여 촉구",,Korean,THREAT,ROUTE,Hormuz,US Department of Defense urges Korea to contribute to Hormuz Strait security efforts,7,Warning,"[""CP_Hormuz""]",D1_초크포인트,HIGH,US defense Korea role,aac8ddb8888cdbb6e15bf5c616d9ae11
美 국방장관 “호르무즈 작전에 한국 더 나서주길”,,Korean,THREAT,ROUTE,Hormuz,US Defense Secretary requests increased Korean participation in Hormuz Strait operations.,7,Warning,"[""CP_Hormuz""]",D1_초크포인트,HIGH,US defense Hormuz Korea,ead386881753639850d40f6839df3955
호르무즈 통제 확대 주장에 두바이 앞바다 선박 363척 밀집,,Korean,THREAT,ROUTE,Dubai,363 vessels concentrated off Dubai in response to claims of expanded Hormuz control,7,Warning,[],D1_초크포인트,HIGH,Hormuz chokepoint congestion,0aae6d15dcc410523bf3be55c12644f2
중동 긴장 고조에 브렌트유 5.8% 치솟아…원유 수급난 6월 본격화,,Korean,THREAT,SOURCE,Middle East,Middle East tension escalation causes Brent crude oil to surge 5.8%; crude oil supply shortage expected to intensify in June,8,Crisis,"[""CF_CrudeOil""]",D1_초크포인트,HIGH,Oil price surge supply crisis,d7158499b65737190709975fa85a4b2b
4월 울산항 원유 반입량 전년 월평균 절반 그쳐,,Korean,DOMESTIC_IMPACT,,,Ulsan port crude oil imports in April fell to half the monthly average of the previous year,7,Warning,"[""KP_Ulsan"", ""CF_CrudeOil""]",D1_초크포인트,HIGH,Korea crude oil import decline,48a7029f2219b17d40fc2e638f3f9cad
"호르무즈 갇힌 다른 한국 선박, 안전 위해 이동",,Korean,DOMESTIC_IMPACT,,Hormuz,Another Korean vessel trapped in Hormuz Strait moves for safety reasons,7,Warning,"[""CP_Hormuz""]",D1_초크포인트,HIGH,Korean vessel Hormuz safety,250d51af73f9abf94280fd20af4a9eb8
"靑 ""호르무즈 선박 폭발·화재 원인 분석에 수일 걸릴 전망""",,Korean,THREAT,ROUTE,Hormuz,South Korean government reports that analysis of causes of ship explosion and fire in Hormuz Strait will take several days,7,Warning,"[""CP_Hormuz""]",D1_초크포인트,HIGH,Korean vessel incident Hormuz,9ea68ec9bd16b1869e2b4fac7624a1b1
"화재 선박 진화 완료…트럼프 ""이란이 공격…작전 참여할 때""",,Korean,THREAT,ROUTE,Iran,Fire on a vessel extinguished; Trump states Iran attacked and mentions potential operational involvement,6,Warning,[],D1_초크포인트,HIGH,Korean vessel incident Hormuz,b8a394b996b723250ac348cb931ce844
"정부, 호르무즈 선박 화재 '긴급 대응'…전문가 현지 급파·외교망 총동...",,Korean,THREAT,ROUTE,Hormuz,South Korean government implements emergency response to ship fire in Hormuz Strait; dispatches experts to site and mobilizes diplomatic channels,7,Warning,"[""CP_Hormuz""]",D1_초크포인트,HIGH,Korean vessel emergency response,76d65e5363b2719894021dc24f2bf14a
"HMM 나무호 폭발 원인, 피격? 화재?…두바이로 예인 뒤 조사",,Korean,DOMESTIC_IMPACT,,Dubai,HMM's Namu vessel explosion cause under investigation (suspected gunfire or fire); vessel being towed to Dubai for investigation,7,Warning,"[""KC_HMM""]",D1_초크포인트,HIGH,HMM Namu Ho incident,7ec1660e9036ba1fdbd700c3b8ce6386
"해수부, 호르무즈 한국 선박에 ""안전한 해역으로 이동""",,Korean,THREAT,ROUTE,Hormuz,South Korea's Maritime Ministry advises Korean vessels to move to safe waters near Hormuz Strait,7,Warning,"[""CP_Hormuz""]",D1_초크포인트,HIGH,Korean vessels safety advisory,a45fe1d5585039984d414c17572f7cb2
[따져보니] 외부공격인가 내부화재인가…'기관실 왼쪽' 폭발의 의미는?,,Korean,IRRELEVANT,,,Analysis of explosion in engine room (left side): distinguishing between external attack and internal fire causes,0,Normal,[],D1_초크포인트,HIGH,Namu Ho explosion investigation,1c40f61a756990a86290ac0cb7a91ecb
"이란, UAE 석유시설 공습…미군, 이란 소형 고속정 6척 격침",,Korean,THREAT,ROUTE,"Iran, UAE",Iran conducts airstrikes on UAE oil facilities; US military sinks 6 Iranian fast-attack vessels,7,Warning,[],D1_초크포인트,HIGH,Iran UAE attack military,6fa2a241d3a94badd9add35113eea703
‘나무호’ 곧 예인 예정…이 시각 두바이,,Korean,DISRUPTION,LOGISTICS,UAE,Vessel '나무호' scheduled for imminent towing/salvage in Dubai,2,Normal,[],D1_초크포인트,HIGH,Namu Ho vessel towing,05e9fbce4b5b7c0ec068e73c8e8949d6
"트럼프 ""이란이 한국 화물선 등 공격…韓 작전 참여할 때 됐다""",,Korean,THREAT,ROUTE,Iran,Trump states Iran has attacked Korean cargo vessels and calls for Korea's operational participation in response.,7,Warning,[],D1_초크포인트,HIGH,Korean vessel attack,96875ed3a682ac2c36d6b07a0285266e
해협 내 우리 선박들 피항…선원들 불안감 커져,,Korean,THREAT,ROUTE,,Korean vessels are seeking refuge in a strait as crew anxiety increases.,5,Caution,[],D1_초크포인트,HIGH,Korean ships sheltering,53c6eb804fe0a5d27074168cc13320c2
"트럼프 “작전 참여” 거듭 압박…한국, 이란 공격 확인 땐 딜레마",,Korean,THREAT,ROUTE,Iran,Trump pressures Korea to participate in military operations; Korea faces dilemma if Iran attack is confirmed,7,Warning,[],D1_초크포인트,HIGH,Korea military involvement,afc1e3ce1a65fffb8ff88c63ddc4a966
"""기관실 좌현에서 쾅""…호르무즈 해협 韓 선박 폭발, 피격 여부 확인 중",,Korean,THREAT,ROUTE,호르무즈 해협 (Strait of Hormuz),Korean vessel exploded in Strait of Hormuz; investigating whether it was attacked.,8,Crisis,"[""CP_Hormuz""]",D1_초크포인트,HIGH,Korean vessel explosion,dfaff884c71142419f1ce6cb6579cff1
"화재 HMM 화물선, 호르무즈 해상 대기… 예인 후 본격 조사",,Korean,DOMESTIC_IMPACT,,Hormuz Strait,HMM cargo ship damaged by fire awaits towing in Hormuz waters; formal investigation to commence post-recovery,7,Warning,"[""KC_HMM""]",D1_초크포인트,HIGH,HMM vessel incident,bcc8a39984ee92f15e1a06d2efb6397b
호르무즈 해협 한국 선박 폭발·화재…정부 “전문가 급파 원인 파악”,,Korean,DOMESTIC_IMPACT,,호르무즈 해협,Korean vessel explosion and fire in Hormuz Strait; Korean government dispatches experts to investigate cause,7,Warning,"[""CP_Hormuz""]",D1_초크포인트,HIGH,Korean ship fire investigation,5180592ce532370092086f2cdbaee207
"해양수산부, 호르무즈 인근 한국선박 안전한 해역으로 이동 지시",,Korean,THREAT,ROUTE,Hormuz,Korean Ministry of Oceans and Fisheries orders Korean vessels near Hormuz to relocate to safer waters,7,Warning,"[""CP_Hormuz""]",D1_초크포인트,HIGH,Korean vessel relocation,d739c1aadb5b80b4b3ce6dc8acf12ee8
"호르무즈 화재 선박, 해양안전심판원·소방청 조사 예정",,Korean,IRRELEVANT,,Hormuz,Maritime safety investigation and fire department probe planned for vessel fire incident in Hormuz region,0,Normal,"[""CP_Hormuz""]",D1_초크포인트,HIGH,Vessel fire investigation,63e772ac5936eaa3a18ee3ef23789f4a
"트럼프 ""이란, 한국 포함 여러나라에 공격""",,Korean,THREAT,ROUTE,Iran,Trump claims Iran has attacked or will attack multiple countries including Korea,6,Warning,[],D1_초크포인트,HIGH,Iran attack threat,a71324de8606331d0b8d0ee5b00ec03c
호르무즈 한국 선박 폭발과 함께 기관실서 화재…‘균형외교’ 펼치던...,,Korean,DISRUPTION,LOGISTICS,Hormuz,Korean vessel experiences explosion and engine room fire in Hormuz Strait amid Korea's balanced diplomacy efforts,8,Crisis,"[""CP_Hormuz""]",D1_초크포인트,HIGH,Korean vessel fire,7754b3362a3587f788e96d730ae235b8
"""시뻘건 불기둥 치솟아""…이란, 주변국에 공격 재개했다",,Korean,THREAT,ROUTE,Iran,"Iran has resumed attacks on neighboring countries, with reports of large flames and fire pillars.",7,Warning,[],D1_초크포인트,HIGH,Iran attack resumption,c0f2c013c0801b6ed5113e40f662dba8
선원노련 “재외국민 보호체계 총동원해 달라”,,Korean,IRRELEVANT,,,Korean Seafarers' Union calls for mobilization of overseas Korean citizen protection systems,0,Normal,[],D1_초크포인트,HIGH,Korean seafarer protection,87388909c9f18e2b0d10426c7d71ec25
"미국 ""상선 2척 해협 통과""…이란군과 군사적 충돌 발생",,Korean,THREAT,ROUTE,Iran,Two US commercial vessels pass through a strait amid military confrontation with Iranian forces,7,Warning,[],D1_초크포인트,HIGH,Strait transit conflict,6eab25c935668cb7af82ca97933dec34
"미·이란 다시 무력 충돌…헤그세스 “휴전 끝난 것 아냐, 신중 처신하...",,Korean,THREAT,ROUTE,US-Iran,US and Iran engage in military confrontation; Houthis deny ceasefire has ended and call for cautious posture,7,Warning,[],D1_초크포인트,HIGH,Military confrontation,3921430c890cb749f9917bdb4e87797d
호르무즈 ‘포성’에 놀란 글로벌 금융시장···유가·금리·증시 ‘요...,,Korean,THREAT,ROUTE,Hormuz,"Global financial markets react to gunfire sounds near Hormuz Strait; oil prices, interest rates, and stock markets show volatility.",8,Crisis,"[""CP_Hormuz""]",D1_초크포인트,HIGH,Oil price volatility,eb1ddc189d619e143209c75bcd975d5e
"이란 공격 때문?...호르무즈 화재 선박, 예인 뒤 해양안전심판원·소방...",,Korean,DISRUPTION,LOGISTICS,Iran,"A vessel caught fire in the Strait of Hormuz, possibly due to Iranian attack; vessel is being towed and investigated by maritime safety authorities and fire services.",7,Warning,"[""CP_Hormuz""]",D1_초크포인트,HIGH,Korean vessel incident,312d53e783e6d326fcc1d8e2b6940769
"""동료 안 다쳐서 다행""…해협 안쪽 우리 선박들 상황은?",,Korean,THREAT,ROUTE,Strait,Report on safety concerns for Korean vessels operating in a strait following an incident involving another vessel,5,Caution,[],D1_초크포인트,HIGH,Korean ships status,99c1fbb26cb1960d3d76ad5c0695a6ef
"호르무즈 화재 선박, 예인 후 해양안전심판원·소방청 조사 착수",,Korean,IRRELEVANT,,,Fire-damaged vessel undergoes towing and investigation by maritime safety tribunal and fire department,0,Normal,[],D1_초크포인트,HIGH,Vessel investigation,1fc60d329273fd96fc8c231f2fe1edfd
"""이란이 한국 화물선 공격…한국 '작전' 합류할 때 됐다""",,Korean,THREAT,ROUTE,Iran,Iran attacked a Korean cargo ship; article suggests Korea should join military operations,7,Warning,[],D1_초크포인트,HIGH,Iran attack Korean vessel,a181ff791e6a4b81dc1eacdaa9e50e7d
"[사설] 긴장 고조되는 호르무즈, 우리 선박 안전 확보를",,Korean,THREAT,ROUTE,Hormuz,Editorial warns of escalating tensions in Hormuz Strait and calls for ensuring safety of Korean vessels,7,Warning,"[""CP_Hormuz""]",D1_초크포인트,HIGH,Hormuz tension Korean ships,26f4edb01c240824fa4c94978e54390e
"정부 “호르무즈 폭발 선박, 원인 분석에 며칠 걸릴 것”",,Korean,THREAT,ROUTE,Hormuz,South Korean government states that analysis of a ship explosion in Hormuz will take several days to determine cause,7,Warning,"[""CP_Hormuz""]",D1_초크포인트,HIGH,Hormuz vessel explosion,cbd1d6e1bc3ee74bb921728663f8fe88
전쟁 장기화에 울산항 원유수입 41% 급감,,Korean,DOMESTIC_IMPACT,,,Ulsan Port's crude oil imports declined 41% due to prolonged war,8,Crisis,"[""KP_Ulsan""]",D1_초크포인트,HIGH,Oil import collapse,e742df51ab26920f5fc769c149b16930
"트럼프 ""이란, 韓 화물선 공격""…미국 작전 동참 촉구",,Korean,THREAT,ROUTE,Iran,Trump alleges Iran attacked a Korean cargo vessel and calls for US military involvement,7,Warning,[],D1_초크포인트,HIGH,Korean vessel attack,f427f2663870849926e9a83b3998cf0b
호르무즈 해협 우리 선박 화재...중동 긴장 악화일로,,Korean,THREAT,ROUTE,Middle East,Korean vessel caught fire in Hormuz Strait amid escalating Middle East tensions,8,Crisis,"[""CP_Hormuz""]",D1_초크포인트,HIGH,HMM ship fire,f37526fb6915a4be94f395fcf0149687
트럼프 “이란이 한국 화물선 등 공격…한국이 참여할 때”,,Korean,THREAT,ROUTE,Iran,Trump states that Iran has attacked Korean cargo vessels and will continue to do so when Korea participates,7,Warning,[],D1_초크포인트,HIGH,Korean vessel attack,4c69efa39e177c85e12c07336b6ec28f
"ADB ""중동전쟁 장기화에 韓 성장률 최대 0.9%p↓""…최악땐 '역성장' 경고",,Korean,DOMESTIC_IMPACT,,Middle East,"ADB warns that prolonged Middle East conflict could reduce Korea's growth rate by up to 0.9 percentage points, with worst-case scenario of negative growth.",7,Warning,[],D1_초크포인트,HIGH,Growth impact forecast,bd4c92408b815b34d60925413cb9a374
"ADB 수석 이코노미스트 ""유가 연 평균 96달러 도달 시 韓 성장률 0.9%p 하...",,Korean,IRRELEVANT,,,"ADB chief economist warns that if annual oil prices reach $96/barrel, Korea's growth rate could decline by 0.9 percentage points",0,Normal,[],D1_초크포인트,HIGH,Oil price impact,31d0d1b99ed7ef4127660cc92a74446f
"호르무즈 '한국 화물선' 피격…트럼프, '프로젝트 프리덤' 참여 압박",,Korean,THREAT,ROUTE,Hormuz,Korean cargo ship attacked in Hormuz Strait; Trump administration pressures participation in 'Project Freedom',8,Crisis,"[""CP_Hormuz""]",D1_초크포인트,HIGH,Korean vessel attack,203401c42ceb5388d2add77d2696b8b6
"트럼프 ""이란, 韓화물선 공격…韓, 작전 합류할 때 됐다"" 압박(종합2보)",,Korean,THREAT,ROUTE,Iran,"Trump pressures Korea to join operations against Iran, citing Iranian attacks on Korean cargo vessels",7,Warning,[],D1_초크포인트,HIGH,Korean vessel attack,c4b8bb36b820b9658e431c780f99b354
호르무즈 HMM 선박 화재 진압...인근 항구 예인 예정,,Korean,IRRELEVANT,,Hormuz,HMM vessel fire in Hormuz region extinguished; vessel to be towed to nearby port,0,Normal,"[""KC_HMM""]",D1_초크포인트,HIGH,HMM ship incident,03c1315b3f1c0b5287901c7bd21b8015
"트럼프 ""이란, 한국 화물선 공격""…호르무즈 작전 참여 압박",,Korean,THREAT,ROUTE,Iran / Hormuz,Trump claims Iran attacked Korean cargo vessel; pressures Korea to participate in Hormuz operations,8,Crisis,"[""CP_Hormuz""]",D1_초크포인트,HIGH,Korean vessel attack,83c458d4e3a2c5b9947d0bcf5512474f
"호르무즈서 한국 벌크선 폭발...트럼프 ""韓, 작전 합류할 때""",,Korean,THREAT,ROUTE,Hormuz,Korean bulk carrier exploded in Hormuz Strait; Trump suggests Korea should join military operations,8,Crisis,"[""CP_Hormuz""]",D1_초크포인트,HIGH,Korean bulk carrier explosion,83573d09191a30d5bb5cf0435ffca896
외교노력에도 선박 탈출 요원…美·이란 충돌재개로 韓 운신폭↓,,Korean,THREAT,ROUTE,"USA, Iran","Diplomatic efforts fail to prevent ship evacuations as US-Iran conflict resumes, reducing Korea's operational flexibility in the region.",7,Warning,[],D1_초크포인트,HIGH,Hormuz shipping disruption,79fb0e9f102a4e9f0b2379c8ad729910
韓 선박 화재 진압됐지만…두바이 예인 속 '피격 여부 미궁',,Korean,DISRUPTION,LOGISTICS,Dubai,Korean vessel fire suppressed while under tow to Dubai; uncertainty remains whether vessel was struck,6,Warning,[],D1_초크포인트,HIGH,Korean vessel fire damage,7779491a11207f7cda261df016cbe627
"호르무즈 HMM 선박 화재 진압, 두바이항으로 옮겨 수리 예정",,Korean,DOMESTIC_IMPACT,,Dubai,HMM vessel fire suppressed; vessel to be relocated to Dubai port for repair,3,Normal,"[""KC_HMM""]",D1_초크포인트,HIGH,HMM vessel fire repair,a1ed91e5a0f11e21c2fa62e09519813f
유가 하락·주가 선물 상승…“미-이란 전면전 회피 기대”,,Korean,THREAT,SOURCE,US-Iran,Oil prices fall and stock futures rise on expectations that full-scale US-Iran military conflict will be avoided,3,Normal,[],D1_초크포인트,MEDIUM,Oil price decline,5d6073f262b0fe7fb3dfed845b91698e
"UAE ""이란발 미사일·드론 공격에 방공망 대응""",,Korean,THREAT,ROUTE,UAE,UAE reports defensive response to Iranian missile and drone attacks,6,Warning,[],D1_초크포인트,MEDIUM,Iran missile attack,3e8b1762abaa9da9ab9af044571ec551
UAE “이란발 미사일·드론 공격에 적극적 대응 중”,,Korean,THREAT,ROUTE,UAE,UAE reports active response to missile and drone attacks originating from Iran,6,Warning,[],D1_초크포인트,MEDIUM,Iran attack response,9c92bba4f7e60efd91357bc6460c2284
[뉴욕개장]유가 하락에…중동 긴장에도 상승 출발,,Korean,IRRELEVANT,,,Oil prices decline but open higher in New York amid Middle East tensions.,0,Normal,[],D1_초크포인트,MEDIUM,Oil price movement,4b0075ad6fea12d42d1bc5007c577d8f
"UAE ""이란 미사일·드론 공격에 적극 대응...요격 과정서 폭음""",,Korean,THREAT,ROUTE,UAE,UAE reports active response to Iranian missile and drone attacks with interception efforts and loud explosions during the process,7,Warning,[],D1_초크포인트,MEDIUM,Iran attack response,f3e1f5e4887dce5f339e2f8be41b420d
미 전쟁부 장관 “이란 휴전 유효…공격 수위 재개 기준 미달”,,Korean,THREAT,ROUTE,Iran,U.S. Defense Secretary states Iran ceasefire is valid and attack intensity has not met criteria for resumption.,5,Caution,[],D1_초크포인트,MEDIUM,Iran ceasefire,e1271bb63462edb897d0d2396200e1cb
"美, 호르무즈 해협 호위작전 앞서 이란에 사전 통보…개입 경고",,Korean,THREAT,ROUTE,Iran,US notifies Iran in advance of escort operations in Hormuz Strait and warns of intervention,8,Crisis,"[""CP_Hormuz""]",D1_초크포인트,MEDIUM,Hormuz escort operation,25eb22b2b2d551c8528d38fbe84c16f1
"美국방 “한국, 더 나서주길”… 해방 프로젝트 참여 촉구",,Korean,IRRELEVANT,,,US Department of Defense urges Korea to increase participation in a liberation project.,0,Normal,[],D1_초크포인트,MEDIUM,Korea Hormuz operation,b0430656a582ab0fc03c2bfe91793a86
"美국방 ""한국, 호르무즈 작전에 더 적극 나서야""",,Korean,THREAT,ROUTE,Hormuz Strait,US Department of Defense urges Korea to take more active role in Hormuz Strait operations,6,Warning,"[""CP_Hormuz""]",D1_초크포인트,MEDIUM,Korea Hormuz operation,4efb84b5402ad200705eecceacf080ab
"트럼프 이어 美국방 “韓, 해방 프로젝트에 나서주길 희망” 압박",,Korean,THREAT,SOURCE,United States,US Department of Defense pressures South Korea to participate in a 'liberation project' following Trump's statements,3,Normal,[],D1_초크포인트,MEDIUM,Korea Hormuz operation,d18cbaeee54570e6c0735293df847c19
휴전의지 확인에 기업실적호조…美증시 나스닥 사상최고돌파,,Korean,IRRELEVANT,,,Headline reports improved corporate earnings and Nasdaq reaching all-time high amid signs of ceasefire willingness; no maritime supply chain disruption mentioned.,0,Normal,[],D1_초크포인트,MEDIUM,Market reaction ceasefire,0a36a036ed84224db54e365882b04905
미 국방부 장관 “한국 나서주길”…작전 참여 촉구,,Korean,IRRELEVANT,,,US Defense Secretary urges Korea to participate in military operations,0,Normal,[],D1_초크포인트,MEDIUM,Hormuz Operation Participation,4c61438f5d91881594059f2d12d4e8d7
"미 국방장관 “한국, 호르무즈 해방프로젝트에 동참하길 바라고 있다”",,Korean,THREAT,ROUTE,Hormuz,US Defense Secretary urges Korea to participate in Hormuz Freedom of Navigation Project,6,Warning,"[""CP_Hormuz""]",D1_초크포인트,MEDIUM,Hormuz Operation Participation,afc451e49ad382e65443637f48265882
"""이란 외무, 6일 中 왕이와 회담…""호르무즈 해법 논의""",,Korean,THREAT,ROUTE,Iran,"Iran's Foreign Ministry to hold talks with China's Wang Yi on day 6, discussing Hormuz Strait solutions",7,Warning,"[""CP_Hormuz""]",D1_초크포인트,MEDIUM,Iran-China Hormuz Talks,d881bf1ac38295ab7c2b397caebc407b
"미 국방장관, 호르무즈 '해방 프로젝트'에 ""한국 더 나서주길""",,Korean,THREAT,ROUTE,Hormuz,US Defense Secretary calls for increased Korean participation in Hormuz 'liberation project' amid tensions in the strategic strait.,7,Warning,"[""CP_Hormuz""]",D1_초크포인트,MEDIUM,Hormuz Operation Participation,6a6dc188ebf4c3d5484a588f559e8f6f
[뉴욕증시]실적 호조+유가 하락에 상승세,,Korean,IRRELEVANT,,,New York stock market rises due to strong corporate earnings and falling oil prices,0,Normal,[],D1_초크포인트,MEDIUM,Oil Price Decline,8ee806036257a9fadc4199e1d457f4d7
"트럼프 이어 헤그세스 국방장관, 한국에 호르무즈 '해방 프로젝트' 참여...",,Korean,THREAT,ROUTE,Hormuz,Defense Minister Hagses proposes Korea's participation in Trump's Hormuz 'Liberation Project' amid geopolitical tensions,7,Warning,"[""CP_Hormuz""]",D1_초크포인트,MEDIUM,Hormuz Operation Participation,25ea4f33d44ad9ed984b9caa550e7742
"美 국방 ""韓, 호르무즈 '프로젝트 프리덤' 동참 강력 희망""(종합)",,Korean,THREAT,ROUTE,Hormuz,US Department of Defense strongly hopes Korea will participate in 'Project Freedom' initiative regarding the Hormuz Strait,6,Warning,"[""CP_Hormuz""]",D1_초크포인트,MEDIUM,Hormuz Operation Participation,5e0f60c806dfbcdd2ceacf98a1f23c96
미 국방장관 “한국 등 나서주길”…호르무즈 기여 촉구,,Korean,THREAT,ROUTE,Hormuz,US Defense Secretary calls on Korea and others to contribute to Hormuz Strait security efforts,6,Warning,"[""CP_Hormuz""]",D1_초크포인트,MEDIUM,Hormuz Operation Participation,9e6cb0f48d006249f5d92859b63b796b
"美, '나무호 피격' 이란 소행 기정사실화…정부는 '신중'·이란은 '침묵...",,Korean,THREAT,ROUTE,Iran,US attributes attack on Noor ship to Iran; South Korean government takes cautious stance while Iran remains silent,6,Warning,[],D1_초크포인트,MEDIUM,Iran Vessel Attack,4ddd6f18ae5fce018bf78b9450cfe6ca
"美 ""아라비아해에 항공모함 배치""…호르무즈 작전 지원",,Korean,THREAT,ROUTE,Arabian Sea,US announces aircraft carrier deployment to Arabian Sea to support Hormuz operations,7,Warning,[],D1_초크포인트,MEDIUM,US Naval Deployment,2783ef3145b8346fc1fe71814a79102b
미국 뉴욕증시 상승 출발…이란 긴장 완화 기대,,Korean,IRRELEVANT,,,US stock market opens higher on expectations of eased Iran tensions,0,Normal,[],D1_초크포인트,MEDIUM,Iran Tension Easing,47183a0de240500ebef265dc4f2d6825
"오만까지 튄 불똥…이란 ""아직 시작도 안해""",,Korean,THREAT,ROUTE,Oman,"Iran escalates tensions indicating further military actions may follow, with spillover effects reaching Oman region.",7,Warning,[],D1_초크포인트,MEDIUM,Iran Escalation Threat,4d52b8d64605e453897ddb1384e877bc
호르무즈 맞대응 봉쇄 속 중국 찾는 이란 외무장관,,Korean,THREAT,ROUTE,Iran,Iran's Foreign Minister seeks China's support amid Hormuz Strait blockade countermeasures,7,Warning,"[""CP_Hormuz""]",D1_초크포인트,MEDIUM,Iran-China Diplomacy,9c76c4f14368c7fc320d206ae73480b0
"미 국방 ""한국 나서야""…호르무즈 작전 동참 촉구",,Korean,THREAT,ROUTE,Hormuz,US Defense Department urges Korea to participate in Hormuz Strait operations,7,Warning,"[""CP_Hormuz""]",D1_초크포인트,MEDIUM,Hormuz Operation Participation,6e76e883ffed6ab209ee2f76eff4bdf7
"호르무즈 긴장 속에 이란 외무장관, 중국 방문",,Korean,THREAT,ROUTE,"Iran, China",Iranian Foreign Minister visits China amid Hormuz Strait tensions,7,Warning,[],D1_초크포인트,MEDIUM,Iran-China Diplomacy,20f80735678d9c4db7b4e7e7faa5af00
"이란 언론 ""이란 남부 항구 상선 4척 화재...인명 피해 없어""",,Korean,IRRELEVANT,,Iran,Iranian media reports fire on 4 merchant vessels in southern Iranian port with no casualties,0,Normal,[],D1_초크포인트,MEDIUM,Iran port incident,52a767b1ab8eed58ebdd6186028e6d8f
이란 전쟁 장기화에 곡물값 꿈틀...밥상 물가 '경고등',,Korean,THREAT,SOURCE,Iran,"Iran's prolonged war raises grain prices, triggering domestic food price concerns in Korea",5,Caution,[],D1_초크포인트,MEDIUM,Grain price inflation,40dab71cc2f6b85d8bf6739bdbcffe19
"뉴욕증시, 유가 하락·실적 호조에 상승 출발…나스닥 0.88% ↑",,Korean,IRRELEVANT,,,New York stock market rises on falling oil prices and strong corporate earnings; Nasdaq up 0.88%,0,Normal,[],D1_초크포인트,MEDIUM,Oil price decline,14d4d5b93215182ff33919cfce309876
"트럼프 ""이란과 분쟁 2~3주 지속될 것…시간은 중요한 요소 아냐""",,Korean,THREAT,SOURCE,Iran,"Trump states US-Iran dispute expected to last 2-3 weeks, indicating time is not a critical factor in resolution",6,Warning,"[""CF_Urea""]",D1_초크포인트,MEDIUM,Iran conflict timeline,a020f4ff842deedb561d67e83720528c
"[속보] ""휴전 유지에 안도"" 뉴욕증시 상승세… 반도체주 웃고 페이팔 울...",,Korean,IRRELEVANT,,,New York stock market rises on ceasefire relief; semiconductor stocks gain while PayPal declines,0,Normal,[],D1_초크포인트,MEDIUM,Market ceasefire reaction,dadf0375bf4fbaec7c73c4e10dde9ea7
"IMF ""미·이란 전쟁 장기화 시 세계경제 침체 불가피""",,Korean,THREAT,SOURCE,"US, Iran",IMF warns that prolonged US-Iran military conflict would inevitably trigger global economic recession,7,Warning,[],D1_초크포인트,MEDIUM,IMF recession warning,17d17c80a1827dee7c72918df1307890
호르무즈 해협 재개방 불확실성에 국제유가 혼조,,Korean,THREAT,ROUTE,,Uncertainty over reopening of Hormuz Strait causes mixed international oil prices,8,Crisis,[],D1_초크포인트,MEDIUM,Oil price uncertainty,356fa460150eb65fe696b4907d2844ca
美국방도 “가만히 기다리지 않을 것”…한국 참전 재차 압박,,Korean,THREAT,,United States,US Department of Defense signals it will not wait passively and reiterates pressure on South Korea to participate (in military operations/conflict),3,Normal,[],D1_초크포인트,MEDIUM,Geopolitical pressure,29bca86e12b9fce39b39449cca7502ff
트럼프에 이어 미 국방장관도 한국에 호르무즈 기여 거듭 촉구,,Korean,THREAT,ROUTE,Iran/Hormuz,"US Defense Secretary urges Korea to increase contributions to Hormuz Strait security, following similar calls from Trump",7,Warning,"[""CP_Hormuz""]",D1_초크포인트,MEDIUM,Hormuz participation,fdf4e0b065b7b8ce994aca84b6891a8b
"美 국방 ""韓, 호르무즈 '프로젝트 프리덤' 동참 강력 희망""",,Korean,THREAT,ROUTE,Iran,US Department of Defense strongly hopes Korea will participate in 'Project Freedom' initiative related to Hormuz Strait,7,Warning,"[""CP_Hormuz""]",D1_초크포인트,MEDIUM,Hormuz operation,9bf6b011314e93df2e45a9f25ec00880
푸자이라 항구까지 위협...무력 충돌 재점화 우려,,Korean,THREAT,ROUTE,Fujairah,Military conflict tensions escalating with threats extending to Fujairah port,8,Crisis,"[""FP_Fujairah""]",D2_품목,HIGH,Fujairah port threat,8d52c3a8f049feb4e085aaa4b8928a65
유가 115弗까지 찍어…IMF 총재 “125弗땐 개도국 침체”,,Korean,THREAT,SOURCE,,Oil prices reach $115/barrel; IMF chief warns that $125/barrel could trigger recession in developing countries,6,Warning,[],D2_품목,HIGH,Oil price surge impact,e4526606e69be052f35958bb210b1942
"ADB “중동사태, 韓 성장 0.9%p 하락 압력”",,Korean,THREAT,SOURCE,Middle East,ADB warns Middle East situation could exert downward pressure of 0.9 percentage points on South Korea's economic growth,7,Warning,[],D2_품목,HIGH,Korea growth impact Middle East,608b40ff4abc8a6dea183d6907a0f1a0
"고유가 한국 경제 성장 0.9%p 끌어내려…세계, 경기 침체 경고",,Korean,DOMESTIC_IMPACT,,,High oil prices are dragging down Korea's economic growth by 0.9 percentage points; global recession warning issued,5,Caution,[],D2_품목,HIGH,Oil price impact Korea,f98661898eeedef921477db4cc311d43
ADB 수석 “중동전쟁으로 올해 韓 성장률 0.9%P 하락할 수 있다”,,Korean,THREAT,SOURCE,Middle East,ADB chief economist warns that Middle East war could reduce South Korea's economic growth rate by 0.9 percentage points this year,6,Warning,[],D2_품목,HIGH,Korea growth forecast,0a51957a22f68904f596aad109b0ec61
"ADB ""올해 한국 성장 0.9%p 하향 가능성…반도체가 일부 상쇄""",,Korean,DOMESTIC_IMPACT,,,"ADB downwardly revises Korea's 2024 growth forecast by 0.9 percentage points, with semiconductor sector providing partial offset",2,Normal,[],D2_품목,HIGH,Korea growth downgrade,c05a9f8f22cc46bf9d142aa48c40a7a4
ADB “중동 전쟁 장기화 시 韓 성장률 최대 0.9%p↓…하향 조정 불가피”,,Korean,THREAT,SOURCE,Middle East,"ADB warns that prolonged Middle East conflict could reduce Korea's growth rate by up to 0.9 percentage points, necessitating downward revision of forecasts",7,Warning,[],D2_품목,HIGH,Middle East war Korea impact,124fb791349c576223c61c3b667a8ab6
"“중동전쟁, 한국 성장률 0.9%p 하락 압력…고유가 타격 커”",,Korean,DOMESTIC_IMPACT,,Middle East,"Middle East conflict is pressuring Korea's growth rate down by 0.9 percentage points, with high oil prices causing significant damage.",7,Warning,[],D2_품목,HIGH,Middle East oil Korea growth,95aca6bc0b9b8615daf019f009d7a956
"ADB, 한국 성장률 1.9% 하향 가능성 시사…""중동 리스크 상쇄 어려워""",,Korean,DOMESTIC_IMPACT,,,ADB suggests Korea's growth rate may be downwardly revised to 1.9% due to difficulty in offsetting Middle East risks.,4,Caution,[],D2_품목,HIGH,Korea growth downside risk,1252e2e8fdfb3f67ea32a43e15459deb
"ADB 수석이코노미스트 ""중동 전쟁으로 韓 성장 0.9%p 하방 압력""",,Korean,DOMESTIC_IMPACT,,Middle East,ADB chief economist warns Middle East conflict could exert 0.9 percentage point downward pressure on Korea's economic growth,6,Warning,[],D2_품목,HIGH,Middle East war Korea growth,b6c5c45c7f44e7ba6d81a8dfb753d4e5
호르무즈 긴장 고조…美·이란 충돌 속 한국 선박도 사고 발생,,Korean,DOMESTIC_IMPACT,,Hormuz,US-Iran tensions in Hormuz region result in accident involving Korean vessel,7,Warning,[],D2_품목,HIGH,Hormuz vessel accident,424e2859cedba63f298d579a3385d9a4
"HMM 벌크선 호르무즈 해협서 화재...""진압 완료, 두바이항으로 예인 준비...",,Korean,DISRUPTION,LOGISTICS,Hormuz Strait,"HMM bulk carrier caught fire in Hormuz Strait; fire suppressed, vessel being towed to Dubai port",7,Warning,"[""CP_Hormuz"", ""KC_HMM""]",D2_품목,HIGH,HMM bulker fire Hormuz,b72b1a42eb37d564d57656f36493a459
‘호르무즈 韓 선박 화재 진압 완료’…외교부 “선원 피해도 없어. 예...,,Korean,DOMESTIC_IMPACT,,Hormuz,Korean vessel fire in Hormuz region has been extinguished with no crew casualties reported.,2,Normal,[],D2_품목,HIGH,Hormuz vessel fire,58ebf184d6ea776edc858d09d4f0aed4
"HMM ""호르무즈해협 벌크선 화재 진압··· 폭발 원인 미확인""",,Korean,DISRUPTION,LOGISTICS,Hormuz Strait,HMM bulk carrier fire suppressed in Hormuz Strait; explosion cause unconfirmed,7,Warning,"[""CP_Hormuz"", ""KC_HMM""]",D2_품목,HIGH,HMM Hormuz fire,c7dc334b0efdc786bb3093f0fc0504bb
HMM “기관실 잔불 없어···두바이 이동 후 조사 통해 구체적 원인 파...,,Korean,DOMESTIC_IMPACT,,Dubai,"HMM vessel engine room fire investigation underway; no residual fire detected, detailed cause analysis to follow after Dubai relocation",4,Caution,"[""KC_HMM""]",D2_품목,HIGH,HMM fire investigation,22dcf6a635f8e38f8acf6e09359f3eb3
Samsung strike challenges profit-sharing rules as chip supply stability c...,,Korean,DOMESTIC_IMPACT,,,Samsung faces labor dispute over profit-sharing rules with potential impact on chip supply stability,6,Warning,"[""KC_SamsungHeavy""]",D2_품목,MEDIUM,Samsung chip supply stability,e8a8ec6867a90c8b0c95126fd6d944ea
"삼성전자 파업, '임금'이 아니라 '규칙'이 흔들린다…반도체 공급 안정...",,Korean,DOMESTIC_IMPACT,,,Samsung Electronics strike over labor rules rather than wages; semiconductor supply stability maintained,2,Normal,"[""KC_Samsung""]",D2_품목,MEDIUM,Samsung strike chip supply,4fcc670f6d47500bb3c32f6d49f5def8
"""반도체 잘 팔려도 소용없다…韓, 高유가 치명상""... ADB, 올 성장률 0.9...",,Korean,DOMESTIC_IMPACT,,,High crude oil prices are causing critical damage to Korea's economy despite strong semiconductor sales; ADB forecasts Korea's 2024 growth rate at 0.9%,7,Warning,[],D2_품목,MEDIUM,High oil prices impact,74229b97d9e896c9bbd9c13c236583b2
"ADB ""중동發 쇼크, 한국에 더 치명적""… 성장률 1%대 초반 추락 가능성",,Korean,THREAT,SOURCE,Middle East,"ADB warns that Middle East shock would be more fatal to Korea, with possibility of growth rate falling to early 1% range.",7,Warning,[],D2_품목,MEDIUM,Middle East shock,315be990fecdc55cf3398c36ff930984
"뉴욕증시, 유가 하락·기업 실적 개선에 상승 출발",,Korean,IRRELEVANT,,,New York stock market opens higher on falling oil prices and improved corporate earnings.,0,Normal,[],D2_품목,MEDIUM,Oil price decline,e6c96cc075ea837e875e3a6620a39f85
미 달러화 강보합…불안한 美·이란 휴전 속 엔 약세,,Korean,IRRELEVANT,,,US dollar strengthens; yen weakens amid unstable US-Iran ceasefire,0,Normal,[],D2_품목,MEDIUM,Currency exchange rates,7eb9ede28053deb8adc6915fab97f463
"英 국채 30년물 금리, 전쟁발 인플레 우려에 급등…28년來 최고",,Korean,IRRELEVANT,,,UK 30-year gilt yields surge to 28-year high amid war-driven inflation concerns,0,Normal,[],D2_품목,MEDIUM,War inflation concerns,be1582daaf4d87bd984e65ad82ec45ba
5048억원 규모 VLGC 3척 수주,,Korean,IRRELEVANT,,,Korean company orders 3 VLGCs (Very Large Gas Carriers) valued at approximately 504.8 billion won,0,Normal,[],D2_품목,MEDIUM,VLGC vessel order,676ec3e1d1171cf4ce80f06c64fb767f
"삼성重, 올해 17척 34억달러 수주 달성",,Korean,IRRELEVANT,,,"Samsung Heavy Industries achieves 17-vessel, 3.4 billion dollar orders in the current year",0,Normal,[],D2_품목,MEDIUM,Samsung shipbuilding orders,1d77df7e29bbe90a3dcfb4d53ddccca2
"""중동전 충격에 韓경제성장률 0.9%p↓…반도체가 버팀목""",,Korean,DOMESTIC_IMPACT,,Middle East,Middle East conflict causes Korean economic growth rate to decline by 0.9 percentage points; semiconductors serve as economic support,6,Warning,[],D2_품목,MEDIUM,Middle East war economic impact,9d2bdb17e60c1e4e89832ba5b5486599
"HD한국조선해양, VLGC 3척 수주",,Korean,DOMESTIC_IMPACT,,,HD Hyundai Heavy Industries receives orders for 3 VLGCs (Very Large Gas Carriers),0,Normal,"[""KC_HDHanZo""]",D2_품목,MEDIUM,VLGC vessel order,2614dad2921aa9a5199f579ad680e9b7
흔들리는 ‘포스트 오일’ 꿈… ‘걸프 동맹’ 깨지고 부자들은 떠난다,,Korean,THREAT,SOURCE,Gulf region,Gulf alliance fracturing and capital flight from post-oil economic transition in Middle East,5,Caution,[],D2_품목,MEDIUM,Middle East geopolitical shift,48cfbdc963a4caa4bb276bdaf5f88d86
"WTI 국제유가, 장중 2% 하락…배럴당 104.09달러",,Korean,IRRELEVANT,,,WTI crude oil price declined 2% intraday to $104.09 per barrel,0,Normal,"[""CF_Coal""]",D2_품목,MEDIUM,WTI crude oil price,19510ae61b1718f96cea0bffb40e462f
"삼성중공업, LNG-FSRU 1척 4848억원 수주",,Korean,DOMESTIC_IMPACT,,,Samsung Heavy Industries secures 484.8 billion won order for one LNG-FSRU vessel,0,Normal,"[""KC_SamsungHeavy"", ""POL_LNGDiversify""]",D2_품목,MEDIUM,LNG-FSRU vessel order,89d42ddadcb8f8cb3f918877262fd221
"이란, UAE에 미사일·드론 공격…UAE ""위험한 확전"" 경고(종합)",,Korean,THREAT,ROUTE,"Iran, UAE",Iran conducts missile and drone attacks on UAE; UAE warns of dangerous escalation,7,Warning,[],D3_인프라,HIGH,Iran-UAE military conflict,5aae87829ceb57446c1046a3b1928053
"UAE, 방공망 가동…이란 공격에 '호르무즈 우회' 푸자이라서 화재(상보...",,Korean,THREAT,ROUTE,UAE,UAE activates air defense system in response to Iranian attack; Fujairah port fire reported as alternative to Hormuz route,7,Warning,[],D3_인프라,HIGH,Hormuz strait disruption,5ad2e650abadcff920982180255422c6
친환경 연료 3종 모두 공급‥울산항 세계 최초,,Korean,IRRELEVANT,,South Korea,Ulsan Port becomes the first in the world to supply all three types of eco-friendly fuel.,0,Normal,"[""KP_Ulsan""]",D3_인프라,MEDIUM,Green fuel supply,26c93d147b0bd3cfa124a775a82cb1f6
"청와대 ""국내 전문가 급파…선원 안전 실시간 파악""",,Korean,IRRELEVANT,,,Blue House announces dispatch of domestic experts to monitor seafarer safety in real time,0,Normal,[],D3_인프라,MEDIUM,Seafarer safety incident,050a921feb17b96d47046ab7bde61704
"[속보]헤그세스 ""美중부사령부, 한국 선사 선박과 소통 중""",,Korean,THREAT,ROUTE,United States,Houthis report that US Central Command is in communication with Korean shipping companies regarding their vessels,6,Warning,[],D4_운송,HIGH,Hormuz Strait Operations,fdc015d438c19b47dbf32a93dd06a530
"美 동참 요구에 靑 ""국내법 등 감안해 검토""…""호르무즈에 조사 인력 급...",,Korean,THREAT,ROUTE,Iran (Hormuz Strait),"South Korea considers U.S. request to participate in Hormuz Strait investigation, citing domestic law review; mentions dispatch of survey personnel to Hormuz.",7,Warning,"[""CP_Hormuz""]",D4_운송,HIGH,Hormuz Strait Deployment,6d54e89803c4bd20589fb3529a7dbba1
"'나무호' 탑승 선원들 ""침몰 위협 느껴""…선박들, 해협 안쪽으로 피신",,Korean,THREAT,ROUTE,,Crew of vessel 'Namoo-ho' reports feeling threat of sinking; ships taking refuge inside a strait,4,Caution,[],D4_운송,HIGH,Strait navigation risk,183ec2722aff43075a6b165f367a8fb0
고유가 직격탄… 울릉–포항 화물선 감축에 섬 물류 '비상',,Korean,DOMESTIC_IMPACT,,South Korea,"High fuel costs force cargo ship service reduction between Ulleung and Pohang, causing logistics emergency for island supply chains",5,Caution,[],D4_운송,HIGH,High oil prices impact,c5cb850af9e36a486a0349ef00ad06d7
"미국 상선 2척, 미군 호위받으며 호르무즈 해협 통과",,Korean,THREAT,ROUTE,Hormuz Strait,Two U.S. merchant vessels transit Strait of Hormuz under U.S. military escort,7,Warning,"[""CP_Hormuz""]",D4_운송,HIGH,Hormuz strait transit,8d55e9b0889d59dc2506b10a4ec91251
윤준병 의원 ' 자원안보위기 내항선사 유류비 지원법 ' 대표 발의,,Korean,IRRELEVANT,,,Lawmaker Yoon Jun-byung sponsors bill to support domestic shipping companies' fuel costs amid resource security crisis,0,Normal,[],D4_운송,HIGH,Domestic shipping support,3578ea6b8108dd2881e33b56af49dd61
"해수부, 호르무즈 선박 화재·폭발 관련 긴급회의 개최",,Korean,THREAT,ROUTE,Hormuz,South Korea's Ministry of Oceans and Fisheries convenes emergency meeting regarding ship fires and explosions in Hormuz region,8,Crisis,[],D4_운송,HIGH,Hormuz incident response,ad95755ecc32c5fa947f2c1053b091af
"호르무즈 통과 선박 확인…""미군 호위로 무사히 통항""",,Korean,THREAT,ROUTE,Hormuz,Ships confirmed passing through Hormuz Strait safely under US military escort.,6,Warning,"[""CP_Hormuz""]",D4_운송,HIGH,Hormuz transit,9f789848621f6134e8bbd894db12b2c6
호르무즈 해협 한국 선박 화재…피격 가능성 속 전원 무사,,Korean,THREAT,ROUTE,Hormuz Strait,Korean vessel caught fire in Hormuz Strait amid potential attack; all crew safe,8,Crisis,"[""CP_Hormuz""]",D4_운송,HIGH,Korean vessel fire,e501bbed6ae1d97da53c61daa63e2b80
"호르무즈 해협 韓 선박 화재 진압…정부, 사고 원인 조사 착수",,Korean,DOMESTIC_IMPACT,,Hormuz Strait,A Korean vessel caught fire in the Strait of Hormuz; the fire was extinguished and the government has initiated an investigation into the cause of the accident.,4,Caution,[],D4_운송,HIGH,Korean vessel fire,06cb042859f69131a455ad7ac0761c61
"靑 “호르무즈 선박 화재, 원인 파악이 우선”...인근 항으로 예인해 수...",,Korean,DISRUPTION,LOGISTICS,Hormuz,Ship fire in Hormuz region; vessel being towed to nearby port; cause under investigation.,6,Warning,"[""CP_Hormuz""]",D4_운송,HIGH,Korean vessel fire,d4338c7129793d7c5eb1eb4d14dca4d5
"청와대, '호르무즈 선박 폭발'에 신중 대응…원인규명 먼저",,Korean,THREAT,ROUTE,Hormuz,"Blue House responds cautiously to ship explosion in Hormuz Strait, prioritizing investigation of cause",7,Warning,"[""CP_Hormuz""]",D4_운송,HIGH,Korean vessel fire,93a644aefc510efbf9da9794d47e6d5f
"호르무즈서 HMM 화물선 화재… ""두바이로 인양 예정""",,Korean,DISRUPTION,LOGISTICS,Hormuz,HMM cargo ship caught fire in Hormuz Strait; vessel scheduled for salvage to Dubai,7,Warning,"[""KC_HMM""]",D4_운송,HIGH,HMM vessel fire,417d8b80e78b56e7f1e3bc0abc027b49
"靑 “원인 파악이 먼저”… 트럼프 ‘이란, 韓선박 공격’ 주장에 신중...",,Korean,THREAT,ROUTE,Iran,"Trump claims Iran attacked Korean vessels; Korean government calls for investigation before responding, signaling cautious approach to escalation.",6,Warning,[],D4_운송,HIGH,Hormuz security,bd06006df72062114c1367d111bae9a0
"외교부 ""호르무즈 한국 선박 화재 완진…항구서 원인 조사""",,Korean,DOMESTIC_IMPACT,,Hormuz,South Korea's Ministry of Foreign Affairs reports that a Korean ship fire in Hormuz has been extinguished and investigation into the cause is underway at port.,3,Normal,[],D4_운송,HIGH,Korean vessel fire,34a7587f4ef2a00abf7f13c96aef323d
HD한국조선해양 3척 계약‥수주 목표 40% 달성,,Korean,DOMESTIC_IMPACT,,,"HD Hyundai Heavy Industries secures 3 new ship contracts, achieving 40% of annual order target",0,Normal,"[""KC_HDHanZo""]",D4_운송,MEDIUM,Shipbuilding orders,2fc688508acf0b667cf0e0dd47de4934
HD한국조선해양 KSS해운과 초대형가스운반선 3척 수주,,Korean,IRRELEVANT,,,HD Hyundai Heavy Industries and KSS Shipping secure orders for 3 ultra-large LNG carriers,0,Normal,"[""KC_HDHanZo""]",D4_운송,MEDIUM,LNG carrier orders,dec80a0992c65ecd12dc9a4580a976f5
HD현대중공업 주가 전 거래일 기준 3.39% 상승…VLGC 수주 확대,,Korean,DOMESTIC_IMPACT,,,HD Hyundai Heavy Industries stock rose 3.39% on expanded VLGC orders,0,Normal,"[""KC_HDHeavy""]",D4_운송,MEDIUM,Shipbuilding stock,46c74f7b6687634e812a9b190bc1a6d0
전재수 “부산 민생 100일 비상조치”…유류비·공공요금 지원 공약,,Korean,IRRELEVANT,,,"Busan mayor announces 100-day emergency measures for citizens' livelihoods, including fuel cost and utility bill support.",0,Normal,[],D4_운송,MEDIUM,Fuel cost support,0ee22cef5422fe11cff7e04ee24c076f
"전재수 '부산 민생 100 일 비상조치' 추진...""민생 회복 최우선 과제""",,Korean,IRRELEVANT,,,"Busan mayor Jeon Jae-soo announces 100-day emergency measures for local livelihood recovery, prioritizing livelihood recovery as top task",0,Normal,[],D4_운송,MEDIUM,Fuel cost support,3495c94b5b8477483d36bc90902def45
"미군 호위받으며 호르무즈 통과한 선박, 어디 선박인가 보니 …덴마크 ...",,Korean,THREAT,ROUTE,Strait of Hormuz,A vessel escorted by U.S. military forces passed through the Strait of Hormuz; the vessel is identified as Danish-flagged.,6,Warning,"[""CP_Hormuz""]",D4_운송,MEDIUM,Hormuz transit,3c31761571c5f2dd3694f8434bb943d8
"뉴욕증시, 미·이란 호르무즈 긴장 속 상승 출발...나스닥 0.89%↑",,Korean,THREAT,ROUTE,Hormuz,NY stock market rises at market open amid US-Iran tension over Hormuz Strait; Nasdaq up 0.89%,6,Warning,"[""CP_Hormuz""]",D5_시장지표,MEDIUM,Hormuz geopolitical tension,a58f48e9e8ae664e3b74b7bb531d6857
우크라 드론 공격에 러시아 키리시 정유공장 화재,,Korean,THREAT,SOURCE,Russia,Ukrainian drone attack causes fire at Russian Kirishi oil refinery,5,Caution,[],D5_시장지표,MEDIUM,Russian refinery attack,3d1c1fd115f283c185e315e2712ffc68
"[속보]뉴욕증시, 유가 하락·실적 호조에 상승 출발…나스닥 0.88% ↑",,Korean,IRRELEVANT,,,New York stock market rises on declining oil prices and improved corporate earnings; Nasdaq up 0.88%,0,Normal,[],D5_시장지표,MEDIUM,Oil price decline,0130576c14c039916119305b724f425f
"유가 폭등에도 트럼프는 ""금리 인하""...전망은 암울",,Korean,IRRELEVANT,,,Oil price surge amid Trump's policy stance on interest rate cuts; economic outlook remains pessimistic,0,Normal,[],D5_시장지표,MEDIUM,Oil price surge,478789d0f0a89723f4c59da09ed6be0e
"해수부, 호르무즈 해협 韓 선박 ""안전 해역 이동"" 지시",,Korean,THREAT,ROUTE,Hormuz Strait,South Korea's maritime ministry instructs Korean vessels to move to safe waters in the Hormuz Strait region.,7,Warning,"[""CP_Hormuz""]",D6_교란행위,HIGH,Korean ships safe zone relocation,347a4d5996eef7314ecfa102e29fddb5
"""호르무즈 韓 선박 화재 진압 완료""…선원 24명 전원 무사",,Korean,IRRELEVANT,,,Fire suppression completed on Korean vessel in Hormuz; all 24 crew members safe.,0,Normal,[],D6_교란행위,HIGH,Korean vessel fire Hormuz,9efa88b13ff07e91306287c3e20b9337
"해수부 ""호르무즈 인근 韓선박에 '안전한 해역 이동' 지시""",,Korean,THREAT,ROUTE,Hormuz Strait,South Korean Maritime Ministry issues safety navigation directive to Korean vessels near Hormuz Strait,7,Warning,"[""CP_Hormuz""]",D6_교란행위,HIGH,Korean vessel safety directive,f56acc6424f0488d1b8fad1e77ced8a1
"“한국 선박 터지자 ‘참전 요구’까지… 호르무즈, 사고 직후 외교 압...",,Korean,THREAT,ROUTE,Hormuz,Korean vessel incident at Hormuz Strait triggers diplomatic tensions and calls for military intervention,8,Crisis,"[""CP_Hormuz""]",D6_교란행위,HIGH,Korean vessel incident diplomacy,9edac7392a02c01155f15613f1362ac1
"외교부 ""韓 선박 화재 완진…예인 뒤 원인 파악""",,Korean,DOMESTIC_IMPACT,,,South Korean ship fire extinguished; cause to be determined after salvage towing,2,Normal,[],D6_교란행위,HIGH,Korean vessel fire investigation,3db3809260961285c80e1c317e026c75
"호르무즈 폭발 韓 선박, 화재 완진…""예인 후 수리""",,Korean,DOMESTIC_IMPACT,,Hormuz,A Korean vessel caught fire in the Hormuz area; fire has been extinguished and the vessel will be towed for repairs.,5,Caution,[],D6_교란행위,HIGH,Korean vessel fire Hormuz,95c27229b83ac6c25405f90827afcb51
"정부 ""호르무즈 韓선박 화재 진압 완료…예인 후 원인 파악""",,Korean,DISRUPTION,LOGISTICS,Hormuz,Korean vessel fire in Hormuz extinguished; vessel to be towed for investigation of cause,6,Warning,"[""CP_Hormuz""]",D6_교란행위,HIGH,Korean vessel fire containment,18d7bb959d1d699cd9fdf3ee8b92f15c
청와대 “선박 화재 원인부터 파악해야…피격 여부 확인 중”,,Korean,DISRUPTION,LOGISTICS,,Presidential office investigating cause of ship fire and checking whether vessel was attacked,5,Caution,[],D6_교란행위,HIGH,Korean vessel fire investigation,4389da7f49ae613a78a9ed9e5f31d551
"호르무즈 해협 韓 선박 화재 진압…정부, 예인 후 원인 조사 착수",,Korean,DOMESTIC_IMPACT,,호르무즈 해협,Korean vessel experienced fire at Hormuz Strait; government initiates investigation after vessel salvage,6,Warning,"[""CP_Hormuz""]",D6_교란행위,HIGH,Korean vessel fire Hormuz,b7df89a61eedb647f625d1dd90019ff7
해수부 “호르무즈 韓선박 선원 전원 무사… 나머지 선박도 안전”,,Korean,DOMESTIC_IMPACT,,Hormuz,South Korea's Ministry of Oceans and Fisheries reports all Korean ship crew members in Hormuz Strait are safe and remaining vessels are secure,2,Normal,"[""CP_Hormuz""]",D6_교란행위,HIGH,Korean vessel crew safety,de175b6e70bbada2e85c45c03538c082
"장동혁 ""외교 천재라더니 압도적 무능...정부 결단 필요""",,Korean,IRRELEVANT,,,Political commentary criticizing government diplomatic performance and calling for decisive action,0,Normal,[],D6_교란행위,MEDIUM,Government Hormuz response,8b4c705d4d1ec8be150c31261c8862e0
"박형준 ""호르무즈 선원 안전 최우선""…이재명 겨냥 '삭죄 특검' 공세도",,Korean,IRRELEVANT,,,South Korean politician Park Hyung-jun emphasizes Hormuz Strait sailor safety as top priority while launching political offensive regarding special prosecution against rival Lee Jae-myung.,0,Normal,[],D6_교란행위,MEDIUM,Hormuz crew safety response,a6a3d8acbcda9ca22bec18abf17fc4b0
"장동혁 “호르무즈, 이제 우리 문제…트럼프 합류 요구에 결단 필요”",,Korean,THREAT,ROUTE,Hormuz,Korean political figure calls for decisive action on Hormuz Strait issue and Trump administration cooperation,7,Warning,"[""CP_Hormuz""]",D6_교란행위,MEDIUM,Hormuz geopolitics,ed71f4c6713ac67adab5e9cfbff0b596
"사우디 왕세자, 이란의 UAE 공격 규탄…""우방국 겨냥 부당한 공격""",,Korean,THREAT,ROUTE,"UAE, Iran","Saudi Crown Prince condemns Iran's attack on UAE, calling it an unjust attack on an allied nation.",5,Caution,[],D6_교란행위,MEDIUM,Iran-UAE tensions,1c2ff4ff82c5deccab90ae919e3a807a
"(LEAD) Hegseth urges S. Korea, other countries to 'step up' to help reope...",,Korean,THREAT,ROUTE,South Korea,U.S. official Hegseth urges South Korea and other countries to increase efforts to help reopen a maritime route.,6,Warning,"[""KC_KAI""]",D7_행위자,HIGH,Hormuz Operation,71b5abf7894651410c07e05428c02b1c
(3rd LD) S. Korea says likely to take days to analyze cause of fire on HM...,,Korean,DOMESTIC_IMPACT,,South Korea,South Korea reports that analysis of the cause of a fire on HM (vessel) will likely take several days to complete.,2,Normal,"[""KC_KAI""]",D7_행위자,HIGH,HMM Fire Incident,2bdcaf4592ceb9cc236937fe7f90e847
(2nd LD) S. Korea says likely to take days to analyze cause of fire on HM...,,Korean,DISRUPTION,LOGISTICS,,S. Korea reports it will likely take days to analyze the cause of a fire incident on a vessel (HM...).,6,Warning,"[""KC_KAI""]",D7_행위자,HIGH,HMM Fire Incident,578056fa8f8e5b5dd6c459f79d080ed3
Gov't reviews whether to join U.S.-led military operation to extract vess...,,Korean,THREAT,ROUTE,,South Korean government reviews participation in U.S.-led military operation to extract a vessel,5,Caution,[],D7_행위자,HIGH,Hormuz Operation,f7ee4eff43137fd030ec5730a7741923
[PHOTO] HMM on edge,,Korean,DOMESTIC_IMPACT,,,HMM (Hyundai Merchant Marine) is under pressure or facing difficulties,5,Caution,"[""KC_HMM""]",D7_행위자,MEDIUM,HMM Status,13bcba95e1d7c1ec2c23c0e2b247be85
"무보, ADB와 광물 안보 동맹",,Korean,THREAT,SOURCE,,Mauritius (or relevant African nation) forms mineral security alliance with Asian Development Bank,5,Caution,[],D9_한국,MEDIUM,Mineral security alliance,f3068f09248cef77ec212f3a4bb51f07
"미국, 중동 발 묶인 사이...일본, '지역 수호자' 야심?",,Korean,THREAT,ROUTE,"Middle East, Japan",Headline suggests Japan may be pursuing regional security leadership ambitions while US attention is focused on Middle East tensions,4,Caution,[],D9_한국,MEDIUM,Japan Middle East,4623132313a9876808cd712ac707889e
"호르무즈 봉쇄 여파…국내 정유사, 6년 만에 리비아산 원유 수입 재개",,Korean,DOMESTIC_IMPACT,,Libya,Korean refiners resume crude oil imports from Libya for the first time in 6 years amid Hormuz Strait blockade aftermath.,5,Caution,"[""CF_CrudeOil""]",D1_초크포인트,HIGH,Hormuz blockade impact,3f08c993fcda554258fbddb603165dea
"루프트한자 ""호르무즈 해협 봉쇄 시 2026년 연료비 20억달러 증가""",,Korean,THREAT,ROUTE,Hormuz Strait,Lufthansa warns that closure of Hormuz Strait would increase fuel costs by $2 billion in 2026,8,Crisis,"[""CP_Hormuz""]",D1_초크포인트,HIGH,Hormuz strait disruption,9a0c2fdfa31f0f8e3bac69b3bc1f9612
HMM 나무호 예인 착수…이르면 7일 두바이 도착,,Korean,DISRUPTION,LOGISTICS,Dubai,HMM's Namu vessel begins salvage towing operation with expected arrival in Dubai within 7 days,6,Warning,"[""KC_HMM""]",D1_초크포인트,HIGH,HMM vessel recovery,e2bde16e140cd256015f91c4570f87d3
[속보]이란 합의 기대에 유가 '급락'·AMD '급등'…뉴욕증시 일제히 상승,,Korean,IRRELEVANT,,,Iran nuclear deal expectations drive oil prices down and AMD stock up; US stock markets rise broadly,0,Normal,[],D1_초크포인트,HIGH,Oil price collapse,5c23a7d1f99a977fa446160042016719
"미국·이란, 협상 급물살? 이란 ""이제 호르무즈 안전통항 가능""",,Korean,THREAT,ROUTE,Iran,Iran announces that safe passage through the Strait of Hormuz is now possible amid US-Iran negotiations,7,Warning,"[""CP_Hormuz""]",D1_초크포인트,HIGH,Hormuz transit safety,4c8cb5451fc8fc36d31481496c561963
폭발·화재 HMM ‘나무호’…“교대 미루고 배 지켜”,,Korean,DISRUPTION,LOGISTICS,,HMM's vessel 'Namuho' experiences explosion and fire incident; crew prioritizes vessel preservation over shift rotation.,7,Warning,"[""KC_HMM""]",D1_초크포인트,HIGH,HMM vessel incident,eb6db09a02ac64ac0bb63f517de006fd
"‘프로젝트 프리덤’ 중단에…이란 혁명수비대 “침략자 위협 제거, 호...",,Korean,THREAT,ROUTE,Iran,Iranian Revolutionary Guards respond to suspension of 'Project Freedom' with threat statement about removing invader threats,6,Warning,[],D1_초크포인트,HIGH,Iran Hormuz control,5e5a09c455d8f10d10f8708b524ef2ac
"""프랑스 소유 화물선, 페르시아만서 피격…승무원 여러 명 다쳐"" 순항 미...",,Korean,THREAT,ROUTE,Persian Gulf,French-flagged cargo vessel attacked in Persian Gulf with multiple crew members injured; cruise operations disrupted.,7,Warning,[],D1_초크포인트,HIGH,Vessel attack Persian Gulf,ae163a032db1f5523961e9d78ea40f9b
호르무즈 갇힌 아시아 선원 2만명…“우리는 전쟁 포로”,,Korean,THREAT,ROUTE,Hormuz,"Approximately 20,000 Asian seafarers are trapped in the Hormuz region, with reports describing their situation as similar to prisoners of war.",8,Crisis,"[""CP_Hormuz""]",D1_초크포인트,HIGH,Asian seafarers trapped,082671a3809f1cee83d11373b1acf5a1
"""佛회사 소유 화물선, 페르시아만서 피격…승무원 여러명 다쳐""",,Korean,THREAT,ROUTE,Persian Gulf,French-owned cargo vessel attacked in Persian Gulf with crew members injured,7,Warning,[],D1_초크포인트,HIGH,Vessel attack Persian Gulf,8146aba1348dac07c48a9757c97c5a56
"사우디, 아시아 판매 원유값 배럴당 4달러 인하",,Korean,DISRUPTION,SOURCE,Saudi Arabia,Saudi Arabia reduces crude oil prices for Asia sales by $4 per barrel,6,Warning,[],D1_초크포인트,HIGH,Saudi crude price cut,16c4eaf251be6436f2e6932978ef785d
"나무호 사고에 트럼프 ""한국 단독 행동하다 이란 피격""…이란 ""충동적 ...",,Korean,THREAT,ROUTE,Iran,"Trump comments on Namu Ho incident, accusing Korea of independent action and Iran of retaliation; Iran responds defensively to accusations of impulsive behavior.",6,Warning,[],D1_초크포인트,HIGH,Korean vessel incident,c74ac3ac5904c2132f6e77cbef3d0923
"이란, 호르무즈 새 규제 발표 “안 따르면 단호한 대응”",,Korean,THREAT,ROUTE,Iran,Iran announces new regulations for Strait of Hormuz and warns of firm response if not followed,8,Crisis,[],D1_초크포인트,HIGH,Hormuz new regulations,33979ad8cef5bed9c1cec4340574b996
"해수부 ""나무호, 피격 징후 아직 없어""…6일 오후부터 예인 시작",,Korean,DOMESTIC_IMPACT,,,South Korea's Ministry of Oceans and Fisheries reports the vessel Namuho shows no signs of being hit; towing operations to begin from afternoon of the 6th.,2,Normal,[],D1_초크포인트,HIGH,Korean tanker salvage,77e3cfef59314b5f7f4e359703f1a1a7
"韓유조선, 호르무즈 우회로 세번째 통과…""아직 안심하기 일러""",,Korean,THREAT,ROUTE,Hormuz Strait,Korean tanker passes through Hormuz Strait bypass route for third time; uncertainty remains about safety,7,Warning,"[""CP_Hormuz""]",D1_초크포인트,HIGH,Korean vessel rerouting,4e28954d50f585fe112c02eb967b4046
"[뉴스퀘어 2PM] '해방 작전' 이틀 만에 중단...이란, 선박 공격 '부인'",,Korean,THREAT,ROUTE,Iran,Iran denies involvement in ship attacks; 'liberation operation' halted after two days,6,Warning,[],D1_초크포인트,HIGH,Iran vessel attack denial,b29af23c716a08ecbaa9cd1fbbe6c8ce
유럽선 보험요율 1천배↑…호르무즈 선박 화재로 냉각된 글로벌 해운계,,Korean,DISRUPTION,LOGISTICS,Hormuz,European shipping insurance rates spike 1000x due to ship fire in Hormuz; global shipping market cools,7,Warning,"[""CP_Hormuz""]",D1_초크포인트,HIGH,Insurance Rate Surge,afc5b2b3eaea9c7e76ef94d4ff47e084
"""합의문 임박""...트럼프 ""받으면 전쟁 끝""·이란 ""여전히 검토중""",,Korean,THREAT,SOURCE,Iran,"Trump and Iran near agreement on nuclear deal; Trump states war will end if deal accepted, Iran says still under review",5,Caution,[],D1_초크포인트,MEDIUM,US-Iran ceasefire negotiations,3d3c17f98c16a1bb635b8ad16681d9f0
"""미·이란 종전 합의안 임박""…이란 ""검토 중""",,Korean,THREAT,SOURCE,Iran,US and Iran reportedly close to ceasefire agreement; Iran states it is under review,6,Warning,[],D1_초크포인트,MEDIUM,US-Iran ceasefire negotiations,631da3c9b622de797bd04ebfc79f28df
"""미국·이란 '1쪽짜리 종전 MOU' 근접""…이란 ""검토중""(종합2보)",,Korean,THREAT,SOURCE,"United States, Iran",US and Iran reported to be near agreement on a one-page ceasefire memorandum of understanding; Iran states it is under review.,5,Caution,[],D1_초크포인트,MEDIUM,US-Iran ceasefire negotiations,fd537379369de94ee283492db7e0add4
"트럼프, 이란과 대면 협상 관측에 “너무 이르다”",,Korean,IRRELEVANT,,,Trump states it is too early for face-to-face negotiations with Iran.,0,Normal,[],D1_초크포인트,MEDIUM,US-Iran negotiations,ea41d367f6573429858f61310600fb2e
"트럼프 ""이란 합의 안 하면 강도 높게 폭격""",,Korean,THREAT,SOURCE,Iran,Trump threatens intensive bombing against Iran if no agreement is reached,7,Warning,[],D1_초크포인트,MEDIUM,US-Iran military threat,6017445dbeb400c4d50558898014511d
"트럼프, 이란과 대면 협상 관측에 ""너무 이르고, 너무 과하다""",,Korean,THREAT,SOURCE,Iran,"Trump expresses skepticism about direct negotiations with Iran, calling them premature and excessive.",5,Caution,[],D1_초크포인트,MEDIUM,US-Iran negotiations,6aa1a0000f104fbcf2da93f4c56eb375
"트럼프, 이란과 대면 협상 관측에 ""너무 이르다""",,Korean,IRRELEVANT,,,Trump states it is too early for direct negotiations with Iran regarding diplomatic talks.,0,Normal,[],D1_초크포인트,MEDIUM,US-Iran negotiations,ca87d0aedfd7b3fe1d90f85538c8509e
"트럼프 ""이란, 합의하면 봉쇄 해제…거부시 더 강력한 폭격""(종합)",,Korean,THREAT,SOURCE,Iran,"Trump threatens stronger bombing if Iran refuses agreement, offers sanctions relief if Iran agrees",7,Warning,[],D1_초크포인트,MEDIUM,US-Iran blockade threat,53cd3415817245317bbb106911c3cf8a
미국 내 휘발유 가격 상승세...4년 만에 최고치,,Korean,IRRELEVANT,,United States,US gasoline prices rise to a 4-year high,0,Normal,[],D1_초크포인트,MEDIUM,US gasoline price surge,f6cb82b78f1372e589b15adc924ff2c2
유가 하락·기업 실적 개선…美증시 이틀 연속 최고치,,Korean,IRRELEVANT,,,US stock market reaches record highs for second consecutive day amid falling oil prices and improved corporate earnings.,0,Normal,[],D1_초크포인트,MEDIUM,Oil price decline,0da18155f0bf25fa5d32da3935878846
"美·이란, 종전 합의 초읽기?…호르무즈·핵농축 놓고 막판 협상",,Korean,THREAT,ROUTE,"Iran, US",US and Iran entering final negotiations on nuclear enrichment and Strait of Hormuz issues in potential ceasefire agreement,7,Warning,"[""CP_Hormuz""]",D1_초크포인트,MEDIUM,US-Iran Hormuz negotiations,f08cf66e18ef1597c5fa02bf3a689743
"美·이란, '1쪽짜리' 종전 양해각서 체결 임박…""48시간 내 답변 기다려...",,Korean,THREAT,SOURCE,"US, Iran",US and Iran near agreement on one-page ceasefire memorandum; US awaits response within 48 hours,5,Caution,[],D1_초크포인트,MEDIUM,US-Iran ceasefire agreement,228ec6ea083bd028e20c68f7ac876385
이란 외무부 “美 제안 검토 중”…트럼프 “합의 안 하면 폭격”,,Korean,THREAT,ROUTE,Iran,Iran's Foreign Ministry states it is reviewing US proposal while Trump threatens military strikes if no agreement is reached,7,Warning,[],D1_초크포인트,MEDIUM,US-Iran negotiations,c5adceb39c682155dca0784c4db1bd2d
"뉴욕증시, 美-이란 종전 기대감에 상승 출발",,Korean,IRRELEVANT,,,New York stock market opens higher on expectations of US-Iran conflict resolution,0,Normal,[],D1_초크포인트,MEDIUM,US-Iran ceasefire sentiment,7725c724ef8cb51baff67ac150569c91
"프랑스 핵항모 전단, 홍해·아덴만 이동…호르무즈 개방 대비",,Korean,THREAT,ROUTE,"Red Sea, Gulf of Aden, Hormuz Strait",French nuclear carrier strike group moves to Red Sea and Gulf of Aden in preparation for keeping Hormuz Strait open,7,Warning,[],D1_초크포인트,MEDIUM,Hormuz geopolitical posturing,f06bf67522a4a301aa03776f0c027043
"[속보] 이란 ""미국 제안 검토 중…파키스탄에 입장 전달할 것""",,Korean,THREAT,SOURCE,Iran,Iran states it is reviewing US proposal and will convey its position to Pakistan,4,Caution,[],D1_초크포인트,MEDIUM,Iran-US negotiation,cd0c97b79678814b293de2ebd250aa2c
트럼프 “이란과 합의 큰 진전…프로젝트 프리덤 잠시 중단”,,Korean,THREAT,SOURCE,Iran,Trump announces major progress in negotiations with Iran and temporarily halts 'Project Freedom',5,Caution,[],D1_초크포인트,MEDIUM,Iran-US deal progress,4d74b7794f0335aa9af4629c8517cbd6
"트럼프 ""이란 합의 동의하면 장대한 분노 작전 종료""(상보)",,Korean,THREAT,SOURCE,Iran,Trump threatens to end 'Operation Warp Speed' if Iran agrees to nuclear deal negotiations,5,Caution,[],D1_초크포인트,MEDIUM,Iran-US agreement terms,1cebed218403f523768467305110ea72
"[속보]이란 ""미국 평화안 검토 중""…트럼프 ""거부하면 더 강하게 폭격""",,Korean,THREAT,ROUTE,Iran,Iran states it is reviewing US peace proposal; Trump threatens stronger bombing if rejected,7,Warning,[],D1_초크포인트,MEDIUM,Iran-US negotiation,285b7c6a8532206dd468513c9f84520b
"“이란, 고농축 우라늄 반출 긍정적”… 종전 협상 급물살 타나 [美·이...",,Korean,THREAT,SOURCE,Iran,Iran signals positive stance on highly enriched uranium export amid accelerating denuclearization negotiations,3,Normal,[],D1_초크포인트,MEDIUM,Iran nuclear agreement,545d490881efb1311b283984c974e0f4
"트럼프 ""이란 합의하지 않으면 이전보다 훨씬 강도 높게 폭격""",,Korean,THREAT,ROUTE,Iran,Trump threatens intensified bombing of Iran if it does not reach an agreement,7,Warning,[],D1_초크포인트,MEDIUM,Iran-US military threat,8514f4a537e02a1ff345b44aadba73d2
미 ‘해방 프로젝트’ 중단에 이란 매체 “트럼프가 후퇴했다”,,Korean,THREAT,SOURCE,Iran,"Iranian media reports that Trump has retreated from the US 'Liberation Project,' suggesting a shift in US policy toward Iran.",3,Normal,[],D1_초크포인트,MEDIUM,Iran geopolitical stance,72481a5fb2dc15978f22880271856904
"“한국 선박, 발사체에 맞은 듯” 보도한 이란 언론…‘가짜 영상’ 근...",,Korean,IRRELEVANT,,Iran,"Iranian media reported a Korean vessel was hit by a projectile, but the report involved fake video footage.",0,Normal,[],D1_초크포인트,MEDIUM,Korean vessel misinformation,cc2841d1d02c19e64fce590a6a935a76
대혼돈의 美·이란 협상전…해방 프로젝트 개시 하루만 중단,,Korean,THREAT,SOURCE,"United States, Iran",US-Iran negotiations reach impasse; Operation Liberation halted after one day amid chaos,4,Caution,[],D1_초크포인트,MEDIUM,US-Iran negotiations,88eef3112a020fa12d6723804ca0eb6e
"[직설] 트럼프, 호르무즈 해협 해방 프로젝트 일시 중단…급변하는 이란...",,Korean,THREAT,ROUTE,Iran,Trump administration temporarily suspends Hormuz Strait liberation project amid changing Iran situation,7,Warning,[],D1_초크포인트,MEDIUM,Hormuz project suspension,145076e91a04be8ba17632eda44bcc02
"트럼프 ""한국 선박 피격""에도 ""원인 규명 먼저""라는 정부...속사정 뭘까",,Korean,THREAT,ROUTE,,"Korean vessel reported attacked; government prioritizes cause investigation before response, raising questions about underlying diplomatic tensions.",6,Warning,[],D1_초크포인트,MEDIUM,Korean vessel attack,bdacfdd64d2b7e919da9a7b1b32439d7
"[뉴스분석] ""한국, 美 호르무즈 동참…군함보단 비전투적 지원 현실적""",,Korean,THREAT,ROUTE,Hormuz,South Korea considers participating in US-led Hormuz Strait operations through non-combat support rather than direct military deployment.,7,Warning,"[""CP_Hormuz""]",D1_초크포인트,MEDIUM,Hormuz geopolitics,449590d090086589f2760dede65a62b5
[단독] ‘35일의 항해 비법’…북극항로 기록 입수,,Korean,IRRELEVANT,,,Report on a record Arctic route voyage lasting 35 days,0,Normal,[],D1_초크포인트,MEDIUM,Arctic route record,f045305416bbfaf99d7d35dfeba43c2f
[기획]원유 공급망 대전환…산지·항로 다시 짠다,,Korean,THREAT,SOURCE,,Crude oil supply chain undergoing major transformation with reconfiguration of production sources and shipping routes,6,Warning,"[""CF_CrudeOil""]",D1_초크포인트,MEDIUM,Oil supply restructure,ec851875754efc93d7a93ac74c7af37f
트럼프 방중 앞두고…'운하 갈등' 중국·파나마 신경전 지속,,Korean,THREAT,ROUTE,"China, Panama",Tension between China and Panama over canal operations continues ahead of Trump's visit to China,7,Warning,[],D1_초크포인트,MEDIUM,Panama Canal dispute,f86576ee68893a062e8f860317557049
"외교부, 정유업계와 간담회…중남미 원유 공급망 다변화 논의",,Korean,THREAT,SOURCE,중남미 (Central/South America),Korean Ministry of Foreign Affairs holds meeting with oil refining industry to discuss diversification of crude oil supply chain from Central and South America,3,Normal,"[""CF_CrudeOil""]",D2_품목,HIGH,Oil supply diversification,7b345766a6032a780cc23c7123d278ab
"한화토탈, 리비아산 원유 수입 재개…공급망 다변화",,Korean,DOMESTIC_IMPACT,,Libya,Hanwha Total resumes crude oil imports from Libya and diversifies supply chain,2,Normal,"[""CF_CrudeOil""]",D2_품목,HIGH,Libya crude imports,a77cb6feb94daf3dc1b46c32da994d1a
"""중남미 원유 공급망 다변화 모색""…외교부, 정유업계 실무간담회",,Korean,DOMESTIC_IMPACT,,,South Korea's Ministry of Foreign Affairs held a working-level meeting with the refining industry to explore diversification of crude oil supply chains in Central and South America.,3,Normal,"[""CF_CrudeOil""]",D2_품목,HIGH,Oil supply diversification,f962b07372f3f58a78ee66386f8377a5
중동發 공급망 불안 커지는데…조기경보시스템 구축 지연,,Korean,THREAT,SOURCE,Middle East,Middle East supply chain instability is growing while Korea delays construction of an early warning system,6,Warning,[],D2_품목,HIGH,Middle East supply risk,78f65eea52b3ab4a6bc4b5fee1799838
세 번째 한국 유조선 홍해 무사 통과…이달 말 도착 예정,,Korean,DOMESTIC_IMPACT,,Red Sea,"Third Korean tanker safely transits Red Sea, scheduled to arrive by end of month",2,Normal,[],D2_품목,HIGH,Red Sea tanker transit,beec8c51e7dd693f6ba6ffdfe2631c77
"한국에 동참 압박하더니… 트럼프, 하루 만에 '호르무즈 해방' 중단",,Korean,THREAT,ROUTE,Hormuz Strait,"Trump halts 'Hormuz Strait liberation' operation after one day, reversing earlier pressure on Korea to participate",6,Warning,"[""CP_Hormuz""]",D2_품목,HIGH,Hormuz strait policy,611d8a7e1246d038cd31168df0d4003a
중동 전쟁에 세계 원유 재고 사상 최대폭 급감⋯“진짜 에너지 위기는 ...,,Korean,THREAT,SOURCE,Middle East,Middle East conflict causes global crude oil inventories to drop at record pace; concerns about imminent energy crisis,8,Crisis,"[""KS_Energy"", ""CF_CrudeOil""]",D2_품목,HIGH,Global oil inventory collapse,42509241ea730081db27193f8eb87a22
[기로에 선 GS] 든든한 캐시카우 '에너지·정유' 중동 변수 커졌다,,Korean,THREAT,SOURCE,Middle East,GS Group's energy and refining businesses face increased Middle East variables and uncertainty affecting their cash cow operations.,7,Warning,"[""KS_Energy""]",D2_품목,HIGH,GS Caltex Middle East risk,bf4212ef31de369662af2898d58a14e8
재고로 버티던 원유시장 흔들…장기전 비용 커진다,,Korean,THREAT,SOURCE,,Crude oil market shaken as inventory buffers deplete; prolonged supply tension increases costs,6,Warning,[],D2_품목,HIGH,Oil inventory depletion,5e352aa3138d03e2728101488a5e52f5
세계 석유 재고 45일치…한 달에 '2억 배럴' 뚝 최대폭 감소,,Korean,DISRUPTION,SOURCE,,Global oil inventories at 45-day supply with a record monthly decline of 200 million barrels,7,Warning,[],D2_품목,HIGH,Global oil reserves crisis,9bad429c096d7b6ddf43682f0e52029f
[이슈체크] 호르무즈 해협 '나무호' 화재...폭발인가 피격인가,,Korean,THREAT,ROUTE,Hormuz Strait,Fire incident on vessel Namoho in Hormuz Strait; unclear whether caused by explosion or attack,8,Crisis,"[""CP_Hormuz""]",D2_품목,HIGH,Hormuz Strait incident,770d4955c569dbe93afad06148f565b7
"중동發 오일쇼크에 물가 2.6% 들썩…""조만간 3%대, 高물가 장기화 우려""",,Korean,DOMESTIC_IMPACT,,Middle East,Oil shock originating from Middle East causing Korea's inflation to rise to 2.6% with concerns of prolonged high inflation reaching 3% range,7,Warning,[],D2_품목,HIGH,Middle East oil shock,82a145f7151eb746048a5522ede54bcd
"코스피 7천선 돌파, 증권사 1분기 실적 최대치 경신",,Korean,IRRELEVANT,,,"KOSPI index breaks through 7,000 points; securities firms set record Q1 earnings",0,Normal,[],D2_품목,MEDIUM,Stock market rally,dae32f8b35cfed9b4f58fbd8ed031ff7
"삼전·닉스가 주도한 '7천피'...""8,000도 꿈 아니다""",,Korean,IRRELEVANT,,,"Article reports on semiconductor/gaming performance metrics (7,000 units/score with potential to reach 8,000)",0,Normal,[],D2_품목,MEDIUM,Stock market surge,890dbe0329ba6381a5a64d6d01d03965
"코스피, 47일 만에 7,000선 돌파... 삼성전자 등 주도",,Korean,IRRELEVANT,,,"KOSPI index breaks 7,000 level for the first time in 47 days, led by Samsung Electronics and other stocks",0,Normal,"[""KC_Samsung""]",D2_품목,MEDIUM,KOSPI milestone,97d128b784545330a5e2f18119993428
코스피 7000선 돌파하며 '꿈의 시대' 개막...11거래일 연속 랠리,,Korean,IRRELEVANT,,,"KOSPI index breaks through 7,000 level, marking the start of a 'dream era' with 11 consecutive trading days of rally",0,Normal,[],D2_품목,MEDIUM,Stock market rally,31f0d8c37364d4ea4cc94719c5b7c20f
코스피 '7천 시대' 개막…시총 6천조 돌파,,Korean,IRRELEVANT,,,"KOSPI index enters 7,000 era; market capitalization surpasses 6 quadrillion won",0,Normal,[],D2_품목,MEDIUM,Market capitalization,867fa5d0f67bff511c127a7252845553
"""삼전만 폭등한 게 아니었네""…무더기 상한가 '이유' 알고보니 [분석+]",,Korean,IRRELEVANT,,,"Headline reports stock market surge (upper limit trading halt) affecting multiple companies, with analysis of underlying reasons",0,Normal,[],D2_품목,MEDIUM,Stock surge analysis,306d7a4762598ede933d1f0eb10abb89
"100弗 넘던 국제 유가, 한때 90弗 아래로",,Korean,IRRELEVANT,,,"International crude oil prices, which had exceeded $100 per barrel, temporarily fell below $90 per barrel.",0,Normal,[],D2_품목,MEDIUM,Oil price movement,06d04a2f8c898c80eb6c9c5f2d54e33f
[뉴욕증시]美-이란 협상 진전 보도에 일제히 상승 출발,,Korean,IRRELEVANT,,,US-Iran negotiation progress reported; New York stock market opens with broad gains,0,Normal,[],D2_품목,MEDIUM,Iran negotiation,cd0de8f7f2bad12e06ffc33ab54c5867
"日 ""UAE서 원유 추가 공급""…8∼9일치 2천만배럴 관측(종합)",,Korean,DISRUPTION,SOURCE,UAE,"Japan reports additional crude oil supply from UAE, approximately 20 million barrels equivalent to 8-9 days of supply.",3,Normal,"[""CF_CrudeOil""]",D2_품목,MEDIUM,UAE oil supply,b4d493a08ecc1eaeb1815b91bbb4a6d2
"외교부, 정유업계와 원유 공급망 점검…중남미 협력 확대 논의",,Korean,IRRELEVANT,,,South Korea's Foreign Ministry discusses crude oil supply chain review with refining industry and plans to expand cooperation with Central and South America.,0,Normal,"[""CF_CrudeOil""]",D2_품목,MEDIUM,Oil supply chain,645831373ecc3b218839ba472f74510a
21.9% 뛴 유가 물가 상승 주범,,Korean,DOMESTIC_IMPACT,,,"Oil prices surged 21.9%, becoming a primary driver of domestic inflation",5,Caution,[],D2_품목,MEDIUM,Oil price inflation,da2baa099cd01e826e0b780ae259bd3e
"""美제재에도 보란 듯이 내다판다“…中 기업, 이란 등에 드론 부품 지속...",,Korean,THREAT,SOURCE,"China, Iran",Chinese companies continue exporting drone components to Iran despite US sanctions,4,Caution,[],D2_품목,MEDIUM,Iran sanctions,767bd4145061f3256dbd3b8b7f6b55c0
코스피 '7000 시대' 열렸다…외국인 역대급 순매수에 '삼전닉스' 동반 질...,,Korean,IRRELEVANT,,,South Korea's KOSPI index enters the 7000 era with record foreign investor net purchases; Samsung Electronics and SK Hynix stocks decline together.,0,Normal,[],D2_품목,MEDIUM,Stock market surge,389d01f6cfe6bf810892057e403404cd
WTI 원유 96달러 하회…장중 7.37% 급락,,Korean,IRRELEVANT,,,"WTI crude oil price falls below $96 per barrel, declining 7.37% intraday",0,Normal,"[""CF_Coal"", ""CF_CrudeOil""]",D2_품목,MEDIUM,WTI crude decline,3e1baca777dec5ef7cc7277ff3b04cae
"단숨에 열린 코스피 7천 시대, '반도체' '실적' '외국인'에 8천피 속전속...",,Korean,IRRELEVANT,,,"KOSPI index breaks through 7,000 level; semiconductors, corporate earnings, and foreign investors drive market toward 8,000.",0,Normal,[],D2_품목,MEDIUM,Stock market rally,2e206e98331803e7b675432001e3aeee
"코스피 6% 급등…외국인 3.1조 사자, 7384선↑",,Korean,IRRELEVANT,,,"KOSPI index surged 6% with foreign investors purchasing 3.1 trillion won, stock index rose to 7384",0,Normal,[],D2_품목,MEDIUM,KOSPI surge,2e65b4f086535a815ac86dbbc5cb2245
석유 최고가격제 장기화에 커지는 갈등…정부·정유업계 손실 보전 '평...,,Korean,DOMESTIC_IMPACT,,,South Korea's government and oil refining industry face growing conflict over prolonged oil price caps and compensation for losses.,3,Normal,[],D2_품목,MEDIUM,Oil price controls,09688f23623015b1da82735edb332646
"코스피, 역대 최초 7400선 '터치'…""급등에 따른 조정 대비해야""",,Korean,IRRELEVANT,,,KOSPI stock index touched 7400 points for the first time in history; analysts advise preparing for market correction following the surge.,0,Normal,[],D2_품목,MEDIUM,Stock market surge,17db47580ca01339b0fe9ef959174655
파국 피했지만…중동발 충격 내년까지 이어진다,,Korean,THREAT,ROUTE,Middle East,Middle East-origin supply chain shock avoided worst-case scenario but impacts expected to continue through next year,7,Warning,[],D2_품목,MEDIUM,Middle East impact,6f13670910991e714f50dc2e5b98894d
"조선 '빅2' 가스선 수주 '대조'...HD '도크 회전', 한화 '연속 건조'",,Korean,DOMESTIC_IMPACT,,,Korean shipbuilders HD Hyundai and Hanwha compete in LNG carrier orders with contrasting production strategies: HD increases dock rotation while Hanwha pursues continuous construction,1,Normal,[],D2_품목,MEDIUM,LNG carrier orders,1ec82e004ac4f2b2f9a40d7f9911a211
중동 전쟁 장기화에 충청권 물가 상승세…가계 부담 커져,,Korean,DOMESTIC_IMPACT,,Chungcheong region,"Middle East conflict prolongation causes price increases in Chungcheong region, raising household burden",3,Normal,[],D2_품목,MEDIUM,Middle East inflation,e4901d6a29c625dbc687c7ed0178d31e
한 달 만에 '2억 배럴' 뚝...전 세계 원유 재고 사상 최대 감소,,Korean,DISRUPTION,SOURCE,,"Global crude oil inventories fell by 200 million barrels in one month, marking the largest decline on record",6,Warning,"[""CF_CrudeOil""]",D2_품목,MEDIUM,Global crude inventory,1990d940b7ca087d333fb5d831a32983
"“원가 계산도 안 되는데 손실액 뽑으라니”…정유업계, ‘최고가제’ ...",,Korean,DOMESTIC_IMPACT,,,Korean refining industry reports inability to calculate production costs under maximum price regulation and demands loss compensation,3,Normal,[],D2_품목,MEDIUM,Refinery losses,30c88a7c10bbeeeb38c972c1abd847e1
[간추린 경제] 1. 소비자 물가 2.6%↑ 2. '적자' 돌아선 쿠팡‥1분기 영...,,Korean,DOMESTIC_IMPACT,,,South Korea consumer prices rose 2.6% and Coupang shifted from deficit to profit in Q1,0,Normal,[],D2_품목,MEDIUM,Consumer inflation,821cd0f2539f4b27f6a5c8524b3b7698
중동發 리스크 현실화되나…'울릉도 명물' 청아라 가격 10% 올린다,,Korean,DOMESTIC_IMPACT,,,Korean domestic seafood product (squid from Ulleungdo) supplier raising prices by 10% citing Middle Eastern risks,2,Normal,[],D2_품목,MEDIUM,Seafood price surge,3f705d23383222442144878bf047daf7
"한화오션, 초대형 암모니아운반선 추가 수주...친환경 선박 시장 공략 ...",,Korean,IRRELEVANT,,,Hanwha Ocean secures additional order for mega ammonia carriers; expands eco-friendly ship market,0,Normal,"[""KC_HanwhaOcean""]",D2_품목,MEDIUM,Ammonia carrier orders,807f2f3eb07c84783938253865e9ff8d
"정부, 항공·플라스틱 업계 고용지원 '빗장' 푼다…중동 여파 선제 대응",,Korean,DOMESTIC_IMPACT,,,Korean government to ease employment support for aviation and plastics industries in preemptive response to Middle East spillover effects,3,Normal,[],D2_품목,MEDIUM,Middle East supply chain,c4bac1e83c10f4d4dc54ec3494724075
"엔화 강세·외국인 순매수···원·달러 환율, 두달 만에 1450원대 마감",,Korean,IRRELEVANT,,,South Korean won strengthens against US dollar; foreign investors make net purchases; won-dollar exchange rate closes in the 1450 range for the first time in two months.,0,Normal,[],D2_품목,MEDIUM,KRW exchange rate,d917f3969e3f9f4bf326a038645dd856
"글로벌 원유 재고, 4월 사상 최대 규모 감소",,Korean,DISRUPTION,SOURCE,,Global crude oil inventories decreased to their largest extent in April,6,Warning,"[""CF_CrudeOil""]",D2_품목,MEDIUM,Global crude inventory,5dbf4455329c7b3217581a0423eeee44
"중동 순방 日경제산업상 ""UAE, 원유 공급 추가 확대 확인""",,Korean,THREAT,SOURCE,UAE,Japanese economic minister confirms UAE's agreement to further expand crude oil supply,2,Normal,"[""CF_CrudeOil""]",D2_품목,MEDIUM,Middle East oil supply,37401a90a8dae5991b54fbc1c4000b55
"4월 전 세계 원유재고 사상 최대 감소…""공급 감소 속도가 수요 감소 압...",,Korean,IRRELEVANT,,,Global crude oil inventory reached record low in April; supply decline pace outpaced demand decline pace,0,Normal,[],D2_품목,MEDIUM,Global crude inventory,694390851b5930aa3a3940d22d4a8015
[줌인] 이란戰으로 벼랑끝 몰린 중국 경제...에너지·원가·수출 삼중 압...,,Korean,THREAT,SOURCE,China,"China's economy faces triple pressure (energy, cost, exports) amid Iran conflict, threatening supply stability.",7,Warning,"[""KS_Energy""]",D2_품목,MEDIUM,China energy crisis,7099a527ccba9ca383b726ef793aba9a
뉴질랜드 공영방송 SK이노 울산공장 방문…왜?,,Korean,IRRELEVANT,,New Zealand,New Zealand public broadcaster visits SK Innovation's Ulsan factory,0,Normal,[],D2_품목,MEDIUM,SK Innovation Ulsan plant,841636903affb13e426afa1dd0993569
세계 원유 재고 급감 속 호주 '연료 안보 강화' 10조원 투입,,Korean,THREAT,SOURCE,Australia,Australia invests 10 trillion won to strengthen fuel security amid global crude oil inventory decline,6,Warning,"[""CF_CrudeOil""]",D2_품목,MEDIUM,Australia LNG security,61e28043d2a8b9fa8c46eaff1dadb796
"중동전쟁에 4월 물가 2.6% 상승…""최고가격제로 1.2%p 하락효과""",,Korean,DOMESTIC_IMPACT,,,"Middle East war causes April inflation to rise 2.6%, with price controls mitigating impact by 1.2 percentage points",2,Normal,[],D2_품목,MEDIUM,Middle East oil impact,a0e5d68e7b4fd486d263087cb29484fb
중동전쟁 여파로 물가 '비상',,Korean,THREAT,SOURCE,Middle East,Middle East conflict aftermath triggers emergency price surge,7,Warning,[],D2_품목,MEDIUM,Middle East energy crisis,c735e6efc8e1a822075a47c5fb73414e
기름값 충격에 4월 물가 2.6%↑,,Korean,DOMESTIC_IMPACT,,,South Korea's April consumer prices rose 2.6% due to oil price shock,3,Normal,[],D2_품목,MEDIUM,Oil price inflation,74f420add0166c9435ecacc6f90b1694
중동발 나프타 리스크에 포장재 공급난 여전…‘종이·재활용’ 대체재...,,Korean,DOMESTIC_IMPACT,,,Korean packaging material supply remains constrained due to Middle East naphtha risk; paper and recycled alternatives being explored as substitutes.,6,Warning,"[""CF_Naphtha""]",D2_품목,MEDIUM,Naphtha supply risk,1828d8521f1813010bdbb9aa2c913682
울산항 친환경·데이터 기반 급유 활성화,,Korean,IRRELEVANT,,,Ulsan Port activates eco-friendly and data-based bunkering services,0,Normal,"[""KP_Ulsan""]",D2_품목,MEDIUM,Port bunker operations,2d41fae778180665e249daa6d3138d4e
"UPA-울산세관, 친환경 선박연료 급유 활성화 맞손",,Korean,IRRELEVANT,,Korea (Ulsan),Ulsan Customs and UPA collaborate to promote eco-friendly ship fuel bunkering operations,0,Normal,[],D2_품목,MEDIUM,Port bunker operations,1e432b25662f6de675a367f91d4e9a10
"유럽 가스시장, 겨울 가격 급등 우려 확산",,Korean,THREAT,SOURCE,Europe,European gas market faces widespread concerns about winter price spikes,4,Caution,[],D2_품목,MEDIUM,European gas prices,cbb3e515d7101ecac436a4d7da4078ea
부산항 신감만부두 컨테이너크레인 유지보수공사 착공,,Korean,IRRELEVANT,,,Busan port's Singamman terminal begins maintenance work on container cranes,0,Normal,"[""KP_Busan""]",D2_품목,MEDIUM,Port infrastructure,3a8d1862409596fabeb42ec06bd9a84c
"20년 넘은 북항 크레인 5기, 71억 들여 전면 보수",,Korean,DOMESTIC_IMPACT,,South Korea,Busan North Port's 5 cranes over 20 years old undergo full renovation with 7.1 billion won investment,2,Normal,[],D2_품목,MEDIUM,Port equipment,82f88e362781377b3751f5f05c7f81a5
"팬오션, 1분기 매출 8.3% 증가한 1조 5,089억 원 기록",,Korean,DOMESTIC_IMPACT,,,"Pan Ocean reports Q1 revenue of 1.5089 trillion won, up 8.3% year-over-year",0,Normal,"[""KC_PanOcean""]",D2_품목,MEDIUM,Pan Ocean earnings,b0e3a1589d87d1e4db64124946917639
"벌크선 시장, 중대형선 중심으로 반등 나서",,Korean,IRRELEVANT,,,Bulk carrier market shows recovery centered on medium to large-sized vessels,0,Normal,[],D2_품목,MEDIUM,Bulk shipping rates,dfbffd88bf3674e1af8709fd420b2128
"트럼프 ‘프로젝트 프리덤’, 해협 개방에 한계…대체 항로 대두",,Korean,THREAT,ROUTE,,"Trump's 'Project Freedom' has limitations in opening straits, leading to discussion of alternative maritime routes",5,Caution,[],D3_인프라,MEDIUM,Strait passage alternatives,2a735e9fb1a547c110a52b39700f925b
"""두차례 폭발음, 물기둥 솟구쳐""…나무호, 7일 새벽 두바이항 도착",,Korean,DISRUPTION,LOGISTICS,Dubai,Cargo vessel Nabu arrives at Dubai port after experiencing two explosions and water jets on the route.,4,Caution,[],D4_운송,HIGH,Hormuz vessel attack,72852f0c899487bb019d73960388f3c7
"국민의힘 김건 ""정부, 호르무즈 우리 선박 사고에 항의도 안 해…외통위...",,Korean,THREAT,ROUTE,Hormuz,Korean ruling party politician criticizes government for not protesting Iranian incident involving Korean vessel in Hormuz Strait,7,Warning,"[""CP_Hormuz""]",D4_운송,HIGH,Hormuz incident response,6fcf9984963eae88700b50a37855a668
"호르무즈 화재 韓선박, 피격 흔적 없어…정부, 원인규명 나서",,Korean,DOMESTIC_IMPACT,,Hormuz,"A Korean vessel caught fire in the Hormuz region; government investigation underway to determine cause, with no evidence of attack found.",5,Caution,[],D4_운송,HIGH,Hormuz vessel incident,7af3eee1ce8f05ae39caa5694cb99ec8
호르무즈 화재선박 곧 예인…“배에 물새거나 금간 상태 아니다”,,Korean,IRRELEVANT,,Hormuz,A fire-damaged vessel in the Hormuz region is being towed; hull integrity is intact with no leaking or structural cracks reported.,0,Normal,"[""CP_Hormuz""]",D4_운송,HIGH,Hormuz fire vessel,45ed862bdccdfa01f6855015b7c78acb
"호르무즈 화재 HMM 선박, 두바이로 이동…정부 합동 조사 착수",,Korean,DOMESTIC_IMPACT,,Dubai,HMM vessel involved in Hormuz fire incident being relocated to Dubai; South Korean government launching joint investigation,6,Warning,"[""KC_HMM""]",D4_운송,HIGH,HMM Hormuz incident,a7f4c9a54ef02aa9648955fcf8290d34
호르무즈 긴장 속 HMM 상황실 '비상'…철통 보안 속 대응,,Korean,THREAT,ROUTE,Hormuz,HMM's crisis response center activated due to tensions in the Strait of Hormuz under heightened security protocols,8,Crisis,"[""CP_Hormuz"", ""KC_HMM""]",D4_운송,HIGH,HMM Crisis Response,7448298cdfc23bd91562537b382d5d40
"미 국방 ""한국 더 나서주길""... 호르무즈 해방 작전 참여 촉구",,Korean,THREAT,ROUTE,Hormuz,US Defense Department urges Korea to increase participation in Hormuz Strait liberation operation,7,Warning,"[""CP_Hormuz""]",D4_운송,HIGH,Hormuz Operation,894d8a2ee8a9361a434a50be70e1882d
트럼프 “한국 화물선 혼자 행동하다 공격당해”,,Korean,THREAT,ROUTE,,Trump claims Korean cargo ship was attacked while operating independently,4,Caution,[],D4_운송,MEDIUM,Korean vessel attack,631df18bc2647751f8b86d2ac1d78077
유류할증료 폭탄에 날개 접는 LCC,,Korean,DOMESTIC_IMPACT,,,Low-cost carriers facing financial pressure due to fuel surcharge increases,2,Normal,[],D4_운송,MEDIUM,Fuel surcharge impact,daf319e5b2759e7e5c08c7649c43b22c
'고유가' 포항~울릉 화물선 주 2회로…섬 주민 생활 물류 비상,,Korean,DOMESTIC_IMPACT,,South Korea,"High oil prices reduce cargo ship frequency between Pohang and Ulleung Island to twice weekly, causing logistics emergency for island residents.",5,Caution,[],D4_운송,MEDIUM,Island logistics disruption,a5dc1653ddce994817bbc0ffebebf416
고유가에 포항∼울릉 화물선 운항 축소…해운사별 주3회→주2회,,Korean,DOMESTIC_IMPACT,,South Korea,Shipping service between Pohang and Ulleung Island reduced from 3 times per week to 2 times per week due to high fuel costs.,3,Normal,[],D4_운송,MEDIUM,Shipping route reduction,fcd6e9b30c40db0460d694d4778a6d99
"[르포] 유가 폭등 직격탄 맞은 울릉, 공항 조성·화물 수송 연쇄 타격",,Korean,DOMESTIC_IMPACT,,"Ulleung Island, South Korea","Rising oil prices directly impact Ulleung Island, disrupting airport development and cargo transportation",4,Caution,[],D4_운송,MEDIUM,Oil price impact,08392a3c5ca27f352d0238bf085b4764
"화재 HMM 선박 ‘나무호’, 7~8일 두바이 예인",,Korean,DISRUPTION,LOGISTICS,Dubai,"HMM vessel 'Namu' affected by fire, scheduled for towing to Dubai in 7-8 days",6,Warning,"[""KC_HMM""]",D4_운송,MEDIUM,Vessel fire incident,cf2cff1c0177868f28289822a9b6324d
HMM '나무호' 7일 밤 두바이 도착,,Korean,IRRELEVANT,,UAE,HMM's vessel 'Namuho' arriving in Dubai on the evening of the 7th,0,Normal,"[""KC_HMM""]",D4_운송,MEDIUM,HMM vessel arrival,60cd9cf7fbcda682edfd4ba5ba9f0bc3
"HMM 사고 선박 기관실 왜 못 들어가나…""질식사고 위험""",,Korean,DOMESTIC_IMPACT,,,HMM vessel accident: engine room inaccessible due to suffocation hazard risk,3,Normal,"[""KC_HMM""]",D4_운송,MEDIUM,HMM vessel accident,4609661f6bc6c3d1bf67294f9b8f37fb
원·달러 환율 1440원 아래로…이란 전쟁 이전 수준으로,,Korean,IRRELEVANT,,,"Korean won-dollar exchange rate falls below 1,440 won per dollar, returning to pre-Iran war levels",0,Normal,[],D5_시장지표,MEDIUM,KRW exchange rate,75b232961c24677df411d4c6f810a5ae
"중동發 포장재 中企 흔들…노용석 차관, 공급망 애로 점검",,Korean,DOMESTIC_IMPACT,,"Middle East, China",Deputy Minister Noh Yong-seok inspects supply chain difficulties caused by disruptions in packaging materials from Middle Eastern sources and Chinese enterprises.,5,Caution,[],D5_시장지표,MEDIUM,Middle East packaging supply,b1cbdc9dbf4f9855423938048abe561b
"[亞환시] 달러지수, 美·이란 간 합의 근접 소식에 하락",,Korean,IRRELEVANT,,,Dollar index declines following news of proximity to US-Iran agreement,0,Normal,[],D5_시장지표,MEDIUM,US-Iran negotiations,68df39f4b55543189e51a3e50228221c
"노용석 중기 1차관 ""중동 리스크 대응, 정책자금 신속 지원""",,Korean,DOMESTIC_IMPACT,,,Korea's Deputy Minister for SMEs announces rapid policy financial support in response to Middle East risks,3,Normal,[],D5_시장지표,MEDIUM,Middle East risk,d8ea0f2d344ae63fbd50874e3ffeaa4e
"트럼프 ""이란 전쟁 끝날 가능성 매우 높아""",,Korean,THREAT,ROUTE,Iran,Trump states that the possibility of ending the war with Iran is very high.,6,Warning,[],D5_시장지표,MEDIUM,Iran-US tensions,d250d7762ff85aedc3c0e20ca0e1fb4d
"이란 외무부 ""美 제안 검토 중…악시오스 보도, 여론몰이""(종합)",,Korean,IRRELEVANT,,,Iran's Foreign Ministry states it is reviewing US proposals and dismisses Axios reporting as opinion-swaying.,0,Normal,[],D5_시장지표,MEDIUM,Iran-US diplomacy,e04253dc8c6182efe84c819c9fb7810c
세탁비·엔진오일까지…일상 덮친 ‘워플레이션’ 언제까지?,,Korean,IRRELEVANT,,,"Headline reports on 'flation' (inflation/deflation) affecting everyday costs including laundry services and engine oil, questioning how long this economic trend will persist.",0,Normal,[],D5_시장지표,MEDIUM,Oil price inflation,4a4f72a10f0595ab9f0384d580516f40
무서운 장바구니 물가…가정의 달 할인 행사 추진,,Korean,IRRELEVANT,,,Article reports on rising household grocery prices and announces discount promotions for May holiday shopping.,0,Normal,[],D5_시장지표,MEDIUM,Commodity price surge,6b0be88f96f94b4dfb6d8db8d2c5dd90
기름값 뛰자 물가도 '껑충'...소비자물가 21개월 만에 최고,,Korean,DOMESTIC_IMPACT,,,"Oil prices rise sharply, causing consumer prices to reach a 21-month high in Korea",3,Normal,[],D5_시장지표,MEDIUM,Oil-driven inflation,ebbf655617e29ffd36a6af0b68b16e26
"한국은행, 금리 인상기 진입 가능성 시사",,Korean,IRRELEVANT,,,Bank of Korea signals possible entry into interest rate hiking cycle,0,Normal,[],D5_시장지표,MEDIUM,Monetary policy response,1385b8968b06e4c887ed8a37a19d49fd
"금·은 급등, 국제유가 6%대 급락",,Korean,IRRELEVANT,,,Gold and silver prices surge sharply while international oil prices plunge by over 6%,0,Normal,[],D5_시장지표,MEDIUM,Oil price decline,8d9e82a1ccc9f9ec55095e7522b029b1
"점점 오르는 지역 물가, 기름값이 도화선",,Korean,IRRELEVANT,,,"Regional prices are rising, with oil prices serving as a trigger",0,Normal,[],D5_시장지표,MEDIUM,Oil price inflation,9607dd379acf0a3dcc97c69c38b44e18
"달러-원, 연장거래서 유가·DXY 급락에 20원 넘게 밀려…한때 1,442.50원",,Korean,IRRELEVANT,,,USD-KRW exchange rate weakened by over 20 won in extended trading due to sharp declines in oil prices and US dollar index,0,Normal,[],D5_시장지표,MEDIUM,KRW oil price impact,36e6616d4dd0e6e5e9a0d9a1a455d8be
중동전쟁에 4월 물가 2.6% 상승,,Korean,DOMESTIC_IMPACT,,Middle East,Middle East conflict has caused a 2.6% increase in April prices in Korea,5,Caution,[],D5_시장지표,MEDIUM,Middle East inflation,8614af7606b68369515a344ea78320f5
美-이란 종전 합의 임박 소식에 재건株·삼전닉스 ‘들썩’,,Korean,THREAT,SOURCE,Iran,Reports of imminent US-Iran ceasefire agreement causing market movement in reconstruction and semiconductor stocks,4,Caution,[],D5_시장지표,MEDIUM,Iran-US peace talks,b627d1c521ee3cb77df9f56b1509c2ff
울산 4월 소비자물가 2.9%↑…2년래 최대폭 상승,,Korean,IRRELEVANT,,,"Ulsan consumer prices rose 2.9% in April, marking the largest increase in two years.",0,Normal,[],D5_시장지표,MEDIUM,Oil-driven inflation,530ed48a733d63ecc13b442f9471e7dd
유가 급등세에 충청 물가상승률 3% 육박,,Korean,IRRELEVANT,,,Oil price surge causes consumer price inflation in Chungcheong region to approach 3%,0,Normal,[],D5_시장지표,MEDIUM,Oil price inflation,8bda453c1b2585f0d5ac42848f167b65
제주 소비자물가 2.6% 상승... 기름값·항공료 부담 커져,,Korean,IRRELEVANT,,Jeju,Jeju consumer prices rose 2.6% with increased burden from oil prices and airfares.,0,Normal,[],D5_시장지표,MEDIUM,Oil price impact,9eb435c4ffb5c50919a8774fee24489b
중소 수출기업 물류비 지원 2배 확대,,Korean,IRRELEVANT,,,South Korean government expands logistics cost support for small and medium-sized export enterprises by twofold,0,Normal,[],D5_시장지표,MEDIUM,Export logistics support,18f9fdc120e6a21744f27708de2c1849
고유가에 제주 물가 비상…2년 만에 최고,,Korean,DOMESTIC_IMPACT,,Jeju,"High oil prices cause emergency price surge in Jeju, reaching highest level in 2 years",2,Normal,[],D5_시장지표,MEDIUM,High oil prices,9f5060199d0f39a6b963e30aa09b77c1
"브렌트유 11% 급락, 배럴당 101달러",,Korean,IRRELEVANT,,,Brent crude oil price drops 11% to $101 per barrel,0,Normal,[],D5_시장지표,MEDIUM,Brent crude decline,170ee123fa0b4a21e91e41d6b8aa48ac
내일 5차 석유 최고가격제 결정…추진은 딜레마,,Korean,IRRELEVANT,,,Tomorrow's 5th oil price ceiling decision announcement; implementation in dilemma,0,Normal,[],D5_시장지표,MEDIUM,Oil price control,2b83b8d9c2c07cbfdd1d99c92f2d89bd
"'석유류 22%' 전쟁이 끌어올린 물가…한은 ""5월엔 더 뛴다""",,Korean,DOMESTIC_IMPACT,,,"Headline reports oil prices up 22% due to war, with Bank of Korea warning of further price increases expected in May",7,Warning,[],D5_시장지표,MEDIUM,Oil price inflation,712f8286d8dc662ea4a96350a21e9433
HMM 사고 선박 예인 시작 예정…이르면 7일 두바이 도착,,Korean,DOMESTIC_IMPACT,,Dubai,"HMM's damaged vessel is scheduled to begin towing, expected to arrive in Dubai by day 7.",6,Warning,"[""KC_HMM""]",D6_교란행위,HIGH,HMM vessel incident,e4c38524761940a08ec99ec0cf4a4b1b
"폭발 원인은 피격?…호르무즈 韓선박, 오늘 예인",,Korean,DOMESTIC_IMPACT,,Hormuz,Korean vessel in Hormuz Strait reportedly hit/targeted; scheduled for towing today,7,Warning,"[""CP_Hormuz""]",D6_교란행위,HIGH,Korean ship Hormuz attack,d6c424d1e463f8cc3f65a7fbf1492afd
"HMM, 화재 선박 예인선 확보…""이르면 7일 두바이 도착""",,Korean,DOMESTIC_IMPACT,,Dubai,HMM secures tugboat for fire-damaged vessel; expected to arrive in Dubai within 7 days,4,Caution,"[""KC_HMM""]",D6_교란행위,HIGH,HMM vessel fire response,b6312fe2b3955c180e68c512080ba9d0
"韓 선박 피격은 중대 사태, 이란 해명 듣고 신속 대응해야[사설]",,Korean,THREAT,ROUTE,Iran,Korean vessel was attacked; editorial calls for rapid response after hearing Iran's explanation,7,Warning,[],D6_교란행위,HIGH,Korean vessel attack,2cf52e5f29cd9dc83e8e1b1f13086eb2
"“주변 선박 들릴 만큼 큰 폭발음”…韓선박, 긴박했던 퇴선 순간",,Korean,DOMESTIC_IMPACT,,,A Korean vessel experienced a large explosion and urgent evacuation during an incident at sea.,2,Normal,[],D6_교란행위,HIGH,Korean vessel evacuation,d8e2e9cfb8674a3eb0952f6b3a2e7fcf
호르무즈 화재 선박서 ‘선체에 구멍난 흔적’ 없어…정밀조사 필요,,Korean,THREAT,ROUTE,Hormuz,Fire incident on vessel in Hormuz region; investigation underway to determine if hull damage occurred,6,Warning,"[""CP_Hormuz""]",D6_교란행위,HIGH,Vessel damage investigation,89f8d27f29c932953f6a5cb22445997f
"HMM, '호르무즈 폭발' 선박 위한 예인선 확보…""원인 규명 작업 돌입""",,Korean,DISRUPTION,LOGISTICS,Hormuz,HMM secures tugboat for vessel involved in Hormuz explosion; investigation into cause underway,7,Warning,"[""CP_Hormuz"", ""KC_HMM""]",D6_교란행위,HIGH,HMM vessel incident response,5e8d1b5fe3e31180be0af3fffc6da86b
"HMM ""예인선 확보 …두바이 도착은 내일 밤 이후""",,Korean,DOMESTIC_IMPACT,,Dubai,HMM vessel secured tugboat assistance; expected arrival in Dubai delayed until tomorrow evening or later,3,Normal,"[""KC_HMM""]",D6_교란행위,HIGH,HMM tug arrival update,2b5801b466a2a63e455b6abf81ef068d
"""주변 선박서 들릴 만큼 큰 폭발음…퇴선상황으로 판단""",,Korean,DISRUPTION,LOGISTICS,,Large explosion heard from nearby vessels; situation assessed as vessel evacuation,6,Warning,[],D6_교란행위,HIGH,Vessel explosion incident,5410a037528d443f0424beff37173fd6
호르무즈 화재 선박서 '파공'은 안 보여…정밀조사 필요,,Korean,DISRUPTION,LOGISTICS,Hormuz,Ship fire in Hormuz region shows no hull breach; detailed investigation required,6,Warning,"[""CP_Hormuz""]",D6_교란행위,HIGH,Vessel damage assessment,08d6c38de4c4361a63e0e9b407fdc7f2
"트럼프, 호르무즈 해협 '한국 화물선 이란 공격' 주장…""안전 우려""",,Korean,THREAT,ROUTE,Iran,Trump claims Iranian attack on Korean cargo ship in Hormuz Strait and expresses safety concerns,8,Crisis,[],D6_교란행위,HIGH,Korean vessel Hormuz,c51db8e83af15a0060c9ab09199fca48
"트럼프 이어 헤그세스도 ""한국, 호르무즈 작전 더 나서달라""",,Korean,THREAT,ROUTE,Iran/Hormuz,Trump and Hagotna call on Korea to increase its involvement in Hormuz operations,7,Warning,"[""CP_Hormuz""]",D6_교란행위,HIGH,Korea Hormuz operations,296923fc0d70c9f23efcd1a13598008d
"트럼프 ""호르무즈 한국 화물선 혼자 행동하다 공격당한 것""",,Korean,THREAT,ROUTE,Hormuz,Trump statement regarding Korean cargo ship being attacked while operating independently in Hormuz region,7,Warning,"[""CP_Hormuz""]",D6_교란행위,HIGH,Korean ship attack,62782e50fe690cf27ed31c2bac742286
[사설] 韓선박 폭발… 급박한 중동정세 속 안전확보가 최우선,,Korean,DOMESTIC_IMPACT,,Middle East,Korean vessel explosion reported amid escalating Middle East tensions; safety assurance prioritized,7,Warning,[],D6_교란행위,HIGH,Korean vessel security,c77259828b9231b1006f8e8123ea8dea
"미 국방장관, '해상 안보 작전' 참여 확대 촉구...한국 역할론 부각",,Korean,THREAT,ROUTE,,"US Defense Secretary urges expanded participation in maritime security operations, highlighting Korea's role",4,Caution,[],D6_교란행위,HIGH,Korea maritime security,9c11a67b13beed8868d6717ae9f99432
"트럼프 ""한국 화물선 혼자 행동하다 공격당한 것"" 주장",,Korean,THREAT,ROUTE,,Trump claims a Korean cargo vessel was attacked while operating independently,4,Caution,[],D6_교란행위,HIGH,Korean cargo attack,8084c24ee84b660ebdb009cdff824f82
"이란 ""호르무즈 사전 통행허가"" 새 통제 도입…美작전에 맞불",,Korean,THREAT,ROUTE,Iran,Iran introduces new transit control measures for Hormuz Strait passage in response to US operations,8,Crisis,"[""CP_Hormuz""]",D6_교란행위,HIGH,Hormuz transit control,c7ede561a27aeeb5ed612e62c7936be3
"아랍에미리트 ""이란, 또 공격해 방공망 대응""···이란 ""호르무즈에 새...",,Korean,THREAT,ROUTE,"Iran, UAE, Hormuz",UAE reports Iran conducted another attack and activated air defenses; Iran mentions new presence in Hormuz Strait.,8,Crisis,"[""CP_Hormuz""]",D6_교란행위,HIGH,Iran-UAE military tension,8ed2be2ec3a53f581c259f6cdcfa70a5
"이란 혁명수비대 ""호르무즈 지정 통로 이탈시 단호한 대응""",,Korean,THREAT,ROUTE,Iran,Iran's Revolutionary Guards threatens firm response against vessels deviating from designated Hormuz passage,8,Crisis,"[""CP_Hormuz""]",D6_교란행위,HIGH,Iran Hormuz Warning,97575e87844f46e068e12aeee95b2f91
"이란군, 무전으로 ""내 명령 복종 안 하면 파괴…더이상 경고 없다""",,Korean,THREAT,ROUTE,Iran,"Iranian military issues radio warning threatening destruction if orders are not obeyed, stating no further warnings will be given.",7,Warning,[],D6_교란행위,HIGH,Iran Military Threat,942c491cf6204dd5228e81b9cc33576a
美 ‘해방 프로젝트’ 이틀간 3척 통과…‘교착 상태 프로젝트’ 되나,,Korean,THREAT,ROUTE,United States,US 'Liberation Project' allows 3 vessels to pass in two days; project risks becoming a 'stalled project',6,Warning,[],D6_교란행위,HIGH,Hormuz Transit Passage,f94248fecd23546e8a8e7be946d99a8d
미·이란 '핵농축 유예·제재 해제' 양해각서 체결 임박(1보),,Korean,THREAT,SOURCE,Iran,US and Iran near agreement on nuclear enrichment moratorium and sanctions relief through memorandum of understanding,4,Caution,[],D6_교란행위,MEDIUM,Iran nuclear deal,f211fa9d3969b22a019ec12abf7b632e
"트럼프, 이란전쟁 및 해협봉쇄 끝낼 합의' 낙관…아직 조건부",,Korean,THREAT,ROUTE,Iran,"Trump expresses optimism about reaching an agreement to end Iran war and lift strait blockade, though conditions remain pending.",7,Warning,[],D6_교란행위,MEDIUM,Iran strait closure,98ce83f7c1de1fe4328e757305a95cc5
"[속보]트럼프 ""이란 합의 거부시 폭격 재개…합의하면 봉쇄해제""",,Korean,THREAT,ROUTE,Iran,Trump threatens to resume bombing if Iran rejects agreement; offers sanctions relief if Iran agrees,7,Warning,[],D6_교란행위,MEDIUM,Iran blockade threat,e3e7ba15fdec7de8d521733574c6b15d
"李대통령, 호르무즈 동향 보고에 신중론… 구체적 언급 자제",,Korean,THREAT,ROUTE,Hormuz,"South Korean President Lee takes cautious stance on Hormuz Strait developments, refrains from specific comments",6,Warning,"[""CP_Hormuz""]",D6_교란행위,MEDIUM,Hormuz geopolitics,722b2910accd8f3a4808896c5a40bfe6
"""외부충격"" 증언 잇따르지만… 정부는 ""조사 후 판단"" 신중론",,Korean,IRRELEVANT,,,Government officials testify about external shocks but the administration takes a cautious approach pending investigation.,0,Normal,[],D6_교란행위,MEDIUM,External impact assessment,8401729f5c171f3c8b4ea625b142d14b
호르무즈 동향 보고받은 이 대통령…구체적 언급은 자제,,Korean,THREAT,ROUTE,Hormuz,South Korean President receives briefing on Hormuz situation developments but refrains from making specific comments.,6,Warning,"[""CP_Hormuz""]",D6_교란행위,MEDIUM,Hormuz incident briefing,3b99254eb2064e2f6b00d1cff870a86c
국무회의서 호르무즈 동향 보고받은 李대통령…구체적 언급 자제,,Korean,THREAT,ROUTE,Hormuz,South Korean President Lee receives briefing on Hormuz Strait developments at cabinet meeting; refrains from specific public comments,7,Warning,"[""CP_Hormuz""]",D6_교란행위,MEDIUM,Hormuz incident briefing,7e0515abd5257c3d0bf5ae6a0a0bf667
“걸프 지역 정박 프랑스 화물선 피격…승무원 다수 부상”,,Korean,THREAT,ROUTE,Gulf Region,"French cargo ship in Gulf region attacked, multiple crew members injured",6,Warning,[],D6_교란행위,MEDIUM,Gulf region vessel attack,6c62b6233344c345b48af2556c8c5e79
"미 CBS ""프랑스 소유 선박 피격...필리핀 승무원 여러 명 부상""",,Korean,THREAT,ROUTE,Philippines,French-owned vessel attacked with multiple Philippine crew members injured,5,Caution,[],D6_교란행위,MEDIUM,Ship attack Hormuz,8c5a2a5aa43325a2a56e4c546982849e
"미국과 진짜 해보자는 것? 이란, 美 구축함 향해 미사일 ‘펑펑’ 영상...",,Korean,THREAT,ROUTE,Iran,"Iran launches missile strikes against US destroyer, escalating military tensions.",7,Warning,[],D6_교란행위,MEDIUM,Iran missile strike,6439c86f40efc84c2acd2500e436d50b
"HMM노조위원장 ""나무호 구멍나지도 침수되지도 않아…예인선 수배 중""",,Korean,DOMESTIC_IMPACT,,,"HMM union chairman states that the Namu Ho vessel has not suffered hull damage or flooding, and towing vessels are being arranged.",2,Normal,[],D6_교란행위,MEDIUM,HMM vessel incident,ca956442954f5bd827a3ddd351daf5c2
"CBS “美구축함 2척, 이란 공격 뚫고 호르무즈해협 통과”",,Korean,THREAT,ROUTE,Iran / Hormuz Strait,US destroyers pass through Hormuz Strait after Iranian attack attempt,7,Warning,"[""CP_Hormuz""]",D6_교란행위,MEDIUM,Hormuz strait passage,ca2f08623097cb210c32f111ffc72beb
"[뉴스특보] 美, 한국 역할 확대 촉구…정부 '신중 모드'",,Korean,IRRELEVANT,,,US urges expanded Korean role; Korean government adopts cautious stance,0,Normal,[],D6_교란행위,MEDIUM,Korea diplomatic response,24483c5a1bed94d6df83c327015890bb
"美국무 ""對이란 군사작전 종료…이제는 '해방 프로젝트'에 총력""",,Korean,THREAT,ROUTE,Iran,US State Department announces end of military operations against Iran and shifts focus to 'liberation project',6,Warning,[],D6_교란행위,MEDIUM,US military operations,cc15c81c3b2021c61d03179365cc4abc
"경기도, '중동 불안·관세 충격 대응' 2246억 수출 지원 펀드 조성",,Korean,DOMESTIC_IMPACT,,"Gyeonggi Province, Korea",Gyeonggi Province establishes a 224.6 billion won export support fund to respond to Middle East instability and tariff impacts,3,Normal,[],D6_교란행위,MEDIUM,Middle East risk response,2a1914dfab8972a16abca6b1d7d65f74
중동전쟁 여파…4월 소비자물가 2.6% 상승,,Korean,DOMESTIC_IMPACT,,Middle East,Consumer price index rises 2.6% in April following Middle East conflict fallout,5,Caution,[],D6_교란행위,MEDIUM,Middle East war inflation,934c2bbf93b1b7103e2034b7aef17b28
[헤지펀드 시타델 켄 그리핀 CEO] 이란전·고유가에도 미국 경제는 견고,,Korean,IRRELEVANT,,,Citadel CEO Ken Griffin states that US economy remains resilient despite Iran tensions and high oil prices,0,Normal,[],D6_교란행위,MEDIUM,Iran-US tensions,1260a460ece529dffc69279b83915828
피격? 내부 결함?…그날 ‘나무호’에 무슨 일이,,Korean,IRRELEVANT,,,"Headline questions whether a vessel named 'Namumho' was struck or suffered internal defects on an unspecified date, without context or details about supply chain impact.",0,Normal,[],D7_행위자,HIGH,Namu ship incident,ad9c5de03dda19fb0fb13da4a153e903
Ocean tug heads to damaged cargo ship Namu; Iran refuses to yield over Ho...,,Korean,IRRELEVANT,,,Ocean tug dispatched to assist damaged cargo ship Namu; Iran refuses to yield on unspecified issue,0,Normal,[],D7_행위자,HIGH,Hormuz cargo ship,4874cd4a22c7a6a4d1acb80ef27b0952
ホルムズでの韓国船火災 「イラン軍は関与していない」＝在韓同国大使...,,Korean,THREAT,ROUTE,Hormuz,Korean vessel fire incident in Hormuz; Iranian military denies involvement according to Iran's ambassador to Korea,7,Warning,"[""CP_Hormuz""]",D7_행위자,HIGH,Hormuz ship fire,c8b5748211e7b2ef0757b8e0aae963b2
韓国 ホルムズ待避支援の参加「検討不要に」＝貨物船火災は「攻撃との...,,Korean,THREAT,ROUTE,Hormuz,South Korea reconsiders participation in Hormuz Strait escort support mission; cargo ship fire incident evaluated in context of potential attacks,7,Warning,"[""CP_Hormuz""]",D7_행위자,HIGH,Hormuz incident,32ce4909720f07fb22ff7537f90c92d9
Iran denies involvement in explosion on S. Korean vessel in Strait of Hor...,,Korean,THREAT,ROUTE,Strait of Hormuz,Iran denies involvement in explosion on South Korean vessel in Strait of Hormuz,7,Warning,"[""VT_Reefer"", ""KC_KoreanAir""]",D7_행위자,HIGH,Vessel attack Hormuz,408b15cc4248ba323980a1f96497421b
"이란 ""호르무즈 지정 항로 벗어나면 군사 대응""…통제 강화",,Korean,THREAT,ROUTE,Iran,Iran threatens military response against vessels deviating from designated Hormuz Strait shipping lane and strengthens control measures,8,Crisis,"[""CP_Hormuz""]",D7_행위자,HIGH,Hormuz strait control,fed6acbbfd3a37a751668674d7eb9339
"이란 혁명수비대 ""지정 호르무즈 항로 이탈 선박 단호히 대응""",,Korean,THREAT,ROUTE,Iran,Iranian Revolutionary Guard Corps warns of firm response against vessels deviating from designated Hormuz Strait shipping lanes,8,Crisis,[],D7_행위자,HIGH,Hormuz military response,7cb67c61c7ca709d364c9b0b6afe9328
No more need for Korea to mull 'Project Freedom' after Trump suspended it...,,Korean,IRRELEVANT,,,Article reports that Korea no longer needs to consider 'Project Freedom' following Trump's suspension of the initiative.,0,Normal,"[""KC_KAI""]",D7_행위자,MEDIUM,Project Freedom suspension,7b161997dd2440dbfa5a89c870b85b08
"Seoul shelves Project Freedom, keeps other Hormuz initiatives on table",,Korean,THREAT,ROUTE,Iran/Hormuz,Seoul cancels Project Freedom initiative but maintains other Hormuz-related security measures,5,Caution,"[""CP_Hormuz""]",D7_행위자,MEDIUM,Hormuz initiatives policy,23512d92b5447fbfd36a0bf0406b5d5b
중동 사태 ‘석유류 인상’…전북 소비자물가 3% 상승,,Korean,DOMESTIC_IMPACT,,Jeonbuk (전북),Middle East situation causes oil price increase; Jeonbuk consumer prices rise 3%,5,Caution,[],D8_수산물,MEDIUM,Oil price impact,3938556067e027269e82499011a9cd67
중동사태 여파 제주 소비자물가 2.6%↑,,Korean,DOMESTIC_IMPACT,,Jeju,Consumer prices in Jeju increased by 2.6% due to Middle East situation fallout,3,Normal,[],D9_한국,MEDIUM,Middle East inflation impact,69c0e4fb5731ed524e8680b248395d67
[주요 단신] 중동사태 여파 제주 소비자물가 2.6%↑ 외,,Korean,DOMESTIC_IMPACT,,Jeju,Jeju consumer prices increased 2.6% due to Middle East situation fallout,3,Normal,[],D9_한국,MEDIUM,Middle East crisis impact,0af74f0ef1d61c0e45e003b0349e5d23
"미국 경제성장 동력은 AI 투자와 소비 회복, BofA ""이란 전쟁이 둘 다 위...",,Korean,IRRELEVANT,,,"BofA analysis of US economic growth driven by AI investment and consumer recovery, noting Iran war as a downside risk",0,Normal,[],D9_한국,MEDIUM,Iran war economic impact,edff299cacefdf9df90bd2a2d077a984
걸프국 이주노동자 ‘더 가혹한 이란 전쟁’,,Korean,IRRELEVANT,,,Gulf migrant workers face increasingly severe conditions amid Iran conflict tensions,0,Normal,[],D9_한국,MEDIUM,Iran geopolitical risk,4fc05ae75c82e844dda590bdfc30093f
중동전쟁 중소기업 피해 756건‥물류비 상승·계약 취소,,Korean,DOMESTIC_IMPACT,,Middle East,756 Korean SMEs report damages from Middle East conflict including logistics cost increases and contract cancellations,6,Warning,[],D9_한국,MEDIUM,Middle East war logistics impact,c9f4d62bafc97989f7a2477d7880aa03
"""롯데칠성, 1분기 실적은 시장기대치 상회…중동 전쟁 이슈는 불확실성...",,Korean,DOMESTIC_IMPACT,,,"Lotte Chilsung exceeded market expectations in Q1 earnings, but Middle East conflict presents uncertainty.",2,Normal,[],D9_한국,MEDIUM,Middle East war uncertainty,8e3c9b0fac67a62baf41e584155da4d9
"""롯데칠성, 원재료 수급 의존도가 큰 해외법인의 이익 불확실성 크다""",,Korean,DOMESTIC_IMPACT,,,Lotte Chilsung reports high uncertainty in overseas subsidiary profits due to heavy dependence on raw material supply,3,Normal,[],D9_한국,MEDIUM,Overseas supply uncertainty,b1834f04e5ec1079f0e63f49a3949d0f
"구윤철, 성장률 2.0% ""어떻게든 달성""…고유가 지속 시 석유 최고가격제...",,Korean,IRRELEVANT,,,Korean government official states commitment to achieving 2.0% economic growth rate and discusses potential oil price ceiling policy if high oil prices persist.,0,Normal,[],D9_한국,MEDIUM,Oil price policy,677d46520977b05f5f7c63fa7aaf9738
“항공유 비축분 6주도 안남았다”…항공사 운항중단-LCC 폐업까지,,Korean,DOMESTIC_IMPACT,,,"Korean airlines face aviation fuel shortage with only 6 weeks of reserves remaining, leading to flight suspensions and potential LCC bankruptcies.",7,Warning,[],D9_한국,MEDIUM,Aviation fuel shortage,e8316f4b5e1f89369074a74d168a9d9e
'호르무즈 우회' 홍해 통과 첫 韓유조선 여수 도착,,Korean,DOMESTIC_IMPACT,,South Korea,"First Korean tanker successfully arrives in Yeosu after transiting Red Sea, avoiding Hormuz Strait route",2,Normal,[],D1_초크포인트,HIGH,Korean tanker arrival,bd513bfb1248c366255d4b88ed810ae7
'호르무즈 우회' 첫 한국 유조선 여수 입항,,Korean,DOMESTIC_IMPACT,,South Korea,First Korean tanker successfully enters Yeosu port after Hormuz bypass route navigation,3,Normal,[],D1_초크포인트,HIGH,Korean tanker arrival,bd065358be41a5e918372ef3145c1ba7
봉쇄된 호르무즈 대신 홍해를 뚫었던 첫 韓유조선 7일 여수항 도착,,Korean,DOMESTIC_IMPACT,,Yeosu,First Korean tanker that bypassed Strait of Hormuz via Red Sea arrives at Yeosu Port after 7 days,6,Warning,"[""KP_Yeosu""]",D1_초크포인트,HIGH,Korean tanker arrival,ef594d275410e626bdd072a714478926
"산업부 ""5~7월 원유 확보율 80% 이상...나프타는 90% 수준""",,Korean,DOMESTIC_IMPACT,,,South Korea's Industry Ministry reports crude oil procurement rate of 80% or higher for May-July and naphtha at approximately 90% level,1,Normal,"[""CF_CrudeOil""]",D1_초크포인트,HIGH,Oil supply security,336f6712c81acdb730cb8c9ebc17cf5a
[속보]홍해 통과한 한국 유조선 여수 도착…200만 배럴 단비,,Korean,DOMESTIC_IMPACT,,Red Sea,Korean tanker successfully transited Red Sea and arrived in Yeongsu with 2 million barrels of crude oil,2,Normal,[],D1_초크포인트,HIGH,Korean tanker arrival,84fbde4cb47758b205b95a4abe17f31c
호르무즈 봉쇄 후 첫 한국 유조선 여수 도착...홍해로 우회,,Korean,DOMESTIC_IMPACT,,Hormuz Strait / Red Sea,First Korean tanker arrives in Yeosу after Hormuz blockade; vessel took Red Sea detour route,6,Warning,[],D1_초크포인트,HIGH,Korean tanker arrival,be07a8834df8d86cc42136ec15a444f9
"호르무즈 봉쇄 속 첫 韓유조선, 홍해 뚫고 200만배럴 여수 도착",,Korean,DOMESTIC_IMPACT,,"Red Sea, Hormuz Strait",First Korean tanker carrying 2 million barrels of oil arrives in Yeosu despite Hormuz Strait blockade and Red Sea transit risks.,7,Warning,[],D1_초크포인트,HIGH,Korean tanker arrival,446f77a969fcae031171307a5e0d4df6
호르무즈 우회 첫 한국 유조선 여수 도착…홍해 경유 원유 운송 시작,,Korean,DOMESTIC_IMPACT,,South Korea,"First Korean tanker carrying crude oil via Red Sea route (bypassing Hormuz) arrives at Yeosu port, marking start of crude oil transport through alternative route",6,Warning,"[""CF_CrudeOil""]",D1_초크포인트,HIGH,Korean tanker Hormuz bypass,ca4966d4fe31ad1c91b270b92289e31f
"[투나잇이슈] 화재 선박 '나무호' 예인 시작…靑 ""조사 우선""",,Korean,IRRELEVANT,,,Fire-damaged vessel 'Namu' begins being towed; government prioritizes investigation.,0,Normal,[],D1_초크포인트,HIGH,HMM vessel fire incident,18947f8cae6f0c178bfc773c1db74e21
'HMM 나무호' 예인 시작…두바이서 원인 조사,,Korean,DISRUPTION,LOGISTICS,Dubai,HMM vessel 'Namu Ho' begins towing operations; cause investigation underway in Dubai,6,Warning,"[""KC_HMM""]",D1_초크포인트,HIGH,HMM Namu vessel towing,ca774056bbb3e5d42e285f7386fd8a78
"홍해 통과한 첫 韓유조선, 원유 200만 배럴 싣고 여수 도착",,Korean,DOMESTIC_IMPACT,,,First Korean tanker carrying 2 million barrels of crude oil passes through Red Sea and arrives at Yeosŏ port,3,Normal,"[""CF_CrudeOil""]",D1_초크포인트,HIGH,Korean tanker Red Sea route,e95c6caa5356650f85fd6b17528f221b
'호르무즈 우회' 첫 한국 유조선 여수 입항…홍해 거쳐 원유 운송,,Korean,DOMESTIC_IMPACT,,South Korea (Yeosu),First Korean oil tanker circumventing Hormuz Strait arrives at Yeosu port after transporting crude oil through Red Sea route,6,Warning,"[""CF_CrudeOil""]",D1_초크포인트,HIGH,Korean tanker Yeosu arrival,e65df6696a2f8dc7e82e89a1a00f0cb0
"홍해 우회 첫 韓 유조선, 원유 200만배럴 싣고 여수 도착",,Korean,DOMESTIC_IMPACT,,,First Korean tanker avoiding Red Sea completed voyage with 2 million barrels of crude oil to Yeosu port,3,Normal,"[""CF_CrudeOil""]",D1_초크포인트,HIGH,Korean tanker oil delivery,7d5e3e5222435475f09b46c646dcab90
"울산항만공사, 호르무즈 체류 선박에 선용품 지급",,Korean,DOMESTIC_IMPACT,,Hormuz,Ulsan Port Authority provides supplies to vessels stranded at Hormuz Strait,5,Caution,[],D1_초크포인트,HIGH,Ulsan port Hormuz support,a99ba8afe985a34ea440a9d09d32c8bc
"한국 유조선, 마침내 여수 도착…‘호르무즈 우회’ 홍해 통과",,Korean,DOMESTIC_IMPACT,,여수,Korean tanker successfully arrives at Yeosু after navigating Red Sea route avoiding Hormuz Strait,2,Normal,[],D1_초크포인트,HIGH,Korean tanker Red Sea passage,79a85cc0638be3ceacdd01a173d96853
‘호르무즈 봉쇄’ 뚫은 첫 한국 유조선 여수 도착,,Korean,DOMESTIC_IMPACT,,,First Korean tanker successfully arrives in Yeosу after breaking through Hormuz blockade,6,Warning,[],D1_초크포인트,HIGH,Korean tanker Hormuz breakthrough,fa8d062bd638270b0eecabf8bf3fc49d
호르무즈 봉쇄 후 첫 한국 유조선 여수 도착···홍해로 우회해 빠져나...,,Korean,DOMESTIC_IMPACT,,Hormuz Strait / Red Sea,"First Korean tanker arrives in Yeosu after Hormuz closure, having detoured through Red Sea to avoid disruption",7,Warning,[],D1_초크포인트,HIGH,Korean tanker Hormuz bypass,fa40ff6224211fb8994db593ce9b9585
"호르무즈 막히자 홍해 뚫은 韓 유조선, 여수 도착",,Korean,DOMESTIC_IMPACT,,,Korean tanker ship that bypassed Hormuz Strait arrives at Yeosu port,5,Caution,[],D1_초크포인트,HIGH,Korean tanker Red Sea route,eed955f187b6485020d531999aae8c12
'호르무즈 우회' 첫 한국 유조선 도착…여수 원유 부두로,,Korean,DOMESTIC_IMPACT,,,First Korean tanker arrives at Yeosu crude oil terminal after bypassing Hormuz route.,6,Warning,"[""CF_CrudeOil""]",D1_초크포인트,HIGH,Korean tanker arrival Yeosu,075bef1b6725b8c8c84d0f5cb26bb45c
홍해 우회 유조선 여수 입항…호르무즈 봉쇄 후 첫 사례,,Korean,DISRUPTION,ROUTE,"Red Sea, Hormuz Strait",Tanker bypassing Red Sea route arrives at Yeongsu port for first time since Hormuz Strait closure,7,Warning,"[""CP_Hormuz""]",D1_초크포인트,HIGH,Korean tanker Red Sea bypass,9a30eff754a2ebfb7a9248745e994d24
"UPA, 호르무즈 해협 장기대기 선박에 선용품 긴급 지원",,Korean,DISRUPTION,LOGISTICS,Hormuz Strait,UPA provides emergency supplies to vessels experiencing prolonged waiting at Hormuz Strait,7,Warning,"[""CP_Hormuz""]",D1_초크포인트,HIGH,Hormuz waiting vessels support,2f60e1b3f2e94b2d9c0ab8b625dce818
호르무즈 봉쇄 여파…홍해 우회 첫 한국 유조선 여수 도착,,Korean,DOMESTIC_IMPACT,,,First Korean tanker that bypassed Hormuz arrives at Yeosu port following Hormuz strait disruption effects,6,Warning,[],D1_초크포인트,HIGH,Korean tanker Hormuz bypass,89ed4cf474dce0235fc02460e834158c
'호르무즈 우회' 홍해 통과한 첫 한국 유조선 여수 도착,,Korean,DOMESTIC_IMPACT,,South Korea,First Korean tanker to transit Red Sea via Hormuz bypass route arrives at Yesu port,2,Normal,[],D1_초크포인트,HIGH,Korean tanker Red Sea passage,2912ea3bcc7f4553a4edee02da931de8
'호르무즈 우회' 홍해 통과한 '첫 번째 한국 유조선' 여수 도착,,Korean,DOMESTIC_IMPACT,,"여수 (Yeosu), Korea",First Korean tanker to transit Red Sea and bypass Hormuz arrives at Yeosu port,3,Normal,[],D1_초크포인트,HIGH,Korean tanker Red Sea route,8690ac8cd6896ce2dd126b64b1750836
홍해 우회 원유선 여수 입항…호르무즈 봉쇄 이후 첫 사례,,Korean,DISRUPTION,ROUTE,Red Sea / Hormuz Strait,An oil tanker that circumnavigated the Red Sea arrived at Yeosu port—the first such case since the Hormuz Strait blockade.,7,Warning,"[""CP_Hormuz""]",D1_초크포인트,HIGH,Korean tanker Hormuz bypass,e883edabb7694dc6e92e8b8f0d8aca24
홍해 통과한 '200만 배럴' 국내 첫 유조선…오늘 韓 도착했다,,Korean,DOMESTIC_IMPACT,,Red Sea,First Korean tanker carrying 2 million barrels transited Red Sea and arrived in Korea,2,Normal,[],D1_초크포인트,HIGH,Red Sea tanker arrival,6f97e878f0ea0ad997432e5f48873ba5
"트럼프 ""방중 전 이란과 종전 타결 자신…불발 땐 공격""(종합)",,Korean,THREAT,ROUTE,Iran,"Trump expresses confidence in reaching ceasefire with Iran before China visit, warns of military attack if negotiations fail",7,Warning,[],D1_초크포인트,HIGH,Iran nuclear deal,1b55fa121b75dd7625b15d573c716cbf
종전 분위기 나지만 안심하긴 이르다…봉쇄 뚫으려는 이란 유조선에 기...,,Korean,THREAT,ROUTE,Iran,Iran attempting to breach blockade with tanker ships amid reduced tensions,7,Warning,[],D1_초크포인트,HIGH,Iran tanker blockade,9b62ab06efe277b43baf4da34ed62817
"관세청, 중동사태 종료 전까지 수입통관·하역 절차 간소화",,Korean,DOMESTIC_IMPACT,,,Korea's Customs Service simplifies import clearance and unloading procedures until the Middle East crisis ends,2,Normal,[],D1_초크포인트,HIGH,Korea customs relief,8fb464b7ee083d23fe9ddacc9d87eba0
"트럼프 “이란, 핵 포기 동의”…‘일주일 내 협상 타결’도 시사",,Korean,THREAT,SOURCE,Iran,Trump signals Iran's agreement to abandon nuclear program with potential deal within one week,5,Caution,[],D1_초크포인트,HIGH,Iran nuclear agreement,e3fb5c486a2acaceb192213ba5f14ae8
"트럼프 “이란, 핵무기 포기 동의…미국이 농축우라늄 확보할 것”",,Korean,THREAT,SOURCE,Iran,Trump claims Iran agreed to abandon nuclear weapons in exchange for US securing enriched uranium.,3,Normal,[],D1_초크포인트,HIGH,Iran nuclear deal,0a784be74ec6e9a2474406ca9e3a36ac
"한화토탈, 리비아산 원유 다시 들여왔다…'10년 공백' 깨졌다",,Korean,DOMESTIC_IMPACT,,Libya,Hanwha Total resumes Libyan crude oil imports after a 10-year gap,3,Normal,"[""CF_CrudeOil""]",D1_초크포인트,HIGH,Libya crude oil import resumption,85518de87e9b6aa381349aa82cbb511f
"이란 국영 매체 ""한국 선박 겨냥해 물리적 행동""…이란 대사관 ""공식 입...",,Korean,THREAT,ROUTE,Iran,Iranian state media reports potential physical action targeting Korean vessels; Iranian embassy issues official statement,7,Warning,[],D1_초크포인트,HIGH,Iran threatens Korean vessels,661fc3377b6b407ecf916b54b0a87024
이란 측 “韓선박 공격 안했다”…‘시진핑 의식’ 트럼프는 합의 벼락...,,Korean,THREAT,ROUTE,Iran,Iran denies attacking Korean vessel; Trump considers agreement amid Xi Jinping considerations,6,Warning,[],D1_초크포인트,MEDIUM,Iran denial,9431eb34c8dfad0375994a007f4ab987
"트럼프 ‘프로젝트 프리덤’ 35시간만에 중단 이유, 사우디 반발 때문",,Korean,IRRELEVANT,,,Trump's Project Freedom halted after 35 hours due to Saudi Arabia's opposition.,0,Normal,[],D1_초크포인트,MEDIUM,Trump Saudi policy,6d4ce18581e749b445f82f31baf8e0f1
"산업통상부, 5차 석유최고가격 동결…리터당 휘발유 1934원·경유 1923원",,Korean,IRRELEVANT,,,"South Korea's Ministry of Trade, Industry and Energy freezes fuel price controls for the fifth time, with gasoline at 1934 won/liter and diesel at 1923 won/liter.",0,Normal,[],D1_초크포인트,MEDIUM,Fuel price control,4a887bac22932f86f6c75293d757fb09
[자정 뉴스브리핑] 호르무즈 해협서 선박 1척 미사일 공격 보도 外,,Korean,THREAT,ROUTE,Strait of Hormuz,One vessel reported to have been attacked by missile in the Strait of Hormuz,8,Crisis,"[""CP_Hormuz""]",D1_초크포인트,MEDIUM,Hormuz missile attack,bf4f9c39360715d1ecff80b838d22268
"씨티 ""미·이란 합의 전까지 유가 급등락 지속""",,Korean,THREAT,SOURCE,"US, Iran",Citi predicts oil price volatility will persist until US-Iran agreement is reached,6,Warning,[],D1_초크포인트,MEDIUM,Oil price volatility,bd5005f841c4cdb69653fe0e1f16e922
"김석기 외통위원장 “이란 의회 외교위원장 ‘韓화물선 화재, 이란 공격...",,Korean,THREAT,ROUTE,Iran,Iranian parliamentary foreign affairs committee chair claims Korean cargo ship fire was result of Iranian attack,7,Warning,[],D1_초크포인트,MEDIUM,Iran ship attack,aae70faf1f6a0d621f0960374b14698f
이란 국영매체 “해상 규제 위반해 표적돼”…나무호 공격 인정?,,Korean,THREAT,ROUTE,Iran,"Iranian state media claims the Namu (Namou) vessel was targeted for violating maritime regulations, implying acknowledgment of the attack.",7,Warning,[],D1_초크포인트,MEDIUM,Iran attack admission,445a0e32b803eeaa4081fa1a335b728a
미국-이란 '원유 동맥' 쟁탈전...호르무즈의 동상이몽,,Korean,THREAT,ROUTE,"Iran, United States",US-Iran conflict over crude oil transit route; competition for control of Hormuz Strait with divergent interests,8,Crisis,"[""CF_CrudeOil""]",D1_초크포인트,MEDIUM,Hormuz geopolitics,ec636cc6aa8b3ec44422e5535b497b5e
이란 “미국 제안 검토 중…핵 문제 논의 대상 아냐”,,Korean,IRRELEVANT,,,Iran states it is reviewing a US proposal and that nuclear issues are not a subject of discussion.,0,Normal,[],D1_초크포인트,MEDIUM,Iran negotiations,cacd4e9055a9ef1c7191496e4eb9fae7
"트럼프 “이란, 핵 포기 동의”…방중 전 합의 속도전",,Korean,THREAT,SOURCE,Iran,Trump reports Iran's agreement to nuclear abandonment ahead of China visit negotiations,3,Normal,[],D1_초크포인트,MEDIUM,Trump Iran deal,3b79ad4edd8c6b162b1c5f2126cb1347
[뉴욕개장] 상승 출발…중동 평화 기대에 3대 지수 동반 강세,,Korean,IRRELEVANT,,,US stock market opens higher on expectations of Middle East peace,0,Normal,[],D1_초크포인트,MEDIUM,Market rally,01f9dab235de9a647753aae6bcc6734c
"미-이란 종전 합의 근접...이란 ""검토 중""",,Korean,THREAT,SOURCE,Iran,US-Iran ceasefire agreement approaching; Iran states it is under review.,5,Caution,[],D1_초크포인트,MEDIUM,US-Iran ceasefire talks,c387f331932997052e61e872e35e4318
협상 급물살?…'핵·호르무즈' 장애물 그대로,,Korean,THREAT,ROUTE,Hormuz Strait / Iran,Headline reports ongoing negotiations with nuclear and Hormuz Strait issues remaining as obstacles to progress,7,Warning,"[""CP_Hormuz""]",D1_초크포인트,MEDIUM,Nuclear Hormuz negotiations,6cb5a13c07ea435b0826551aae4f09fb
"호르무즈 해협 '재개방 임박'…사우디 국영 TV ""수 시간 내 돌파구 기대...",,Korean,THREAT,ROUTE,Hormuz Strait,Saudi state TV reports expectation of breakthrough in Hormuz Strait reopening within hours,7,Warning,"[""CP_Hormuz""]",D1_초크포인트,MEDIUM,Hormuz reopening imminent,1b10a1d754353a72466e3b8a2d55b01f
"""韓선박을 우리가 왜 공격?"" 이란 내부서도 오락가락, 왜 이러나",,Korean,THREAT,ROUTE,Iran,Iranian internal disagreement over attacks on Korean vessels; uncertainty about reasons for targeting Korean ships,7,Warning,[],D1_초크포인트,MEDIUM,Iran denies ship attack,0fbb6fb8dcf7300a2bf3db1808fa611b
"[아주경제 오늘의 뉴스종합] 트럼프, 방중 전 이란 종전협상 매듭짓나…...",,Korean,IRRELEVANT,,,Trump seeks to conclude Iran peace negotiations before China visit,0,Normal,[],D1_초크포인트,MEDIUM,Trump Iran ceasefire deal,dacc666b367bb7def75b6294c5403629
"이란 매체 ""이란이 한국 선박 겨냥""...이란 대통령 ""모즈타바 하메네이...",,Korean,THREAT,ROUTE,Iran,Iranian media reports that Iran is targeting Korean vessels; Iranian president references Moztaba Khamenei.,7,Warning,[],D1_초크포인트,MEDIUM,Iran targets Korean vessel,40a683b43c23c06ed3623b5b5eefe395
"나무호, 두바이항 예인 시작...사고 조사 본격화",,Korean,DISRUPTION,LOGISTICS,United Arab Emirates,Cargo vessel Namu Ho begins being towed into Dubai port; formal accident investigation commences.,3,Normal,[],D1_초크포인트,MEDIUM,Vessel accident investigation,c771d0a47752d7061402d0efe1376cbb
"美·이란, 호르무즈 긴장 완화 합의 접근…선박 통행 숨통",,Korean,THREAT,ROUTE,"Iran, US (Hormuz Strait region)","US and Iran approaching agreement to ease tensions in Hormuz Strait, potentially relieving shipping passage restrictions",7,Warning,"[""CP_Hormuz""]",D1_초크포인트,MEDIUM,US-Iran Hormuz tensions,9b70c8567bdfd1cb784fc81e83befb43
"해수부, ‘HMM 나무호 화재’ 조사단 두바이 파견",,Korean,DOMESTIC_IMPACT,,Dubai,Korea's Maritime Ministry dispatches investigation team to Dubai regarding HMM Namu vessel fire incident,5,Caution,"[""KC_HMM""]",D1_초크포인트,MEDIUM,HMM Namuho fire investigation,09e17a7452fdfcaadd11f1ea4cd7841f
'나무호' 두바이항 예인..정부 합조단 현지조사 착수,,Korean,DOMESTIC_IMPACT,,Dubai,Korean government investigation team begins on-site survey of the 'Namu Ho' vessel being towed at Dubai port,3,Normal,[],D1_초크포인트,MEDIUM,Namuho vessel investigation,e220b873e069e5e3f3646c07989edd06
"정부, 5차 석유 최고가 동결… ""고물가 속 민생 부담 최우선 고려""",,Korean,IRRELEVANT,,,"Government freezes 5th petroleum price ceiling, prioritizing cost-of-living relief amid high inflation",0,Normal,[],D1_초크포인트,MEDIUM,Korea oil price policy,3ff441258b89dec26d051e1789d57651
"뉴욕증시 프리뷰, 美·이란 휴전 기대에 미 주가 선물 강세...도어대시·...",,Korean,IRRELEVANT,,,NY stock market preview reporting US stock futures strength amid expectations of US-Iran ceasefire and mentions of DoorDash,0,Normal,[],D1_초크포인트,MEDIUM,US-Iran ceasefire market reaction,844e33ccdc1cd5f3066c98251e3c7d2f
"정부, 5차 석유 최고가격 동결 결정",,Korean,IRRELEVANT,,,Government decides to freeze the fifth round of maximum oil prices,0,Normal,[],D1_초크포인트,MEDIUM,Oil price control,b2e3e57c5aad3cb9e29b57297e5298ca
미국의 말 바꾸기...이란의 실제 원유 저장 능력은?,,Korean,THREAT,SOURCE,Iran,Article questions the authenticity of US statements regarding Iran's actual crude oil storage capacity,6,Warning,"[""CF_CrudeOil""]",D1_초크포인트,MEDIUM,Iran oil capacity,5ba32c5711591838d545413dcf85ac0b
"'협상' 말하면서 20㎜ 기관포 쏜 미군…이스라엘, 베이루트 공습 재개",,Korean,THREAT,ROUTE,Lebanon,US military fires weapons while discussing negotiations; Israel resumes airstrikes on Beirut,3,Normal,[],D1_초크포인트,MEDIUM,Middle East conflict,22ce4a7ae9be7aa67e17a4fbe42699c5
[뉴스핌 이 시각 글로벌 PICK] 미국 연료 수출 사상 최대 外,,Korean,IRRELEVANT,,United States,US fuel exports reach record high levels,0,Normal,[],D1_초크포인트,MEDIUM,US fuel exports,e24e7b91e3eecbd9b8707c7bb8ef3f60
"'종전 기대감'에 국제 유가↓, 뉴욕 증시↑…미국·이란 MOU 근접",,Korean,THREAT,SOURCE,"USA, Iran",International crude oil prices decline and US stock market rises amid expectations of peace and reported US-Iran MOU proximity,3,Normal,[],D1_초크포인트,MEDIUM,Oil price decline,7975c26b1d8e22a1bf2abc580ac7b510
"미국 석유제품 수출 '역대 최대'…""유조선 끊임없이 드나들어""",,Korean,IRRELEVANT,,United States,US petroleum product exports reach record high with continuous tanker traffic.,0,Normal,[],D1_초크포인트,MEDIUM,US petroleum exports,4b0cb9c50f896b27ad1ffdb203ea0e5c
"트럼프 ""이란 핵무기 포기""...이란 ""그건 아냐""",,Korean,THREAT,SOURCE,Iran,"Trump demands Iran abandon nuclear weapons; Iran denies such commitment exists, escalating diplomatic tensions.",5,Caution,[],D1_초크포인트,MEDIUM,Iran nuclear dispute,b23a0ef0dbabb22c120d6e7ae859bc88
"원/달러 환율 ""미국·이란 협상 기대에 1440원대 초중반대 전망""",,Korean,IRRELEVANT,,,Headline reports won-dollar exchange rate forecast at 1440s based on expectations of US-Iran negotiations; financial market commentary unrelated to maritime supply chain disruption.,0,Normal,[],D1_초크포인트,MEDIUM,KRW exchange rate,980bb676ead151338bd138f72ed788f8
"파도보다 무서운 '고유가 파고', 국내 수산업은 생존기로에 놓여",,Korean,DOMESTIC_IMPACT,,,Korea's fishing industry faces survival crisis due to high fuel prices exceeding wave heights,6,Warning,[],D1_초크포인트,MEDIUM,Seafood industry crisis,4be62d24bdca526c1a15856f9b8118df
이번엔 다르다? 美·이란 그랜드바겐! 다음주 더 큰 것 터진다? 코스피...,,Korean,IRRELEVANT,,,Speculative headline about potential US-Iran negotiations and vague prediction of market impact on KOSPI,0,Normal,[],D1_초크포인트,MEDIUM,KOSPI market reaction,69dd4dab0763347643cb4e0a71bc15f7
"국제유가, 美ㆍ이란 종전협상 낙관론 확대에 급락... 브렌트유 7.8% ↓",,Korean,IRRELEVANT,,,International crude oil prices fall sharply 7.8% on expanded optimism regarding US-Iran ceasefire negotiations,0,Normal,[],D1_초크포인트,MEDIUM,Oil price collapse,b28ac55e5f80bde49d0a2068a2e2ea52
"[증시전망대] '7천피' 코스피, 종전 낙관론 타고 또 뛸까…단기 급등 부...",,Korean,IRRELEVANT,,,Stock market outlook commentary on KOSPI index movement and market sentiment.,0,Normal,[],D1_초크포인트,MEDIUM,KOSPI forecast,ec1382bed45965039f4d717ac822be96
"""이란, 하나 포기하고 패러다임 전환 가능성""...빅딜 성사되나 [이슈톺...",,Korean,IRRELEVANT,,,"Headline reports Iran may shift paradigm by making concessions in diplomatic negotiations, with potential for a major deal.",0,Normal,[],D1_초크포인트,MEDIUM,Iran policy shift,9bb4a11719179afe3daf1cbb53ef20ff
"[모닝 리포트] ""협상 낙관론·유가 급락, 환율 1440원대 '하락' 베팅""",,Korean,IRRELEVANT,,,"Morning report discussing negotiation optimism and crude oil price decline, with betting on won exchange rate falling to 1440 range",0,Normal,[],D1_초크포인트,MEDIUM,Exchange rate outlook,4bb8bcaa0d201aa3ae3a15bcc41293fb
유가 급등에 나타난 ‘K자 소비' [글로벌 머니플로우],,Korean,IRRELEVANT,,,Headline discusses oil price surge and 'K-shaped consumption' pattern in global money flows; no maritime supply chain disruption reported.,0,Normal,[],D1_초크포인트,MEDIUM,Oil price consumption,70a5e96d9c4b847e0e26576ae3e2a8e8
"""파키스탄 '이란 진전' 전언이 트럼프 해방프로젝트 중단 이끌어""",,Korean,IRRELEVANT,,,Pakistan's diplomatic progress with Iran reportedly leads to halt of Trump's liberation project,0,Normal,[],D1_초크포인트,MEDIUM,Iran negotiations,9046c8f496e601cf22e31482e60f4490
"美·이란 종전 협상 급물살에…뉴욕 증시 급등, 유가 7% 폭락",,Korean,THREAT,SOURCE,"USA, Iran",US-Iran ceasefire negotiations accelerating; NY stock market surges and crude oil prices plummet 7%,6,Warning,[],D1_초크포인트,MEDIUM,Iran peace talks oil price,a41ade022cfa667aa6060d0a0fd44467
트럼프 '이란 핵 포기' 확답…일주일 내 '빅딜' 현실화되나,,Korean,THREAT,SOURCE,Iran,Trump confirms Iran's nuclear deal abandonment; potential 'big deal' may materialize within a week,6,Warning,[],D1_초크포인트,MEDIUM,Iran nuclear deal geopolitics,2b5cf8baff028621fce8b23a37f1cbc2
"미-이란 종전 다가왔나…트럼프 ""이란도 핵무기 포기에 동의""",,Korean,THREAT,SOURCE,Iran,"Trump claims Iran has agreed to abandon nuclear weapons, suggesting potential de-escalation of US-Iran tensions.",3,Normal,[],D1_초크포인트,MEDIUM,Iran nuclear negotiations,8b1fcaa863f360d662d87d0c8ef6e74f
"트럼프 “이란, 핵무기 포기 동의…농축우라늄 우리가 확보할것”",,Korean,THREAT,SOURCE,Iran,Trump states Iran agreed to abandon nuclear weapons and US will secure enriched uranium,4,Caution,[],D1_초크포인트,MEDIUM,Iran nuclear deal geopolitics,92087548e1b7a2b49019d326b48b32ba
미·이란 종전 합의 임박에 투심 폭발... 나스닥 2% 급등,,Korean,THREAT,SOURCE,"US, Iran",US-Iran ceasefire agreement imminent; market sentiment shifts with Nasdaq rising 2%,3,Normal,[],D1_초크포인트,MEDIUM,Iran peace talks market reaction,81b14d813662d84ff6548cea5ec47f30
"트럼프 ""이란, 핵무기 포기 동의""…'일주일내 타결' 시사도",,Korean,THREAT,SOURCE,Iran,Trump reports Iran's agreement to abandon nuclear weapons with potential deal closure within a week,3,Normal,[],D1_초크포인트,MEDIUM,Iran nuclear negotiations,2b56b9a6726803f4a95a52171376b0f9
"트럼프 ""합의 가능성 크다""…이란 ""검토중""",,Korean,THREAT,SOURCE,Iran,Trump expresses high possibility of reaching agreement with Iran; Iran states it is under review,5,Caution,[],D1_초크포인트,MEDIUM,Iran nuclear negotiations,85f8a2cf37226582e55e6269c1708540
"이재명 대통령 ""물가 안정 총력""…고유가·공급망 대응 전방위 지시",,Korean,IRRELEVANT,,,President Lee Jae-myung directs all-out efforts to stabilize prices and addresses high oil prices and supply chain issues.,0,Normal,[],D2_품목,HIGH,Supply chain response,05a7af61facfd9d8413cfb6d47b45d7f
"정부 ""7월까지 원유 2억 1000만 배럴 도입…평시 80% 이상 유지""",,Korean,DOMESTIC_IMPACT,,,Korean government announces plan to import 210 million barrels of crude oil by July and maintain strategic reserves above 80% of normal levels,2,Normal,"[""CF_CrudeOil""]",D2_품목,HIGH,Crude oil import procurement,3d901c8055d581fbbb320be1c6eb528c
나프타 수급안정에 금융권 뭉쳤다…여천NCC 수입신용장 한도 3억불로,,Korean,DOMESTIC_IMPACT,,,"Korean financial institutions have coordinated to stabilize naphtha supply, with Yeochen NCC's import letter of credit limit set at $300 million.",3,Normal,"[""KC_YNCC"", ""CF_Naphtha""]",D2_품목,HIGH,Naphtha supply stabilization,f89bfff402d1286874d45312a167e223
"이달 나프타, 전쟁 전 90% 수준 확보…원유는 7월까지 2억배럴↑",,Korean,DISRUPTION,SOURCE,,Naphtha supply secured at 90% of pre-war levels this month; crude oil inventories expected to increase by 200 million barrels by July,6,Warning,"[""CF_Naphtha""]",D2_품목,HIGH,Naphtha/crude procurement,bf1c8c9eb25516a7751fd4e0046d2609
"이달 나프타, 전쟁 전 90% 수준 확보…원유는 7월까지 2억배럴↑(종합)",,Korean,DOMESTIC_IMPACT,,,Korea's naphtha supply this month secured at 90% of pre-war levels; crude oil inventory projected to increase by 200 million barrels through July,4,Caution,"[""CF_Naphtha""]",D2_품목,HIGH,Naphtha/crude procurement,f70ffcf0cbc177769cd1ed16ea0f900f
석유 최고가격 5차도 동결... 원유·나프타 평시 대비 80~90% 확보,,Korean,DOMESTIC_IMPACT,,,Korea's oil price ceiling frozen at 5th level; crude oil and naphtha secured at 80-90% of normal levels,6,Warning,"[""CF_Naphtha"", ""CF_CrudeOil""]",D2_품목,HIGH,Crude/naphtha supply,dd97d3cdab8ab3213ecb61b5502af818
정부 “5~7월 나프타 수급률·NCC 가동률 90% 회복 예상”,,Korean,DOMESTIC_IMPACT,,,Korean government announces expected recovery of naphtha supply rate and NCC operating rate to 90% during May-July period,4,Caution,"[""CF_Naphtha"", ""KC_YNCC""]",D2_품목,HIGH,Naphtha supply recovery,463f44f090381bcc1cfd158e39220753
산업부 “5~7월 원유 2억1000만 배럴 도입 예정… 수요 대응 충분”,,Korean,DOMESTIC_IMPACT,,,"South Korea's Ministry of Industry announces plan to import 210 million barrels of crude oil during May-July period, stating this is sufficient to meet demand.",1,Normal,"[""CF_CrudeOil""]",D2_품목,HIGH,Crude oil imports,2bd6d0d3c8dfcb783c2b39e0b7c97135
"산업부 ""5~7월 원유 2.1억 배럴 도입...평시 80%""",,Korean,DOMESTIC_IMPACT,,,"South Korea's industry ministry reports importing 210 million barrels of crude oil in May-July, equivalent to 80% of normal peacetime levels",5,Caution,"[""CF_CrudeOil""]",D2_품목,HIGH,Crude oil imports,e528193398bb12f44d8ffbd76d024c68
"정부 ""5~7월 원유 2.1억 배럴 도입…예년 80%이상 유지""",,Korean,DOMESTIC_IMPACT,,,"Korean government announces crude oil imports of 210 million barrels for May-July, maintaining over 80% of typical annual levels",1,Normal,"[""CF_CrudeOil""]",D2_품목,HIGH,Crude oil imports,7a53a5e6120382ab495d95b9b759a495
7월까지 원유 2억 배럴 확보…평시 대비 80% 수준,,Korean,DOMESTIC_IMPACT,,,"Korea secures 200 million barrels of crude oil through July, maintaining 80% of normal peacetime levels",3,Normal,"[""CF_CrudeOil""]",D2_품목,HIGH,Crude oil procurement,ed33350980239289265ec8a6ddf8be8d
여천NCC 수입신용장 한도 상향… 금융권 첫 공동지원,,Korean,DOMESTIC_IMPACT,,,Yeocheon NCC's import letter of credit limit raised with first joint support from financial sector,2,Normal,"[""KC_YNCC""]",D2_품목,HIGH,Naphtha import financing,f526491e254bf4b68e80ea10b87c1e4b
"정부 ""5~7월 원유 확보량 전년比 80% 상회⋯나프타 수급도 안정적""",,Korean,DOMESTIC_IMPACT,,,Korean government reports crude oil procurement for May-July exceeds 80% of prior year levels and naphtha supply remains stable.,1,Normal,"[""CF_Naphtha"", ""CF_CrudeOil""]",D2_품목,HIGH,Crude oil naphtha procurement,a6b9aa6a4ad9ab12e62af721150ba024
"금융권, 여천엔시시 나프타 수입 지원 나서…3억 달러 신용장 한도 확대",,Korean,DOMESTIC_IMPACT,,,Korean financial sector expands credit line limit (300 million USD) to support naphtha imports by Yeocheon NCC,3,Normal,"[""CF_Naphtha""]",D2_품목,HIGH,Naphtha import financing,28e65e1bbc4fb18e37df0fd57aa712e1
여천NCC 나프타 조달 숨통…3억달러 금융지원 추진,,Korean,DOMESTIC_IMPACT,,,Yeocheon NCC secures $300 million financial support to ease naphtha procurement bottleneck,6,Warning,"[""KC_YNCC"", ""CF_Naphtha""]",D2_품목,HIGH,Naphtha supply crisis,07f74d285413cc75f73caf83e5c29a34
[은행 뉴스브리핑] 산업은행 '나프타 지원' 첫 사례로 여천NCC 긴급지원,,Korean,DOMESTIC_IMPACT,,,Industrial Bank of Korea provides emergency financial support to Yeochen NCC as first case under NAFTA assistance program,2,Normal,"[""KC_YNCC"", ""CF_Naphtha""]",D2_품목,HIGH,Naphtha emergency support,71cb5b2c262daf6a5cc8a854aae49ed7
여천NCC에 3억弗 긴급수혈 …'나프타 대란' 숨통,,Korean,DOMESTIC_IMPACT,,,Yeocheon NCC receives emergency $300 million injection amid naphtha supply crisis,7,Warning,"[""CF_Naphtha""]",D2_품목,HIGH,Naphtha supply disruption,737d9bcb381c7b1a66e8722f204cac58
중동 나프타 공급 급감에 아시아 플라스틱 업계 공급 충격,,Korean,DISRUPTION,SOURCE,Middle East,"Middle East naphtha supply sharply declines, causing supply shock to Asian plastics industry",7,Warning,"[""CF_Naphtha""]",D2_품목,HIGH,Middle East naphtha shortage,084135f66bbc194093b4fd969a3881fd
"미국-이란 협상 기대에 국제 유가 급락, 국내 채권 금리 일제히 하락",,Korean,IRRELEVANT,,,US-Iran negotiation expectations drive sharp decline in international oil prices and domestic bond yields fall across the board,0,Normal,[],D2_품목,MEDIUM,US-Iran negotiation,50bacb8fce07d51c04010b40f2676490
미 달러화 약세…美·이란 종전 합의 낙관론 확산,,Korean,IRRELEVANT,,,US dollar weakness and optimism about US-Iran peace agreement spreading,0,Normal,[],D2_품목,MEDIUM,US-Iran diplomacy,d86a3b3d0826c02a934253de4724a1c6
"뉴욕증시, 미국·이란 협상 주시 속 혼조 출발",,Korean,IRRELEVANT,,,New York stock market shows mixed performance amid US-Iran negotiations monitoring,0,Normal,[],D2_품목,MEDIUM,Market reaction,8ba31a0f249e817e23c590b9c5c57496
전쟁은 끝내고 싶지만 간극은 여전...트럼프와 이란의 위험한 베팅,,Korean,THREAT,ROUTE,Iran,"Report on escalating tensions between Trump administration and Iran, with both sides seeking to end conflict but significant gaps remaining in negotiations.",6,Warning,[],D2_품목,MEDIUM,US-Iran tensions,021716cbb466436a4ec2328fc2c6eb19
[뉴욕증시]국제유가 하락…협상 주시하며 일제히 상승 출발,,Korean,IRRELEVANT,,,International oil prices decline; markets open higher amid negotiations being monitored,0,Normal,[],D2_품목,MEDIUM,Oil price decline,5db658c7dcbd2408965fc14aff25e392
[속보] 유가 100달러 아래로…뉴욕증시 상승세 지속,,Korean,IRRELEVANT,,,Oil prices fall below $100/barrel; US stock market continues upward trend,0,Normal,[],D2_품목,MEDIUM,Oil price below $100,55860f7e5d5aaa6518f407ac0849d1c5
"이 대통령 ""물가 안정 최우선...원유 공급망 관리에 수단 총동원""",,Korean,DOMESTIC_IMPACT,,,Korean president declares price stabilization as top priority and mobilizes all measures to manage crude oil supply chain.,3,Normal,"[""CF_CrudeOil""]",D2_품목,MEDIUM,Government oil supply management,596723c2c1ed33cb51e25b9746d51b63
5월 말 ‘진짜 오일쇼크’ 온다는데…5차 최고가격 동결,,Korean,THREAT,SOURCE,,Reports warning of an imminent oil price shock in late May with oil prices at their fifth highest level being frozen,6,Warning,[],D2_품목,MEDIUM,Oil price shock warning,6091e2bc4a6ac749f2a76b8bb1904391
"USTR ""중국의 이란 원유 구매, 정상회담서 논의""",,Korean,THREAT,SOURCE,"China, Iran",USTR states that China's purchase of Iranian crude oil will be discussed at an upcoming summit.,7,Warning,"[""CF_CrudeOil""]",D2_품목,MEDIUM,China Iran oil purchase,b0f7f229c9bc6a3508c12cc007de2da9
"환율, 외국인 순매도에 낙폭 축소…1454.0원 마감, 코스피는 또 사상 최...",,Korean,IRRELEVANT,,,Korean won weakens as foreign investors net-sell; KOSPI reaches historic high,0,Normal,[],D2_품목,MEDIUM,Exchange rate KRW/USD,fc4aa8cd5581e600571a3e5d994cabc6
석유제품 매점매석 엄단 ‘두 달 더’,,Korean,IRRELEVANT,,,Government extends crackdown on oil product hoarding for two additional months,0,Normal,[],D2_품목,MEDIUM,Petroleum product hoarding,5edd52a2181c9916c0a26d50d0cb13cf
WTI 국제유가 장중 5% 급락…배럴당 92.21달러,,Korean,IRRELEVANT,,,WTI crude oil price dropped 5% intraday to $92.21 per barrel,0,Normal,"[""CF_Coal""]",D2_품목,MEDIUM,WTI crude price drop,0ee9c82720c3f79c7da6108fbca79415
"이 대통령 ""유가 불안 물가 안정 총력…국민펀드 '자산 마중물'""",,Korean,IRRELEVANT,,,"Presidential statement on oil price volatility, price stability measures, and national fund asset deployment",0,Normal,[],D2_품목,MEDIUM,Oil price stability measures,b256e12dad832e3a0c3ca01b9a5e306e
"정부, 5차 석유 최고가격 동결…원유 운송비 지원 연장 검토",,Korean,DOMESTIC_IMPACT,,,Korean government freezes fifth tier of crude oil maximum prices and considers extending support for crude oil transportation costs,3,Normal,"[""CF_CrudeOil""]",D2_품목,MEDIUM,Oil price control,2ab485fafa54ca2584da8df035fc7f1f
"석유 최고가, 세 번 연속 동결 “인상 요인 누적됐지만 민생 안정 최우...",,Korean,IRRELEVANT,,,"South Korea freezes oil prices for the third consecutive time, citing accumulated upward pressure but prioritizing domestic economic stability.",0,Normal,[],D2_품목,MEDIUM,Oil price freeze,56f25588f715509c36cac6d70c147065
"정부, 매점매석에 ‘과징금’… 5차 석유 최고가격 2주간 동결",,Korean,IRRELEVANT,,,Government imposes fines on hoarding and fixes maximum petroleum prices for 2 weeks,0,Normal,[],D2_품목,MEDIUM,Oil price control,034b4407cfcbabcec2ce95ae42541a71
이쯤되면 석유 '고정가격'...휘발유·경유값 8주 연속 똑같아,,Korean,IRRELEVANT,,,Domestic fuel prices (gasoline and diesel) have remained unchanged for 8 consecutive weeks.,0,Normal,[],D2_품목,MEDIUM,Oil price freeze,747d03047a70cd1494ae4064b33e5ad7
휘발유 ℓ당 1934원…최고가격 3연속 동결,,Korean,IRRELEVANT,,,"Domestic gasoline price held at 1,934 won per liter for third consecutive period",0,Normal,[],D2_품목,MEDIUM,Fuel price control,3218e35ea682bf7d0df0c0fffecffc0d
"석유 최고가격, 5차도 동결…정유사 손실 보상위 이달 출범",,Korean,DOMESTIC_IMPACT,,,South Korea's government freezes maximum oil prices for the fifth consecutive period and launches a task force to compensate oil refineries for losses this month.,3,Normal,[],D2_품목,MEDIUM,Oil price policy,f00d16f29e7b784f7841839ae45aebf1
5차 석유 최고가격 3연속 동결…휘발유 1934원·경유 1923원,,Korean,IRRELEVANT,,,"South Korea's oil price ceiling maintained at fifth consecutive freeze; gasoline at 1934 won per liter, diesel at 1923 won per liter",0,Normal,[],D2_품목,MEDIUM,Oil price freeze,83e4b253c954a15a3ffac1acc2e4d541
5차 석유 최고가격도 ‘동결’…“물가 부담·민생 안정 고려”,,Korean,IRRELEVANT,,,"South Korea freezes the fifth consecutive oil price ceiling, citing concerns about inflation burden and livelihood stability",0,Normal,[],D2_품목,MEDIUM,Oil price control,219de30f70da0c542466fd0ead15c8e4
"5차 석유 최고가격 동결···""민생 안정 최우선""",,Korean,IRRELEVANT,,,"South Korea maintains fifth consecutive freeze on maximum oil prices, prioritizing livelihood stability.",0,Normal,[],D2_품목,MEDIUM,Oil price policy,7761795ee7c294b24b6faa637b0a74c7
"영국 셸, 중동 전쟁에 순익 23% 급증해 10조원…BP의 4.6조원에 이어",,Korean,IRRELEVANT,,,Shell reports 23% surge in net profit to 10 trillion won amid Middle East tensions; BP reports 4.6 trillion won.,0,Normal,[],D2_품목,MEDIUM,Oil price impact,13c9a4fc6c2c1b41d16f09604bdfe6d0
"석유 매점매석 금지 두 달 연장… ""과징금 도입 신속 검토""",,Korean,IRRELEVANT,,,South Korea extends oil hoarding ban for two months and expedites review of penalty system introduction,0,Normal,[],D2_품목,MEDIUM,Oil hoarding ban,5caa1295b7a1f481f690570733926cba
"이재명 대통령 “고유가 피해지원금 2차 지급, 만전 기해달라” 당부",,Korean,IRRELEVANT,,,President Lee Jae-myung urges full preparation for second round of high oil price damage support payments,0,Normal,[],D2_품목,MEDIUM,High oil support,5459eac29e4ac45b7c0cce6050a5b17e
"""물가안정 최우선… 모든 수단 총동원""",,Korean,IRRELEVANT,,,South Korea's government prioritizes price stability and mobilizes all available policy measures.,0,Normal,[],D2_품목,MEDIUM,Price stability,37688cbc4d472a74e137a423a1d0eab0
"""이란, 핵무기 포기 동의해"" 트럼프, 방중 前 종전 시사",,Korean,THREAT,SOURCE,Iran,"Trump signals potential end to Iran nuclear conflict before China visit, suggesting Iran may agree to abandon nuclear weapons.",3,Normal,[],D2_품목,MEDIUM,Iran nuclear deal,28cf2108e16fda401ee106a34dcfb855
"'에너지 위기' 속 앞다퉈 중국행...""중국, 아시아 영향력 확대""",,Korean,THREAT,SOURCE,China,"Amid energy crisis, multiple parties are moving toward China, with reports that China is expanding its influence in Asia.",5,Caution,"[""KS_Energy""]",D2_품목,MEDIUM,Energy crisis China,2e2a2fc7bfb88c7fab70c2842bc30724
"""물가안정 최우선…원자재도 관리를""",,Korean,IRRELEVANT,,,Article discusses price stabilization as a priority and calls for management of raw materials.,0,Normal,[],D2_품목,MEDIUM,Price stability raw materials,7241b53b831995cf13169aab1b2080a9
전쟁 덕분에 '꿈의 수익률' 달성…하루 사이 '1.5조' 터졌다,,Korean,IRRELEVANT,,,Report on high profit margins achieved during wartime conditions with a financial figure of 1.5 trillion won mentioned.,0,Normal,[],D2_품목,MEDIUM,War profit earnings,21c9a863244b59f8ff761c54474ff2a4
"정부, FTA 특례로 에너지 공급망 다변화…매점매석 시 몰수 조치",,Korean,DOMESTIC_IMPACT,,,Korean government diversifies energy supply chain through FTA exemptions and implements confiscation measures against hoarding,3,Normal,"[""KS_Energy""]",D2_품목,MEDIUM,Energy supply diversification,57ef01904f29f71364930fe42a49820d
씨티 “코스피 목표치 8500으로↑…반도체 사이클이 유가 극복”[이런국...,,Korean,IRRELEVANT,,,"Citigroup raises KOSPI target to 8500, citing semiconductor cycle overcoming oil price headwinds",0,Normal,[],D2_품목,MEDIUM,Oil price impact,da3b870f472acc2c2d3c3ef06ceac259
"셸, 이란 전쟁 따른 유가 급등에 1분기 실적 예상 상회",,Korean,DOMESTIC_IMPACT,,,Shell reports Q1 earnings exceeded expectations due to oil price surge following Iran war tensions,2,Normal,[],D2_품목,MEDIUM,Iran war oil surge,c5d885659c63696fcd452343803a7cf8
“중동 사태로 제조 협력업체 생산 차질 우려”,,Korean,THREAT,SOURCE,Middle East,Middle East crisis raises concerns about manufacturing partner production disruption,6,Warning,[],D2_품목,MEDIUM,Middle East supply disruption,7ecaa636fbb07fed702dcf174e79f4a7
"에너지 안보 시대, ‘삼중 노출 구조’ 한국 산업의 녹색전환 리스크 대...",,Korean,THREAT,SOURCE,,Article discusses Korea's exposure to energy security risks and green energy transition challenges in a 'triple exposure structure',6,Warning,"[""KI_EnergySecurity"", ""KS_Energy""]",D2_품목,MEDIUM,Energy security risk,b26083fb6d4396fe2498f0e84b826dbd
"영산대 북극물류연구소, 여수광양항 북극항로 대응전략 짠다",,Korean,IRRELEVANT,,South Korea,Yeungsan University's Arctic Logistics Research Institute develops response strategy for Arctic shipping routes at Yeosu-Gwangyang Port,0,Normal,[],D2_품목,MEDIUM,Arctic logistics strategy,b00bafe784ecf603ab98ed61f50c6703
"중동전쟁 여파에 조선업계 '원자재 수급' 차질…정부, 현장 점검",,Korean,DOMESTIC_IMPACT,,,Korean shipbuilding industry faces raw material supply disruptions due to Middle East conflict; government conducting on-site inspections,6,Warning,[],D2_품목,MEDIUM,Middle East war supply impact,3b347a8cabb68ad93ad80a62d0f9dd29
[단독] ‘대미투자 1호’ 유력 후보군 좁혀져…미 남부 LNG 터미널 2곳,,Korean,THREAT,SOURCE,United States,Korea's top candidate for US investment is narrowing down to two southern US LNG terminals,6,Warning,"[""POL_LNGDiversify""]",D2_품목,MEDIUM,LNG terminal investment,de203c6d7f6be5f44b8d217abb277557
경남 3개 기업 LNG-FSRU 개조 계약 지원 3억 달러 가치 창출,,Korean,DOMESTIC_IMPACT,,South Korea,Three South Korean companies receive government support worth $300 million for LNG-FSRU (Floating Storage and Regasification Unit) conversion contracts,2,Normal,"[""POL_LNGDiversify""]",D2_품목,MEDIUM,LNG-FSRU conversion,f77436790a17b954c06556cb730adca3
"[올댓차이나] 홍콩 증시, 중동전쟁 종식 기대에 상승 마감…H주 1.35%↑",,Korean,IRRELEVANT,,,Hong Kong stock market closes higher on expectations of Middle East conflict resolution; H-shares up 1.35%,0,Normal,[],D2_품목,MEDIUM,Middle East geopolitics,bacd9d2872b7f3f2beadf0dd9622d323
"AIDC 특별법, 본회의 통과…LNG PPA 특례는 빠져",,Korean,DOMESTIC_IMPACT,,,"South Korea's special law on AIDC passed in plenary session, but LNG PPA exemption was excluded from final bill",5,Caution,"[""POL_LNGDiversify""]",D2_품목,MEDIUM,LNG policy framework,5637f7636fa86cfa7d58d511428ed5f5
"에너지 요금 '들쑥날쑥'…전기는 산업용, 가스는 주택용이 비싼 이유?",,Korean,IRRELEVANT,,,"Article discusses fluctuating energy prices in Korea, comparing industrial electricity rates with residential gas rates.",0,Normal,"[""KS_Energy""]",D2_품목,MEDIUM,Energy pricing,e25778530b62b7f627abf31775ced782
AI 데이터센터법 통과됐는데… 전력 해법 'LNG 직거래' 왜 빠졌나,,Korean,DOMESTIC_IMPACT,,,"South Korea's AI data center legislation passed, but LNG direct trading solution was excluded from the power supply plan.",3,Normal,"[""POL_LNGDiversify""]",D2_품목,MEDIUM,LNG supply policy,5c35e673160d19f5ccc5c2f0ebb5ae02
"정부, 석유 최고가격제 당분간 유지…유가 안정 조짐에 화학업계 기대감",,Korean,DOMESTIC_IMPACT,,,Korean government maintains oil price ceiling temporarily; chemical industry expects stabilization as oil prices show signs of stabilizing.,2,Normal,[],D2_품목,MEDIUM,Oil price regulation,838c7d926cd694ade6385a47f7ace5f8
"5차 석유최고가 또 '동결' 휘발유 1934원·경유 1923원…""물가 부담 고려...",,Korean,DOMESTIC_IMPACT,,,"South Korea's government freezes oil price ceiling for the fifth consecutive time; gasoline set at 1,934 won per liter, diesel at 1,923 won, citing inflation concerns.",1,Normal,[],D2_품목,MEDIUM,Oil price policy,3517870aa8f229ad119819cb7f87f0f4
"""나프타 수급 안정 금융권 공동지원 첫 사례로 여천NCC 지원""",,Korean,DOMESTIC_IMPACT,,,Financial sector jointly supports Yeochen NCC's naphtha supply stabilization as first case,3,Normal,"[""KC_YNCC"", ""CF_Naphtha""]",D2_품목,MEDIUM,Naphtha supply stabilization,f43e94f388f18917afb9421ada807abc
'북극항로 시대' 울산항 탄소중립 허브 육성 전략 포럼 개최,,Korean,IRRELEVANT,,,Ulsan Port hosts a forum to develop carbon-neutral hub strategy in the Arctic route era,0,Normal,"[""KP_Ulsan""]",D3_인프라,MEDIUM,Arctic route hub,bfab35b35f60df05efdf4c5b712e645f
인천 동구 철강업 휘청…'산업위기 지역' 지정 발등의 불,,Korean,DOMESTIC_IMPACT,,Incheon,Steel industry in Incheon's Dong-gu district facing crisis; consideration for designation as 'industrial crisis area',3,Normal,[],D3_인프라,MEDIUM,Steel industry crisis,8e3f4560f078a1cfb4b0e497bd8af010
"전재수 ""HMM 반쪽 이전 걱정 말라""..핵심 기능 부산행이 관건",,Korean,DOMESTIC_IMPACT,,,"HMM official states there is no need to worry about partial relocation of the company, with focus on moving core functions to Busan",2,Normal,"[""KC_HMM""]",D3_인프라,MEDIUM,HMM relocation Busan,67a879b8cb9600632567b805ef624d0b
이란 국영 언론 “한국 선박 표적 삼았다”…정부 “선전 선동”,,Korean,THREAT,ROUTE,Iran,Iranian state media claims to have targeted Korean vessels; Korean government dismisses it as propaganda.,6,Warning,[],D4_운송,HIGH,Iran threatens Korean vessel,40f8053ca0ae5d806fec2dd5685cc0bc
‘나무호 표적’ 보도에 이란은 부인…진실은?,,Korean,THREAT,ROUTE,Iran,Iran denies reports of targeting the Noma Ho vessel amid uncertainty over actual circumstances.,6,Warning,[],D4_운송,MEDIUM,Iran tanker attack,07d8c5080571cbb836b9ff85a58de32c
′고유가 부담′ 연안해운선사 위해 추경 226억 원 집행,,Korean,DOMESTIC_IMPACT,,,Korean government executes 22.6 billion won in supplementary budget to support coastal shipping companies burdened by high oil prices,3,Normal,[],D4_운송,MEDIUM,Coastal shipping emergency support,84e1663d2e134ade6007aea9e1e2fe85
"[여기는 포항] 포항~울릉 화물선 운항, 주 3회→2회 축소 외",,Korean,DOMESTIC_IMPACT,,South Korea,Cargo ship service between Pohang and Ulleung Island reduced from 3 times per week to 2 times per week.,2,Normal,[],D4_운송,MEDIUM,Pohang-Ulleung cargo reduction,550dba5adc24ec50e2274b6f3eab271e
국무총리 소속 '북극항로위원회' 신설하는 법안 국회 통과,,Korean,IRRELEVANT,,,National Assembly passes bill to establish Arctic Route Committee under the Prime Minister's office,0,Normal,[],D4_운송,MEDIUM,Arctic route committee establishment,395d7c82af79b546493ebbe1f171e33b
중동발 운영난 연안선사에 긴급 자금,,Korean,DOMESTIC_IMPACT,,Middle East,Korean coastal shipping companies receive emergency funding due to operational difficulties originating from Middle East,5,Caution,[],D4_운송,MEDIUM,Middle East shipping crisis funding,ebcd629a1d0b807e30d1c95d334fd306
총리실 소속 북극항로위원회 신설 기틀 마련…범부처 지원 강화,,Korean,IRRELEVANT,,,Prime Minister's office establishes Arctic Route Committee framework to strengthen inter-ministerial support,0,Normal,[],D4_운송,MEDIUM,Arctic route committee support,d84ac6a821a2a2df7a398dcd0e0e821a
북극항로 특별법 국회 본회의 통과,,Korean,IRRELEVANT,,,South Korea's National Assembly passes special legislation on Arctic shipping routes,0,Normal,[],D4_운송,MEDIUM,Arctic route special law,c6ab5a6550ed52dfd49317ae3c81f5c2
"HD한국조선해양, 1분기 영업익 1조3천560억원…작년 대비 58%↑",,Korean,DOMESTIC_IMPACT,,,"HD Hyundai Heavy Industries reports Q1 operating profit of 1.356 trillion won, up 58% year-over-year.",0,Normal,"[""KC_HDHanZo""]",D4_운송,MEDIUM,Shipbuilding earnings,d11dcd1d9ceb4c9bdb4971d343ca645b
‘땅 부자’ 천일고속 369%·조선 호황 HJ重 274% 급등,,Korean,IRRELEVANT,,,Stock price surge for land-rich company Cheonil Express (369%) and shipbuilding company HJ Heavy Industries (274%),0,Normal,[],D4_운송,MEDIUM,Shipbuilding boom,4eee40830b3705a17f775eaac38ae3cc
"HD한국조선해양, 1분기 영업익 1.3조원…친환경 선박 확대에 수익성 개...",,Korean,DOMESTIC_IMPACT,,,HD Hyundai Heavy Industries reports Q1 operating profit of 1.3 trillion won with improved profitability from expanded eco-friendly ship production,0,Normal,"[""KC_HDHanZo""]",D4_운송,MEDIUM,Shipbuilding profitability,b43dec88b4fcd4bf5f0c3c5627f3674f
"HD한국조선해양, 1분기 영업익 58%↑...""고부가 선별 수주 지속""",,Korean,DOMESTIC_IMPACT,,,HD Hyundai Heavy Industries reports 58% increase in operating profit in Q1 with continued selective orders of high-value ships,0,Normal,"[""KC_HDHanZo""]",D4_운송,MEDIUM,Shipbuilding orders,a44994fec56a8666d82ad40d3f91238e
"HMM ""나무호 예인선 두바이항으로 출발…내일 새벽 두바이항 도착 예정...",,Korean,DOMESTIC_IMPACT,,Dubai,HMM's tug vessel Namuho is departing for Dubai port with expected arrival tomorrow early morning,1,Normal,"[""KC_HMM""]",D4_운송,MEDIUM,HMM vessel recovery,0a70175190d8e9de6a9167b1908805d1
"HD한국조선해양, 영업익 '1조 클럽' 질주…LNG·탱커 슈퍼사이클 올라타",,Korean,DOMESTIC_IMPACT,,,"HD Hyundai Heavy Industries reports operating profit exceeding 1 trillion won, riding LNG and tanker super-cycle",0,Normal,"[""KC_HDHanZo"", ""POL_LNGDiversify""]",D4_운송,MEDIUM,Shipbuilding demand,2d5da20c99c5ca71291a335131848c2e
"미국 가전업체 월풀, 이란전쟁으로 경제침체 수준 업황 부진",,Korean,DOMESTIC_IMPACT,,,US appliance maker Whirlpool reports poor business performance due to economic downturn from Iran-US conflict,2,Normal,[],D5_시장지표,MEDIUM,Iran war economic impact,5f7789a618605dd7e319aace29e470b5
"美가전업체 월풀 ""이란전쟁으로 경제침체 수준 업황 부진""",,Korean,DOMESTIC_IMPACT,,Iran,US appliance maker Whirlpool reports business decline due to Iran conflict and economic slowdown,2,Normal,[],D5_시장지표,MEDIUM,Iran war economic impact,45be7250b7cc2de0e245f07ea25464ee
"달러-원, 뉴욕장서 1,450원 초반대 거래",,Korean,IRRELEVANT,,,"USD-KRW exchange rate trading in the 1,450 won range in New York market",0,Normal,[],D5_시장지표,MEDIUM,KRW exchange rate,1c5f19ab383d3ba933534129b30e7507
"월풀 ""소비심리 급랭에 업황 침체""…가전가격 4% 올린다",,Korean,DOMESTIC_IMPACT,,,Whirlpool reports business downturn due to sharp decline in consumer sentiment and announces 4% increase in appliance prices,1,Normal,[],D5_시장지표,MEDIUM,Iran war demand shock,2558ce8837ed22d5bd0e521a144036e2
"'이란 전쟁 여파' 월풀 ""가전 수요 침체급 위축""",,Korean,DOMESTIC_IMPACT,,,Whirlpool reports sharp decline in home appliance demand due to Iran war aftermath,3,Normal,[],D5_시장지표,MEDIUM,Iran war demand impact,38c0746a617bc8291345e55c68641117
중동 전쟁 장기화 속 주유소 카드수수료 한시 인하 검토,,Korean,IRRELEVANT,,,South Korea considers temporary reduction of gas station card processing fees amid prolonged Middle East conflict.,0,Normal,[],D5_시장지표,MEDIUM,Oil price impact,69e544e2fd24e3a98c48fbeadba16fcd
"코스피, 사상 최고치로 마감...두산에너빌리티, HD현대중공업 상승 VS 삼...",,Korean,DOMESTIC_IMPACT,,,KOSPI closes at all-time high; Doosan Enerbility and HD Hyundai Heavy Industries rise while other stocks decline,0,Normal,"[""KC_Doosan"", ""KC_HDHeavy""]",D5_시장지표,MEDIUM,Stock market reaction,54ef80b573c97fc358f5b76cd78c5442
경유값 2천원 넘어도 운수업계 유가보조금 추가 지원,,Korean,IRRELEVANT,,,"South Korea's transportation industry to receive additional fuel subsidies as diesel prices exceed 2,000 won per liter",0,Normal,[],D5_시장지표,MEDIUM,Fuel price impact,d31dea630bac72c2d10ebf202e9800a6
"중동 전쟁으로 인한 어려움, 고유가 피해지원금으로 극복해요!",,Korean,IRRELEVANT,,,Article discusses government financial support measures to overcome economic difficulties from Middle East conflict and high oil prices.,0,Normal,[],D5_시장지표,MEDIUM,Middle East war impact,58848b72aca1e546280de7de3163d365
"원/달러 환율, 중동 긴장 완화 기대에 하락 출발 후 외국인 매도로 낙폭...",,Korean,IRRELEVANT,,,"Korean won weakens against US dollar as expectations for Middle East tensions ease, followed by foreign investor selling pressure",0,Normal,[],D5_시장지표,MEDIUM,KRW exchange rate,a339f1c822d252a19741adce04412f04
"휘발유·경유 가격 유지한다… 정부, 5차 석유 최고가격도 동결",,Korean,IRRELEVANT,,,South Korean government maintains gasoline and diesel prices and freezes the fifth ceiling price for petroleum products.,0,Normal,[],D5_시장지표,MEDIUM,Fuel price control,1704ba128b99a5259b658387edbc1205
충남 고유가 피해지원금 1차 신청률 86.8%…10만6천명 접수,,Korean,IRRELEVANT,,,"South Chungcheong Province reports 86.8% first-round application rate for high oil price damage support payments, with 106,000 applicants registered.",0,Normal,[],D5_시장지표,MEDIUM,High oil price relief,1f2e65b1edc1a17d4077618f3ebc4c1e
"석유 최고가격 5차도 ‘동결’, 정부 “민생 안정 최우선 고려”",,Korean,IRRELEVANT,,,"South Korean government freezes oil price ceiling for the fifth consecutive period, prioritizing livelihood stability",0,Normal,[],D5_시장지표,MEDIUM,Fuel price freeze,7918535e0e7a2fd94d0106bdfdd757ce
"기름값 또 동결…정부, 석유 최고가 5차도 묶었다",,Korean,IRRELEVANT,,,South Korean government maintains frozen oil prices for the fifth consecutive period.,0,Normal,[],D5_시장지표,MEDIUM,Oil price control,e0d894b87f893488a10c85e2f1b2b300
"양평군의회, 고유가 대응 추경 9,989억 심사…민생 안정 속도전",,Korean,IRRELEVANT,,,Yangpyeong County Council reviews supplementary budget of 998.9 billion won in response to high oil prices for livelihood stabilization,0,Normal,[],D5_시장지표,MEDIUM,High oil price response,e7a57d76f340e85c8802878009d73a38
"정부 5차 석유 최고가격도 동결, ""고물가에 민생 부담 우선 고려""",,Korean,IRRELEVANT,,,"South Korean government freezes fifth round of maximum oil prices, citing priority on relieving cost-of-living burden amid high inflation.",0,Normal,[],D5_시장지표,MEDIUM,Fuel price freeze,bc9bc325be2b86dd3532779f7a5f5988
운수사업법 개정안 통과…경유 2000원 넘어도 유가보조금 지원,,Korean,IRRELEVANT,,,"South Korea passes amendment to Transportation Business Act to provide fuel subsidies when diesel prices exceed 2,000 won per liter",0,Normal,[],D5_시장지표,MEDIUM,Diesel subsidy policy,56832773ecee9ce0fc09d10802a0c8cc
"“휘발유·경유값 안 올린다”…정부, 5차 석유 최고가격도 동결",,Korean,IRRELEVANT,,,South Korean government freezes petroleum product prices (gasoline and diesel) at fifth-highest ceiling level,0,Normal,[],D5_시장지표,MEDIUM,Fuel price control,a4c238320a317c4112401b9d3338315b
석유 경보 발령땐 경유 2000원 넘어도 유가보조금 받는다,,Korean,DOMESTIC_IMPACT,,,"Korea announces fuel subsidy eligibility threshold allowing diesel prices above 2,000 won during oil emergency alerts.",0,Normal,[],D5_시장지표,MEDIUM,Oil subsidy policy,c74489fe12bd7b5aaa8c6d94d387c060
유가 폭등에 발 묶인 어업지도선…강서구 불법 단속 손놔,,Korean,DOMESTIC_IMPACT,,,"Fishing guidance vessels are hampered by soaring oil prices, leading to reduced enforcement of illegal fishing in Gangseo-gu",2,Normal,[],D5_시장지표,MEDIUM,Oil price impact,335a8ba0c040f5052290ce9786e96681
[뉴공 아카이브]전정근 HMM 노조위원장: 좌현 폭발음 뒤 화재… 나무호...,,Korean,DOMESTIC_IMPACT,,,HMM union chairman recounts incident of explosion sound from port side followed by fire on a vessel (Namuho),3,Normal,"[""KC_HMM""]",D6_교란행위,HIGH,HMM vessel incident,03049f8dc17c9c827411d1d705a8830a
인터뷰 전문: 성일종 “HMM 피격 추정을 화재로 표현…서해공무원 피살...,,Korean,DOMESTIC_IMPACT,,,"Interview report on HMM vessel incident: allegation that gunfire attack was misreported as fire, and mention of West Sea government official casualty",7,Warning,"[""KC_HMM""]",D6_교란행위,HIGH,HMM vessel attack,124ab4faaebe8227fbfdf90e0194761c
"EU, 러시아산 야말 LNG 수입 17.2% 급증…금지 앞두고 역대 최대",,Korean,THREAT,SOURCE,"EU, Russia","EU imports of Russian Yamal LNG surge 17.2% ahead of planned import ban, reaching record levels.",7,Warning,"[""POL_LNGDiversify""]",D6_교란행위,MEDIUM,LNG import surge,9e8f3a0735c80b473c1ceef081525c16
"이스라엘, 휴전 이후 첫 베이루트 공습…미·이란 협상 진전에 ‘역내 ...",,Korean,THREAT,ROUTE,Lebanon,Israel conducts first Beirut airstrike after ceasefire; US-Iran negotiations show progress amid regional tensions.,4,Caution,[],D6_교란행위,MEDIUM,Middle East tensions,191b8635570b0399ffee08421656b55f
"트럼프, 방중 전 “이란과 종전합의 가능성”",,Korean,THREAT,SOURCE,Iran,Trump suggests possibility of ceasefire agreement with Iran before visiting China,3,Normal,[],D6_교란행위,MEDIUM,Iran ceasefire talks,987e782c870543789fa8ec8e3901e417
"유류할증료 오르는데···진에어, 수하물 5kg '무료 쿠폰' 제공",,Korean,IRRELEVANT,,,Jin Air offers free 5kg baggage coupon as fuel surcharge increases,0,Normal,[],D6_교란행위,MEDIUM,Fuel surcharge,ce01c525eb71fba33f59d1047b2d0cca
"""유류할증료 부담 낮춘다""… 진에어, 수하물 20kg 혜택 제공",,Korean,IRRELEVANT,,,Jin Air reduces fuel surcharge burden and offers 20kg baggage benefit.,0,Normal,[],D6_교란행위,MEDIUM,Fuel surcharge,76150b16c97bc8e67c030b20cfe6c73b
"하나투어, 괌 여행 갈 사람? 유류세는 우리가 낸다",,Korean,IRRELEVANT,,,Hana Tour offers to cover fuel surcharges for customers booking Guam travel packages,0,Normal,[],D6_교란행위,MEDIUM,Fuel surcharge,dd07c2fa1567e173c6d7f2cba98ea0fc
'호르무즈 화재 선박' 이르면 오늘 두바이 입항,,Korean,IRRELEVANT,,Dubai,Fire-affected vessel expected to enter Dubai port today,0,Normal,[],D6_교란행위,MEDIUM,Hormuz vessel incident,24fce02f6a23f082b7254bcd962ad24a
美국무 “‘장대한 분노’ 작전 끝났다”…선박 탈출 ‘해방 작전’에...,,Korean,IRRELEVANT,,,US State Department announces end of 'Operation Prosperity Guardian' and mentions ship evacuation 'liberation operation',0,Normal,[],D6_교란행위,MEDIUM,Hormuz shipping operations,7c50cc0e392bc5030b29c00e86af8048
Iran Claims Physical Action Against South Korean Ship,,Korean,THREAT,ROUTE,Iran,Iran claims to have taken physical action against a South Korean ship,7,Warning,"[""KC_KoreanAir""]",D7_행위자,HIGH,Iranian threat,4762ad38230d30e9440a1a09138df49c
Probe into cause of fire on HMM Namu will begin after its arrival at Duba...,,Korean,DISRUPTION,LOGISTICS,Duba,Fire incident on HMM Namu vessel; investigation to begin upon arrival at Duba port,4,Caution,"[""KC_HMM""]",D7_행위자,HIGH,HMM vessel fire,9294f5426b0d206a4e5fa80ba7a8fab1
Conflicting Iranian messages on cargo ship fire spur confusion over respo...,,Korean,THREAT,ROUTE,Iran,Conflicting Iranian messages regarding a cargo ship fire create confusion over responsibility and potential implications for maritime operations.,5,Caution,[],D7_행위자,HIGH,Cargo ship incident,770017d67828ce07f219da86cc845ef1
"정진욱, 중동전쟁발 아스팔트 대란 해결사 자처…정유사 합의 이끌어내",,Korean,DOMESTIC_IMPACT,,,"Korean official Jung Jin-wook takes on role as problem-solver for Middle East war-triggered asphalt shortage, brokering agreement between oil refineries.",5,Caution,[],D9_한국,MEDIUM,Middle East oil crisis,df62d05d88eb4c3c54bf59bb260e7aaa
"부산 경제, 중동사태 충격에 더 취약하다",,Korean,DOMESTIC_IMPACT,,,Busan economy is more vulnerable to Middle East crisis impacts,6,Warning,[],D9_한국,MEDIUM,Middle East impact,7064f47b818197720f7417ffa3ae396b
"정부, G7 핵심광물 협력회의 참여… 공급망 안정 공조 강화",,Korean,IRRELEVANT,,,Korean government participates in G7 critical minerals cooperation meeting to strengthen supply chain stability coordination.,0,Normal,[],D9_한국,MEDIUM,Critical minerals,1091b67a9869f1a43c3af97af66880ad
"김정관 산업장관, G7 핵심광물장관과 화상회의…""국제 공조 강화해야""",,Korean,IRRELEVANT,,,Industry Minister Kim Jung-gwan holds video conference with G7 critical minerals ministers to strengthen international cooperation,0,Normal,[],D9_한국,MEDIUM,Critical minerals,3131472d460d36bf1dae8d626f038ec0
산유국도 못 버텼다…'긴축 도미노' 시작되나,,Korean,THREAT,SOURCE,,Oil-producing nations facing fiscal pressures; austerity measures beginning to spread globally.,4,Caution,[],D9_한국,MEDIUM,Oil producer austerity,6f087663a0d1d8f07b4334a014d53613
"산유국 노르웨이, 고물가에 금리 인상...'긴축 도미노' 시작되나?",,Korean,IRRELEVANT,,Norway,"Norway, an oil-producing nation, raises interest rates in response to high inflation; questions whether this signals the beginning of an austerity domino effect.",0,Normal,[],D9_한국,MEDIUM,Oil producer austerity,56f9de50b26d128483a39301e5f0ed1a
"산유국 노르웨이, 고물가에 금리 인상…'긴축 도미노' 시작되나",,Korean,IRRELEVANT,,Norway,"Norway raises interest rates in response to high inflation, potentially starting an austerity trend.",0,Normal,[],D9_한국,MEDIUM,Oil producer austerity,9a9be3ff93c2bbd348d83c9ad0a82a82
"미군 ""오만만서 해상봉쇄 돌파 시도한 이란 유조선 2척 무력화"" [종합]",,Korean,THREAT,ROUTE,Oman / Arabian Sea,US military reports disabling two Iranian tankers attempting to breach maritime blockade off Oman,7,Warning,[],D1_초크포인트,HIGH,Hormuz tanker neutralization,237e9d6db0b465b0f2094c2866730fe3
"골드만삭스 조사 “호르무즈 운항 차질, 하반기까지 지속 전망”",,Korean,THREAT,ROUTE,Hormuz,Goldman Sachs research predicts Hormuz Strait navigation disruptions will continue through H2,8,Crisis,"[""CP_Hormuz""]",D1_초크포인트,HIGH,Hormuz disruption forecast,084b38ea56233f02c11a2722ec137d8d
“미국과 충돌로 이란 선원 10명 부상·5명 실종”,,Korean,THREAT,ROUTE,Iran,10 Iranian sailors injured and 5 missing following collision with US vessel,5,Caution,[],D1_초크포인트,HIGH,Iran-US naval clash,1cb21818d9fa89c7ade77fc0bae5d731
"미군 ""오만만서 봉쇄 위반 시도한 이란 유조선 2척 무력화""(상보)",,Korean,THREAT,ROUTE,Oman,US military reports disabling two Iranian tankers attempting to breach blockade in waters off Oman,7,Warning,[],D1_초크포인트,HIGH,Hormuz tanker neutralization,ebc63371d9ca46a381c658b4ce506beb
"미군 ""해상봉쇄 돌파시도한 이란 유조선 2척 오만만서 무력화""(종합)",,Korean,THREAT,ROUTE,Oman Bay,US military reports disabling two Iranian tankers attempting to breach maritime blockade in Oman Bay,7,Warning,[],D1_초크포인트,HIGH,Hormuz tanker neutralization,ef225cd08abc92ab770f66eeeb6fe480
"미군, 대이란 해상 봉쇄 뚫으려던 유조선 2척 무력화",,Korean,THREAT,ROUTE,Iran,US neutralizes two tankers attempting to breach US-imposed maritime blockade against Iran,7,Warning,[],D1_초크포인트,HIGH,Hormuz tanker neutralization,08b23f73b45e04e33707b03325b2e3e6
"이란, 주변국 반발 속 ‘해협청’ 신설…호르무즈 통제권 강화",,Korean,THREAT,ROUTE,Iran,Iran establishes new 'Strait Authority' amid regional opposition to strengthen control over Hormuz Strait,8,Crisis,[],D1_초크포인트,HIGH,Iran Hormuz control,aca94d1c31f4abfcded0e584c9f30e7b
"""미군, 이란 해상봉쇄 뚫으려던 유조선 여러 척 추가 폭격""",,Korean,THREAT,ROUTE,Iran,U.S. military conducts additional airstrikes against tanker vessels attempting to breach Iran's maritime blockade,7,Warning,[],D1_초크포인트,HIGH,Hormuz tanker bombing,87a33e54d0d6a3e9467b34f8327dd076
"미군 ""오만만서 대이란 해상봉쇄 진입 시도 선박 추가 무력화""",,Korean,THREAT,ROUTE,Oman/Iran,US military reports disabling additional vessels attempting to breach maritime blockade against Iran in Oman waters,7,Warning,[],D1_초크포인트,HIGH,Hormuz tanker neutralization,e96b4230c403c715188797089b97d5fa
"로이터 ""미, 대이란 해상봉쇄 위반 유조선 폭격""",,Korean,THREAT,ROUTE,Iran,Reuters reports US bombed tankers violating US-imposed maritime blockade on Iran,7,Warning,[],D1_초크포인트,HIGH,Hormuz tanker bombing,854dece70baab0283396d3a37062ba7d
"""미군, 대이란 봉쇄 돌파하려던 유조선 여러 척 공격""",,Korean,THREAT,ROUTE,Iran,US military attacks multiple tankers attempting to break Iranian blockade,7,Warning,[],D1_초크포인트,HIGH,Hormuz tanker attack,8097e3dae0a54be418f811f732471a84
"""미군, 對이란 해상봉쇄 뚫으려는 유조선 여러척 폭격""",,Korean,THREAT,ROUTE,Iran,US military conducting airstrikes against multiple tankers attempting to break through US naval blockade of Iran,7,Warning,[],D1_초크포인트,HIGH,Hormuz tanker bombing,39c6f8a5de0b9ed422cbdb3f285c336b
"미군 ""오만만서 對이란 해상봉쇄 위반 선박 2척 무력화""…긴장감 고조",,Korean,THREAT,ROUTE,Oman Sea / Persian Gulf region,"US military disables two vessels violating maritime blockade against Iran in Oman Sea, escalating regional tensions",7,Warning,[],D1_초크포인트,HIGH,Hormuz tanker neutralization,9ad7e78c213ba41ef4d724d51fa95571
"미군 ""대이란 해상봉쇄 위반한 선박 2척에 정밀 유도탄 발사""",,Korean,THREAT,ROUTE,Iran,US military fires precision-guided missiles at two vessels violating maritime blockade of Iran,7,Warning,[],D1_초크포인트,HIGH,Hormuz tanker strike,50914d611aeadada8be4dd4c0d5a10f9
"미군, 한 달간 휴전 속 이란 유조선 2척에 발포…이란 항구 진입 차단",,Korean,THREAT,ROUTE,Iran,US military fires on two Iranian tankers and blocks entry to Iranian ports during ceasefire period,7,Warning,[],D1_초크포인트,HIGH,Hormuz tanker attacks,fe1fd9fae02c4d56022e0a164ac1043c
‘호르무즈 탈출’ 유조선 서산 앞바다 도착…3월 이후 두번째,,Korean,DOMESTIC_IMPACT,,"Seosan, South Korea","A tanker that escaped the Hormuz region has arrived in waters off Seosan, South Korea—the second such arrival since March.",5,Caution,[],D1_초크포인트,HIGH,Hormuz tanker transit,4a54240cf0dde2c52d95d23dee721d91
트럼프 “휴전 중”이라더니…하루 만에 또 유조선 폭격 [美-이란 전쟁...,,Korean,THREAT,ROUTE,Iran,"Trump administration continues military strikes on Iranian targets despite ceasefire claims, with tanker bombing reported within 24 hours",7,Warning,[],D1_초크포인트,HIGH,Hormuz tanker bombing,a60e56ba408af69f558e7fae5da642ca
"""미국, 이란 봉쇄망 돌파하던 유조선 여러 척 공격""",,Korean,THREAT,ROUTE,Iran,US attacks multiple tankers attempting to break through Iran blockade,7,Warning,[],D1_초크포인트,HIGH,Iran tanker attacks,69da93ccb87fd5bdb6d2523587100f2e
"‘이란 우호국’ 중국 유조선 첫 피격…중국, 이례적 인정",,Korean,THREAT,ROUTE,Iran,Chinese tanker hit for first time in Iran-friendly waters; China makes unusual acknowledgment of incident,6,Warning,[],D1_초크포인트,HIGH,China tanker attack,667a0ce0fca6e19aa0e7aa868c1ec5fd
종전 근접했다더니 호르무즈서 교전…트럼프 “휴전은 유지”,,Korean,THREAT,ROUTE,Hormuz,Armed confrontation reported in Hormuz Strait despite claims of ceasefire proximity; Trump states ceasefire will be maintained.,7,Warning,"[""CP_Hormuz""]",D1_초크포인트,HIGH,Hormuz conflict,94a98a8a797ab1381fb564b4b5d63fb6
"""미군, 해상봉쇄 뚫으려는 유조선 여러척 추가 폭격""",,Korean,THREAT,ROUTE,,US military conducting additional airstrikes against multiple tanker vessels attempting to break through a maritime blockade,7,Warning,[],D1_초크포인트,HIGH,Tanker blockade attacks,da2a8d8c31a4069f063966f724dcddda
"""美, 해상봉쇄 돌파 시도 유조선 여러척 추가 타격""",,Korean,THREAT,ROUTE,unspecified maritime area,US attempts to breach maritime blockade with multiple tanker strikes reported,7,Warning,[],D1_초크포인트,HIGH,Tanker blockade strikes,ecebf37b4918e78c92b3406cd5846ced
"""미군, 대이란 해상봉쇄 뚫으려는 유조선 여러 척 폭격""",,Korean,THREAT,ROUTE,Iran,US military conducts airstrikes against multiple tankers attempting to breach Iran's maritime blockade,7,Warning,[],D1_초크포인트,HIGH,Hormuz tanker bombing,b71313eef2a06b59278ebf8872e69df1
미군 “해상봉쇄 돌파 시도 이란 유조선 2척 무력화”,,Korean,THREAT,ROUTE,Iran,US military reports disabling two Iranian tankers attempting to breach maritime blockade,7,Warning,[],D1_초크포인트,HIGH,Hormuz tanker strikes,8fd9a72142814d3f6b35f512b5c486ff
"이란 ""방어태세 1000%""…호르무즈서 교전 뒤 미국에 경고",,Korean,THREAT,ROUTE,Iran / Hormuz Strait,Iran declares 1000% defensive posture and warns US following naval engagement in Hormuz Strait,7,Warning,"[""CP_Hormuz""]",D1_초크포인트,HIGH,Hormuz military confrontation,14fdc5e153cee9c4457c19c9b437b892
"중국 유조선, 호르무즈 인근서 첫 피격...""갑판 화재 발생""",,Korean,THREAT,ROUTE,Hormuz Strait,Chinese tanker struck near Hormuz Strait; deck fire reported.,7,Warning,"[""CP_Hormuz""]",D1_초크포인트,HIGH,Hormuz tanker attack,388e6787ba92234ea37c462ff07473e1
"한 달 전 호르무즈 통과 일본 상선 ""통행료 안 냈다""",,Korean,THREAT,ROUTE,Hormuz,"Japanese merchant vessel that transited Hormuz Strait a month ago reportedly did not pay passage fees, creating potential tension in the chokepoint.",5,Caution,"[""CP_Hormuz""]",D1_초크포인트,HIGH,Hormuz transit toll dispute,3c35e21bca6656412109f2dcd12a6315
"미, 이번 주 '해방 작전' 재개 검토...""이란, 3~4달 더 버텨""",,Korean,THREAT,ROUTE,Iran,US considers resuming 'Operation Freedom' this week; Iran expected to endure 3-4 more months,7,Warning,[],D1_초크포인트,HIGH,Hormuz military operation,4810dc3b1b1e5d0afa51636df66f30cd
"[투나잇이슈] 미·이란, 호르무즈서 또 충돌…트럼프, 연설 예정",,Korean,THREAT,ROUTE,Hormuz,US and Iran experience another confrontation in the Strait of Hormuz; Trump scheduled to deliver remarks.,8,Crisis,"[""CP_Hormuz""]",D1_초크포인트,HIGH,Hormuz conflict escalation,1c7f675f136858fe0db517a8e1514ebf
"관세청, 중동 위기 극복 ‘수입 운임 특례’ 시행",,Korean,DOMESTIC_IMPACT,,,Korea's Customs Service implements special import freight rate exemptions to overcome Middle East crisis,5,Caution,[],D1_초크포인트,HIGH,Import freight relief,9e21446899ef7da3ad67cbef18a5fe71
"일본은 어떻게 했나…""상선미쓰이 선박 3척 호르무즈 통과""",,Korean,THREAT,ROUTE,Hormuz Strait,Japanese shipping company Mitsui OSK Lines successfully transited three vessels through the Strait of Hormuz,6,Warning,"[""CP_Hormuz""]",D1_초크포인트,HIGH,Hormuz strait passage,1ce5b49a2f65c3285a404268f0753851
"호르무즈 뚫은 유조선 ‘오데사호’, 대산항 입항",,Korean,DOMESTIC_IMPACT,,,Tanker 'Odesa' that passed through Hormuz Strait enters Daesan Port,1,Normal,"[""KP_Daesan""]",D1_초크포인트,HIGH,Tanker Hormuz passage,96daf16f24dbe65039060d612bd79126
"이란, 페르시아만 해협청 출범...호르무즈 선박 심사·세금 부과",,Korean,THREAT,ROUTE,Iran / Persian Gulf,Iran establishes Persian Gulf Strait Authority to conduct vessel inspections and impose taxes on ships transiting through Hormuz,7,Warning,"[""CP_Hormuz""]",D1_초크포인트,HIGH,Hormuz shipping fees,26b8c1ca5048247dd74f9a83a059eab5
'호르무즈 탈출' 오데사호 도착...'우회로' 홍해 속속 통과,,Korean,DISRUPTION,ROUTE,Red Sea / Horn of Africa,Odessa ship successfully transits Red Sea via alternative route after escaping Hormuz Strait region,7,Warning,[],D1_초크포인트,HIGH,Hormuz tanker transit,b94fbbc2e47b2e85c61151dcb2b8d930
"이란 국영 TV이어 국영 통신 IRNA도 ""한국 선박 피격"" 보도",,Korean,THREAT,ROUTE,Iran,Iranian state TV and news agency IRNA report that a Korean vessel was attacked,7,Warning,[],D1_초크포인트,HIGH,Korean vessel attack,837c1161f256a9ecfd10567b9cd9153a
기름값·해상보험료 폭등…해운업계 ‘비상등’,,Korean,DOMESTIC_IMPACT,,,Oil prices and maritime insurance premiums surge; Korean shipping industry enters emergency mode,7,Warning,[],D1_초크포인트,HIGH,Oil prices insurance surge,fc48d8aee1e52f46069a1d2eb2a03c4a
"‘천궁-Ⅱ에 대한 보은?’…UAE, 식별장치 끄고 몰래 호르무즈 통과..韓...",,Korean,THREAT,ROUTE,"UAE, Hormuz Strait","UAE allegedly disables identification systems and covertly passes through Hormuz Strait, raising tensions over maritime security in the region.",7,Warning,"[""CP_Hormuz""]",D1_초크포인트,HIGH,Hormuz transit risk,a9cc42c0306e04ddfad5cc016dffe8ee
"호르무즈 해협 재봉쇄 직전 겨우 빠져나온 유조선, 국내 도착",,Korean,DOMESTIC_IMPACT,,,A tanker narrowly escaped before Hormuz Strait re-closure and arrived domestically in Korea,7,Warning,[],D1_초크포인트,HIGH,Hormuz closure threat,dfb6392335e37d0da275e7b77350e759
"이란, 오만만에서 유조선 1척 나포…“원유 수출 방해 혐의”",,Korean,THREAT,ROUTE,Oman Bay,Iran seized a tanker in the Gulf of Oman on suspicion of obstructing crude oil exports.,7,Warning,"[""CF_CrudeOil""]",D1_초크포인트,HIGH,Tanker seizure Oman,0e51bbb71d4f299d22e7c2e492179048
"홍해 첫 통과 유조선, 여수 도착...중동 긴장감은 여전",,Korean,THREAT,ROUTE,Red Sea,First tanker successfully transits Red Sea and arrives in Yeosu; Middle East tensions persist,6,Warning,[],D1_초크포인트,HIGH,Red Sea tanker passage,9b0f77f29911817a392b4c856f8d388b
"[속보] ""미군, 호르무즈 봉쇄 뚫던 여러 대 빈 유조선 타격""-FOX뉴스",,Korean,THREAT,ROUTE,Hormuz,"US military strikes multiple empty tanker ships that were breaking through Hormuz blockade, per FOX News report",8,Crisis,"[""CP_Hormuz""]",D1_초크포인트,HIGH,Hormuz tanker strike,9170793f38eede8c455ec72692d215c1
"'요래 요래 하면 됩네다'…북한 보고 배운 이란, '역봉쇄'에도 기름 잘 ...",,Korean,THREAT,SOURCE,Iran,Iran learns from North Korea's tactics and strengthens oil export capability despite counter-blockade pressure,6,Warning,[],D1_초크포인트,HIGH,Iran oil blockade,917014cf33e1b319cd02c6824303b485
"CIA ""이란, 美봉쇄 3~4개월 버틸 수 있어""…트럼프 종전 낙관론에 찬물",,Korean,THREAT,SOURCE,Iran,CIA assesses Iran can endure US sanctions for 3-4 months; Trump administration shows optimistic view on ending conflict,5,Caution,[],D1_초크포인트,HIGH,Iran blockade duration,9f3b8a96ed30f1f427bb4b8708f36c14
"[뉴스특보] 미군 ""이란 軍기지 타격""…중동 갈등 중대 분수령",,Korean,THREAT,ROUTE,Iran,"US military strikes Iranian military bases, marking a major turning point in Middle East tensions.",7,Warning,[],D1_초크포인트,HIGH,US Iran military,d02c7faf7fbd56b6846f9b5d4c1cf17c
"CIA ""이란, 해상봉쇄 3~4개월 버틴다""…트럼프 낙관론과 온도차",,Korean,THREAT,ROUTE,Iran,"CIA assesses Iran can withstand a maritime blockade for 3-4 months, contrasting with Trump administration's optimistic outlook on blockade effectiveness",7,Warning,[],D1_초크포인트,HIGH,Iran naval blockade,d10703dbec9527fd7808a16bf11b54d4
"호르무즈 해협서 미·이란 교전…트럼프 ""휴전은 유효""",,Korean,THREAT,ROUTE,Hormuz Strait,US-Iran military confrontation reported in Hormuz Strait; Trump states ceasefire is valid,8,Crisis,"[""CP_Hormuz""]",D1_초크포인트,HIGH,Hormuz strait conflict,479ef8770189de1df62d88639b68d08e
"""이란군 아니다""…호르무즈 韓선박 폭발에 직접 해명 [이슈PICK]",,Korean,THREAT,ROUTE,Iran / Hormuz Strait,Iranian military denies direct responsibility for explosion incident involving Korean vessel in Hormuz Strait,7,Warning,"[""CP_Hormuz""]",D1_초크포인트,HIGH,Korean ship Hormuz,97abb37a02caa5ed1a50fa24d3b47073
"미-이란, 협상거론 하루만에 호르무즈 교전…트럼프 ""휴전 유지""(종합2보...",,Korean,THREAT,ROUTE,"Iran, Hormuz",US-Iran negotiations collapse; military confrontation reported in Hormuz Strait; Trump administration maintains ceasefire posture.,8,Crisis,"[""CP_Hormuz""]",D1_초크포인트,HIGH,Hormuz military clash,00b80a7baaa1cc9af1309f77d4f0ba08
"美, 이란 항구·호르무즈 섬 공습…걸프국 압박 작용했나",,Korean,THREAT,ROUTE,"Iran, Persian Gulf","US conducts airstrikes on Iranian ports and Hormuz Island, reportedly pressuring Gulf states",8,Crisis,[],D1_초크포인트,HIGH,Hormuz strait airstrikes,af585787a209dc003d4ce1109935d4db
"핵포기 동의 안했다는 이란, 협상안에도 “호르무즈∙종전 먼저”",,Korean,THREAT,ROUTE,Iran,Iran denies nuclear agreement and demands Hormuz Strait and ceasefire concessions in negotiations,7,Warning,"[""CP_Hormuz""]",D1_초크포인트,HIGH,Iran Hormuz demands,720e79e270047fcc0d99025e038743ee
"호르무즈 돌발 교전에도 “휴전 유지, 협상 중”…확전 피했다(종합2보...",,Korean,THREAT,ROUTE,Hormuz,"Hormuz Strait sudden armed confrontation reported; ceasefire maintained and negotiations ongoing, escalation avoided.",7,Warning,"[""CP_Hormuz""]",D1_초크포인트,HIGH,Hormuz ceasefire status,1e1b1b8c616449a1b2906a045df60683
"""UAE 유조선, 호르무즈 몰래 통과해 한국 등에 수출""",,Korean,DISRUPTION,ROUTE,"UAE, Hormuz Strait",UAE tanker covertly transits Hormuz Strait to export oil to Korea and other destinations,7,Warning,"[""CP_Hormuz""]",D1_초크포인트,HIGH,UAE tanker Hormuz transit,f767d6a38bf401d14c7c091d12f00be9
"HMM 나무호, 두바이 도착…화재 원인 조사 착수",,Korean,DOMESTIC_IMPACT,,Dubai,HMM's Namu Ho vessel arrived in Dubai; fire cause investigation underway,4,Caution,"[""KC_HMM""]",D1_초크포인트,MEDIUM,HMM vessel fire,385c24333dc2cddc14259013c3345598
고용 호조·이란 합의 기대에 뉴욕증시 상승,,Korean,IRRELEVANT,,,New York stock market rises on positive employment data and expectations of Iran deal agreement,0,Normal,[],D1_초크포인트,MEDIUM,Iran deal market reaction,1e7c4e313232e70513382c0d61944855
"'HMM 나무호' 선박보험 조사 착수…""요율 상승 우려""",,Korean,DOMESTIC_IMPACT,,,HMM's vessel 'Namuho' faces shipping insurance investigation; concerns raised about potential rate increases,5,Caution,"[""KC_HMM""]",D1_초크포인트,MEDIUM,HMM vessel insurance,0b2b002f90b6decaad5376098b13389f
정부 조사단 나무호 승선…화재 원인 조사 개시,,Korean,IRRELEVANT,,,Government investigation team boards the Namoo ship to begin fire cause investigation.,0,Normal,[],D1_초크포인트,MEDIUM,HMM fire investigation,50883de4d89c1f4193ede20f836bc956
"루비오 美국무 ""이란, 종전 제안에 8일중 답변 기대""",,Korean,THREAT,SOURCE,Iran,US Secretary of State Rubio expresses expectation that Iran will respond to a ceasefire proposal within 8 days.,3,Normal,[],D1_초크포인트,MEDIUM,Iran-US negotiations,a55b18b0a59da9617229620cb6615bb6
"이란 외교위원장 ""한국 美호르무즈 군사작전 불참, 현명한 조치""",,Korean,IRRELEVANT,,Iran,Iranian Foreign Affairs Committee chair comments that Korea's non-participation in US military operations in Hormuz is a wise decision,0,Normal,[],D1_초크포인트,MEDIUM,Korea Hormuz policy,44564e23b6deb94595a1feb2ff9afb03
"美, 이란 협상 레드라인은 '핵 포기'…20년 농축 중단·핵 물질 전량 반...",,Korean,THREAT,SOURCE,Iran,"US sets nuclear disarmament as red line in Iran negotiations, demanding 20-year halt to uranium enrichment and full nuclear material surrender.",4,Caution,[],D1_초크포인트,MEDIUM,Iran nuclear talks,8bc6b5c55642aae086cf983197b46c54
호르무즈 교전 뒤 이란 “압력에 굴복 없다”…미국 “8일 답 기대”,,Korean,THREAT,ROUTE,Iran,Iran rejects pressure following Hormuz confrontation; US expects response in 8 days,7,Warning,[],D1_초크포인트,MEDIUM,Iran-US standoff,f40addb96df586bc4153fa8f6935d2ef
"이란 외무 ""미사일 비축량 2월 대비 120%…국민 방어 준비 1000%""",,Korean,THREAT,ROUTE,Iran,Iran's Foreign Ministry states missile stockpile increased 120% since February and national defense readiness at 1000%.,6,Warning,[],D1_초크포인트,MEDIUM,Iran military posturing,3da641e79adc87f5779c89d5746a40fe
이란 “사자가 송곳니 보였다고 웃는 거라 생각 마라”... 미국 입장은?,,Korean,THREAT,ROUTE,Iran,Iran issues warning statement regarding military posture; references to US position sought.,5,Caution,[],D1_초크포인트,MEDIUM,Iran-US tensions,ef2fa14397de88e1e94d21ed120e2f15
이란 “송곳니 보인 사자가 웃고 있다 생각 말라”…미국에 경고,,Korean,THREAT,ROUTE,Iran,"Iran issues warning to the United States, using metaphorical language about a lion showing its teeth.",6,Warning,[],D1_초크포인트,MEDIUM,Iran warning message,c7e224f1315316e79af2b9fbb0760797
"나무호, 두바이항 도착…사고 원인 조사 시작",,Korean,IRRELEVANT,,Dubai,The Namu Ho vessel has arrived at Dubai port; investigation into the accident cause has begun.,0,Normal,[],D1_초크포인트,MEDIUM,Vessel accident investigation,135ddb6b673e0374e75941d7f8697889
나무호 폭발 사고 본격 조사...폭발 원인 드러날까,,Korean,IRRELEVANT,,,Investigation into Namu Ho vessel explosion accident to determine the cause,0,Normal,[],D1_초크포인트,MEDIUM,Vessel explosion investigation,715c52ffffb0a1781b6e1e8db7a7fc12
호르무즈 '기본값' 시대...기름값은 내리지 않는다,,Korean,THREAT,SOURCE,Hormuz,"Headline indicates Hormuz strait has become a normalized threat environment, but oil prices are not declining despite this normalization.",7,Warning,"[""CP_Hormuz""]",D1_초크포인트,MEDIUM,Hormuz transit risk,6d4c31507b6ff8f1db3ff63ad211bd4d
"이란 ""한국, 호르무즈 군사작전 불참, 현명...새 관계의 장 열자""",,Korean,THREAT,ROUTE,Iran,Iran states that Korea's non-participation in Hormuz military operations is wise and proposes opening a new chapter in relations.,4,Caution,[],D1_초크포인트,MEDIUM,Iran-Korea diplomatic signal,7dd710f8a7b9621eb726889d98e1cfbf
"이란 ""트럼프 또다른 계략에 빠졌나""…교전 이후 잇단 경고 메시지",,Korean,THREAT,ROUTE,Iran,"Iran issues warning messages following military confrontation, suggesting escalating geopolitical tension.",6,Warning,[],D1_초크포인트,MEDIUM,Iran military warning,472493816deb1501bd7cc20e7439ac66
"이란 ""송곳니 보인 사자가 웃는다고 생각 마라""…미국에 경고?",,Korean,THREAT,ROUTE,Iran,"Iran issues warning to US, using metaphorical language about a lion showing its teeth",5,Caution,[],D1_초크포인트,MEDIUM,Iran warning message,257454d23c19d6f1451fcf0ce88463ce
"""미, 이란에 핵농축 20년 중단·호르무즈 단계적 개방 등 요구""",,Korean,THREAT,ROUTE,Iran,US demands Iran suspend nuclear enrichment for 20 years and gradually open Strait of Hormuz,7,Warning,"[""CP_Hormuz""]",D1_초크포인트,MEDIUM,Iran nuclear negotiations,2a4e086049da89517fb03d5d31f0baa1
"루비오 美국무 “이란, 오늘 평화안 답변할 것”…협상 분수령 오나",,Korean,THREAT,SOURCE,Iran,"US Secretary of State Rubio states Iran will respond to peace proposal today, marking a potential turning point in negotiations.",5,Caution,[],D1_초크포인트,MEDIUM,US-Iran negotiations,f36e8099d05b785a37537de70de7e4b3
"이란 ""송곳니 보인 사자가 웃는다고 생각 마라""…미국에 경고?(종합)",,Korean,THREAT,ROUTE,Iran,Iran issues warning to the United States with metaphorical language about a lion showing its teeth.,5,Caution,[],D1_초크포인트,MEDIUM,Iran military warning,e1f3af095c9c656019692fa857dcf43a
"'호르무즈 충돌' 이란 ""송곳니 보인 사자 웃고 있다 생각 말라"" 경고",,Korean,THREAT,ROUTE,Iran,"Iran warns against misinterpreting its military posture in Hormuz Strait, signaling escalated tension",7,Warning,[],D1_초크포인트,MEDIUM,Iran military warning,cb43264ebad9ec954ed3718f63f811f7
[속보] 이란 외무 “美 무모한 군사적 모험 벌여 종전 노력 훼손해”,,Korean,THREAT,ROUTE,Iran,Iranian Foreign Ministry criticizes US military adventurism and accuses it of undermining peace efforts,4,Caution,[],D1_초크포인트,MEDIUM,Iran US tensions,c1bdc8cea188704755ccbf1032a6af76
"호르무즈 교전에 휴전 위태?...트럼프 ""이란 하찮은 짓"" [앵커리포트]",,Korean,THREAT,ROUTE,Hormuz,Trump downplays Iranian actions amid tensions over Hormuz Strait confrontation; ceasefire stability questioned.,7,Warning,"[""CP_Hormuz""]",D1_초크포인트,MEDIUM,Hormuz conflict escalation,2e578ce29884ed056340e7c8e8f0adc9
"미군 ""오만 만에서 이란 해상 봉쇄 위반 선박 2척 무력화""",,Korean,THREAT,ROUTE,Oman/Gulf of Oman,US military reports disabling 2 vessels violating Iranian maritime blockade in Gulf of Oman,7,Warning,[],D2_품목,HIGH,Iran blockade enforcement,603ab2336603c96eee40d0021b5694ef
"美, 해상봉쇄 돌파 시도 이란 유조선 2척 정밀 타격",,Korean,THREAT,ROUTE,Iran,US attempts precision strikes on Iranian tankers to breach maritime blockade,7,Warning,[],D2_품목,HIGH,Tanker strike Hormuz,8f89b9522c919990483f745f5c21249f
[속보] 미군 “오만만서 대이란 해상봉쇄 위반 선박 2척 무력화”,,Korean,THREAT,ROUTE,Oman,US military reports disabling two vessels violating maritime blockade against Iran in the waters off Oman,7,Warning,[],D2_품목,HIGH,Iran blockade enforcement,a3b899bfa7f3040149fb494360d472ab
"이란 매체 ""원유 수출 방해하는 유조선 1척 나포""",,Korean,DISRUPTION,SOURCE,Iran,Iranian media reports seizure of one tanker attempting to export crude oil.,7,Warning,"[""CF_CrudeOil""]",D2_품목,HIGH,Tanker seizure Iran,2ff5cbd677cf9092902dd51984627f8b
이란 매체 “원유 수출 방해하는 유조선 나포”,,Korean,THREAT,SOURCE,Iran,Iranian media reports seizure of oil tankers attempting to export crude oil,7,Warning,"[""CF_CrudeOil""]",D2_품목,HIGH,Tanker seizure Iran,5ab7f8510d221512396db0e1574d8916
"이란 매체 ""원유 수출 방해 유조선 나포""",,Korean,DISRUPTION,SOURCE,Iran,Iranian media reports seizure of oil tankers obstructing crude oil exports,8,Crisis,"[""CF_CrudeOil""]",D2_품목,HIGH,Tanker seizure Iran,89e0e4cada895cc651221bd0f6c83907
이란 매체 “원유 수출 방해하는 유조선 1척 나포”,,Korean,DISRUPTION,SOURCE,Iran,Iranian media reports seizure of one crude oil tanker that was obstructing oil exports,7,Warning,"[""CF_CrudeOil""]",D2_품목,HIGH,Tanker seizure Iran,3b5766a0abb8aba847879330240843dc
"이란 매체 ""원유 수출 방해 시도한 유조선 나포""",,Korean,THREAT,ROUTE,Iran,Iranian media reports seizure of a tanker attempting to obstruct crude oil exports,7,Warning,"[""CF_CrudeOil""]",D2_품목,HIGH,Tanker seizure Iran,d17427ce36d8a9d5252793549f8f08e6
"이란 매체 ""오만해에서 원유 수출 방해한 유조선 나포""",,Korean,DISRUPTION,ROUTE,Oman Sea,Iranian media reports seizure of oil tanker blocking crude oil exports in Oman Sea,7,Warning,"[""CF_CrudeOil""]",D2_품목,HIGH,Tanker seizure Iran,01d82c2a50511364145a1ed59e962efc
"이란 매체 ""해군, 원유 수출 방해하는 유조선 1척 나포""",,Korean,DISRUPTION,SOURCE,Iran,Iranian media reports that the Iranian Navy has seized one oil tanker obstructing crude oil exports.,7,Warning,"[""CF_CrudeOil""]",D2_품목,HIGH,Tanker seizure Iran,6d81a8311b703e905a291825ec503409
"송영길 ""러시아산 나프타·원유 도입…국회 가면 가장 먼저 풀 것""",,Korean,DOMESTIC_IMPACT,,,South Korean politician Song Young-gil states intention to prioritize resolving Russian naphtha and crude oil imports in parliament,5,Caution,"[""CF_Naphtha"", ""CF_CrudeOil""]",D2_품목,HIGH,Russian naphtha crude imports,56955c856012103de5776f541f4edf6c
"""봉쇄해도 4개월 거뜬""…이란 버티기에 애닳는 트럼프, 이라크까지 제재",,Korean,THREAT,SOURCE,"Iran, Iraq",US sanctions against Iran and Iraq amid tensions over Iran's ability to withstand economic blockade.,6,Warning,[],D2_품목,HIGH,Iran sanctions,cf269be7e38079c58ad0818d4acb5cce
길어지는 중동전쟁… 정부 ‘산업의 쌀’ 나프타 안정화 총력전,,Korean,THREAT,SOURCE,Middle East,Korean government mobilizes to stabilize naphtha supply amid prolonged Middle East conflict,8,Crisis,"[""CF_Naphtha""]",D2_품목,HIGH,Naphtha supply stabilization,f11a800b253a3d0c7e93cc995911e770
"산업부, 석유화학 업계 간담회 개최...안전관리·원료수급 종합 점검",,Korean,DOMESTIC_IMPACT,,,South Korea's Ministry of Industry holds a meeting with petrochemical industry to comprehensively review safety management and raw material supply.,2,Normal,[],D2_품목,HIGH,Petrochemical supply,302214b9f41935e26f424fba8689af54
"""5월 나프타 확보 물량, 중동전쟁 이전 대비 85∼90% 수준까지 회복될 것...",,Korean,DISRUPTION,SOURCE,Middle East,Naphtha supply secured in May is expected to recover to 85-90% of pre-Middle East war levels,7,Warning,"[""CF_Naphtha""]",D2_품목,HIGH,Naphtha procurement,88a6021962d4fc74e7f4840c657a7597
"한국전력, 연료비 부담에 목표가 후퇴…전력망 투자 시험대",,Korean,DOMESTIC_IMPACT,,,Korea Electric Power Corporation faces fuel cost burdens and retreats from targets while power grid investment faces challenges.,2,Normal,"[""KC_KEPCO""]",D2_품목,MEDIUM,Power utility fuel costs,3b6611b31b7e5838e013acd9b35085cf
"3월 경상수지, 반도체 호조에 역대 최대 흑자…수출·수입 모두 큰 폭 증...",,Korean,IRRELEVANT,,,South Korea's current account surplus in March reached record high driven by semiconductor exports; both exports and imports grew significantly,0,Normal,[],D2_품목,MEDIUM,Trade balance semiconductor,128a90d946f074e088d1c5cf5c21fde8
[이슈] 종전 기대에 환율 장중 1440원대 진입…중동 변수에 변동성 확대...,,Korean,IRRELEVANT,,,Korean won exchange rate enters 1440 won range during intraday trading; Middle East variables expand volatility.,0,Normal,[],D2_품목,MEDIUM,Middle East geopolitics,fa1b1a33f7891b7e28ba7ec961933412
[중국증시-마감] 미·이란 긴장 재점화 속 혼조,,Korean,THREAT,ROUTE,"US, Iran",US-Iran tensions re-escalate amid mixed Chinese stock market closing,5,Caution,[],D2_품목,MEDIUM,Iran tensions,09efdb83e3817bec162a62e87ba3de6e
"이라크, ‘차관의 이란산 원유 판매 지원’ 미국 주장 부인",,Korean,THREAT,SOURCE,Iraq,Iraq denies US claim that it facilitated Iranian crude oil sales through intermediaries,5,Caution,"[""CF_CrudeOil""]",D2_품목,MEDIUM,Iran oil sanctions,14de41ce577b96392e1e9d4d271e23fb
원유 재고 ‘뚝뚝’...“수요 파괴 온다” 월가의 경고,,Korean,THREAT,SOURCE,,Global crude oil inventories are declining sharply; Wall Street warns of incoming demand destruction,6,Warning,"[""CF_CrudeOil""]",D2_품목,MEDIUM,Oil inventory decline,5bd75d9a77b6011b948ccf64634b3dfa
"미 조기종전 급한데…""이란, 3~4개월 버틸 것""",,Korean,THREAT,SOURCE,Iran,Report indicates Iran can sustain for 3-4 months amid US pressure for early war cessation,6,Warning,[],D2_품목,MEDIUM,Iran geopolitical tension,8bdd77dd9075e9be56b8eb71938d2e69
"CIA ""이란 3~4개월은 버틴다""…트럼프 조기 종전 구상에 ‘찬물’",,Korean,THREAT,SOURCE,Iran,"CIA assessment that Iran can sustain itself for 3-4 months, casting doubt on Trump's plan for early conflict resolution",5,Caution,[],D2_품목,MEDIUM,Iran geopolitical tension,16c61aebb2b26e9d49ad35ffca12e47b
WTI 원유 장중 4% 하락…브렌트유 98달러 하회,,Korean,IRRELEVANT,,,WTI crude oil falls 4% intraday; Brent crude drops below $98/barrel,0,Normal,"[""CF_Coal"", ""CF_CrudeOil""]",D2_품목,MEDIUM,Oil price decline,27d133a48fa6b9bb7a308602b380fb6f
"정부, 중동3국서 에너지·복구 협력 논의…전후 사업 참여 타진",,Korean,IRRELEVANT,,,Korean government discusses energy and reconstruction cooperation with three Middle Eastern countries and explores participation in post-conflict business projects.,0,Normal,"[""KS_Energy""]",D2_품목,MEDIUM,Middle East energy cooperation,fa309cffdfb47f4ec7cdbd1afb97e76e
“우리만 죽으란 거냐”…에쓰오일 샤힌 가동 ‘비상’,,Korean,DOMESTIC_IMPACT,,,S-Oil's Shaheen facility operating in emergency mode amid supply concerns,5,Caution,[],D2_품목,MEDIUM,S-Oil refinery operations,27da3da0374da8d1aa7397792daee9c9
"CIA ""이란, 美 해상봉쇄 3~4개월 버틸 수 있다""",,Korean,THREAT,SOURCE,Iran,CIA assessment that Iran can withstand US maritime blockade for 3-4 months,7,Warning,[],D2_품목,MEDIUM,Iran blockade resilience,305746aa02b3415cff65e0e1341981b8
5차 최고가격 동결에 정부·업계 '손실 기준' 놓고 의견차 우려…정유업...,,Korean,DOMESTIC_IMPACT,,,Korean government and petroleum industry disagree over loss calculation standards in the fifth round of price freeze policy.,2,Normal,[],D2_품목,MEDIUM,Oil price regulation dispute,5da64d6be53f3dbe34c79582415a5a34
"문병준 특사, 쿠웨이트·바레인·이라크 순방…에너지 협력 등 논의",,Korean,IRRELEVANT,,,"Special envoy Moon Byung-jun visits Kuwait, Bahrain, and Iraq to discuss energy cooperation.",0,Normal,"[""KS_Energy""]",D2_품목,MEDIUM,Energy diplomacy,0c68e9b6d4bdc8086a050aea61902843
북극항로 앞두고 울산항 탄소중립 선점 잰걸음…친환경 벙커링 정조준,,Korean,IRRELEVANT,,,"Ulsan port accelerates carbon-neutral initiatives ahead of Arctic route opening, focusing on eco-friendly bunkering services",0,Normal,"[""KP_Ulsan""]",D2_품목,MEDIUM,Port infrastructure,f6276b8d9ce1d59f7b13d2cad7bb5cdc
'중동사태 이후 리스크 관리 전략은?' 울산 무협 세미나,,Korean,THREAT,SOURCE,Middle East,Ulsan Chamber of Commerce holds seminar on risk management strategy following Middle East situation,5,Caution,[],D2_품목,MEDIUM,Risk management,f46d72df5e4d03bacd49595fe03acc3d
"외교장관 특사, 쿠웨이트·바레인·이라크 방문…석유·산업부 고위인사...",,Korean,THREAT,SOURCE,"Kuwait, Bahrain, Iraq","Korean Foreign Minister's special envoy visits Kuwait, Bahrain, and Iraq with high-ranking oil and industry officials",4,Caution,[],D2_품목,MEDIUM,Energy diplomacy,949bb5022e128ae7623c6540347d1afb
"""매점매석은 망하는 길"" 이재명 대통령 경고에 '나프타 관련주' 주목 [뉴...",,Korean,DOMESTIC_IMPACT,,,Korean President Lee Jae-myung warns against hoarding and calls attention to naphtha-related stocks.,2,Normal,"[""CF_Naphtha""]",D2_품목,MEDIUM,Naphtha supply,72bfd833fa5bd34d8f6b40ee7831c6a7
중동 리스크·외인 투매에 환율 17.7원 급등…1471.7원 마감 [김혜란의 ...,,Korean,DOMESTIC_IMPACT,,,"Korean won surged 17.7 won against foreign currency due to Middle East risks and foreign investor selling, closing at 1471.7 won.",2,Normal,[],D2_품목,MEDIUM,KRW exchange rate,49e6ea24692d89b6191d3fad1fbd7d3f
SCFI 2주연속 상승...2천선 턱밑 접근,,Korean,IRRELEVANT,,,"Shanghai Containerized Freight Index (SCFI) rises for two consecutive weeks, approaching the 2,000 mark.",0,Normal,[],D2_품목,MEDIUM,Freight rate surge,1198d0b148e5c84a7855df14bd895b4d
"금호석유화학, 전쟁 변수에 1분기 수익성 주춤…""종결 땐 원료 수급 개...",,Korean,DOMESTIC_IMPACT,,,Kumho Petrochemical reports weakened profitability in Q1 due to war variable; expects improved raw material supply upon war resolution,5,Caution,"[""KC_Kumho""]",D2_품목,MEDIUM,Petrochemical earnings,27aeb9ba44d4b8e1cb7d434119d4711f
"""UAE 대가 치를 것"" 이란 경고 직후 방공망 가동…걸프국으로 확전 우려",,Korean,THREAT,ROUTE,"UAE, Gulf region",Iran warns UAE will face consequences; Gulf states activate air defense systems amid concerns of regional escalation,7,Warning,[],D2_품목,MEDIUM,Iran-UAE tensions,f30e8c7068f5fddf321ec8cdacf1f35f
"DL, 1분기 영업익 1129억…석화·에너지 회복세",,Korean,DOMESTIC_IMPACT,,,DL (Daelim) reports Q1 operating profit of 112.9 billion won with recovery in petrochemicals and energy sectors,2,Normal,"[""KS_Energy""]",D2_품목,MEDIUM,Energy sector recovery,31e2f9424a480614b8b856a34d90425c
"[SK 리밸런싱 그 후] SK이노베이션, 80조 매출 불구 이익률 정체",,Korean,DOMESTIC_IMPACT,,,SK Innovation reports stagnant profit margins despite 80 trillion won in revenue following company restructuring.,0,Normal,[],D2_품목,MEDIUM,SK Innovation earnings,d80d67e803c58638410a0649b46ed695
"유가·환율 흔들리자…부산은행, 수출입기업에 1000억 긴급 수혈",,Korean,DOMESTIC_IMPACT,,South Korea,Busan Bank provides 100 billion won emergency funding to export-import companies amid oil price and exchange rate volatility,2,Normal,[],D3_인프라,MEDIUM,Oil price volatility,642616a159f1a38a91fb866c01e98728
김정재 대표발의 3법 통과…포항 북극항로 시대 연다,,Korean,IRRELEVANT,,,"Three bills proposed by Kim Jeong-jae passed, opening the era of Pohang Arctic route.",0,Normal,[],D3_인프라,MEDIUM,Arctic shipping route,921f722c1a2e5b1471ef6c95d57ccc7a
"북, 서울겨냥 장사정포 위협 키우고, 서해 NLL 전술핵 탑재 구축함 배치...",,Korean,THREAT,ROUTE,North Korea / Yellow Sea,North Korea increases long-range artillery threats toward Seoul and deploys tactical nuclear-equipped destroyers in the Yellow Sea near the NLL (Northern Limit Line),7,Warning,[],D3_인프라,MEDIUM,Military posturing,330229f31d779ef152a092e0c6742d35
"UPA, 탄소중립 항만 포럼 개최…에너지 공급망 역할 재정립",,Korean,IRRELEVANT,,,UPA holds carbon-neutral port forum and reestablishes role in energy supply chain,0,Normal,"[""KS_Energy""]",D3_인프라,MEDIUM,Carbon-neutral ports,92a4a5e72cccfbb9e0e704415c9de78d
"HMM, 임시주총에서 본점 부산 이전 확정 ""균형발전 동참"" 속 이전 절차 ...",,Korean,DOMESTIC_IMPACT,,South Korea,HMM confirms relocation of headquarters from Seoul to Busan at extraordinary general meeting as part of balanced regional development,1,Normal,"[""KC_HMM""]",D3_인프라,MEDIUM,HMM relocation,50b61b7bcf37e7e825af2961429ce7f9
미군 “오만만서 대이란 해상봉쇄 위반 선박 2척 무력화”,,Korean,THREAT,ROUTE,Oman,US military disables two vessels violating naval blockade in waters off Oman against Iran,7,Warning,[],D4_운송,HIGH,Iran blockade enforcement,f0398c0a907c22985ce14fd2b23d7236
"[속보] 미군 ""오만만서 대이란 해상봉쇄 위반 선박 2척 무력화""",,Korean,THREAT,ROUTE,Oman / Iran,US military reports disabling 2 vessels violating maritime blockade against Iran west of Oman,7,Warning,[],D4_운송,HIGH,Iran blockade enforcement,2c14c2ca151e515492c37148ea9c5e7d
"미군 ""해상봉쇄 돌파시도 이란 유조선 2척 오만만서 무력화""",,Korean,THREAT,ROUTE,Oman Sea,US military disabled two Iranian tankers attempting to break through a maritime blockade in the Oman Sea,7,Warning,[],D4_운송,HIGH,Iran blockade enforcement,78adae7268702b81208268fd482807bd
"[속보] 미군 ""오만 만에서 이란 해상 봉쇄 위반 선박 2척 무력화""",,Korean,THREAT,ROUTE,Gulf of Oman,US military reports disabling two vessels violating Iran's maritime blockade in Gulf of Oman,7,Warning,[],D4_운송,HIGH,Iran blockade enforcement,2fea25beda206474b7d870c4610cb35b
"""이란 해군, 유조선 1척 나포""",,Korean,THREAT,ROUTE,Iran,Iranian Navy seized one tanker vessel,7,Warning,[],D4_운송,HIGH,Iran tanker seizure,5b91201196203fbf90ce9fc80c101eaa
"[위클리오늘] 호르무즈 나무호, 두바이 입항...'외부 공격? 아님, 선박 ...",,Korean,THREAT,ROUTE,Dubai / Hormuz,Weekly report on Hormuz Strait ship incident with unclear cause (external attack or vessel malfunction),6,Warning,"[""CP_Hormuz""]",D4_운송,HIGH,HMM vessel Hormuz incident,cf0300039958d00b3c7ba78873e41bd0
"HMM 나무호, 두바이항 접안 완료…오후 1시부터 조사 착수",,Korean,DOMESTIC_IMPACT,,Dubai,HMM's Namu vessel completed docking at Dubai port and investigation commenced at 1 PM,3,Normal,"[""KC_HMM""]",D4_운송,HIGH,HMM Namuho investigation,dd073a466fd81123608c10dda9871dc0
[아주경제 오늘의 뉴스 종합] HMM 임시주총서 본점 부산 이전 합의…대...,,Korean,DOMESTIC_IMPACT,,South Korea,HMM held an extraordinary shareholders meeting and agreed to relocate its headquarters from Seoul to Busan.,1,Normal,"[""KC_HMM""]",D4_운송,MEDIUM,HMM headquarters relocation,ef7f9fa3754d068e43488c57593abfd7
고유가에 몰린 에너지 전환... 보조금 벌써 바닥,,Korean,DOMESTIC_IMPACT,,,South Korea's energy transition concentrated on high oil prices; government subsidies already depleted,5,Caution,"[""KS_Energy""]",D4_운송,MEDIUM,Energy transition subsidy,32f4fcd268e83fa82a19f3a91d66caeb
"HMM, 결국 부산행…“실제 이전 규모는 추후 협상”",,Korean,DOMESTIC_IMPACT,,South Korea,HMM (Hyundai Merchant Marine) is relocating to Busan; actual scale of relocation to be determined through future negotiations.,2,Normal,"[""KC_HMM""]",D4_운송,MEDIUM,HMM relocation,140555612bc49544acd0779a8f22eee5
"조사단, 나무호 기관실 진입 ""조사 진행 중""‥상당 시일 소요될 듯",,Korean,IRRELEVANT,,,Investigation team enters engine room of vessel Namoo; investigation ongoing and expected to take considerable time.,0,Normal,[],D4_운송,MEDIUM,Vessel accident investigation,48e564c688db24c185c87bbb10e75fd6
"새벽 인천 앞바다 예인선 화재…선원 2명 구조, 냉장고 전기 합선 추정",,Korean,IRRELEVANT,,"Incheon, Korea",A tugboat caught fire in waters off Incheon at dawn; two crew members were rescued. Electrical short circuit in refrigerator suspected as cause.,0,Normal,[],D4_운송,MEDIUM,Tugboat fire incident,4445f464cbbc16d64eb02edbe90c2550
"4월 전세계 선박 수주량 649만CGT, 전년 동기 대비 21% 증가",,Korean,IRRELEVANT,,,"Global ship orders in April reached 6.49 million CGT, representing a 21% increase compared to the same period last year.",0,Normal,[],D4_운송,MEDIUM,Global shipbuilding orders,a9509baf1803d8d99d6ba7df62051113
"경과원·김포시, 수출기업 물류 부담 덜기 총력",,Korean,IRRELEVANT,,,Korea Maritime Institute and Gimpo City collaborate to reduce logistics burden on export companies,0,Normal,[],D4_운송,MEDIUM,Export logistics support,0363de23f01b02023603b00e6606f209
고환율·운임 급등 대응…수출물류비 지원하는 경과원,,Korean,DOMESTIC_IMPACT,,,Korea government supports export logistics costs in response to high exchange rates and surging freight rates,3,Normal,[],D4_운송,MEDIUM,Export logistics support,92a89194c59b474e970734a35f393baa
"제주항공, 승무원 무급휴직…유가 급등에 비행 줄인다",,Korean,DOMESTIC_IMPACT,,,Jeju Air reduces flights and places crew on unpaid leave due to sharp increase in fuel prices,2,Normal,[],D5_시장지표,MEDIUM,Fuel cost impact,4e83ecc678afdc187cae76dbc86920f9
고유가 부담에 美 소비자심리 또 역대 최저,,Korean,IRRELEVANT,,,"High oil prices burden US consumer sentiment, hitting a record low",0,Normal,[],D5_시장지표,MEDIUM,Oil price impact,24de0eaff802a9ac861b9540745bfc3a
"바클레이스, 2026년 브렌트유 평균 100달러 전망 유지",,Korean,IRRELEVANT,,,Barclays maintains its forecast of average Brent crude oil price at $100 per barrel in 2026,0,Normal,[],D5_시장지표,MEDIUM,Brent crude forecast,fa9a2fb7e4cc4c6b729963363a86e9d0
'고유가 피해지원금' 1차 마감… 91.2% 신청·1.7조원 지급,,Korean,IRRELEVANT,,,South Korea completes first phase of high oil price damage relief fund with 91.2% application rate and 1.7 trillion won disbursed,0,Normal,[],D5_시장지표,MEDIUM,High oil price relief,d6944bb5c72c8fe358ea31fb955d26b3
"고유가 직격탄 맞은 아세안 정상들, 에너지 안보 강화",,Korean,THREAT,SOURCE,ASEAN,"ASEAN leaders, facing high oil prices, strengthen energy security measures",5,Caution,"[""KI_EnergySecurity"", ""KS_Energy""]",D5_시장지표,MEDIUM,High oil prices,d9d5ea40175a70d52e1a3ffcd0f873bf
"전쟁발 고유가 직격탄…아세안 정상들, 에너지 안보 강화",,Korean,THREAT,SOURCE,ASEAN,War-driven high oil prices directly impact ASEAN leaders; they strengthen energy security measures,7,Warning,"[""KI_EnergySecurity"", ""KS_Energy""]",D5_시장지표,MEDIUM,High oil prices,80253a624e34d9c33e6de15a9e57ed18
"""무급휴직 신청 받습니다""…고유가 직격탄 맞은 제주항공",,Korean,DOMESTIC_IMPACT,,South Korea,Jeju Air is accepting unpaid leave applications due to direct impact from high oil prices.,3,Normal,[],D5_시장지표,MEDIUM,Airline fuel costs,c0a03689a43ac7dc39d7438f5cf0f914
중동발 고유가에 운항 '뚝'…제주항공도 객실승무원 대상 무급 휴직,,Korean,DOMESTIC_IMPACT,,,Jeju Air implements unpaid leave for cabin crew due to reduced operations caused by high oil prices originating from the Middle East,3,Normal,[],D5_시장지표,MEDIUM,Airline operations,7b2206f4027a047a09a7634b9af36969
"저가항공 대표주자 제주항공, 객실승무원 무급휴직…중동전쟁에 운항 줄...",,Korean,DOMESTIC_IMPACT,,Middle East,"Jeju Air, a major low-cost carrier, implements unpaid leave for cabin crew and reduces flights due to Middle East tensions.",3,Normal,[],D5_시장지표,MEDIUM,Middle East impact,faf7c71ed98a4d6e824c799e6c91ae6f
고유가 피해지원금 신청률 91% 돌파⋯1조6728억원 지급,,Korean,IRRELEVANT,,,High application rate (91%) for high oil price damage relief fund; total payment of 1.6728 trillion won announced,0,Normal,[],D5_시장지표,MEDIUM,High oil price relief,2a9ae14a04bb98b1f3297dc80e8876ac
고유가 지원금 1차 신청률 91.2%…1조6700억원 지급,,Korean,IRRELEVANT,,,Government announces 91.2% application rate for first round of high oil price support fund; 1.67 trillion won disbursed,0,Normal,[],D5_시장지표,MEDIUM,High oil price relief,5696e1d7ea41f2233c16bb16000cc51d
고유가 피해지원금 1차 신청률 91% 돌파… 294만명 신청,,Korean,IRRELEVANT,,,High-priced fuel damage support fund first application surpassed 91% with 2.94 million applicants,0,Normal,[],D5_시장지표,MEDIUM,High oil price relief,5bfa1d1fcb70d992cd979c2484f3aba3
"고유가 지원금 294만 명 신청...신청률 전남 93.6% '최고', 경남 87.8% '최...",,Korean,IRRELEVANT,,,High application rate for fuel cost support program across South Korean regions,0,Normal,[],D5_시장지표,MEDIUM,High oil price relief,4567e37eff0bc5f7524320ff41405fd9
'고유가 피해지원금' 1차 지급 신청에 294만명 몰려,,Korean,IRRELEVANT,,,"South Korea government announces first round of applications for high oil price damage support fund, attracting 2.94 million applicants.",0,Normal,[],D5_시장지표,MEDIUM,High oil price relief,6ef842747101dedfba448f4e9de7294f
'고유가 지원금' 1차 지급 대상 91.2% 신청…1조6728억원 지급,,Korean,IRRELEVANT,,,"South Korea's government reports 91.2% application rate for first-phase high oil price support funds, with 1.6728 trillion won disbursed.",0,Normal,[],D5_시장지표,MEDIUM,High oil price relief,fbbe192ff12c75a0eae468e5170e150f
고유가 피해지원금 294만여명 신청… 지급액 1조6728억원,,Korean,IRRELEVANT,,,High oil price damage relief fund applications reach 2.94 million with total disbursement of 1.67 trillion won,0,Normal,[],D5_시장지표,MEDIUM,High oil price relief,494f64d5339d5e965267013d3a8c3fff
"'고유가 피해지원금' 1차 신청률 91.2%…1조6,728억원 지급",,Korean,IRRELEVANT,,,"South Korea announces first-phase application rate of 91.2% for high oil price damage support fund, with 1.6728 trillion won in disbursements.",0,Normal,[],D5_시장지표,MEDIUM,High oil price relief,d0ab6d6fbe7c106b7e5ca7fbf4a72363
"'중동사태 여파' 제주항공, 객실 승무원 무급휴직 실시",,Korean,DOMESTIC_IMPACT,,,Jeju Air implements unpaid leave for cabin crew due to Middle East crisis aftermath,2,Normal,[],D5_시장지표,MEDIUM,Middle East impact,6025074d142eb3886411c303dc77c5b6
고유가 지원금 1차 신청률 91.2%…1조 6천728억 원 지급,,Korean,IRRELEVANT,,,Korea's high-oil-price subsidy program reports 91.2% first-stage application rate with 1.67 trillion won disbursed,0,Normal,[],D5_시장지표,MEDIUM,High oil price relief,fde8f54906121b83a08e00e42a442426
‘1차 고유가 피해지원금’ 91.2% 신청…1조 6728억원 지급,,Korean,IRRELEVANT,,,"South Korea's government reports 91.2% application rate for first-phase high oil price damage support fund, with 1.6728 trillion won in disbursements.",0,Normal,[],D5_시장지표,MEDIUM,High oil price relief,d060c769a68aaa7d2faaf697deaa8a55
고유가 지원금 1차 신청률 91.2%…1조6728억원 지급,,Korean,IRRELEVANT,,,"South Korea announces 91.2% application rate for first phase of high oil price support fund, distributing 1.6728 trillion won.",0,Normal,[],D5_시장지표,MEDIUM,High oil price relief,f8cad15a373f3c1a9c5542c3e4c97631
신청률 91% 넘어…'고유가 지원금' 1.7조 지급,,Korean,IRRELEVANT,,,South Korea's high oil price support fund sees 91% application rate with 1.7 trillion won disbursed.,0,Normal,[],D5_시장지표,MEDIUM,High oil price relief,4ae009d3026e70b196bcc3cd88e9d67b
고유가 지원금 1차 신청률 91.2%…1.7조원 지급,,Korean,IRRELEVANT,,,South Korea's government announces 91.2% first-round application rate for high oil price support fund with 1.7 trillion won in disbursement,0,Normal,[],D5_시장지표,MEDIUM,High oil price relief,fea6a54a9d1e9cf9df9462bf34fe8d2e
"1차 고유가 지원금 신청 마감…91.2% 신청, 1조6700억 지급",,Korean,IRRELEVANT,,,"Korea announces application deadline for first round of high oil price support funds, with 91.2% application rate and 1.67 trillion won in disbursement.",0,Normal,[],D5_시장지표,MEDIUM,High oil price relief,f5b02cb153f48c5c6e1f779576ac9656
‘1차 고유가 피해지원금’ 대상자 91% 신청···1조6728억원 지급,,Korean,IRRELEVANT,,,"South Korea government announces 91% application rate for first-round high oil price damage relief fund, distributing 1.6728 trillion won",0,Normal,[],D5_시장지표,MEDIUM,High oil price relief,78878c07b99a0b634bbf5b90d8353563
고유가 피해지원금 1차 '91.2%' 신청…1조 6728억 원 지급,,Korean,IRRELEVANT,,,High subsidy application rate for high oil price damage support; 1.6728 trillion won in first round payments announced,0,Normal,[],D5_시장지표,MEDIUM,High oil price relief,767493d3cdd8d0b2ce2ca84f45fb4933
"고유가 피해지원금 1차 신청률 91.2%…1조6,728억 원 지급",,Korean,IRRELEVANT,,,"Korean government announces 91.2% first-phase application rate for high oil price damage support fund, distributing 1.6728 trillion won",0,Normal,[],D5_시장지표,MEDIUM,High oil price relief,87a7378d5f17680c1f6d64fc8395c61d
고유가 지원금 1차 신청률 91.2%...1조 6728억 원 지급,,Korean,IRRELEVANT,,,"South Korea announces first-stage application rate of 91.2% for high oil price support fund, with 1.6728 trillion won disbursed",0,Normal,[],D5_시장지표,MEDIUM,High oil price relief,452548dff9795f87f47aafedadf99e65
'고유가 지원금' 1차 마감…91% 신청·1.7조 지급,,Korean,IRRELEVANT,,,South Korea's first-phase high oil price support fund closed with 91% application rate and 1.7 trillion won in disbursements.,0,Normal,[],D5_시장지표,MEDIUM,High oil price relief,7f5e5be3452fc929f078f0e3e7dea148
"'고유가 지원금' 1차 기간, 취약계층 91.2% 신청 완료",,Korean,IRRELEVANT,,,First phase of high-oil-price support fund shows 91.2% application completion rate among vulnerable populations.,0,Normal,[],D5_시장지표,MEDIUM,High oil price relief,55f8e48728bd72f85e2e9772b33cfcfb
"고유가 피해지원금 1차 마감, 신청률 91.2%…1.7조 지급",,Korean,IRRELEVANT,,,"South Korea's first phase of fuel surcharge support subsidy application closed with 91.2% application rate, with 1.7 trillion won to be disbursed.",0,Normal,[],D5_시장지표,MEDIUM,High oil price relief,ac6abdcc86ac58c74ae48805b4a4cbcd
"고유가 피해지원금 1차 지급 신청률 91.2%…1조 6,728억 원 지급",,Korean,IRRELEVANT,,,"South Korea announces first payment application rate of 91.2% for high oil price damage relief fund, disbursing 1.6728 trillion won.",0,Normal,[],D5_시장지표,MEDIUM,High oil price relief,1ab8775e8c3be5929721268808752cff
고유가 지원금 1차 신청률 91.2%…1조6천728억원 지급,,Korean,IRRELEVANT,,,"Korea announces high application rate (91.2%) for first phase of high oil price subsidy program, disbursing 1.67 trillion won",0,Normal,[],D5_시장지표,MEDIUM,High oil price relief,d43a300360c2fba1f2a873e3ae1e2e77
'고유가 지원금' 1차 대상 91.2% 신청…1조6728억 지급,,Korean,IRRELEVANT,,,"South Korea announces that 91.2% of eligible applicants for high oil price support fund submitted claims, with 1.67 trillion won in payments distributed.",0,Normal,[],D5_시장지표,MEDIUM,High oil price relief,5df992bf3ea2c2d056d73ea447500211
"[속보] 고유가 피해지원금 1차 신청 마감, 91.2% 신청…1조6728억 지급",,Korean,IRRELEVANT,,,"South Korea announces first-phase application deadline for high oil price damage relief fund, with 91.2% application rate and total disbursement of 1.6728 trillion won",0,Normal,[],D5_시장지표,MEDIUM,High oil price relief,aa9639efce501792e8d271cfed233d19
"제주항공, 11일까지 객실승무원 대상으로 무급휴직 신청 받아",,Korean,IRRELEVANT,,,Jeju Air accepts unpaid leave applications from cabin crew members until the 11th.,0,Normal,[],D5_시장지표,MEDIUM,Airline fuel cost impact,16a56004136b2d52ee1e9bdde3f53a49
제주항공도 결국 무급휴직…중동발 고유가에 운항 편 줄어,,Korean,DOMESTIC_IMPACT,,,Jeju Air implements unpaid leave due to high crude oil prices from Middle East affecting flight operations,3,Normal,[],D5_시장지표,MEDIUM,Airline fuel cost impact,ab288a92b683cf2218d9bb58822d1840
"고유가에 시름하는 LCC…제주항공, 무급휴직 신청 접수",,Korean,DOMESTIC_IMPACT,,,"Jeju Air, a Korean low-cost carrier, is accepting applications for unpaid leave due to high fuel costs.",2,Normal,[],D5_시장지표,MEDIUM,Airline fuel cost impact,0b4d9ccd23360bd6ba0a330992e1c6cc
"미군 ""해상봉쇄 돌파시도한 이란 유조선 2척 오만만서 무력화""",,Korean,THREAT,ROUTE,Oman Bay,US military reports neutralizing two Iranian tankers attempting to breach maritime blockade in Oman Bay,7,Warning,[],D6_교란행위,HIGH,Iran tanker seizure,d96510d4741aff2c3fcc6b745158fc9b
"[속보] 미군 ""오만만서 봉쇄 위반 시도한 이란 유조선 2척 무력화""",,Korean,THREAT,ROUTE,Oman Sea / Gulf of Oman,US military reports neutralizing two Iranian tankers attempting to breach blockade in Oman waters,7,Warning,[],D6_교란행위,HIGH,Iran tanker seizure,2439d1180f6b58343ba23021f20035b5
"호르무즈에서 다시 '포성'... 트럼프 ""이란 완전히 파괴됐다""",,Korean,THREAT,ROUTE,Hormuz,Gunfire reported again in Hormuz Strait; Trump claims Iran has been completely destroyed.,8,Crisis,"[""CP_Hormuz""]",D6_교란행위,HIGH,Hormuz military conflict,48ca38be053e2a8a84976440bcb8187e
"미-이란 교전에도 트럼프 ""휴전은 유지""",,Korean,THREAT,ROUTE,Iran,Trump maintains ceasefire despite US-Iran military confrontation,5,Caution,[],D6_교란행위,HIGH,US-Iran ceasefire,403bf6ae76e281d4dcbc3cce86a9949b
"美·이란 호르무즈서 교전...서로 ""먼저 공격했다"" 주장",,Korean,THREAT,ROUTE,Hormuz Strait,"US and Iran engaged in military confrontation in the Hormuz Strait, with both sides claiming the other attacked first",8,Crisis,"[""CP_Hormuz""]",D6_교란행위,HIGH,Hormuz armed clash,7be37727282ae26b34102f884b5d9be0
"호르무즈 교전에도…트럼프 ""휴전중 그냥 가볍게 툭 친 수준""",,Korean,THREAT,ROUTE,Hormuz,Trump downplays Hormuz military skirmish as minor incident during ceasefire period,6,Warning,"[""CP_Hormuz""]",D6_교란행위,HIGH,Hormuz military engagement,2f7ef11ca0ab74b1c2fac091c428eb5a
"트럼프, 호르무즈 교전에도 “이란과 휴전 계속 유지중”[1일1트]",,Korean,THREAT,ROUTE,Iran,Trump states that ceasefire with Iran is being maintained despite Hormuz Strait confrontation.,7,Warning,"[""CP_Hormuz""]",D6_교란행위,HIGH,US-Iran ceasefire status,dd69ef9dc5ab89e6d037432743853fbe
미·이란 호르무즈 해협서 또 무력 충돌…또 휴전 좌초 위기,,Korean,THREAT,ROUTE,Hormuz Strait,US-Iran armed conflict reported in Hormuz Strait with ceasefire breakdown risk,9,Crisis,"[""CP_Hormuz""]",D6_교란행위,HIGH,Hormuz strait conflict,3274be0f3f0d279bc59a9f291caed9c4
"휴전 MOU 문턱서 터진 '호르무즈 포성'...이란 ""미군, 민간지역 공습"" 정...",,Korean,THREAT,ROUTE,Iran,Iran and US military tensions escalate near Hormuz Strait; Iran accuses US of civilian area strikes during ceasefire negotiations.,8,Crisis,"[""CP_Hormuz""]",D6_교란행위,HIGH,Hormuz ceasefire breakdown,fd032e7add65e12534a17eb8d8cc21db
"트럼프 “그냥 가볍게 쳤을 뿐, 휴전은 계속”…호르무즈 미-이란 교전...",,Korean,THREAT,ROUTE,Hormuz Strait,Trump states recent US strike on Iran was limited and ceasefire continues; US-Iran confrontation reported in Hormuz region,7,Warning,"[""CP_Hormuz""]",D6_교란행위,HIGH,Hormuz US-Iran military engagement,85687c77e1d92608b81ae0348fa3eb8b
"이란 ""미군, 민간인 지역 공격해 휴전 위반""…미군 ""이란 공격에 자위 차...",,Korean,THREAT,ROUTE,Iran,Iran accuses US of attacking civilian areas and violating ceasefire; US claims self-defense response to Iranian attacks.,6,Warning,[],D6_교란행위,HIGH,Iran-US Hormuz ceasefire violation,db03636c31b15cb6999eb8a2e2c800c6
"트럼프 “이란 드론, 나비 떨어지듯 아름답게 격추…휴전은 유효”",,Korean,THREAT,ROUTE,Iran,Trump announces Iranian drones were shot down and ceasefire remains valid,5,Caution,[],D6_교란행위,HIGH,Iran drone interception Hormuz,8896856653e27bd568fd951078582b25
"이란 ""미군이 호르무즈 선박, 민간인 지역 공격…휴전 위반""(종합)",,Korean,THREAT,ROUTE,Iran,"Iran accuses US of attacking civilian areas near Hormuz Strait, claims ceasefire violation",8,Crisis,"[""CP_Hormuz""]",D6_교란행위,HIGH,Hormuz shipping attack ceasefire,c381d665813c2969178d264b9e12eff8
"HMM 나무호, 두바이항 도착…오후부터 수리·사고원인 조사 본격화",,Korean,DOMESTIC_IMPACT,,Dubai,HMM's Namu vessel arrived at Dubai port; repairs and accident investigation to begin this afternoon,5,Caution,"[""KC_HMM""]",D6_교란행위,HIGH,HMM vessel incident,5da3bc153ccf21b252d31223bde65232
"임종득 의원 ""HMM 선박 화재 이란 소행 가능성…李정부 손놓고 있어""",,Korean,DOMESTIC_IMPACT,,Iran,Korean lawmaker claims HMM vessel fire may be Iran-related incident and criticizes Lee administration for inaction,6,Warning,"[""KC_HMM""]",D6_교란행위,HIGH,Hormuz security threat,16cf9bdb8de12e57981beb08336819e3
[뉴스 브리핑] 해상봉쇄에도 안 무너진다…'이란 최소 3~4개월 버틴다',,Korean,THREAT,SOURCE,Iran,Iran claims it can sustain 3-4 months under maritime blockade without collapse,6,Warning,[],D6_교란행위,MEDIUM,Iran blockade resilience,c2c16bf5be21af6eaa28e69e11033ba1
"""중동발 자재난에 건설현장 위기 … 공사비 반영 정부 지침 절실""",,Korean,DOMESTIC_IMPACT,,Middle East,Construction sites in Korea face material shortage due to Middle East supply issues; government guidance on cost reflection is needed.,5,Caution,[],D6_교란행위,MEDIUM,Middle East material shortage,f98f990b7c0b1c50e10ef322d2ff4680
South Korea begins full-scale probe into ship fire near Strait of Hormuz,,Korean,DOMESTIC_IMPACT,,Strait of Hormuz,South Korea initiates a full-scale investigation into a ship fire that occurred near the Strait of Hormuz,6,Warning,"[""KC_KAI""]",D7_행위자,HIGH,Ship fire investigation,005f32fdb2f61083fd1a814853999db5
[News Today] ‘Namu’ at Dubai port for investigation,,Korean,IRRELEVANT,,Dubai,A vessel named 'Namu' is at Dubai port undergoing investigation.,0,Normal,[],D7_행위자,HIGH,Namu vessel investigation,4425ac5abc68c8bb45265a581e61d4b6
"HMM, 본점 소재지 부산으로 변경...나무호 화재 등 현안 대처에 전사적...",,Korean,DOMESTIC_IMPACT,,South Korea,HMM relocates headquarters to Busan and mobilizes company-wide response to address current issues including the Namu Ho fire incident.,2,Normal,"[""KC_HMM""]",D7_행위자,MEDIUM,HMM headquarters relocation,f8fdd60fa8683e0cda1493f3bde29d3f
"HMM, 본점 부산 변경 최종 확정",,Korean,DOMESTIC_IMPACT,,South Korea,HMM confirms relocation of headquarters from Busan,2,Normal,"[""KC_HMM""]",D7_행위자,MEDIUM,HMM headquarters move,0b794f710e51a247f1f5fe1012b31ee9
"HMM, 임시주총서 부산 이전안 가결…LS, LS미래원에서 가정의 달 행사 [...",,Korean,IRRELEVANT,,,HMM holds extraordinary shareholder meeting to approve relocation to Busan; LS holds family month event at LS Future One,0,Normal,"[""KC_HMM""]",D7_행위자,MEDIUM,HMM relocation approval,90616c807c6110eedbf2faf6d3d4f212
HMM Shareholders Approve Headquarters Move to Busan,,Korean,DOMESTIC_IMPACT,,"Busan, South Korea",HMM shareholders approve relocation of company headquarters from Seoul to Busan,1,Normal,"[""KP_Busan"", ""KC_HMM""]",D7_행위자,MEDIUM,HMM headquarters move,2527d3b274a66ab20d7d8ba00a909011
"""미군 드론 2대 격추""‥""자위 차원 이란군 시설 타격""",,Korean,THREAT,ROUTE,Iran,US drone strikes reported as Iranian military self-defense action against Iranian military facilities,6,Warning,[],D7_행위자,MEDIUM,Iran military action,c190e155d5b8e662c187b7a60d66b845
美 소비심리 또 사상 최저…휘발유 급등·관세 우려에 ‘흔들’,,Korean,IRRELEVANT,,USA,US consumer sentiment reaches record low amid gasoline price surge and tariff concerns.,0,Normal,[],D9_한국,MEDIUM,US consumer sentiment oil prices,0acce966257ee39fac59578031ef0c86
중동 사태에 소비자물가 급등..어디까지?,,Korean,THREAT,SOURCE,Middle East,Middle East crisis causes sharp increase in consumer prices; extent of impact unclear,6,Warning,[],D9_한국,MEDIUM,Middle East crisis inflation,7e31ab28d229094c1edd18f8f5a2fd82
"동원산업, 1분기 영업이익 1,462억원…17% 증가",,Korean,IRRELEVANT,,,"Dongwon Industries reports Q1 operating profit of 146.2 billion won, up 17% year-over-year",0,Normal,[],D9_한국,MEDIUM,Seafood company earnings,efae3414576a977acd88f723df9af343
동원산업 1분기 영업익 1천462억원…작년 동기 대비 17.1% 증가,,Korean,DOMESTIC_IMPACT,,,"Donwon Industries reports Q1 operating profit of 146.2 billion won, up 17.1% year-over-year",0,Normal,[],D9_한국,MEDIUM,Seafood company earnings,5a776884433964710ada60359651d1fa
나무호 폭발·화재 이틀째 조사...이 시각 두바이,,Korean,DISRUPTION,LOGISTICS,Dubai,Namoo ship explosion and fire under investigation for second day in Dubai,4,Caution,[],D1_초크포인트,HIGH,Namoo vessel incident,8fc14486c13b800519981edff534aa1a
호르무즈 막히자…이란·러시아 카스피해 '뒷거래' 부상,,Korean,THREAT,ROUTE,"Iran, Russia, Caspian Sea",Iran and Russia engaging in alternative trade dealings via Caspian Sea as Hormuz Strait becomes congested/threatened,7,Warning,[],D1_초크포인트,HIGH,Hormuz blockade Iran-Russia,3d94aad477e3ee8e95adeb92d4842c80
“해수면 붙어 떼 지어 출동”…美군함 괴롭히는 이란 ‘모기 함대’,,Korean,THREAT,ROUTE,Iran,Iran's naval forces ('mosquito fleet') conducting coordinated operations to harass U.S. military vessels near sea surface,6,Warning,[],D1_초크포인트,HIGH,Iran swarm tactics,a1cb9e481d06c5d9d4a3a226e3c4625e
"호르무즈 막힌 이란, 카스피해 통해 러시아와 뒷거래?",,Korean,THREAT,SOURCE,Iran,Reports Iran seeking alternative trade routes through Caspian Sea with Russia amid Hormuz Strait constraints.,6,Warning,[],D1_초크포인트,HIGH,Hormuz Iran Caspian trade,3e7a3358237196b90f4eb731b8c10864
"호르무즈 막힌 이란, 믿는 구석 있었구나…미국 건드리지 못한다는데",,Korean,THREAT,ROUTE,Iran,"Report suggests Iran has leverage or confidence that the US will not take military action against it, implying potential threat to Strait of Hormuz security.",7,Warning,[],D1_초크포인트,HIGH,Hormuz Iran geopolitics,b17de8b692c6b54d34b81fbfd0e4a5c1
미군 봉쇄에 ‘카스피해’ 뚫은 이란·러…제재 비웃는 ‘유령 무역’,,Korean,THREAT,ROUTE,"Caspian Sea, Iran, Russia","Iran and Russia have opened alternative trade routes through the Caspian Sea to circumvent US sanctions, using shadow shipping operations.",4,Caution,[],D1_초크포인트,HIGH,Iran Russia sanctions evasion,c8283b124b50f407eb4f8e406edd3eed
나무호 접근 엄격 통제…정부 조사단 이틀째 고강도 조사,,Korean,IRRELEVANT,,,Government investigation team conducts intensive second-day investigation with strict access control to Namu vessel,0,Normal,[],D1_초크포인트,HIGH,Namoo vessel investigation,1a8e5a8ff2a0a7c2bdf6557b5531e62d
베일 속 카스피해…호르무즈 막힌 이란-러시아 '조용한 뒷거래',,Korean,THREAT,SOURCE,"Iran, Russia, Caspian Sea",Report of covert trade dealings between Iran and Russia via Caspian Sea as alternative to blocked Hormuz Strait,6,Warning,[],D1_초크포인트,HIGH,Caspian Sea Iran-Russia trade,9678888a0363a47ecb087b3774c1c781
"""외부 공격 여부 확인""…'호르무즈 화재' 나무호 이틀째 정밀조사",,Korean,THREAT,ROUTE,Hormuz,Investigation into fire incident on vessel in Hormuz Strait continues; external attack possibility being examined,7,Warning,"[""CP_Hormuz""]",D1_초크포인트,HIGH,Namoo Hormuz incident,1c5a7bcd55f3edf233dca5db074712c8
이란 “여전히 검토중”…이 시각 호르무즈,,Korean,THREAT,ROUTE,Iran,Iran reports it is still reviewing a matter related to the Strait of Hormuz at this moment.,7,Warning,"[""CP_Hormuz""]",D1_초크포인트,HIGH,Hormuz strait status,795af70e19471ab9598e6d63a777baa8
"미, 이란 유조선 2척 추가 타격…트럼프 “오늘 밤 이란 서한 받을 것”",,Korean,THREAT,SOURCE,Iran,US strikes additional Iranian tanker vessels; Trump indicates expectation of Iranian response letter tonight,7,Warning,[],D1_초크포인트,HIGH,US Iran tanker strikes,1127c65d863d4915485f755b223df41d
수백 척 우르르…美 해군 맞서 호르무즈 틀어쥔 이란 '모기 함대',,Korean,THREAT,ROUTE,Iran,Iran's naval forces ('mosquito fleet') confront U.S. Navy and control Hormuz Strait with hundreds of vessels,8,Crisis,[],D1_초크포인트,HIGH,Iran swarm fleet Hormuz,29ddb6ccb8c03ad664fc66238db18ad5
"트럼프 비웃었지만…""떼로 몰려온다"" 모기 함대 골머리",,Korean,IRRELEVANT,,,Headline about mosquito swarms (misquoted Trump statement); no maritime supply chain connection,0,Normal,[],D1_초크포인트,HIGH,Iran swarm tactics,1c5f4ddaa4dbfa78a79bd1810ee657fa
'나무호' 기관실 본격 조사‥해협에선 '제한적' 교전,,Korean,THREAT,ROUTE,,Investigation into engine room of vessel 'Namuh-ho' begins; limited armed confrontation reported in strait,6,Warning,[],D1_초크포인트,HIGH,Namoo incident Hormuz,0785b8d368781b65d84fc168a2cbce60
"트럼프 ""아마도 오늘 밤"" 이라더니‥이란 ""데드라인 없다""",,Korean,THREAT,SOURCE,Iran,Trump administration and Iran engaged in deadline-related negotiations; Iran denies existence of a deadline.,5,Caution,[],D1_초크포인트,HIGH,Trump Iran negotiations,02dd2197c6ad3312f76b24830710ae66
나무호 선원 24명 하선…이란 해상엔 '거대 기름띠',,Korean,DISRUPTION,LOGISTICS,Iran,24 crew members disembarked from the Namu Ho vessel; large oil slick reported in Iranian waters.,4,Caution,[],D1_초크포인트,HIGH,Namoo Ho incident,525b8a11a9ca2cb7ea8e39b5a6fc4613
'호르무즈 화재' 나무호 이틀째 조사…외부 공격 여부 확인,,Korean,THREAT,ROUTE,Hormuz,Investigation underway into fire incident on Namou vessel in Hormuz Strait; external attack possibility being examined,7,Warning,"[""CP_Hormuz""]",D1_초크포인트,HIGH,Namoo Ho investigation,47f2304ee904c24b132910a4eedf3d6f
"미국, 이란 유조선 2척 타격…""오늘 이란 답변 기대""",,Korean,THREAT,SOURCE,Iran,US strikes Iranian tankers; US expects Iranian response today,7,Warning,[],D1_초크포인트,HIGH,US-Iran tanker strikes,182c571e279bd65ec154960acb3a6560
봉쇄 뚫으려던 유조선에 화염…다시 짙어진 전운,,Korean,THREAT,ROUTE,,"A tanker attempting to break through a blockade came under fire, indicating escalating military tensions in a maritime region.",7,Warning,[],D1_초크포인트,HIGH,Tanker attack Hormuz,b531174ecc078028ee149486e7d1c80d
나무호 폭발·화재 이틀째 조사...기관실 집중,,Korean,IRRELEVANT,,,"Investigation into explosion and fire on vessel Namu-ho continues on second day, focusing on engine room",0,Normal,[],D1_초크포인트,HIGH,Namoo Ho explosion,207e715c0d6f26f09a7c123ebec4e533
"트럼프 ""곧 이란 답변 기대""…나무호 화재 질문엔 ""한국 사랑해""",,Korean,IRRELEVANT,,,Trump comments on expected Iranian response and expresses love for Korea in response to question about Namu Ho fire,0,Normal,[],D1_초크포인트,HIGH,Namoo Ho fire incident,7a44f023289cd7d16f8243493f16dc3d
"이란 ""유조선 나포""…저장시설 포화? 원유 해상 유출 포착",,Korean,DISRUPTION,SOURCE,Iran,Iran seizes tanker; crude oil storage facilities reported saturated with oil spill detected at sea,7,Warning,"[""CF_CrudeOil""]",D1_초크포인트,HIGH,Iran tanker seizure,2e73dcc609c880a8ee0721414e8b54f0
"미군 ""이란 유조선 2척 추가 타격""…대이란 호르무즈 봉쇄 유지",,Korean,THREAT,ROUTE,Iran / Hormuz Strait,US military reports additional strikes on Iranian tankers while maintaining Hormuz Strait blockade pressure,8,Crisis,"[""CP_Hormuz""]",D1_초크포인트,HIGH,US-Iran Hormuz blockade,13359d8b1b182687180ed2c52e60580c
두바이서 나무호 화재 원인 이틀째 조사,,Korean,IRRELEVANT,,UAE,Fire outbreak on a vessel in Dubai under investigation for second day,0,Normal,[],D1_초크포인트,HIGH,Namoo Ho fire cause,68801e38ac85b58e55a4af1c22331044
"""이란 하르그섬 앞서 대규모 기름띠 확산…석유 인프라 붕괴 우려""",,Korean,THREAT,SOURCE,Iran,Large-scale oil slick spreading off Iran's Kharg Island amid concerns over collapse of petroleum infrastructure,7,Warning,[],D1_초크포인트,HIGH,Oil infrastructure damage,488e2964d0bbb67c2500b8fc34775a74
"美, 협상 와중에 이란 유조선 2척 공격…트럼프 ""오늘 중 답 기대""",,Korean,THREAT,ROUTE,Iran,US attacks Iranian tankers during negotiations; Trump expects response today,7,Warning,[],D1_초크포인트,HIGH,Tanker attacks Hormuz,0b327ffb92ab67965d651a408d32e1db
[단독]“호르무즈서 위치정보 끄면 즉시 공격”,,Korean,THREAT,ROUTE,Hormuz,Report of threat to turn off location information in Hormuz Strait resulting in immediate attack.,9,Crisis,"[""CP_Hormuz""]",D1_초크포인트,HIGH,Hormuz transit threat,ddaea30bd2b457b494b9b6e0553f665d
"이란 “호르무즈 통제권, 원폭급 기회”…유조선 나포 반격",,Korean,THREAT,ROUTE,Iran,Iran claims control of Hormuz Strait as a major strategic opportunity and responds with tanker seizure actions.,8,Crisis,[],D1_초크포인트,HIGH,Iran Hormuz control,df2ae10e9822f32a3e782363d0c1213a
"미군, 이란 유조선 굴뚝까지 때렸다…트럼프 “빨리 서명하라""",,Korean,THREAT,SOURCE,Iran,US military strikes Iranian tanker; Trump urges rapid policy action,7,Warning,[],D1_초크포인트,HIGH,Tanker attack escalation,1fedf6a23a0b7cf99474177fc3e9ad75
"美, 이란 유조선 2척 공격…트럼프 “이란 서한 받을 것”",,Korean,THREAT,SOURCE,Iran,US attacks two Iranian tankers; Trump indicates he will receive a letter from Iran,7,Warning,[],D1_초크포인트,HIGH,Tanker attacks Hormuz,6b8232941f8fc5c37ba6da53cb63be6d
"HMM, 해운 항로 리스크에 운임 구조 재점검",,Korean,DOMESTIC_IMPACT,,,HMM reviews its freight rate structure in response to maritime route risks,4,Caution,"[""KC_HMM""]",D1_초크포인트,HIGH,Shipping route risk,19080d6937aac9392efdef608cb07424
'호르무즈 화재' 나무호 이틀째 조사…외부 공격 여부 확인 중,,Korean,THREAT,ROUTE,Hormuz,Investigation underway on second day regarding fire incident on Namuh vessel in Hormuz; external attack possibility being examined,7,Warning,"[""CP_Hormuz""]",D1_초크포인트,HIGH,Namou fire investigation,b05b53227a299a8a0979e94e7f49c6e3
“이란軍 공격 때문?”…호르무즈 화재 ‘나무호’ 이틀째 정밀 조사,,Korean,THREAT,ROUTE,Iran,Iranian military attack suspected in fire incident aboard vessel 'Namoo' in Hormuz; undergoing second day of detailed investigation,8,Crisis,"[""CP_Hormuz""]",D1_초크포인트,HIGH,Namou fire investigation,c2679c84776792de9a0868e7127c8934
‘호르무즈 화재’ HMM 나무호 이틀째 정밀 조사…기관실 발화 원인 규...,,Korean,DOMESTIC_IMPACT,,,HMM's vessel Namu Ho undergoes second day of detailed investigation into engine room fire incident in Hormuz region; cause of ignition being determined.,6,Warning,"[""KC_HMM""]",D1_초크포인트,HIGH,HMM Namou fire,a8e769dae640138ba696a60e20efb6a1
"한국 조사단, 호르무즈 화재 ‘나무호’ 이틀째 원인 규명",,Korean,DISRUPTION,LOGISTICS,Hormuz,Korean investigation team continues inquiry into the cause of fire aboard the vessel 'Namuho' in the Hormuz region on its second day,7,Warning,"[""CP_Hormuz""]",D1_초크포인트,HIGH,Namou fire investigation,7b35fd2673b26593df461ac5f9737fd1
‘호르무즈 화재’ 나무호 이틀째 조사…선원들 하선 뒤 휴식,,Korean,DISRUPTION,LOGISTICS,Hormuz,Fire incident on vessel Namu Ho in Hormuz region; investigation ongoing for second day with crew disembarked for rest,7,Warning,"[""CP_Hormuz""]",D1_초크포인트,HIGH,Namou fire investigation,1ef46b8aa6678e73c734f7aa164c552f
"정부 조사단, ‘호르무즈 화재’ 나무호 이틀째 조사…선원 24명 하선",,Korean,DISRUPTION,LOGISTICS,Hormuz,Government investigation team conducts second day of investigation into fire aboard vessel Namuho in Hormuz Strait; 24 crew members disembarked,7,Warning,"[""CP_Hormuz""]",D1_초크포인트,HIGH,Namou fire investigation,9918ddeb98f600eeafd753d3187ee1c7
‘호르무즈 화재’ 나무호 조사 이틀째…화재발생 기관실 집중 조사,,Korean,DISRUPTION,LOGISTICS,Hormuz,"Investigation into fire incident on Namu Ho vessel enters second day, with focus on engine room where fire occurred",7,Warning,"[""CP_Hormuz""]",D1_초크포인트,HIGH,Namou fire investigation,a1ea34253f8c19630dabcc9319297bb2
'호르무즈 화재' 나무호 이틀째 조사…기관실 정밀 감식 예정,,Korean,DISRUPTION,LOGISTICS,Hormuz,Investigation ongoing into fire aboard vessel Namduk in Hormuz Strait; engine room detailed inspection planned,7,Warning,"[""CP_Hormuz""]",D1_초크포인트,HIGH,Namou fire investigation,719dc24c5acb6d5668bce8c9439a6110
호르무즈 해협 '나무호 화재' 조사 이틀째…기관실 집중 조사,,Korean,IRRELEVANT,,,Fire incident on vessel Namoo in Hormuz Strait under investigation; day 2 focus on engine room examination,0,Normal,[],D1_초크포인트,HIGH,Namou fire investigation,d7e844f9dba0879d4c927fabe2682d15
'호르무즈 화재' 나무호 이틀째 조사…선원들 숙소로 이동,,Korean,DISRUPTION,LOGISTICS,Hormuz,Fire incident on vessel Namoo under investigation for second day; crew relocated to accommodation.,6,Warning,"[""CP_Hormuz""]",D1_초크포인트,HIGH,Namou fire investigation,984ce01cb24a4520b570c97f414eca64
'나무호' 기관실서 화재 원인 밝혀질까…선원들은 숙소로,,Korean,IRRELEVANT,,,Engine room fire incident on the vessel 'Namumho'; investigation into cause ongoing; crew members moved to accommodation.,0,Normal,[],D1_초크포인트,HIGH,Namou fire investigation,56afe00e832b53d83ab96e4d929f23b8
'호르무즈 화재' 나무호 이틀째 조사,,Korean,DISRUPTION,LOGISTICS,Hormuz,Fire incident on the Namoho vessel in Hormuz Strait under investigation for second day,7,Warning,"[""CP_Hormuz""]",D1_초크포인트,HIGH,Namou fire investigation,392186a4442787e22ef0720b1cfdb7ca
'호르무즈 화재' 나무호 이틀째 조사…선원들은 인근 숙소로,,Korean,DISRUPTION,LOGISTICS,Hormuz,Ship Namu under investigation for second day following fire incident in Hormuz area; crew relocated to nearby accommodation,6,Warning,"[""CP_Hormuz""]",D1_초크포인트,HIGH,Vessel incident Hormuz,8663ea91e5111112a3e3749416a2136f
나무호 조사 이틀째 계속...선원들도 일단 하선,,Korean,DISRUPTION,LOGISTICS,,Investigation into the Namu Ho vessel continues on its second day; crew members have disembarked.,3,Normal,[],D1_초크포인트,HIGH,Vessel incident Hormuz,756908bf53539b6f77626c73362ae1e4
"[영상] ""폭발음, 화재"" 이란은 ""공격탓 아냐""…'나무호 피격' 진실은",,Korean,THREAT,ROUTE,Iran,Iran denies responsibility for attack on vessel 'Namuho'; reports of explosions and fire indicate maritime incident in contested waters.,6,Warning,[],D1_초크포인트,HIGH,Vessel attack Hormuz,c71f5f82f89d69a4d9c4065955722698
"미, 이란 유조선 2척 공격…미 국무 ""8일 이란 측 종전안 답변 기대""",,Korean,THREAT,SOURCE,Iran,US attacked two Iranian tankers; US State Department expects Iran's response to ceasefire proposal by the 8th,7,Warning,[],D1_초크포인트,HIGH,Iran tanker attack,b10fe8b85a99c17fec265b9a704db2e9
세계 식량가격 3개월째 상승…'호르무즈 봉쇄' 여파 식탁까지,,Korean,THREAT,ROUTE,Strait of Hormuz,"Global food prices rise for third consecutive month due to Hormuz Strait closure threat, with impacts reaching Korean dining tables",7,Warning,"[""CP_Hormuz""]",D1_초크포인트,HIGH,Hormuz disruption food,10fa7221825a41bc34317536f337c7f4
트럼프 “이란 답변 곧 받을 것”…HMM 나무호 조사 ‘본격화’,,Korean,THREAT,ROUTE,Iran,Trump indicates imminent response to Iran; HMM Namu Ho vessel investigation intensifies amid escalating tensions.,7,Warning,"[""KC_HMM""]",D1_초크포인트,HIGH,HMM vessel investigation,1341db92ccaf0708533dcd676c68c18a
세계식량가격 석달째 상승…원유 상승에 유지류 5.9%↑,,Korean,DOMESTIC_IMPACT,,,Global food prices rise for third consecutive month; crude oil price increase drives vegetable oil prices up 5.9%,6,Warning,"[""CF_CrudeOil""]",D1_초크포인트,HIGH,Food price oil surge,18b607fd54b7d64cd297730c2e05123a
중동 전쟁 여파에 '국제 식량 물가' 3개월 연속 상승,,Korean,THREAT,SOURCE,Middle East,International food prices rise for third consecutive month due to Middle East conflict aftermath,6,Warning,[],D1_초크포인트,HIGH,Food price surge Middle East,8b2881fb01cbbb8055fc306256cb8298
호르무즈 해협 봉쇄 여파에…'세계식량가격' 3년來 최고치,,Korean,DISRUPTION,SOURCE,Hormuz Strait,Global food prices hit 3-year highs following Hormuz Strait blockade impact,7,Warning,"[""CP_Hormuz""]",D1_초크포인트,HIGH,Hormuz blockade food prices,cbe4ef5a2bd3053928d866ce8e58a637
호르무즈 쇼크 덮친 밥상물가…밀·식용유·쌀값 줄줄이 상승,,Korean,DOMESTIC_IMPACT,,,"Hormuz crisis triggers domestic price increases in wheat, cooking oil, and rice in Korea",7,Warning,[],D1_초크포인트,HIGH,Food price inflation from Hormuz crisis,f5240c05f8f0abc7d989f21040d949d5
"美, 봉쇄 뚫으려던 이란 유조선 공격…하르그섬 인근 기름 유출",,Korean,THREAT,ROUTE,Iran,"US attacked Iranian tanker attempting to breach blockade near Harq Island, causing oil spill",7,Warning,[],D1_초크포인트,HIGH,Iran tanker attack oil spill,3c4b130328933800fbda231264ac6bb2
호르무즈 쇠사슬 묶인 'K-중화학'…모처럼 호황 조선업도 위험,,Korean,DOMESTIC_IMPACT,,,Korean petrochemical and shipbuilding industries face risk due to Strait of Hormuz tensions affecting supply chains,7,Warning,[],D1_초크포인트,HIGH,Hormuz crisis Korean petrochemical impact,79a886b574292ee7da5e5013b2c67e98
호르무즈서 폭발한 ‘나무호’ 합동조사 이틀째…선원 모두 하선,,Korean,DISRUPTION,LOGISTICS,Hormuz,Korean vessel 'Namu' exploded in Hormuz Strait; joint investigation underway on second day; all crew members disembarked,7,Warning,"[""CP_Hormuz""]",D1_초크포인트,HIGH,Vessel incident Hormuz,6c76592daec86e31980f4b822da1282f
"트럼프의 뜬금포 고백 ""한국을 사랑한다""... 나무호 폭발 질문에 한 말",,Korean,IRRELEVANT,,,Trump expresses affection for Korea in response to a question about the Namu Ho explosion,0,Normal,[],D1_초크포인트,HIGH,Namoo vessel explosion Hormuz,60153a44ae83e969c5b0c979bec785b2
'HMM 나무호' 합동조사 이틀째…외부공격? 내부결함?,,Korean,DOMESTIC_IMPACT,,,HMM's container ship 'Namuho' undergoes joint investigation on second day; cause unclear—external attack or internal defect,6,Warning,"[""KC_HMM""]",D1_초크포인트,HIGH,HMM vessel incident,abe229f648ed20b28ae0d49297b33c3b
'호르무즈 폭발' 나무호 합동조사 이틀째…선원 모두 하선,,Korean,DISRUPTION,LOGISTICS,Hormuz,Joint investigation into Namu Ho vessel explosion in Hormuz region enters second day; all crew members disembarked,7,Warning,"[""CP_Hormuz""]",D1_초크포인트,HIGH,HMM vessel Hormuz incident,3675396a420c5f98692de5a0a914de23
"트럼프, 호르무즈 나무호 화재 질의에…""한국 사랑해"" 동문서답",,Korean,IRRELEVANT,,,Trump responds to a question about the Hormuz Strait fire incident with an off-topic comment praising Korea.,0,Normal,[],D1_초크포인트,HIGH,Namu Ho Fire Incident,c2f24461c4394157bf149450dec8ac50
"미군 ""이란 유조선 2척 유도탄 발사""…""곧 이란 답변""",,Korean,THREAT,ROUTE,Iran,US military reports missile launch against two Iranian tankers; Iran expected to respond,7,Warning,[],D1_초크포인트,HIGH,Iran Tanker Attack,519f9855a0a84b58499946c1c71efc88
"나무호 폭발 조사 이틀째...선원들, 하선 뒤 휴식",,Korean,IRRELEVANT,,,Investigation into Namu Ho explosion continues on second day; crew members rest after disembarking.,0,Normal,[],D1_초크포인트,HIGH,Namu Ho Fire Investigation,c4e4c93f66bb1186183ea542bfbabca8
정부 조사단 나무호 승선…화재 원인 조사 개시,,Korean,IRRELEVANT,,,Government investigation team boards the Namoo ship to begin fire cause investigation.,0,Normal,[],D1_초크포인트,HIGH,Namu Ho Fire Investigation,0fca553199b0e1533dd130f671926013
"장동혁 ""나무호 피격 가능성 대비해야…왜 아니라고 결론부터 내리나""",,Korean,THREAT,ROUTE,,"Political figure Jang Dong-hyuk argues that preparedness measures should be taken for the possibility of the Namu-ho being attacked, questioning why conclusions are being drawn prematurely against such risks.",5,Caution,[],D1_초크포인트,HIGH,Namoo ship attack,5421f3b409c61698b821534923cffe08
"트럼프 ""한국 사랑해""...이란 원유 대량 유출",,Korean,THREAT,SOURCE,Iran,Trump expresses support for Korea while reporting large-scale Iranian crude oil leakage.,7,Warning,"[""CF_CrudeOil""]",D1_초크포인트,HIGH,"Iran oil, Namoo incident",3e98bbfc141c474c47d46f09947a5570
트럼프 “한국 사랑해”…韓 벌크 화물선' 나무호 피격' 묻자 엉뚱 대답,,Korean,IRRELEVANT,,,"Trump expresses affection for Korea; when asked about Korean bulk carrier 'Namu' being attacked, gives unrelated response",0,Normal,[],D1_초크포인트,HIGH,Namoo ship incident,c56bd7c6d9b46551ec455204faba3258
"트럼프, '호르무즈 韓나무호' 화재 질문에 ""한국 사랑해"" 엉뚱 대답",,Korean,IRRELEVANT,,,Trump responds to a question about a Korean vessel fire in the Strait of Hormuz with an off-topic comment about loving Korea,0,Normal,[],D1_초크포인트,HIGH,Namoo ship Hormuz,38cbdff804d82f77c0fd880e4cf9c02f
"트럼프, '나무호 이란에 피격?' 묻는데 ""한국 사랑해"" 동문서답(종합)",,Korean,IRRELEVANT,,,Trump responds to a question about the Noor ship being hit by Iran with an off-topic comment about loving Korea.,0,Normal,[],D1_초크포인트,HIGH,Namoo ship attack,8884945774aa780a5113cdb9cb76d62d
"트럼프, 나무호 질문에 ""한국 사랑해"" 뜬금 대답",,Korean,IRRELEVANT,,,Trump responds to a question about Namu Ho with an off-topic statement saying 'I love Korea',0,Normal,[],D1_초크포인트,HIGH,Namoo ship incident,27b5c4dcc74a243715f45f3cd79dcfcb
"나무호 선원 24명, 일단 하선...면담 앞두고 숙소 휴식",,Korean,IRRELEVANT,,,24 crew members of the Namu Ho disembark temporarily and rest at accommodation before interviews,0,Normal,[],D1_초크포인트,HIGH,Namoo crew status,a7caa9b36de66f77c42e205e9c23cd04
"트럼프 ""한국 사랑해요""... '호르무즈 韓 선박 화재' 질문에 동문서답",,Korean,DOMESTIC_IMPACT,,Hormuz,Trump's positive comments on Korea; evasive response to question about Korean ship fire in Hormuz,3,Normal,"[""CP_Hormuz""]",D1_초크포인트,HIGH,Namoo ship Hormuz,7540152be42ee94c17d79e2d01a3b6d0
호르무즈 긴장에 국제유가 반등…브렌트 101달러,,Korean,THREAT,ROUTE,Hormuz,Tensions in Hormuz Strait cause international crude oil prices to rebound; Brent crude rises to $101/barrel,8,Crisis,"[""CP_Hormuz""]",D1_초크포인트,HIGH,"Hormuz tension, oil price",fbbbcb416ecfdc57437d5448f5cd4203
프랑스 이어 영국도 군함 중동 파견…호르무즈 개방 대비,,Korean,THREAT,ROUTE,Middle East,France and UK deploying naval vessels to Middle East in preparation for keeping Strait of Hormuz open,7,Warning,[],D1_초크포인트,MEDIUM,Hormuz reopening prep,7225f2d134bafa2e543c1ecf3cab06b7
‘동문서답’ 트럼프…‘호르무즈 화재’ 韓 선박 질문에 “한국 사랑해...,,Korean,THREAT,ROUTE,Hormuz Strait,"Trump responds evasively to a question about a fire incident involving a Korean ship in the Hormuz Strait, expressing love for Korea without directly addressing the maritime security concern.",6,Warning,"[""CP_Hormuz""]",D1_초크포인트,MEDIUM,Hormuz strait tensions,01fdde99d83ae3528a2fd1b9f06856d8
[속보] 프랑스 이어 영국 군함도 중동으로 이동…호르무즈 지원 임무 대...,,Korean,THREAT,ROUTE,Middle East,France followed by UK naval vessels deploying to Middle East in support mission,7,Warning,[],D1_초크포인트,MEDIUM,Hormuz reopening prep,fe93f26d54ae5065e0deaddbc09c582c
"종전 후 호르무즈 개방 대비...영·프, 군함 중동 전진 배치",,Korean,THREAT,ROUTE,Middle East,UK and France deploy naval vessels to Middle East in preparation for post-ceasefire Hormuz Strait reopening,7,Warning,"[""CP_Hormuz""]",D1_초크포인트,MEDIUM,Hormuz reopening prep,878195ac00a6e5b08938550b71b13582
프랑스 이어 영국 군함도 중동으로…호르무즈 개방 대비,,Korean,THREAT,ROUTE,Middle East,France and UK are deploying military vessels to the Middle East in preparation for maintaining Hormuz Strait access,7,Warning,"[""CP_Hormuz""]",D1_초크포인트,MEDIUM,Hormuz reopening prep,48b1c1b0142d66188a169cda0e056f00
프랑스 이어 영국도 군함 중동으로...호르무즈 개방 대비,,Korean,THREAT,ROUTE,Middle East,France and UK dispatch naval vessels to the Middle East in preparation for potential Strait of Hormuz opening/security concerns,7,Warning,[],D1_초크포인트,MEDIUM,Hormuz reopening prep,9c012139e1486633cb021f813e3e7d90
"영국 국방부 ""구축함 중동에 파견 예정…호르무즈 지원""",,Korean,THREAT,ROUTE,Middle East,UK Ministry of Defence announces deployment of destroyers to the Middle East to support the Strait of Hormuz,7,Warning,[],D1_초크포인트,MEDIUM,Hormuz reopening prep,47f85773f77c8b0edaf5b1dcbc1169d0
은밀하게 떼지어 '우르르'…미군 긴장시키는 이란 '모기 함대',,Korean,THREAT,ROUTE,Iran,Iran's naval forces conducting coordinated fleet movements described as creating tension with US military presence,6,Warning,[],D1_초크포인트,MEDIUM,Iran military posturing,31d87c015a9fb17724ffab3af5a50ae2
"이란 외무 ""준비 태세 1,000%""...미 모험주의 경고",,Korean,THREAT,ROUTE,Iran,"Iran's Foreign Ministry signals 1,000% readiness and warns against US adventurism, escalating geopolitical tension.",7,Warning,[],D1_초크포인트,MEDIUM,Iran geopolitical tensions,d386d49c9e6f3181a6575c195c115f84
프랑스 이어 영국도 군함 중동으로…호르무즈 개방 대비,,Korean,THREAT,ROUTE,Middle East,France and UK deploying naval vessels to Middle East in preparation for keeping Strait of Hormuz open,7,Warning,[],D1_초크포인트,MEDIUM,Hormuz reopening prep,cedec254187a998517b078f78199fd05
호르무즈 충돌 속 종전 협상...불안한 휴전 언제까지,,Korean,THREAT,ROUTE,Hormuz,Reports ceasefire negotiations amid Hormuz tensions with uncertain stability of truce,7,Warning,"[""CP_Hormuz""]",D1_초크포인트,MEDIUM,Hormuz conflict tensions,70a72399217ade53fb187576307c3a20
"트럼프 ""오늘 이란 답변 올 것""...미군, 유조선 추가 공격",,Korean,THREAT,ROUTE,Iran,Trump announces Iran response expected today; US military conducts additional tanker strikes,7,Warning,[],D1_초크포인트,MEDIUM,Hormuz tanker attacks,7986be9f97c5e2f0a8cdf79c6c9eb741
“해수면 붙어 떼지어 이동”…美군함 괴롭히는 이란 ‘모기 함대’,,Korean,THREAT,ROUTE,Iran,Iranian 'swarm fleet' of small boats harasses U.S. military vessels operating near sea surface,6,Warning,[],D1_초크포인트,MEDIUM,Iran military posturing,c20f9a6f2210b5d09fa216423a63ae81
"안규백 장관 내일 방미...미, 호르무즈 파병 공식 요청할까",,Korean,THREAT,ROUTE,United States,South Korean Commerce Minister Ahn Kyu-baek to visit the US tomorrow; question raised whether US will formally request Korean military deployment to Hormuz Strait,7,Warning,"[""CP_Hormuz""]",D1_초크포인트,MEDIUM,Hormuz military deployment,5fda15ce1c8bc32cea70db44b1eb4f94
"이란 '모기 함대' 수백 척, 호르무즈 호시탐탐...미군 골칫거리로 부상",,Korean,THREAT,ROUTE,Iran,"Iran's large swarm fleet (hundreds of vessels) threatens Hormuz Strait, emerging as U.S. military concern",8,Crisis,"[""CP_Hormuz""]",D1_초크포인트,MEDIUM,Iran military posturing,7d2284b9ceeebe5513ec0cdf7ecf3903
"바레인, 이란혁명수비대 연계 조직원 41명 체포",,Korean,IRRELEVANT,,Bahrain,Bahrain arrests 41 members of an organization linked to Iran's Revolutionary Guards,0,Normal,[],D1_초크포인트,MEDIUM,Iran IRGC arrests,7d19771eebf736d89e163a33d2e761c8
"트럼프 ""오늘 밤 답 받는다""…이란 ""시한 신경 안 써""",,Korean,THREAT,ROUTE,Iran,Trump announces expectation of receiving an answer tonight; Iran states it is not concerned about the deadline.,6,Warning,[],D1_초크포인트,MEDIUM,US-Iran tensions,fbbc88253f00b991bd89c141eec64bbc
"“OPEC 떠난 UAE, 더 많이 팔겠다”…국제유가 향방은 [월드픽]",,Korean,THREAT,SOURCE,UAE,"UAE increases oil exports following OPEC departure, signaling potential increase in global oil supply",5,Caution,[],D1_초크포인트,MEDIUM,Oil price outlook,2ae7e675a25a5bc3c39f73df9da4bccf
미국·이란 걸프 충돌 격화...전쟁 종식 '안갯속',,Korean,THREAT,ROUTE,Gulf / US-Iran,US-Iran conflict in the Gulf intensifies with uncertain prospects for resolution,7,Warning,[],D1_초크포인트,MEDIUM,US-Iran Gulf conflict,044d0d6bb4c6c7f71d249dbd12cc147e
"""무기한 정박"" ""잠정 중단"" 고통…속 타는 오만 현지 기업들",,Korean,DOMESTIC_IMPACT,,Oman,Omani local companies suffering from indefinite port suspension and temporary operational halts,2,Normal,[],D1_초크포인트,MEDIUM,Oman port disruption,6b681edee2c5f4e5b8b85300849fb867
“해수면 바짝 붙어 떼지어 돌진”…美 군함 떨게 한 이란 '모기 함대',,Korean,THREAT,ROUTE,Iran,Iranian fast-attack boats (swarm tactics) conduct aggressive maneuvers against U.S. naval vessels in disputed waters,6,Warning,[],D1_초크포인트,MEDIUM,Iran naval tactics,ea433682f4f623de4e52834502420f4f
눈에 안 띄게 수백 척 '우르르'…'모기 함대'에 골머리,,Korean,THREAT,ROUTE,,Hundreds of vessels operating covertly as 'mosquito fleet' causing concern,6,Warning,[],D1_초크포인트,MEDIUM,Iran naval operations,6d02ba6ffd589c539852cec1306c959a
“빠르기만 할 뿐” 트럼프 비웃었지만…미 군함 잡는 이란 ‘모기 함대...,,Korean,THREAT,ROUTE,Iran,"Iran develops fast naval units ('mosquito fleet') capable of engaging US military vessels, raising tensions in the region.",6,Warning,[],D1_초크포인트,MEDIUM,Iran naval capabilities,0adb01efe3839e486f1c53d7843bd82f
"정부조사단, ‘나무호’ 이틀째 조사…선원 24명 하선",,Korean,IRRELEVANT,,,Government investigation team conducts second day of investigation into vessel 'Namuho'; 24 crew members disembarked,0,Normal,[],D1_초크포인트,MEDIUM,Vessel investigation,8e912ebbe9b423ee5346c2c8ecab17e9
"나무호 외부 흔적 없는데 '폭발음' 진술…트럼프는 ""한국 사랑""",,Korean,IRRELEVANT,,,Headline discusses statements about external evidence on a vessel and a political comment; no maritime supply chain disruption reported.,0,Normal,[],D1_초크포인트,MEDIUM,Vessel incident analysis,2db39a993290721ad29ae6ce31092dd1
"트럼프는 깎아내렸지만…이란 ‘모기 함대’, ‘골칫거리’",,Korean,THREAT,ROUTE,Iran,"Trump administration has reduced pressure, but Iran's small naval fleet remains a potential concern/troublemaker (for regional maritime security)",5,Caution,[],D1_초크포인트,MEDIUM,Iran military posturing,54d01a2b7c1c594db69db0d40ec500cf
"""해수면 붙어 떼지어 출동""...미 군함 괴롭히는 이란 '모기 함대'",,Korean,THREAT,ROUTE,Iran,Iranian 'swarm fleet' (small fast boats) harassing US military vessels near maritime routes,6,Warning,[],D1_초크포인트,MEDIUM,Iran naval tactics,711976b96a1d77dbf5e00a46776a7474
[뉴스특보] 불안한 휴전 유지…이란 종전안 답변 보낼까?,,Korean,THREAT,ROUTE,Iran,News alert reporting unstable ceasefire maintenance and questioning whether Iran will send a response to ceasefire proposal,6,Warning,[],D1_초크포인트,MEDIUM,Iran ceasefire negotiations,c4a58b3413201ddd41dbd5ddd5bc5396
세계식량가격 3개월 연속 상승…국내 식품업계 '삼중 압박' 시름,,Korean,DOMESTIC_IMPACT,,,"Global food prices rise for three consecutive months, creating triple pressure on Korea's domestic food industry",5,Caution,[],D1_초크포인트,MEDIUM,Food price inflation,afc58421c2c2af97bb4fc823792d963b
"휴전 중에도 또 '충돌'…트럼프 ""이란 답변 올 것"" 협상 기대",,Korean,THREAT,ROUTE,Iran,"Amid ceasefire, tensions escalate with Trump expressing expectation of Iran's response; negotiations ongoing.",5,Caution,[],D1_초크포인트,MEDIUM,Conflict escalation risk,c92a066e83da1715cb71f40f91f80d61
美군함 괴롭히는 이란 ‘모기함대’…골칫거리 부상,,Korean,THREAT,ROUTE,Iran,"Iranian 'swarm fleet' (mosquito fleet) of small military vessels is harassing U.S. military ships, emerging as a growing concern.",5,Caution,[],D1_초크포인트,MEDIUM,Iran naval tactics,e45dc1a756afaba9845a5c7ff7be364b
"""해수면 붙어 떼지어 출동"" 美군함 괴롭히는 이란 '모기 함대'",,Korean,THREAT,ROUTE,Iran,Iranian naval forces (described as 'mosquito fleet') harassing U.S. military vessels near sea surface.,6,Warning,[],D1_초크포인트,MEDIUM,Iran naval tactics,e4e975da20280a84cf498b50ffd9a609
"이란 ""미국의 데드라인에 신경 안 쓴다""",,Korean,THREAT,ROUTE,Iran,"Iran states it will not comply with US deadline, escalating geopolitical tension.",6,Warning,[],D1_초크포인트,MEDIUM,Iran-US tensions,e3ad53e7726a734631d238d7f5907892
'종전 합의' 공 다시 이란에…오늘밤 답 내놓나,,Korean,THREAT,SOURCE,Iran,"Iran expected to provide response tonight regarding a denuclearization agreement, signaling potential escalation in nuclear negotiations.",5,Caution,[],D1_초크포인트,MEDIUM,Iran-US negotiations,be673aee2a128728287ab998100e37d2
"DL, 1분기 영업익 1129억...석유화학·에너지 회복에 전분기 대비 858% 증...",,Korean,DOMESTIC_IMPACT,,,DL (Daelim) reports Q1 operating profit of 112.9 billion won with 858% quarter-over-quarter increase driven by petrochemical and energy sector recovery,1,Normal,"[""KS_Energy""]",D1_초크포인트,MEDIUM,Petrochemical recovery,d595a1d080ff9d9a265209824005b343
"[AI 이슈트렌드] 트럼프, 이란 종전 '최후 통첩'...퍼거슨 건강·광주 여...",,Korean,IRRELEVANT,,,AI trend issue: Trump issues ultimatum on Iran conflict end; mentions Ferguson health and Gwangju matters,0,Normal,[],D1_초크포인트,MEDIUM,Iran-US tensions,a00a6507f4a6ceca3aa550802bb19fac
"호르무즈 충돌 속 '종전합의' 하나?...이란 ""미 제안 검토""",,Korean,THREAT,ROUTE,Iran,Iran considers U.S. proposal for ceasefire agreement amid Hormuz tensions,7,Warning,[],D1_초크포인트,MEDIUM,Iran-US negotiations,f156a311894d45979984452af55bde01
세계 식량가격 3개월 연속 상승···원유 상승에 유지류 5.9% 급등,,Korean,DOMESTIC_IMPACT,,,Global food prices rise for three consecutive months; crude oil increase drives edible oil prices up 5.9%,6,Warning,"[""CF_CrudeOil""]",D1_초크포인트,MEDIUM,Food price inflation,1252b70b35d71b28a20b9ed06e6712f3
"세계식량가격지수, 3개월 연속 상승… 곡물·유지류·육류 상승",,Korean,THREAT,SOURCE,,"Global food price index rises for three consecutive months; grains, oils, and meat prices increase",6,Warning,"[""CF_Meat""]",D1_초크포인트,MEDIUM,Food price inflation,b001e0db2e64ad16ce9061a212dda3c7
트럼프 “오늘 밤 이란 답변 받을 것”…종전안 수용 압박,,Korean,THREAT,SOURCE,Iran,"Trump announces he will receive Iran's response tonight, pressuring Iran to accept ceasefire terms.",6,Warning,[],D1_초크포인트,MEDIUM,Iran-US tensions,0d7923753144c6f699dab8165069e866
"트럼프 ""오늘밤 이란 서한 받을 것""…호르무즈 긴장 속 종전 협상 주목",,Korean,THREAT,ROUTE,Iran,"Trump announces he will receive a letter from Iran tonight amid tensions in the Strait of Hormuz, with focus on ceasefire negotiations.",7,Warning,[],D1_초크포인트,MEDIUM,Hormuz geopolitics,fb51c2e6846113a52dfc186044d9a207
전쟁 여파로 해바라기유 등 가격 올라,,Korean,THREAT,SOURCE,,War aftermath causes price increases in sunflower oil and other commodities,6,Warning,[],D1_초크포인트,MEDIUM,Oil price impact,c61d93e2f4b9d253fd4ef4e855ae544f
"이란 매체 ""미 전투기 공격에 6명 부상·6명 실종""...이란 외무 ""군 준비...",,Korean,THREAT,ROUTE,Iran,Iranian media reports US fighter jet attack causing 6 injuries and 6 missing persons; Iranian foreign ministry states military is prepared,7,Warning,[],D1_초크포인트,MEDIUM,Iran-US conflict,cd23a3e2e2eba9245d651748402021b3
"[EBN 오늘(9일) 이슈 종합] 한미, '조선 동맹' 속도…1500억달러 투자 KU...",,Korean,IRRELEVANT,,,US-Korea shipbuilding alliance investment initiative; Korea attracting $150 billion investment,0,Normal,[],D2_품목,MEDIUM,Shipbuilding Alliance,b7414f900330aa1c90d0e7c8fd868969
이란전 해운 차질에도…中 4월 수출 14.1% 반등,,Korean,IRRELEVANT,,,China's April exports rebounded 14.1% despite shipping disruptions related to Iran,0,Normal,[],D2_품목,MEDIUM,Iran shipping disruption,ea0bea2a7d02418f132bf4fae1750eb3
항공 화물 운임 '상승세 지속'···수출기업 물류비 부담 확대,,Korean,DOMESTIC_IMPACT,,,"Air cargo freight rates continue to rise, expanding logistics cost burden for Korean export companies",4,Caution,[],D2_품목,MEDIUM,Air freight rates,57e6ebae81e3fc5c9c3ea6f835cf21f5
이란 핵심 기반 원유 대량 유출...저장 시설 정말 꽉 찼나?,,Korean,THREAT,SOURCE,Iran,Iran's critical oil storage facilities reported to have massive crude oil leak; concerns raised about storage capacity saturation.,7,Warning,"[""CF_CrudeOil""]",D2_품목,MEDIUM,Iran oil spill,6820a08f93acd30eb78e5c296816c89b
이란 하르그 섬 원유 해상 유출...고의 방류 가능성,,Korean,DISRUPTION,SOURCE,Iran,Iran's Harange Island experiences crude oil sea spill with possibility of intentional discharge,7,Warning,"[""CF_CrudeOil""]",D2_품목,MEDIUM,Iran oil spill,15b451b8997f2d90fbd35e9d0544aac1
이란 하르그섬서 원유 해상 유출…사고? 일부러 방류?,,Korean,THREAT,SOURCE,Iran,Oil spill reported at Iran's Harq Island; unclear if accidental or intentional release,6,Warning,"[""CF_CrudeOil""]",D2_품목,MEDIUM,Iran oil spill,abe5cb15083d9c633edcfc8be55c6e7d
휘발유·경유 6주째 동반 상승…정부 ‘최고가격 동결’ 유지,,Korean,IRRELEVANT,,,Gasoline and diesel prices rise for 6th consecutive week; government maintains maximum price freeze policy,0,Normal,[],D2_품목,MEDIUM,Domestic fuel prices,3335af78a28c2918dc8e39951e9d51b2
"트럼프 방중 앞두고…美, '이란 지원' 中 기업 등 10곳 제재",,Korean,THREAT,SOURCE,"China, Iran",US sanctions 10 Chinese entities for supporting Iran ahead of Trump's China visit,5,Caution,[],D2_품목,MEDIUM,Iran sanctions,48801dbdf1dfcca9092902a263e560a1
"아시아 큰손 몰린 '한국산 항공유'…""제발 팔아달라"" 치솟는 몸값",,Korean,DOMESTIC_IMPACT,,,Korean aviation fuel (jet fuel) experiencing high demand and price increases from major Asian buyers seeking to purchase,2,Normal,[],D2_품목,MEDIUM,Korean jet fuel demand,ca3f7829b6b1fde6853d503bcd28dc44
"이란 하르그 섬 인근에 거대한 기름 띠…""저장시설 포화 가능성""",,Korean,THREAT,SOURCE,Iran,Large oil slick detected near Iran's Kharg Island with potential for storage facility saturation.,6,Warning,[],D2_품목,MEDIUM,Iran oil storage,182c824cb4b04a782d6f421048ec6cbb
국내 기름값 상승세 지속…휘발유·경유 6주째 올라,,Korean,DOMESTIC_IMPACT,,,"Domestic oil prices in Korea continue to rise, with gasoline and diesel prices increasing for the sixth consecutive week.",3,Normal,[],D2_품목,MEDIUM,Domestic fuel prices,81646064c006955a38a83984f8d41b6c
주유소 기름값 6주 연속 상승,,Korean,IRRELEVANT,,,Domestic gasoline prices at Korean gas stations have risen for six consecutive weeks.,0,Normal,[],D2_품목,MEDIUM,Domestic fuel prices,a19c4b02d63e1d735ba1bba02bb7d1f3
"기름값 6주 연속 상승, 서울 휘발유 2051원…日 1500원대 묶어",,Korean,IRRELEVANT,,,"Crude oil prices rise for sixth consecutive week; Seoul gasoline price at 2,051 won, compared to Japan's 1,500 won range",0,Normal,[],D2_품목,MEDIUM,Domestic fuel prices,7b8864561d83325c904c07f4ab705050
세계 식량가격 3개월째 상승...쇠고기 가격 사상 최고치,,Korean,IRRELEVANT,,,Global food prices rise for third consecutive month; beef prices reach all-time high,0,Normal,[],D2_품목,MEDIUM,Global food prices,c082abcb41f21229a843c601a3f9d869
국제유가 내렸지만 주유소 가격은 올랐다…휘발유·경유 6주 연속 상승,,Korean,DOMESTIC_IMPACT,,,"International oil prices fell but domestic gas station prices rose, with petrol and diesel prices increasing for 6 consecutive weeks.",3,Normal,[],D2_품목,MEDIUM,Domestic fuel prices,810fa2c619ab3fa375afe21a636758ea
"트럼프 방중 앞두고 기선 제압?…미국, ‘이란 지원’ 중국기업 등 10곳...",,Korean,THREAT,SOURCE,China,US prepares sanctions against 10 Chinese companies accused of supporting Iran ahead of Trump's China visit,5,Caution,[],D2_품목,MEDIUM,US Iran sanctions,b1785953f426b69b679d90113c6f741d
"中 기업, 이란 미사일 핵심 기술 등 지원…‘분노 폭발’ 미국 ‘초강수...",,Korean,THREAT,SOURCE,"China, Iran",Chinese company provides Iran with missile technology; US responds with strong countermeasures.,6,Warning,[],D2_품목,MEDIUM,US Iran sanctions,78c024d123b8e46064f14598a452dc4c
세계 식량가격지수 석 달 연속 상승…고기·옥수수 가격 올라,,Korean,THREAT,SOURCE,,Global food price index rises for three consecutive months; meat and corn prices increase,6,Warning,"[""CF_Corn""]",D2_품목,MEDIUM,Global food prices,93d4b4474f15d49beedd32898a060468
세계 식량가격지수 석 달째 오름세…곡물·유지류·육류 올라,,Korean,THREAT,SOURCE,,"Global food price index rises for third consecutive month; grain, oil, and meat prices increase",6,Warning,"[""CF_Meat""]",D2_품목,MEDIUM,Global food prices,6ce139864c7d8c87fa1493bbb342205e
고기·옥수수 가격 올랐다… 중동전쟁 여파에 식량물가 상승,,Korean,THREAT,SOURCE,Middle East,"Meat and corn prices have risen due to Middle East conflict aftermath, causing food price inflation",7,Warning,"[""CF_Corn""]",D2_품목,MEDIUM,Food price inflation,b6d813ed21ba6fff44ecd489d108e032
세계식량가격 3달 연속 상승…중동發 ‘먹거리 대란’ 주의보,,Korean,THREAT,SOURCE,Middle East,Global food prices rise for three consecutive months; warning issued of potential food crisis originating from Middle East,6,Warning,[],D2_품목,MEDIUM,Global food prices,c422d9d614b1deb64a933fb45e325c81
세계 식량가격지수 석 달 연속 올라…곡물·유지류·육류 상승,,Korean,THREAT,SOURCE,,"Global food price index rises for three consecutive months; grain, oils, and meat prices increase",6,Warning,"[""CF_Meat""]",D2_품목,MEDIUM,Global food prices,b419a19ef8d1d9220867915227285ba1
밀·옥수수·고깃값 다 올랐다…기후·정세 불안에 세계 식량가격 '들썩...,,Korean,THREAT,SOURCE,,"Global food prices rising due to climate instability and geopolitical tensions affecting wheat, corn, and meat prices",7,Warning,"[""CF_Corn""]",D2_품목,MEDIUM,Food price surge,b1c84f6ac3ffb6dd4133a84069d5f450
세계 식량가격지수 석달째 상승…유지류 5.9% 급등,,Korean,IRRELEVANT,,,"Global food price index rises for third consecutive month, with oil prices surging 5.9%",0,Normal,[],D2_품목,MEDIUM,Global food prices,2ed8c5422e0b9cd40bac37dd2a38ba60
"세계 식량가격지수, 3개월 연속 상승…곡물·유지류·육류 올라",,Korean,THREAT,SOURCE,,"Global food price index rises for three consecutive months; grain, oil crops, and meat prices increase.",6,Warning,"[""CF_Meat""]",D2_품목,MEDIUM,Global food prices,d8ed3ac489dd843517992c62bb79b4fa
"트럼프 방중 앞두고…美, ‘이란 지원’ 中 기업 등 10곳 제재",,Korean,THREAT,SOURCE,"China, Iran",US sanctions 10 Chinese companies for supporting Iran ahead of Trump's China visit,5,Caution,[],D2_품목,MEDIUM,US Iran sanctions,076a10105e74898ec8b5e2008c461b77
주유소 휘발유값 6주 연속 상승…국제유가 '하락 전환' 변수,,Korean,IRRELEVANT,,,Domestic gasoline prices at Korean gas stations rise for 6 consecutive weeks amid international crude oil price fluctuations.,0,Normal,[],D2_품목,MEDIUM,Domestic fuel prices,4aa31df296b2e6b3d72c89df60c5bc2a
"미 재무부, 미중 정상회담 앞두고 중국 기업 등 대이란 제재",,Korean,THREAT,SOURCE,"China, Iran, US",US Treasury Department imposes sanctions on Chinese companies and others over Iran ties ahead of US-China summit,4,Caution,[],D2_품목,MEDIUM,US Iran sanctions,e832e3fca9c7c60637b8038663e083ff
세계 식량가격지수 석 달 연속 상승…곡물·유지류·육류 올라,,Korean,THREAT,SOURCE,,"Global food price index rises for three consecutive months; grain, oil crops, and meat prices increase",6,Warning,"[""CF_Meat""]",D2_품목,MEDIUM,Global food prices,eb9870bda2bb6e1f74f7c53e89d56974
"미국, 미중 정상회담 앞두고 中·홍콩 대이란 제재",,Korean,THREAT,SOURCE,"USA, China, Hong Kong, Iran","US plans sanctions against China, Hong Kong, and Iran ahead of US-China summit talks",5,Caution,[],D2_품목,MEDIUM,Iran sanctions,c3382ab2a0a7bbfa9f238fc8de303f97
"미국, 이란 지원 중국 기업 등 10곳 제재…군수 산업 공급망 겨냥",,Korean,THREAT,SOURCE,"United States, Iran, China","US imposes sanctions on 10 Chinese firms supporting Iran, targeting military-industrial supply chains",6,Warning,[],D2_품목,MEDIUM,Iran sanctions,bf9f96ec4bd27034baecf896c22eb345
"美, '이란 지원' 中 기업 등 10곳 제재…미중 정상회담 앞두고 압박 강화",,Korean,THREAT,SOURCE,"United States, China, Iran",US imposes sanctions on 10 Chinese companies for supporting Iran ahead of US-China summit talks,4,Caution,[],D2_품목,MEDIUM,Iran sanctions,595a848b96b3a53e11b7e72450ba01b8
"美, 트럼프 방중 앞두고 ‘이란 지원’ 中 기업 등 10곳 제재",,Korean,THREAT,SOURCE,"United States, China, Iran",US imposes sanctions on 10 Chinese entities for supporting Iran ahead of Trump's visit to China,4,Caution,[],D2_품목,MEDIUM,Iran sanctions,2716d0f188a8ed7f9abf4fb3ed87b2c0
"美, 미중 정상회담 앞두고 中 기업 제재…""이란 군수망 겨냥""",,Korean,THREAT,SOURCE,"United States, China, Iran","US imposes sanctions on Chinese companies ahead of US-China summit, targeting Iran's military supply network",3,Normal,[],D2_품목,MEDIUM,Iran sanctions,41cf56656b9efa740a5280abbb55d1fb
"""이란 무기 생산 지원""…트럼프 방중 앞두고 美, 中기업 제재",,Korean,THREAT,SOURCE,China,US announces sanctions against Chinese companies for supporting Iranian weapons production ahead of Trump's visit to China,4,Caution,[],D2_품목,MEDIUM,Iran sanctions,1ae5b144c87906b93b992e7701589640
"미중 정상회담 앞두고…미, '이란 무기 지원' 中·홍콩 기업 무더기 제...",,Korean,THREAT,SOURCE,"China, Hong Kong, Iran","US imposes sanctions on Chinese and Hong Kong companies for allegedly supplying weapons to Iran, ahead of US-China summit",4,Caution,[],D2_품목,MEDIUM,Iran sanctions,2a23765dfa9e0df6e84ec479e4a7a8d6
"美, '이란 지원' 中 기업 등 10곳 제재",,Korean,THREAT,SOURCE,"United States, Iran, China",US imposes sanctions on 10 Chinese entities for supporting Iran,4,Caution,[],D2_품목,MEDIUM,Iran sanctions,243280bc2baccd672a54845aebf22d37
"트럼프 방중 앞두고…美, '이란 지원' 中 기업 등 10곳 제재(종합)",,Korean,THREAT,SOURCE,"China, Iran",US sanctions 10 Chinese entities for supporting Iran ahead of Trump's visit to China,5,Caution,[],D2_품목,MEDIUM,Iran sanctions,988c23b423ef2b3db86a062632280dc5
"이란, 원유 바다에 버렸나?...‘해상 유출’ 위성사진 포착",,Korean,DISRUPTION,SOURCE,Iran,Satellite imagery captures evidence of Iran dumping crude oil into the sea,7,Warning,"[""CF_CrudeOil""]",D2_품목,MEDIUM,Iran oil spill,6036238667b9eddb6ad6f57fea015bf4
“위성 사진에 다 찍혔다”…이란 하르그섬에 포착된 검은 액체의 정체,,Korean,THREAT,ROUTE,"Iran, Harq Island","Satellite images reveal black liquid spotted at Iran's Harq Island, suggesting potential environmental or operational incident in the Persian Gulf region.",6,Warning,[],D2_품목,MEDIUM,Iran oil incident,6ce3200161f741a8d5eee70641555654
서해 NLL 침범 불법 중국어선 2척 나포···압송 중 선원 1명 사망,,Korean,THREAT,ROUTE,West Sea (서해),Two illegal Chinese fishing vessels apprehended for NLL violation in West Sea; one crew member died during detention.,3,Normal,[],D3_인프라,MEDIUM,Illegal fishing enforcement,bea8935170c451507727b636071f769c
백령도 해상 불법 조업 중국 어선 2척 검거... 선원 1명 심정지 사망,,Korean,IRRELEVANT,,Baengnyeong Island (백령도),Two Chinese fishing vessels were apprehended for illegal fishing off Baengnyeong Island; one crew member died from cardiac arrest.,0,Normal,[],D3_인프라,MEDIUM,Illegal fishing enforcement,b8565858d79e8f633a1902281707e90c
백령도 불법조업 중국어선 2척 나포…중국인 선원 1명 사망,,Korean,IRRELEVANT,,Baengryeong Island (South Korea),Two Chinese fishing vessels operating illegally near Baengryeong Island were seized; one Chinese crew member died.,0,Normal,[],D3_인프라,MEDIUM,Illegal fishing enforcement,cce7c74339d4181a9b6694ed5e98af4a
"서해5도특별경비단, 백령도 인근 NLL 침범 중국어선 2척 나포",,Korean,THREAT,ROUTE,Yellow Sea (서해)/NLL (Northern Limit Line),South Korea's special maritime police unit seized two Chinese fishing vessels that violated the Northern Limit Line near Baengnyeong Island,4,Caution,[],D3_인프라,MEDIUM,Illegal fishing enforcement,3b54f1d6267da2c72b41829d575db0b1
백령도 불법조업 中어선 2척 나포…중국인 선원 1명 사망,,Korean,IRRELEVANT,,Baengnyeong Island (백령도),Two Chinese fishing vessels conducting illegal fishing near Baengnyeong Island were seized; one Chinese crew member died.,0,Normal,[],D3_인프라,MEDIUM,Illegal fishing enforcement,90e7415ab3eba104d73f7a0b5626945d
"이란 매체 ""미 전투기, 이란 선박 공격…6명 부상·6명 실종""",,Korean,THREAT,ROUTE,Iran,"Iranian media reports US fighter jets attacked Iranian vessel, causing 6 injuries and 6 missing persons",7,Warning,[],D4_운송,HIGH,Iran-US military incident,c15b254aeb995099a3eee11249c0cf86
"이란 매체 ""미 전투기 이란 선박 공격에 6명 부상·6명 실종""",,Korean,THREAT,ROUTE,Iran,"Iranian media reports US fighter aircraft attacked Iranian vessel, resulting in 6 injured and 6 missing persons",7,Warning,[],D4_운송,HIGH,Iran-US military incident,340029626dc018b4c064dca196097f13
"HD현대, AI 전력·친환경 선박 축으로 조선 가치 재편",,Korean,IRRELEVANT,,,HD Hyundai reorganizes shipbuilding value chain with focus on AI-powered and eco-friendly vessels,0,Normal,[],D4_운송,MEDIUM,Shipbuilding strategy,36fa03e14dbd3c9cf228a4effe65756e
HMM본사 '부산이전' 실효성 논란,,Korean,DOMESTIC_IMPACT,,South Korea,Controversy over the effectiveness of HMM headquarters relocation to Busan,2,Normal,[],D4_운송,MEDIUM,HMM relocation,d117ec5d4c6dfc418beb3c9380623171
"[특징주] HD현대중공업, 2.1조원 선박 수주에도 5%↓...차익실현에 밀려",,Korean,DOMESTIC_IMPACT,,,HD Hyundai Heavy Industries received a 2.1 trillion won ship order but its stock price fell 5% due to profit-taking by investors.,0,Normal,"[""KC_HDHeavy""]",D4_운송,MEDIUM,Shipbuilding order,12d8862e7f3f8fcfed4be8763ae4c235
"[특징주] HD현대중공업, 아시아 6척·오세아니아 2척 선박 건조 계약... ...",,Korean,DOMESTIC_IMPACT,,,HD Hyundai Heavy Industries secures contracts to build 6 vessels for Asia and 2 vessels for Oceania.,0,Normal,"[""KC_HDHeavy""]",D4_운송,MEDIUM,Shipbuilding contract,d1292ebace9801f96015f32b0e8ee225
한미 '조선 파트너십 센터’ 설립 추진…협력 이니셔티브 MOU,,Korean,IRRELEVANT,,,South Korea and the US are advancing plans to establish a 'Shipbuilding Partnership Center' and signing an MOU for cooperation initiatives.,0,Normal,[],D4_운송,MEDIUM,Shipbuilding partnership,14c571f562b0a215ad597a8f62f58b00
한·미 조선 동맹 강화…'마스가' 프로젝트 탄력,,Korean,IRRELEVANT,,,South Korea and US strengthen shipbuilding alliance; 'Musgag' project gains momentum,0,Normal,[],D4_운송,MEDIUM,Shipbuilding alliance,145f1d87ba737a4ccf08d69bcebd6a91
日조선업 발목 잡은 인력난…K-조선은 AI 기반 '자율 조선소'로 승부수...,,Korean,DOMESTIC_IMPACT,,Japan,Japanese shipbuilding industry faces labor shortage challenges; South Korean shipbuilders compete with AI-based autonomous shipyard technology,2,Normal,[],D4_운송,MEDIUM,Shipbuilding AI,ba3a303028e440d6f627d066b39ab4cd
"한·미, 워싱턴에 '조선협력센터' 설립 추진…기업간 활동 지원",,Korean,IRRELEVANT,,United States,South Korea and the US plan to establish a 'Shipbuilding Cooperation Center' in Washington to support inter-company activities.,0,Normal,[],D4_운송,MEDIUM,Shipbuilding partnership,71a20db2a5ece91fdb1fd8b59cb03461
"산업통상부 ""한·미 조선 파트너십 이니셔티브 협약 체결""",,Korean,IRRELEVANT,,,"Ministry of Trade, Industry and Energy announces conclusion of Korea-US shipbuilding partnership initiative agreement",0,Normal,[],D4_운송,MEDIUM,Shipbuilding partnership,72ee4c521191698768505adeac8d7671
"韓美, 워싱턴에 '조선협력센터' 설립 추진…美조선 재건 협력 본격화",,Korean,IRRELEVANT,,,South Korea and the US plan to establish a 'shipbuilding cooperation center' in Washington and formalize cooperation on US shipbuilding reconstruction.,0,Normal,[],D4_운송,MEDIUM,Shipbuilding partnership,c620f27e882263e8ddfd1d8294481ab7
"장동혁 ""한국 선박 피격 아니다 준비?...뭐가 무섭나""",,Korean,IRRELEVANT,,,Korean official Jang Dong-hyuk states that Korean ships were not attacked and questions what there is to fear.,0,Normal,[],D4_운송,MEDIUM,Korean vessel security,aa4684052b28d9c7521bc6f0e6fda710
"한미, '조선 동맹' 본격화… 美서 KUSPI 출범, 대규모 투자 프로젝트 속...",,Korean,IRRELEVANT,,,South Korea and the US formalize shipbuilding alliance; KUSPI launched in the US with large-scale investment projects,0,Normal,[],D4_운송,MEDIUM,Shipbuilding alliance,c8b040247708b8ab0259c8cf48e1f959
한미 조선협력 구심점 생겼다…1500억불 '마스가' 속도낼듯,,Korean,IRRELEVANT,,,South Korea and US establish cooperation hub for shipbuilding; $150 billion 'master plan' to accelerate progress,0,Normal,[],D4_운송,MEDIUM,Shipbuilding investment,9ad00e77d56ec7674330382876515d1b
고유가 지원금 1차 신청률 91% 넘어⋯1조6728억원 지급,,Korean,IRRELEVANT,,,"First round application rate for high oil price support fund exceeds 91%, with 1.6728 trillion won disbursed.",0,Normal,[],D5_시장지표,MEDIUM,High oil price support,301b322b19dbac772f5033335bcbd2d7
"“다음 달은 쉬어, 대신 월급은 없어”…유가 폭탄에 줄줄이 ‘무급휴직...",,Korean,DOMESTIC_IMPACT,,,"Korean workers facing unpaid leave due to high oil prices, with no salary next month",3,Normal,[],D5_시장지표,MEDIUM,Oil price impact employment,502da1fa1bb4bc6c43894f13290921df
"고유가 지원금 1차 신청률, 전남이 93.6%로 최고",,Korean,IRRELEVANT,,,Jeollanam-do province reports 93.6% application rate for high oil price support fund (first round).,0,Normal,[],D5_시장지표,MEDIUM,High oil price support,1adff4f40353583e94c445b2185504f4
이란 사태 장기화에 식자재 가격 급등...식당·급식업체 '울상',,Korean,DOMESTIC_IMPACT,,Iran,"Food ingredient prices surge due to prolonged Iran situation, causing distress among Korean restaurants and food service operators",5,Caution,[],D5_시장지표,MEDIUM,Iran crisis food prices,4be428ad0f478c0d3900f6eb76efb03c
이란 사태 장기화에 식자재 가격 들썩...식당 '울상',,Korean,DOMESTIC_IMPACT,,Iran,Iran-related situation prolongation causing food ingredient prices to rise and affecting Korean restaurants,4,Caution,[],D5_시장지표,MEDIUM,Iran crisis food prices,c10a4ba15a49eee894cb98d1f20b4002
이란 사태 장기화에 식자재까지 들썩...식당 '울상',,Korean,DOMESTIC_IMPACT,,,Iran situation prolongation causing food ingredient price volatility and affecting Korean restaurants negatively,3,Normal,[],D5_시장지표,MEDIUM,Iran crisis food prices,1c8d0c0e907011f26f7d6b9a9783062d
6년 만에 객실승무원 무급휴직 나선 제주항공…고유가에 LCC업계 긴장,,Korean,DOMESTIC_IMPACT,,,"Jeju Air, a Korean low-cost carrier, is implementing unpaid leave for cabin crew for the first time in 6 years amid high oil prices and industry tension.",2,Normal,[],D5_시장지표,MEDIUM,High oil prices aviation,01838345cc512e4b4a80bcc5867a4c1d
"미군, 이란 유조선 2척 추가 타격 영상 공개",,Korean,THREAT,SOURCE,Iran,US military releases video of strikes on two additional Iranian tankers,6,Warning,[],D6_교란행위,HIGH,Iran tanker strikes,16cfba979ce7c82efc175e60441441c9
"이란 돕는 중·홍콩 기업 '정조준'…미, 정상회담 앞두고 '강수'",,Korean,THREAT,SOURCE,"Iran, China, Hong Kong","US targets Chinese and Hong Kong companies assisting Iran ahead of summit talks, threatening potential sanctions on Iran-related supply sources.",4,Caution,[],D6_교란행위,MEDIUM,Iran sanctions,577f567c87becae9f5b56023c23f55f6
"방중 앞둔 트럼프, '이란 지원' 중국 기업 등 10곳 제재",,Korean,THREAT,SOURCE,China,Trump administration announces sanctions on 10 Chinese companies for providing support to Iran ahead of China visit,4,Caution,[],D6_교란행위,MEDIUM,Iran sanctions,5f1b91d0b2589b1cdd27366be20f000a
"미·중 정상회담 앞두고…미국, '이란 지원' 중국기업 제재 압박",,Korean,THREAT,SOURCE,"United States, China, Iran",US pressures sanctions against Chinese companies supporting Iran ahead of US-China summit,4,Caution,[],D6_교란행위,MEDIUM,Iran sanctions,5813eec4433f98ea3f60d5f6c7951b41
"美 재무부, 이란에 미사일·드론 부품 댄 중국·홍콩 기업 제재",,Korean,THREAT,SOURCE,"China, Hong Kong, Iran",US Treasury sanctions Chinese and Hong Kong companies for supplying missile and drone components to Iran,3,Normal,[],D6_교란행위,MEDIUM,Iran sanctions,733b3c12b883fa4ee66d4c414aed1b00
"미국, 이란 무기 생산 지원한 중국 기업 등 10곳 제재",,Korean,THREAT,SOURCE,"China, Iran, United States",US imposes sanctions on 10 Chinese entities for supporting Iranian weapons production,3,Normal,[],D6_교란행위,MEDIUM,Iran sanctions,a00890e75b1aa4f6d38538f5a4a64592
"美, '이란 지원' 中 기업 등 10곳 제재…군수 산업 공급망 겨냥",,Korean,THREAT,SOURCE,"United States, Iran, China","US imposes sanctions on approximately 10 Chinese companies for supporting Iran, targeting military-industrial supply chains",5,Caution,[],D6_교란행위,MEDIUM,Iran sanctions,a3df551256d2148b65799a875996f686
"주중이란대사, 중-이란 관계 신뢰…""美 대이란 정책에도 中 입장 안바꿀...",,Korean,IRRELEVANT,,,Chinese ambassador to Iran reaffirms China-Iran trust and states China will not change its position despite US Iran policy,0,Normal,[],D6_교란행위,MEDIUM,China-Iran relations,ee6827cae72adc3c1823bcbf48d01dbf
"미국, '이란 지원' 중국 기업 등 10곳 제재",,Korean,THREAT,SOURCE,"United States, China, Iran",US imposes sanctions on 10 Chinese entities for supporting Iran,5,Caution,[],D6_교란행위,MEDIUM,US Iran sanctions,d7cbf667ed2885a15d8195ac50dbe13e
"방중 앞둔 트럼프…美, 이란지원 中·홍콩기업 10곳 제재나서",,Korean,THREAT,SOURCE,"China, Hong Kong",US imposes sanctions on 10 Chinese and Hong Kong companies for supporting Iran ahead of Trump's China visit,3,Normal,[],D6_교란행위,MEDIUM,US Iran sanctions,2d26fbc0351adc20eff26e3c68e0dbc6
"美, 미중 정상회담 앞두고 ‘이란 지원’ 中 기업 등 10곳 무더기 제재",,Korean,THREAT,SOURCE,"United States, China, Iran",US imposes sanctions on 10 Chinese entities and others for supporting Iran ahead of US-China summit,4,Caution,[],D6_교란행위,MEDIUM,US Iran sanctions,0f2c23b080ce970df45700f7072761d4
"'이란 제재'로 중국 압박하는 미국...이란 ""중국 태도 안 바뀔 것""",,Korean,THREAT,SOURCE,"Iran, China, United States",US pressures China over Iran sanctions; Iran states China's stance will not change,5,Caution,[],D6_교란행위,MEDIUM,Iran sanctions,d33e4eebc8c41a81032766e3b5647119
"화상 입고 숨어서 지휘? 미 정보당국 ""하메네이, 전쟁 전략 수립서 핵심...",,Korean,THREAT,SOURCE,Iran,"US intelligence reports that Ayatollah Khamenei is directing Iran's war strategy despite reports of injury, suggesting continued Iranian military leadership and potential escalation.",5,Caution,[],D6_교란행위,MEDIUM,Iran war strategy,2994658c15c7f0864df1c509255727d0
Gov't continues inspection into fire on S. Korean-operated vessel in Stra...,,Korean,DOMESTIC_IMPACT,,,South Korean government continues inspection into a fire incident on a South Korean-operated vessel in the Strait,3,Normal,"[""VT_Reefer"", ""KC_KoreanAir""]",D7_행위자,HIGH,Vessel fire incident,115d3597c9a20ef1d575f37957136f66
두바이로 예인된 나무호 화재 원인 조사 개시,,Korean,IRRELEVANT,,Dubai,Investigation begins into the cause of fire aboard the Namu vessel towed to Dubai,0,Normal,[],D7_행위자,MEDIUM,Vessel fire investigation,e0338583d98217fa4e6ed925a3f60a1a
"바레인 ""이란 혁명수비대 연계 41명 검거""",,Korean,IRRELEVANT,,Bahrain,Bahrain reports arrest of 41 individuals linked to Iran's Revolutionary Guards,0,Normal,[],D7_행위자,MEDIUM,Iran security,db1ec3eff2450fcc80c70129a895be89
"바레인, ‘이란 혁명수비대 연계’ 간첩 조직 적발…41명 전격 검거",,Korean,IRRELEVANT,,Bahrain,Bahrain authorities arrest 41 members of a spy ring allegedly linked to Iran's Revolutionary Guards,0,Normal,[],D7_행위자,MEDIUM,Iran security,ea5ddc3efc56c6a011ff8cdfe44f1d7d
바레인 “이란 혁명수비대 연계 조직 41명 검거”,,Korean,IRRELEVANT,,Bahrain,Bahrain arrests 41 members of an organization linked to Iran's Revolutionary Guards,0,Normal,[],D7_행위자,MEDIUM,Iran security,d9e0a7b11223bc2d81b83b662969325f
"정부, ""나무호는 미상 비행체 2기에 피격...선미 외판에 폭 5m·깊이 7m 규...",,Korean,THREAT,ROUTE,,"Government reports vessel Namoho struck by 2 unidentified aircraft with 5m wide, 7m deep damage to stern hull.",7,Warning,[],D1_초크포인트,HIGH,HMM vessel attack,732aa1325bfaf81ca64ac8bc46ddd7c5
"외교부 ""미상 비행체 2기가 '나무호' 2차례 타격…공격 주체는 확인 못...",,Korean,THREAT,ROUTE,,South Korea's Ministry of Foreign Affairs reports two unidentified aircraft struck the vessel 'Namu-ho' twice; the attacking entity remains unconfirmed.,7,Warning,[],D1_초크포인트,HIGH,HMM vessel attack,f6a94ce8b839c97423cba603adc79149
"외교부 ""미상 비행체, 나무호 선미 타격""…""공격주체 예단안해""",,Korean,THREAT,ROUTE,,South Korean Ministry of Foreign Affairs reports unidentified flying object struck the stern of the Namu Ho vessel; attack attribution undetermined.,6,Warning,[],D1_초크포인트,HIGH,HMM vessel attack,fe07f073912a898ecd0c4b78006b0e88
"정부, 호르무즈 선박공격 공식 인정…이란 변수 부상",,Korean,THREAT,ROUTE,Iran,Korean government officially acknowledges ship attacks in Hormuz Strait; Iran emerging as variable factor,8,Crisis,"[""CP_Hormuz""]",D1_초크포인트,HIGH,Hormuz shipping attack,df5c0982f87f53f9c44456380a91237a
"정부 ""호르무즈 화물선 HMM 나무호, 미상 비행체 피격"" 결론",,Korean,THREAT,ROUTE,Hormuz,Korean government reports HMM Namu cargo vessel struck by unidentified aerial object in Hormuz region,8,Crisis,"[""KC_HMM""]",D1_초크포인트,HIGH,HMM vessel attack,a77065bc04da3cee7d0e65a39f47f323
"이란, 美 협상안 답변 전달…호르무즈 첫 LNG 통과 허용",,Korean,THREAT,ROUTE,Iran,Iran permits first LNG transit through Hormuz Strait following response to US negotiation proposal,6,Warning,"[""CP_Hormuz"", ""POL_LNGDiversify""]",D1_초크포인트,HIGH,Hormuz LNG passage approval,f2e8c6452ec466fba1361ec82bca9c3d
"이란, 美 제안에 답변… '호르무즈 개방·제재 해제' 종전 합의 임박했...",,Korean,THREAT,ROUTE,Iran,Iran responds to US proposal; reports indicate agreement imminent on Hormuz Strait opening and sanctions relief as part of ceasefire accord,7,Warning,"[""CP_Hormuz""]",D1_초크포인트,HIGH,Hormuz opening ceasefire deal,8daf7fc8e2b747a085a9089dbc56e188
"사우디 아람코 CEO ""세계 석유 공급 두 달 새 10억 배럴 감소""",,Korean,DISRUPTION,SOURCE,Saudi Arabia,Saudi Aramco CEO reports global oil supply decreased by 1 billion barrels over two months,8,Crisis,[],D1_초크포인트,HIGH,Global oil supply reduction,1582cd63717b6b2d63f04e4337f87003
나무호 피격에 호르무즈 긴장↑…'산업계 초비상',,Korean,THREAT,ROUTE,Hormuz,"Houthi attack on ship Noor increases tensions in Hormuz Strait, prompting Korean industry alert",8,Crisis,"[""CP_Hormuz""]",D1_초크포인트,HIGH,Namoo Ho attack Hormuz tension,fec8d69fb403a52244a80570e42fdca2
"靑, '나무호 비행체 타격' 발표에 신중 모드… NSC 실무회의 개최",,Korean,THREAT,ROUTE,,South Korean government adopts cautious stance on Houthi drone strike announcement; NSC holds operational meeting,5,Caution,[],D1_초크포인트,HIGH,Namoo Ho incident NSC response,04f09173746e2a2f01e4015a091607b9
"정부 ""호르무즈 나무호 화재, 미상 비행체 타격에 의한 외부 공격 확인...",,Korean,THREAT,ROUTE,Hormuz Strait,Government confirms external attack on Namu Ho vessel in Hormuz Strait caused by unidentified aircraft strike,8,Crisis,"[""CP_Hormuz""]",D1_초크포인트,HIGH,Namoo Ho external attack confirmed,4d79eb3e206e685ee0a8ab34571720ec
"靑, 나무호 폭발 '외부 비행체 타격' 관련 NSC 실무위 개최",,Korean,THREAT,ROUTE,Red Sea,South Korean government holds NSC task force meeting regarding Houthi attack on Nauja ship involving external aerial strike,7,Warning,[],D1_초크포인트,HIGH,Namoo Ho drone strike NSC,508f1118ca1261c61f9e208497b96c3d
"""나무호 화재는 미상의 비행체가 선미 타격해 발생""",,Korean,DISRUPTION,LOGISTICS,,The Namu Ho vessel fire was caused by an unidentified aircraft striking the ship's stern.,6,Warning,[],D1_초크포인트,HIGH,Namoo Ho stern drone strike,4a5b5ed9754643d1188534b27d534134
"카타르, 영해 상선 피격 규탄...""위기 악화""",,Korean,THREAT,ROUTE,Qatar,"Qatar condemns attack on merchant vessel in its territorial waters, warns of crisis escalation.",5,Caution,[],D1_초크포인트,HIGH,Qatar vessel attack Hormuz crisis,3e7003f2cf48cdf1097a99d423b4f052
"靑, 나무호 타격 예의주시…""관계부처와 NSC 실무위""",,Korean,THREAT,ROUTE,,South Korean government closely monitoring strikes on Mahu and coordinating response through relevant ministries and National Security Council task force,5,Caution,[],D1_초크포인트,HIGH,Namoo Ho incident monitoring,ed778cec4bd367abf3d9e8ebfbae5109
"정부 ""호르무즈 나무호, 공중 드론 2대가 1분 간격 '조준 공격'""",,Korean,THREAT,ROUTE,Hormuz Strait,Government reports Houthis conducted drone attacks on merchant vessel in Hormuz Strait with 2 aerial drones at 1-minute intervals,8,Crisis,"[""CP_Hormuz""]",D1_초크포인트,HIGH,Namoo Ho dual drone attack,f8c27f5d6130761d143607a040706ef9
"나무호, 비행체에 두 차례 피격... 정부 “하마터면 침몰, 국제 작전 참...",,Korean,THREAT,ROUTE,Red Sea,Cargo ship Namu Ho struck twice by aerial attack; government reports near-sinking and international operation involvement.,7,Warning,[],D1_초크포인트,HIGH,Namoo Ho near-sinking international operation,846bc6de26c9bdb27b6f2afde2cdc8b7
"""1분 간격으로 두 차례 기관실 조준 공격""",,Korean,THREAT,ROUTE,,Reports two targeted attacks on engine room at one-minute intervals,7,Warning,[],D1_초크포인트,HIGH,Engine room precision attack,22c63c33526d73f3169d33d2eb993ba7
"카타르, 상선 피격 규탄 ""호르무즈 압박카드화, 위기 악화""",,Korean,THREAT,ROUTE,Qatar,"Qatar condemns merchant vessel attack, warns that Hormuz pressure is becoming a crisis card and worsening the situation",7,Warning,"[""CP_Hormuz""]",D1_초크포인트,HIGH,Qatar condemns Hormuz escalation,1e840813f257a50f4d8e5bb078c021e6
"""나무호, 미상 비행체 2기가 타격""…외교부, 주한이란대사 '소환'",,Korean,THREAT,ROUTE,Iran,Iranian vessel Namu-ho struck by two unidentified aircraft; South Korea's Foreign Ministry summons Iranian ambassador,7,Warning,[],D1_초크포인트,HIGH,HMM Namu-ho attack,b5e6cc1f80e542f0b19fa209488dde9a
“1분 간격으로 나무호 두차례 타격…내부 깊이 7m까지 훼손”,,Korean,IRRELEVANT,,,A wooden vessel was struck twice at one-minute intervals with internal damage extending 7 meters deep.,0,Normal,[],D1_초크포인트,HIGH,Namu-ho damage,05e25934cf1976fddd4769b3a8bba0ed
"[일문일답]외교부 ""미상 비행체 '나무호' 2차례 타격…드론인지 미사일...",,Korean,THREAT,ROUTE,,South Korean Ministry of Foreign Affairs reports unidentified aircraft 'Namuho' struck twice; nature (drone or missile) unclear,6,Warning,[],D1_초크포인트,HIGH,Namu-ho attack details,d9f44f6121aed93d24683632aa55176e
"정부 ""미상 비행체 2기가 HMM 나무호 타격 확인""",,Korean,DISRUPTION,LOGISTICS,,Government confirms two unidentified aircraft struck HMM Namuho vessel,8,Crisis,"[""KC_HMM""]",D1_초크포인트,HIGH,HMM Namu-ho strike,a30b4602f2b9681029d2c22f262d4e85
"국힘 ‘나무호, 미상 비행체가 타격’ 발표에 “특정세력 공격 확인시 ...",,Korean,THREAT,ROUTE,,Korean political party reports unidentified aircraft struck a vessel; warns of potential response to attacks by specific forces,7,Warning,[],D1_초크포인트,HIGH,Namu-ho attack confirmation,16d7dbfb6d152be12d49f4551f188239
"정부 ""나무호, 미상 비행체에 타격""…7m 깊이로 찢겨져",,Korean,THREAT,ROUTE,,"Government reports unknown aircraft struck the vessel Namuho, causing a 7-meter tear in the hull",7,Warning,[],D1_초크포인트,HIGH,Namu-ho hull damage,3e2b6edae3e8f619bfce614ad6b3fe2a
“나무호 폭발은 미상 비행체 2기 타격 탓”,,Korean,THREAT,ROUTE,,Explosion of vessel Namu Ho attributed to strikes by two unidentified aerial objects,6,Warning,[],D1_초크포인트,HIGH,Namu-ho explosion cause,aba1d2450e0358ed71c56d527f9e5f56
나무호 피격 확인… 호르무즈 갇힌 한국 배 26척 안전 어쩌나,,Korean,THREAT,ROUTE,Hormuz Strait,Korean vessel attacked confirmed; 26 Korean ships trapped in Hormuz Strait with safety concerns,9,Crisis,"[""CP_Hormuz""]",D1_초크포인트,HIGH,Korean ships Hormuz,5c5e818abb1659a77a040233313274fc
"외교부 ""나무호, 미상 비행체 2기가 선미 2차례 타격…공격 주체는 확인...",,Korean,THREAT,ROUTE,,South Korean Foreign Ministry reports an unidentified vessel (Namu Ho) was struck twice at the stern by two unidentified aircraft; attack perpetrator not yet confirmed.,7,Warning,[],D1_초크포인트,HIGH,Namu-ho attack details,12ae5eeccbd3c6873349b6e575baba35
나무호 외부공격 확인…정부 '호르무즈 항행기여' 검토 빨라지나,,Korean,THREAT,ROUTE,Hormuz,외부공격 확인된 나무호 사건으로 정부가 호르무즈 해협 항행 기여 검토를 가속화하고 있음,8,Crisis,"[""CP_Hormuz""]",D1_초크포인트,HIGH,Namu-ho external attack,ea0532d82c36fd3ca2561c5c7bdb1625
"이란, 호르무즈에 경량 잠수함 전진 배치…""적대 선박 격멸 준비""",,Korean,THREAT,ROUTE,"Iran, Hormuz",Iran deploys lightweight submarines forward to Hormuz Strait and signals readiness to neutralize hostile vessels.,7,Warning,"[""CP_Hormuz""]",D1_초크포인트,HIGH,Iran submarine deployment,6dfab9ea85173c819239c09118f3f148
"靑 ""나무호 현장조사 마무리…결과는 관계기관들이 검토·평가 중""",,Korean,IRRELEVANT,,,청와대 statement regarding completion of field investigation on Namu Ho vessel; results under review by relevant agencies,0,Normal,[],D1_초크포인트,HIGH,Namu-ho investigation,7062948761498844877c964c71f9e6ee
나무호 화재 원인 '외부 타격'…호르무즈 선박 안전 비상,,Korean,THREAT,ROUTE,Hormuz,Ship fire caused by external impact; Hormuz Strait vessel safety emergency declared,7,Warning,"[""CP_Hormuz""]",D1_초크포인트,HIGH,Namu-ho fire cause,24b261136e8b597c994cefa509d6e78b
'나무호' 외부 타격 확인…이란 등 특정국가 공격으로 확정되면 외교문...,,Korean,THREAT,ROUTE,Iran,"Ship 'Namu Ho' confirmed hit externally; if attack is attributed to Iran or specific countries, diplomatic response expected",7,Warning,[],D1_초크포인트,HIGH,Namu-ho external strike,de03a3dfd6d0dee9b076e10c60b6ffd0
"나무호, 미사일 혹은 자폭드론에 피격 가능성…이란 소행인가",,Korean,THREAT,ROUTE,Iran,"Namoo Ho vessel reportedly struck by missile or drone attack, possibly by Iran",7,Warning,[],D1_초크포인트,HIGH,Vessel attack Hormuz,b4c697ed6c8157d9d9a3ca657219a552
청와대 '나무호 비행체 타격' 조사 결과에 촉각…NSC서 후속 대응 논의,,Korean,IRRELEVANT,,,"The Presidential Office is monitoring investigation results regarding strikes on the Namu-ho aircraft, with follow-up responses being discussed at the NSC.",0,Normal,[],D1_초크포인트,HIGH,Korean vessel incident response,eb6645d95457cc49966a18dad91677cd
호르무즈에 묶인 韓선박 26척 안전 비상,,Korean,DOMESTIC_IMPACT,,Hormuz,26 Korean vessels are stranded at Hormuz Strait facing safety emergency,8,Crisis,"[""CP_Hormuz""]",D1_초크포인트,HIGH,Korean ships Hormuz blockade,6a8024b3cf023172cd5ccd9065b771fa
호르무즈 뚫은 '카타르 선박'...중재 외교도 물꼬 트나,,Korean,THREAT,ROUTE,Hormuz Strait,"Qatar-flagged vessel reportedly transited the Hormuz Strait, with diplomatic mediation potentially opening dialogue channels",6,Warning,"[""CP_Hormuz""]",D1_초크포인트,HIGH,Hormuz passage resumption,dcfd415e79a2f7e6544ed1fd830f3152
"청와대, '나무호 피격' NSC 실무위 개최",,Korean,THREAT,ROUTE,Korean Peninsula,Presidential office convenes NSC task force meeting following Namu Ho vessel attack incident,6,Warning,[],D1_초크포인트,HIGH,Korean government crisis response,43958da102671ba445386414a6d69f9d
외판 5ｍ·내부 7ｍ까지 훼손…정부 “공격 주체는 확인 못해”,,Korean,THREAT,ROUTE,,"Government reports damage to external and internal structures (5m external, 7m internal) but cannot identify the attacking party.",7,Warning,[],D1_초크포인트,HIGH,Korean vessel damage assessment,0cee240c8d7ef5f632d6a8c126aebd3d
'페르시아만의 돌고래' 잠수함 증강 배치...화물선 또 피격,,Korean,THREAT,ROUTE,Persian Gulf,Submarine deployment increase in Persian Gulf with reported cargo ship attack incident,7,Warning,[],D1_초크포인트,HIGH,Hormuz shipping attacks,43edf36d698721e772bbdbf95b984847
"'나무호 비행체 타격 확인' 靑, 대응 방향 촉각…""NSC 실무회의 개최""",,Korean,THREAT,ROUTE,,South Korean government confirms drone strike on naval vessel and convenes National Security Council emergency meeting to coordinate response,7,Warning,[],D1_초크포인트,HIGH,Korean government incident response,dcef32e2f6d2538e5375f38dd2d0ac3a
"靑 ""해수부 등 관계부처와 NSC 실무위 개최""",,Korean,IRRELEVANT,,,The Blue House announces that the Ministry of Maritime Affairs and other relevant ministries will hold an NSC working-level meeting.,0,Normal,[],D1_초크포인트,HIGH,Korean government crisis coordination,1bd7fc38fc7e101da31e40122b5b90d6
"靑, ‘나무호 비행체 타격’ 여파 촉각…NSC 실무회의서 대응 논의",,Korean,THREAT,ROUTE,,South Korean government convenes NSC working-level meeting to discuss response to aftermath of strikes on Houthi vessels,6,Warning,[],D1_초크포인트,HIGH,Korean government incident response,11504152143496cbad2c2140e39fbf5d
"나무호 화재 원인은 외부 공격...""비행체가 선미 타격""",,Korean,THREAT,ROUTE,,Namu ship fire was caused by external attack; aircraft struck the stern.,7,Warning,[],D1_초크포인트,HIGH,Korean vessel attack confirmation,07c1b00f121317146803016123605800
"이란 ""나무호 공격 안 했다""고 부인했지만…의도적 타격 정황 짙어져",,Korean,THREAT,ROUTE,Iran,"Iran denies attacking the Namu Ho vessel, but evidence of intentional attack intensifies",7,Warning,[],D1_초크포인트,HIGH,HMM vessel attack,758b32fe8616ebcaba0c9e56b1561ffe
"[아주경제 오늘의 뉴스 종합] 정부 ""나무호 화재, 미상비행체 타격…발...",,Korean,IRRELEVANT,,,Government statement regarding Namu Ho fire incident and unidentified aircraft strike,0,Normal,[],D1_초크포인트,HIGH,HMM vessel attack,222609a6186ec4a4b85b48cacb644dc4
"청와대, '비행체 타격' 나무호 관련 ""관계부처 참여 NSC 실무위 개최""",,Korean,IRRELEVANT,,,South Korean presidential office holds NSC working-level meeting with relevant departments regarding the 'Nampo incident' involving a drone strike.,0,Normal,[],D1_초크포인트,HIGH,HMM vessel attack,5ff1103722c0f7b1c1df3355c3e056be
[그래픽] HMM 나무호 미상 비행체 외부 타격 위치,,Korean,DOMESTIC_IMPACT,,,HMM's Namuho vessel struck by unidentified flying object on external surface,7,Warning,"[""KC_HMM""]",D1_초크포인트,HIGH,HMM vessel attack,88756eee86f88c1a28ee9329de100cab
"""공격 주체 누구냐"" 나무호 피격, 외교 파장 번지나",,Korean,THREAT,ROUTE,,"Ship attacked; identity of attacker unclear, diplomatic repercussions spreading",6,Warning,[],D1_초크포인트,HIGH,HMM vessel attack,6d7d01e6625b46e2df5bbd2dc26d90be
"靑, '나무호 비행체 타격' 여파 촉각‥NSC 실무회의서 논의",,Korean,THREAT,ROUTE,,South Korean government discusses aftermath of Namu-ho aircraft strike in NSC working-level meeting,4,Caution,[],D1_초크포인트,HIGH,HMM vessel attack,2da54b11ca10e74c1ad49ca66231fb36
"국힘 ""나무호 공격 확인되면 정부 단호히 대응해야""",,Korean,THREAT,ROUTE,,South Korea's ruling party states government should respond firmly if attack on a ship (Namu Ho) is confirmed,6,Warning,[],D1_초크포인트,HIGH,HMM vessel attack,0d7fb0548a0ffa9f1ddeb8389b579b5e
청와대 '나무호 비행체 타격' 여파 촉각…NSC 실무회의서 대응 논의,,Korean,THREAT,ROUTE,,Blue House monitors tensions following drone strike incident; National Security Council discusses response measures.,6,Warning,[],D1_초크포인트,HIGH,HMM vessel attack,0e99640e27706fa2bd823de00595c736
"""우리 공격 아니다""던 이란…'나무호 피격' 발표에 압박 커질듯",,Korean,THREAT,ROUTE,Iran,Iran denies responsibility for attack on ship 'Namoo'; pressure expected to increase amid accusations,6,Warning,[],D1_초크포인트,HIGH,HMM vessel attack,f160b9d83287cfad94a549d9bfb961a8
"靑, '나무호 폭발 사고' 관련 NSC 실무위원회…논의 내용은 함구",,Korean,IRRELEVANT,,,South Korean government holds NSC working-level meeting regarding Namu Ho explosion accident; discussion details withheld,0,Normal,[],D1_초크포인트,HIGH,HMM vessel attack,9393cd36a0bb1cebecd53c1b18f9ade7
"""미상 비행체 2기, 1분 간격 타격""… 나무호, 중동 전쟁서 유탄 맞았다",,Korean,THREAT,ROUTE,Middle East,Unnamed aerial vehicles struck a ship (Namdohho) at 1-minute intervals in Middle Eastern waters during armed conflict.,7,Warning,[],D1_초크포인트,HIGH,HMM vessel attack,e7635cdf6c5593186a2ae92de7151a26
"비행체 연쇄폭발, 찢어진 나무호…野 “李정부에 해상안보위기 규명·주...",,Korean,IRRELEVANT,,,"Headline reports on aerial explosions, damaged wooden ships, and opposition party's demand for clarification on maritime security crisis under Lee administration.",0,Normal,[],D1_초크포인트,HIGH,HMM vessel attack,0493558bb3a1c328be3b5405139d1d11
"靑, '나무호 비행체 타격' 여파 촉각…NSC 실무회의 개최",,Korean,THREAT,ROUTE,,"South Korean government convenes NSC task force meeting in response to Houthi drone strike aftermath, monitoring potential maritime supply chain implications.",6,Warning,[],D1_초크포인트,HIGH,HMM vessel attack,7596a9e0152e0a57e1ec241531f1a49c
"HMM 나무호 화재 조사 종료…""외부 피격으로 확인""",,Korean,DOMESTIC_IMPACT,,,Investigation into HMM Namu vessel fire concluded; confirmed to have been caused by external attack/gunfire,7,Warning,"[""KC_HMM""]",D1_초크포인트,HIGH,HMM vessel attack,0274cfbef7c8617bcb0f295a354fae43
호르무즈 긴장 장기화 조짐…고유가·물류비에 산업계 비상,,Korean,THREAT,ROUTE,Hormuz,Hormuz tensions show signs of prolonging; industry alarmed over high oil prices and logistics costs,8,Crisis,"[""CP_Hormuz""]",D1_초크포인트,HIGH,Hormuz tension impact,245b0bd34a195595432aeeba69f8cf3d
"외교부, 주한이란대사 불러 나무호 피격 설명…쿠제치 대사 '묵묵부답'",,Korean,THREAT,ROUTE,Iran,South Korean Foreign Ministry summons Iranian ambassador to explain the Noor ship attack; ambassador remains non-committal.,6,Warning,[],D1_초크포인트,HIGH,HMM vessel attack,1d10db8162e5921d368f4c934b75217a
靑 “해수부 등 관계부처와 NSC 실무위 개최”,,Korean,IRRELEVANT,,,Presidential office announces NSC practical committee meeting with relevant government departments including Ministry of Maritime Affairs.,0,Normal,[],D1_초크포인트,HIGH,HMM vessel attack,eecf94d912812673cc72d0babb1160dd
'나무호 피격' 조사 결과에 긴장 높이는 靑…NSC 실무위 개최,,Korean,THREAT,ROUTE,,South Korean government raises tensions following investigation results into the Namu Ho vessel attack; NSC task force convened.,6,Warning,[],D1_초크포인트,HIGH,Korean vessel attack,8add88a2fa8a7c7d6ce6742e0e4e1e65
[속보]靑 ‘나무호 타격’ 관련 NSC 실무위 개최,,Korean,IRRELEVANT,,,Blue House NSC working-level meeting convened regarding Namu Ho strike,0,Normal,[],D1_초크포인트,HIGH,Korean vessel attack,21619a5447e577660fa184c84e21d551
한국 배 피격은 주로 해적 소행…정규군 개입 땐 외교 파장,,Korean,THREAT,ROUTE,,Korean ships are primarily targeted by pirates; formal military involvement could trigger diplomatic consequences,5,Caution,[],D1_초크포인트,HIGH,Korean vessel attack,345263c6cfd99ba31f8c937d115a1ea1
"청와대, 나무호 피격에 ""관계부처 참여 NSC 실무위 개최""",,Korean,THREAT,ROUTE,,Blue House convenes NSC working-level meeting with relevant agencies in response to Namu-ho vessel attack,6,Warning,[],D1_초크포인트,HIGH,Korean vessel attack,83c1faabaff13282d4ba6687dea073bf
"靑, ‘나무호 외부 타격’ 조사결과 관련 NSC 실무조정회의 개최",,Korean,IRRELEVANT,,,South Korean government holds NSC working-level coordination meeting regarding investigation results of external strike on Namu Ho vessel,0,Normal,[],D1_초크포인트,HIGH,Korean vessel attack,aaa454fc1d09483aa2efdb61648d104c
"국힘, '나무호 타격'에 ""국가 주권 침해이자 해상 안보 위기""",,Korean,THREAT,ROUTE,,South Korean ruling party claims strike on 'Namu Ho' vessel constitutes national sovereignty violation and maritime security crisis,6,Warning,[],D1_초크포인트,HIGH,Korean vessel attack,9143b0a1d8697eec88e8ae69a4412efa
"나무호 CCTV, 비행체 2기 연속 타격 포착…'외부 공격' 사실상 확인",,Korean,THREAT,ROUTE,,"CCTV footage from Namu Ho captured two consecutive strikes by aerial vehicles, confirming external attack.",7,Warning,[],D1_초크포인트,HIGH,Korean vessel attack,f9c0fecbb84d955e51c1dfe279e4c029
"""나무호 화재, 미상비행체 타격이 원인""",,Korean,DISRUPTION,LOGISTICS,,Fire on the Namoo vessel caused by unidentified aircraft strike,6,Warning,[],D1_초크포인트,HIGH,Korean vessel attack,644b8f849fc086b3fc3af863e80e5534
"靑, '비행체 타격' 나무호 관련 NSC 실무위 개최",,Korean,IRRELEVANT,,,South Korean government holds NSC working-level meeting regarding drone strike on a wooden boat,0,Normal,[],D1_초크포인트,HIGH,Korean vessel attack,3b208a5d8a6654798cacbf4efa4e3901
"정부 ""나무호, 외부 비행체 선미 피격""…NSC실무위 개최, 외교부 이란대...",,Korean,THREAT,ROUTE,Iran,South Korean government reports that the ship Nuwah was struck in the stern by an external aircraft; NSC held emergency meeting with Foreign Ministry coordinating response regarding Iran.,7,Warning,[],D1_초크포인트,HIGH,Korean vessel attack,5d013381f8ddb0ecff0d0dfc5079fd81
"국힘 ""나무호 피격 사건은 주권 침해…진상 규명 촉구""",,Korean,IRRELEVANT,,,South Korea's ruling party demands investigation into sovereignty violation regarding the Nammu incident.,0,Normal,[],D1_초크포인트,HIGH,Korean vessel attack,971d5beeb8311a4f8c0aa71f3e01328b
"靑, '나무호 비행체 타격' 여파 촉각…NSC 실무회의서 대응 논의(종합)",,Korean,THREAT,ROUTE,Middle East,South Korean government monitoring tensions following strikes on Houthi vessels; NSC holds working-level meeting to discuss response measures.,6,Warning,[],D1_초크포인트,HIGH,Korean vessel attack,db309a2cfbd3c86c9e0b8d8e00e6cd3a
"청와대, ‘나무호 비행체 타격’ 관련 NSC 실무회의 개최",,Korean,IRRELEVANT,,,Blue House holds NSC working-level meeting regarding drone strike incident,0,Normal,[],D1_초크포인트,HIGH,Korean vessel attack,c7733038b210b44ba4b55226144843cc
성일종 “HMM 나무호 피격…정부 무능했거나 은폐”,,Korean,DOMESTIC_IMPACT,,,"Korean politician criticizes government's response to HMM Namu vessel attack, alleging government incompetence or cover-up",6,Warning,"[""KC_HMM""]",D1_초크포인트,HIGH,HMM vessel attack,534fb43ded0518581f4d40a39a914cbb
"HMM 노조 ""선원 거주구역 아닌 기관실 타격…위협 의도 추정""",,Korean,DOMESTIC_IMPACT,,,"HMM union claims engine room was targeted rather than crew quarters, suggesting intentional threat",6,Warning,"[""KC_HMM""]",D1_초크포인트,HIGH,HMM vessel attack,15ce65b4a3e69f384c3b20ae2eed4443
타격에도 HMM “입장 발표 계획 없어”…韓 선박 하루에 5억원씩 손실중,,Korean,DOMESTIC_IMPACT,,,HMM (Hyundai Merchant Marine) suffering daily losses of 500 million won per vessel despite incidents; company states no plan to issue statement.,7,Warning,"[""KC_HMM""]",D1_초크포인트,HIGH,HMM vessel losses,67d513030c77aba808364af814d7195e
나무호 피격 확인…호르무즈 해협에 묶인 한국선박 26척 안전 비상,,Korean,THREAT,ROUTE,Hormuz Strait,Korean vessel attacked confirmed; 26 Korean ships stranded in Hormuz Strait facing safety emergency,9,Crisis,"[""CP_Hormuz""]",D1_초크포인트,HIGH,Korean vessel attack Hormuz,0fdd03d1a8d91be608eebe212fb6129d
"정부 ""미상비행체가 호르무즈 韓선박 타격""…외부공격 공식 인정(종합3...",,Korean,DISRUPTION,ROUTE,Hormuz Strait,Korean government officially confirms that an unidentified flying object struck a Korean vessel in the Hormuz Strait,9,Crisis,"[""CP_Hormuz""]",D1_초크포인트,HIGH,Korean vessel attacked Hormuz,f46d37ecd6446d1104b32f7e2838704d
"청와대, '나무호 미상비행체 타격' NSC 실무위원회…""관련 논의""",,Korean,IRRELEVANT,,,청와대 NSC 실무위원회에서 나무호 미상비행체 타격 관련 논의,0,Normal,[],D1_초크포인트,HIGH,Government response vessel attack,1b6218fe775a5efcf53d7597a360b162
"정부 ""나무호, 비행체 2기에 피격 확인""… 이란 소행 여부엔 '신중'",,Korean,THREAT,ROUTE,Iran,South Korean government confirms that the Namho ship was hit by 2 aircraft; maintains cautious stance on Iranian attribution,6,Warning,[],D1_초크포인트,HIGH,Vessel attack confirmation,f4f36a85717a1f84c5a5b417c1672e68
"靑, ‘나무호 미상 비행체 피격’ 파장 촉각…정부 “비행체 2기, 1분 간...",,Korean,THREAT,ROUTE,Yellow Sea / Korean Peninsula,South Korean government alerts to unidentified aircraft incursion and engagement near Namu Island; two aircraft involved in brief encounter.,6,Warning,[],D1_초크포인트,HIGH,Vessel attack incident response,380aefaf3b81f8a605df9f1f1c0d6206
"[미디어포커스] 미군 ""대이란 해상봉쇄로 상선 58척 회항·4척 무력화""",,Korean,THREAT,ROUTE,Iran,US reports naval blockade against Iran has forced 58 merchant vessels to turn back and disabled 4 vessels,7,Warning,[],D1_초크포인트,HIGH,US blockade Korean vessels,8dd7525f85a46ab7433fd71c8b355991
"靑, NSC 실무위 개최…나무호 비행체 타격 확인에 '신중모드'",,Korean,IRRELEVANT,,,South Korean government holds NSC working-level meeting; takes cautious stance on confirming drone strike results,0,Normal,[],D1_초크포인트,HIGH,Government crisis response,1862c571bfc7a56f9bdff62aa44f23a5
나무호 부상 1명 있었다...외교부 “목뼈 미세 골절 소견”,,Korean,IRRELEVANT,,,Foreign Ministry reports that one crew member from the Namu Ho vessel sustained a minor cervical fracture.,0,Normal,[],D1_초크포인트,HIGH,Vessel crew injury,280fdad24bc9439c512dccba2d640f25
"사우디 아람코, 유가 급등에 1분기 순이익 25% 증가…47조 달성",,Korean,IRRELEVANT,,Saudi Arabia,Saudi Aramco reports 25% increase in Q1 net profit reaching 47 trillion won due to rising oil prices,0,Normal,[],D1_초크포인트,MEDIUM,Oil price impact,c582aab368c9731b8207c90e76f08cf8
"이란 표적 공격인가, 오인 타격인가… 조사 결과 따라 외교적 파장 커질...",,Korean,THREAT,ROUTE,Iran,"Headline reports uncertainty over whether Iran carried out a targeted attack or a mistaken strike, with diplomatic repercussions expected based on investigation results.",7,Warning,[],D1_초크포인트,MEDIUM,Iran military action,34410f22cfec00491b24dbac959443d0
"""이란, 美종전안에 답변""…양국 협상 급물살 타나",,Korean,THREAT,SOURCE,Iran,Iran responds to US ceasefire proposal; bilateral negotiations gaining momentum,4,Caution,[],D1_초크포인트,MEDIUM,Iran-US negotiations,b5d22fb9c0543672d94697585b02c85b
"이란 국영통신 ""미국 종전안에 대한 답변 파키스탄에 전달""",,Korean,IRRELEVANT,,,Iran's state news agency reports that Pakistan has been informed of Iran's response to US peace proposal.,0,Normal,[],D1_초크포인트,MEDIUM,Iran-US negotiations,7f5b09cf78b3b3d2bc68c178efc75c58
"이란, 美 종전안 답변 전달…호르무즈 협상 분수령",,Korean,THREAT,ROUTE,Iran,Iran delivers response to US ceasefire proposal; Hormuz Strait negotiations at critical juncture,7,Warning,"[""CP_Hormuz""]",D1_초크포인트,MEDIUM,Iran-US negotiations,184a5a5c9424e808de149aebae2256a2
"이란 언론 ""美 종전안에 답변 전달…레바논 휴전·호르무즈 항행 안전 ...",,Korean,THREAT,ROUTE,"Iran, Lebanon, Hormuz","Iranian media reports transmission of response to US ceasefire proposal, mentions Lebanon ceasefire and Hormuz Strait navigation safety",7,Warning,"[""CP_Hormuz""]",D1_초크포인트,MEDIUM,Hormuz passage security,e4cda8012b9f4bda7b31525dbdd3def7
"국힘, 나무호 ‘외부공격’에 “단호 대응해야…정부, 왜 돌려 말하나”",,Korean,IRRELEVANT,,,"Korean ruling party comments on Namu Ho incident, calling for firm response and questioning government communication",0,Normal,[],D1_초크포인트,MEDIUM,HMM vessel response,99987c9e902e0f77507dc5d4db97ab91
"성일종 ""나무호 피격…한국인 건들면 패가망신이라던 대통령님 입장을...",,Korean,IRRELEVANT,,,Political statement by Sung Il-jong regarding the Namou incident and presidential response to Korean nationals,0,Normal,[],D1_초크포인트,MEDIUM,HMM vessel attack,e36748dd84eccde97435a13b49aca1f0
"정부 ""공격주체 파악 안돼""… 美 군사작전에 韓참여 압박 커질듯",,Korean,THREAT,ROUTE,null,South Korean government states attacker identity unknown; US military operation pressure on Korea participation expected to increase,6,Warning,[],D1_초크포인트,MEDIUM,Hormuz security risk,7561213f30d95f07dee32a1538618326
"이란, 美 종전안에 답변 전달…호르무즈 개방·휴전 협상 주목",,Korean,THREAT,ROUTE,Iran,Iran responds to US peace proposal with focus on Strait of Hormuz opening and ceasefire negotiations.,7,Warning,[],D1_초크포인트,MEDIUM,Hormuz passage security,9f7aa66910dea01d1cea5bd058622257
"이란, 美종전안에 대한 답변 전달……“전쟁 종식에 초점” 협상 진전 ...",,Korean,THREAT,SOURCE,Iran,"Iran delivers response to US ceasefire proposal, indicating focus on ending war and diplomatic progress in negotiations",3,Normal,[],D1_초크포인트,MEDIUM,Iran-US negotiations,7fd54d262c08aeb04d1c1274237bdb5c
"이란, 중재국에 美종전안 답변 전달…전쟁 종식 이뤄질까",,Korean,THREAT,ROUTE,Iran,Iran delivers response to US ceasefire proposal to mediator nations; potential for war resolution.,6,Warning,[],D1_초크포인트,MEDIUM,Iran-US ceasefire talks,3cd90b307265e7ceb2a46917f0522e76
[더 보다] 호르무즈의 경고:햇빛이 안보다,,Korean,THREAT,ROUTE,Hormuz,Warning about Hormuz Strait visibility/darkness concerns affecting maritime passage,7,Warning,"[""CP_Hormuz""]",D1_초크포인트,MEDIUM,Hormuz security analysis,e86ef141a6664fbd0e05f1489659dda1
"이란, 美종전안에 대한 답변 전달…협상 진전 주목",,Korean,THREAT,SOURCE,Iran,Iran delivers response to US ceasefire proposal; negotiations progress being monitored,5,Caution,[],D1_초크포인트,MEDIUM,Iran ceasefire negotiations,38ec1f306536ec7351b0c5bee8ba815f
"이란, 미 종전안에 대한 답변 전달…협상 진전 주목",,Korean,THREAT,SOURCE,Iran,Iran delivers response to US ceasefire proposal; negotiations progress being monitored,4,Caution,[],D1_초크포인트,MEDIUM,Iran ceasefire response,a74e58809f2a4f111c2e650ca525aece
"이란, 美 종전안에 대한 답변 파키스탄에 전달…협상 진전될까",,Korean,THREAT,SOURCE,Iran,Iran delivers response to US ceasefire proposal through Pakistan; diplomatic negotiations may advance,3,Normal,[],D1_초크포인트,MEDIUM,Iran ceasefire negotiations Pakistan,e568e14c1d2834e0379eb8bb32e41927
"이란, 美 평화안에 공식 답변 제출…호르무즈 재개방 여부 촉각",,Korean,THREAT,ROUTE,Iran,Iran submits official response to US peace proposal; uncertainty remains over Strait of Hormuz reopening.,7,Warning,[],D1_초크포인트,MEDIUM,Iran diplomacy,297dfbd8277ec74a1d93a8c48216c053
"이란 국영 매체 ""미국에 종전안 답변 전달""… 검토 일주일만",,Korean,THREAT,SOURCE,Iran,"Iranian state media reports transmission of response to US regarding peace proposal, under review for one week",3,Normal,[],D1_초크포인트,MEDIUM,Iran US negotiations,65b579f724af91a58ba7e42db1daed9a
"이란, 미 종전 14개항 제안에 ‘적대행위 중단’ 답변…협상 진전 이뤄...",,Korean,THREAT,ROUTE,Iran,"Iran responds to US proposal for ceasefire at 14 ports with commitment to halt hostile activities, showing progress in negotiations",6,Warning,[],D1_초크포인트,MEDIUM,Iran ceasefire response,4a5f78b57ba9c4d9c2598252ad466c53
"이란, 美종전안에 답변 전달…호르무즈 개방 물꼬 트나?",,Korean,THREAT,ROUTE,Iran,Iran responds to US peace proposal; potential opening of Hormuz Strait shipping passage.,7,Warning,[],D1_초크포인트,MEDIUM,Iran Hormuz reopening,ce1e52410e8216be5bf05143212f2f9a
"이란, 미국 종전안 답변 전달…협상 진전 주목",,Korean,THREAT,SOURCE,Iran,Iran delivers response to US ceasefire proposal; negotiations progress being monitored,4,Caution,[],D1_초크포인트,MEDIUM,Iran US talks,89239b3a773329c21bd6a5937d666051
"""중재 고맙다""더니...이란전쟁 다시 미중 담판 의제로?",,Korean,THREAT,ROUTE,Iran,"Headline reports Iran-related conflict returning as a US-China diplomatic agenda item, suggesting renewed geopolitical tensions.",5,Caution,[],D1_초크포인트,MEDIUM,Iran-US geopolitical tension,bdc0199056bcc79e8603c5fd716ea767
"이란, 미국 종전안 답변 파키스탄에 전달…협상 진전 주목",,Korean,THREAT,SOURCE,Iran,Iran transmits response to US peace proposal through Pakistan; negotiations progressing,3,Normal,[],D1_초크포인트,MEDIUM,Iran-US negotiation progress,0b92c3f67a4a7db6e371c77a8810a61a
"이란, 美 종전안 답변 전달…협상 국면 들어서나",,Korean,THREAT,SOURCE,Iran,"Iran delivers response to US ceasefire proposal, potentially entering negotiation phase",4,Caution,[],D1_초크포인트,MEDIUM,Iran-US negotiation talks,4e970a8e10bf10a92b5e0ee99b6877e9
"“이란, 파키스탄에 美종전안에 대한 답변 전달”",,Korean,IRRELEVANT,,,Iran delivers response to Pakistan regarding US peace plan,0,Normal,[],D1_초크포인트,MEDIUM,Iran-US diplomatic response,086e13d6a96013ae4ad6ccf6b5af7138
"이란, 미국 종전안 공식 답변 제출…""현 단계선 휴전 협상만 집중""",,Korean,THREAT,ROUTE,Iran,"Iran submits official response to US ceasefire proposal, stating focus on ceasefire negotiations at current stage",4,Caution,[],D1_초크포인트,MEDIUM,Iran-US ceasefire negotiation,e839e4a0e00cd5a05aff32cc850d9148
"""이란, 미국 종전안에 대한 답변 파키스탄에 전달""",,Korean,THREAT,SOURCE,Iran,Iran delivers response to US ceasefire proposal through Pakistan,3,Normal,[],D1_초크포인트,MEDIUM,Iran-US diplomatic channel,94a09fa9733b73a04f8e9cca11c5d6db
"“이란, 미국 종전안에 대한 답변 파키스탄에 전달”",,Korean,THREAT,SOURCE,Iran,Iran delivers response to US peace proposal through Pakistan,3,Normal,[],D1_초크포인트,MEDIUM,Iran-US negotiations,8459dc00a569afdcdc55809d0161fffc
"이란, 미국 종전안에 대한 답변 파키스탄에 전달…협상 윤곽 드러나",,Korean,THREAT,SOURCE,Iran,Iran delivers response to US ceasefire proposal through Pakistan; negotiation framework emerging,3,Normal,[],D1_초크포인트,MEDIUM,Iran-US negotiations,e87bed634ef482482e18e924e31b7b68
"[속보]“이란, 美 종전안에 대한 답변 파키스탄에 전달” 이란 매체 보...",,Korean,THREAT,ROUTE,"Iran, Pakistan","Iran reportedly transmitted a response to US ceasefire proposal through Pakistan, signaling diplomatic escalation in US-Iran tensions",4,Caution,[],D1_초크포인트,MEDIUM,Iran-US negotiations,41d624d5efdff90c304294d67a56b1b9
"IRNA “이란, 미국 종전안에 대한 답변 파키스탄에 전달”",,Korean,THREAT,SOURCE,Iran,Iran reportedly delivers response to US peace proposal through Pakistan,3,Normal,[],D1_초크포인트,MEDIUM,Iran-US negotiations,943656a5bf6c5d097369a92ab6543e04
"[속보] 이란 매체 “이란, 파키스탄 통해 미국 종전안에 답변 보내”",,Korean,THREAT,ROUTE,"Iran, Pakistan",Iran reports sending response to US ceasefire proposal through Pakistan via Iranian media,3,Normal,[],D1_초크포인트,MEDIUM,Iran-US negotiations,acb6aad3c244f34715c3533a54e432bc
"[속보] “이란, 미국 종전안에 대한 답변 파키스탄에 전달”",,Korean,THREAT,SOURCE,Iran,Iran has transmitted its response to the US ceasefire proposal to Pakistan,3,Normal,[],D1_초크포인트,MEDIUM,Iran-US negotiations,226f6feedece0ed622d594d6e9e7d85a
과거 한국 배 피격은 주로 해적 소행…정규군 개입 땐 외교 파장,,Korean,THREAT,ROUTE,,"Historical Korean vessel attacks were primarily piracy-related, but official military involvement could trigger diplomatic repercussions",4,Caution,[],D1_초크포인트,MEDIUM,Korean vessel security,6291013f7111503d1f7bbd5b910ed3be
외교부 떠나는 주한이란대사,,Korean,IRRELEVANT,,,Iranian ambassador to South Korea departing from the Ministry of Foreign Affairs.,0,Normal,[],D1_초크포인트,MEDIUM,Iran-Korea diplomacy,2a9da9fb984e574b8840ca3a1b8c6aaa
"이 대통령·다카이치 총리, 19일 안동서 정상회담 유력",,Korean,IRRELEVANT,,,Korean President Lee and Japanese PM Kishida reportedly plan to hold a summit meeting in Andong on the 19th.,0,Normal,[],D1_초크포인트,MEDIUM,Diplomatic response,23e9b6de2a5dba549485b584df475fc2
"재경부, 중동전쟁發 원유수급 불안 점검…석유수입기업 금융지원 확대",,Korean,DOMESTIC_IMPACT,,Middle East,South Korea's Ministry of Economy and Finance monitors crude oil supply instability from Middle East conflict and expands financial support for oil import companies.,6,Warning,[],D2_품목,HIGH,Middle East oil supply risk,6a6d635c198f07c2337e1355fc441719
"중동전쟁 장기화에…정부, 석유수입기업 긴급 금융지원 확대 검토",,Korean,DOMESTIC_IMPACT,,,Korean government reviews expansion of emergency financial support for oil import companies amid prolonged Middle East conflict,6,Warning,[],D2_품목,HIGH,Middle East war oil support,cf2ab2273cbfa3586408e6ac487c8d69
美 봉쇄 압박에 이란 원유 넘쳤나…하르그섬 기름유출 포착,,Korean,THREAT,SOURCE,Iran,"Oil spill detected at Kharg Island amid US pressure on Iran, suggesting potential crude oil supply disruption.",7,Warning,"[""CF_CrudeOil""]",D2_품목,HIGH,Iran oil spillage,903030d0128741f416bd71ddab6014ea
"미 에너지장관 “미국, ‘자유 계획’ 일시 중단”",,Korean,IRRELEVANT,,,US Energy Secretary announces temporary suspension of 'freedom plan',0,Normal,[],D2_품목,MEDIUM,US energy policy,476985acc2774a2192c39da5d5cfee4c
울산지역 휘발유·경유 판매가 6주 연속 상승,,Korean,IRRELEVANT,,울산 (Ulsan),Ulsan region gasoline and diesel prices rise for 6 consecutive weeks,0,Normal,[],D2_품목,MEDIUM,Fuel price surge,49c030468ac81674e44899a497daae33
"""울산 수출기업, 고환율 선제대응 조달선 다변화·환헤지 병행 필요""",,Korean,DOMESTIC_IMPACT,,"Ulsan, South Korea",Ulsan export companies are implementing preemptive measures against high exchange rates through diversification of procurement ships and parallel currency hedging strategies.,2,Normal,[],D2_품목,MEDIUM,Export competitiveness,0b7ff24d29a4fffd443a0d3622b7146b
유가 변수에 정제마진 회복…S-Oil 실적 체력 다시 본다,,Korean,DOMESTIC_IMPACT,,,"S-Oil's refining margins are recovering due to crude oil price fluctuations, with the company's earnings performance under renewed assessment",2,Normal,"[""KC_SOil"", ""CF_CrudeOil""]",D2_품목,MEDIUM,Refining margins,fb2ae0da4f2167b6b5ad886dd60e40bd
다음주 증시는? ‘반도체 랠리’ 이어질까…美 CPI·금리 변동성 주목 [...,,Korean,IRRELEVANT,,,Stock market outlook discussing potential continuation of semiconductor rally and focus on US CPI and interest rate volatility,0,Normal,"[""KI_Consumer""]",D2_품목,MEDIUM,Stock market outlook,a981514a85dda777d73b9729764aac89
"정부 ""중동 불확실성 여전·변동성 커…애로 기업 적극 지원""",,Korean,DOMESTIC_IMPACT,,Middle East,Government announces continued uncertainty in Middle East and increased volatility; pledges active support for affected Korean businesses,5,Caution,[],D2_품목,MEDIUM,Middle East uncertainty,dd8bff7eab7cc9664e526317c560bd6c
"사우디 아람코, 1분기 순익 26% 급증…""유가상승 영향""",,Korean,IRRELEVANT,,,Saudi Aramco reports 26% surge in Q1 net profit attributed to rising oil prices,0,Normal,[],D2_품목,MEDIUM,Oil price impact,06a478100396b4227ad76fbc85aa90f8
종전 기대감 ‘희비’… 전력·반도체 날고 원유·방산 휘청 [ETF 스퀘어...,,Korean,DOMESTIC_IMPACT,,,"Korean crude oil and defense sectors experience weakness amid peace expectations, while power and semiconductor sectors gain strength",4,Caution,"[""CF_CrudeOil""]",D2_품목,MEDIUM,Sector performance,b0c8759056af541d85f14400be419aaa
이란 협상 다급한 美…중재역에 느긋한 中,,Korean,THREAT,SOURCE,Iran,US urgently seeking Iran negotiations while China takes a relaxed stance as mediator,5,Caution,[],D2_품목,MEDIUM,Iran negotiations,d6be2cdf7be1c8af28910b098626af8e
"푸틴 ""이란 농축우라늄 러시아 보관 가능""…美·이란 협상 중재 재시동",,Korean,THREAT,SOURCE,"Iran, Russia",Putin proposes Russia could store Iran's enriched uranium as part of U.S.-Iran negotiations mediation restart,2,Normal,[],D2_품목,MEDIUM,Iran nuclear talks,f775f6e7ddd73d4bee57060b80e2a11b
달라진 韓 에너지 지도 …석유·LNG 중동 의존 줄어,,Korean,DOMESTIC_IMPACT,,,Korea's energy map is changing with reduced dependence on Middle Eastern oil and LNG,3,Normal,"[""POL_LNGDiversify"", ""KS_Energy""]",D2_품목,MEDIUM,Energy diversification,2ec87375a9148b249873b98c25f19b2e
"[社告] 위기의 정유·화학업계, 공급망 안정과 생존 전략 찾는다",,Korean,DOMESTIC_IMPACT,,,Korean refining and chemical industries facing crisis seek supply chain stabilization and survival strategies,5,Caution,[],D2_품목,MEDIUM,Refining crisis strategy,a7543f06544a6053f4fbe899051b9a08
[K-산업비전포럼] 정유로 버티고 LNG·배터리로 넓힌다… SK이노베이션 ...,,Korean,IRRELEVANT,,,"SK Innovation discusses diversification strategy across refining, LNG, and battery sectors at Korea Industry Vision Forum",0,Normal,"[""POL_LNGDiversify""]",D2_품목,MEDIUM,SK Innovation strategy,26743fd2492abddc9f2f757542a7e7a3
"정유업계, 1분기 호실적 예상 속 역풍 우려",,Korean,DOMESTIC_IMPACT,,,South Korean refining industry expects strong Q1 results but faces headwind concerns,2,Normal,[],D2_품목,MEDIUM,Refining industry outlook,bbbdf41be59d829bda54b5862959b43d
친환경 선박 발주 '반등'... K-조선 '슈퍼사이클'은 계속된다,,Korean,DOMESTIC_IMPACT,,,Korean shipbuilding industry shows recovery in eco-friendly vessel orders; K-shipbuilding's super-cycle expected to continue,0,Normal,[],D2_품목,MEDIUM,Eco-ship orders,5bf6c3e65bb4bcdb2c2076e5b17389b5
"부산 LNG 화력발전소 불, 약 6시간30분 만에 초진(종합2보)",,Korean,DOMESTIC_IMPACT,,Busan,Fire at Busan LNG thermal power plant extinguished after approximately 6 hours and 30 minutes.,3,Normal,"[""POL_LNGDiversify""]",D2_품목,MEDIUM,LNG power plant fire,22fdd55b85b75bf7eadaa4a4325fa75b
"부산 LNG 화력발전소 불, 약 6시간30분 만에 초진(종합)",,Korean,DOMESTIC_IMPACT,,Busan,"Fire occurred at Busan LNG thermal power plant, extinguished after approximately 6 hours and 30 minutes.",3,Normal,"[""POL_LNGDiversify""]",D2_품목,MEDIUM,LNG power plant fire,0be182b1986ce4236e05e9f1e0fa8a97
"남부발전 ""부산 LNG발전소 화재, 인명·협력업체 피해 없어""",,Korean,DOMESTIC_IMPACT,,Busan,South Korea's southern power company reports fire at Busan LNG power plant with no casualties or contractor damages.,1,Normal,[],D2_품목,MEDIUM,LNG power plant fire,7bba8c3d9105b1030e2bac5b1abc1ee7
울산항 북극항로 대비 친환경 에너지 허브 도약 '잰걸음',,Korean,IRRELEVANT,,,Ulsan Port accelerates its development as an eco-friendly energy hub in preparation for Arctic shipping routes.,0,Normal,"[""KP_Ulsan"", ""KS_Energy""]",D3_인프라,MEDIUM,Arctic route energy hub,f2cc0cfd9b090f6f4773c7c6c7513177
"푸틴 ""이란 핵 우리에게 넘겨라""…러, 카스피해 통해 이란에 물자 지원",,Korean,THREAT,SOURCE,"Russia, Iran, Caspian Sea",Putin demands Iran transfer nuclear capabilities; Russia provides material support to Iran via Caspian Sea,4,Caution,[],D3_인프라,MEDIUM,Iran-Russia geopolitics,2dba6669a6f78ee9fa5f3b569900ba86
"""미상 비행체 2기 선미 타격""…이란 대사에 설명",,Korean,THREAT,ROUTE,Iran,Two unidentified aircraft struck a ship's stern; Iran's ambassador provided explanation.,7,Warning,[],D4_운송,HIGH,Namu Ho strike,2a52b65e06777cb9cc92c64db29515fe
"[현장연결] 정부 ""나무호 화재원인, 미상 비행체 타격""",,Korean,THREAT,ROUTE,,Government reports that the fire on the Namu Ho was caused by a strike from an unidentified aircraft.,7,Warning,[],D4_운송,HIGH,Namu Ho fire cause,e1fcf857e383918c066718343657ba25
"[속보]외교부 ""선박 엔진, 보일러 등 특이점 없어…발화 지점은 평형수...",,Korean,DOMESTIC_IMPACT,,,South Korea's Ministry of Foreign Affairs reports no abnormalities found in ship engine and boiler; identifies ballast water as ignition point of incident.,2,Normal,[],D4_운송,HIGH,Namu Ho engine analysis,6c5d70e89e92b556c668c017a7ed1cda
"[속보] 외교부 ""나무호 화재, 내부 원인 아닌 것으로 추정…기뢰·어뢰...",,Korean,THREAT,ROUTE,,South Korea's Ministry of Foreign Affairs reports the Namu Ho fire was likely caused by external factors (mine or torpedo) rather than internal causes,7,Warning,[],D4_운송,HIGH,Namu Ho mine/torpedo,c0eff5f04468f93332a84c0cd3a37c3c
"[속보]외교부 ""HMM 나무호 화재 원인은 미상 비행체 타격...선박 내부와...",,Korean,DOMESTIC_IMPACT,,,South Korea's Foreign Ministry reports HMM Namuho ship fire caused by unknown aircraft strike; vessel interior and cargo status under assessment,7,Warning,"[""KC_HMM""]",D4_운송,HIGH,HMM vessel attack Hormuz,d984b4685e85d673a0cc1b4bc1774a6c
"[속보] 외교부 ""호르무즈 韓 선박 화재 원인은 미상 비행체 타격""",,Korean,THREAT,ROUTE,Hormuz,South Korean vessel caught fire in Hormuz Strait due to strike by unidentified aircraft; cause under investigation,8,Crisis,"[""CP_Hormuz""]",D4_운송,HIGH,Korean vessel attack Hormuz,1a768760218c7e8eba9f50fb1d76ee93
"[속보]외교부 “호르무즈 韓 선박 화재, 원인은 미상 비행체 타격”",,Korean,THREAT,ROUTE,Hormuz,Korean vessel caught fire in Hormuz Strait after being struck by unidentified aerial object; cause under investigation.,8,Crisis,"[""CP_Hormuz""]",D4_운송,HIGH,Korean vessel attack Hormuz,1a7063f4fec787b2c920260bbedb4b95
"[속보] 외교부 ""호르무즈 HMM 선박 화재 원인은 미상 비행체 타격""",,Korean,DISRUPTION,LOGISTICS,Hormuz,HMM vessel caught fire in Hormuz Strait; cause attributed to unknown aerial strike,8,Crisis,"[""CP_Hormuz"", ""KC_HMM""]",D4_운송,HIGH,HMM vessel attack Hormuz,b0143e6f08884e1caf1881dee7ade16c
HMM 임시주총서 부산 이전 확정…이달 중에 등기 절차(종합),,Korean,DOMESTIC_IMPACT,,부산,"HMM held extraordinary shareholders meeting to confirm relocation of headquarters to Busan, with registration procedures to be completed this month",0,Normal,"[""KC_HMM""]",D4_운송,MEDIUM,HMM relocation,8cd7dc067fedaff2db664cb2fbd5216a
HMM 본사 부산 이전 확정… 주총서 안건 통과,,Korean,DOMESTIC_IMPACT,,South Korea,HMM (Hyundai Merchant Marine) confirms relocation of headquarters from Seoul to Busan following shareholder approval.,0,Normal,"[""KC_HMM""]",D4_운송,MEDIUM,HMM relocation,b1902324d557e35fb3b34c0844ab4de5
"""이란으로 단정은 아직""...결과 따라 파장 클 듯",,Korean,THREAT,SOURCE,Iran,"Reports speculation about Iran's involvement in an incident, with uncertainty about attribution but expectation of significant consequences.",5,Caution,[],D4_운송,MEDIUM,Iran attribution,611c36573e9ca64ad27afc9f990ee0e4
"국민의힘 ""李 정부, '나무호 피격' 알고도 선거 앞두고 은폐한 것 아니...",,Korean,IRRELEVANT,,,South Korea's ruling party disputes allegations that the government concealed knowledge of a vessel being attacked ahead of elections.,0,Normal,[],D4_운송,MEDIUM,Namu Ho incident,2ed8931b00fbe5a14e3dda245646fe1e
"[新중동천일야화] 걸프의 틀을 깬 UAE, 담대한가 무모한가",,Korean,THREAT,ROUTE,UAE,"Headline discusses UAE's bold or reckless actions breaking the Gulf framework pattern, suggesting geopolitical escalation in the Gulf region.",6,Warning,[],D5_시장지표,MEDIUM,Gulf geopolitics,37f2f516e100f3bc7a32096096e80074
중동사태 대응 3차 中企 경영안전자금 700억 지원,,Korean,DOMESTIC_IMPACT,,China,China announces third round of 70 billion yuan operational safety funds to support Chinese companies in response to Middle East crisis,2,Normal,[],D5_시장지표,MEDIUM,Middle East crisis response,40a2dea233d6a8b4f2e445138e5afbc1
중동발 위기 대응 자금 지원 시의적절하다,,Korean,IRRELEVANT,,,Middle East crisis response funding is timely,0,Normal,[],D5_시장지표,MEDIUM,Middle East crisis funding,bdd0c6f8fcfd54cde05b22ebeb50f023
6월 국내선 유류할증료 또 올라…도민 부담 대책 시급,,Korean,DOMESTIC_IMPACT,,,June domestic maritime fuel surcharge increases again; measures needed to address regional burden,3,Normal,[],D5_시장지표,MEDIUM,Fuel surcharge increase,0eb03da245b93470a44a81a057b36d54
"울산시, 중소기업 경영안정자금 200억 원 증액",,Korean,IRRELEVANT,,,Ulsan city increases management stabilization funds for SMEs by 20 billion won,0,Normal,[],D5_시장지표,MEDIUM,Middle East crisis support,29d0db5f2bc3f27bcb98e08b66a24cc5
“보조금 벌써 동났다”…고유가에 전기차 수요 폭증,,Korean,IRRELEVANT,,,High oil prices drive surge in electric vehicle demand; government subsidy budget depleted early,0,Normal,[],D5_시장지표,MEDIUM,High oil prices impact,b1b62d688ca742a7c77fef143fb99706
중동사태 속 농업용 면세유 지원 신청 당부,,Korean,IRRELEVANT,,,Article urges farmers to apply for tax-free agricultural diesel support amid Middle East situation,0,Normal,[],D5_시장지표,MEDIUM,Agricultural fuel support,5a41e99cece486f39df5a40b98559e12
"SK에너지, 전국 SK주유소에 월 최대 200억 지원",,Korean,IRRELEVANT,,,SK Energy provides up to 20 billion won monthly support to SK gas stations nationwide,0,Normal,[],D5_시장지표,MEDIUM,Oil price relief measures,ab18f0d3d0970df6c7b8d12c30db8493
고유가 2차 지원금 임박…3256만명 대상자 살펴보니,,Korean,IRRELEVANT,,,Government announces second round of high oil price support payments targeting 32.56 million recipients,0,Normal,[],D5_시장지표,MEDIUM,High oil price relief,c091e2a8dcb898109ed0cac5c10a3879
"""환율 10% 오르면 소비자물가 최대 0.5%p 올라""",,Korean,IRRELEVANT,,,Headline reports that a 10% increase in exchange rate could raise consumer prices by up to 0.5 percentage points.,0,Normal,[],D5_시장지표,MEDIUM,Exchange rate impact,c1f7f6990727f46ea13188cce66f4116
"중동전쟁 장기화…항공업계, 비상경영 돌입",,Korean,THREAT,ROUTE,Middle East,Middle East conflict prolongation prompts aviation industry to enter emergency management,7,Warning,[],D5_시장지표,MEDIUM,Middle East conflict,ef522d3548517764501ac36257f5bebd
“트럼프 패배 확률 95%”…이란과의 종전 협상에 매달리는 이유 이거였...,,Korean,IRRELEVANT,,,Political analysis regarding Trump's election prospects and Iran peace negotiations,0,Normal,[],D5_시장지표,MEDIUM,Iran geopolitics,ec61feea3ab8158d030f67191c147bb7
"현대硏 ""환율 10% 오르면 물가 최대 0.5%p↑…취약층 부담확대""",,Korean,IRRELEVANT,,,"Hyundai Research Institute reports that a 10% increase in exchange rates could raise inflation by up to 0.5 percentage points, expanding burden on vulnerable populations",0,Normal,[],D5_시장지표,MEDIUM,Exchange rate inflation,5de08126fa0b686a410392d4e2d651f2
고유가 직격 항공사 감편·휴직,,Korean,DOMESTIC_IMPACT,,,"High oil prices directly impact airlines, causing flight reductions and employee furloughs",3,Normal,[],D5_시장지표,MEDIUM,Oil price impact,9fe27ad0a8b4ee1baa05b352ce779d7f
2차 고유가 피해지원금 지급 대상 기준 내일 발표,,Korean,IRRELEVANT,,,Korean government announces criteria for second-round high oil price damage relief payments tomorrow,0,Normal,[],D5_시장지표,MEDIUM,Oil price relief,51d4013f378d821ee925746538370afa
유가·환율 상승에 '피벗' 전망… 재정운용 부담 커질 듯,,Korean,IRRELEVANT,,,"Article discusses expectations for policy pivot amid rising oil prices and exchange rates, with concerns about increased fiscal management burden.",0,Normal,[],D5_시장지표,MEDIUM,Oil price inflation,c1a9858e7c6142f5a1b136c21294f152
'아람코 호실적' 이면의 그림자… 고유가 시름 깊어지는 면세업계 [KDF 시...,,Korean,DOMESTIC_IMPACT,,,Korean duty-free industry faces deepening concerns amid high oil prices despite Saudi Aramco's strong financial performance,2,Normal,[],D5_시장지표,MEDIUM,Oil price impact,cb78ce0963cb02b82105ba4e3db24284
'고유가 지원금' 2차 지급기준 내일 공개⋯건보료로 70% 선별,,Korean,IRRELEVANT,,,"Korean government announces second round payment criteria for high oil price support fund, with 70% screening based on health insurance premiums.",0,Normal,[],D5_시장지표,MEDIUM,Oil price relief,c8ba7c16eda15417b81e562cd37a21cb
고유가에 제주항공도 승무원 무급휴직,,Korean,DOMESTIC_IMPACT,,,Jeju Air implements unpaid leave for crew members due to high oil prices,2,Normal,[],D5_시장지표,MEDIUM,Oil price impact,98a39b83209a9630133cc8e89bfadda5
"SK에너지, 전국 가맹 주유소에 지원금",,Korean,IRRELEVANT,,,SK Energy provides financial support to affiliated gas stations nationwide,0,Normal,[],D5_시장지표,MEDIUM,Oil price relief,9fa6dcc71f7eb627fd91375bbf25f2e6
"SK에너지, 전국 2500개 주유소에 월 200억 지원… ""고유가 위기 함께 넘...",,Korean,DOMESTIC_IMPACT,,,"SK Energy provides 20 billion won monthly support to 2,500 nationwide gas stations to weather high oil price crisis",1,Normal,[],D5_시장지표,MEDIUM,Oil price relief,875e0f08be6cce68d4e95042bd3555a3
경기 고유가 지원금 1차 ‘성황’…18일부터 소득 하위 70% 2차 접수,,Korean,IRRELEVANT,,,Gyeonggi Province fuel subsidy program first phase successful; second phase applications open from 18th for bottom 70% income earners.,0,Normal,[],D5_시장지표,MEDIUM,Oil price relief,d1d2f50b3fae6af594ff95397cd068da
물가 잡은 '최고가 방파제'…재정엔 3조원 '역류' 시작,,Korean,IRRELEVANT,,,Article discusses domestic fiscal policy regarding high breakwater construction costs and a 3 trillion won budget impact.,0,Normal,[],D5_시장지표,MEDIUM,Oil price stabilization,052625f079ec0589daed1190cc8d62db
[리포트] 두 번의 전쟁 여파.. 재료 값 상승에 휘청이는 자영업자,,Korean,DOMESTIC_IMPACT,,,Korean self-employed workers and small business operators struggling with rising material costs due to impacts from two wars,3,Normal,[],D5_시장지표,MEDIUM,Material cost inflation,84fff0a86220728f98b8b229d61318b2
"중동발 고유가 파고에…울산시, 중기 경영안정자금 700억 푼다",,Korean,DOMESTIC_IMPACT,,South Korea (Ulsan),Ulsan City announces 70 billion won in management stabilization funds for SMEs amid high oil prices originating from the Middle East,5,Caution,[],D5_시장지표,MEDIUM,High oil price impact,c72292e4eb6dc41b293d69edb5bb5c57
"부산시, 고환율·고유가 지역 중소기업 신속 지원",,Korean,DOMESTIC_IMPACT,,Busan,Busan city announces rapid support measures for local SMEs facing high exchange rates and high oil prices,1,Normal,[],D5_시장지표,MEDIUM,High oil price impact,18aed2ba157c69146c8366e05a094bf5
알뜰주유소 정산 두달째 중단…기름값 복병되나,,Korean,IRRELEVANT,,,Payment settlement suspension at discount gas stations for two months raises concerns about fuel price volatility,0,Normal,[],D5_시장지표,MEDIUM,Oil price supply disruption,9e69979dfaba471e25fbe69652192113
"푸틴 ""이란 우라늄, 러시아로""...2015년 '핵 합의'와 다른 점은?",,Korean,THREAT,SOURCE,"Iran, Russia","Putin announces Iran uranium transfer to Russia, signaling shift from 2015 nuclear agreement framework",3,Normal,[],D6_교란행위,MEDIUM,Iran nuclear uranium,4de240fc068475749a3cadb5767efff0
"이란, 美종전안 답변서 중재국 파키스탄에 전달",,Korean,THREAT,SOURCE,Iran,Iran delivers response to US ceasefire proposal through Pakistani mediator,3,Normal,[],D6_교란행위,MEDIUM,Iran US negotiations,85ce930f42c335dc3dd8b6e9bd84f2b9
"""미-이란 소통, 우리가 중재""…카타르 총리, 마이애미서 종전 합의 논의",,Korean,THREAT,ROUTE,"Qatar, USA, Iran",Qatar's PM offers to mediate US-Iran communications and discusses ceasefire agreement in Miami,4,Caution,[],D6_교란행위,MEDIUM,Iran-US mediation,ebb3e1603e2c9af4e12cb02b092b9bdf
"푸틴, 美·이란 협상 중재자 자처? “이란 우라늄 우리가 맡을 수 있어”",,Korean,IRRELEVANT,,,Putin offers to mediate US-Iran negotiations and proposes Russia handle Iranian uranium.,0,Normal,[],D6_교란행위,MEDIUM,Iran uranium negotiations,33965024d65361a0d5d309d40387fff3
이란 고농축 핵물질 반출 놓고 미·이란·러시아 3파전,,Korean,THREAT,SOURCE,Iran,"Three-way negotiations between US, Iran, and Russia over Iran's highly enriched nuclear material export",2,Normal,[],D6_교란행위,MEDIUM,Iran nuclear tensions,94e05584c117b078b75f953bccdaf721
"나무호 외부 공격 결론...""미상의 비행체 타격""",,Korean,THREAT,ROUTE,,Unnamed flying object strikes Namoo Ho vessel; external attack confirmed,7,Warning,[],D7_행위자,HIGH,HMM vessel attack,c344f423728d77fd7b5fa47e87e12ac1
(News Focus) Confirmed strike on vessel may reshape Seoul's stance on joi...,,Korean,THREAT,ROUTE,,Confirmed strike on a vessel may influence Seoul's position on maritime security policy,6,Warning,"[""VT_Reefer""]",D7_행위자,HIGH,HMM vessel strike,89cb51d30676fcfd4941ff21958b5fe3
韓国大統領府 「船舶への攻撃」影響を注視＝NSCで対応協議,,Korean,THREAT,ROUTE,,South Korean presidential office monitoring impact of attacks on ships and discussing response measures at NSC,7,Warning,[],D7_행위자,HIGH,HMM vessel attack,02d3263f624a014b329dab8514ed7b38
정부 “미상비행체가 나무호 타격”…靑 NSC 실무위 개최,,Korean,THREAT,ROUTE,,South Korean government reports unidentified flying object struck a vessel; National Security Council convenes emergency task force meeting.,6,Warning,[],D7_행위자,HIGH,HMM vessel attack,8124544bd47deee1396fbc87355521f6
Cheong Wa Dae holds working-level NSC meeting over findings on HMM vessel...,,Korean,DOMESTIC_IMPACT,,,Korean government holds NSC working-level meeting regarding findings on HMM vessel incident,3,Normal,"[""VT_Reefer"", ""KC_HMM""]",D7_행위자,HIGH,HMM vessel attack,b797c5085e9e2ab07c9ae973b534332e
(URGENT) Cheong Wa Dae holds working-level NSC meeting over findings on H...,,Korean,IRRELEVANT,,,Cheong Wa Dae holds working-level NSC meeting on unspecified findings,0,Normal,[],D7_행위자,HIGH,HMM vessel attack,f3eb2f343ec6603104882d8254c54034
韓国船舶の火災原因 「飛翔体による打撃」＝攻撃主体は確認できず,,Korean,THREAT,ROUTE,,Korean vessel fire caused by projectile impact; attack source unconfirmed,7,Warning,[],D7_행위자,HIGH,HMM vessel attack,40a19b2aa36e2a6fa86112d99dbf57a8
"[속보] 청와대, 나무호 관련 관계 부처 NSC 실무위원회 개최",,Korean,IRRELEVANT,,,청와대에서 나무호 관련 관계 부처 NSC 실무위원회를 개최,0,Normal,[],D7_행위자,HIGH,HMM vessel attack,16f1192b5aaf7667ea7afed7aff259da
(3rd LD) Seoul concludes 'external strike' caused explosion on HMM vessel...,,Korean,DOMESTIC_IMPACT,,Seoul,Seoul authorities conclude that an external strike caused an explosion on an HMM vessel.,7,Warning,"[""VT_Reefer"", ""KC_HMM""]",D7_행위자,HIGH,HMM vessel strike,51412570e129ea5b5c7da5a4df11ede3
"부산 LNG발전소 화재 진압…""인명피해 無, 전력공급 차질 최소화""",,Korean,DOMESTIC_IMPACT,,Busan,"Fire at Busan LNG power plant suppressed; no casualties reported, power supply disruption minimized.",2,Normal,[],D9_한국,MEDIUM,Energy Infrastructure,5617a5028b2ac05fb2f5c17d92e4ca66
미국과 전략투자 협력 확대… 조선·원전·에너지 공조 강화,,Korean,IRRELEVANT,,,"US and Korea expand strategic investment cooperation in shipbuilding, nuclear power, and energy coordination",0,Normal,"[""KS_Energy""]",D9_한국,MEDIUM,Strategic Cooperation,3cef888e8f0c72be08ecd118669a45df
"부산 LNG발전소 화재…""인명피해 無, 전력공급 차질 최소화""",,Korean,DOMESTIC_IMPACT,,Busan,Fire at Busan LNG power plant with no casualties; power supply disruption minimized.,2,Normal,[],D9_한국,MEDIUM,Energy Infrastructure,5b69f7c8e30e9a92337b07559ead3925
