url_hash,title,url,seendate,domain,language,sourcecountry,query_keyword,query_group,collect_date,kg_entities,kg_match_count,relevance,topic,category
d84fc937dabd722c932115e6b20ff2b3,"트럼프 ""호르무즈 장악 중, 美 해상 봉쇄는 강철의 벽"" 거듭 주장",https://n.news.naver.com/mnews/article/421/0009111107?sid=104,2026-08-12,n.news.naver.com,Korean,South Korea,호르무즈 해협,D1_초크포인트,2026-08-12,,0,HIGH,Hormuz strait control,1_Security
e9b9ea1ba264090ace4a13890a79a4b5,"트럼프 ""미국이 호르무즈 계속 장악할 것...이란, 완전히 망가져""",https://n.news.naver.com/mnews/article/052/0002392569?sid=104,2026-08-12,n.news.naver.com,Korean,South Korea,호르무즈 해협,D1_초크포인트,2026-08-12,,0,HIGH,Hormuz strait control,1_Security
90d938e4a3a4a8a9dee426674eb311b6,"트럼프 ""호르무즈 열렸다""지만…통과 선박 하루 14척 그쳐",https://n.news.naver.com/mnews/article/003/0014124152?sid=104,2026-08-12,n.news.naver.com,Korean,South Korea,호르무즈 해협,D1_초크포인트,2026-08-12,,0,HIGH,Hormuz Transit,7_Shipping
1f47ac3d9eac8f1b6bb04fd62852d224,"길어지는 중동 전쟁…IEA, 올해 석유공급 감소폭 확대",https://n.news.naver.com/mnews/article/008/0005399285?sid=104,2026-08-12,n.news.naver.com,Korean,South Korea,호르무즈 해협,D1_초크포인트,2026-08-12,,0,HIGH,Oil Supply Shortage,10_OtherIndustry
cc8fde53449ad340aa0cef72bda188b4,"IEA, 3분기 원유 부족 하루 180만 배럴 전망",https://www.tokenpost.kr/news/breaking/389376,2026-08-12,www.tokenpost.kr,Korean,South Korea,호르무즈 해협,D1_초크포인트,2026-08-12,,0,HIGH,Oil Supply Deficit,10_OtherIndustry
429040ecd50f4d5f30f2fa661ba3787c,"美, 봉쇄 위반 이란행 화물선 공격… 이란 “동결자금 풀어야 해협 개방...",https://n.news.naver.com/mnews/article/022/0004150572?sid=104,2026-08-12,n.news.naver.com,Korean,South Korea,호르무즈 해협,D1_초크포인트,2026-08-12,,0,HIGH,US-Iran tensions,1_Security
240827967c1a35b9f2a224cb30313466,"다카이치, 이란 대통령에 ""호르무즈 통항료 반대...후티 자제를""",https://n.news.naver.com/mnews/article/052/0002392509?sid=104,2026-08-12,n.news.naver.com,Korean,South Korea,호르무즈 해협,D1_초크포인트,2026-08-12,,0,HIGH,Hormuz transit toll,1_Security
9630ac5aa248bac2ecfbc578df64f085,"""미-이란 모종의 합의""...후티 공격 6명 사망",https://www.obsnews.co.kr/news/articleView.html?idxno=1533844,2026-08-12,www.obsnews.co.kr,Korean,South Korea,호르무즈 해협,D1_초크포인트,2026-08-12,,0,HIGH,Houthi attacks,1_Security
780cd9fc2e8c5b27c6432e2da42f7a9b,"홍해 선박 공격으로 6명 사망…""지켜보는 게 전략""",https://n.news.naver.com/mnews/article/055/0001380198?sid=104,2026-08-12,n.news.naver.com,Korean,South Korea,호르무즈 해협,D1_초크포인트,2026-08-12,,0,HIGH,Red Sea attacks,1_Security
98371ee2c1ebf566a7138f242d55d0f5,"호르무즈 통행 하루 8척, 8월 5일 이후 최저",https://www.tokenpost.kr/news/market/389283,2026-08-12,www.tokenpost.kr,Korean,South Korea,호르무즈 해협,D1_초크포인트,2026-08-12,,0,HIGH,Hormuz transit decline,3_Freight
a057a73f418c9caa7af7a830e47e66df,"후티 공격에 홍해서 첫 인명 피해…미, ‘봉쇄 위반’ 이란행 선박 타격",https://n.news.naver.com/mnews/article/032/0003463902?sid=104,2026-08-12,n.news.naver.com,Korean,South Korea,호르무즈 해협,D1_초크포인트,2026-08-12,,0,HIGH,Red Sea casualties,1_Security
14b4e112cd6352b97e74950cd95a2ffd,호르무즈 해협 봉쇄 여파에···올해 석유 공급 감소폭 확대,https://n.news.naver.com/mnews/article/018/0006350588?sid=101,2026-08-12,n.news.naver.com,Korean,South Korea,호르무즈 해협,D1_초크포인트,2026-08-12,,0,HIGH,Oil supply reduction,10_OtherIndustry
03f2a3b2923ae799cd0349216022d9e0,중동 우회 화물에 미주 공급조절…해상운임 다시 상승세,https://n.news.naver.com/mnews/article/031/0001049299?sid=102,2026-08-12,n.news.naver.com,Korean,South Korea,호르무즈 해협,D1_초크포인트,2026-08-12,,0,HIGH,Shipping rate surge,3_Freight
69d5e28493541289bb7f64daf852112d,"다카이치, 이란 대통령에 ""호르무즈 통항료 반대…후티 자제를""(종합)",https://n.news.naver.com/mnews/article/001/0016248143?sid=104,2026-08-12,n.news.naver.com,Korean,South Korea,호르무즈 해협,D1_초크포인트,2026-08-12,,0,HIGH,Hormuz transit toll dispute,1_Security
eab17c4d36ce88d7c2b2406b1ebf31e5,"다카이치, 이란 대통령에 ""후티 자제를""‥일본, 캐나다산 원유 첫 수입",https://n.news.naver.com/mnews/article/214/0001517515?sid=104,2026-08-12,n.news.naver.com,Korean,South Korea,호르무즈 해협,D1_초크포인트,2026-08-12,,0,HIGH,Houthi restraint & Canadian crude import,1_Security
4e9a138a40c9b4dc6e8a09aec89eabfd,"다카이치, 이란 대통령에 “호르무즈 통항료 반대”",https://n.news.naver.com/mnews/article/056/0012236518?sid=104,2026-08-12,n.news.naver.com,Korean,South Korea,호르무즈 해협,D1_초크포인트,2026-08-12,,0,HIGH,Hormuz transit toll opposition,1_Security
c2c161e6476c6575f24df389162da064,"다카이치, 이란 대통령에 ""호르무즈 통항료 반대…후티 자제를""",https://n.news.naver.com/mnews/article/001/0016248122?sid=104,2026-08-12,n.news.naver.com,Korean,South Korea,호르무즈 해협,D1_초크포인트,2026-08-12,,0,HIGH,Hormuz toll & Houthi restraint,1_Security
50cee6e0be3c169d3f9529245d23a115,"호르무즈 봉쇄 여파에…IEA, 올해 석유공급 감소폭 확대 전망",https://n.news.naver.com/mnews/article/277/0005802315?sid=104,2026-08-12,n.news.naver.com,Korean,South Korea,호르무즈 해협,D1_초크포인트,2026-08-12,,0,HIGH,Hormuz blockade oil supply impact,10_OtherIndustry
465816daaf46990b7e0d84f91fe7ca5a,"美·이란 충돌 여파…IEA, 올해 석유 공급 하루 430만배럴 감소 전망",https://n.news.naver.com/mnews/article/016/0002683104?sid=104,2026-08-12,n.news.naver.com,Korean,South Korea,호르무즈 해협,D1_초크포인트,2026-08-12,,0,HIGH,US-Iran conflict oil supply reduction,10_OtherIndustry
bb6f4f39e525ebe3bf06fc3878885fb7,"IEA, 석유공급 감소 폭 확대 전망...""호르무즈 봉쇄 여파""",https://n.news.naver.com/mnews/article/052/0002392483?sid=104,2026-08-12,n.news.naver.com,Korean,South Korea,호르무즈 해협,D1_초크포인트,2026-08-12,,0,HIGH,Hormuz blockade oil supply forecast,10_OtherIndustry
c30e2ba53dcf1eb55f231a6d0ff41c6e,전쟁·가뭄에 파나마 운하 급행료 ‘56억’,https://n.news.naver.com/mnews/article/005/0001866530?sid=104,2026-08-12,n.news.naver.com,Korean,South Korea,호르무즈 해협,D1_초크포인트,2026-08-12,,0,HIGH,Panama Canal toll surge,3_Freight
ee77c4a0e360af04cc9c673c9122b73d,호르무즈 해협 위기 지속…올해 글로벌 원유 공급 차질 확대,https://www.newsway.co.kr/news/view?ud=2026081218434456528,2026-08-12,www.newsway.co.kr,Korean,South Korea,호르무즈 해협,D1_초크포인트,2026-08-12,,0,HIGH,Hormuz crisis oil supply,10_OtherIndustry
ccdb3187faa5765513809ce960e53b46,"유조선 데이터, 중동 원유 수출 정상화 주장과 배치",https://www.tokenpost.kr/news/breaking/389209,2026-08-12,www.tokenpost.kr,Korean,South Korea,호르무즈 해협,D1_초크포인트,2026-08-12,,0,HIGH,Middle East oil exports,4_PortCargo
bfc360e71f08fd344a64eadc10ac225c,"호르무즈 봉쇄 여파…""올해 석유공급 감소폭 확대 전망""",https://n.news.naver.com/mnews/article/422/0000895120?sid=104,2026-08-12,n.news.naver.com,Korean,South Korea,호르무즈 해협,D1_초크포인트,2026-08-12,,0,HIGH,Hormuz blockade oil supply,10_OtherIndustry
ec24169024d87f45a28c6aa7af6251b0,호르무즈 막히고 가뭄까지… 파나마운하 통행료 16배 급등,https://n.news.naver.com/mnews/article/014/0005560797?sid=101,2026-08-12,n.news.naver.com,Korean,South Korea,호르무즈 해협,D1_초크포인트,2026-08-12,,0,HIGH,Panama Canal toll surge,3_Freight
70592d1bfe6cc0f39c7b19405a4487aa,"IEA, 올해 석유공급 감소폭 확대 전망…호르무즈 봉쇄 여파",https://n.news.naver.com/mnews/article/001/0016248069?sid=104,2026-08-12,n.news.naver.com,Korean,South Korea,호르무즈 해협,D1_초크포인트,2026-08-12,,0,HIGH,Oil supply shortage forecast,10_OtherIndustry
0ffce81aa8e9763b29ad28664a89d16c,파나마운하 통행권 경매가 16배 폭등,https://n.news.naver.com/mnews/article/015/0005320218?sid=104,2026-08-12,n.news.naver.com,Korean,South Korea,호르무즈 해협,D1_초크포인트,2026-08-12,,0,HIGH,Panama Canal toll surge,3_Freight
247ab8cd740745ad902d6825f8c68530,"3분기 원유 하루 180만배럴 부족 전망, 한 달 새 100만배럴 확대",https://www.tokenpost.kr/news/market/389181,2026-08-12,www.tokenpost.kr,Korean,South Korea,호르무즈 해협,D1_초크포인트,2026-08-12,,0,HIGH,Oil supply shortage forecast,10_OtherIndustry
90824f34753787f511c1cfe3d30fb5d4,"""미·이란 협상 파행에 선박 공격""...국제유가, 90달러 코 앞으로",http://coinreaders.com/252431,2026-08-12,coinreaders.com,Korean,South Korea,호르무즈 해협,D1_초크포인트,2026-08-12,,0,HIGH,Ship attacks oil price,1_Security
0f9316b26d19ce8e89154e12132202b0,"파나마운하 통항료 16배 급등, 홍해에선 첫 사망자 발생[美-이란 전쟁]",https://n.news.naver.com/mnews/article/011/0004651116?sid=104,2026-08-12,n.news.naver.com,Korean,South Korea,호르무즈 해협,D1_초크포인트,2026-08-12,,0,HIGH,Panama Canal toll surge,3_Freight
84e03c436a238e6f286855ba30dd83db,"""공급 불안 아직 안 끝났다""...홍해 피습 사태 여파에 국제유가 소폭 상...",https://www.newsway.co.kr/news/view?ud=2026081217385981760,2026-08-12,www.newsway.co.kr,Korean,South Korea,호르무즈 해협,D1_초크포인트,2026-08-12,,0,HIGH,Red Sea oil supply,10_OtherIndustry
8b5943af1e7683b6eb798f9c4b64ab3c,"유가 뛰고 윤활유에 웃었다…정유 4사, 15조 벌고도 긴장하는 이유",https://n.news.naver.com/mnews/article/648/0000049774?sid=101,2026-08-12,n.news.naver.com,Korean,South Korea,호르무즈 해협,D1_초크포인트,2026-08-12,,0,HIGH,Refinery margins surge,10_OtherIndustry
3457c1a773501abb219bfade8b06eca9,LNG 가격 급등에 한국 수요 위축 전망… 석탄발전 확대 가능성,http://www.e-platform.net/news/articleView.html?idxno=104514,2026-08-12,www.e-platform.net,Korean,South Korea,호르무즈 해협,D1_초크포인트,2026-08-12,,0,HIGH,LNG price spike Korea,10_OtherIndustry
b310c3de40d54e83a9dd7ce2899fe498,브렌트유 장중 90달러 또 터치…한은 8월 ‘연속 인상’ 힘 실리나,https://www.dnews.co.kr/uhtml/view.jsp?idxno=202608121511456280795,2026-08-12,www.dnews.co.kr,Korean,South Korea,호르무즈 해협,D1_초크포인트,2026-08-12,,0,HIGH,Brent crude price,5_EconFinance
f5c8fd8f82404e6e1a4a392c2d2cff91,‘호르무즈 협상 교착’ 속 홍해서 첫 후티 공격 인한 사망자···종전...,https://n.news.naver.com/mnews/article/032/0003463823?sid=104,2026-08-12,n.news.naver.com,Korean,South Korea,호르무즈 해협,D1_초크포인트,2026-08-12,,0,HIGH,Houthi attack Red Sea,1_Security
0a0e018ba29bc81f13aba7b8a472d896,"우크라, 밴스 요청에 흑해 유조선 공격 중단",https://www.tokenpost.kr/news/breaking/389460,2026-08-12,www.tokenpost.kr,Korean,South Korea,원유,D2_품목,2026-08-12,,0,HIGH,Black Sea tanker attacks,1_Security
2096f5e6e1c785fc07fabeb46b74206b,우크라 공습에 러 흑해 곡물터미널 2곳 멈춰…밀 수출 차질 우려(종합),https://n.news.naver.com/mnews/article/421/0009111106?sid=104,2026-08-12,n.news.naver.com,Korean,South Korea,곡물,D2_품목,2026-08-12,,0,HIGH,Black Sea grain disruption,10_OtherIndustry
f7ce6647f329c97d4b5487c2d6ae24c9,'좌초' 러 그림자 유조선 기름띠 오만 본토 도달,https://n.news.naver.com/mnews/article/421/0009110952?sid=104,2026-08-12,n.news.naver.com,Korean,South Korea,수에즈 운하,D1_초크포인트,2026-08-12,,0,HIGH,Tanker stranded Oman,1_Security
cb507cbfa11311a73db3e51d3a09159d,파나마 운하 통항료 사상 최고…1년만에 16배 폭등,http://www.metroseoul.co.kr/article/20260812500310,2026-08-12,www.metroseoul.co.kr,Korean,South Korea,파나마 운하,D1_초크포인트,2026-08-12,,0,HIGH,Panama Canal tolls surge,3_Freight
58f310594cdc7cc6c5abe08393ac71da,"가뭄·이란전쟁에 파나마 운하 물류비 비상...""16배 급등""",https://n.news.naver.com/mnews/article/052/0002392153?sid=104,2026-08-12,n.news.naver.com,Korean,South Korea,파나마 운하,D1_초크포인트,2026-08-12,,0,HIGH,Panama Canal logistics crisis,3_Freight
7e0b9ca6f509ff5eb9865f43f62e9091,리비아 대형 유류 저장탱크 공격으로 화재,https://www.gukjenews.com/news/articleView.html?idxno=3662205,2026-08-12,www.gukjenews.com,Korean,South Korea,정유소,D3_인프라,2026-08-12,,0,HIGH,Libya oil storage attack,10_OtherIndustry
4756bde287177562b32c9694a556f287,"""후티 반군, 홍해서 사우디 군수물자 실은 수송선 공격""",https://n.news.naver.com/mnews/article/003/0014121568?sid=104,2026-08-12,n.news.naver.com,Korean,South Korea,아덴만,D1_초크포인트,2026-08-12,,0,HIGH,Houthi attacks,1_Security
27f424bb673ffdd7e697bd10b72cef8a,호남권 반도체 산단 전력 공급 '속도'…전남광주특별시·정부·한전·삼...,https://www.getnews.co.kr/news/articleView.html?idxno=877775,2026-08-12,www.getnews.co.kr,Korean,South Korea,반도체,D2_품목,2026-08-12,,0,MEDIUM,Semiconductor power supply,10_OtherIndustry
09521c73059ec00ec52de0dd8a34d05d,"이란, 필수재 배급·외화 통제로 제재 버티기",https://www.tokenpost.kr/news/cryptocurrency/389470,2026-08-12,www.tokenpost.kr,Korean,South Korea,호르무즈 해협,D1_초크포인트,2026-08-12,,0,MEDIUM,Iran sanctions resilience,1_Security
98ba990042172e4fba1b6253082a06a8,"트럼프 ""美가 호르무즈 완전 통제…계속 갖고 있겠다""",https://www.newspim.com/news/view/20260812001320,2026-08-12,www.newspim.com,Korean,South Korea,호르무즈 해협,D1_초크포인트,2026-08-12,,0,MEDIUM,Hormuz Control,1_Security
ec4d5bc08fb3d2569872962b2c85b8d0,"트럼프 ""미국이 호르무즈 완전 통제…계속 유지할 것""",http://www.4th.kr/news/articleView.html?idxno=2116247,2026-08-12,www.4th.kr,Korean,South Korea,호르무즈 해협,D1_초크포인트,2026-08-12,,0,MEDIUM,Hormuz Control,1_Security
0bcc72678b01e241428b6a86012caf19,"트럼프 “미국, 호르무즈해협 완전 통제 유지할 것”",https://www.tokenpost.kr/news/breaking/389461,2026-08-12,www.tokenpost.kr,Korean,South Korea,호르무즈 해협,D1_초크포인트,2026-08-12,,0,MEDIUM,Hormuz Control,1_Security
6e0fc1043c43db5238160d6a3debddb4,이란 고위 당국자 “미국과 휴전 연장 논의 없다”,https://www.tokenpost.kr/news/market/389438,2026-08-12,www.tokenpost.kr,Korean,South Korea,호르무즈 해협,D1_초크포인트,2026-08-12,,0,MEDIUM,Iran-US Tensions,1_Security
c74e84c96e32196c5810a4b567109da1,"""이란, 미국과 휴전 연장 논의 없어""",https://news.einfomax.co.kr/news/articleView.html?idxno=4429854,2026-08-12,news.einfomax.co.kr,Korean,South Korea,호르무즈 해협,D1_초크포인트,2026-08-12,,0,MEDIUM,Iran-US Tensions,1_Security
e7a1352ecc5f4355a3c1f3ce50da1a36,"이란 소식통 ""美와 휴전 연장 논의 없다""…튀르키예발 보도 반박",https://www.newspim.com/news/view/20260812001307,2026-08-12,www.newspim.com,Korean,South Korea,호르무즈 해협,D1_초크포인트,2026-08-12,,0,MEDIUM,Iran-US Tensions,1_Security
c8a4904db888327a825ce97f2e50a403,오펙 7월 산유량 하루 166만배럴 늘었다,https://www.tokenpost.kr/news/market/389380,2026-08-12,www.tokenpost.kr,Korean,South Korea,호르무즈 해협,D1_초크포인트,2026-08-12,,0,MEDIUM,OPEC Production,10_OtherIndustry
0d763221e63b5fe341d976de94825f79,튀르키예 국영통신 “미-이란 60일 휴전 연장”…이란은 부인,https://n.news.naver.com/mnews/article/025/0003544005?sid=104,2026-08-12,n.news.naver.com,Korean,South Korea,호르무즈 해협,D1_초크포인트,2026-08-12,,0,MEDIUM,US-Iran ceasefire,1_Security
eb8fa4a38c5c9e9e9b0d3e37cd40039c,"미국-이란, 한시적 휴전 연장 60일 합의",http://www.hansbiz.co.kr/news/articleView.html?idxno=856442,2026-08-12,www.hansbiz.co.kr,Korean,South Korea,호르무즈 해협,D1_초크포인트,2026-08-12,,0,MEDIUM,US-Iran ceasefire,1_Security
21e4f741dc59ab49a850535af3cb94f7,"튀르키예 국영통신 ""미국·이란, 휴전 연장 합의""",https://n.news.naver.com/mnews/article/018/0006350590?sid=104,2026-08-12,n.news.naver.com,Korean,South Korea,호르무즈 해협,D1_초크포인트,2026-08-12,,0,MEDIUM,US-Iran ceasefire,1_Security
8b3f6fe891a6484c10e08fd6fdf77547,"""美·이란, 휴전 연장 합의"" 보도…이란은 부인",https://n.news.naver.com/mnews/article/215/0001262178?sid=104,2026-08-12,n.news.naver.com,Korean,South Korea,호르무즈 해협,D1_초크포인트,2026-08-12,,0,MEDIUM,US-Iran ceasefire,1_Security
3b29d88f7605f06fa7a4f53b3d1d0a06,"튀르키예 국영통신 ""美·이란 휴전 합의""…이란 측은 부인",https://www.ajunews.com/view/20260812203738955,2026-08-12,www.ajunews.com,Korean,South Korea,호르무즈 해협,D1_초크포인트,2026-08-12,,0,MEDIUM,US-Iran ceasefire,1_Security
ac39a4999d56e73cb9aba675b0b64acb,"튀르키예 국영통신 “美·이란, 60일 휴전 연장 합의”…이란은 부인",https://n.news.naver.com/mnews/article/366/0001185883?sid=104,2026-08-12,n.news.naver.com,Korean,South Korea,호르무즈 해협,D1_초크포인트,2026-08-12,,0,MEDIUM,US-Iran ceasefire,1_Security
e0c48f72013bbf5cdbbb7097ad8237c8,"美 증시 흐름, 지수보다 이것부터 봐야…채권·유가 그리고 이 기업?",https://www.digitaltoday.co.kr/news/articleView.html?idxno=692498,2026-08-12,www.digitaltoday.co.kr,Korean,South Korea,호르무즈 해협,D1_초크포인트,2026-08-12,,0,MEDIUM,Oil price impact,5_EconFinance
7738fd614d1d46e3f9c91074c6527dd0,"튀르키예 국영통신 “미·이란, 휴전 연장 합의”···이란은 부인",https://n.news.naver.com/mnews/article/032/0003463891?sid=104,2026-08-12,n.news.naver.com,Korean,South Korea,호르무즈 해협,D1_초크포인트,2026-08-12,,0,MEDIUM,US-Iran ceasefire,1_Security
828117ae0b7f386fe487a6c209ed45a9,"튀르키예 국영통신 ""美·이란, 60일 휴전 연장 합의…연장 기간은 협의...",https://www.newspim.com/news/view/20260812001282,2026-08-12,www.newspim.com,Korean,South Korea,호르무즈 해협,D1_초크포인트,2026-08-12,,0,MEDIUM,US-Iran ceasefire extension,1_Security
065a7b386d40f7f92a5eb2b5da5d3950,"이란 고위당국자 ""美와 협상 진전 없어…합의 위반한 건 미국""",https://n.news.naver.com/mnews/article/421/0009111009?sid=104,2026-08-12,n.news.naver.com,Korean,South Korea,호르무즈 해협,D1_초크포인트,2026-08-12,,0,MEDIUM,US-Iran negotiation stalemate,1_Security
77efc2affcc16c158d486c601e4c3410,"튀르키예 ""미·이란, 휴전 연장 합의""…이란은 부인",https://n.news.naver.com/mnews/article/422/0000895150?sid=104,2026-08-12,n.news.naver.com,Korean,South Korea,호르무즈 해협,D1_초크포인트,2026-08-12,,0,MEDIUM,US-Iran ceasefire agreement,1_Security
61fa86e3302235baddf2bd35db6d909c,"튀르키예 국영통신 “美·이란, 휴전 연장 합의”",https://n.news.naver.com/mnews/article/056/0012236563?sid=104,2026-08-12,n.news.naver.com,Korean,South Korea,호르무즈 해협,D1_초크포인트,2026-08-12,,0,MEDIUM,US-Iran ceasefire agreement,1_Security
b3ff1042552aba7e63b695ba04bc36e0,"튀르키예 국영통신 ""美·이란, 휴전 연장 합의""",https://n.news.naver.com/mnews/article/001/0016248141?sid=104,2026-08-12,n.news.naver.com,Korean,South Korea,호르무즈 해협,D1_초크포인트,2026-08-12,,0,MEDIUM,US-Iran ceasefire agreement,1_Security
fe53fc3bca8d9ef3f5a5148a84ef1ee3,해상서 다시 불붙은 미·이란 충돌…트럼프 '경제 압박' 이제와 통할까...,https://n.news.naver.com/mnews/article/002/0002451965?sid=104,2026-08-12,n.news.naver.com,Korean,South Korea,호르무즈 해협,D1_초크포인트,2026-08-12,,0,MEDIUM,US-Iran maritime conflict,1_Security
acc782037bf5c9e3dd9bd1e14c7b2ed7,"달러·엔 159.420엔, 유가 반등에 엔화 약세",https://www.tokenpost.kr/news/market/389229,2026-08-12,www.tokenpost.kr,Korean,South Korea,호르무즈 해협,D1_초크포인트,2026-08-12,,0,MEDIUM,Oil price rebound currency impact,5_EconFinance
73f912e9dcdaec00bbe3b9136306bd15,"‘생존경제’로 버티기 들어간 이란, 美 압박에 ‘맞불’",https://n.news.naver.com/mnews/article/005/0001866525?sid=104,2026-08-12,n.news.naver.com,Korean,South Korea,호르무즈 해협,D1_초크포인트,2026-08-12,,0,MEDIUM,Iran sanctions response,1_Security
e9e79dfbc1a333ddc821a51872abffa4,"이란전이 바꾼 중동 해상안보…""기뢰제거 기술 수요 늘었다""",https://n.news.naver.com/mnews/article/421/0009110957?sid=104,2026-08-12,n.news.naver.com,Korean,South Korea,호르무즈 해협,D1_초크포인트,2026-08-12,,0,MEDIUM,Middle East maritime security,1_Security
ea990f3be38e2559f2d7ea69c1e2a6a3,"이란, 美제재 속 'BRICS 개발은행' 가입키로…""脫달러 무역 가능성""",https://n.news.naver.com/mnews/article/003/0014124015?sid=104,2026-08-12,n.news.naver.com,Korean,South Korea,호르무즈 해협,D1_초크포인트,2026-08-12,,0,MEDIUM,Iran BRICS membership,1_Security
d1e52d759833bb9703b552e2a37c5fd3,"경제난 자멸 기대는 '글쎄'... 이란, 버티며 미국 방공망 빈 곳 노린다",https://n.news.naver.com/mnews/article/469/0000947690?sid=104,2026-08-12,n.news.naver.com,Korean,South Korea,호르무즈 해협,D1_초크포인트,2026-08-12,,0,MEDIUM,Iran economic pressure,1_Security
c582de856c000c46195b0342a13b9260,호르무즈·홍해에 미사일… 미·이란 협상 불씨 또 꺼진다,https://n.news.naver.com/mnews/article/082/0001393662?sid=104,2026-08-12,n.news.naver.com,Korean,South Korea,호르무즈 해협,D1_초크포인트,2026-08-12,,0,MEDIUM,Hormuz missile tensions,1_Security
289afc848ad721c29d09094826278d11,"IEA, 올해 세계 석유수요 전망 또 낮춰…""하루 160만배럴 감소""",https://n.news.naver.com/mnews/article/421/0009110889?sid=104,2026-08-12,n.news.naver.com,Korean,South Korea,호르무즈 해협,D1_초크포인트,2026-08-12,,0,MEDIUM,Global oil demand,5_EconFinance
13a9821751b2e82a5d2fd28354920f1d,트럼프 “느긋하게 지켜볼 것”…이란 경제 자멸 노린 ‘지구전’ 거론,https://n.news.naver.com/mnews/article/028/0002818223?sid=104,2026-08-12,n.news.naver.com,Korean,South Korea,호르무즈 해협,D1_초크포인트,2026-08-12,,0,MEDIUM,Iran economic strategy,1_Security
501947b8a5fa835a81e2c7a0b9b848d4,"OPEC 떠난 UAE, 이라크 원유까지 수송…걸프 물류 새 축으로",https://n.news.naver.com/mnews/article/018/0006350482?sid=101,2026-08-12,n.news.naver.com,Korean,South Korea,호르무즈 해협,D1_초크포인트,2026-08-12,,0,MEDIUM,UAE Gulf oil logistics,7_Shipping
137b43fbb1011dd34b8c231aaa280418,"미 ""호르무즈 무력 장악 불가""...이란 전략에 속수무책",https://n.news.naver.com/mnews/article/052/0002392406?sid=104,2026-08-12,n.news.naver.com,Korean,South Korea,호르무즈 해협,D1_초크포인트,2026-08-12,,0,MEDIUM,Hormuz US control,1_Security
1d945595cf5101c143b42a32903215a6,[기고]미국은 호르무즈서 무엇을 장악했는가·진정한 통제자는 누구?…...,https://n.news.naver.com/mnews/article/021/0002811011?sid=100,2026-08-12,n.news.naver.com,Korean,South Korea,호르무즈 해협,D1_초크포인트,2026-08-12,,0,MEDIUM,Hormuz strategic control,1_Security
f4490b092418a785745e3e9fc02e3578,"[마켓포인트] 동원산업 2분기 영업이익 1515억원…""전년比 13.3%↑""",https://www.pinpointnews.co.kr/news/articleView.html?idxno=476798,2026-08-12,www.pinpointnews.co.kr,Korean,South Korea,환율,D5_시장지표,2026-08-12,,0,MEDIUM,Seafood export earnings,6_Seafood
5b2e59217e25847928ccd19139d4e2d7,"한전 상반기 영업이익 9768억원 감소…""재무정상화 지연 우려""",https://n.news.naver.com/mnews/article/658/0000152153?sid=101,2026-08-12,n.news.naver.com,Korean,South Korea,환율,D5_시장지표,2026-08-12,,0,MEDIUM,Energy utility profitability,10_OtherIndustry
53ab852bfae76682150a5c850ba62706,"대통령도 ""전기요금 조정해야""…한전, 수익성 악화에도 ""국민 부담 완화...",https://news.einfomax.co.kr/news/articleView.html?idxno=4429830,2026-08-12,news.einfomax.co.kr,Korean,South Korea,환율,D5_시장지표,2026-08-12,,0,MEDIUM,Energy cost pressure,10_OtherIndustry
8c437e1cc6da1fccc4ed52d197f76cfd,"한전, 상반기 영업익 4.9조 전년보다 16.6% 감소",https://www.m-i.kr/news/articleView.html?idxno=1401703,2026-08-12,www.m-i.kr,Korean,South Korea,환율,D5_시장지표,2026-08-12,,0,MEDIUM,Energy utility profitability,10_OtherIndustry
38784c2817fe0a0c9f6b11a19073274f,"미국 7월 CPI 발표, 3.4%↑…나스닥 선물 상승",https://www.ekn.kr/web/view.php?key=20260812025252232,2026-08-12,www.ekn.kr,Korean,South Korea,한국 에너지,D9_한국,2026-08-12,,0,MEDIUM,US inflation data,5_EconFinance
3277ab8822568122207613484d85a5d6,[속보] 미국 7월 CPI 전년 동기대비 3.4%↑ 근원 CPI는 2.5%↑…향후 PPI ...,https://www.cbci.co.kr/news/articleView.html?idxno=597652,2026-08-12,www.cbci.co.kr,Korean,South Korea,한국 에너지,D9_한국,2026-08-12,,0,MEDIUM,US inflation data,5_EconFinance
e66b325a66c3b210362092cd78b26475,"한국전력, 2분기 영업이익 47% 감소세…수익성 악화 지속",https://www.tokenpost.kr/news/economy/389342,2026-08-12,www.tokenpost.kr,Korean,South Korea,한국 에너지,D9_한국,2026-08-12,,0,MEDIUM,KEPCO earnings decline,5_EconFinance
fbdeab06b2345dc307694257bab37c0e,美 7월 CPI 오늘 발표... '금리 인상 vs 동결' 연준의 선택은?,https://www.g-enews.com/view.php?ud=202608122035572781e250e8e188_1,2026-08-12,www.g-enews.com,Korean,South Korea,한국 에너지,D9_한국,2026-08-12,,0,MEDIUM,US inflation data,5_EconFinance
4204f402a578d90d8d98c3008214d174,"러, 서방의 러 그림자함대 억류에 ""같은 방식으로 대응"" 경고",https://n.news.naver.com/mnews/article/003/0014124118?sid=104,2026-08-12,n.news.naver.com,Korean,South Korea,선박,D4_운송,2026-08-12,,0,MEDIUM,Shadow fleet sanctions,1_Security
553082b0eb2bac3a94cb59286fe0b2d8,"푸틴, 극동서 나토·일본 동시 비판…“러시아 위협 커져”",https://n.news.naver.com/mnews/article/016/0002683100?sid=104,2026-08-12,n.news.naver.com,Korean,South Korea,선박,D4_운송,2026-08-12,,0,MEDIUM,Geopolitical tension,1_Security
5fbf0bc689add0459dac92bab02d03c5,"극동 찾은 푸틴 ""나토, 아태 지역에 침투…일본, 러시아에 일방적 제재...",https://n.news.naver.com/mnews/article/055/0001380172?sid=104,2026-08-12,n.news.naver.com,Korean,South Korea,선박,D4_운송,2026-08-12,,0,MEDIUM,Geopolitical tension,1_Security
e56700c2c3dab984599eaac76c8d9328,"극동 지역 찾은 푸틴 ""나토, 아태 침투…日, 러에 일방적 제재""",https://n.news.naver.com/mnews/article/001/0016248056?sid=104,2026-08-12,n.news.naver.com,Korean,South Korea,선박,D4_운송,2026-08-12,,0,MEDIUM,Geopolitical tension,1_Security
ccdd5f2fe83e498ed792db0f8aded0f3,"대만, 세계 첫 '5G 먹통' 훈련",https://n.news.naver.com/mnews/article/015/0005320216?sid=104,2026-08-12,n.news.naver.com,Korean,South Korea,선박,D4_운송,2026-08-12,,0,MEDIUM,Taiwan strait risk,1_Security
63b635ac0ef0b4dd409306fe01cee554,7월 울산항 벙커링 23% 증가‥완연한 회복세,https://www.usmbc.co.kr/NewsArticle/856320,2026-08-12,www.usmbc.co.kr,Korean,South Korea,항만,D3_인프라,2026-08-12,,0,MEDIUM,Bunker supply recovery,7_Shipping
4e68ab8eb3c41832d926005b99b5bcf6,"미국, 이란 자금거래 연루 두바이 거래소 셸빗 제재",https://www.tokenpost.kr/news/breaking/389304,2026-08-12,www.tokenpost.kr,Korean,South Korea,제재,D6_교란행위,2026-08-12,,0,MEDIUM,Iran sanctions,1_Security
cb3e526193127105d236a7964668c9a6,"구윤철, 우즈벡 부총리 면담…""공급망 전주기 협력 구체화""",https://n.news.naver.com/mnews/article/003/0014123977?sid=101,2026-08-12,n.news.naver.com,Korean,South Korea,한국 공급망,D9_한국,2026-08-12,,0,MEDIUM,Supply chain cooperation,1_Security
a161ff21d25e12b7744da297ec462a10,"산업연구원 “韓-나토 조달기본협정 체결, 시장 진입 전략 함께 마련해...",https://n.news.naver.com/mnews/article/029/0003042105?sid=101,2026-08-12,n.news.naver.com,Korean,South Korea,한국 공급망,D9_한국,2026-08-12,,0,MEDIUM,NATO procurement access,1_Security
de07c5091489ab1b6c875f28b9e5d256,"韓, 15조 NATO 방산시장 진입에…산업연, “과도한 기대 경계·중장기 전...",https://n.news.naver.com/mnews/article/030/0003456838?sid=100,2026-08-12,n.news.naver.com,Korean,South Korea,한국 공급망,D9_한국,2026-08-12,,0,MEDIUM,NATO defense market,1_Security
fa5d283ca45264434199338d647681a4,"뉴욕 증시, 예상치에 부합한 CPI에 동반 상승 출발",https://n.news.naver.com/mnews/article/052/0002392568?sid=104,2026-08-12,n.news.naver.com,Korean,South Korea,원유,D2_품목,2026-08-12,,0,MEDIUM,Financial markets,5_EconFinance
485213bb2f38d6c44ce5c081070aa7bb,"교도통신 ""최선희, 지난달 러시아 방문서 북러 에너지 협력 합의""",https://n.news.naver.com/mnews/article/469/0000947724?sid=100,2026-08-12,n.news.naver.com,Korean,South Korea,원유,D2_품목,2026-08-12,,0,MEDIUM,Energy cooperation,1_Security
693225a1a18781ac52231b55b754f00e,[뉴욕증시]CPI 둔화세에 S&P500·나스닥 ↑,https://n.news.naver.com/mnews/article/277/0005802341?sid=101,2026-08-12,n.news.naver.com,Korean,South Korea,원유,D2_품목,2026-08-12,,0,MEDIUM,Financial markets,5_EconFinance
86e9bbb94450ffb8d4d37f8ded367571,"日 언론 “최선희, 지난달 러시아 방문해 북·러 에너지 협력 합의”",https://n.news.naver.com/mnews/article/025/0003544017?sid=104,2026-08-12,n.news.naver.com,Korean,South Korea,원유,D2_품목,2026-08-12,,0,MEDIUM,Energy cooperation,1_Security
880129749e96241ea0e863fafe148f84,"""러, 北에 정유소 지어주고 연료 받는다""…북러 에너지 밀착",https://n.news.naver.com/mnews/article/421/0009111085?sid=104,2026-08-12,n.news.naver.com,Korean,South Korea,원유,D2_품목,2026-08-12,,0,MEDIUM,North Korea energy,1_Security
af4cb7ee05cf910a4ca4fc4de8ad5cc1,"교도통신 ""최선희 방러 당시 북러 에너지 협력 합의""",https://n.news.naver.com/mnews/article/055/0001380213?sid=104,2026-08-12,n.news.naver.com,Korean,South Korea,원유,D2_품목,2026-08-12,,0,MEDIUM,North Korea energy,1_Security
ba52b797005c014988da54be43543e36,"교도통신 ""최선희, 지난달 러시아 방문해 북러 에너지 협력 합의""",https://n.news.naver.com/mnews/article/052/0002392534?sid=104,2026-08-12,n.news.naver.com,Korean,South Korea,원유,D2_품목,2026-08-12,,0,MEDIUM,North Korea energy,1_Security
19bde76a82333f0f0ef0f258131d9b0a,"""북러, 최선희 방러 때 에너지 협력 합의""",https://n.news.naver.com/mnews/article/422/0000895172?sid=104,2026-08-12,n.news.naver.com,Korean,South Korea,원유,D2_품목,2026-08-12,,0,MEDIUM,North Korea energy,1_Security
f30556699b00987201beac5dd63173b2,"푸틴, EU에 러 선박 나포 시 '맞대응' 경고…""해적·강도 행위""(종합)",https://n.news.naver.com/mnews/article/421/0009111042?sid=104,2026-08-12,n.news.naver.com,Korean,South Korea,원유,D2_품목,2026-08-12,,0,MEDIUM,Russia sanctions,1_Security
15ca6c5b6b7fa1116741ffba6608a8e3,"미-이란 '치킨게임'…이란, 장기전 대비 '생존 경제'로 전환",https://www.obsnews.co.kr/news/articleView.html?idxno=1533851,2026-08-12,www.obsnews.co.kr,Korean,South Korea,원유,D2_품목,2026-08-12,,0,MEDIUM,Iran sanctions,1_Security
4c8c0803c628118a37f3e5a23d838706,WTI 장중 1% 내려 배럴당 81.37달러,https://www.tokenpost.kr/news/market/389256,2026-08-12,www.tokenpost.kr,Korean,South Korea,원유,D2_품목,2026-08-12,,0,MEDIUM,Oil price,5_EconFinance
a19b08b6178f141a3f6db9c7806d8b3c,북극항로 시범운항 첫 기항지 '영국 펠릭스토우'로 확정,https://news.knn.co.kr/news/article/191169,2026-08-12,news.knn.co.kr,Korean,South Korea,컨테이너,D2_품목,2026-08-12,,0,MEDIUM,Arctic Route Trial,7_Shipping
1eea91608172039fe7fbfe4705a72c79,한국전력 상반기 영업익 4.9조…부채는 210조 넘어,https://www.ebn.co.kr/news/articleView.html?idxno=1720175,2026-08-12,www.ebn.co.kr,Korean,South Korea,천연가스,D2_품목,2026-08-12,,0,MEDIUM,Energy cost impact,5_EconFinance
e1211cf6c15e616b2901aac5b46aa373,"한전, 흑자 행진에도 재무 부담 여전…하루 이자만 115억원",http://www.biztribune.co.kr/news/articleView.html?idxno=357370,2026-08-12,www.biztribune.co.kr,Korean,South Korea,천연가스,D2_품목,2026-08-12,,0,MEDIUM,Energy cost impact,5_EconFinance
532511de8455be45b0aaf1103c964684,"한전, 연료비 상승·차입금 부담에 수익성 '악화'",https://dealsite.co.kr/articles/167104,2026-08-12,dealsite.co.kr,Korean,South Korea,천연가스,D2_품목,2026-08-12,,0,MEDIUM,Middle East fuel costs,5_EconFinance
ec2dfbff67040b4bbaf261f8b4d9f14d,4.9兆 벌었지만 '빨간불' 한전…중동發 비용 부담 3분기 더 커진다,https://weekly.hankooki.com/news/articleView.html?idxno=7178706,2026-08-12,weekly.hankooki.com,Korean,South Korea,천연가스,D2_품목,2026-08-12,,0,MEDIUM,Middle East energy burden,5_EconFinance
72e2d112baf7373180f0c9594846e1a7,중동戰 장기화 여파에 한전 영업이익 17% '뚝',https://n.news.naver.com/mnews/article/009/0005720280?sid=101,2026-08-12,n.news.naver.com,Korean,South Korea,천연가스,D2_품목,2026-08-12,,0,MEDIUM,Middle East conflict impact,5_EconFinance
9dc258314bd27468f962caf79523ff74,한전채 발행 1.3배 늘어…“채권시장 블랙홀 우려”,https://n.news.naver.com/mnews/article/011/0004651117?sid=101,2026-08-12,n.news.naver.com,Korean,South Korea,천연가스,D2_품목,2026-08-12,,0,MEDIUM,Energy company financing,5_EconFinance
9ff80fffb17296500c61d4c321488308,"한전, 상반기 영업익 4.9조…전년比 16.6% 감소",http://www.popcornnews.net/news/articleView.html?idxno=129491,2026-08-12,www.popcornnews.net,Korean,South Korea,천연가스,D2_품목,2026-08-12,,0,MEDIUM,Energy cost pressure,5_EconFinance
add4fa2d25dff68f0d36e70792e906d9,"한전, 상반기 매출 늘었지만 영업익 16.6% 줄어",http://www.finomy.com/news/articleView.html?idxno=259080,2026-08-12,www.finomy.com,Korean,South Korea,천연가스,D2_품목,2026-08-12,,0,MEDIUM,Energy cost pressure,5_EconFinance
3763bb43c5aa3a077866f91fc658a67f,"한전, 상반기에 4.9조 벌었지만 웃지 못한다… 중동 청구서 하반기부터",https://n.news.naver.com/mnews/article/023/0003992626?sid=101,2026-08-12,n.news.naver.com,Korean,South Korea,천연가스,D2_품목,2026-08-12,,0,MEDIUM,Middle East energy costs,5_EconFinance
a973f374ac35f4d4b64c9f2a51b3303f,"한전·가스공사, 2분기 실적 희비…새 수장 공통 과제는 ‘재무 정상화...",https://www.kukinews.com/article/view/kuk202608120163,2026-08-12,www.kukinews.com,Korean,South Korea,천연가스,D2_품목,2026-08-12,,0,MEDIUM,Energy company performance,5_EconFinance
b93b958ddaf3bf98d8dba4672d2c0025,라인강 수위 10cm 아래로?…'물류 운송' 초비상,https://n.news.naver.com/mnews/article/055/0001380197?sid=104,2026-08-12,n.news.naver.com,Korean,South Korea,운임,D4_운송,2026-08-12,,0,MEDIUM,Rhine River logistics,8_Logistics
9ac30f7db6600bea4d33b293b9e96bfc,"젤렌스키 ""올해 745㎢ 영토 탈환""…러 흑해 해군기지 공격도",https://n.news.naver.com/mnews/article/001/0016248193?sid=104,2026-08-12,n.news.naver.com,Korean,South Korea,곡물,D2_품목,2026-08-12,,0,MEDIUM,Black Sea military action,1_Security
ac3fe3f673433811bb69177fe3e74208,폭염에 유럽 농업 비상...작물 생산량 급감,https://n.news.naver.com/mnews/article/052/0002392558?sid=104,2026-08-12,n.news.naver.com,Korean,South Korea,곡물,D2_품목,2026-08-12,,0,MEDIUM,European crop production,10_OtherIndustry
89b173a3ae61bf9b636cba5a3472304d,폭염에 유럽 농산물 생산 타격…“기후 이슈로 연간 수십조 손실”,https://n.news.naver.com/mnews/article/056/0012236588?sid=104,2026-08-12,n.news.naver.com,Korean,South Korea,곡물,D2_품목,2026-08-12,,0,MEDIUM,European crop production,10_OtherIndustry
4b2f222eeaa14ff5331b3fe9ca49a359,폭염에 유럽 농업 ‘비상’…곡물 생산 전망 900만t 줄었다,https://n.news.naver.com/mnews/article/016/0002683124?sid=104,2026-08-12,n.news.naver.com,Korean,South Korea,곡물,D2_품목,2026-08-12,,0,MEDIUM,European grain production,10_OtherIndustry
2867bd0a960cbbcf33fe4e56572c4234,"폭염에 유럽 농업도 타격…""기후 이슈로 연간 수십조 손실""",https://n.news.naver.com/mnews/article/001/0016248136?sid=104,2026-08-12,n.news.naver.com,Korean,South Korea,곡물,D2_품목,2026-08-12,,0,MEDIUM,European crop production,10_OtherIndustry
927b32c9f5ccd57b8277beefdf780b74,"수도권대기환경청, 요소수 제조현장 점검",http://www.e2news.com/news/articleView.html?idxno=333186,2026-08-12,www.e2news.com,Korean,South Korea,요소수,D2_품목,2026-08-12,,0,MEDIUM,Urea supply chain,10_OtherIndustry
1c856fb6a5bb8a36e0b3f00df0d6ff9c,"조달청, ‘요소수 공급망 위기 대응’ 잘했다",https://n.news.naver.com/mnews/article/011/0004651059?sid=102,2026-08-12,n.news.naver.com,Korean,South Korea,요소수,D2_품목,2026-08-12,,0,MEDIUM,Urea supply crisis,10_OtherIndustry
1852acc46480c836c6c4b380435b1dca,"""수소환원제철 국가 산업전환 사업으로""…포항·광양 중심 산업전환 제...",https://www.kyongbuk.co.kr/news/articleView.html?idxno=4081024,2026-08-12,www.kyongbuk.co.kr,Korean,South Korea,철광석,D2_품목,2026-08-12,,0,MEDIUM,Steel industry transition,10_OtherIndustry
03765070f7736dcaf1e7235eba49fc5b,70대 1 경쟁률 뚫었다… 루이지애나에 58억불 베팅한 이유 [현대차·포스...,https://www.etoday.co.kr/news/view/2613691,2026-08-12,www.etoday.co.kr,Korean,South Korea,철광석,D2_품목,2026-08-12,,0,MEDIUM,Hyundai Louisiana investment,10_OtherIndustry
15b95fee16ea0d82ac373976d710916a,"[종합] 철광석 연중 최저…8월 철강시장, 中 저점 다지기 韓 버티기",http://www.ferrotimes.com/news/articleView.html?idxno=49506,2026-08-12,www.ferrotimes.com,Korean,South Korea,철광석,D2_품목,2026-08-12,,0,MEDIUM,Iron ore price decline,5_EconFinance
241c91bce0cc441778b25eb88be750d6,"미국 미사일 바닥나는 사이 이란 전술은 빠르게 진화했다 : NYT ""러시아 ...",https://www.huffingtonpost.kr/article/259505,2026-08-12,www.huffingtonpost.kr,Korean,South Korea,후티,D7_행위자,2026-08-12,,0,MEDIUM,Iran military tactics,1_Security
76f28b675ba7cc6a1c1070c98c66ce63,"지난해 미군 예멘 공습, 민간인 396명 사상 첫 공식 인정",https://n.news.naver.com/mnews/article/032/0003463788?sid=104,2026-08-12,n.news.naver.com,Korean,South Korea,후티,D7_행위자,2026-08-12,,0,MEDIUM,Yemen airstrikes,1_Security
eb4f0b490078b75dbf2282811a46df90,[포토] 후티반군 공격 받은 예멘 항구도시,https://n.news.naver.com/mnews/article/421/0009109854?sid=104,2026-08-12,n.news.naver.com,Korean,South Korea,후티,D7_행위자,2026-08-12,,0,MEDIUM,Houthi port attacks,1_Security
7602e9f90af83bee62665d1fe4fc7964,"LNG 연료선 수주잔량 韓 압도하는 中조선업계…""韓과 기술격차 축소는 ...",https://www.straightnews.co.kr/news/articleView.html?idxno=308812,2026-08-12,www.straightnews.co.kr,Korean,South Korea,탱커,D4_운송,2026-08-12,,0,MEDIUM,LNG carrier shipbuilding,7_Shipping
bbe9edbec63ebc4cb51b24af3115957e,"HMM 소속 프리미어, 부산-美 동안 개편…中 닝보 취항",https://www.ksg.co.kr/news/main_newsView.jsp?pNum=147736,2026-08-12,www.ksg.co.kr,Korean,South Korea,파나마 운하,D1_초크포인트,2026-08-12,,0,MEDIUM,HMM route restructuring,7_Shipping
130c764c9cbdd3e10af60620306612ef,바다 한가운데 '잿빛 연기'…인니 롬복섬 인근서 여객선 화재,https://n.news.naver.com/mnews/article/437/0000505859?sid=104,2026-08-12,n.news.naver.com,Korean,South Korea,롬복 해협,D1_초크포인트,2026-08-12,,0,MEDIUM,Passenger ship fire,2_Safety
10278b38b7e273710ed3270c58e00fdd,구조되는 인도네시아 화재 여객선 생존자들,https://n.news.naver.com/mnews/article/003/0014123225?sid=104,2026-08-12,n.news.naver.com,Korean,South Korea,롬복 해협,D1_초크포인트,2026-08-12,,0,MEDIUM,Ship fire survivors,2_Safety
3abdf891122444d0bb9d557d1bc07f2a,발리에서 롬복 향하던 인니 여객선 화재,https://n.news.naver.com/mnews/article/003/0014123227?sid=104,2026-08-12,n.news.naver.com,Korean,South Korea,롬복 해협,D1_초크포인트,2026-08-12,,0,MEDIUM,Indonesia ship fire,2_Safety
c31c4969d04028758461ee4ef9a21166,"푸틴 ""서방의 러 상선 억류에 같은 방식 대응"" 경고",https://n.news.naver.com/mnews/article/003/0014124117?sid=104,2026-08-12,n.news.naver.com,Korean,South Korea,나포,D6_교란행위,2026-08-12,,0,MEDIUM,Putin vessel seizure warning,1_Security
8e93ba7f51e1d7232a03056b141a45d6,"푸틴 ""서방국가 러 상선 나포 시 보복···NATO 아태지역에 침투""",https://n.news.naver.com/mnews/article/018/0006350563?sid=104,2026-08-12,n.news.naver.com,Korean,South Korea,나포,D6_교란행위,2026-08-12,,0,MEDIUM,Putin shipping retaliation,1_Security
d47756493851e2985b4cb8c423618cc5,호르무즈 불확실성 지속 [글로벌 머니플로우],https://n.news.naver.com/mnews/article/215/0001262044?sid=101,2026-08-12,n.news.naver.com,Korean,South Korea,호르무즈 봉쇄,D1_초크포인트,2026-08-12,,0,MEDIUM,Hormuz uncertainty,1_Security
a68e6e0c09dbc720f61ae401a661ad92,[초점] 철강 시장 '개점 휴업'…수요 부재 속 H형강만 3만 원 상승,http://www.ferrotimes.com/news/articleView.html?idxno=49677,2026-08-12,www.ferrotimes.com,Korean,South Korea,수입물동량,D2_품목,2026-08-12,,0,MEDIUM,Steel market,10_OtherIndustry
adab7dd342440557f301f4b10da8b657,"기후부-한전, 반도체 메가프로젝트 '적기 전력공급' 약속",https://www.shinailbo.co.kr/news/articleView.html?idxno=5050874,2026-08-12,www.shinailbo.co.kr,Korean,South Korea,반도체,D2_품목,2026-08-12,,0,LOW,Semiconductor power,
a1a1a5fb8bb9e8c6454a48edf4bdd43d,"기후부, 반도체 메가프로젝트에 최대 20GW 전력망 구축",https://www.kdpress.co.kr/news/articleView.html?idxno=207758,2026-08-12,www.kdpress.co.kr,Korean,South Korea,반도체,D2_품목,2026-08-12,,0,LOW,Semiconductor power,
bc5c75915035dc859ecb4cc63b13220a,[ISEC 2026] 해양 규제 파도 넘을 해법 모였다... ‘2026 해양 사이버보안...,http://www.boannews.com/media/view.asp?idx=145130&kind=3,2026-08-12,www.boannews.com,Korean,South Korea,선사,D4_운송,2026-08-12,,0,LOW,Maritime cybersecurity,
360230793953d3485852befc0dd6d946,"반도체 주도 상승, 코스피 6,579 돌파...미국 AI 투자 기대감",https://www.tokenpost.kr/news/market/389442,2026-08-12,www.tokenpost.kr,Korean,South Korea,호르무즈 해협,D1_초크포인트,2026-08-12,,0,LOW,Stock Market,
592a10621375731df30d53ac94b85bde,"美 증시, CPI에 안도하고 AI 인프라 실적 대박에 상승 출발",https://n.news.naver.com/mnews/article/015/0005320297?sid=101,2026-08-12,n.news.naver.com,Korean,South Korea,호르무즈 해협,D1_초크포인트,2026-08-12,,0,LOW,Stock Market,
d034bf6e4a43a3bf8781cf0a6df99c65,"미국증시, CPI 둔화에 금리 부담 완화…엔비디아·SK하이닉스 ADR 강세",https://www.topstarnews.net/news/articleView.html?idxno=16162041,2026-08-12,www.topstarnews.net,Korean,South Korea,호르무즈 해협,D1_초크포인트,2026-08-12,,0,LOW,Stock Market,
de5d113ec39cb864286bbd28dd441d8b,"인도 정유사, 현물 원유 600만 배럴 구매 추진",https://www.tokenpost.kr/news/breaking/389419,2026-08-12,www.tokenpost.kr,Korean,South Korea,호르무즈 해협,D1_초크포인트,2026-08-12,,0,LOW,Oil Procurement,
5520bdb3264e0a232f4bcbee4eace41e,"미, 7월 소비자물가 전년비 3.4% 상승 그쳐…연준 금리인상 ‘멈칫’",https://n.news.naver.com/mnews/article/028/0002818279?sid=104,2026-08-12,n.news.naver.com,Korean,South Korea,호르무즈 해협,D1_초크포인트,2026-08-12,,0,LOW,US Inflation,
b83b40139eb1417291bffa820d95ad97,[종합] 美 7월 CPI 3.4%로 둔화…9월 금리 인상 가능성 42%로 '뚝',https://www.newspim.com/news/view/20260812001304,2026-08-12,www.newspim.com,Korean,South Korea,호르무즈 해협,D1_초크포인트,2026-08-12,,0,LOW,US Inflation,
53e00d31c3f85a26c8e0b90cf7e64771,미 7월 CPI 3.4% '예상 부합'…9월 금리 인상 가능성↓,https://n.news.naver.com/mnews/article/215/0001262184?sid=101,2026-08-12,n.news.naver.com,Korean,South Korea,호르무즈 해협,D1_초크포인트,2026-08-12,,0,LOW,US Inflation,
4d12b6fda1e5dd34212a7c1d51a03b3a,美 7월 물가 0.1% 상승 그쳐…금리인상 가능성 '뚝',http://www.4th.kr/news/articleView.html?idxno=2116245,2026-08-12,www.4th.kr,Korean,South Korea,호르무즈 해협,D1_초크포인트,2026-08-12,,0,LOW,US Inflation,
481c4e8167d7b5568416cfa5a089c3aa,"美 7월 CPI 예상치 '부합'…월가 ""워시, 한숨 돌렸다""",https://n.news.naver.com/mnews/article/018/0006350604?sid=101,2026-08-12,n.news.naver.com,Korean,South Korea,호르무즈 해협,D1_초크포인트,2026-08-12,,0,LOW,US Inflation,
30c632c6fef9660a4f48d79b770f863a,"원/달러 환율, 수출업체 달러 매도에도 나흘째 1,410원대 유지",https://www.tokenpost.kr/news/economy/389361,2026-08-12,www.tokenpost.kr,Korean,South Korea,호르무즈 해협,D1_초크포인트,2026-08-12,,0,LOW,Exchange Rate,
bd12ef8c21a7af18cdd39ff6a35760d1,"원·달러 환율, 이틀 연속 연중 최저치 경신",https://www.idaegu.co.kr/news/articleView.html?idxno=556618,2026-08-12,www.idaegu.co.kr,Korean,South Korea,호르무즈 해협,D1_초크포인트,2026-08-12,,0,LOW,Exchange rate,
672a9b3d40ac8a839a80a90aeb9b07d8,"뉴욕증시 프리뷰, CPI 앞두고 코어위브 18% 급등... AI株 강세",https://www.newspim.com/news/view/20260812001293,2026-08-12,www.newspim.com,Korean,South Korea,호르무즈 해협,D1_초크포인트,2026-08-12,,0,LOW,US stock market,
d15fdcdb40fbf65c4a58e28da0fff92a,"720Tbps 해저케이블, 걸프 7개국 잇는다",https://www.tokenpost.kr/news/cryptocurrency/389338,2026-08-12,www.tokenpost.kr,Korean,South Korea,호르무즈 해협,D1_초크포인트,2026-08-12,,0,LOW,Submarine cable,
6e9c312b9c2b37bd6774e05f83a42f27,"[인도증시] 고유가에 금리 인상 우려, 하락...타타그룹·병원株 일제히...",https://www.newspim.com/news/view/20260812001269,2026-08-12,www.newspim.com,Korean,South Korea,호르무즈 해협,D1_초크포인트,2026-08-12,,0,LOW,India stock market reaction,
5ef5ab4e07589b40ff2204e9d9969b85,"미국, 덫에 걸렸다...'속수무책' 끌려가는 처지 [자막뉴스]",https://n.news.naver.com/mnews/article/052/0002392485?sid=104,2026-08-12,n.news.naver.com,Korean,South Korea,호르무즈 해협,D1_초크포인트,2026-08-12,,0,LOW,US geopolitical situation,
57e6f233f3a34d2fd3ddd8d8f7cb35a9,"'달러 매도 속 저가 매수 수요' 원·달러 환율, 나흘째 1410원대...코스피...",https://www.betanews.net/article/view/beta202608120057,2026-08-12,www.betanews.net,Korean,South Korea,호르무즈 해협,D1_초크포인트,2026-08-12,,0,LOW,KRW/USD exchange rate,
2a2fd64817af500fc2ae5a82f63b08ed,"[올댓차이나] 홍콩 증시, 뉴욕 증시 약세 여파로 속락 마감… H주 0.96%↓",https://n.news.naver.com/mnews/article/003/0014124039?sid=104,2026-08-12,n.news.naver.com,Korean,South Korea,호르무즈 해협,D1_초크포인트,2026-08-12,,0,LOW,Hong Kong stock market,
7010c3364c756b8950cb8400aebc0997,"트럼프, 협상도 무력 행사도 못하는 '진퇴양난'",https://n.news.naver.com/mnews/article/088/0001023367?sid=104,2026-08-12,n.news.naver.com,Korean,South Korea,호르무즈 해협,D1_초크포인트,2026-08-12,,0,LOW,Trump policy dilemma,
f82add01feb9b77aac7f34e5b013cf7b,"돈 빌려 주식 산다…빚투 2.5조 급증, 다시 30조",https://n.news.naver.com/mnews/article/374/0000527137?sid=101,2026-08-12,n.news.naver.com,Korean,South Korea,호르무즈 해협,D1_초크포인트,2026-08-12,,0,LOW,Margin trading surge,
b7a83d1697f700ae17a44114d125e8fa,원·달러 환율 연중 최저에도 ‘1410원 벽’…美 CPI 분수령,https://n.news.naver.com/mnews/article/243/0000101566?sid=101,2026-08-12,n.news.naver.com,Korean,South Korea,호르무즈 해협,D1_초크포인트,2026-08-12,,0,LOW,KRW/USD exchange rate,
eb07f94752122c6aa6435e8d59cc72fc,美·日 개입에도 다시 엔저…동조 옅어진 원화는 강세,https://n.news.naver.com/mnews/article/015/0005320206?sid=101,2026-08-12,n.news.naver.com,Korean,South Korea,호르무즈 해협,D1_초크포인트,2026-08-12,,0,LOW,KRW currency strength,
b72101f34a9e54c7da6f2c13ea44e0c3,"코스피 3.68% 상승, 사흘째 올라...삼전·닉스 5~6%대 급등",https://www.delighti.co.kr/news/articleView.html?idxno=120139,2026-08-12,www.delighti.co.kr,Korean,South Korea,호르무즈 해협,D1_초크포인트,2026-08-12,,0,LOW,KOSPI stock surge,
36bb1824de2d72305c92ea5ba990e874,[마감시황] 반도체·외국인 귀환에 코스피 3.68%↑...매수 사이드카 발동,https://www.polinews.co.kr/news/articleView.html?idxno=739969,2026-08-12,www.polinews.co.kr,Korean,South Korea,호르무즈 해협,D1_초크포인트,2026-08-12,,0,LOW,KOSPI semiconductor rally,
ba054f82c137a0708799f91fd1652b68,"아시아증시 엇갈린 행보⋯日ㆍ대만 상승, 홍콩 1%대 하락",https://www.etoday.co.kr/news/view/2613861,2026-08-12,www.etoday.co.kr,Korean,South Korea,호르무즈 해협,D1_초크포인트,2026-08-12,,0,LOW,Asia stock markets,
81a9090e980d81cda955c289a1e33a88,"독일 7월 CPI 2.8% 상승, 자동차 연료 23% 올라",https://www.tokenpost.kr/news/market/389225,2026-08-12,www.tokenpost.kr,Korean,South Korea,유가,D5_시장지표,2026-08-12,,0,LOW,Germany inflation,
908f79a570027e6f49f66eb6657122a5,"동원그룹, 식품 주춤해도 포장재·물류가 상반기 실적 견인",http://www.kdfnews.com/news/articleView.html?idxno=186464,2026-08-12,www.kdfnews.com,Korean,South Korea,환율,D5_시장지표,2026-08-12,,0,LOW,Food packaging,
4fb5fd9f749d7155fc77b21b3b46f7aa,한전 상반기 영업이익 4조9127억원… 작년보다 16.6%↓,https://n.news.naver.com/mnews/article/417/0001155194?sid=102,2026-08-12,n.news.naver.com,Korean,South Korea,환율,D5_시장지표,2026-08-12,,0,LOW,Energy company earnings,
0c8dc24e4b0baf4888abce5ec86a5d84,"[경제 포커스] 엔·달러 환율, 美日 공조로 150엔 가더니 2주 만에 다시...",https://n.news.naver.com/mnews/article/366/0001185855?sid=101,2026-08-12,n.news.naver.com,Korean,South Korea,환율,D5_시장지표,2026-08-12,,0,LOW,,
6a0501b1934938dd99c9e954fd8ee664,"KG에코솔루션, 2분기 전 사업부문 흑자 달성... 체질 개선 결실",http://www.newslock.co.kr/news/articleView.html?idxno=134282,2026-08-12,www.newslock.co.kr,Korean,South Korea,환율,D5_시장지표,2026-08-12,,0,LOW,,
3e20806a74107f82cafcb1261d770ba2,"8월 12일 원/달러 환율 1,415.70원...엔화·유로·위안화",http://www.snmnews.com/news/articleView.html?idxno=573261,2026-08-12,www.snmnews.com,Korean,South Korea,환율,D5_시장지표,2026-08-12,,0,LOW,,
af1cecd6ff09c491e37ca8a7c9c7bd26,"[엔화의 경고(하)] 日 BOJ, 9월 금리인상 사수 총력…3.6조달러 캐리 청...",https://www.the-today.com/news/articleView.html?idxno=88395,2026-08-12,www.the-today.com,Korean,South Korea,환율,D5_시장지표,2026-08-12,,0,LOW,,
249bb5f2c101ff1bd6e387cea5f46ed1,"코스피, 삼전닉스 강세에 3%대 급등 마감…외인 2.8조 순매수",http://www.beyondpost.co.kr/view.php?ud=202608121656301542be44c0aacd_30,2026-08-12,www.beyondpost.co.kr,Korean,South Korea,환율,D5_시장지표,2026-08-12,,0,LOW,,
5236823bccf3cade156804226199243a,"[엔화의 경고(중)] 日 자본, '연금 귀환' 신호에도 해외채권 순매수…엔...",https://www.the-today.com/news/articleView.html?idxno=88391,2026-08-12,www.the-today.com,Korean,South Korea,환율,D5_시장지표,2026-08-12,,0,LOW,,
f06fece0cdf8a7b7aa0adaaa425831be,"환율 출렁일 때 대응법은?…금투협, '외환파생상품' 과정 개설",https://n.news.naver.com/mnews/article/119/0003121141?sid=101,2026-08-12,n.news.naver.com,Korean,South Korea,환율,D5_시장지표,2026-08-12,,0,LOW,,
3a51856a5e978fb6dbd9b9560368329e,코스피 3.68% 급등 6579…3거래 연속 ↑,https://www.newsinside.kr/news/articleView.html?idxno=4915995,2026-08-12,www.newsinside.kr,Korean,South Korea,환율,D5_시장지표,2026-08-12,,0,LOW,,
8d32916027124f0638f45af8818aecea,"해양에너지, 함평소방서와 도시가스 사고 대비 협조체계 점검",http://www.e-platform.net/news/articleView.html?idxno=104515,2026-08-12,www.e-platform.net,Korean,South Korea,코스피,D5_시장지표,2026-08-12,,0,LOW,Gas safety,
24bbaed0038a97b5d630c8963149430e,"기후위기·산업 대전환 해법 모색...""수소환원제철, 국가전략으로 추진...",https://www.mediafine.co.kr/news/articleView.html?idxno=86467,2026-08-12,www.mediafine.co.kr,Korean,South Korea,한국 에너지,D9_한국,2026-08-12,,0,LOW,Steel industry,
bcbf755be7b9a717603ef5a8a8da785a,[전기요금이 경쟁력이다] ① 에너지 절감이 생존 전략이 되다,https://www.incheonilbo.com/news/articleView.html?idxno=1329504,2026-08-12,www.incheonilbo.com,Korean,South Korea,한국 에너지,D9_한국,2026-08-12,,0,LOW,Energy costs,
a26a9db1684f3296020d62722fabc631,ITER 핵융합 연료 핵심 장비 한국이 만든다···'저장용기' 28기 제작,http://www.hellodd.com/news/articleView.html?idxno=112796,2026-08-12,www.hellodd.com,Korean,South Korea,한국 에너지,D9_한국,2026-08-12,,0,LOW,Nuclear energy,
efa00025a15ff9bd430a5ee58ead118f,"에스에너지, 관리종목 지정 사유 발생",https://www.topstarnews.net/news/articleView.html?idxno=16161850,2026-08-12,www.topstarnews.net,Korean,South Korea,한국 에너지,D9_한국,2026-08-12,,0,LOW,Energy company,
5f6d41ab0b67fdf98dcd6836d41c8080,한-아세안 환경·기후변화 대화 개최…메탄 감축 협조 요청,https://n.news.naver.com/mnews/article/001/0016248076?sid=104,2026-08-12,n.news.naver.com,Korean,South Korea,한국 에너지,D9_한국,2026-08-12,,0,LOW,Climate cooperation,
aac7b14d0662bd728af5570d5b2a1b0f,북극항로 시범 운항 첫 기항지 영국으로 변경,https://n.news.naver.com/mnews/article/056/0012236728?sid=101,2026-08-12,n.news.naver.com,Korean,South Korea,선박,D4_운송,2026-08-12,,0,LOW,Arctic route,
538634a33da332b51670685da14d017c,"현대제철, DNV와 '미래 에너지용 강재·용접기술 인증체계 구축·공동기...",http://www.econonews.co.kr/news/articleView.html?idxno=442713,2026-08-12,www.econonews.co.kr,Korean,South Korea,선박,D4_운송,2026-08-12,,0,LOW,Steel technology,
637f345ed74dd5eb69bee9e4afdea648,"정기선·빌 게이츠, 14일 서울서 회동…SMR 협력 논의",https://www.etoday.co.kr/news/view/2613907,2026-08-12,www.etoday.co.kr,Korean,South Korea,선박,D4_운송,2026-08-12,,0,LOW,Corporate meeting,
62836ed94e441c86fd02c40d0b3e2b16,"HD현대 회장 정기선 14일 빌 게이츠와 회동, 'SMR' 협력 방안 논의",https://www.businesspost.co.kr/BP?command=article_view&num=444625,2026-08-12,www.businesspost.co.kr,Korean,South Korea,선박,D4_운송,2026-08-12,,0,LOW,Corporate meeting,
a990c30c46fbc9ccce09c82ad50978f6,"포항세관, 국제무역선 * 수입화물 대상 마약류 집중 검사",http://www.phmbc.co.kr/www/news/desk_news?idx=204016&mode=view,2026-08-12,www.phmbc.co.kr,Korean,South Korea,선박,D4_운송,2026-08-12,,0,LOW,Customs inspection,
f47497bee0e8833dbd5e084bff8e8164,정박 중이던 5t급 어선서 불…인명피해 없어,https://n.news.naver.com/mnews/article/003/0014124102?sid=102,2026-08-12,n.news.naver.com,Korean,South Korea,선박,D4_운송,2026-08-12,,0,LOW,Fishing vessel fire,
780da70f84ed1105b06cfec8219deed2,"정기선 HD현대 회장, 빌 게이츠와 14일 회동…SMR 협력 확대 논의",https://www.ebn.co.kr/news/articleView.html?idxno=1720177,2026-08-12,www.ebn.co.kr,Korean,South Korea,선박,D4_운송,2026-08-12,,0,LOW,Corporate meeting,
e283c897f601ea3c9ef169fefa372fee,승객 114명 탄 여객선 전복…15명 사망·27명 실종에 짐바브웨 ‘발칵’,https://n.news.naver.com/mnews/article/009/0005720306?sid=104,2026-08-12,n.news.naver.com,Korean,South Korea,선박,D4_운송,2026-08-12,,0,LOW,Passenger ferry accident,
d19bc874cf6c568e9b074ea7a1ecbdb4,경남 새 병원선 공정률 72% ‘순항’,https://www.knnews.co.kr/news/articleView.php?idxno=1548570,2026-08-12,www.knnews.co.kr,Korean,South Korea,선박,D4_운송,2026-08-12,,0,LOW,Hospital ship construction,
4881131cdfc28bb89f1dba0965f6860b,"정기선, 빌 게이츠 만난다…소형모듈원전 협력 방안 논의할 듯",https://n.news.naver.com/mnews/article/277/0005802325?sid=101,2026-08-12,n.news.naver.com,Korean,South Korea,선박,D4_운송,2026-08-12,,0,LOW,Corporate meeting,
b95699d354f7644e19df0b517abf2894,"정기선·빌 게이츠, 14일 서울서 재회…SMR 협력 논의 테이블 오른다",https://n.news.naver.com/mnews/article/366/0001185881?sid=101,2026-08-12,n.news.naver.com,Korean,South Korea,선박,D4_운송,2026-08-12,,0,LOW,Corporate meeting,
052bb439a676ef8b2008ac6316181a86,"정기선, 14일 방한 빌 게이츠 만난다…SMR·핵융합 협력 논의 관측",https://n.news.naver.com/mnews/article/032/0003463863?sid=101,2026-08-12,n.news.naver.com,Korean,South Korea,선박,D4_운송,2026-08-12,,0,LOW,Corporate meeting,
394748fbe6a3ad7f28af7495850d2ea1,"정기선·빌 게이츠 만난다..HD현대, 테라파워와 소형원전 협력 확대",https://n.news.naver.com/mnews/article/014/0005560829?sid=101,2026-08-12,n.news.naver.com,Korean,South Korea,선박,D4_운송,2026-08-12,,0,LOW,Corporate meeting,
376607e016f94e6aa83143c9f508bbff,다가오는 해사법원 시대…인천도 해사법 체계 손볼 때,https://www.incheonilbo.com/news/articleView.html?idxno=1329520,2026-08-12,www.incheonilbo.com,Korean,South Korea,선박,D4_운송,2026-08-12,,0,LOW,Maritime law,
398e66ec0c3b042a09f5f1a39d2789c1,"정기선 HD현대 회장, 빌 게이츠와 14일 회동…SMR·핵융합 협력 논의",https://www.g-enews.com/view.php?ud=202608121943485802a96f092d0c_1,2026-08-12,www.g-enews.com,Korean,South Korea,선박,D4_운송,2026-08-12,,0,LOW,Corporate meeting,
77c2d8302bb67ee823acffbd371f8e68,"HD현대 정기선, 빌 게이츠와 14일 회동…SMR 협력 논의",https://n.news.naver.com/mnews/article/001/0016248117?sid=101,2026-08-12,n.news.naver.com,Korean,South Korea,선박,D4_운송,2026-08-12,,0,LOW,,
c0354613093e17b3824eea2b135c9407,목포 어선 유류비 부담 낮춘다…면세휘발유 ℓ당 116.3원 지원,https://www.polinews.co.kr/news/articleView.html?idxno=739991,2026-08-12,www.polinews.co.kr,Korean,South Korea,선박,D4_운송,2026-08-12,,0,LOW,,
cac84a07b7f8a04fcd0fc8df4a785cdd,"남해해경청, 해양오염 단속 47건 적발",https://busanmbc.co.kr/01_new/new01_view.asp?idx=287953,2026-08-12,busanmbc.co.kr,Korean,South Korea,선박,D4_운송,2026-08-12,,0,LOW,,
0ed60181893938c72aa684aa42aafcaf,"미국 넘어 캐나다까지…K-조선, 북미 함정 MRO 거점 확보 경쟁",https://www.ajunews.com/view/20260812141408968,2026-08-12,www.ajunews.com,Korean,South Korea,선박,D4_운송,2026-08-12,,0,LOW,,
2d3270f74a9d96cf5a30c6c303c2167f,"부산변호사회, 해사국제상사 아카데미 개최…전문인력 양성",https://n.news.naver.com/mnews/article/421/0009110907?sid=102,2026-08-12,n.news.naver.com,Korean,South Korea,선박,D4_운송,2026-08-12,,0,LOW,,
d6d2f694a5aa84dea231feb45f4d4c6f,"李 '7대 첨단기술'에 국가역량 집중… ""추격 아닌 선도자 돼야""",https://www.newscj.com/news/articleView.html?idxno=3424617,2026-08-12,www.newscj.com,Korean,South Korea,선박,D4_운송,2026-08-12,,0,LOW,,
72d90dfb2625a2584f970ec6f61336c5,"충북 해양교육원, 교직원 해양안전 '현장 대응력' 높인다",https://www.ccreview.co.kr/news/articleView.html?idxno=354947,2026-08-12,www.ccreview.co.kr,Korean,South Korea,선박,D4_운송,2026-08-12,,0,LOW,,
1a8629a43965a41e4de287b7a6f0c2f6,"KG에코솔루션, 올해 2분기 전 사업부문 영업이익 흑자 달성",https://www.lcnews.co.kr/news/articleView.html?idxno=206456,2026-08-12,www.lcnews.co.kr,Korean,South Korea,선박,D4_운송,2026-08-12,,0,LOW,,
66c9ec71230f0c00a0859151cbb6776d,AI 기술 단 하나로 수산물 수출길 선도 [마린 유니콘],https://n.news.naver.com/mnews/article/082/0001393654?sid=101,2026-08-12,n.news.naver.com,Korean,South Korea,선박,D4_운송,2026-08-12,,0,LOW,Seafood export AI,
91909b59e626c79b8fcb726a18c60cc7,"부산항만공사, 중소 항만기술 개발기업과 '공유특허 실시이익 분배계약...",https://www.getnews.co.kr/news/articleView.html?idxno=877772,2026-08-12,www.getnews.co.kr,Korean,South Korea,항만,D3_인프라,2026-08-12,,0,LOW,Port authority patent,
54cf00c9bd730fe476fec3b534be137a,"신한은행, 'SOL클러스터 부산' 개소…동남권 해양산업 지원",http://www.paxetv.com/news/articleView.html?idxno=279311,2026-08-12,www.paxetv.com,Korean,South Korea,항만,D3_인프라,2026-08-12,,0,LOW,Marine industry support,
c5c90a557f22873a1262ca74f996bde6,'동남권 해양수도권' 구축 시동 걸었다,http://www.gnmaeil.com/news/articleView.html?idxno=592628,2026-08-12,www.gnmaeil.com,Korean,South Korea,항만,D3_인프라,2026-08-12,,0,LOW,Maritime hub development,
a944089a492b060554a9e074c73c6584,"부산항만공사, 스마트 항만특허 4건 이익 3개 기업과 나눈다",http://www.newstown.co.kr/news/articleView.html?idxno=712185,2026-08-12,www.newstown.co.kr,Korean,South Korea,항만,D3_인프라,2026-08-12,,0,LOW,Smart port patents,
dac5eda11bc1577dacc8a9fcb4f90e2c,"신한은행, 부산에 ‘신한SOL클러스터’ 개소…조선·방산·물류 복합금...",https://www.betanews.net/article/view/beta202608120084,2026-08-12,www.betanews.net,Korean,South Korea,항만,D3_인프라,2026-08-12,,0,LOW,Maritime cluster development,
0e397d3a51e3db964666d6c7fa40e2a1,'동남권 해양수도권' 투자유치 힘 모은다,http://www.ujeil.com/news/articleView.html?idxno=390347,2026-08-12,www.ujeil.com,Korean,South Korea,항만,D3_인프라,2026-08-12,,0,LOW,Maritime investment initiative,
11a53653c694e29af91d067157a304c5,"""주 7일 배송 띄운 CJ대한통운, 영토는 넓혔지만 비용 덫에 걸렸다""",https://www.newsquest.co.kr/news/articleView.html?idxno=271648,2026-08-12,www.newsquest.co.kr,Korean,South Korea,항만,D3_인프라,2026-08-12,,0,LOW,,
0db7606b424901b76fff9cd005d9bae1,'화물칸에 숨어서'…제주항 보안 구멍 '숭숭',https://n.news.naver.com/mnews/article/422/0000895144?sid=102,2026-08-12,n.news.naver.com,Korean,South Korea,항만,D3_인프라,2026-08-12,,0,LOW,,
0155e8edf0e424513fd22b914fbc9454,중국산 車 '일대일로(一帶一路)' 타고 '쾌속 질주',https://www.autodaily.co.kr/news/articleView.html?idxno=546585,2026-08-12,www.autodaily.co.kr,Korean,South Korea,항만,D3_인프라,2026-08-12,,0,LOW,,
a43652fee8b8a5a8ae1c6e170287d672,인도네시아 여객선 화재…열흘 만에 연쇄 사고,https://n.news.naver.com/mnews/article/003/0014124005?sid=104,2026-08-12,n.news.naver.com,Korean,South Korea,항만,D3_인프라,2026-08-12,,0,LOW,Vessel accident,
9685b74b1ed4209b0eaf7bdabf38549e,"동원그룹, 상반기 영업익 2976억원…B2B가 실적 방어",https://thetracker.co.kr/View.aspx?No=4184405,2026-08-12,thetracker.co.kr,Korean,South Korea,수산물,D8_수산물,2026-08-12,,0,LOW,Donwon earnings,
36928425a35bb55d6ebded6bec6293b3,"동원그룹, 상반기 영업익 2,976억 원…물류도 '두 자릿수 성장'",https://www.klnews.co.kr/news/articleView.html?idxno=322302,2026-08-12,www.klnews.co.kr,Korean,South Korea,수산물,D8_수산물,2026-08-12,,0,LOW,Donwon logistics growth,
40939969715b44a55c8a78038cc256be,"동원산업, 올 상반기 영업익 2976억원 전년보다 15.1%↑…""B2B 실적 견인...",https://weekly.hankooki.com/news/articleView.html?idxno=7178705,2026-08-12,weekly.hankooki.com,Korean,South Korea,수산물,D8_수산물,2026-08-12,,0,LOW,Donwon B2B earnings,
4bbc46e06beee833a5b54030a5bccd93,"""스페인 1등 레알 참치""... CJ제일제당, 프리미엄 참치 브랜드 'Calvo' 론...",https://www.financialpost.co.kr/news/articleView.html?idxno=270116,2026-08-12,www.financialpost.co.kr,Korean,South Korea,수산물,D8_수산물,2026-08-12,,0,LOW,CJ seafood brand,
7df62e1c16ea1df5a50623927233bbc1,"동원그룹, 2분기 영업이익 1515억 원··· 전년比 13.3%↑",https://www.viva100.com/article/20260812501257,2026-08-12,www.viva100.com,Korean,South Korea,수산물,D8_수산물,2026-08-12,,0,LOW,Donwon earnings,
321d6fc3fefbe98f6062a0a89eb2bd14,"동원그룹, 상반기 영업익 2976억원…B2B 선전에 15.1%↑",https://n.news.naver.com/mnews/article/396/0000752189?sid=103,2026-08-12,n.news.naver.com,Korean,South Korea,수산물,D8_수산물,2026-08-12,,0,LOW,Donwon B2B growth,
b47667cfb2766d388ccaaf520584aeb3,"동원그룹, 2분기 영업익 13% 증가…B2C 약세 B2B 계열사가 이끌어",https://www.dizzotv.com/site/data/html_dir/2026/08/12/2026081280177.html,2026-08-12,www.dizzotv.com,Korean,South Korea,수산물,D8_수산물,2026-08-12,,0,LOW,Donwon earnings,
38f6f921548777fdaf1952b256f88f2b,"동원그룹, 상반기 영업이익 2976억 원···전년 동기比 15.1%↑",https://www.g-enews.com/view.php?ud=202608121829327733a96f092d0c_1,2026-08-12,www.g-enews.com,Korean,South Korea,수산물,D8_수산물,2026-08-12,,0,LOW,Corporate earnings,
88616cbe89a8a21e322fc60468ff4f0b,"동원산업, 2분기 영업이익 13.3%↑…B2B 계열사가 실적 견인",https://n.news.naver.com/mnews/article/011/0004651155?sid=101,2026-08-12,n.news.naver.com,Korean,South Korea,수산물,D8_수산물,2026-08-12,,0,LOW,Corporate earnings,
64975b0065753f183621a5af1c0c4018,"동원그룹, 상반기 영업이익 2976억…""B2B 계열사 선전으로 실적 견인""",http://www.ftoday.co.kr/news/articleView.html?idxno=363533,2026-08-12,www.ftoday.co.kr,Korean,South Korea,수산물,D8_수산물,2026-08-12,,0,LOW,Corporate earnings,
0a4b6e70207ea9940fedc50006a3e275,"동원산업, 상반기 영업익 전년 대비 15% 증가…식자재·포장재·물류가...",https://www.thepublic.kr/news/articleView.html?idxno=314759,2026-08-12,www.thepublic.kr,Korean,South Korea,수산물,D8_수산물,2026-08-12,,0,LOW,Corporate earnings,
631b9372714dbe81b7365aec2d9b91a8,"동원산업, 상반기 영업익 2976억원…B2B 사업 호조",https://www.thelec.kr/news/articleView.html?idxno=60875,2026-08-12,www.thelec.kr,Korean,South Korea,수산물,D8_수산물,2026-08-12,,0,LOW,Corporate earnings,
36bd75d9338717642c555d8c2e69ecea,"동원산업, 2분기 영업익 1515억원···전년比 13.3%↑",https://www.ziksir.com/news/articleView.html?idxno=142995,2026-08-12,www.ziksir.com,Korean,South Korea,수산물,D8_수산물,2026-08-12,,0,LOW,Corporate earnings,
2ccda2fe73c4a6937af5693cccc15e30,"B2B 계열사 '선방'···동원산업, 2분기 영업익 13.3%↑",http://www.enewstoday.co.kr/news/articleView.html?idxno=2458796,2026-08-12,www.enewstoday.co.kr,Korean,South Korea,수산물,D8_수산물,2026-08-12,,0,LOW,Corporate earnings,
cd87a5cc60af12963b8429db17e58de1,"동원산업, 올해 2분기 영업익 1515억…전년비 13.3%↑",https://daily.hankooki.com/news/articleView.html?idxno=1395382,2026-08-12,daily.hankooki.com,Korean,South Korea,수산물,D8_수산물,2026-08-12,,0,LOW,Corporate earnings,
20e5802355f838a84b85dce9d5aedd04,"'참치만으론 안 된다'… 동원그룹, B2B가 실적 버팀목 됐다",https://www.pressman.kr/news/articleView.html?idxno=103140,2026-08-12,www.pressman.kr,Korean,South Korea,수산물,D8_수산물,2026-08-12,,0,LOW,Corporate earnings,
8deba147fdb1719b05429e4f40ffed0f,"동원그룹, B2B 계열사 성장으로 상반기 매출 5조원 돌파",https://www.pointdaily.co.kr/news/articleView.html?idxno=315329,2026-08-12,www.pointdaily.co.kr,Korean,South Korea,수산물,D8_수산물,2026-08-12,,0,LOW,Corporate earnings,
c564ea9ca1369b43ee5d8d7643f60c2d,"동원산업, 2분기 영업익 1515억원…B2B 부문이 실적 견인",https://n.news.naver.com/mnews/article/138/0002237612?sid=101,2026-08-12,n.news.naver.com,Korean,South Korea,수산물,D8_수산물,2026-08-12,,0,LOW,Corporate earnings,
410fbd890ab8a1243b1205f53a3b96e3,"남해군, 양식어류 110만 마리 긴급 방류",http://www.gnmaeil.com/news/articleView.html?idxno=592640,2026-08-12,www.gnmaeil.com,Korean,South Korea,양식,D8_수산물,2026-08-12,,0,LOW,Aquaculture emergency,
8c222a85aa36c2af50d574c57f3c4d8a,"남해·통영·고성·거제, 고수온 대비 양식 어류 푼다",https://www.knnews.co.kr/news/articleView.php?idxno=1548580,2026-08-12,www.knnews.co.kr,Korean,South Korea,양식,D8_수산물,2026-08-12,,0,LOW,Fish farming response,
b299ab7646f10a8d2abece4c7d7b0aac,양식 어류 폐사 계속....피해 규모는 감소세,https://www.tbc.co.kr/news/view?pno=20260812162844AE03844&id=209664,2026-08-12,www.tbc.co.kr,Korean,South Korea,양식,D8_수산물,2026-08-12,,0,LOW,Aquaculture mortality,
c817b2b744fca3048bd9d2edbddf8556,'고수온 경보' 가로림만 양식어민들 조피볼락 42만 마리 방류,https://tjmbc.co.kr/NewsArticle/856333,2026-08-12,tjmbc.co.kr,Korean,South Korea,양식,D8_수산물,2026-08-12,,0,LOW,Fish release operation,
3dfca4cdfbd046b754301420c3aa578f,"""양식 우럭, 숭어 310만마리 시원한 바다로"" 서산시· 태안군 폐사 위험...",https://www.dynews.co.kr/news/articleView.html?idxno=861572,2026-08-12,www.dynews.co.kr,Korean,South Korea,양식,D8_수산물,2026-08-12,,0,LOW,Aquaculture emergency,
bce20e9511d162d4c99af575c22ce59f,[이슈픽] “뜨거운 물에 넣었더니 꽃이 활짝”…말복엔 제철 갯장어 어...,https://n.news.naver.com/mnews/article/056/0012236429?sid=101,2026-08-12,n.news.naver.com,Korean,South Korea,양식,D8_수산물,2026-08-12,,0,LOW,Seafood market,
4eca288e8029cfd9b4935166947276d5,"남해군, 양식 어류 긴급 방류 등 고수온 피해예방 총력",http://www.gndomin.com/news/articleView.html?idxno=485324,2026-08-12,www.gndomin.com,Korean,South Korea,양식,D8_수산물,2026-08-12,,0,LOW,Aquaculture crisis,
97526c638cce4eb455dd985b0b923a77,"치어 방류량 2.7배↑…서산시, 피해 우려 어가에 2억6,901만 원 지원",https://www.gukjenews.com/news/articleView.html?idxno=3663103,2026-08-12,www.gukjenews.com,Korean,South Korea,양식,D8_수산물,2026-08-12,,0,LOW,Fish farming support,
1dd8601276b7beb85ecffca095cf02ab,포항 양식장 강도다리 폐사 135만마리 육박…증가세는 다소 둔화,https://www.hidomin.com/news/articleView.html?idxno=717081,2026-08-12,www.hidomin.com,Korean,South Korea,양식,D8_수산물,2026-08-12,,0,LOW,Aquaculture mortality,
213eebdd777e70e8dc1042996340dff0,김 양식에 스타트업 기술 붙인다…씨엔티테크-김산업연합회 맞손,https://n.news.naver.com/mnews/article/008/0005399208?sid=101,2026-08-12,n.news.naver.com,Korean,South Korea,양식,D8_수산물,2026-08-12,,0,LOW,Seaweed farming,
c82236dfb4cc64001d5dc83a1513b872,한-우즈베키스탄 회담…광물 공급망·AI 협력 논의,https://www.gokorea.kr/news/articleView.html?idxno=874856,2026-08-12,www.gokorea.kr,Korean,South Korea,한국 공급망,D9_한국,2026-08-12,,0,LOW,Mineral supply,
6b5554536ad3963be88d9de10de1dcdc,"EU 新포장규정 시작됐다…패션업계, 폴리백·배송포장 재설계 불가피",http://www.ktnews.com/news/articleView.html?idxno=147693,2026-08-12,www.ktnews.com,Korean,South Korea,공급부족,D6_교란행위,2026-08-12,,0,LOW,Packaging regulation,
bafe67f8a8221a541b2812b0366df3db,한전 상반기 영업익 16% 감소...중동전쟁 영향 본격화,https://n.news.naver.com/mnews/article/215/0001262164?sid=101,2026-08-12,n.news.naver.com,Korean,South Korea,석탄,D2_품목,2026-08-12,,0,LOW,Energy costs,
4a052d3d8d70bcc074e7be92db95842a,"中 징둥닷컴, K-소비재 수입 본격화…150만불 직매입 계약",https://dealsite.co.kr/articles/167083,2026-08-12,dealsite.co.kr,Korean,South Korea,한국 수입,D9_한국,2026-08-12,,0,LOW,E-commerce trade,
533ef2602f3582d29bc0c10f1077bb73,"'中 1위 이커머스' 징둥, 韓 상품 직매입한다",https://n.news.naver.com/mnews/article/009/0005720233?sid=101,2026-08-12,n.news.naver.com,Korean,South Korea,한국 수입,D9_한국,2026-08-12,,0,LOW,E-commerce trade,
b265df4686ed3906354865be46d4b59f,中 온라인 소비 커지자…K-소비재 다시 뛴다,https://news.mtn.co.kr/news-detail/2026081214251418835,2026-08-12,news.mtn.co.kr,Korean,South Korea,한국 수입,D9_한국,2026-08-12,,0,LOW,E-commerce trade,
14b7af5487b7a02c75be36502c3bbb4e,"관세청, 인도와 통관지원·관세 협력 방안 논의",https://n.news.naver.com/mnews/article/003/0014123912?sid=102,2026-08-12,n.news.naver.com,Korean,South Korea,한국 수입,D9_한국,2026-08-12,,0,LOW,Trade cooperation,
20fda96eb98ab55dd1778539ef3a9df9,"러시아 원유 생산, OPEC+ 쿼터보다 100만 배럴 부족",https://www.tokenpost.kr/news/breaking/389436,2026-08-12,www.tokenpost.kr,Korean,South Korea,원유,D2_품목,2026-08-12,,0,LOW,,
26b3ae430b27b02c6e943603e55c4482,"[속보] 뉴욕증시 4대 지수 동반 상승…나스닥 강세, 중동 불확실성 속 위...",https://www.cbci.co.kr/news/articleView.html?idxno=597747,2026-08-12,www.cbci.co.kr,Korean,South Korea,원유,D2_품목,2026-08-12,,0,LOW,,
05689719b5f7a60accccf24ce41901aa,"뉴욕증시, CPI 소화하며 상승 출발",https://news.einfomax.co.kr/news/articleView.html?idxno=4429855,2026-08-12,news.einfomax.co.kr,Korean,South Korea,원유,D2_품목,2026-08-12,,0,LOW,,
aa385e2adcc35c195908fc8d2138614d,"외무상 방러 당시 ""북러 에너지·경제 협력 합의""",https://n.news.naver.com/mnews/article/018/0006350613?sid=101,2026-08-12,n.news.naver.com,Korean,South Korea,원유,D2_품목,2026-08-12,,0,LOW,,
d8be6005b9fe611caf43f6fcd3c49cf1,달러지수 전장 대비 0.035% 상승해 99.848,https://www.tokenpost.kr/news/market/389420,2026-08-12,www.tokenpost.kr,Korean,South Korea,원유,D2_품목,2026-08-12,,0,LOW,,
b730aaf44e8d4aa1d772b9f94d07728d,"달러·엔 장중 0.28% 하락, 금·은은 동반 상승",https://www.tokenpost.kr/news/market/389410,2026-08-12,www.tokenpost.kr,Korean,South Korea,원유,D2_품목,2026-08-12,,0,LOW,,
26dc4399018f4a6261cf024c35bc0b7f,미 달러화 강보합…美·이란 합의 기대 후퇴 속 CPI 대기,https://news.einfomax.co.kr/news/articleView.html?idxno=4429853,2026-08-12,news.einfomax.co.kr,Korean,South Korea,원유,D2_품목,2026-08-12,,0,LOW,,
0f69d640faf6dac1b781837008d65334,원유 팔던 인도서 휘발유 되사오는 러시아…첫 4만2000톤 수입,https://n.news.naver.com/mnews/article/421/0009111059?sid=104,2026-08-12,n.news.naver.com,Korean,South Korea,원유,D2_품목,2026-08-12,,0,LOW,,
ca507721a1d76535d4768d97c853ea59,정유 4사 상반기 영업이익 15조원 육박 큰폭 실적 반등,https://www.ulsanpress.net/news/articleView.html?idxno=580932,2026-08-12,www.ulsanpress.net,Korean,South Korea,원유,D2_품목,2026-08-12,,0,LOW,,
8c7d25c9e9ab78fcc23b750cf8abdf81,“엔비디아 GPU 선물하시죠”…석유처럼 선물거래 파생상품 나온다,https://n.news.naver.com/mnews/article/009/0005720312?sid=101,2026-08-12,n.news.naver.com,Korean,South Korea,원유,D2_품목,2026-08-12,,0,LOW,,
24fdea529fc3e0d8537a5d499555014e,"산업장관 ""호남 반도체 부지 정부가 제안""…""2029년도 느려"" 속도전(종합...",https://n.news.naver.com/mnews/article/003/0014124096?sid=101,2026-08-12,n.news.naver.com,Korean,South Korea,원유,D2_품목,2026-08-12,,0,LOW,,
59bdb53ac2160cc23b4ac9460f976644,"""토요일까지 공장 풀가동""…무더위에 아이스크림 '특수'",https://n.news.naver.com/mnews/article/422/0000895194?sid=101,2026-08-12,n.news.naver.com,Korean,South Korea,공급 차단,D6_교란행위,2026-08-12,,0,LOW,,
47b86d7795fdd95e08477f0164cb3f9f,"한컴, 프랑스 소방 로봇에 '에이전틱 OS' 탑재…'피지컬 AI' 시장 공략",http://www.smarttimes.co.kr/news/articleView.html?idxno=48107,2026-08-12,www.smarttimes.co.kr,Korean,South Korea,공급 차단,D6_교란행위,2026-08-12,,0,LOW,,
fade1c746bf89d92a351d7d5675d69ba,항만공사 통합 반대 확산…“자율성 강화해야”,https://n.news.naver.com/mnews/article/056/0012236670?sid=101,2026-08-12,n.news.naver.com,Korean,South Korea,석유화학,D2_품목,2026-08-12,,0,LOW,Port governance,
8b29adc45de2b9bdc2af158900fd5989,공공기관 기능 통합 논의 본격화 에너지·항만기관 서로 다른 반응,https://www.ulsanpress.net/news/articleView.html?idxno=580888,2026-08-12,www.ulsanpress.net,Korean,South Korea,석유화학,D2_품목,2026-08-12,,0,LOW,Public institution merger,
b5db3372a9a9b2352908da717cf3e312,철강·석유화학 생산세액공제 대상 되나,https://www.hidomin.com/news/articleView.html?idxno=717108,2026-08-12,www.hidomin.com,Korean,South Korea,석유화학,D2_품목,2026-08-12,,0,LOW,Tax incentives,
67d720923bd4cedb909c8fa7f71ea90f,AI 다음 먹거리 키운다…SMR·재생E 등 '7대 시드' 육성,https://www.electimes.com/news/articleView.html?idxno=371245,2026-08-12,www.electimes.com,Korean,South Korea,석유화학,D2_품목,2026-08-12,,0,LOW,Future energy R&D,
48dc868de56b06db2aa005008efad211,핵심광물 재자원화율 20% 목표… 첨단 공급망에 10조원 R&D 투입,http://www.e-platform.net/news/articleView.html?idxno=104519,2026-08-12,www.e-platform.net,Korean,South Korea,석유화학,D2_품목,2026-08-12,,0,LOW,Critical minerals R&D,
43d954ec461ac75f0b36b37a0574818d,[분석] '7대 SEED' 미래산업 승부수…기술개발 넘어 '시장 선점'이 성패...,https://www.energydaily.co.kr/news/articleView.html?idxno=202183,2026-08-12,www.energydaily.co.kr,Korean,South Korea,석유화학,D2_품목,2026-08-12,,0,LOW,Future industry strategy,
103e48eaa5d88a10ff89a2c8de5d4849,"정부, 경수형 SMR 2035년 상용화…미래 먹거리 '7대 SEED' 본격 가동",https://www.energydaily.co.kr/news/articleView.html?idxno=202178,2026-08-12,www.energydaily.co.kr,Korean,South Korea,석유화학,D2_품목,2026-08-12,,0,LOW,SMR commercialization,
d1fc66f97406a0039802bef3dfe29099,미래성장동력 7대 SEED에 SMR·핵융합·재생에너지 포함,https://www.todayenergy.kr/news/articleView.html?idxno=301513,2026-08-12,www.todayenergy.kr,Korean,South Korea,석유화학,D2_품목,2026-08-12,,0,LOW,Future energy technology,
4a64916971cb8add679a60c5d1046717,美 7월 CPI 3.4%…Fed 금리동결에 힘 실리나,https://n.news.naver.com/mnews/article/277/0005802342?sid=101,2026-08-12,n.news.naver.com,Korean,South Korea,물가상승,D9_한국,2026-08-12,,0,LOW,US inflation,
9979e426d93282d2ef3149184ed924c0,美 물가 상승률 석달째 둔화…9월 금리 동결 가능성 커졌다,https://n.news.naver.com/mnews/article/008/0005399289?sid=101,2026-08-12,n.news.naver.com,Korean,South Korea,물가상승,D9_한국,2026-08-12,,0,LOW,US inflation,
0860e8f340111d82ebd56c1b6e7eba22,미국 7월 소비자물가 상승률 3.4%로 둔화…연준 금리 동결 기대↑,https://n.news.naver.com/mnews/article/055/0001380218?sid=104,2026-08-12,n.news.naver.com,Korean,South Korea,물가상승,D9_한국,2026-08-12,,0,LOW,US inflation,
00ab598ac904d97f3253970d61d5b08e,미국 7월 소비자물가 상승세 둔화...연준 '금리 동결' 기대감 커져,https://n.news.naver.com/mnews/article/052/0002392564?sid=104,2026-08-12,n.news.naver.com,Korean,South Korea,물가상승,D9_한국,2026-08-12,,0,LOW,US inflation,
aa214f82a046455a66a6abe35aa8f13b,"美 7월 소비자물가 예상치 부합…""기준금리 인상 명분 약해졌다""",https://n.news.naver.com/mnews/article/015/0005320298?sid=104,2026-08-12,n.news.naver.com,Korean,South Korea,물가상승,D9_한국,2026-08-12,,0,LOW,US inflation,
96073acda1382cc103b2e3394e888e2a,美 7월 소비자물가 상승률 3.4%로 둔화…연준 금리동결 기대↑,https://n.news.naver.com/mnews/article/056/0012236740?sid=104,2026-08-12,n.news.naver.com,Korean,South Korea,물가상승,D9_한국,2026-08-12,,0,LOW,US inflation,
7c30dd0e63bd55c650b0b7718c8b9ea0,"美 7월 소비자물가 3.4% 상승, 예상치 부합…근원 물가 상승률도 둔화",https://n.news.naver.com/mnews/article/008/0005399287?sid=104,2026-08-12,n.news.naver.com,Korean,South Korea,물가상승,D9_한국,2026-08-12,,0,LOW,US inflation,
6cb9d0ff7bcb05f08442a4cd907f93af,美 7월 물가 3.4%…9월 금리 인상 가능성 후퇴,https://n.news.naver.com/mnews/article/014/0005560840?sid=101,2026-08-12,n.news.naver.com,Korean,South Korea,물가상승,D9_한국,2026-08-12,,0,LOW,US inflation,
e419f0ea75726dcc4338fb072c5fb162,"美 CPI, 3.4%로 둔화...9월 금리 동결 수순 밟을까",http://coinreaders.com/252480,2026-08-12,coinreaders.com,Korean,South Korea,물가상승,D9_한국,2026-08-12,,0,LOW,US inflation,
1843c858d287ac2b44531961c04e5c09,美7월 소비자물가 상승률 3.4%로 둔화…연준 금리동결 기대↑(종합),https://n.news.naver.com/mnews/article/001/0016248170?sid=101,2026-08-12,n.news.naver.com,Korean,South Korea,물가상승,D9_한국,2026-08-12,,0,LOW,US inflation,
8c5a0953b51f50577d1942137862a021,"美 7월 CPI, 시장 예상치 부합…금리 동결 가능성 높아져",https://n.news.naver.com/mnews/article/079/0004178195?sid=101,2026-08-12,n.news.naver.com,Korean,South Korea,물가상승,D9_한국,2026-08-12,,0,LOW,US inflation,
9b6d3f10cd94d08aa3c3c0e48d47a5b5,美 7월 소비자물가 전년 대비 3.4%↑ ‘예상 부합’…근원물가도 둔화,https://n.news.naver.com/mnews/article/366/0001185886?sid=104,2026-08-12,n.news.naver.com,Korean,South Korea,물가상승,D9_한국,2026-08-12,,0,LOW,US inflation,
64651d0ff46a485e066ff3b7cd73ba66,미 7월 소비자물가 전년 대비 3.4% 상승‥예상치 부합,https://n.news.naver.com/mnews/article/214/0001517544?sid=104,2026-08-12,n.news.naver.com,Korean,South Korea,물가상승,D9_한국,2026-08-12,,0,LOW,US inflation,
47f609e9be97e9dc8b18b24c9a02c395,[속보] 미 7월 소비자물가 전년比 3.4% 올라…예상치 부합,https://n.news.naver.com/mnews/article/009/0005720321?sid=101,2026-08-12,n.news.naver.com,Korean,South Korea,물가상승,D9_한국,2026-08-12,,0,LOW,US inflation,
cc5b7de5546b72d1f0295997897732ed,미국 7월 소비자물가 3.4% 상승...예상치 부합,https://n.news.naver.com/mnews/article/052/0002392527?sid=104,2026-08-12,n.news.naver.com,Korean,South Korea,물가상승,D9_한국,2026-08-12,,0,LOW,US inflation,
e7c8079da41a73407c01c1d0333bf298,"7월 美CPI, 0.1% 상승…연간 인플레는 3.4%로 2달 연속 둔화",https://n.news.naver.com/mnews/article/003/0014124139?sid=104,2026-08-12,n.news.naver.com,Korean,South Korea,물가상승,D9_한국,2026-08-12,,0,LOW,US inflation,
1e0f219558fc7c971c98c66bf7bfb26b,"이란, 트럼프 호텔 층수까지 꿰뚫었다…""미사일 위협 실존""",https://n.news.naver.com/mnews/article/088/0001023383?sid=104,2026-08-12,n.news.naver.com,Korean,South Korea,컨테이너,D2_품목,2026-08-12,,0,LOW,,
fb455642fc51a117072c950d0c4ae4d0,4대 항만공사 통합‥정치 정잼 '급부상',https://www.usmbc.co.kr/NewsArticle/856312,2026-08-12,www.usmbc.co.kr,Korean,South Korea,컨테이너,D2_품목,2026-08-12,,0,LOW,,
c0d9eb09d862ea849bfd8c7ae99efd6f,"물류 자동화 기술 쌓은 케이엔로보틱스, '휴머노이드'로 연구영역 넓힌...",https://www.klnews.co.kr/news/articleView.html?idxno=322300,2026-08-12,www.klnews.co.kr,Korean,South Korea,컨테이너,D2_품목,2026-08-12,,0,LOW,,
e2c6097b8fd34c17d8155af73764a991,"“이란, 트럼프 투숙층도 알았다”… ‘미끼 전용기’ 적절성 논란",https://n.news.naver.com/mnews/article/005/0001866522?sid=104,2026-08-12,n.news.naver.com,Korean,South Korea,컨테이너,D2_품목,2026-08-12,,0,LOW,,
eb20ce3c33850a92597230bea731072d,"“이란, 트럼프 머무는 호텔 층까지 파악""",https://n.news.naver.com/mnews/article/374/0000527131?sid=104,2026-08-12,n.news.naver.com,Korean,South Korea,컨테이너,D2_품목,2026-08-12,,0,LOW,,
e3f6e9e529021827452e53a257f30eea,"[권영인의 문제적 유럽] ""이런 건 처음"" 강 절반이 말랐다…냉각수 없어...",https://n.news.naver.com/mnews/article/055/0001380166?sid=104,2026-08-12,n.news.naver.com,Korean,South Korea,옥수수,D2_품목,2026-08-12,,0,LOW,European Drought,
aec113aff5285e7b8a2c590cc5cf5f0e,"‘전력난’ 러시아, 北에 SOS…교도통신 “양국 에너지 협력 합의”",https://n.news.naver.com/mnews/article/022/0004150578?sid=104,2026-08-12,n.news.naver.com,Korean,South Korea,천연가스,D2_품목,2026-08-12,,0,LOW,,
b8f0b6c001e24b89c6ff767be033cd89,호남 반도체산단 2029년 전력 3GW 우선 공급,https://n.news.naver.com/mnews/article/022/0004150532?sid=101,2026-08-12,n.news.naver.com,Korean,South Korea,천연가스,D2_품목,2026-08-12,,0,LOW,,
059db2d9e24279aaaa306c97e3f590a3,"북한 고속철·가스관 병행 건설, 지렛대로 활용해야 [왜냐면]",https://n.news.naver.com/mnews/article/028/0002818257?sid=110,2026-08-12,n.news.naver.com,Korean,South Korea,천연가스,D2_품목,2026-08-12,,0,LOW,,
022a6dcc4679c3ccdd26162381ae1afa,호남 반도체 산단 2029년 3GW 전력공급 청사진 나왔다,http://www.jndn.com/article.php?aid=1786525446437759001,2026-08-12,www.jndn.com,Korean,South Korea,천연가스,D2_품목,2026-08-12,,0,LOW,,
70f0c76d973883ca51df124acc5780f2,"호남권 6GW, 용인 14GW…반도체 팹 속도전에 ‘전력 시간표’도 당겼다",https://n.news.naver.com/mnews/article/025/0003543979?sid=101,2026-08-12,n.news.naver.com,Korean,South Korea,천연가스,D2_품목,2026-08-12,,0,LOW,,
b1d7962045d3b67ad8383159b20f6f7f,"하동군의회, 고수온 양식장 점검·대책 모색",http://www.gnmaeil.com/news/articleView.html?idxno=592682,2026-08-12,www.gnmaeil.com,Korean,South Korea,어업,D8_수산물,2026-08-12,,0,LOW,Aquaculture heat stress,
7a7c94cc6e078fa0622a5c48741ff563,지역 어업인 장례서비스 이용 부담 던다,http://www.ujeil.com/news/articleView.html?idxno=390319,2026-08-12,www.ujeil.com,Korean,South Korea,어업,D8_수산물,2026-08-12,,0,LOW,Fishing industry costs,
e28f8776cfa890f573fa5062191df3fc,"신안군, 폭염에 가뭄까지 '이중고'…14개 읍·면 용수 확보 비상",https://www.polinews.co.kr/news/articleView.html?idxno=739996,2026-08-12,www.polinews.co.kr,Korean,South Korea,어업,D8_수산물,2026-08-12,,0,LOW,Regional drought impact,
0e8a4f45df2e6b78f24f28c26e360386,어업 사업장 절반 이상 5대 보험 미가입···해상 추락·질식 위험 노출,https://n.news.naver.com/mnews/article/032/0003463849?sid=101,2026-08-12,n.news.naver.com,Korean,South Korea,어업,D8_수산물,2026-08-12,,0,LOW,Fishing safety,
2a6f312e8630e3df36c40b75822c6cff,"동원산업 2분기 영업이익 1515억 13.3% 증가, B2B 판로 확대와 수출 증가...",https://www.businesspost.co.kr/BP?command=article_view&num=444617,2026-08-12,www.businesspost.co.kr,Korean,South Korea,어업,D8_수산물,2026-08-12,,0,LOW,Seafood company earnings,
fbf4a4d616c38c1f9eee6595bb0e1243,"클리어젯, 여객기 빈 화물칸 활용 물류로 2500만달러 유치",https://www.tokenpost.kr/news/tech/389363,2026-08-12,www.tokenpost.kr,Korean,South Korea,운임,D4_운송,2026-08-12,,0,LOW,Cargo logistics,
86334a86773bb389168fd49bd016052a,"中 칭하이, 라오스 직행 화물열차 첫 운행…요소 1150t 직접 수출",https://www.the-today.com/news/articleView.html?idxno=88393,2026-08-12,www.the-today.com,Korean,South Korea,비료,D2_품목,2026-08-12,,0,LOW,China rail freight,
75d47fb3af68746c9cdbfd0c1543153f,양양 어선 전복 ‘구조 미흡’…소방대원 7명 송치,https://n.news.naver.com/mnews/article/056/0012236651?sid=102,2026-08-12,n.news.naver.com,Korean,South Korea,어선,D8_수산물,2026-08-12,,0,LOW,Fishing accident,
01580e4fb068ece0230528779210e9d9,"사천시, CCTV 소방·해경과 공유",http://www.gnmaeil.com/news/articleView.html?idxno=592641,2026-08-12,www.gnmaeil.com,Korean,South Korea,어선,D8_수산물,2026-08-12,,0,LOW,Fire safety coordination,
fae3f02c760718b54085302cdb5609b5,"하동군, 성어기 앞두고 어선 안전사고 예방",http://www.gnmaeil.com/news/articleView.html?idxno=592646,2026-08-12,www.gnmaeil.com,Korean,South Korea,어선,D8_수산물,2026-08-12,,0,LOW,Fishing safety prevention,
d186ba7c3d92d9cfb152e7ab649bc8b2,"""아무 대처 안 해""..과실치사 혐의 소방대원 송치",https://www.g1tv.co.kr/news?mid=1_207_6&newsid=347275,2026-08-12,www.g1tv.co.kr,Korean,South Korea,어선,D8_수산물,2026-08-12,,0,LOW,Rescue operation negligence,
201c9a34d9870b4571c4d8329f0ee0a6,“어촌계 핵심 기반사업 선정권 다시 시·군으로 돌려달라”,http://www.kwangju.co.kr/article.php?aid=1786531800802243006,2026-08-12,www.kwangju.co.kr,Korean,South Korea,어선,D8_수산물,2026-08-12,,0,LOW,Fishing community policy,
6d4ad3a322734cd55b062e783afcb11d,"［팩트체크］ ""도매법인 영업이익률 24%, 대형마트의 8배 폭리""",https://www.farminsight.net/news/articleView.html?idxno=16758,2026-08-12,www.farminsight.net,Korean,South Korea,물류비,D9_한국,2026-08-12,,0,LOW,Retail pricing analysis,
018fb988f5548c36c8d101e8ee14251b,[사설] 온라인 쇼핑 성장세 속에 드러난 명암,https://www.joongboo.com/news/articleView.html?idxno=363733756,2026-08-12,www.joongboo.com,Korean,South Korea,물류비,D9_한국,2026-08-12,,0,LOW,E-commerce trends,
d849817675f402bd2bcbedc1c9a614b1,"인천 건설경기 수년째 하락세…인천 건설공사, 서울·경기 업체에 빼앗...",https://n.news.naver.com/mnews/article/666/0000118973?sid=101,2026-08-12,n.news.naver.com,Korean,South Korea,물류비,D9_한국,2026-08-12,,0,LOW,Construction market decline,
935c41654ae7ddf02b7fcb3df667e18f,"제주도의회, 농산물수급관리연합회 간담회",https://www.headlinejeju.co.kr/news/articleView.html?idxno=597398,2026-08-12,www.headlinejeju.co.kr,Korean,South Korea,물류비,D9_한국,2026-08-12,,0,LOW,Agricultural supply management,
c5756e42c6ab6bf6a41511251e648ce5,"아이엘, 2Q 영업익 28억원…물류비 줄여 수익성 개선",https://n.news.naver.com/mnews/article/092/0002433787?sid=105,2026-08-12,n.news.naver.com,Korean,South Korea,물류비,D9_한국,2026-08-12,,0,LOW,Logistics company earnings,
7e21df3d8218a439a1710d205440dd6f,“부식 견디는 마그네슘 개발”…경량화 소재 ‘기대’,https://n.news.naver.com/mnews/article/056/0012236680?sid=105,2026-08-12,n.news.naver.com,Korean,South Korea,희토류,D2_품목,2026-08-12,,0,LOW,Material science development,
89d167f96823f51ff403512133447bf0,"""중국, 희토류 수출 위반 일본 기업 경영진 등 구속""",https://www.obsnews.co.kr/news/articleView.html?idxno=1533864,2026-08-12,www.obsnews.co.kr,Korean,South Korea,희토류,D2_품목,2026-08-12,,0,LOW,China rare earth export,
8cee2356080a999e890d5b039e26fa86,"'AI·글로벌 전력망' 탄 LS그룹, 범용 전선 벗고 고부가가치 거인으로",https://www.goodkyung.com/news/articleView.html?idxno=290211,2026-08-12,www.goodkyung.com,Korean,South Korea,희토류,D2_품목,2026-08-12,,0,LOW,LS Group diversification,
a50b518dc75fad20506efa76b8bb76cf,"""B2B가 견인""...동원산업, 2분기 영업익 1515억·전년비 13.3%↑",https://n.news.naver.com/mnews/article/014/0005560701?sid=101,2026-08-12,n.news.naver.com,Korean,South Korea,물류기업,D9_한국,2026-08-12,,0,LOW,Seafood company earnings,
7a824cdf08d53cc08fe92fdcf393fe9c,"동원산업, 2분기 영업익 13.3% 성장…""포장재·물류 선방""(상보)",https://n.news.naver.com/mnews/article/421/0009110859?sid=101,2026-08-12,n.news.naver.com,Korean,South Korea,물류기업,D9_한국,2026-08-12,,0,LOW,Seafood company earnings,
3ad64e74fa3b393fd4a565fb097891da,"동원산업 2분기 영업익 1515억원, 전년비 13.3% 성장",https://n.news.naver.com/mnews/article/082/0001393644?sid=101,2026-08-12,n.news.naver.com,Korean,South Korea,물류기업,D9_한국,2026-08-12,,0,LOW,Seafood company earnings,
06d3c0f5b5bc2d6026130ffcdf98b66e,가공식품 가격 줄인상…장바구니 물가 부담 커진다,http://www.kjdaily.com/article.php?aid=1786531527684414004,2026-08-12,www.kjdaily.com,Korean,South Korea,나프타,D2_품목,2026-08-12,,0,LOW,Food price inflation,
ac61f8ef95eec544410598df7cb81d1a,"선박 넘어 데이터센터로 항해… ""글로벌 1위 AM 기업 도약""[인터뷰]",https://n.news.naver.com/mnews/article/014/0005560743?sid=101,2026-08-12,n.news.naver.com,Korean,South Korea,말라카 해협,D1_초크포인트,2026-08-12,,0,LOW,Maritime data center,
1606574487dfb20d824b3ae1b0642e7d,말레이시아 해상 항법 솔루션 시장 동향,http://dream.kotra.or.kr/kotranews/cms/news/actionKotraBoardDetail.do?SITE_NO=3&MENU_ID=180&CONTENTS_NO=1&bbsGbn=243&bbsSn=243&pNttSn=243348,2026-08-12,dream.kotra.or.kr,Korean,South Korea,말라카 해협,D1_초크포인트,2026-08-12,,0,LOW,Malaysia navigation solutions,
276b235dccc46cc246db1277b0e72624,"""선박에서 데이터센터로""…HD현대마린솔루션, '세계 1위 K-AM 기업' 정조...",https://n.news.naver.com/mnews/article/014/0005560279?sid=101,2026-08-12,n.news.naver.com,Korean,South Korea,말라카 해협,D1_초크포인트,2026-08-12,,0,LOW,HD Hyundai Marine Solutions,
d3ae1c7ce0288b03c6d90e8c18cb70c4,"푸틴 ""나토, 아태지역에 침투...러에 위협""",https://n.news.naver.com/mnews/article/052/0002392480?sid=104,2026-08-12,n.news.naver.com,Korean,South Korea,나포,D6_교란행위,2026-08-12,,0,LOW,Putin NATO geopolitics,
10d7432deb7ca7ce18613eb965d91ce3,"정석근 SK하이퍼 대표 ""고객, 데이터 넘어 '토큰' 요구…AIDC 신성장동력...",https://www.ajunews.com/view/20260812124214764,2026-08-12,www.ajunews.com,Korean,South Korea,정유산업,D9_한국,2026-08-12,,0,LOW,SK Hyper AI strategy,
8beb6f521777636df4797ee8a44068cb,"HD현대오일뱅크, 국내 첫 수소내연기관 전용 엔진오일 공급",https://www.ekn.kr/web/view.php?key=20260812026501774,2026-08-12,www.ekn.kr,Korean,South Korea,정유산업,D9_한국,2026-08-12,,0,LOW,HD Hyundai Oil hydrogen engine,
6a6273abb666f5c2b1f4cafcc7f06737,"[Invest]정부는 투자 압박, 노조는 성과급 요구…호실적이 오히려 껄끄러...",https://www.investchosun.com/site/data/html_dir/2026/08/11/2026081180059.html,2026-08-12,www.investchosun.com,Korean,South Korea,정유산업,D9_한국,2026-08-12,,0,LOW,Government investment labor dispute,
872196dac2b8052ba43dec91ddd9321b,"젤렌스키, '러시아, 북한산 미사일로 우크라 공격하고 있어'",https://www.bbc.com/korean/articles/c1m129d83l4o?xtor=AL-73-%5Bpartner%5D-%5Bnaver%5D-%5Bheadline%5D-%5Bkorean%5D-%5Bbizdev%5D-%5Bisapi%5D,2026-08-12,www.bbc.com,Korean,South Korea,정유소,D3_인프라,2026-08-12,,0,LOW,Zelenskyy North Korea missiles,
da322dc256431ce890c9846a590d8b94,"평택지방해양수산청, 선원 대상 구명조끼 착용 의무화 현장 홍보 실시",https://www.newspim.com/news/view/20260812000840,2026-08-12,www.newspim.com,Korean,South Korea,해사안전,D6_교란행위,2026-08-12,,0,LOW,Maritime safety,
0894eed2095970cbd1743ba7367404e3,"동원산업, 2분기 영업익 15.1% 증가…B2B 사업 견인",https://www.econovill.com/news/articleView.html?idxno=747828,2026-08-12,www.econovill.com,Korean,South Korea,화주서비스,D9_한국,2026-08-12,,0,LOW,Seafood company,
c3cdb7cf4ff4792e5c89fb583d9c8a66,"동원그룹, 2분기 영업익 1515억⋯전년比13.3%↑",https://n.news.naver.com/mnews/article/031/0001049250?sid=101,2026-08-12,n.news.naver.com,Korean,South Korea,화주서비스,D9_한국,2026-08-12,,0,LOW,Seafood company,
534400dbdc3ddffa6575b9311dfaf58d,바닷길 타고 들어온 마약 4300건…코카인 2347㎏ 적발,https://n.news.naver.com/mnews/article/003/0014122006?sid=101,2026-08-12,n.news.naver.com,Korean,South Korea,벌크선,D4_운송,2026-08-12,,0,LOW,Maritime security,
f5ccf7222984a852b3deabf168adf752,"[기획] 사통팔달 울산, 교통망 골든타임을 잡아라",https://www.iusm.co.kr/news/articleView.html?idxno=1066585,2026-08-12,www.iusm.co.kr,Korean,South Korea,물류 대란,D6_교란행위,2026-08-12,,0,LOW,Port infrastructure,
c6c71221449f6728269ad66d31b0b822,[마켓인사이드] HBM 마진율 80% 시대…AI 메모리 황금기는 언제까지 갈까,https://www.news2day.co.kr/article/20260812500315,2026-08-12,www.news2day.co.kr,Korean,South Korea,반도체,D2_품목,2026-08-12,,0,NONE,,
32722a90e365fbeaf6115c8d77e55f3b,SMR·핵융합·양자·우주항공 등 7대 첨단기술 육성,http://www.babytimes.co.kr/news/articleView.html?idxno=73833,2026-08-12,www.babytimes.co.kr,Korean,South Korea,반도체,D2_품목,2026-08-12,,0,NONE,,
bd71bb42e35e8e7ad83351e7f0c358b1,"김종민 의원 ""피지컬AI 거버넌스 불명확""… 산업부 ""재정립 추진""",http://www.ccnnews.co.kr/news/articleView.html?idxno=413405,2026-08-12,www.ccnnews.co.kr,Korean,South Korea,반도체,D2_품목,2026-08-12,,0,NONE,,
fc8ccaef58d6565a73409b198a29a571,"반도체 다음 먹거리는?…김용범 ""7개 '씨앗' 키워 새 '메가'로""",https://n.news.naver.com/mnews/article/277/0005802343?sid=100,2026-08-12,n.news.naver.com,Korean,South Korea,반도체,D2_품목,2026-08-12,,0,NONE,,
bec1fa087a13c21690679d56c278daeb,"미래에셋운용, ‘TIGER 코스닥액티브 ETF’ 8월 수익률 23.6%...동종 ETF 중...",https://www.betanews.net/article/view/beta202608120058,2026-08-12,www.betanews.net,Korean,South Korea,반도체,D2_품목,2026-08-12,,0,NONE,,
321e0226f959e697740e20ad1da48236,"600억달러 수주잔고 공개한 슈퍼마이크로, AI 서버주 동반 상승",https://www.tokenpost.kr/news/market/389463,2026-08-12,www.tokenpost.kr,Korean,South Korea,반도체,D2_품목,2026-08-12,,0,NONE,,
aa7a2c519f6a80b4c6cfbc660f1ecfa0,국비 20조원 확보해도 재정 부담 커진다?… 경기도 TF 진단은,https://www.newscj.com/news/articleView.html?idxno=3424662,2026-08-12,www.newscj.com,Korean,South Korea,반도체,D2_품목,2026-08-12,,0,NONE,,
47bdd15c69d5b08b44b52ad71882b776,"코스피, 외인 기관 순매수세에 3% 상승...6500선 마감",https://www.betanews.net/article/view/beta202608120064,2026-08-12,www.betanews.net,Korean,South Korea,반도체,D2_품목,2026-08-12,,0,NONE,,
38ff88d8a0659c56ab4295d67b444740,美 물가 둔화·AI주 강세에 뉴욕증시 상승세…S&P500 최고치 근접,https://n.news.naver.com/mnews/article/003/0014124166?sid=104,2026-08-12,n.news.naver.com,Korean,South Korea,반도체,D2_품목,2026-08-12,,0,NONE,,
2468183ff80c0c278491faa60adf36f8,[사설]法·令 근거 없이 노동부 멋대로 정한 노봉법 쟁의 기준,https://n.news.naver.com/mnews/article/020/0003740465?sid=110,2026-08-12,n.news.naver.com,Korean,South Korea,반도체,D2_품목,2026-08-12,,0,NONE,,
f541a3d4ec604c58bec425d50a1ab719,미 7월 CPI 3.4%로 둔화…연준 9월 금리 동결 확률 58%,https://www.asiatoday.co.kr/kn/view.php?key=20260812010004327,2026-08-12,www.asiatoday.co.kr,Korean,South Korea,반도체,D2_품목,2026-08-12,,0,NONE,,
de8dcd0d2e2a77748c0258b62d5a5c59,'동전주·시총미달' 상장사 36곳 관리종목 지정···상폐 요건 강화 첫...,https://www.seoulfn.com/news/articleView.html?idxno=635546,2026-08-12,www.seoulfn.com,Korean,South Korea,반도체,D2_품목,2026-08-12,,0,NONE,,
69c7b0f72bd1d79bf92e70a5bba9bd4c,엔비디아 AI칩 러 미사일 탑재 보도…제재망 도마,https://www.tokenpost.kr/news/policy/389451,2026-08-12,www.tokenpost.kr,Korean,South Korea,반도체,D2_품목,2026-08-12,,0,NONE,,
1aaa50a28f2caa318267dc758d135cbc,[송평인 칼럼]부동산 이데올로기,https://n.news.naver.com/mnews/article/020/0003740462?sid=110,2026-08-12,n.news.naver.com,Korean,South Korea,반도체,D2_품목,2026-08-12,,0,NONE,,
f0a461acba5f58b981efd13928d12d1f,"김용범 ""오늘 돈 버는 산업의 자본, 내일 돈을 벌 산업으로 흘러야""",https://n.news.naver.com/mnews/article/374/0000527161?sid=101,2026-08-12,n.news.naver.com,Korean,South Korea,반도체,D2_품목,2026-08-12,,0,NONE,,
e71fc71f6ff156415177bb3fafc39752,"이상일 용인특례시장 ""삼성전자·SK하이닉스와 소부장 기업 함께 성장해...",http://www.newstown.co.kr/news/articleView.html?idxno=712223,2026-08-12,www.newstown.co.kr,Korean,South Korea,반도체,D2_품목,2026-08-12,,0,NONE,,
448656d484bfe8188e287f00bf6ead91,"달러-원, 뉴욕장서 1,410원 후반대 거래",https://news.einfomax.co.kr/news/articleView.html?idxno=4429856,2026-08-12,news.einfomax.co.kr,Korean,South Korea,반도체,D2_품목,2026-08-12,,0,NONE,,
c3dafb53269847298f0fcbb48d7aa617,"김용범 “AI와 반도체서 축적한 기술, 다른 산업에 투자해야”",https://n.news.naver.com/mnews/article/081/0003669893?sid=100,2026-08-12,n.news.naver.com,Korean,South Korea,반도체,D2_품목,2026-08-12,,0,NONE,,
9da41a50d9ec4bf2c991122a3fa5e695,"코스피 6,500선 탈환…반도체 '삼전닉스' 강세",https://n.news.naver.com/mnews/article/422/0000895185?sid=101,2026-08-12,n.news.naver.com,Korean,South Korea,반도체,D2_품목,2026-08-12,,0,NONE,,
29eb8e174c0cff5a3922c3e961278dc6,"5000억달러 AI 인프라 자금, 엔비디아·월가 손잡는다",https://www.tokenpost.kr/news/breaking/389437,2026-08-12,www.tokenpost.kr,Korean,South Korea,반도체,D2_품목,2026-08-12,,0,NONE,,
6b8ceb8e8cdbfca5a6a7471d250c95ce,"17일 만에 SNS 쓴 김용범 실장…""반도체, 그 다음 물어야""",https://n.news.naver.com/mnews/article/015/0005320296?sid=100,2026-08-12,n.news.naver.com,Korean,South Korea,반도체,D2_품목,2026-08-12,,0,NONE,,
6d094eb5e9b2a9f5fc21a5ea5c75d034,"김용범 “반도체 자본, 미래산업으로 흘러야…3대 메가·7SEED 연결”",https://n.news.naver.com/mnews/article/011/0004651183?sid=100,2026-08-12,n.news.naver.com,Korean,South Korea,반도체,D2_품목,2026-08-12,,0,NONE,,
d075882bd372fce6c08f49991e09fd5c,[사이언스프리즘] 어째서 더 많은 공장인가,https://n.news.naver.com/mnews/article/022/0004150583?sid=110,2026-08-12,n.news.naver.com,Korean,South Korea,반도체,D2_품목,2026-08-12,,0,NONE,,
05cbd631944cf802c6495fa43b0164aa,"'삼전닉스' 강세에 코스피 3.7% 상승...6,500선 탈환",https://n.news.naver.com/mnews/article/052/0002392546?sid=101,2026-08-12,n.news.naver.com,Korean,South Korea,반도체,D2_품목,2026-08-12,,0,NONE,,
be84d3c074938c69c7851108eadc7ea5,"김용범 “오늘 돈 번 산업 자본, 내일 돈 벌 산업으로 흘러가야”",https://n.news.naver.com/mnews/article/025/0003544013?sid=100,2026-08-12,n.news.naver.com,Korean,South Korea,반도체,D2_품목,2026-08-12,,0,NONE,,
ec51c89faba45e7b51a585388c580f3f,LG전자 12% 상승? ‘증시 고점 징크스’ 재현되나,https://n.news.naver.com/mnews/article/021/0002811051?sid=101,2026-08-12,n.news.naver.com,Korean,South Korea,반도체,D2_품목,2026-08-12,,0,NONE,,
2d1fb5fa6c76b17a30001b4e224d398a,"안성시, 중부권 광역급행철도 조기 추진 촉구…12만 시민 서명 전달",https://www.gukjenews.com/news/articleView.html?idxno=3663258,2026-08-12,www.gukjenews.com,Korean,South Korea,반도체,D2_품목,2026-08-12,,0,NONE,,
65b3847503aea4a9dc7b9a57389a979c,"7%대 오른 샌디스크·SK하이닉스, AI 메모리주 반등",https://www.tokenpost.kr/news/market/389416,2026-08-12,www.tokenpost.kr,Korean,South Korea,반도체,D2_품목,2026-08-12,,0,NONE,,
3472e1a1eaf2a92cf1af60e504ec1bc3,동전주·시총미달 36곳 관리종목 지정…상폐 기로 ‘운명의 90일’,https://n.news.naver.com/mnews/article/028/0002818284?sid=101,2026-08-12,n.news.naver.com,Korean,South Korea,반도체,D2_품목,2026-08-12,,0,NONE,,
9a331a6100908972c9cf5b01a3c848d1,"미국 증시 상승 출발, 반도체·네오클라우드 동반 강세",https://www.tokenpost.kr/news/breaking/389417,2026-08-12,www.tokenpost.kr,Korean,South Korea,반도체,D2_품목,2026-08-12,,0,NONE,,
b7df1ee70becb6ae0e91b8f26e52e12d,"'레버리지 ETF 후폭풍' 김용범, 17일 만에 침묵 깼다… SNS에 올린 글은...",https://n.news.naver.com/mnews/article/469/0000947722?sid=100,2026-08-12,n.news.naver.com,Korean,South Korea,반도체,D2_품목,2026-08-12,,0,NONE,,
c610f1b4a02bae8c182a3c8cb2e284ba,"전력·양자·우주·바이오에 승부수…정부, 미래 먹거리 '7대 씨앗' 심는...",https://www.dongponews.net/news/articleView.html?idxno=59835,2026-08-12,www.dongponews.net,Korean,South Korea,반도체,D2_품목,2026-08-12,,0,NONE,,
81cb2540ed55811f0f88484fb42637f8,[심층분석] 섬진강 띄우는 이재명 정부… 정작 댐은 ‘가뭄 심각’,https://www.mediawatch.kr/news/article.html?no=260661,2026-08-12,www.mediawatch.kr,Korean,South Korea,반도체,D2_품목,2026-08-12,,0,NONE,,
72a1fac691c7dcfdfc0aae28e7577cb7,"정석근 SK하이퍼 대표 ""AI 경쟁의 본질은 인프라 확보 전쟁""",https://www.newscj.com/news/articleView.html?idxno=3424654,2026-08-12,www.newscj.com,Korean,South Korea,반도체,D2_품목,2026-08-12,,0,NONE,,
2be7d7d60e0ebd53571b5e50564a8417,용인 반도체 국가산단 ‘동맥’ 국도 45호선 확장 본격화,https://n.news.naver.com/mnews/article/018/0006350610?sid=100,2026-08-12,n.news.naver.com,Korean,South Korea,반도체,D2_품목,2026-08-12,,0,NONE,,
3bbc321b96389f9cb6110d564d80f928,"장동혁 물갈이 예고…정은혜 ""지선 승리한만큼 임기 채울 순 있어, 연임...",https://www.natv.go.kr/natv/news/newsView.do?newsId=513946,2026-08-12,www.natv.go.kr,Korean,South Korea,반도체,D2_품목,2026-08-12,,0,NONE,,
b228303ad453f10daafe26b41579788a,"산업장관 “호남 반도체, 정부가 기업에 먼저 제안”…다른 데는?",https://n.news.naver.com/mnews/article/021/0002811048?sid=100,2026-08-12,n.news.naver.com,Korean,South Korea,반도체,D2_품목,2026-08-12,,0,NONE,,
d6bafd2bfe9592b212c2f7ea09582d60,'800조 반도체 시대' 앞둔 광산구…'미래도시' 밑그림 그린다,https://www.getnews.co.kr/news/articleView.html?idxno=877777,2026-08-12,www.getnews.co.kr,Korean,South Korea,반도체,D2_품목,2026-08-12,,0,NONE,,
a9948d52f6c2da47939dcd2247e183bd,[AI MY 뉴스] 뉴욕 반도체주 프리뷰...美 CPI 안도에 반도체주 강세,https://www.newspim.com/news/view/20260812001309,2026-08-12,www.newspim.com,Korean,South Korea,반도체,D2_품목,2026-08-12,,0,NONE,,
4c97c67531a9f238be3d655345a69b21,상폐 기준 강화에 36개 관리종목…'동전주' 무더기 지정,https://www.koreareport.co.kr/news/articleView.html?idxno=52122,2026-08-12,www.koreareport.co.kr,Korean,South Korea,반도체,D2_품목,2026-08-12,,0,NONE,,
e6fe89d97b31339780888d4a4504a2e0,"김용범 ""경쟁력 확보한 산업과 가능성 있는 기술 연결해야""",https://n.news.naver.com/mnews/article/421/0009111067?sid=100,2026-08-12,n.news.naver.com,Korean,South Korea,반도체,D2_품목,2026-08-12,,0,NONE,,
c4bcc14828ce15077dead3307b51da3a,삼성전자 아니라고?…주가 262만원 간다는 '이 회사' 정체,https://n.news.naver.com/mnews/article/015/0005320291?sid=104,2026-08-12,n.news.naver.com,Korean,South Korea,반도체,D2_품목,2026-08-12,,0,NONE,,
acc58c92deb9832838d7f38f1472a46c,삼전닉스 폭락에 아직도 멘붕?…‘돈나무 언니’는 이 3종목 줍줍 [재테...,https://n.news.naver.com/mnews/article/081/0003669891?sid=101,2026-08-12,n.news.naver.com,Korean,South Korea,반도체,D2_품목,2026-08-12,,0,NONE,,
9bf5dedf8b6bd4e2efd63d77457caf46,"노동·산업장관, 메가특구 '주52시간제 예외' 놓고 온도차(종합)",https://n.news.naver.com/mnews/article/001/0016248171?sid=100,2026-08-12,n.news.naver.com,Korean,South Korea,반도체,D2_품목,2026-08-12,,0,NONE,,
53e3e74bf533e8a9e250f7d11a6ca991,"정부, ‘20.79% 내국세 연동 폐지’ 교육교부금 개편안 이르면 내주 발표",https://n.news.naver.com/mnews/article/016/0002683134?sid=101,2026-08-12,n.news.naver.com,Korean,South Korea,반도체,D2_품목,2026-08-12,,0,NONE,,
cb0195c208d32b964f51bacb0b8a823a,"이상일 용인특례시장, 2026년 을지연습 준비 점검…통합방위태세 강화",http://www.newstown.co.kr/news/articleView.html?idxno=712213,2026-08-12,www.newstown.co.kr,Korean,South Korea,반도체,D2_품목,2026-08-12,,0,NONE,,
09eb1d85e6debf63493f05198118add7,"[시사천국] 메가특구 속도전…김한규 ""임기 내 가능"" vs 한지아 ""정치적...",https://news.cpbc.co.kr/article/1174986?division=NAVER,2026-08-12,news.cpbc.co.kr,Korean,South Korea,반도체,D2_품목,2026-08-12,,0,NONE,,
ea7b167a7cc1a04e021f245f9dac58e5,직장인 행복도 엇갈린 ‘삼전·닉스’,https://n.news.naver.com/mnews/article/022/0004150574?sid=101,2026-08-12,n.news.naver.com,Korean,South Korea,반도체,D2_품목,2026-08-12,,0,NONE,,
0ec3249f0ba14c01a31d98733538197f,"유승민, 대통령 호남 지원에 “TK 소외” 비판",https://n.news.naver.com/mnews/article/056/0012236729?sid=101,2026-08-12,n.news.naver.com,Korean,South Korea,반도체,D2_품목,2026-08-12,,0,NONE,,
9b288915cf668c5589b6bea3fc23749f,'300조' 돈폭탄 전망…삼전닉스 개미들 기대감 폭발한 까닭 [분석+],https://n.news.naver.com/mnews/article/015/0005320288?sid=101,2026-08-12,n.news.naver.com,Korean,South Korea,반도체,D2_품목,2026-08-12,,0,NONE,,
56e22789a6822085f0b09941398def6e,"[사설]전투기 교신 도청해놓고 ""취미"" 운운한 中 스파이",https://n.news.naver.com/mnews/article/417/0001155207?sid=110,2026-08-12,n.news.naver.com,Korean,South Korea,반도체,D2_품목,2026-08-12,,0,NONE,,
9de471236301bfc073954f4189497bdd,"교육교부금 ‘내국세 20.79% 연동’, 폐지로 가닥…변동폭 줄여",https://n.news.naver.com/mnews/article/028/0002818277?sid=102,2026-08-12,n.news.naver.com,Korean,South Korea,반도체,D2_품목,2026-08-12,,0,NONE,,
7a8091799773f5492b624de449cbc667,SMR·양자 등 '미래 먹거리' 씨앗 심는다,https://www.idaegu.co.kr/news/articleView.html?idxno=556624,2026-08-12,www.idaegu.co.kr,Korean,South Korea,반도체,D2_품목,2026-08-12,,0,NONE,,
899a3e84b7380b2ca2b18df2892bf300,"“60세 이상만 지원 가능, 월급은 3300만원”…‘파격 채용’ 나선 신안...",https://n.news.naver.com/mnews/article/011/0004651181?sid=102,2026-08-12,n.news.naver.com,Korean,South Korea,반도체,D2_품목,2026-08-12,,0,NONE,,
a8af682aab2f65f4c70f5d3d0a45840b,"“회사 다니기 정말 더 힘들어졌는데”…직장인 이직 줄었다, 왜?",https://n.news.naver.com/mnews/article/009/0005720319?sid=102,2026-08-12,n.news.naver.com,Korean,South Korea,반도체,D2_품목,2026-08-12,,0,NONE,,
2099038d4847699ed351b11b2171da41,"한영수 경기도의원, 용인 반도체 인재양성 해법 찾는다",https://www.kdpress.co.kr/news/articleView.html?idxno=207746,2026-08-12,www.kdpress.co.kr,Korean,South Korea,반도체,D2_품목,2026-08-12,,0,NONE,,
d920bb8a13cd46c71fcc58fb9317438a,취업자 늘었지만 청년 실업률 5년 반만에 최대 증가,https://n.news.naver.com/mnews/article/052/0002392524?sid=101,2026-08-12,n.news.naver.com,Korean,South Korea,반도체,D2_품목,2026-08-12,,0,NONE,,
bc03f67343ddfad877fc66611f140f24,"GGM, 중앙노동위 판정에 ""회사 현실 반영 안 돼""…노조와 법적 공방 예고",https://www.getnews.co.kr/news/articleView.html?idxno=877774,2026-08-12,www.getnews.co.kr,Korean,South Korea,반도체,D2_품목,2026-08-12,,0,NONE,,
6652de517640852c8bece73846bb8b05,SMR·양자컴 ‘7대 성장동력’…이 대통령 “AI 시대 다음 먹거리 미리 ...,https://n.news.naver.com/mnews/article/056/0012236650?sid=100,2026-08-12,n.news.naver.com,Korean,South Korea,반도체,D2_품목,2026-08-12,,0,NONE,,
e84e176b044adbd8c42e6f400dccbb9b,"[의회 브리핑]한영수 경기도의원 “용인 반도체 클러스터, 소부장 실무...",https://www.nspna.com/news/?mode=view&newsid=824091,2026-08-12,www.nspna.com,Korean,South Korea,반도체,D2_품목,2026-08-12,,0,NONE,,
346e74f3e96672197a8e23076d61abdf,"박관열 광주시장, 김성환 장관 만나 '광주시 중첩규제 완화' 건의",https://www.siminsori.com/news/articleView.html?idxno=401017,2026-08-12,www.siminsori.com,Korean,South Korea,반도체,D2_품목,2026-08-12,,0,NONE,,
bb98c88da63951aac1cd63e13f7b5540,한여름 밤 영일대 수놓는 춤의 향연... '제4회 환동해 댄스스포츠 페스...,https://www.getnews.co.kr/news/articleView.html?idxno=877780,2026-08-12,www.getnews.co.kr,Korean,South Korea,선사,D4_운송,2026-08-12,,0,NONE,,
801cb6287ae7a48b7936223f4ab9d9cf,"스타벅스, 청년 1천명 문화예술 후원…'별빛 라이브' 아티스트 공모",https://www.financialpost.co.kr/news/articleView.html?idxno=270203,2026-08-12,www.financialpost.co.kr,Korean,South Korea,선사,D4_운송,2026-08-12,,0,NONE,,
3546820f74a855a06bcba564eb9d4b7f,"'유퀴즈' 놀란 ""IMAX 필름, 42억에도 고집 이유? 관객에 직접 체험 선사...",http://www.joynews24.com/view/1994506,2026-08-12,www.joynews24.com,Korean,South Korea,선사,D4_운송,2026-08-12,,0,NONE,,
92c096a90522c9cf353cddabb58170e7,"‘서교수 4안타’ 키움, LG 4-3 역전승…설종진 감독 “서건창, 맹활약하...",https://m.sports.naver.com/kbaseball/article/396/0000752214,2026-08-12,m.sports.naver.com,Korean,South Korea,선사,D4_운송,2026-08-12,,0,NONE,,
94b7fbce51eb9b66da004d81bf5c7d95,"정읍시, 9월 11일 '박창근 가을밤 콘서트' 개최",http://www.jeonmin.co.kr/news/articleView.html?idxno=445117,2026-08-12,www.jeonmin.co.kr,Korean,South Korea,선사,D4_운송,2026-08-12,,0,NONE,,
0ce82b9ca2b974bd863ced277cccad87,“만회하고 싶은 마음 컸다”…‘ERA 10.38→7이닝 KKKKK 완벽투’ KT 공...,https://m.sports.naver.com/kbaseball/article/410/0001136111,2026-08-12,m.sports.naver.com,Korean,South Korea,선사,D4_운송,2026-08-12,,0,NONE,,
22c9011621c3fd816c1a877a2d306d60,익산 미륵사지…1400년 전과 현재가 겹치는 빛의 공간으로 변신,http://www.enewstoday.co.kr/news/articleView.html?idxno=2458528,2026-08-12,www.enewstoday.co.kr,Korean,South Korea,선사,D4_운송,2026-08-12,,0,NONE,,
5e522c737e533f40ebcdbb21fc4d4ed1,전통 차문화로 만나는 한여름의 칠석…문경서 차향 가득한 문화축제 열...,https://www.kyongbuk.co.kr/news/articleView.html?idxno=4081058,2026-08-12,www.kyongbuk.co.kr,Korean,South Korea,선사,D4_운송,2026-08-12,,0,NONE,,
0ed4908abdf701234b9b0c137c52d295,몰려온다! 2027 상반기 공개 예정 '애니' 7,https://www.esquirekorea.co.kr/article/1907867,2026-08-12,www.esquirekorea.co.kr,Korean,South Korea,선사,D4_운송,2026-08-12,,0,NONE,,
596a2570e98e3b40a62f1a4ccee74ab5,"'오디세이' 놀란 감독, IMAX 매진 사태에 ""일반관서도 충분, 최상의 경험...",https://m.entertain.naver.com/article/076/0004435317,2026-08-12,m.entertain.naver.com,Korean,South Korea,선사,D4_운송,2026-08-12,,0,NONE,,
e4bb9306aaa94fbb764f71541cd9d5a5,딱딱한 승차감은 잊어라! '테슬라' 모델 Y 주니퍼,https://www.esquirekorea.co.kr/article/1907858,2026-08-12,www.esquirekorea.co.kr,Korean,South Korea,선사,D4_운송,2026-08-12,,0,NONE,,
f16ff18c29da4b872562a4918cc9cd87,"YB 윤도현, '사운드플래닛페스티벌 2026' 미드나잇파티 초대... ""뮤지션·...",https://www.ggilbo.com/news/articleView.html?idxno=1175081,2026-08-12,www.ggilbo.com,Korean,South Korea,선사,D4_운송,2026-08-12,,0,NONE,,
f1eb803f8f8fdc393fae47cc8bb89c44,극한 폭염 주춤…횡성호수길 ‘가을 재촉’ [쿠키포토],https://www.kukinews.com/article/view/kuk202608120186,2026-08-12,www.kukinews.com,Korean,South Korea,선사,D4_운송,2026-08-12,,0,NONE,,
29df3454f453b2d969d65c8159457f3d,"막 올린 전주세계소리축제…‘소리의 숨결, 모아 판으로’",https://n.news.naver.com/mnews/article/056/0012236655?sid=103,2026-08-12,n.news.naver.com,Korean,South Korea,선사,D4_운송,2026-08-12,,0,NONE,,
9f793ad066024bd9faca07fc1b39b0da,"고창군 대산면 용산제, 만개한 연꽃으로 한여름 수놓아",http://www.paxetv.com/news/articleView.html?idxno=279304,2026-08-12,www.paxetv.com,Korean,South Korea,선사,D4_운송,2026-08-12,,0,NONE,,
4bfdbfb5df16099c1edd601bf6064921,울산 남구 장생포 고래문화특구서 '특별한 광복절',https://www.ulsanpress.net/news/articleView.html?idxno=580896,2026-08-12,www.ulsanpress.net,Korean,South Korea,선사,D4_운송,2026-08-12,,0,NONE,,
f5ef5abe50d93ee262b376ea21ecc93b,"[IFA 2026] '오디오 전용관' 3,660㎡ 규모로 대폭 확장… 차세대 사운드...",https://kr.aving.net/news/articleView.html?idxno=1813118,2026-08-12,kr.aving.net,Korean,South Korea,선사,D4_운송,2026-08-12,,0,NONE,,
89fca378f5f1b1ae4f530db013f44f4d,"문경 슈필라움, 한여름 음악 공연 개최",https://www.idaegu.co.kr/news/articleView.html?idxno=556605,2026-08-12,www.idaegu.co.kr,Korean,South Korea,선사,D4_운송,2026-08-12,,0,NONE,,
dff9d14393b1e3140b8e890ebfd07970,김해 고향사랑 기부 답례품 '가야 칼' 인기 상승,http://www.gnmaeil.com/news/articleView.html?idxno=592697,2026-08-12,www.gnmaeil.com,Korean,South Korea,선사,D4_운송,2026-08-12,,0,NONE,,
cc4c6ee5731fe549a9ff7493f054e358,"한국투자증권 뱅키스, '주식모으기 시즌2' 이벤트 진행 外",https://www.rcast.co.kr/news/articleView.html?idxno=31455,2026-08-12,www.rcast.co.kr,Korean,South Korea,선사,D4_운송,2026-08-12,,0,NONE,,
c326518b0602ba84984d32e29d7ab031,"정관장, 면세점 전용 건강차 세트 출시…전통 원료로 구성",https://www.gukjenews.com/news/articleView.html?idxno=3663208,2026-08-12,www.gukjenews.com,Korean,South Korea,선사,D4_운송,2026-08-12,,0,NONE,,
154d46550643e021040986bf8284cb1a,"뉴욕과 인도네시아 대표하는 정통 재즈 영라이언, 케빈 요수아 트리오 ...",https://m.entertain.naver.com/article/144/0001131485,2026-08-12,m.entertain.naver.com,Korean,South Korea,선사,D4_운송,2026-08-12,,0,NONE,,
abaf4cca7d331b4dcf179570471452f6,"대구어린이세상, 콘텐츠·협력망 강화…지역 대표 복합체험문화공간 도...",https://www.kyongbuk.co.kr/news/articleView.html?idxno=4081039,2026-08-12,www.kyongbuk.co.kr,Korean,South Korea,선사,D4_운송,2026-08-12,,0,NONE,,
dd7795b9db1f9df8c326295517cd8083,동구 대표 여름축제 '일산 문화공연' 내일 개막,http://www.ujeil.com/news/articleView.html?idxno=390312,2026-08-12,www.ujeil.com,Korean,South Korea,선사,D4_운송,2026-08-12,,0,NONE,,
171ba1426410976f3c0eb992ff6cd50d,슬도 배경의 판타지 모험극 뮤지컬 첫 선,http://www.ujeil.com/news/articleView.html?idxno=390310,2026-08-12,www.ujeil.com,Korean,South Korea,선사,D4_운송,2026-08-12,,0,NONE,,
f4f9f49dbb135d933de5cbc079692418,"박승태 작가, iM뱅크 양덕지점서 초대전 개최",https://www.ksmnews.co.kr/news/view.php?idx=617405,2026-08-12,www.ksmnews.co.kr,Korean,South Korea,선사,D4_운송,2026-08-12,,0,NONE,,
0037e9f4962e7ba48fa33ffe133cdc6d,500만 신화 잇는다…'믿보배' 등장→역대급 피날레 예고로 극장가 싹쓸...,https://m.entertain.naver.com/article/213/0001397769,2026-08-12,m.entertain.naver.com,Korean,South Korea,선사,D4_운송,2026-08-12,,0,NONE,,
664f9d9a10b44cc7183787170f2176bc,"‘덕심으로 대동단결’ 스포츠토토, 14~15일 대전서 팝업스토어 ‘플레...",https://m.sports.naver.com/general/article/382/0001287983,2026-08-12,m.sports.naver.com,Korean,South Korea,선사,D4_운송,2026-08-12,,0,NONE,,
eb634364d71a1a6ee68f846da40a116b,"마산로봇랜드, 광복절 연휴 15~17일 특별행사 진행",https://n.news.naver.com/mnews/article/003/0014124099?sid=102,2026-08-12,n.news.naver.com,Korean,South Korea,선사,D4_운송,2026-08-12,,0,NONE,,
7a745ea34800455dfa48365381eae748,'5000원'의 무서운 생존력 아성다이소,http://www.00news.co.kr/news/articleView.html?idxno=105818,2026-08-12,www.00news.co.kr,Korean,South Korea,선사,D4_운송,2026-08-12,,0,NONE,,
c718122544f792a85bbef53ad5ba5088,"[포토] 하트 보내는 벤자민, 백호 내 마음 알지?",https://m.sports.naver.com/kbaseball/article/076/0004435253,2026-08-12,m.sports.naver.com,Korean,South Korea,선사,D4_운송,2026-08-12,,0,NONE,,
4856b2bbb63d784d142a520098550a43,"대박이다! '이강인과 한국에 빠졌다'...""韓 팬들 감사합니다"" 아틀레티...",https://m.sports.naver.com/wfootball/article/117/0004094238,2026-08-12,m.sports.naver.com,Korean,South Korea,선사,D4_운송,2026-08-12,,0,NONE,,
5e3c6accbfc8d4e4a3a69e06e137844c,"2026 월드오케스트라페스티벌 찾아가는 음악회...대구콘서트하우스, '20...",https://www.cnbizm.com/news/articleView.html?idxno=311393,2026-08-12,www.cnbizm.com,Korean,South Korea,선사,D4_운송,2026-08-12,,0,NONE,,
6de0a6a6cb28e82afbb0d231404f8772,[만물상] 秋史가 20년만에 친 난초,https://n.news.naver.com/mnews/article/023/0003992639?sid=110,2026-08-12,n.news.naver.com,Korean,South Korea,선사,D4_운송,2026-08-12,,0,NONE,,
a03aebe4ac5f7539d9f9d81f87577bff,"피카츄 만나러 사직으로 오세요… 롯데 자이언츠, 포켓몬 '잉어킹 데이...",https://m.sports.naver.com/kbaseball/article/529/0000078174,2026-08-12,m.sports.naver.com,Korean,South Korea,선사,D4_운송,2026-08-12,,0,NONE,,
8f9022ef8a0eb68b110478389232cba4,"""가상자산과 오프라인 만남"" 코인원, '워터밤 속초' 브랜드 체험존 프로...",https://www.cstimes.com/news/articleView.html?idxno=716598,2026-08-12,www.cstimes.com,Korean,South Korea,선사,D4_운송,2026-08-12,,0,NONE,,
9a3dc190c565953da9bf8d44a062d4a4,산업 현장과 관광명소를 한 번에…'산업관광' 큰 호응,https://www.dynews.co.kr/news/articleView.html?idxno=861574,2026-08-12,www.dynews.co.kr,Korean,South Korea,선사,D4_운송,2026-08-12,,0,NONE,,
fb5d853fe0cd2b1f0aa126eb0b8ebacb,유네스코 자연유산 무안갯벌서 황토갯벌축제 ‘팡파르’,http://www.kjdaily.com/article.php?aid=1786531047684398008,2026-08-12,www.kjdaily.com,Korean,South Korea,선사,D4_운송,2026-08-12,,0,NONE,,
f899aa7568017b068d03929da3fd2613,"대구 찍고 대전으로! 스포츠토토, 14~15일 삼성-한화전서 팝업스토어 ‘...",https://m.sports.naver.com/general/article/468/0001259519,2026-08-12,m.sports.naver.com,Korean,South Korea,선사,D4_운송,2026-08-12,,0,NONE,,
cb8ffd33f58a6cda3c5684a51b2a949a,"보성군, ‘향교·서원 국가유산 활용 사업’ 본격 운영",http://www.kjdaily.com/article.php?aid=1786530646684390008,2026-08-12,www.kjdaily.com,Korean,South Korea,선사,D4_운송,2026-08-12,,0,NONE,,
f6f73b274b375a40ad9562c84c9fc0b3,"NEXZ(넥스지), 세상 뒤집은 ‘특급 음악 소스’ 소개",https://m.entertain.naver.com/article/144/0001131470,2026-08-12,m.entertain.naver.com,Korean,South Korea,선사,D4_운송,2026-08-12,,0,NONE,,
7da61453de9a2962911359844f012035,[에세이] 시대의 미감으로부터 도망쳐 나와,https://www.artinsight.co.kr/news/view.php?no=81999,2026-08-12,www.artinsight.co.kr,Korean,South Korea,선사,D4_운송,2026-08-12,,0,NONE,,
6a87705b1698e9e250602681189552f1,"'박상영, 송세라' 진주서 기념촬영 '찰칵'",https://www.gnnews.co.kr/news/articleView.html?idxno=643168,2026-08-12,www.gnnews.co.kr,Korean,South Korea,선사,D4_운송,2026-08-12,,0,NONE,,
60908942632b808837a08bf3c99d995d,"핑둥현, 2026 대만미식전 핑둥관 운영…남국의 맛 5만 명이 경험",https://www.gukjenews.com/news/articleView.html?idxno=3663157,2026-08-12,www.gukjenews.com,Korean,South Korea,선사,D4_운송,2026-08-12,,0,NONE,,
1308f503cc3bcb5161a57798a40bcb6d,"수원문화재단, '수원SK아트리움 하우스콘서트' 및 '수원 빛으로 물들다...",https://www.cstimes.com/news/articleView.html?idxno=716594,2026-08-12,www.cstimes.com,Korean,South Korea,선사,D4_운송,2026-08-12,,0,NONE,,
bd46bd80a7d2e01d40f44f5a48b59d9b,"[구리 소식] 구리시 꿈드림센터, 학교 밖 청소년 검정고시 합격 응원 외",http://www.enewstoday.co.kr/news/articleView.html?idxno=2458767,2026-08-12,www.enewstoday.co.kr,Korean,South Korea,선사,D4_운송,2026-08-12,,0,NONE,,
55c90476f19a26a91710434b8bcaae87,"'수박 백만장자' 임장섭, 연 매출 1000억 원 일군 비결",https://www.gukjenews.com/news/articleView.html?idxno=3663121,2026-08-12,www.gukjenews.com,Korean,South Korea,선사,D4_운송,2026-08-12,,0,NONE,,
d792733b8d4d73c7dcf9a869080b253a,‘웰컴 투 수근스쿨’ 한 학기 동안 모두 함께 준비한 ‘우리들의 학예...,https://m.entertain.naver.com/article/144/0001131467,2026-08-12,m.entertain.naver.com,Korean,South Korea,선사,D4_운송,2026-08-12,,0,NONE,,
4c2602b10292daa475b831033937f40f,"“보고 싶다고 대답해” 박지훈, 팬들 심장 저격한 앙콘 초대 멘트",https://m.entertain.naver.com/article/144/0001131465,2026-08-12,m.entertain.naver.com,Korean,South Korea,선사,D4_운송,2026-08-12,,0,NONE,,
6d0b31fb2fbb9cc15d688b5bcd2361b5,"""6만9천 임직원에 30억 보양식 선물""…통 큰 김승연 한화그룹 회장님",https://www.financialpost.co.kr/news/articleView.html?idxno=270194,2026-08-12,www.financialpost.co.kr,Korean,South Korea,선사,D4_운송,2026-08-12,,0,NONE,,
f52d427639688b6243c9af2bbcf06593,[Opinion] 어제 먹은 물고기가 왜 저기에? [전시],https://www.artinsight.co.kr/news/view.php?no=81990,2026-08-12,www.artinsight.co.kr,Korean,South Korea,선사,D4_운송,2026-08-12,,0,NONE,,
e0420dfc77749391c5f2d9d43dada8f5,"진천군, 우수 기업과 대표 명소 잇는 ‘산업관광’으로 열띤 호응",http://www.breaknews.com/1228562,2026-08-12,www.breaknews.com,Korean,South Korea,선사,D4_운송,2026-08-12,,0,NONE,,
3f8379e955f8d563bef5e976ec8fb77d,"영동군노인복지관, 어르신 삶과 기억 담은 우수 영상자서전 상영회 개최",http://www.breaknews.com/1228608,2026-08-12,www.breaknews.com,Korean,South Korea,선사,D4_운송,2026-08-12,,0,NONE,,
d2251f93869a81e6cc3ed2b046feab26,가볼 만한 경기도 실내 여행지,https://www.kihoilbo.co.kr/news/articleView.html?idxno=3031465,2026-08-12,www.kihoilbo.co.kr,Korean,South Korea,선사,D4_운송,2026-08-12,,0,NONE,,
ee3c0ab8225e6bfe10ed8b1213736242,"부안군, ‘복컴랜드 플리마켓·귀신놀이터’ 성황 개최",https://www.thepowernews.co.kr/view.php?ud=2026081219001673563dfcd109a8_7,2026-08-12,www.thepowernews.co.kr,Korean,South Korea,선사,D4_운송,2026-08-12,,0,NONE,,
58bf276c4df5d29d854f46a93aa20b77,"과거와 미래 사이, 현재라는 볕을 쬐다…'빈집의 연인들'이 건네는 위로",https://m.entertain.naver.com/article/213/0001397760,2026-08-12,m.entertain.naver.com,Korean,South Korea,선사,D4_운송,2026-08-12,,0,NONE,,
d8b078322898dd060d8f6051f3ef51a3,"신승훈, 가평 송캠프에서 작곡 몰입 근황 공개",https://www.topstarnews.net/news/articleView.html?idxno=16161877,2026-08-12,www.topstarnews.net,Korean,South Korea,선사,D4_운송,2026-08-12,,0,NONE,,
8389e33599b3e810ac5bc40427cf440b,[톡(talk)!세상] 건축가 홍만식의 ‘공중담장’,https://www.kyeongin.com/article/1768923,2026-08-12,www.kyeongin.com,Korean,South Korea,선사,D4_운송,2026-08-12,,0,NONE,,
2b8c533c2b8b37d111151fd86c6baa69,"국중박이 내놓은 한상차림…""취향따라 달라질 각자의 경험""",https://n.news.naver.com/mnews/article/003/0014124047?sid=103,2026-08-12,n.news.naver.com,Korean,South Korea,선사,D4_운송,2026-08-12,,0,NONE,,
005c8b4c7a07adfa8cd2512f94a0f955,"[패션 새소식] 디스커버리 키즈, 가을 시즌 주니어 룩 제안… 몽블랑, '...",https://sports.hankooki.com/news/articleView.html?idxno=6937933,2026-08-12,sports.hankooki.com,Korean,South Korea,선사,D4_운송,2026-08-12,,0,NONE,,
a88398cc98dada8838f3b3d940ec9f70,"김원훈, 예능부터 OTT·광고까지…거침없는 대세 행보",https://m.entertain.naver.com/article/437/0000505874,2026-08-12,m.entertain.naver.com,Korean,South Korea,선사,D4_운송,2026-08-12,,0,NONE,,
bd797977e4a3c771021718e41829e8b2,"'데뷔전 MOM→베스트11' 이한범, ""집처럼 편안해""...현지 매체도 찬사 ""...",https://m.sports.naver.com/wfootball/article/411/0000085726,2026-08-12,m.sports.naver.com,Korean,South Korea,선사,D4_운송,2026-08-12,,0,NONE,,
87abc313331ff9570a3307e28cfb1bc3,"한국조폐공사, 지역 아동·가족 84명 초청해 '행복한 가족의 날'",https://www.ccdn.co.kr/news/articleView.html?idxno=1093583,2026-08-12,www.ccdn.co.kr,Korean,South Korea,선사,D4_운송,2026-08-12,,0,NONE,,
9cd1472f058601df491e40b6cfee35e8,동화 따라 선사시대로…여름밤 '상생충BOOK 책담회',https://www.ccdn.co.kr/news/articleView.html?idxno=1093631,2026-08-12,www.ccdn.co.kr,Korean,South Korea,선사,D4_운송,2026-08-12,,0,NONE,,
ceecb994f5e673aac343638f14858cca,영동군노인복지관 '영상자서전' 우수영상 상영회,https://www.ccdn.co.kr/news/articleView.html?idxno=1093650,2026-08-12,www.ccdn.co.kr,Korean,South Korea,선사,D4_운송,2026-08-12,,0,NONE,,
166446a1a3f6bbbea8c425df6e450f47,수천 년 이어온 우리 소리의 메아리…'천년지향',https://www.ccdn.co.kr/news/articleView.html?idxno=1093622,2026-08-12,www.ccdn.co.kr,Korean,South Korea,선사,D4_운송,2026-08-12,,0,NONE,,
ac2eefc69ec1782f903e159906255c06,"[유통레이더] 롯데백화점, 서울시와 손잡고 ‘서울패션위크’ 잠실 유치...",https://n.news.naver.com/mnews/article/117/0004094202?sid=103,2026-08-12,n.news.naver.com,Korean,South Korea,선사,D4_운송,2026-08-12,,0,NONE,,
7828399d54d92b692410a62efe6b75ad,tvN 필승 공식 통했다…실력파 배우진→브로맨스 서사로 안방 1열 꽉 채...,https://m.entertain.naver.com/article/213/0001397757,2026-08-12,m.entertain.naver.com,Korean,South Korea,선사,D4_운송,2026-08-12,,0,NONE,,
1abbc8ff583e20f866ec024b2409a5ad,[칼럼] 100호(1622×1303),http://www.cctimes.kr/news/articleView.html?idxno=921599,2026-08-12,www.cctimes.kr,Korean,South Korea,선사,D4_운송,2026-08-12,,0,NONE,,
c31346cba082c00e77788ff66910b97d,"안재홍, 1000만 '왕사남' 흥행 뛰어넘을까…'강시: 공포의 워크샵' 합류...",https://m.entertain.naver.com/article/213/0001397756,2026-08-12,m.entertain.naver.com,Korean,South Korea,선사,D4_운송,2026-08-12,,0,NONE,,
3fefc530cff9f7bd58e70fcf8fdfe784,"'소리의 숨결, 모아 판으로', 전통과 현대, 지역과 세계 잇는 다양한 공...",https://sjbnews.com/news/news.php?number=885128,2026-08-12,sjbnews.com,Korean,South Korea,선사,D4_운송,2026-08-12,,0,NONE,,
4c7feefa69d5aafd60ffa21626449d48,"익산 미륵사지…1,400년 전과 현재가 겹쳐지는 공간",https://sjbnews.com/news/news.php?number=885130,2026-08-12,sjbnews.com,Korean,South Korea,선사,D4_운송,2026-08-12,,0,NONE,,
3dec636ed96a245a69f9754cfd049fa8,160kg 자폐 아들 위해 냉장고 쇠사슬…'피터팬 아버지'의 27년 사투 (유퀴...,https://m.entertain.naver.com/article/311/0002044390,2026-08-12,m.entertain.naver.com,Korean,South Korea,선사,D4_운송,2026-08-12,,0,NONE,,
1ef714cbdcdb5cab7893512cacf31ec8,"부안군, ‘복컴랜드 플리마켓&귀신놀이터’ 성황 개최",https://sjbnews.com/news/news.php?number=885078,2026-08-12,sjbnews.com,Korean,South Korea,선사,D4_운송,2026-08-12,,0,NONE,,
b9c991abd47ed56967ba14244a2f9fe8,"완주문화관광재단 복합문화지구 누에, ‘깨금발놀이터’8월 수업 재개",https://sjbnews.com/news/news.php?number=885069,2026-08-12,sjbnews.com,Korean,South Korea,선사,D4_운송,2026-08-12,,0,NONE,,
731f9d1f3e5753eb9646b9e429d83256,'서울의 봄'·'남산의 부장들' 잇는다..'암살자(들)' 하이브미디어코프...,https://m.entertain.naver.com/article/109/0005587235,2026-08-12,m.entertain.naver.com,Korean,South Korea,선사,D4_운송,2026-08-12,,0,NONE,,
98e1b2fbd6d46dcc898666670c3d5bf0,"남구, 스페인 밀레니엄 합창단 초청 음악회",http://www.jndn.com/article.php?aid=1786526483437764068,2026-08-12,www.jndn.com,Korean,South Korea,선사,D4_운송,2026-08-12,,0,NONE,,
04950fdbb2fce3d09d324613a7689e80,조선대병원 나눔소리 오케스트라 공연,http://www.jndn.com/article.php?aid=1786526458437769011,2026-08-12,www.jndn.com,Korean,South Korea,선사,D4_운송,2026-08-12,,0,NONE,,
62fb4c5ce0407320f1e8d64a39b74c58,"""지구 살리는 여름방학 보냈어요""",https://www.cctoday.co.kr/news/articleView.html?idxno=2234804,2026-08-12,www.cctoday.co.kr,Korean,South Korea,선사,D4_운송,2026-08-12,,0,NONE,,
445e05875c7e94ded871a03ccbd88473,"하츠투하츠, 12일 日 정식 데뷔…첫 싱글 '아이코닉 하트' 발매",https://m.entertain.naver.com/article/421/0009110926,2026-08-12,m.entertain.naver.com,Korean,South Korea,선사,D4_운송,2026-08-12,,0,NONE,,
c546f0d7ea8a2b24de250232e0629267,[게임뉴스] 스마일게이트 및 그라비티 소식 외,https://www.gamevu.co.kr/news/articleView.html?idxno=59982,2026-08-12,www.gamevu.co.kr,Korean,South Korea,선사,D4_운송,2026-08-12,,0,NONE,,
fc36e9c92bf81ae74a2ca55546efa95e,"‘스틸하트클럽’ 스쿨 밴드 Splayit(에스플릿), 데뷔앨범 ‘SPLAY : CHAPTE...",https://m.entertain.naver.com/article/144/0001131455,2026-08-12,m.entertain.naver.com,Korean,South Korea,선사,D4_운송,2026-08-12,,0,NONE,,
92a756be70c92128f356a0039753ef38,"""클럽에서 떼창을"" 버드와이저, '버드엑스비츠 싱어롱 파티' 연다",http://www.srtimes.kr/news/articleView.html?idxno=209871,2026-08-12,www.srtimes.kr,Korean,South Korea,선사,D4_운송,2026-08-12,,0,NONE,,
2afc5df8e20684eeadc3304d9b318588,'이순신 승전 역사' 통영 바다서 다시 만나다,http://www.gndomin.com/news/articleView.html?idxno=485236,2026-08-12,www.gndomin.com,Korean,South Korea,선사,D4_운송,2026-08-12,,0,NONE,,
4abf8dd7a00e55003e6c74ec5a185e89,"남해군, 독일 전통 브라스밴드 초청 음악회 개최",http://www.gndomin.com/news/articleView.html?idxno=485257,2026-08-12,www.gndomin.com,Korean,South Korea,선사,D4_운송,2026-08-12,,0,NONE,,
d85e5a3ff6a2639b39e3bc46070b6896,"진해군항제, 전국 1452개 축제 중 '최상위권' 선정",http://www.gndomin.com/news/articleView.html?idxno=485317,2026-08-12,www.gndomin.com,Korean,South Korea,선사,D4_운송,2026-08-12,,0,NONE,,
6689d7a4f30ff1a5f65ee548b4f12167,거제필하모닉오케스트라 제13회 정기연주회,http://www.gndomin.com/news/articleView.html?idxno=485262,2026-08-12,www.gndomin.com,Korean,South Korea,선사,D4_운송,2026-08-12,,0,NONE,,
643c34cb5415e5632765147e210c4764,한여름 밤 수놓는 관현악의 화려한 색채,https://www.namdonews.com/news/articleView.html?idxno=919870,2026-08-12,www.namdonews.com,Korean,South Korea,선사,D4_운송,2026-08-12,,0,NONE,,
443f23f6b2850b14ab76ed81b3d2fd3d,아워벌스데이의 하이틴 감성…단체 콘셉트 선물,https://m.entertain.naver.com/article/030/0003456870,2026-08-12,m.entertain.naver.com,Korean,South Korea,선사,D4_운송,2026-08-12,,0,NONE,,
5e12aedc3f7d13e7f0c3844def8a1b0a,"이창섭, 단독 콘서트로 ‘명품 보컬리스트’ 귀환 알린다",https://m.entertain.naver.com/article/144/0001131452,2026-08-12,m.entertain.naver.com,Korean,South Korea,선사,D4_운송,2026-08-12,,0,NONE,,
1fe42b007d7473b0f18ffc8d64e07c44,"안재홍 윤경호 '강시: 공포의 워크샵' 크랭크인, 막강 라인업 공개",https://www.stardailynews.co.kr/news/articleView.html?idxno=545814,2026-08-12,www.stardailynews.co.kr,Korean,South Korea,선사,D4_운송,2026-08-12,,0,NONE,,
d85324a7a4db1294d7bc35c37ca3d775,"대전시교육청 광복절 AI 영상, 공개 하루 만에 조회수 20만 돌파",http://www.breaknews.com/1228581,2026-08-12,www.breaknews.com,Korean,South Korea,선사,D4_운송,2026-08-12,,0,NONE,,
1bb617fd4c9dcd17988e4bcf5cc7c003,"[fn★신곡] 같은 파도 다른 리듬…바다, 'Love wave'로 다시 만난 여름",https://m.entertain.naver.com/article/014/0005560711,2026-08-12,m.entertain.naver.com,Korean,South Korea,선사,D4_운송,2026-08-12,,0,NONE,,
a440c407f2ef10b4d9f560347f037ec5,"""여사친과 재미도 못 누리냐""…배우 커플, ♥열애 7년차에 궤변 '충격' ...",https://m.entertain.naver.com/article/312/0000771694,2026-08-12,m.entertain.naver.com,Korean,South Korea,선사,D4_운송,2026-08-12,,0,NONE,,
09ceff7b56e6d45536bf5ad4701cf5c2,"롯데GRS, 자사앱 '롯데잇츠' 주문 결제 간소화",https://n.news.naver.com/mnews/article/018/0006350522?sid=101,2026-08-12,n.news.naver.com,Korean,South Korea,선사,D4_운송,2026-08-12,,0,NONE,,
d4f105a63ce89c5c10a4877545bf12ad,"[지식채널e] ""악인을 응징해 드립니다""",http://www.queen.co.kr/news/articleView.html?idxno=461451,2026-08-12,www.queen.co.kr,Korean,South Korea,선사,D4_운송,2026-08-12,,0,NONE,,
4d50fb46681a9ca03666ad592143cf76,"어뮤즈, 태국 방콕에 2호점 오픈…유통망 확대 본격화",http://www.apparelnews.co.kr/news/news_view/?idx=226879,2026-08-12,www.apparelnews.co.kr,Korean,South Korea,선사,D4_운송,2026-08-12,,0,NONE,,
52a32014f51af2974dd9fb4fae4678a6,"홍가, 꽃분이 잃은 구성환 지킨 의리남..'나혼산' 이후 새 소속사 찾았...",https://m.entertain.naver.com/article/109/0005587218,2026-08-12,m.entertain.naver.com,Korean,South Korea,선사,D4_운송,2026-08-12,,0,NONE,,
ba274ad04234006f2d2a13b7b095e52c,안재홍→윤경호 '강시: 공포의 워크샵' 크랭크인,https://www.maxmovie.com/news/articleView.html?idxno=501135,2026-08-12,www.maxmovie.com,Korean,South Korea,선사,D4_운송,2026-08-12,,0,NONE,,
a72760244619ad6949249d6a09943238,"롯데GRS, 자사앱 '롯데잇츠' 주문 UI·UX 전면 개편",https://n.news.naver.com/mnews/article/215/0001262149?sid=103,2026-08-12,n.news.naver.com,Korean,South Korea,선사,D4_운송,2026-08-12,,0,NONE,,
d5a240d55360bae125b33573932a4c8c,"이창섭, 10월 단독 콘서트 'Unknown' 개최…3년 연속 전석 매진 신화 이...",https://www.stardailynews.co.kr/news/articleView.html?idxno=545809,2026-08-12,www.stardailynews.co.kr,Korean,South Korea,선사,D4_운송,2026-08-12,,0,NONE,,
f275fe312d4484f60b06c1408e52938b,"'빛나는 트로트' 오유진 ""'여우야 뭐하니' 위해 9번 탈색하고 체중까지...",https://m.entertain.naver.com/article/477/0000623131,2026-08-12,m.entertain.naver.com,Korean,South Korea,선사,D4_운송,2026-08-12,,0,NONE,,
912a292c1128bb30ade614af12677f1b,나주시 “드들섬서 가족과 시원한 물놀이 즐기세요”,http://www.jndn.com/article.php?aid=1786524324437720109,2026-08-12,www.jndn.com,Korean,South Korea,선사,D4_운송,2026-08-12,,0,NONE,,
e4450d3a7c985dab0ae4d7169564912e,"강진군, 오감통 자율상권에 활력 더한다…15~16일 활성화 행사",https://www.newstnt.com/news/articleView.html?idxno=713752,2026-08-12,www.newstnt.com,Korean,South Korea,선사,D4_운송,2026-08-12,,0,NONE,,
8a4974f4d1ab74611d0e34e2e8044fb4,"제니, 아찔 시스루 입고 ♥날려…화보 촬영 비하인드 대방출",https://m.entertain.naver.com/article/144/0001131444,2026-08-12,m.entertain.naver.com,Korean,South Korea,선사,D4_운송,2026-08-12,,0,NONE,,
8153779b478ffc0892d2a38e23a04bc8,키키 ‘팝 오프 팝 오프’로 증명한 ‘키키다움’..팬심 저격 성공,https://m.entertain.naver.com/article/112/0003804236,2026-08-12,m.entertain.naver.com,Korean,South Korea,선사,D4_운송,2026-08-12,,0,NONE,,
03a14bd18a6f1528d410e14fa85b2ea1,"‘이웃집 백만장자’ 연 매출 1000억 ‘대기업 수박’ 임장섭, ‘40년 기...",https://m.entertain.naver.com/article/144/0001131443,2026-08-12,m.entertain.naver.com,Korean,South Korea,선사,D4_운송,2026-08-12,,0,NONE,,
719a62a2278888ffe94256e15c19d88d,‘갤럭시와 쇼팽의 만남’…One UI 9에 담긴 선우예권의 ‘녹턴’ 선율,https://swtvnews.com/news/newsview.php?ncode=1065597776719698,2026-08-12,swtvnews.com,Korean,South Korea,선사,D4_운송,2026-08-12,,0,NONE,,
2486356db4d678b74ed287f2bef5d8d8,"이수근, '웰컴 투 수근스쿨' 마지막 수업서 눈시울…'트로트 공주' 오유...",https://www.lecturernews.com/news/articleView.html?idxno=208355,2026-08-12,www.lecturernews.com,Korean,South Korea,선사,D4_운송,2026-08-12,,0,NONE,,
5ffae0b5f5b43fc260ff4147239e30f8,"'프로 통산 홈 100승' 도전하는 부천, 전북 상대로 대기록 정조준",https://m.sports.naver.com/kfootball/article/436/0000112341,2026-08-12,m.sports.naver.com,Korean,South Korea,선사,D4_운송,2026-08-12,,0,NONE,,
b2176fc7963bb5a90089f1530a3122f3,"부안군, '복컴랜드 플리마켓&귀신놀이터' 성황 개최",https://www.ibuan.com/news/articleView.html?idxno=56376,2026-08-12,www.ibuan.com,Korean,South Korea,선사,D4_운송,2026-08-12,,0,NONE,,
6c0a81d11d4d9e8aa4a4551a80d71ee7,"‘드로즈’ 성공 신화 라쉬반, 남성 런닝 ‘브리즈’ 출시…“입어도 입...",https://n.news.naver.com/mnews/article/144/0001131442?sid=101,2026-08-12,n.news.naver.com,Korean,South Korea,선사,D4_운송,2026-08-12,,0,NONE,,
5344a76de89af0a919fccbd91f459492,“어른이들 울었다” 호평 쏟아진 ‘사랑의 하츄핑:고래보석의 전설’...,https://m.entertain.naver.com/article/609/0001156303,2026-08-12,m.entertain.naver.com,Korean,South Korea,선사,D4_운송,2026-08-12,,0,NONE,,
1d93a3600965de7cbb9ca3212475a9ed,[게임 업데이트] 검은사막-리니지W,https://www.viva100.com/article/20260812501230,2026-08-12,www.viva100.com,Korean,South Korea,선사,D4_운송,2026-08-12,,0,NONE,,
e74974273d7b03eaa4097a74cdbd59f2,"키키, 자유분방 키키표 Y2K 감성…독보적 매력 입증",http://www.joynews24.com/view/1994447,2026-08-12,www.joynews24.com,Korean,South Korea,선사,D4_운송,2026-08-12,,0,NONE,,
c38f1087f1d22f7a7381f50442dc1993,"'인턴' 최민식 ""한소희, 명쾌하고 유쾌하고 쿨했다""",http://www.joynews24.com/view/1994441,2026-08-12,www.joynews24.com,Korean,South Korea,선사,D4_운송,2026-08-12,,0,NONE,,
9e594fc4a07be7fde466b7d38e47a239,"산업도시 진천, 관광과 만나 새로운 매력 발굴한다",https://www.bzeronews.com/news/articleView.html?idxno=821158,2026-08-12,www.bzeronews.com,Korean,South Korea,선사,D4_운송,2026-08-12,,0,NONE,,
b00097277e4a9c5249b3929c49dd09de,공연장으로 변신하는 스타벅스 매장...'별빛 라이브' 청년 아티스트 30일...,https://www.livebiz.today/news/articleView.html?idxno=204095,2026-08-12,www.livebiz.today,Korean,South Korea,선사,D4_운송,2026-08-12,,0,NONE,,
4df8ab0902ff25a72368c5a268eded41,"영주선비도서관, 2026년 특색사업 '손끝 바람, 선비 부채 만들기' 체험 ...",https://www.dkilbo.com/news/articleView.html?idxno=551237,2026-08-12,www.dkilbo.com,Korean,South Korea,선사,D4_운송,2026-08-12,,0,NONE,,
2778efb68ff46d27010b5d5f352df141,ACC '10만 전시' 누적 10편…지역 넘어 관람객 몰린다,http://www.jndn.com/article.php?aid=1786523264437713115,2026-08-12,www.jndn.com,Korean,South Korea,선사,D4_운송,2026-08-12,,0,NONE,,
a4c7bc6eb9d03d9fb7f4e0c2721c99a0,"대구어린이세상, 가족 단위 나들이 명소로 각광",https://www.dkilbo.com/news/articleView.html?idxno=551228,2026-08-12,www.dkilbo.com,Korean,South Korea,선사,D4_운송,2026-08-12,,0,NONE,,
5b9c5d76cae05b582f3ae995dce11147,"물에 빠지고, 아이스크림 녹이고… 온몸으로 폭염 전한 기자들",https://n.news.naver.com/mnews/article/127/0000039633?sid=102,2026-08-12,n.news.naver.com,Korean,South Korea,선사,D4_운송,2026-08-12,,0,NONE,,
7f9da4266f30634a61e7c86f7f6755fd,"대구어린이세상, 40년 시민 정신 이어 '지역 대표 복합체험문화공간'으...",https://news.bbsi.co.kr/news/articleView.html?idxno=4100514,2026-08-12,news.bbsi.co.kr,Korean,South Korea,선사,D4_운송,2026-08-12,,0,NONE,,
7dad588c1c0a07bfe295880986ac5cd8,고흐·모네·르누아르·세잔…인상파 거장 대표작 광주 온다,http://www.jndn.com/article.php?aid=1786523144437711115,2026-08-12,www.jndn.com,Korean,South Korea,선사,D4_운송,2026-08-12,,0,NONE,,
45b458159e76e460a68ac421b437031a,"연극 스위치, 개막 9주년 맞아 8월 한정 감사 이벤트… <어쩌다 보니> 초...",https://www.siminilbo.co.kr/news/newsview.php?ncode=1160286406982634,2026-08-12,www.siminilbo.co.kr,Korean,South Korea,선사,D4_운송,2026-08-12,,0,NONE,,
1fdb60b9646750a3103f499d66b55ec8,"앤 해서웨이와 비교될 텐데..'인턴' 한소희, 11년만 韓리메이크 어떨까...",https://m.entertain.naver.com/article/109/0005587208,2026-08-12,m.entertain.naver.com,Korean,South Korea,선사,D4_운송,2026-08-12,,0,NONE,,
c3c1b3be56ce1cf5272eb79523bc29aa,"앳하트, 리메이크 프로젝트 새 싱글 ‘3! 4!’ 콘셉트 포토 공개",https://m.entertain.naver.com/article/144/0001131434,2026-08-12,m.entertain.naver.com,Korean,South Korea,선사,D4_운송,2026-08-12,,0,NONE,,
809100e2ecfd63d2bd35cbb253a3baf1,"국립합창단, 22일 대구서 '흥겨운 합창여행' 전막 공연",https://www.kyongbuk.co.kr/news/articleView.html?idxno=4080994,2026-08-12,www.kyongbuk.co.kr,Korean,South Korea,선사,D4_운송,2026-08-12,,0,NONE,,
4d0502774d25e5b1fc0e604aab416df8,"""AI, 기술 넘어 예술로""… 제1회 대전국제AI영화제, 성황리 막 내려",https://www.joongdo.co.kr/web/view.php?key=20260726010003943,2026-08-12,www.joongdo.co.kr,Korean,South Korea,선사,D4_운송,2026-08-12,,0,NONE,,
3525f50847febaa275b96c7a04910b6d,"""가슴속 홧병, 웃음으로 뻥 뚫어드립니다""...'박성광의 화풀이쇼' 개막",https://n.news.naver.com/mnews/article/057/0001963360?sid=103,2026-08-12,n.news.naver.com,Korean,South Korea,선사,D4_운송,2026-08-12,,0,NONE,,
deb442b7d36e7863ff769770492ca064,"제베원 석매튜, 승무원으로 변신…특별한 하루(‘해봤튜’)",https://m.entertain.naver.com/article/468/0001259497,2026-08-12,m.entertain.naver.com,Korean,South Korea,선사,D4_운송,2026-08-12,,0,NONE,,
24ac19cc623a0b3796b27f7a60cdb4a0,"1억7900만원 찍었던 비트코인, 요즘 근황 봤더니…9000만원선 ‘불안한...",https://n.news.naver.com/mnews/article/022/0004150601?sid=101,2026-08-12,n.news.naver.com,Korean,South Korea,호르무즈 해협,D1_초크포인트,2026-08-12,,0,NONE,,
47a8b472348733e5e2a4b43b2c75c15e,"[월드 e-브리핑] 전 세계 청년 6,700만 명 일자리 못 구했다",https://www.obsnews.co.kr/news/articleView.html?idxno=1533854,2026-08-12,www.obsnews.co.kr,Korean,South Korea,호르무즈 해협,D1_초크포인트,2026-08-12,,0,NONE,Youth unemployment,
3225f353731392deb8edac127d9f8f2d,엑스알피(리플) 1달러 붕괴 딛고 반등! 미국 물가가 다음 방향 가른다,http://coinreaders.com/252453,2026-08-12,coinreaders.com,Korean,South Korea,호르무즈 해협,D1_초크포인트,2026-08-12,,0,NONE,Cryptocurrency price movement,
c61427c185ab8e960854ff0f69c5eca2,"금값, 4,444달러 돌파 시험대...미국 물가 발표 후 운명은?",http://coinreaders.com/252458,2026-08-12,coinreaders.com,Korean,South Korea,호르무즈 해협,D1_초크포인트,2026-08-12,,0,NONE,Gold price movement,
2047d021c337d04f382f37376d5714a7,[코인 시황] 비트코인 6만3000달러대 횡보…美 CPI 앞두고 '7만달러 돌파...,https://www.newspim.com/news/view/20260812001257,2026-08-12,www.newspim.com,Korean,South Korea,호르무즈 해협,D1_초크포인트,2026-08-12,,0,NONE,Bitcoin price movement,
916b3714495ffba920ea7e0ae9c0815f,[亞증시-종합] 日·中·臺 증시 상승…홍콩은 하락,https://news.einfomax.co.kr/news/articleView.html?idxno=4429849,2026-08-12,news.einfomax.co.kr,Korean,South Korea,호르무즈 해협,D1_초크포인트,2026-08-12,,0,NONE,Asian stock market trends,
c4bebce2491c5525d5a958bd7bc5f123,"[사설] 선 넘은 중국인 군사기밀 정탐, 원천 봉쇄해야",https://www.kyeongin.com/article/1768921,2026-08-12,www.kyeongin.com,Korean,South Korea,호르무즈 해협,D1_초크포인트,2026-08-12,,0,NONE,Chinese espionage,
638ee6b7ec84200cf1e0f556d171dc58,"미국 CPI가 비트코인 운명 가르나…65,000달러 돌파냐 60,000달러 추락이...",http://coinreaders.com/252436,2026-08-12,coinreaders.com,Korean,South Korea,호르무즈 해협,D1_초크포인트,2026-08-12,,0,NONE,Bitcoin price movement,
50727cb0e33adb39cd9e1662f3bbd2ab,[도쿄증시-마감] '골든크로스' 나타내며 상승 마감,https://news.einfomax.co.kr/news/articleView.html?idxno=4429841,2026-08-12,news.einfomax.co.kr,Korean,South Korea,호르무즈 해협,D1_초크포인트,2026-08-12,,0,NONE,Tokyo stock market,
e18c99e4e7d698c275db502535d411de,"[오늘의 ABC 뉴스룸] ""은행 빚 6.4조 폭탄 터졌다"" 사상 최악 깡통대출 ...",https://www.ajunews.com/view/20260812173347692,2026-08-12,www.ajunews.com,Korean,South Korea,호르무즈 해협,D1_초크포인트,2026-08-12,,0,NONE,Bank loan crisis,
6acd1abd6af6658aafd04da7998f6487,금값 반등과 향후 전망 : 메디컬투데이TV,https://www.mdtoday.co.kr/news/articleView.html?idxno=608267,2026-08-12,www.mdtoday.co.kr,Korean,South Korea,호르무즈 해협,D1_초크포인트,2026-08-12,,0,NONE,Gold price outlook,
92d94a13fff80f8b8419f67fad6f71d4,"""AI 시대의 핵심 자산 다 쥐었다…GS, 데이터센터 2.4GW 대도약""",https://www.newsquest.co.kr/news/articleView.html?idxno=271635,2026-08-12,www.newsquest.co.kr,Korean,South Korea,호르무즈 해협,D1_초크포인트,2026-08-12,,0,NONE,GS data center,
eb441249e7c80707088049b3f66657fc,"결국 “독재자 수순, 탄핵감 아니냐” 터진 상황…트럼프의 ‘운명시계...",https://n.news.naver.com/mnews/article/081/0003669835?sid=104,2026-08-12,n.news.naver.com,Korean,South Korea,호르무즈 해협,D1_초크포인트,2026-08-12,,0,NONE,Trump political crisis,
b70f2afd4dbd30ff3e82031516f534e4,"삼전·닉스 동반 급등에 코스피 6600선 눈앞…""패닉이 진정 국면으로""",https://www.todayeconomic.com/news/article.html?no=31696,2026-08-12,www.todayeconomic.com,Korean,South Korea,호르무즈 해협,D1_초크포인트,2026-08-12,,0,NONE,,
b19963c466b50349de87f711e3749053,"금리 인상 기대에 은행주에 몰린 매수세…닛케이, 0.83%↑ [Asia마감]",https://n.news.naver.com/mnews/article/008/0005399174?sid=101,2026-08-12,n.news.naver.com,Korean,South Korea,호르무즈 해협,D1_초크포인트,2026-08-12,,0,NONE,,
1f684c14331063d62d8c5d0cdf69bf3b,"'반도체, 살아 있네'.... 코스피, 반도체 강세에 사흘 연속 상승 마감",https://www.getnews.co.kr/news/articleView.html?idxno=877746,2026-08-12,www.getnews.co.kr,Korean,South Korea,호르무즈 해협,D1_초크포인트,2026-08-12,,0,NONE,,
6941f40fbe1c88f32491af6ae41ef647,'달러 매도 속 저가 매수'에 환율 나흘째 1410원대,https://n.news.naver.com/mnews/article/374/0000527113?sid=101,2026-08-12,n.news.naver.com,Korean,South Korea,호르무즈 해협,D1_초크포인트,2026-08-12,,0,NONE,,
3fa43c295d0933cf6080ee2f4bc20db3,[뉴욕증시 전략] CPI 앞두고 경계감…뉴욕증시 이틀 연속 숨고르기,https://n.news.naver.com/mnews/article/374/0000527111?sid=101,2026-08-12,n.news.naver.com,Korean,South Korea,호르무즈 해협,D1_초크포인트,2026-08-12,,0,NONE,,
f4664e509af2832272c765b901322ebe,"30년물 미 국채금리 5.216%, 비트코인 기회비용 높인다",https://www.tokenpost.kr/news/market/389455,2026-08-12,www.tokenpost.kr,Korean,South Korea,유가,D5_시장지표,2026-08-12,,0,NONE,,
0cf927635c78f790e5bfc28e0afcfe08,동전주 퇴출 작업 시작됐다…36개 상폐 후보,https://n.news.naver.com/mnews/article/056/0012236751?sid=101,2026-08-12,n.news.naver.com,Korean,South Korea,유가,D5_시장지표,2026-08-12,,0,NONE,,
b1ea12f584f1a6f09eafb3814d076213,미 7월 소비자물가 3.4%…9월 금리 동결 가능성 커져,https://www.insight.co.kr/news/567945,2026-08-12,www.insight.co.kr,Korean,South Korea,유가,D5_시장지표,2026-08-12,,0,NONE,,
c502bca3e8086a73106d0114bf86f402,"뉴욕증시, CPI 예상 부합에 상승 출발…나스닥 0.9%↑",https://n.news.naver.com/mnews/article/366/0001185890?sid=104,2026-08-12,n.news.naver.com,Korean,South Korea,유가,D5_시장지표,2026-08-12,,0,NONE,,
adb2ff14fa3ec37875f7a0a59b4a3a51,금·은 가격 상승…달러/엔 158.832로 하락,https://www.tokenpost.kr/news/breaking/389427,2026-08-12,www.tokenpost.kr,Korean,South Korea,유가,D5_시장지표,2026-08-12,,0,NONE,,
41d9e429439fa696a7a91b3ab71b7c15,[뉴욕개장] CPI 예상 부합에 안도…AI주 강세 속 나스닥 0.9%↑,https://n.news.naver.com/mnews/article/421/0009111092?sid=104,2026-08-12,n.news.naver.com,Korean,South Korea,유가,D5_시장지표,2026-08-12,,0,NONE,,
ccd2444e3a071f0dd795957399bfe00a,예상 부합한 물가에 미국 9월 금리인상 가능성 후퇴[뉴욕브리핑],https://news.mtn.co.kr/news-detail/2026081222400882510,2026-08-12,news.mtn.co.kr,Korean,South Korea,유가,D5_시장지표,2026-08-12,,0,NONE,,
ab5ce2fd4cf2070abeeb2327da79a6aa,동전주·시총 미달 36社 관리종목 지정,https://n.news.naver.com/mnews/article/015/0005320294?sid=101,2026-08-12,n.news.naver.com,Korean,South Korea,유가,D5_시장지표,2026-08-12,,0,NONE,,
2c7c30fe00e5b8ae0bfd62401d53af59,"美 7월 CPI 예상 부합...""9월 금리 동결 가능성 ↑""",https://www.ntoday.co.kr/news/articleView.html?idxno=128716,2026-08-12,www.ntoday.co.kr,Korean,South Korea,유가,D5_시장지표,2026-08-12,,0,NONE,,
a67729a2c12009269964c1151a75ee5d,"美 7월 CPI에 시장 안도…""금리인상 가능성 36%로 낮췄다""",https://n.news.naver.com/mnews/article/015/0005320290?sid=101,2026-08-12,n.news.naver.com,Korean,South Korea,유가,D5_시장지표,2026-08-12,,0,NONE,,
783016b278be7e233f11234e21acf096,"美 7월 물가, 예상치 부합... 기준금리 동결 전망 커져",https://n.news.naver.com/mnews/article/023/0003992644?sid=101,2026-08-12,n.news.naver.com,Korean,South Korea,유가,D5_시장지표,2026-08-12,,0,NONE,,
9641069694eb3939e4fe576dca248103,美 7월 CPI 0.1%↑…9월 금리동결 '무게',https://www.ajunews.com/view/20260812215215994,2026-08-12,www.ajunews.com,Korean,South Korea,유가,D5_시장지표,2026-08-12,,0,NONE,,
992f1b16b6e911bad3b8fe7068f8e85a,동전주·시총미달 36개 종목 첫 관리종목 지정...상폐 절차 시작,https://n.news.naver.com/mnews/article/052/0002392523?sid=101,2026-08-12,n.news.naver.com,Korean,South Korea,유가,D5_시장지표,2026-08-12,,0,NONE,,
e8ba21f05461a69aeae434bccf5e51db,"청송군, 추경안 873억 편성..지역경제 활성화 ‘총력’",http://andongmbc.co.kr/adboard/NewsView84182,2026-08-12,andongmbc.co.kr,Korean,South Korea,유가,D5_시장지표,2026-08-12,,0,NONE,,
cb7718cde59c4ef1bd31f99ec16bb547,"美 7월 소비자물가 3.4% 상승 ""예상 부합""…근원물가도 둔화",https://n.news.naver.com/mnews/article/421/0009111050?sid=104,2026-08-12,n.news.naver.com,Korean,South Korea,유가,D5_시장지표,2026-08-12,,0,NONE,,
b16d4616874aca5eb942cea339102930,[속보]유가 하락으로 7월 美 인플레 둔화 불구 물가 여전히 높은 수준,https://n.news.naver.com/mnews/article/003/0014124135?sid=104,2026-08-12,n.news.naver.com,Korean,South Korea,유가,D5_시장지표,2026-08-12,,0,NONE,,
bfea57ff9fdd1e12fcc3dc277dddaa77,"코스피, 3%대 상승에 6500선 회복...SK스퀘어, 삼성전자, 삼성전기 상승...",http://www.econonews.co.kr/news/articleView.html?idxno=442729,2026-08-12,www.econonews.co.kr,Korean,South Korea,유가,D5_시장지표,2026-08-12,,0,NONE,,
49e723e0f165124fc45a68ca71ab3b5e,"이진숙 의원, 달성군 가뭄 피해 현장 점검",https://www.idaegu.co.kr/news/articleView.html?idxno=556593,2026-08-12,www.idaegu.co.kr,Korean,South Korea,유가,D5_시장지표,2026-08-12,,0,NONE,,
6c116afafdae09204b912257d0ef9281,청송 '경제 활성화' 873억 규모 추경,https://www.idaegu.co.kr/news/articleView.html?idxno=556578,2026-08-12,www.idaegu.co.kr,Korean,South Korea,유가,D5_시장지표,2026-08-12,,0,NONE,,
55583cc1fa02bcc889005bb40972c2fe,상폐 개혁 첫 적용...시총·주가 미달 36개사 관리종목 지정,https://www.pinpointnews.co.kr/news/articleView.html?idxno=476813,2026-08-12,www.pinpointnews.co.kr,Korean,South Korea,유가,D5_시장지표,2026-08-12,,0,NONE,,
3d59ec02866b8ab97ccfa7a021d20554,단일종목 레버리지 19일부터 모의거래 의무화,https://www.idaegu.co.kr/news/articleView.html?idxno=556564,2026-08-12,www.idaegu.co.kr,Korean,South Korea,유가,D5_시장지표,2026-08-12,,0,NONE,,
f4861da62b092ec857c43c6846246496,"""대형 지주사 중 가장 저평가""…주가 2배 뛴 이유 있었다",https://n.news.naver.com/mnews/article/215/0001262182?sid=101,2026-08-12,n.news.naver.com,Korean,South Korea,유가,D5_시장지표,2026-08-12,,0,NONE,,
ca5a1c1ea21e36aa56b975354490af95,“교육 재정 미루면 안 돼… 법정전입금 본예산에 편성해야”,https://www.knnews.co.kr/news/articleView.php?idxno=1548584,2026-08-12,www.knnews.co.kr,Korean,South Korea,유가,D5_시장지표,2026-08-12,,0,NONE,,
c41ae7695b384b218b3ad5442aeb304f,"36개 종목, 13일부터 동전주·시총 미달 관리종목",https://www.tokenpost.kr/news/policy/389329,2026-08-12,www.tokenpost.kr,Korean,South Korea,유가,D5_시장지표,2026-08-12,,0,NONE,,
776f4b8bf0ff83a7b3b042cf990f2aca,비수도권 상장기업 `충청권 최다',http://www.cctimes.kr/news/articleView.html?idxno=921626,2026-08-12,www.cctimes.kr,Korean,South Korea,유가,D5_시장지표,2026-08-12,,0,NONE,,
801a7c2f2feaeff636be62d8fb60f77f,거래대금이 키운 '어닝 서프라이즈'...대신증권 상반기 순이익 165% 급증,https://www.pinpointnews.co.kr/news/articleView.html?idxno=476812,2026-08-12,www.pinpointnews.co.kr,Korean,South Korea,유가,D5_시장지표,2026-08-12,,0,NONE,,
af84321c2eab666e718db614f4964135,'동전주''시총미달'로 첫 관리종목 36곳 무더기 지정...기업 명단은?,https://www.moneystorm.kr/news/articleView.html?idxno=5660,2026-08-12,www.moneystorm.kr,Korean,South Korea,유가,D5_시장지표,2026-08-12,,0,NONE,,
fe8230b79c9acb93eed2469ff7b64402,폭염에 치솟는 물가...'히트플레이션' 비상,https://n.news.naver.com/mnews/article/661/0000081541?sid=102,2026-08-12,n.news.naver.com,Korean,South Korea,유가,D5_시장지표,2026-08-12,,0,NONE,,
41e0aabc18f767c2b2119981511f6fed,제주 전기차 보조금 신청 1시간 만에 마감,https://jejumbc.com/NewsArticle/856301,2026-08-12,jejumbc.com,Korean,South Korea,유가,D5_시장지표,2026-08-12,,0,NONE,,
71c99f9e8bfa26f2e411e86c55549bc3,"정부, ETF·ETN 투자 규제 강화… 모의거래 의무화",https://www.tokenpost.kr/news/economy/389291,2026-08-12,www.tokenpost.kr,Korean,South Korea,유가,D5_시장지표,2026-08-12,,0,NONE,,
6c1f24ed4cc229c1dd7221f59b02b235,"대신증권, 트레이딩·리테일 양날개…상반기 순익 4000억원 돌파 [금융사...",https://www.fntimes.com/html/view.php?ud=202608122036505759179ad43907_18,2026-08-12,www.fntimes.com,Korean,South Korea,유가,D5_시장지표,2026-08-12,,0,NONE,,
28f78c041eaf7dc8a33320bbb84733a4,"김중현 메리츠화재 대표, 계리적 가정 불구 신계약 증대…CSM 확대 [금융...",https://www.fntimes.com/html/view.php?ud=2026081217152428859efc5ce4ae_18,2026-08-12,www.fntimes.com,Korean,South Korea,유가,D5_시장지표,2026-08-12,,0,NONE,,
18e0eb61e69239c55c3e3eb95dd66f1b,"메리츠화재, 보험손익 주춤에도 순익 6.4%↑…투자이익이 견인(종합)",http://www.fins.co.kr/news/articleView.html?idxno=109592,2026-08-12,www.fins.co.kr,Korean,South Korea,유가,D5_시장지표,2026-08-12,,0,NONE,,
05ce7d502222f8c6a9e85c531d2dcc23,상장사 71.6%가 수도권… 울부경은 8.1% 그쳐,http://www.ujeil.com/news/articleView.html?idxno=390316,2026-08-12,www.ujeil.com,Korean,South Korea,유가,D5_시장지표,2026-08-12,,0,NONE,,
5c0821ec3f522d8257ea940d58a684ab,"상폐 현실화되나…거래소, '동전주·시가총액 미달' 36곳 관리종목 지정",https://n.news.naver.com/mnews/article/277/0005802327?sid=101,2026-08-12,n.news.naver.com,Korean,South Korea,유가,D5_시장지표,2026-08-12,,0,NONE,,
7ebf4031a46a6696fb1ef65267ae01f7,"""많이 팔았지만 남는 게 없다…CJ제일제당, 외형 성장 속 수익성 '털썩'...",https://www.newsquest.co.kr/news/articleView.html?idxno=271647,2026-08-12,www.newsquest.co.kr,Korean,South Korea,유가,D5_시장지표,2026-08-12,,0,NONE,,
37e30d99ec8e079c2987f2e26b170da9,"[공시] 코스피·코스닥 36개사, '시총·동전주' 관리종목 무더기 지정",https://www.newstnt.com/news/articleView.html?idxno=713792,2026-08-12,www.newstnt.com,Korean,South Korea,유가,D5_시장지표,2026-08-12,,0,NONE,,
bac1d5a1baa6500a28ab3f91836cb14b,충청 아파트 분양시장 3개월 연속 긍정 전망,https://www.ccdn.co.kr/news/articleView.html?idxno=1093694,2026-08-12,www.ccdn.co.kr,Korean,South Korea,유가,D5_시장지표,2026-08-12,,0,NONE,,
6f684381fcb1867d652146db4ae83120,"김동선 전 총괄, 한화호텔앤드리조트 상반기 보수 14억1000만원",https://n.news.naver.com/mnews/article/629/0000524070?sid=101,2026-08-12,n.news.naver.com,Korean,South Korea,유가,D5_시장지표,2026-08-12,,0,NONE,,
20b6cb8eed6638eceac8e0c694ca3ab8,"코스피 3.68% 급등, 3거래일 연속 상승 마감",https://www.tokenpost.kr/news/market/389242,2026-08-12,www.tokenpost.kr,Korean,South Korea,유가,D5_시장지표,2026-08-12,,0,NONE,,
4f03eb391d03aec527c1258b051d3375,단일종목 레버리지 괴리율 관리 강화....모의거래 의무화,http://www.intn.co.kr/news/articleView.html?idxno=2052525,2026-08-12,www.intn.co.kr,Korean,South Korea,유가,D5_시장지표,2026-08-12,,0,NONE,,
48d06b5ba17957c7651421c8101f7549,동전주·시총 미달 36개 관리종목 지정…강화된 상폐 기준 첫 적용,https://www.kukinews.com/article/view/kuk202608120176,2026-08-12,www.kukinews.com,Korean,South Korea,유가,D5_시장지표,2026-08-12,,0,NONE,,
ea447420b851d1d4e91a2a2ed5786c08,'동전주' 36곳 무더기 관리종목…이르면 10월 상장폐지,http://www.newsian.co.kr/news/articleView.html?idxno=93662,2026-08-12,www.newsian.co.kr,Korean,South Korea,유가,D5_시장지표,2026-08-12,,0,NONE,,
a0616013b424b9dbd91d3b5fbacfb09d,"태원물산, 관리종목 지정에 따른 매매거래정지 해제 예정",https://www.topstarnews.net/news/articleView.html?idxno=16161895,2026-08-12,www.topstarnews.net,Korean,South Korea,유가,D5_시장지표,2026-08-12,,0,NONE,,
47affaefd1165f4bff3d345525a341c6,"형지엘리트, 주가 미달로 인한 매매거래 정지 및 해제 예정 공지",https://www.topstarnews.net/news/articleView.html?idxno=16161896,2026-08-12,www.topstarnews.net,Korean,South Korea,유가,D5_시장지표,2026-08-12,,0,NONE,,
38d01f8f0fd19c80b52f7d231c09b122,"상승세 마감한 제약지수, 샤폐론은 상한가",http://www.newsmp.com/news/articleView.html?idxno=257490,2026-08-12,www.newsmp.com,Korean,South Korea,유가,D5_시장지표,2026-08-12,,0,NONE,,
6b60d19a79eabae372cec331dc07b33b,"수산인더스트리, 12일 장후 11.09% 상승",https://www.tokenpost.kr/news/market/389231,2026-08-12,www.tokenpost.kr,Korean,South Korea,유가,D5_시장지표,2026-08-12,,0,NONE,,
1d1a21700b068758f78062887f3de242,"도시바 제쳤다… SK하이닉스, 日 키옥시아 '사실상 최대주주'로",https://www.thepublic.kr/news/articleView.html?idxno=314773,2026-08-12,www.thepublic.kr,Korean,South Korea,유가,D5_시장지표,2026-08-12,,0,NONE,,
daf9c967d9bb10cfd760e664b959ef65,남발한 '현금성 복지' 경기도 재정난 불렀다,https://www.kihoilbo.co.kr/news/articleView.html?idxno=3031560,2026-08-12,www.kihoilbo.co.kr,Korean,South Korea,유가,D5_시장지표,2026-08-12,,0,NONE,,
63953a456204db264941c9d64a030686,'동전주·시총미달' 36곳 상폐 경고등,https://www.asiatoday.co.kr/kn/view.php?key=20260812010004302,2026-08-12,www.asiatoday.co.kr,Korean,South Korea,유가,D5_시장지표,2026-08-12,,0,NONE,,
f72d11d92e0c91e19b50cd6ac6a8e6c7,"산청군, 중기·소상공인 육성기금 융자 지원",https://www.gnnews.co.kr/news/articleView.html?idxno=643177,2026-08-12,www.gnnews.co.kr,Korean,South Korea,유가,D5_시장지표,2026-08-12,,0,NONE,,
b816692008e2f65683c7eba9be8bfd11,"서울시 '기후동행패스', 어떻게 신청하며 누가 얼마나 할인받나",https://weekly.hankooki.com/news/articleView.html?idxno=7178727,2026-08-12,weekly.hankooki.com,Korean,South Korea,유가,D5_시장지표,2026-08-12,,0,NONE,,
7b6a60a2b9ad6e7adfa80b4d586ffe21,"아이에스동서, 분기 매출액 5억 미만 관련 매매거래 정지",https://www.topstarnews.net/news/articleView.html?idxno=16161863,2026-08-12,www.topstarnews.net,Korean,South Korea,유가,D5_시장지표,2026-08-12,,0,NONE,,
b5c7b0564994144ab4d163983670d306,"온타이드, 주권 매매거래정지 및 해제 예고",https://www.topstarnews.net/news/articleView.html?idxno=16161862,2026-08-12,www.topstarnews.net,Korean,South Korea,유가,D5_시장지표,2026-08-12,,0,NONE,,
bb44934f785c5b65f900aab3e19999d8,"일신석재, 주가 미달로 매매거래정지…익일 해제 일정 안내",https://www.topstarnews.net/news/articleView.html?idxno=16161861,2026-08-12,www.topstarnews.net,Korean,South Korea,유가,D5_시장지표,2026-08-12,,0,NONE,,
c247f64fdd8b7ef8cb122006d1a75eb6,ETF·ETN 괴리율 관리 강화…19일부터 모의거래도 의무화,https://www.koreareport.co.kr/news/articleView.html?idxno=52116,2026-08-12,www.koreareport.co.kr,Korean,South Korea,유가,D5_시장지표,2026-08-12,,0,NONE,,
07883937b73e0e3228335f633f06f76f,"대원화성, 관리종목 지정 사유로 주권 매매거래 정지와 해제 예정",https://www.topstarnews.net/news/articleView.html?idxno=16161859,2026-08-12,www.topstarnews.net,Korean,South Korea,유가,D5_시장지표,2026-08-12,,0,NONE,,
2fd9a060473c3c36aed6e6bc755ab557,"한국전자홀딩스, 관리종목 지정 사유로 매매거래 정지 및 정지 해제 예...",https://www.topstarnews.net/news/articleView.html?idxno=16161860,2026-08-12,www.topstarnews.net,Korean,South Korea,유가,D5_시장지표,2026-08-12,,0,NONE,,
737d05186c6876a44ee72959de626f16,다올저축은행 유가증권 5배 급증…‘우회지원 수사’ 시기와 겹쳤다,https://sateconomy.co.kr/news/view/1065603262904516,2026-08-12,sateconomy.co.kr,Korean,South Korea,유가,D5_시장지표,2026-08-12,,0,NONE,,
f01a445697fa92e2ce562e43ff61e8d5,"남성, 13일장에서 매매거래 정지된다…왜?",https://www.cbci.co.kr/news/articleView.html?idxno=597724,2026-08-12,www.cbci.co.kr,Korean,South Korea,유가,D5_시장지표,2026-08-12,,0,NONE,,
25e97c22a552ab4ffaabd2f1e166e0bb,코스피·코스닥 동전주 등 30개 종목 '신규 관리종목' 지정,https://n.news.naver.com/mnews/article/214/0001517495?sid=101,2026-08-12,n.news.naver.com,Korean,South Korea,유가,D5_시장지표,2026-08-12,,0,NONE,,
f5bc36bdee51a7d2cc3eacfaf293b2ea,동전주 22곳 '관리종목' 지정 위기…90일 생존경쟁 돌입,http://www.bizwnews.com/news/articleView.html?idxno=143206,2026-08-12,www.bizwnews.com,Korean,South Korea,유가,D5_시장지표,2026-08-12,,0,NONE,,
ebe73a41bce1c8305d60cace516080be,19일부터 단일종목 레버리지 사려면…5일간 모의거래 의무화,https://n.news.naver.com/mnews/article/020/0003740435?sid=101,2026-08-12,n.news.naver.com,Korean,South Korea,유가,D5_시장지표,2026-08-12,,0,NONE,,
b0deeb647f32b168fd52c99ad42ea10d,"원풍물산, 주가 미달로 관리종목 지정사유 추가",https://www.topstarnews.net/news/articleView.html?idxno=16161847,2026-08-12,www.topstarnews.net,Korean,South Korea,유가,D5_시장지표,2026-08-12,,0,NONE,,
0f314be825890347732cbd81f4a79215,"에이에프더블류, 주가 미달로 관리종목 지정사유 추가",https://www.topstarnews.net/news/articleView.html?idxno=16161845,2026-08-12,www.topstarnews.net,Korean,South Korea,유가,D5_시장지표,2026-08-12,,0,NONE,,
b406ea3d98c5ba477c474aeb74ea3f94,"[마켓인]DB증권, 2000억 규모 회사채 발행 나서",https://n.news.naver.com/mnews/article/018/0006350560?sid=101,2026-08-12,n.news.naver.com,Korean,South Korea,유가,D5_시장지표,2026-08-12,,0,NONE,,
1d27cb56bfa6571d5c2e20d9d8bdfeba,[칼럼] 폭염보다 더 깊은 농민의 한숨,http://www.cctimes.kr/news/articleView.html?idxno=921600,2026-08-12,www.cctimes.kr,Korean,South Korea,유가,D5_시장지표,2026-08-12,,0,NONE,,
fda7721bad4e164afb3fab7f03e61ee4,"대구시의회 ""민생부터 챙긴다""…해외연수 취소·예산 전액 반납",https://n.news.naver.com/mnews/article/088/0001023370?sid=100,2026-08-12,n.news.naver.com,Korean,South Korea,유가,D5_시장지표,2026-08-12,,0,NONE,,
7aae597fe1cc7a7fccfa1e06c85c05cd,"아이스크림에듀, 주가 미달로 관리종목 지정사유 추가",https://www.topstarnews.net/news/articleView.html?idxno=16161833,2026-08-12,www.topstarnews.net,Korean,South Korea,유가,D5_시장지표,2026-08-12,,0,NONE,,
a161ecbacb938b2488dd987df2f57f81,"대신증권, 유가증권 평가익 업고 2분기 '어닝 서프라이즈'… 목표주가는...",https://www.s-journal.co.kr/news/articleView.html?idxno=42988,2026-08-12,www.s-journal.co.kr,Korean,South Korea,유가,D5_시장지표,2026-08-12,,0,NONE,,
b225627715612fc87d3c1add8e2e2166,제약동전주 줄줄이 관리종목…CMG·샤페론·노을 등 포함,https://www.medicaltimes.com/Main/News/NewsView.html?ID=1170142&ref=naverpc,2026-08-12,www.medicaltimes.com,Korean,South Korea,유가,D5_시장지표,2026-08-12,,0,NONE,,
5beded55fd387644e5175dd8428aa4ad,"외국인·명품 소비 공략 통했다…백화점 3사, 2분기 실적 '날아 올라'",http://digitalchosun.dizzo.com/site/data/html_dir/2026/08/12/2026081280073.html,2026-08-12,digitalchosun.dizzo.com,Korean,South Korea,유가,D5_시장지표,2026-08-12,,0,NONE,,
a9b54e085c9e80f856fb71187b1c85cb,"'동전주·시총 미달' 부실기업 솎기…상폐 관리종목 36곳, 대구경북 1곳",https://n.news.naver.com/mnews/article/088/0001023366?sid=101,2026-08-12,n.news.naver.com,Korean,South Korea,유가,D5_시장지표,2026-08-12,,0,NONE,,
2f4c5cea4f5a4efe2e7fb902084b861a,"“EPS 16%·BPS 19%↑”...메리츠금융지주, 상반기 최대 실적 찍었다",https://www.ekn.kr/web/view.php?key=20260812029142165,2026-08-12,www.ekn.kr,Korean,South Korea,유가,D5_시장지표,2026-08-12,,0,NONE,,
715aaa3670eb614b33f9751d6ae5aee6,"단일종목 레버리지, 초짜 개미는 '조건 3개' 갖춰야",https://n.news.naver.com/mnews/article/119/0003121181?sid=101,2026-08-12,n.news.naver.com,Korean,South Korea,유가,D5_시장지표,2026-08-12,,0,NONE,,
46cb2971ad1cc7adae410d3569f4efd7,"비케이홀딩스, 주가 미달로 관리종목 지정사유 추가",https://www.topstarnews.net/news/articleView.html?idxno=16161818,2026-08-12,www.topstarnews.net,Korean,South Korea,유가,D5_시장지표,2026-08-12,,0,NONE,,
74a387c2597cd1cdbb7e8d459dfe4ae2,19일부터 단일종목 레버리지 5일간 모의거래 의무…괴리율 관리 강화,https://n.news.naver.com/mnews/article/629/0000524056?sid=101,2026-08-12,n.news.naver.com,Korean,South Korea,유가,D5_시장지표,2026-08-12,,0,NONE,,
1fb4611852b02e749d6ab5dc9ea9feb9,동전주 상폐 기준 첫 적용…코스닥 23곳 관리종목 지정,https://www.newspim.com/news/view/20260812001246,2026-08-12,www.newspim.com,Korean,South Korea,유가,D5_시장지표,2026-08-12,,0,NONE,,
0a669e53446dace4f746b447aa4c58de,"[fn이사람] ""고유가 위기 넘은 비결? 경쟁사 몸 사릴 때 노선 늘렸죠""",https://n.news.naver.com/mnews/article/014/0005560756?sid=101,2026-08-12,n.news.naver.com,Korean,South Korea,유가,D5_시장지표,2026-08-12,,0,NONE,,
ff951c5b7cf016ae71bba7a126138126,"'동전주' 퇴출 위기…거래소, 36개 종목 관리종목 지정",https://n.news.naver.com/mnews/article/119/0003121178?sid=101,2026-08-12,n.news.naver.com,Korean,South Korea,유가,D5_시장지표,2026-08-12,,0,NONE,,
2f35a659802cfd3eeb7943fbafd8c946,벼랑끝 전북 건설업계 줄도산 우려,http://www.jjn.co.kr/news/articleView.html?idxno=1049285,2026-08-12,www.jjn.co.kr,Korean,South Korea,유가,D5_시장지표,2026-08-12,,0,NONE,,
ae37800cad3a2d8aa67ac6808b6de10e,"'악의적 체납자' 끝까지 추적…국세청, 전담팀 꾸린다",https://n.news.naver.com/mnews/article/215/0001262166?sid=101,2026-08-12,n.news.naver.com,Korean,South Korea,유가,D5_시장지표,2026-08-12,,0,NONE,,
2aa8f86e9bd9ddcde52a35f51da2896f,"경남교육청 노조 ""교육비 법정전입금 본예산에 전액 편성해야""",http://www.gndomin.com/news/articleView.html?idxno=485279,2026-08-12,www.gndomin.com,Korean,South Korea,유가,D5_시장지표,2026-08-12,,0,NONE,,
f5996399c302d73b6273f2fd41a76e21,3천만원 있어도 바로 못 산다…레버리지 ETF 요건 또 강화,https://www.kbanker.co.kr/news/articleView.html?idxno=225656,2026-08-12,www.kbanker.co.kr,Korean,South Korea,유가,D5_시장지표,2026-08-12,,0,NONE,,
fb5d73346955df60663da37754287c5f,동전주 '퇴출 시계' 돌았다…36개 종목 관리종목 무더기 지정,https://www.newsworks.co.kr/news/articleView.html?idxno=850211,2026-08-12,www.newsworks.co.kr,Korean,South Korea,유가,D5_시장지표,2026-08-12,,0,NONE,,
bc43cb5ed2581ff718a1b524703168ac,동전주·시총미달 36곳 '상폐 카운트다운'..관리종목 지정,http://www.4th.kr/news/articleView.html?idxno=2116237,2026-08-12,www.4th.kr,Korean,South Korea,유가,D5_시장지표,2026-08-12,,0,NONE,,
b3a0aa4d51d5c065ee6e0f7c7b574401,"기후동행카드 전환, 빨리 해야 이득",https://n.news.naver.com/mnews/article/014/0005560716?sid=102,2026-08-12,n.news.naver.com,Korean,South Korea,유가,D5_시장지표,2026-08-12,,0,NONE,,
777f9fbd2533be7139f8f5d66e73b3ca,19일부터 모의거래 이수해야 단일종목 레버리지 투자 가능,https://www.korea.kr/news/policyNewsView.do?newsId=148969967&call_from=naver_news,2026-08-12,www.korea.kr,Korean,South Korea,유가,D5_시장지표,2026-08-12,,0,NONE,,
2ba6aff285c2e0673cf2d03a616dbbca,"한국거래소, 동전주·시총미달 36개 관리종목 지정",https://www.m-economynews.com/news/article.html?no=69692,2026-08-12,www.m-economynews.com,Korean,South Korea,유가,D5_시장지표,2026-08-12,,0,NONE,,
46170254b5df47b824046d562f8931cc,"쏘카, 2분기 영업익 68억… ""전년比 271% 급증""",http://digitalchosun.dizzo.com/site/data/html_dir/2026/08/12/2026081280173.html,2026-08-12,digitalchosun.dizzo.com,Korean,South Korea,유가,D5_시장지표,2026-08-12,,0,NONE,,
1b3b246543332b1639369576b0cf0965,괴리율 규제 강화·모의거래 의무화…19일부터 단일종목 레버리지 규제...,https://www.ajunews.com/view/20260812180041750,2026-08-12,www.ajunews.com,Korean,South Korea,유가,D5_시장지표,2026-08-12,,0,NONE,,
ae96c93327db1bd8c9b6243fd535fb7a,"거래소, 관리종목 30곳 신규 지정…강화된 상폐 기준 첫 적용",https://www.newsway.co.kr/news/view?ud=2026081217475213704,2026-08-12,www.newsway.co.kr,Korean,South Korea,유가,D5_시장지표,2026-08-12,,0,NONE,,
acc8b161e237907c678f5698049c87f9,"[김윤섭의 Fin포인트] ""지금은 짧게 굴린다""…불확실성에 뜨는 '단기 예...",https://www.ajunews.com/view/20260812132658814,2026-08-12,www.ajunews.com,Korean,South Korea,유가,D5_시장지표,2026-08-12,,0,NONE,,
1a46c9ea9047260209534d6bd69ed94a,"AI 날개 단 GS…""만년 저평가 해소 기대""",https://n.news.naver.com/mnews/article/015/0005320198?sid=101,2026-08-12,n.news.naver.com,Korean,South Korea,유가,D5_시장지표,2026-08-12,,0,NONE,,
a340129f15407ce0b4d46d554b349458,'동전주' 등 36개 종목 관리종목 지정…상폐 기준 본격 적용,https://www.jnilbo.com/news/articleView.html?idxno=90000056434,2026-08-12,www.jnilbo.com,Korean,South Korea,유가,D5_시장지표,2026-08-12,,0,NONE,,
8e3dd3f643191aac38449e498e4efbd8,"미국, 유로 팔아 엔화 방어…일본과 10여년 만에 공동 개입",https://www.tokenpost.kr/news/breaking/389430,2026-08-12,www.tokenpost.kr,Korean,South Korea,환율,D5_시장지표,2026-08-12,,0,NONE,,
803918472360261b44686b540c510df2,"채소가격 뛰는데 가공식품 줄인상…""마트 어느 코너를 가도 다 비싸""",https://n.news.naver.com/mnews/article/448/0000633135?sid=101,2026-08-12,n.news.naver.com,Korean,South Korea,환율,D5_시장지표,2026-08-12,,0,NONE,,
af6c8ef8095624fb03dd4ee18c33cefd,"권혁웅·이경근 한화생명 대표, 손실부담계약 환입·평가처분익 확대에...",https://www.fntimes.com/html/view.php?ud=202608121838112071ed56b8e1f8_18,2026-08-12,www.fntimes.com,Korean,South Korea,환율,D5_시장지표,2026-08-12,,0,NONE,,
a1b0a2ff095da066b3ab5c36bb3256fc,"국고채 3년물 1.7bp 하락, 30년물은 상승",https://www.tokenpost.kr/news/market/389334,2026-08-12,www.tokenpost.kr,Korean,South Korea,환율,D5_시장지표,2026-08-12,,0,NONE,,
63a9a49b46bec70bc2219f27a71f071e,"[뉴스하이킥] 장예찬 ""정청래 '내가 대표되면 지지율 오른다'? 청와대엔...",https://n.news.naver.com/mnews/article/214/0001517537?sid=100,2026-08-12,n.news.naver.com,Korean,South Korea,환율,D5_시장지표,2026-08-12,,0,NONE,,
854304a666ecc3a8dcf15fe777907f03,"중국인민은행, 2조위안 공급하며 정밀 완화 이어간다",https://www.tokenpost.kr/news/policy/389314,2026-08-12,www.tokenpost.kr,Korean,South Korea,환율,D5_시장지표,2026-08-12,,0,NONE,,
90f5c3d81f7855a971b560776a9c5bfe,"<강원랜드> 싱가포르, 또다시 비카지노 투자",https://www.g1tv.co.kr/news?mid=1_207_6&newsid=347270,2026-08-12,www.g1tv.co.kr,Korean,South Korea,환율,D5_시장지표,2026-08-12,,0,NONE,,
e8e49aaeacb3814b9f8c1f774d4646dd,"1300억위안 스와프 연장, 브릭스 결제망 확장",https://www.tokenpost.kr/news/policy/389287,2026-08-12,www.tokenpost.kr,Korean,South Korea,환율,D5_시장지표,2026-08-12,,0,NONE,,
def6d137f0a83590e3962fb239a8eac0,"한국앤컴퍼니, 2분기 영업이익 1002억원…전년比 35.6% 증가",https://www.econovill.com/news/articleView.html?idxno=747830,2026-08-12,www.econovill.com,Korean,South Korea,환율,D5_시장지표,2026-08-12,,0,NONE,,
f57e740b453e2bd120d6d5ec93c7d2b8,"신한銀, GCF 첫 외환헤지 맡았다…2억달러 FX 거래",https://www.econovill.com/news/articleView.html?idxno=747836,2026-08-12,www.econovill.com,Korean,South Korea,환율,D5_시장지표,2026-08-12,,0,NONE,,
2be0db0b58f65dbd424e2f65ee01ed87,“빅맥 지수는 잊어라”…엔화 약세에 뜬 ‘카츠카레 지수’,https://n.news.naver.com/mnews/article/050/0000109594?sid=101,2026-08-12,n.news.naver.com,Korean,South Korea,환율,D5_시장지표,2026-08-12,,0,NONE,,
b1c83898705a2fd7345396d8293ac9a6,"엔씨, '쓰론 앤 리버티' 해외 서비스 직접 맡는다",https://n.news.naver.com/mnews/article/001/0016248120?sid=105,2026-08-12,n.news.naver.com,Korean,South Korea,환율,D5_시장지표,2026-08-12,,0,NONE,,
c0310ed68d452871d99be0dc9fae039e,"한국앤컴퍼니, 2분기 영업익 1002억원 '35.6%↑'…한국타이어 호조에 수...",http://www.biztribune.co.kr/news/articleView.html?idxno=357361,2026-08-12,www.biztribune.co.kr,Korean,South Korea,환율,D5_시장지표,2026-08-12,,0,NONE,,
ca56f277006cdbbab5d17c0ba474397f,[베트남 증시] 정부 주재 금융·경제 회의 기다리며 혼조세...빈그룹株가...,https://www.newspim.com/news/view/20260812001259,2026-08-12,www.newspim.com,Korean,South Korea,환율,D5_시장지표,2026-08-12,,0,NONE,,
f48e485483f8e4a5db1cd26fe25788a8,"KG에코솔루션, 2분기 영업익 517억원 '6.9%↑'…바이오·자회사 동반 성...",http://www.biztribune.co.kr/news/articleView.html?idxno=357362,2026-08-12,www.biztribune.co.kr,Korean,South Korea,환율,D5_시장지표,2026-08-12,,0,NONE,,
ccbac9a95a3778e28bcb30b0d48baff8,정치와 심리적 인버스의 함정 [똑똑! 한국사회],https://n.news.naver.com/mnews/article/028/0002818262?sid=110,2026-08-12,n.news.naver.com,Korean,South Korea,환율,D5_시장지표,2026-08-12,,0,NONE,,
a3c50eb6e59191f5205293578d697880,"與 전대 전 마지막 토론서 '배신' 난타전…金 ""대선 망쳐"" 鄭 ""盧 배신 트...",https://n.news.naver.com/mnews/article/119/0003121185?sid=100,2026-08-12,n.news.naver.com,Korean,South Korea,환율,D5_시장지표,2026-08-12,,0,NONE,,
1ece57e89e1a229d668eaf94998163fb,"한국앤컴퍼니, 매출 1.2% ↓ 영업익 35.6%↑…한국타이어 효과",https://www.autodaily.co.kr/news/articleView.html?idxno=546582,2026-08-12,www.autodaily.co.kr,Korean,South Korea,환율,D5_시장지표,2026-08-12,,0,NONE,,
a46404196593e744a36ba59e5308fad2,"일본 기준금리, 다음 달 0.25%p 인상 전망 확률 80% 육박...연내 2차례 인...",https://www.betanews.net/article/view/beta202608120059,2026-08-12,www.betanews.net,Korean,South Korea,환율,D5_시장지표,2026-08-12,,0,NONE,,
afb53ac4f4501bf4fa2a437dc7637e1e,"엔화 저평가 논란, '코코이치반야 지수'가 말하는 현실",https://www.tokenpost.kr/news/economy/389218,2026-08-12,www.tokenpost.kr,Korean,South Korea,환율,D5_시장지표,2026-08-12,,0,NONE,,
1845a621af31493f4db335b13cc9101d,"오승환, '금 1000돈'→8억 원 수준…""자식들에 다 물려줄 것"" ('남겨서 뭐...",https://m.entertain.naver.com/article/445/0000449047,2026-08-12,m.entertain.naver.com,Korean,South Korea,환율,D5_시장지표,2026-08-12,,0,NONE,,
7b58d6344a05a665faf18aff968e38d4,[채권-마감] 美 CPI 대기 속 금리 소폭 하락…30년 금리 한때 급등,https://news.einfomax.co.kr/news/articleView.html?idxno=4429847,2026-08-12,news.einfomax.co.kr,Korean,South Korea,환율,D5_시장지표,2026-08-12,,0,NONE,,
6bee9c5077fa3d65f01797bf4e91efac,"[탐방] 다시 찾아간 '메가 니케 스토어', 처음처럼 새로웠다",https://www.gameple.co.kr/news/articleView.html?idxno=216237,2026-08-12,www.gameple.co.kr,Korean,South Korea,환율,D5_시장지표,2026-08-12,,0,NONE,,
1be3f31580ff8a2fbe84741f280db7e4,"민주 당권주자, 출마 이유부터 ETF 대응까지 '3인3색'",https://www.newscj.com/news/articleView.html?idxno=3424627,2026-08-12,www.newscj.com,Korean,South Korea,환율,D5_시장지표,2026-08-12,,0,NONE,,
1a3d4baf6caa1441b160656f74e792c7,"한국전력, 상반기 영업이익 4조9127억 원… 전년비 9768억 원 감소",http://www.ttlnews.com/news/articleView.html?idxno=3133778,2026-08-12,www.ttlnews.com,Korean,South Korea,환율,D5_시장지표,2026-08-12,,0,NONE,,
b0354a17c37fd275be687921834c7fbb,"한국앤컴퍼니, 2분기 영업이익 1002억원… 전년 대비 35.6% 증가·한온시...",https://www.s-journal.co.kr/news/articleView.html?idxno=43006,2026-08-12,www.s-journal.co.kr,Korean,South Korea,환율,D5_시장지표,2026-08-12,,0,NONE,,
f439190f5cb598da729bb2eb97510648,"'호실적' 한화생명, 애큐온 품고 여신 강화…배당 재개엔 '신중모드'",https://www.newsway.co.kr/news/view?ud=2026081218063105259,2026-08-12,www.newsway.co.kr,Korean,South Korea,환율,D5_시장지표,2026-08-12,,0,NONE,,
1b8d02ef442047d957cf01451681eef9,미국·일본 통화공조 시대…뜨는 투자처 있다는데 [지정학에서 찾는 투...,https://n.news.naver.com/mnews/article/009/0005720294?sid=101,2026-08-12,n.news.naver.com,Korean,South Korea,환율,D5_시장지표,2026-08-12,,0,NONE,,
439d92ce38f70c0814a387ca06fbf7b2,"1년 FX스와프 0.40원 상승, 금리 인상 기대 반영",https://www.tokenpost.kr/news/market/389206,2026-08-12,www.tokenpost.kr,Korean,South Korea,환율,D5_시장지표,2026-08-12,,0,NONE,,
30da34960fa10a3eeb50f7a50b00926f,"위메이드맥스, 해외 매출 비중 49%로 확대…수익성 개선은 '진행형'",https://n.news.naver.com/mnews/article/293/0000088989?sid=105,2026-08-12,n.news.naver.com,Korean,South Korea,환율,D5_시장지표,2026-08-12,,0,NONE,,
54b15cb8d8f11e5c94ee79f72fe3802a,레버리지 ETF·신천지·전화방…마지막 토론까지 '난타전',http://www.newstomato.com/ReadNews.aspx?no=1310114&inflow=N,2026-08-12,www.newstomato.com,Korean,South Korea,환율,D5_시장지표,2026-08-12,,0,NONE,,
94702c66816c88af0f868d4920a5b6d3,"[매일 금리·환율 브리핑] 8월 12일, 시장금리·환율 관망세",http://www.dailypop.kr/news/articleView.html?idxno=101517,2026-08-12,www.dailypop.kr,Korean,South Korea,환율,D5_시장지표,2026-08-12,,0,NONE,,
cec7fc23f5c44d9962cae9df4286a26e,"한국앤컴퍼니, 2분기 영업익 1002억원…전년比 35.6%↑",https://n.news.naver.com/mnews/article/468/0001259507?sid=101,2026-08-12,n.news.naver.com,Korean,South Korea,환율,D5_시장지표,2026-08-12,,0,NONE,,
7b124fe1cb03ac81c70580b78babc28b,"한국앤컴퍼니, 2분기 영업익 35% 늘어",https://n.news.naver.com/mnews/article/014/0005560738?sid=101,2026-08-12,n.news.naver.com,Korean,South Korea,환율,D5_시장지표,2026-08-12,,0,NONE,,
6bfe2095de22640d146b7bce3c621e38,"일, 9월 금리인상 힘 실려...연내 2차례 인상 전망도",https://n.news.naver.com/mnews/article/052/0002392438?sid=104,2026-08-12,n.news.naver.com,Korean,South Korea,환율,D5_시장지표,2026-08-12,,0,NONE,,
3190238f6aa597f8da4cccc2505d82f9,"한국앤컴퍼니, 2분기 영업이익 35.6%↑…한국타이어 호조에 수익성 개선",https://www.ngetnews.com/news/articleView.html?idxno=552383,2026-08-12,www.ngetnews.com,Korean,South Korea,환율,D5_시장지표,2026-08-12,,0,NONE,,
00d7308587cd652383de696979b4331f,"“미뤘던 해외송금 해볼까”…환율 140원↓, 어디서 보내야 쌀까",https://www.asiatoday.co.kr/kn/view.php?key=20260810010003221,2026-08-12,www.asiatoday.co.kr,Korean,South Korea,환율,D5_시장지표,2026-08-12,,0,NONE,,
440a781344d2795c9359b20ed1d8092e,"NH투자증권, 인공지능 도입으로 하반기 경영 전략 새판짜기",https://www.tokenpost.kr/news/economy/389186,2026-08-12,www.tokenpost.kr,Korean,South Korea,환율,D5_시장지표,2026-08-12,,0,NONE,,
7ba8086febbb89a1b1cae4c5a4b87ab9,[기자의 눈] 세제개편안이 만들어지는 과정,https://n.news.naver.com/mnews/article/011/0004651133?sid=101,2026-08-12,n.news.naver.com,Korean,South Korea,환율,D5_시장지표,2026-08-12,,0,NONE,,
236bcb6a3be1043fad75b870191f81a9,"한국앤컴퍼니 2분기 영업익 1,002억원…작년 동기보다↑",https://n.news.naver.com/mnews/article/422/0000895113?sid=101,2026-08-12,n.news.naver.com,Korean,South Korea,환율,D5_시장지표,2026-08-12,,0,NONE,,
415fe432c883f1861b85de49c19967c4,[위클리오늘] 한국앤컴퍼니 2분기 영업익 1002억...전년比 35.6% 증가,http://www.weeklytoday.com/news/articleView.html?idxno=790136,2026-08-12,www.weeklytoday.com,Korean,South Korea,환율,D5_시장지표,2026-08-12,,0,NONE,,
5af1a2fcaa07f211a571e52fe47c837d,슈퍼 엔저 직격탄…日 ETF 투자자 ‘한숨’,https://n.news.naver.com/mnews/article/011/0004651120?sid=101,2026-08-12,n.news.naver.com,Korean,South Korea,환율,D5_시장지표,2026-08-12,,0,NONE,,
8fcbc2746848ff068c54660a29715748,달러당 62.18엔이 적정…돈까스 카레 지수 나왔다,https://www.tokenpost.kr/news/market/389170,2026-08-12,www.tokenpost.kr,Korean,South Korea,환율,D5_시장지표,2026-08-12,,0,NONE,,
9e65340e8598cdc4262d148206f4210a,"[Car & Now] 현대차그룹, 국립소방병원 지원·폴스타 보증 연장 프로그램...",https://www.ebn.co.kr/news/articleView.html?idxno=1720168,2026-08-12,www.ebn.co.kr,Korean,South Korea,환율,D5_시장지표,2026-08-12,,0,NONE,,
0d6205505cd9eb4667aa8978bb61da85,"하림, 2분기 영업익 173억 전년비 12.5%↓…육계 수익성 주춤",http://www.4th.kr/news/articleView.html?idxno=2116236,2026-08-12,www.4th.kr,Korean,South Korea,환율,D5_시장지표,2026-08-12,,0,NONE,,
4da4fe9e0812f4f23773233c8a977f0e,막오르는 AI 시대…'토큰' 경제가 눈을 뜬다,https://www.koit.co.kr/news/articleView.html?idxno=208454,2026-08-12,www.koit.co.kr,Korean,South Korea,환율,D5_시장지표,2026-08-12,,0,NONE,,
e052cd4789d8cd945980ecdd7b8ccecd,빅맥 대신 '돈가스 카레'…엔화 가치 측정해보니,https://n.news.naver.com/mnews/article/215/0001262144?sid=101,2026-08-12,n.news.naver.com,Korean,South Korea,환율,D5_시장지표,2026-08-12,,0,NONE,,
59b75a0674302644720f4c23e8074c3c,배터리 부진에도 한국앤컴퍼니 웃었다…2분기 영업익 36%↑,https://www.gpkorea.com/news/articleView.html?idxno=145607,2026-08-12,www.gpkorea.com,Korean,South Korea,환율,D5_시장지표,2026-08-12,,0,NONE,,
588508d93fc36d51bfe3d6c8cc3cac62,[표] 외국환율고시표,https://n.news.naver.com/mnews/article/009/0005720228?sid=101,2026-08-12,n.news.naver.com,Korean,South Korea,환율,D5_시장지표,2026-08-12,,0,NONE,,
af95c1ad4fdcb7707b8f5540c1d8d682,"삼성자산운용 '미국S&P500인덱스펀드', 순자산 1조원 돌파",https://www.financialpost.co.kr/news/articleView.html?idxno=270124,2026-08-12,www.financialpost.co.kr,Korean,South Korea,환율,D5_시장지표,2026-08-12,,0,NONE,,
8641793f4d4f9275ba01a6ef04a7820b,"""유럽 매출 18% 껑충…한국타이어앤테크놀로지, 관세 호재 업고 유럽 싹...",https://www.newsquest.co.kr/news/articleView.html?idxno=271638,2026-08-12,www.newsquest.co.kr,Korean,South Korea,환율,D5_시장지표,2026-08-12,,0,NONE,,
e269c6f8ce8bc1d8d697e87d26744528,"한국앤컴퍼니, 2분기 영업익 1002억원…한국타이어 효과에 35.6%↑",https://www.dizzotv.com/site/data/html_dir/2026/08/12/2026081280164.html,2026-08-12,www.dizzotv.com,Korean,South Korea,환율,D5_시장지표,2026-08-12,,0,NONE,,
ed5a524596a32fe1fba11c7ca2bd1a67,"유학생 생활비 보낼 때 수수료 부담 줄인다…케이뱅크, 해외송금 10회 무...",https://www.e-science.co.kr/news/articleView.html?idxno=133447,2026-08-12,www.e-science.co.kr,Korean,South Korea,환율,D5_시장지표,2026-08-12,,0,NONE,,
7eb7fed05ec77ab0a6fe04fe00a9a59c,"김민석, 鄭에 “이재용·최태원 만나봤나”…정청래 “총수 자주 만나 ...",https://n.news.naver.com/mnews/article/011/0004651092?sid=100,2026-08-12,n.news.naver.com,Korean,South Korea,환율,D5_시장지표,2026-08-12,,0,NONE,,
6fc8ba9a39032a4f3548489cea76d46c,"""구호물품 넘어 상처 입은 마음까지""…불교계, 베네수엘라 강진 현장 보...",http://www.ibulgyo.com/news/articleView.html?idxno=441113,2026-08-12,www.ibulgyo.com,Korean,South Korea,환율,D5_시장지표,2026-08-12,,0,NONE,,
641890e4e4941097c864927a687c6dff,"한국앤컴퍼니, 2분기 영업익 1002억 원…전년비 35.6% 증가",https://www.newsmap.co.kr/news/articleView.html?idxno=2214,2026-08-12,www.newsmap.co.kr,Korean,South Korea,환율,D5_시장지표,2026-08-12,,0,NONE,,
d53157f4cdae1be37083f5b59c64cb22,수익성 살아난 롯데… 신동빈의 다음 승부는 '성장',https://www.pressman.kr/news/articleView.html?idxno=103100,2026-08-12,www.pressman.kr,Korean,South Korea,환율,D5_시장지표,2026-08-12,,0,NONE,,
8f144f15204cce4385404bdd0b4c3bb0,"""고부가가치 제품 판매 확대""…한국앤컴퍼니, 2분기 영업이익 전년비 3...",https://www.goodkyung.com/news/articleView.html?idxno=290215,2026-08-12,www.goodkyung.com,Korean,South Korea,환율,D5_시장지표,2026-08-12,,0,NONE,,
b626f20334af92e55691156a7271783e,한국앤컴퍼니 2분기 영업이익 35.6% 증가···타이어 호조 효과,https://www.seoulfn.com/news/articleView.html?idxno=635500,2026-08-12,www.seoulfn.com,Korean,South Korea,환율,D5_시장지표,2026-08-12,,0,NONE,,
e6bd8aefb0a806d212b9fa33e7177849,김민석 “레버리지 ETF 국민께 죄송. 여당 정치공세 부적절”,https://www.viewsnnews.com/article?q=237865,2026-08-12,www.viewsnnews.com,Korean,South Korea,환율,D5_시장지표,2026-08-12,,0,NONE,,
e06741db038b1614cba2792946f7ba53,레버리지ETF 책임 공방…鄭 “책임 회피” 金 “과도한 공세”,https://n.news.naver.com/mnews/article/016/0002683064?sid=100,2026-08-12,n.news.naver.com,Korean,South Korea,환율,D5_시장지표,2026-08-12,,0,NONE,,
efaa0d295f024d8582000efa79d11cbf,[업앤다운]보험 업종 희비 갈려…미래에셋생명↑·에이플러스에셋↓,https://www.nspna.com/news/?mode=view&newsid=824104,2026-08-12,www.nspna.com,Korean,South Korea,코스피,D5_시장지표,2026-08-12,,0,NONE,,
2a7ddff3666d2dfdb04e119eda7212e9,국장 주춤하자 다시 미장으로…유인책에도 ‘싸늘’,https://n.news.naver.com/mnews/article/056/0012236752?sid=101,2026-08-12,n.news.naver.com,Korean,South Korea,코스피,D5_시장지표,2026-08-12,,0,NONE,,
6ae50a773fa72723faa6f19a38ffdec4,'동전주·시총미달' 36곳 첫 관리종목…상폐 경고등,https://n.news.naver.com/mnews/article/422/0000895187?sid=101,2026-08-12,n.news.naver.com,Korean,South Korea,코스피,D5_시장지표,2026-08-12,,0,NONE,,
da13ad713cd9dc2d10a572b590f37168,'동전주·시총 미달' 36개 관리종목 지정,https://www.obsnews.co.kr/news/articleView.html?idxno=1533869,2026-08-12,www.obsnews.co.kr,Korean,South Korea,코스피,D5_시장지표,2026-08-12,,0,NONE,,
50d2c46ff9ca99a3ba5695e93acdbdd0,[상한가 종목] 금호건설-금호전기 이어 엠에스로보틱스-남화토건 등 마...,http://www.econonews.co.kr/news/articleView.html?idxno=442724,2026-08-12,www.econonews.co.kr,Korean,South Korea,코스피,D5_시장지표,2026-08-12,,0,NONE,,
1847b25113db5a2987961d61fb7cae79,“100~200% 수익 나도 더 욕심 내니까”…개미 대부분이 실패하는 이유,https://n.news.naver.com/mnews/article/009/0005720318?sid=102,2026-08-12,n.news.naver.com,Korean,South Korea,코스피,D5_시장지표,2026-08-12,,0,NONE,,
1f70c07025555205d93caf2de3b7fae7,SK하이닉스 ADR 이틀째 급등…싱가포르 국부펀드 투자 계획설,https://news.einfomax.co.kr/news/articleView.html?idxno=4429852,2026-08-12,news.einfomax.co.kr,Korean,South Korea,코스피,D5_시장지표,2026-08-12,,0,NONE,,
7c5618a78649c4fbb7c7980d738b8b1f,[사설] '동전주' 퇴출이 증시 정상화 첫걸음,https://n.news.naver.com/mnews/article/030/0003456884?sid=101,2026-08-12,n.news.naver.com,Korean,South Korea,코스피,D5_시장지표,2026-08-12,,0,NONE,,
4560e056ada8c50bd0374965dab10475,"‘동전주·시총 미달’ 36개 종목, 이르면 10월 퇴출",https://n.news.naver.com/mnews/article/032/0003463896?sid=101,2026-08-12,n.news.naver.com,Korean,South Korea,코스피,D5_시장지표,2026-08-12,,0,NONE,,
4eb499d20b8de476d25707c8d0e80ee1,"상장기업 70%, 수도권에 본사…지방 이전 인센티브 효과 ‘미미’",https://n.news.naver.com/mnews/article/032/0003463899?sid=101,2026-08-12,n.news.naver.com,Korean,South Korea,코스피,D5_시장지표,2026-08-12,,0,NONE,,
8cfbb704fd4b33554b7cb170ce58500b,"거래소 '동전주·시총 미달' 36곳 관리종목 지정, 90일 내 회복 못 하면...",https://www.businesspost.co.kr/BP?command=article_view&num=444623,2026-08-12,www.businesspost.co.kr,Korean,South Korea,코스피,D5_시장지표,2026-08-12,,0,NONE,,
873b993773ff73e9f44f63879d71263a,1000원 못 넘은 동전주...오늘 종가로 퇴출 절차 본격화,https://www.wolyo.co.kr/news/articleView.html?idxno=316378,2026-08-12,www.wolyo.co.kr,Korean,South Korea,코스피,D5_시장지표,2026-08-12,,0,NONE,,
3a36d1998ea9ee98c1951d2ea21d62e1,동전주·시총 미달 36곳에 ‘상폐 경고장’…‘1000원 미만=부실’ 논란,https://n.news.naver.com/mnews/article/081/0003669881?sid=101,2026-08-12,n.news.naver.com,Korean,South Korea,코스피,D5_시장지표,2026-08-12,,0,NONE,,
9d11745aa9002b4ba66202c55389ee9d,미래에셋증권 2분기 순익 1.9조…신한 잡고 KB금융만 남았다,https://n.news.naver.com/mnews/article/081/0003669879?sid=101,2026-08-12,n.news.naver.com,Korean,South Korea,코스피,D5_시장지표,2026-08-12,,0,NONE,,
8a2fd6b27f4c9464d3f7c5be12043412,"형지엘리트 403원, 13일부터 관리종목 지정",https://www.tokenpost.kr/news/market/389240,2026-08-12,www.tokenpost.kr,Korean,South Korea,코스피,D5_시장지표,2026-08-12,,0,NONE,,
edeceef499e6ecd78c5347d605f66932,동전주·시총 미달 36곳 관리종목…코스닥 상폐 요건 강화 본격화,https://www.asiatime.co.kr/article/20260812500415,2026-08-12,www.asiatime.co.kr,Korean,South Korea,코스피,D5_시장지표,2026-08-12,,0,NONE,,
a482f7651271dda011df3b98f214bf82,'동전주·시총 미달' 36개 관리종목 지정…새 기준 첫 적용,https://www.shinailbo.co.kr/news/articleView.html?idxno=5050859,2026-08-12,www.shinailbo.co.kr,Korean,South Korea,코스피,D5_시장지표,2026-08-12,,0,NONE,,
16b7c2f54f6691f0eeb220ae877ce33a,"상폐 카운트다운…동전주·시총 미달 36곳, 무더기 '관리종목' 지정",https://n.news.naver.com/mnews/article/586/0000135823?sid=101,2026-08-12,n.news.naver.com,Korean,South Korea,코스피,D5_시장지표,2026-08-12,,0,NONE,,
18ac151ab8074d507cbab20d5c0d8726,대형 증권사 2분기 순익 4.5조 '사상 최대'…미래에셋 홀로 42%,https://www.womentimes.co.kr/news/articleView.html?idxno=105224,2026-08-12,www.womentimes.co.kr,Korean,South Korea,코스피,D5_시장지표,2026-08-12,,0,NONE,,
9b909758b8ddba3435d87cdcb2a975bf,"‘동전주 퇴출’ 시작됐다…상장사 36곳 관리종목, 상장폐지 카운트다운",https://n.news.naver.com/mnews/article/032/0003463860?sid=101,2026-08-12,n.news.naver.com,Korean,South Korea,코스피,D5_시장지표,2026-08-12,,0,NONE,,
a0937b8a378fe79e00627e382c4a8b93,동전주·시총미달 상장폐지 문 열렸다…36개 첫 관리종목 지정,https://n.news.naver.com/mnews/article/025/0003543993?sid=101,2026-08-12,n.news.naver.com,Korean,South Korea,코스피,D5_시장지표,2026-08-12,,0,NONE,,
76da8b573c06f23130b852690c0995fc,"상장사 수도권 쏠림 더 심해졌다…대구·경북, 10년 새 5.5%→4.8%",https://www.kyongbuk.co.kr/news/articleView.html?idxno=4081011,2026-08-12,www.kyongbuk.co.kr,Korean,South Korea,코스피,D5_시장지표,2026-08-12,,0,NONE,,
ac56cfe0a807850487b5ee396e7a4372,상폐 카운트다운…'동전주·시총 미달' 경고장 받은 36곳 어디?,https://n.news.naver.com/mnews/article/629/0000524062?sid=101,2026-08-12,n.news.naver.com,Korean,South Korea,코스피,D5_시장지표,2026-08-12,,0,NONE,,
9031113935c71fff70422a079342a186,코스피·코스닥 36개 관리종목 지정…90거래일 '상폐' 갈림길,https://n.news.naver.com/mnews/article/079/0004178178?sid=101,2026-08-12,n.news.naver.com,Korean,South Korea,코스피,D5_시장지표,2026-08-12,,0,NONE,Stock delisting,
1e58595ccb4f7d7f0ae1b2176f833111,[사설] 상장사 수도권 집중 심화 구조적 대책 필요하다,https://www.ggilbo.com/news/articleView.html?idxno=1175182,2026-08-12,www.ggilbo.com,Korean,South Korea,코스피,D5_시장지표,2026-08-12,,0,NONE,Corporate concentration,
22a15ee20088c2c5d72a120df472850f,"국내 증시 두 달째 조정, 투자자예탁금 100조원 아래로",https://www.tokenpost.kr/news/market/389215,2026-08-12,www.tokenpost.kr,Korean,South Korea,코스피,D5_시장지표,2026-08-12,,0,NONE,Market adjustment,
07c2968cc9dde309731cf5733f5294d6,"미래에셋증권, 2분기 순익 1.9조…5대 은행 모두 제쳤다",https://n.news.naver.com/mnews/article/020/0003740432?sid=101,2026-08-12,n.news.naver.com,Korean,South Korea,코스피,D5_시장지표,2026-08-12,,0,NONE,Financial earnings,
379b0a3b078ce85238157ae6a596ef0e,"'동전주·시총미달' 36곳, 관리종목 지정···코스닥 27곳 달해",http://www.enewstoday.co.kr/news/articleView.html?idxno=2458814,2026-08-12,www.enewstoday.co.kr,Korean,South Korea,코스피,D5_시장지표,2026-08-12,,0,NONE,Stock delisting,
5c1f6ec5906528c89a14a32c07e77ca8,"""개미 실탄 떨어졌나"" 예탁금 100조 붕괴…빚투는 다시 30조",https://n.news.naver.com/mnews/article/421/0009110945?sid=101,2026-08-12,n.news.naver.com,Korean,South Korea,코스피,D5_시장지표,2026-08-12,,0,NONE,Retail investment,
0b8556cfdf813b6772868b8f57211979,[단독] 코스닥 거래소가 공인한 우량기업이 상폐 대상?,https://n.news.naver.com/mnews/article/022/0004150519?sid=101,2026-08-12,n.news.naver.com,Korean,South Korea,코스피,D5_시장지표,2026-08-12,,0,NONE,Stock delisting,
1cd1598e8f9723f4834dfb975bca2af8,‘동전주·시총미달’ 36개 무더기 관리종목 지정,https://n.news.naver.com/mnews/article/014/0005560807?sid=101,2026-08-12,n.news.naver.com,Korean,South Korea,코스피,D5_시장지표,2026-08-12,,0,NONE,Stock delisting,
0befc5ce854e2b82bedbaadd4b5e31c6,"주가·시총 미달 36곳 상폐 '경고등'…거래소, 관리종목 지정",https://n.news.naver.com/mnews/article/215/0001262172?sid=101,2026-08-12,n.news.naver.com,Korean,South Korea,코스피,D5_시장지표,2026-08-12,,0,NONE,Stock delisting,
67338da480dc03454d0d80a53baa5e70,"""반등하자 다시 빚투""…신용융자 30조원 재돌파",https://www.thepublic.kr/news/articleView.html?idxno=314765,2026-08-12,www.thepublic.kr,Korean,South Korea,코스피,D5_시장지표,2026-08-12,,0,NONE,Retail investment,
16efeb7f6432c641737bbee0364bbdd5,‘동전주-시총미달’ 36곳 상폐 경고등…관리종목 지정,https://n.news.naver.com/mnews/article/020/0003740428?sid=101,2026-08-12,n.news.naver.com,Korean,South Korea,코스피,D5_시장지표,2026-08-12,,0,NONE,Stock delisting,
8922ee18e8ff20d5dfe419c0d8e7760a,"미래에셋, 은행 제치고 순익 1위...투자수익, 이자 넘었다",https://n.news.naver.com/mnews/article/215/0001262168?sid=101,2026-08-12,n.news.naver.com,Korean,South Korea,코스피,D5_시장지표,2026-08-12,,0,NONE,Financial earnings,
dc26e604bc8571856575b960de94966a,상폐 경고등…‘동전주·시총미달’ 36개 첫 관리종목 지정,https://n.news.naver.com/mnews/article/005/0001866506?sid=101,2026-08-12,n.news.naver.com,Korean,South Korea,코스피,D5_시장지표,2026-08-12,,0,NONE,Stock delisting,
82954e3be39b90eaa5e8859219d95af3,동전주·시총 미달…무더기 관리종목 지정,https://n.news.naver.com/mnews/article/374/0000527136?sid=101,2026-08-12,n.news.naver.com,Korean,South Korea,코스피,D5_시장지표,2026-08-12,,0,NONE,Stock delisting,
442c2780c30c618c9d2c5a51afe12ca9,"거래소, '동전주·시총미달' 무더기 관리종목 지정...36개 종목 퇴출 위...",http://www.metroseoul.co.kr/article/20260812500484,2026-08-12,www.metroseoul.co.kr,Korean,South Korea,코스피,D5_시장지표,2026-08-12,,0,NONE,Stock delisting,
70765db4a686d8c7685da801e8c7d59b,주가·시총 미달 30곳 상폐 사정권…13일부터 관리종목 지정,https://n.news.naver.com/mnews/article/011/0004651132?sid=101,2026-08-12,n.news.naver.com,Korean,South Korea,코스피,D5_시장지표,2026-08-12,,0,NONE,Stock delisting,
d98cafbb7d91a7e6d67c8d057bcfca35,국장 탈출하는 개미들...투자자예탁금 반년 만에 100조 아래로,https://n.news.naver.com/mnews/article/029/0003042120?sid=101,2026-08-12,n.news.naver.com,Korean,South Korea,코스피,D5_시장지표,2026-08-12,,0,NONE,Retail investment,
919cd6b6ace88e9f2c335598fd39d5ca,대표 복귀한 최현수 회장… 깨끗한나라의 당면과제는?,https://www.sisaweek.com/news/articleView.html?idxno=237264,2026-08-12,www.sisaweek.com,Korean,South Korea,코스피,D5_시장지표,2026-08-12,,0,NONE,Corporate management,
3c21e076c17e1217e72fc53cf31be470,"포모 끝, ‘줍줍’만 남았다…개미들 급락엔 사고 급등엔 판다",https://www.etoday.co.kr/news/view/2613830,2026-08-12,www.etoday.co.kr,Korean,South Korea,코스피,D5_시장지표,2026-08-12,,0,NONE,Market sentiment,
80ec5e31fdf816edcabb006a21e28028,리테일에 발목잡힌 키움…증권주 중 목표가 하락폭 '최대',https://www.asiatoday.co.kr/kn/view.php?key=20260812010004164,2026-08-12,www.asiatoday.co.kr,Korean,South Korea,코스피,D5_시장지표,2026-08-12,,0,NONE,,
adbaa3325e0e8b6ae30c49023621493f,최근 10년간 신규 상장 기업 75.4% 수도권에 본사,https://n.news.naver.com/mnews/article/082/0001393665?sid=101,2026-08-12,n.news.naver.com,Korean,South Korea,코스피,D5_시장지표,2026-08-12,,0,NONE,,
1f0695d785b2fa0b3bdca758ec01e87e,예탁금 100조원선 붕괴…개미 '실탄' 마르는데 빚투는 늘었다,https://n.news.naver.com/mnews/article/119/0003121171?sid=101,2026-08-12,n.news.naver.com,Korean,South Korea,코스피,D5_시장지표,2026-08-12,,0,NONE,,
870656ea571fd1295a414b4582598906,과속 증시에 급제동 거는 안전장치 [손바닥 경제],https://n.news.naver.com/mnews/article/082/0001393664?sid=101,2026-08-12,n.news.naver.com,Korean,South Korea,코스피,D5_시장지표,2026-08-12,,0,NONE,,
92d6e146425fd6658e56ff84b0eb4762,'좀비기업' 36곳 무더기 관리종목행… 90거래일 상폐 카운트다운,https://n.news.naver.com/mnews/article/469/0000947683?sid=101,2026-08-12,n.news.naver.com,Korean,South Korea,코스피,D5_시장지표,2026-08-12,,0,NONE,,
5b8f2f8a9af276ce1e9d4378a3af91f5,"증시 호황에 이익 '쑥'… 10대 증권사, 반기 순익 10조 작년 2배",https://it.chosun.com/news/articleView.html?idxno=2023092168019,2026-08-12,it.chosun.com,Korean,South Korea,코스피,D5_시장지표,2026-08-12,,0,NONE,,
daa3e8f8c72c8195bc256cb56023460f,"투자자예탁금 97조9289억원, 6개월 만에 100조원 하회",https://www.tokenpost.kr/news/market/389167,2026-08-12,www.tokenpost.kr,Korean,South Korea,코스피,D5_시장지표,2026-08-12,,0,NONE,,
cb273ae5aa6ffa4cb0e0c45dc6ebf6e6,1000원·시총 문턱 못 넘었다…'상폐' 기로에 선 30개 종목은?,https://n.news.naver.com/mnews/article/008/0005399228?sid=101,2026-08-12,n.news.naver.com,Korean,South Korea,코스피,D5_시장지표,2026-08-12,,0,NONE,,
7bba474000c152059ba3f831bce0a30a,국내증시 거래금액 두달새 반토막 … 하반기 증권사 실적둔화 우려도,https://n.news.naver.com/mnews/article/009/0005720267?sid=101,2026-08-12,n.news.naver.com,Korean,South Korea,코스피,D5_시장지표,2026-08-12,,0,NONE,,
5291d9b0bae54603e6ea68e5388657fe,작년 18% 수익률 거둔 국민연금 … 마이크론 더 담고 버크셔는 덜고,https://n.news.naver.com/mnews/article/009/0005720255?sid=101,2026-08-12,n.news.naver.com,Korean,South Korea,코스피,D5_시장지표,2026-08-12,,0,NONE,,
f7fab6f8e681308786d8b29b4d6df700,1년새 공개 캠페인만 7건…이창환 얼라인파트너스 대표 “운용자산 늘려...,https://n.news.naver.com/mnews/article/011/0004651103?sid=101,2026-08-12,n.news.naver.com,Korean,South Korea,코스피,D5_시장지표,2026-08-12,,0,NONE,,
2844d52002f7fe26974c698229729b0f,'1000원·시총' 문턱 못 넘었다…36개 종목 상폐 경고등,http://www.iminju.net/news/articleView.html?idxno=167993,2026-08-12,www.iminju.net,Korean,South Korea,코스피,D5_시장지표,2026-08-12,,0,NONE,,
209ccf9850c6ce66200969f4c2522c90,"거래소, 상장폐지 기준 강화 이후 첫 관리종목 지정...총 36곳",https://daily.hankooki.com/news/articleView.html?idxno=1395370,2026-08-12,daily.hankooki.com,Korean,South Korea,코스피,D5_시장지표,2026-08-12,,0,NONE,,
dc444bfd9d96bab648a31f3070d0f0ae,"‘동전주 퇴출’ 칼 빼들었다…36개사 관리종목, 상폐 카운트다운",https://www.kbmaeil.com/article/20260812500639,2026-08-12,www.kbmaeil.com,Korean,South Korea,코스피,D5_시장지표,2026-08-12,,0,NONE,,
aa6b923266a9c68dd212be070d4dd264,"""설마 내 주식도"" 동전주·시총미달 36개 종목 첫 관리종목",https://n.news.naver.com/mnews/article/656/0000183894?sid=101,2026-08-12,n.news.naver.com,Korean,South Korea,코스피,D5_시장지표,2026-08-12,,0,NONE,,
042dbcb39bf437efc7667d4684a68aca,"미래에셋증권, 상반기만 순익 3조 육박…한투 제치고 업계 1위 등극",https://www.ceoscoredaily.com/page/view/2026081214100820381,2026-08-12,www.ceoscoredaily.com,Korean,South Korea,코스피,D5_시장지표,2026-08-12,,0,NONE,,
0dc40389cd9a1e236583f0dc540e0e74,'동전주·시총 미달 퇴출' 1차 경고장…36개 관리종목 지정,https://n.news.naver.com/mnews/article/018/0006350505?sid=101,2026-08-12,n.news.naver.com,Korean,South Korea,코스피,D5_시장지표,2026-08-12,,0,NONE,,
2dc44b5adb8a34750df54456e17e0544,"미래에셋 박현주의 힘…2분기 순익, 5대은행 다 제쳤다",https://n.news.naver.com/mnews/article/029/0003042112?sid=101,2026-08-12,n.news.naver.com,Korean,South Korea,코스피,D5_시장지표,2026-08-12,,0,NONE,,
e06852721d3e6c743d626f24a0d6a8d9,"'코스닥 퇴출' 중소벤처 아우성…""업계 애로 공감""(종합)",https://n.news.naver.com/mnews/article/003/0014123949?sid=101,2026-08-12,n.news.naver.com,Korean,South Korea,코스피,D5_시장지표,2026-08-12,,0,NONE,,
2c73a320cbd9c8b5143003650bf4b405,"코스피 6,579.04 코스닥 858.91",https://n.news.naver.com/mnews/article/056/0012236399?sid=101,2026-08-12,n.news.naver.com,Korean,South Korea,코스피,D5_시장지표,2026-08-12,,0,NONE,,
e2dc672a90dd3cad15580c21f21cbc7f,李 대통령 “무책임·무능 공직자” 언급에...떠오르는 얼굴들 [논설실...,https://n.news.naver.com/mnews/article/009/0005720192?sid=110,2026-08-12,n.news.naver.com,Korean,South Korea,코스피,D5_시장지표,2026-08-12,,0,NONE,,
57d62d15b21d32c57ec8216450eea27c,[업앤다운]게임주 하락…넥써쓰↑·펄어비스↓,https://www.nspna.com/news/?mode=view&newsid=824076,2026-08-12,www.nspna.com,Korean,South Korea,코스피,D5_시장지표,2026-08-12,,0,NONE,,
7d82d42be8f80dfa254db1cb565a305e,"""부자들, 확실하게 10% 버는 투자 반복""",https://n.news.naver.com/mnews/article/009/0005720182?sid=102,2026-08-12,n.news.naver.com,Korean,South Korea,코스피,D5_시장지표,2026-08-12,,0,NONE,,
beb57f1fb4d810c5095c83c97cc93c40,"[속보] 거래소, 동전주·시총미달 관리종목 36개 지정",http://www.hansbiz.co.kr/news/articleView.html?idxno=856402,2026-08-12,www.hansbiz.co.kr,Korean,South Korea,코스피,D5_시장지표,2026-08-12,,0,NONE,,
0e7916ab919ca8c28461ffd2ad403259,증시 대기자금 6개월 만에 최저...100조원 무너져,http://www.newsfc.co.kr/news/articleView.html?idxno=80489,2026-08-12,www.newsfc.co.kr,Korean,South Korea,코스피,D5_시장지표,2026-08-12,,0,NONE,,
130cf421c9f4b7796774708643405971,"[속보] 거래소, '동전주·시총미달' 36개 무더기 관리종목 지정",https://www.newsworks.co.kr/news/articleView.html?idxno=850197,2026-08-12,www.newsworks.co.kr,Korean,South Korea,코스피,D5_시장지표,2026-08-12,,0,NONE,,
c6db846a03f076407546ddc74154c521,ISA·주가누르기 방지법 원점…설계부터 꼬인 세제개편,https://www.kbanker.co.kr/news/articleView.html?idxno=225655,2026-08-12,www.kbanker.co.kr,Korean,South Korea,코스피,D5_시장지표,2026-08-12,,0,NONE,,
646e6d761b7898967dc1f405d9988233,"한, 'THIS & THAT' 컴백 앞두고 감성 비주얼로 시선 사로잡은 한",https://www.topstarnews.net/news/articleView.html?idxno=16162080,2026-08-12,www.topstarnews.net,Korean,South Korea,한국 에너지,D9_한국,2026-08-12,,0,NONE,,
faba62ba41968436f885d95a2dcf24a4,"한화 건설부문, AI 데이터센터 에너지 효율화 나선다",https://www.thedailypost.kr/news/articleView.html?idxno=114992,2026-08-12,www.thedailypost.kr,Korean,South Korea,한국 에너지,D9_한국,2026-08-12,,0,NONE,,
589eb3c1e7e81aa2cdc94044442231db,"경주시, 공공기관 2차 이전 총력…민·관·학 손잡고 맞춤형 유치전 가...",https://www.gukjenews.com/news/articleView.html?idxno=3663272,2026-08-12,www.gukjenews.com,Korean,South Korea,한국 에너지,D9_한국,2026-08-12,,0,NONE,,
ed74d91e2ba13decd0b9fd4b0506e53e,"[역사속 오늘·8.13] 조선중앙일보·동아일보, 베를린올림픽 손기정 선수...",http://kor.theasian.asia/archives/412703,2026-08-12,kor.theasian.asia,Korean,South Korea,한국 에너지,D9_한국,2026-08-12,,0,NONE,,
e44ccdfc8c9bc9970f563b1ce263c54c,"한화 건설부문, 438억 AI 데이터센터 국책과제 참여",https://www.koreareport.co.kr/news/articleView.html?idxno=52125,2026-08-12,www.koreareport.co.kr,Korean,South Korea,한국 에너지,D9_한국,2026-08-12,,0,NONE,,
b390c6a82d29a978d6892f71eaa6f377,"할리우드 스타 맷 데이먼, 한국 야구장 깜짝 등장한 진짜 이유",https://www.insight.co.kr/news/567950,2026-08-12,www.insight.co.kr,Korean,South Korea,한국 에너지,D9_한국,2026-08-12,,0,NONE,,
e8282a014ecfdfe77235c31d4532f19e,전기차 '열관리 패러다임' 바꾼 한온시스템…'초소형 통합 냉매 모듈' 美...,http://www.bizwnews.com/news/articleView.html?idxno=143178,2026-08-12,www.bizwnews.com,Korean,South Korea,한국 에너지,D9_한국,2026-08-12,,0,NONE,,
3b9c17eba906ac429fc006e9db217187,"에너지공단, 기후산업국제박람회 청년 앰버서더 발대",http://www.e2news.com/news/articleView.html?idxno=333188,2026-08-12,www.e2news.com,Korean,South Korea,한국 에너지,D9_한국,2026-08-12,,0,NONE,,
91957965795932ff4ad2b6d416d379d6,"‘오디세이’ 맷 데이먼, 유재석 질문에 진땀… “놀란 감독, 어렵냐고...",https://m.entertain.naver.com/article/468/0001259582,2026-08-12,m.entertain.naver.com,Korean,South Korea,한국 에너지,D9_한국,2026-08-12,,0,NONE,,
ac3af054a2421d9fd278dc6dd1d2cb14,"전남창업기술지주회사, 지역 유망 스타트업 발굴 나선다",https://www.electimes.com/news/articleView.html?idxno=371248,2026-08-12,www.electimes.com,Korean,South Korea,한국 에너지,D9_한국,2026-08-12,,0,NONE,,
fe85793725c435ce32e304932e2909c5,청년의 눈으로 ‘2026 기후산업국제박람회’ 알린다…‘청년 앰버서더’...,https://n.news.naver.com/mnews/article/082/0001393707?sid=101,2026-08-12,n.news.naver.com,Korean,South Korea,한국 에너지,D9_한국,2026-08-12,,0,NONE,,
cd7d0d414b1c4fc5ecd698c366f949d6,"여야 국회의원 맞손 ""넘쳐나는 갈등, 이제 국민통합의 힘으로 바꾸자""…...",https://kr.aving.net/news/articleView.html?idxno=1813120,2026-08-12,kr.aving.net,Korean,South Korea,한국 에너지,D9_한국,2026-08-12,,0,NONE,,
5c126442f90270f0348d2e6677357213,(사)세종여성기업인협의회-(사)중소기업기술혁신협회 맞손,http://www.ccnnews.co.kr/news/articleView.html?idxno=413399,2026-08-12,www.ccnnews.co.kr,Korean,South Korea,한국 에너지,D9_한국,2026-08-12,,0,NONE,,
cf3621f15eade7d2615e179b4acca8af,범서 럭키스파밸리 직영주유소 울산 첫 '착하디착한 주유소' 나왔다,https://www.ulsanpress.net/news/articleView.html?idxno=580887,2026-08-12,www.ulsanpress.net,Korean,South Korea,한국 에너지,D9_한국,2026-08-12,,0,NONE,,
e021d6dd05a6b0db3593e121c708667b,"'유퀴즈' 맷 데이먼, 한국서 야구장 간 이유…""멋진 경험""",https://m.entertain.naver.com/article/421/0009111046,2026-08-12,m.entertain.naver.com,Korean,South Korea,한국 에너지,D9_한국,2026-08-12,,0,NONE,,
9feb17ea0bf827156b136311433869ff,"경남도, 올해 탄소중립 모범 지자체 선정",http://www.gnmaeil.com/news/articleView.html?idxno=592630,2026-08-12,www.gnmaeil.com,Korean,South Korea,한국 에너지,D9_한국,2026-08-12,,0,NONE,,
f63e3057ca07be1d305eab586ff1496d,성과 내는 양산인공지능고 재정지원 필요,http://www.gnmaeil.com/news/articleView.html?idxno=592635,2026-08-12,www.gnmaeil.com,Korean,South Korea,한국 에너지,D9_한국,2026-08-12,,0,NONE,,
a8c0195d3c7e1556dc4256de8362a0af,올해 600개 브랜드 신규입점…몸집 키우는 '로켓직구',https://www.idaegu.co.kr/news/articleView.html?idxno=556596,2026-08-12,www.idaegu.co.kr,Korean,South Korea,한국 에너지,D9_한국,2026-08-12,,0,NONE,,
781bbd3379465d1d517d0cef8f32ec24,"에너지공단, 기후산업에 대한 생생한 이야기 '청년의 시각'으로 전한다",http://www.e-platform.net/news/articleView.html?idxno=104523,2026-08-12,www.e-platform.net,Korean,South Korea,한국 에너지,D9_한국,2026-08-12,,0,NONE,,
fc76c169dc1e5bf956f6538b0be4efe5,"에너지정보문화재단, 교사연구회 상반기 성과 점검…교육·자료 완성도...",http://www.e-platform.net/news/articleView.html?idxno=104522,2026-08-12,www.e-platform.net,Korean,South Korea,한국 에너지,D9_한국,2026-08-12,,0,NONE,,
d992bfe3a67e4b7730fbd2b9e8f81812,"히카루, 바다 위 여유로운 순간…'CRACK CODE' 활동 이어간 근황",https://www.topstarnews.net/news/articleView.html?idxno=16161989,2026-08-12,www.topstarnews.net,Korean,South Korea,한국 에너지,D9_한국,2026-08-12,,0,NONE,,
a748eea787e047ab5f719dc8a95c6a0d,[사설] 대구시 2차 공공기관 유치에 총력 결집해야,https://www.idaegu.co.kr/news/articleView.html?idxno=556573,2026-08-12,www.idaegu.co.kr,Korean,South Korea,한국 에너지,D9_한국,2026-08-12,,0,NONE,,
f768a284a7e26d8033a837b570959913,"""백두대간 송전탑 결사반대""...원점 재검토 촉구",https://n.news.naver.com/mnews/article/655/0000032367?sid=102,2026-08-12,n.news.naver.com,Korean,South Korea,한국 에너지,D9_한국,2026-08-12,,0,NONE,,
64cdc38fa70d20b20445071aeb9c119a,"[데일리안 오늘뉴스 종합] 메가프로젝트 이어 SEED…李대통령, 지역서 산...",https://n.news.naver.com/mnews/article/119/0003121207?sid=100,2026-08-12,n.news.naver.com,Korean,South Korea,한국 에너지,D9_한국,2026-08-12,,0,NONE,,
bc91a7c24cf87965ec0b38d5fba7936a,"석유공사, 안전취약 중기 대상 '안전동행 자율컨설팅'...안전문화 확산",http://www.econonews.co.kr/news/articleView.html?idxno=442711,2026-08-12,www.econonews.co.kr,Korean,South Korea,한국 에너지,D9_한국,2026-08-12,,0,NONE,,
01c716c37db1bf76d630fe22c0137149,넘어짐을 쉼으로… 동시대 여성들에게 건네는 위로,http://www.ujeil.com/news/articleView.html?idxno=390306,2026-08-12,www.ujeil.com,Korean,South Korea,한국 에너지,D9_한국,2026-08-12,,0,NONE,,
a47d52c5a347000dcd1f0437448a9ea5,"기후위기 돌파구, 수소환원제철과 지역 주도형 에너지 전환에서 찾다",https://www.ksmnews.co.kr/news/view.php?idx=617423,2026-08-12,www.ksmnews.co.kr,Korean,South Korea,한국 에너지,D9_한국,2026-08-12,,0,NONE,,
2d8e689106d7850d86d0dc4df4b8f3d9,"""성적 때문에 감독이 재판 받는 것은 살면서 처음 본다""…LAFC 감독 ""쏘니...",https://m.sports.naver.com/wfootball/article/117/0004094248,2026-08-12,m.sports.naver.com,Korean,South Korea,한국 에너지,D9_한국,2026-08-12,,0,NONE,,
27b00e7c3287f38ced1045bbc88479bf,"한·아세안, 환경·기후 협력 강화…메탄 감축·기후재원 확대 논의",https://n.news.naver.com/mnews/article/022/0004150556?sid=100,2026-08-12,n.news.naver.com,Korean,South Korea,한국 에너지,D9_한국,2026-08-12,,0,NONE,,
af6e0f591a05f7a0212ba6783950a969,"포항, 광주, 경주…이곳의 역은 왜 도심서 떨어져 있을까 [이지은의 신...",https://n.news.naver.com/mnews/article/665/0000007937?sid=103,2026-08-12,n.news.naver.com,Korean,South Korea,한국 에너지,D9_한국,2026-08-12,,0,NONE,,
152b812ff276e94d9ccb0b05c1095db0,'주민 백지화 요구' 홍천 풍천리 양수발전소 공사 재개,https://www.shinailbo.co.kr/news/articleView.html?idxno=5050870,2026-08-12,www.shinailbo.co.kr,Korean,South Korea,한국 에너지,D9_한국,2026-08-12,,0,NONE,,
ab8ceea36335f6425e95b66a8b00e5fd,"한화 건설부문, AI 데이터센터 전력 효율화 국책과제 수행",https://www.financialpost.co.kr/news/articleView.html?idxno=270198,2026-08-12,www.financialpost.co.kr,Korean,South Korea,한국 에너지,D9_한국,2026-08-12,,0,NONE,,
70be7e2a26ffedd375a31b2a144bea05,"세계최대국부펀드, 2분기에 261조원 대박…""아시아기술주 덕""",https://n.news.naver.com/mnews/article/015/0005320268?sid=101,2026-08-12,n.news.naver.com,Korean,South Korea,한국 에너지,D9_한국,2026-08-12,,0,NONE,,
d3baf72777b46f3e2218ff329f497912,"GH, 도시재생 실무자 계획 수립 역량 높인다",http://www.enewstoday.co.kr/news/articleView.html?idxno=2458818,2026-08-12,www.enewstoday.co.kr,Korean,South Korea,한국 에너지,D9_한국,2026-08-12,,0,NONE,,
36b6a34fa68c8f617c45f00b99f38cb2,"김하온, '쇼미12' 우승 이후 공연 행보…2000 TAPE LIVE 합류",https://www.topstarnews.net/news/articleView.html?idxno=16161872,2026-08-12,www.topstarnews.net,Korean,South Korea,한국 에너지,D9_한국,2026-08-12,,0,NONE,,
cc4309abb053157f9b412c38bbba7f97,[전시리뷰] 제스 탄 개인전 ‘미상 생명체’ 23일까지 인천아트플랫폼,https://www.kyeongin.com/article/1768917,2026-08-12,www.kyeongin.com,Korean,South Korea,한국 에너지,D9_한국,2026-08-12,,0,NONE,,
5ef43d48c6f2df82390c3f84ffd38500,"에너지공단, ‘2026 기후산업국제박람회 청년 앰버서더’ 본격 출범",https://n.news.naver.com/mnews/article/015/0005320263?sid=102,2026-08-12,n.news.naver.com,Korean,South Korea,한국 에너지,D9_한국,2026-08-12,,0,NONE,,
75d66b6c2a3805175e6503ff2e9e8bcf,이겼지만 졌다고 말하는 ‘윤석열 정보공개’ 판결 [왜냐면],https://n.news.naver.com/mnews/article/028/0002818253?sid=110,2026-08-12,n.news.naver.com,Korean,South Korea,한국 에너지,D9_한국,2026-08-12,,0,NONE,,
ca81ca2e5df15fb003264e5857c3cca1,"[새로운 민선, 도약의 시작] 정용래 대전 유성구청장 / 첫 3선 연임… 그...",https://www.ggilbo.com/news/articleView.html?idxno=1175180,2026-08-12,www.ggilbo.com,Korean,South Korea,한국 에너지,D9_한국,2026-08-12,,0,NONE,,
116d0617985988400382ffb81e197a74,"'비혼모' 사유리, 5살 아들 위해 하와이行…2주 넘게 머물며 '썸머스쿨...",https://m.entertain.naver.com/article/076/0004435218,2026-08-12,m.entertain.naver.com,Korean,South Korea,한국 에너지,D9_한국,2026-08-12,,0,NONE,,
88b540d3ae8a930cb3448a97afd084e8,"[사설] 전주세계소리축제, '소리의 판'에서 전통과 미래를 이어야",https://sjbnews.com/news/news.php?number=885119,2026-08-12,sjbnews.com,Korean,South Korea,한국 에너지,D9_한국,2026-08-12,,0,NONE,,
c4c18d3eb8c41d11ebe2090c9f2ff90f,경남창조경제혁신센터 남동발전과 창업 지원,http://www.gnmaeil.com/news/articleView.html?idxno=592622,2026-08-12,www.gnmaeil.com,Korean,South Korea,한국 에너지,D9_한국,2026-08-12,,0,NONE,,
6d60d2accd8d53f81eae5e2c8647fb9b,2차 공공기관 이전 시동...이르면 다음달 윤곽,https://n.news.naver.com/mnews/article/215/0001262169?sid=101,2026-08-12,n.news.naver.com,Korean,South Korea,한국 에너지,D9_한국,2026-08-12,,0,NONE,,
0597a829a01d073a7282f9bec05e3243,고배당 ETF는 세제개편 훈풍… ISA에 담으면 '절세',https://n.news.naver.com/mnews/article/014/0005560791?sid=101,2026-08-12,n.news.naver.com,Korean,South Korea,한국 에너지,D9_한국,2026-08-12,,0,NONE,,
886d1cac880f3dda0f972883f22ccb55,한-아세안 환경·기후변화 대화…대기 오염 대응·메탄 감축 사업 협력...,https://n.news.naver.com/mnews/article/003/0014124022?sid=100,2026-08-12,n.news.naver.com,Korean,South Korea,한국 에너지,D9_한국,2026-08-12,,0,NONE,,
eab39c06c35c12e00228830e95a0af99,국립창원대학교- 글로컬대학 성과 평가서 전국 유일 최고등급…SMR 연구...,https://n.news.naver.com/mnews/article/658/0000152168?sid=102,2026-08-12,n.news.naver.com,Korean,South Korea,한국 에너지,D9_한국,2026-08-12,,0,NONE,,
f1d17afadc3d90bee6afa610df6f6d9b,동아대학교- 대학·산업현장 연계 ‘필드 캠퍼스’ 구축…매년 500명 해...,https://n.news.naver.com/mnews/article/658/0000152170?sid=102,2026-08-12,n.news.naver.com,Korean,South Korea,한국 에너지,D9_한국,2026-08-12,,0,NONE,,
db467ff16bfd1c359e5499bb59c6a6c9,"백정원 경남도의원 ""양산인공지능고, 안정적 교육재정 뒷받침돼야""",http://www.gndomin.com/news/articleView.html?idxno=485298,2026-08-12,www.gndomin.com,Korean,South Korea,한국 에너지,D9_한국,2026-08-12,,0,NONE,,
af78c7cd04f92723dc0528eab05edc2a,창원시 '개문냉방 영업' 합동 현장 점검,http://www.gndomin.com/news/articleView.html?idxno=485327,2026-08-12,www.gndomin.com,Korean,South Korea,한국 에너지,D9_한국,2026-08-12,,0,NONE,,
5e5e769f1aff4c824047e39942dd39f4,경남도 폭염 대응 현장 중심 자원봉사 안전관리 강화,http://www.gndomin.com/news/articleView.html?idxno=485283,2026-08-12,www.gndomin.com,Korean,South Korea,한국 에너지,D9_한국,2026-08-12,,0,NONE,,
bdf5a1ff475173cc9ac3ffd0a98981bd,"한화 건설부문, 정부 'AIDC 에너지 효율화' 사업자 선정",http://www.popcornnews.net/news/articleView.html?idxno=129494,2026-08-12,www.popcornnews.net,Korean,South Korea,한국 에너지,D9_한국,2026-08-12,,0,NONE,,
46c9c23d1a8000c7249dab74db1d620b,경남도·창원시·진주시·김해시 '2026 탄소중립 우수사례' 장관상 등 수...,https://www.idomin.com/news/articleView.html?idxno=2012281,2026-08-12,www.idomin.com,Korean,South Korea,한국 에너지,D9_한국,2026-08-12,,0,NONE,,
8e6dc8d1f1c3d128b4f6b53edacb3ab1,한화 AI데이터센터 에너지 절감 기술 개발,https://n.news.naver.com/mnews/article/014/0005560727?sid=101,2026-08-12,n.news.naver.com,Korean,South Korea,한국 에너지,D9_한국,2026-08-12,,0,NONE,,
edcc7ff939a6ce3abfdbba9fa3925c3f,"잇단 공무원 자살에 뒤숭숭한 관가…지난해 자살 순직 요청 49명, 3명 중...",https://n.news.naver.com/mnews/article/081/0003669858?sid=102,2026-08-12,n.news.naver.com,Korean,South Korea,한국 에너지,D9_한국,2026-08-12,,0,NONE,,
77727746d30d7ecf00b7d53d7ff2d248,제주 남방큰돌고래 오래 보려면 더 물러서야,https://www.jejumaeil.net/news/articleView.html?idxno=403618,2026-08-12,www.jejumaeil.net,Korean,South Korea,선박,D4_운송,2026-08-12,,0,NONE,,
4b0cedd5f398fcbed85bccc722f502da,짐바브웨 호수서 여객선 전복 참사…사망자 44명으로 늘어,https://n.news.naver.com/mnews/article/055/0001380220?sid=104,2026-08-12,n.news.naver.com,Korean,South Korea,선박,D4_운송,2026-08-12,,0,NONE,,
23f5382b4bff8897beeb30c1c2826717,짐바브웨 호수서 여객선 전복 참사…사망자 44명으로 늘어(종합),https://n.news.naver.com/mnews/article/001/0016248181?sid=104,2026-08-12,n.news.naver.com,Korean,South Korea,선박,D4_운송,2026-08-12,,0,NONE,,
3987029d6955634e2165edcb0f393218,광복절 연휴 제주 관광객 23만여 명…3.4%↑,https://n.news.naver.com/mnews/article/056/0012236646?sid=101,2026-08-12,n.news.naver.com,Korean,South Korea,선박,D4_운송,2026-08-12,,0,NONE,,
b9ba0fae3025765ef0fcb65f06e7ff75,짐바브웨 호수서 여객선 전복돼 44명 사망…‘재난 상황’ 선포,https://n.news.naver.com/mnews/article/025/0003544004?sid=104,2026-08-12,n.news.naver.com,Korean,South Korea,선박,D4_운송,2026-08-12,,0,NONE,,
6b1adc93edac8ef3dee152aada19d26c,"“실종자 목소리 놓칠라 침묵 수색”…콜롬비아, 골든타임 압박에 사투",https://n.news.naver.com/mnews/article/009/0005720314?sid=104,2026-08-12,n.news.naver.com,Korean,South Korea,선박,D4_운송,2026-08-12,,0,NONE,,
423227377c82638119b27171ba17e6d6,[제주날씨] 서귀포 31℃...해상 높은 파도 주의,https://n.news.naver.com/mnews/article/661/0000081530?sid=103,2026-08-12,n.news.naver.com,Korean,South Korea,선박,D4_운송,2026-08-12,,0,NONE,,
31c8d3339ee3514647eaeb5ad0e80db4,광복절 연휴 관광객 23만 명‥작년보다 3.4% 증가,https://jejumbc.com/NewsArticle/856300,2026-08-12,jejumbc.com,Korean,South Korea,선박,D4_운송,2026-08-12,,0,NONE,,
1d04a2ae6b3a733fc2a290e519d6588a,[주요 단신] 광복절 연휴 제주 관광객 23만여 명…3.4%↑ 외,https://n.news.naver.com/mnews/article/056/0012236550?sid=101,2026-08-12,n.news.naver.com,Korean,South Korea,선박,D4_운송,2026-08-12,,0,NONE,,
24a19d97f13f309c7e139a9dd03cd7d3,광복절 앞두고 주목받는 완도 소안도…바다 위 태극기 ‘눈길’,https://www.betanews.net/article/view/beta202608120068,2026-08-12,www.betanews.net,Korean,South Korea,선박,D4_운송,2026-08-12,,0,NONE,,
e4f1b948ca893f51af39fd402e8aa928,광복절 연휴 제주 23만명 몰린다…국제선·크루즈 늘었지만 국내선은 감...,https://www.tournews21.com/news/articleView.html?idxno=140842,2026-08-12,www.tournews21.com,Korean,South Korea,선박,D4_운송,2026-08-12,,0,NONE,,
d2227469ab505d02d1f58f1d01463c18,15m 보트 한 척에 230명…영국도 밀입국 쇼크,https://n.news.naver.com/mnews/article/449/0000356626?sid=104,2026-08-12,n.news.naver.com,Korean,South Korea,선박,D4_운송,2026-08-12,,0,NONE,,
5d4a4bf2fb50514af3e90baddeeb91af,미 오하이오주 강타한 강력 폭풍…수감자 16명 번개 맞고 이송,https://n.news.naver.com/mnews/article/057/0001963397?sid=104,2026-08-12,n.news.naver.com,Korean,South Korea,선박,D4_운송,2026-08-12,,0,NONE,,
8c196a50f40d8c7475c71d49e6635017,"푸틴 ""나토, 아시아·태평양에 침투…日, 이유 없이 러 제재""",https://n.news.naver.com/mnews/article/421/0009110989?sid=104,2026-08-12,n.news.naver.com,Korean,South Korea,선박,D4_운송,2026-08-12,,0,NONE,,
620d5bc9b4229063b6acf2e314e7d01a,짐바브웨 호수서 여객선 전복…15명 사망·27명 실종,https://n.news.naver.com/mnews/article/001/0016248125?sid=104,2026-08-12,n.news.naver.com,Korean,South Korea,선박,D4_운송,2026-08-12,,0,NONE,,
1ba9da539e2a965b71d80cd91fe2300d,[이슈대담] 경남 폭염·가뭄·고수온 ‘삼중고’…행정력 총출동,https://n.news.naver.com/mnews/article/056/0012236567?sid=102,2026-08-12,n.news.naver.com,Korean,South Korea,선박,D4_운송,2026-08-12,,0,NONE,,
6344877c5311835e4915112bd645255f,[사설] 유명무실한 남방큰돌고래 보호 지침,https://www.jemin.com/news/articleView.html?idxno=841641,2026-08-12,www.jemin.com,Korean,South Korea,선박,D4_운송,2026-08-12,,0,NONE,,
3ae3df9ef31d56d296c2b8a3b8952659,"54년 역사 서라벌여행사 ""지역 관광산업 발전에 이바지"" [창간 80주년]",https://n.news.naver.com/mnews/article/088/0001023372?sid=101,2026-08-12,n.news.naver.com,Korean,South Korea,선박,D4_운송,2026-08-12,,0,NONE,,
3f537aeb9c7e2fa1e964d55673eb493a,신안군 선도 인근 해상서 레저보트 전복,https://n.news.naver.com/mnews/article/660/0000115056?sid=102,2026-08-12,n.news.naver.com,Korean,South Korea,선박,D4_운송,2026-08-12,,0,NONE,,
3e01ad5acb569a403ae761b60dadaa92,광복절 연휴 제주 관광객 23만명 예상… 2025년보다 3.4%↑,https://n.news.naver.com/mnews/article/022/0004150482?sid=102,2026-08-12,n.news.naver.com,Korean,South Korea,선박,D4_운송,2026-08-12,,0,NONE,,
9fd96bc2c807d1743388980134b3c212,오디세이 암표팔이들을 바른 길로 이끌어 주소서... [자막뉴스],https://n.news.naver.com/mnews/article/052/0002392424?sid=103,2026-08-12,n.news.naver.com,Korean,South Korea,선박,D4_운송,2026-08-12,,0,NONE,,
bfa1170ad9b775f0aa0b8ad60dee3687,신안 선도 해상 레저보트 전복…해경 헬기로 2명 전원 구조,https://www.polinews.co.kr/news/articleView.html?idxno=739973,2026-08-12,www.polinews.co.kr,Korean,South Korea,선박,D4_운송,2026-08-12,,0,NONE,,
5a0e552f65c21f7eb20b6807755e21ce,신안군 선도 인근 해상서 레저보트 뒤집혀…해경 헬기로 2명 구조,https://www.sentv.co.kr/article/view/sentv202608120174,2026-08-12,www.sentv.co.kr,Korean,South Korea,선박,D4_운송,2026-08-12,,0,NONE,Leisure boat accident,
bac7e817038b5b742d22469ab8631d64,제주 동부·산지 약한 비…해상 풍랑·너울 주의,https://www.jejudomin.co.kr/news/articleView.html?idxno=321288,2026-08-12,www.jejudomin.co.kr,Korean,South Korea,선박,D4_운송,2026-08-12,,0,NONE,Weather forecast,
7ea78909ac1d80a1884be7b81a9f9900,[포착] “메이데이 메이데이!”…美 여객기 ‘버드 스트라이크’로 엔진...,https://n.news.naver.com/mnews/article/081/0003669844?sid=104,2026-08-12,n.news.naver.com,Korean,South Korea,선박,D4_운송,2026-08-12,,0,NONE,Aircraft incident,
7c1cd684cf4df7daebd4373d34fce0b9,신안 해상서 레저보트 전복…승선원 2명 무사 구조,https://n.news.naver.com/mnews/article/003/0014123955?sid=102,2026-08-12,n.news.naver.com,Korean,South Korea,선박,D4_운송,2026-08-12,,0,NONE,Leisure boat accident,
c4e46c968958f0a0aad0a557428bc559,콜롬비아 강진 사망 250명…구조 골든타임 임박,https://www.jnilbo.com/news/articleView.html?idxno=90000056428,2026-08-12,www.jnilbo.com,Korean,South Korea,선박,D4_운송,2026-08-12,,0,NONE,Colombia earthquake,
85ccf5cdd120623af55f530c5f0323fd,"남해해경청, 해양오염 특별 단속 벌여 47건 적발",https://news.knn.co.kr/news/article/191174,2026-08-12,news.knn.co.kr,Korean,South Korea,선박,D4_운송,2026-08-12,,0,NONE,Marine pollution enforcement,
a004e7976ce65912bf4bfa2d3150f8db,해운대 송정 앞바다서 카약 뒤집혀…40대 남성 무사 구조,https://idsn.co.kr/news/view/1065601264360815,2026-08-12,idsn.co.kr,Korean,South Korea,선박,D4_운송,2026-08-12,,0,NONE,Kayak accident,
246f2b2fc07efc1086b9d52268d3c609,[사설]‘간첩행위’ 中 군 출신 2명 구속… 입법 늦어 간첩죄 적용은 못...,https://n.news.naver.com/mnews/article/020/0003740464?sid=110,2026-08-12,n.news.naver.com,Korean,South Korea,항만,D3_인프라,2026-08-12,,0,NONE,Espionage legislation,
5ed6af05485027c84ef0dcf8be7bafdd,[파고들다] 단속 따로 관리 따로… 방치된 불법 주차,https://mbcgn.kr/01_new/new01_view.asp?idx=410251,2026-08-12,mbcgn.kr,Korean,South Korea,항만,D3_인프라,2026-08-12,,0,NONE,Parking enforcement,
ff5d0da7548363760840285156638bc4,"박용선 포항시장, 주부산중국총영사 접견…한·중 지방정부 교류 확대 ...",https://www.sentv.co.kr/article/view/sentv202608120168,2026-08-12,www.sentv.co.kr,Korean,South Korea,항만,D3_인프라,2026-08-12,,0,NONE,Local government diplomacy,
b7fc1681c3594a652bb53227ac5230f1,"포항, 中 지방정부와 교류 영토 넓힌다",https://www.idaegu.co.kr/news/articleView.html?idxno=556581,2026-08-12,www.idaegu.co.kr,Korean,South Korea,항만,D3_인프라,2026-08-12,,0,NONE,Regional government exchange,
6ac9c043aeaaae57db8b06b6ddf4a46d,"박용선 포항시장, 주부산중국총영사 접견",https://n.news.naver.com/mnews/article/022/0004150559?sid=102,2026-08-12,n.news.naver.com,Korean,South Korea,항만,D3_인프라,2026-08-12,,0,NONE,Local government diplomacy,
61439903801e4a781e582adb041eb8c5,"해수부·지자체·재계, 부울경 ‘해양수도권’ 육성 협력",https://n.news.naver.com/mnews/article/658/0000152204?sid=101,2026-08-12,n.news.naver.com,Korean,South Korea,항만,D3_인프라,2026-08-12,,0,NONE,,
c3f4aa33f5c2327f09d654217dd7c7fe,"순천시의회, 민생 예산 대폭 확대... '634억 증액' 추경 최종 확정",http://www.newsworker.co.kr/news/articleView.html?idxno=440997,2026-08-12,www.newsworker.co.kr,Korean,South Korea,항만,D3_인프라,2026-08-12,,0,NONE,,
2e79f3fb04f221db910a43dd9fec1d66,[금융] 신한은행 해양산업 금융지원 / 예가람저축은행 에너지 취약계층...,https://www.webeconomy.co.kr/news/articleView.html?idxno=2265038,2026-08-12,www.webeconomy.co.kr,Korean,South Korea,항만,D3_인프라,2026-08-12,,0,NONE,,
583b9563fc2676488311c749908c7d81,"신한은행, 해양산업 금융지원 강화…'신한SOL클러스터 부산' 개소",http://www.newsian.co.kr/news/articleView.html?idxno=93663,2026-08-12,www.newsian.co.kr,Korean,South Korea,항만,D3_인프라,2026-08-12,,0,NONE,,
a55387e7b8631d2fc8d358aa8d52eac1,"포항시, 중국 지방정부와 경제·항만·미래산업 협력 확대 모색",http://www.newstown.co.kr/news/articleView.html?idxno=712155,2026-08-12,www.newstown.co.kr,Korean,South Korea,항만,D3_인프라,2026-08-12,,0,NONE,,
314bd4bc6074e2a8e73cfd0af0ff5840,"14일 그믐 대조기, 인천 해수면 962㎜까지 상승… 침수 가능성 주의 요구",https://www.kyeongin.com/article/1768933,2026-08-12,www.kyeongin.com,Korean,South Korea,항만,D3_인프라,2026-08-12,,0,NONE,,
09bd30cf22f76e9361309d62117bd390,"""니하오?""… 박용선 포항시장, 駐부산 중국총영사 만나 '韓·中 지방정부...",https://www.polinews.co.kr/news/articleView.html?idxno=739997,2026-08-12,www.polinews.co.kr,Korean,South Korea,항만,D3_인프라,2026-08-12,,0,NONE,,
ea0249cbfd09590a99cf64942ff206ab,"인천항만공사, 비전2035 연계 국민소통 슬로건 발표…""신뢰·연결·미래...",https://www.cstimes.com/news/articleView.html?idxno=716595,2026-08-12,www.cstimes.com,Korean,South Korea,항만,D3_인프라,2026-08-12,,0,NONE,,
6f8e088142f504a6eedccdc4083475fb,"울산, 부·경 공동 투자유치로 '친환경 에너지 허브' 키운다",https://www.iusm.co.kr/news/articleView.html?idxno=1066613,2026-08-12,www.iusm.co.kr,Korean,South Korea,항만,D3_인프라,2026-08-12,,0,NONE,,
4224a4903b9fe96351048c3567934de3,인천 '섬 UAM' 구상 시험대…국토부 예비신청 시작으로 선점 경쟁 본격...,https://www.joongboo.com/news/articleView.html?idxno=363733740,2026-08-12,www.joongboo.com,Korean,South Korea,항만,D3_인프라,2026-08-12,,0,NONE,,
336f8248a99dfd4acd563c7c060fb608,창원 광암해수욕장서 이색 해양레저 공연,https://www.gnnews.co.kr/news/articleView.html?idxno=643147,2026-08-12,www.gnnews.co.kr,Korean,South Korea,항만,D3_인프라,2026-08-12,,0,NONE,,
57269da0b9dc981f6b3f26044c6b3e57,'인천항 개항' 대한민국 중공업 물꼬를 트다,https://www.kihoilbo.co.kr/news/articleView.html?idxno=3031489,2026-08-12,www.kihoilbo.co.kr,Korean,South Korea,항만,D3_인프라,2026-08-12,,0,NONE,,
99b86b84b7f6c867c08b79cb3403aa51,[17호 낭카 정보 등 전국 지역별 오늘의 날씨 및 내일날씨]모레까지 동...,http://www.economytalk.kr/news/articleView.html?idxno=423479,2026-08-12,www.economytalk.kr,Korean,South Korea,항만,D3_인프라,2026-08-12,,0,NONE,,
f39786e02090efb84603c74e709a98da,"신한은행, '신한SOL클러스터 부산' 개소식 개최 外",https://www.rcast.co.kr/news/articleView.html?idxno=31454,2026-08-12,www.rcast.co.kr,Korean,South Korea,항만,D3_인프라,2026-08-12,,0,NONE,,
95bb7d1dbe0971a93c49611f8ea8a59a,"‘SOL클러스터 부산’ 개소식… 신한은행, 동남권 성장 지원",https://n.news.naver.com/mnews/article/022/0004150518?sid=101,2026-08-12,n.news.naver.com,Korean,South Korea,항만,D3_인프라,2026-08-12,,0,NONE,,
ec94df8f2daeb1d8f1098336e291ebb4,"부산시-해수부, 북항 돔구장 ‘밑그림’ 함께 그린다",https://n.news.naver.com/mnews/article/082/0001393695?sid=101,2026-08-12,n.news.naver.com,Korean,South Korea,항만,D3_인프라,2026-08-12,,0,NONE,,
cb8425176c1e9ce5bd79d7eb9f05b002,부산항만공사. 엔키아·엠비이·디플러스와 특허 공유 이익 분배 계약,https://n.news.naver.com/mnews/article/421/0009110936?sid=102,2026-08-12,n.news.naver.com,Korean,South Korea,항만,D3_인프라,2026-08-12,,0,NONE,,
4058d0cbd4aaf96945a566f21cdc800d,‘해양수도권’ 조성에 부울경·해수부 힘모은다,https://n.news.naver.com/mnews/article/014/0005560800?sid=101,2026-08-12,n.news.naver.com,Korean,South Korea,항만,D3_인프라,2026-08-12,,0,NONE,,
a33c6390c3c0d90d2cf8a1113a1ce088,해양산업 성장 지원 '신한SOL클러스터 부산' 개소,https://n.news.naver.com/mnews/article/014/0005560782?sid=101,2026-08-12,n.news.naver.com,Korean,South Korea,항만,D3_인프라,2026-08-12,,0,NONE,,
6bfee6f501ec25a1e8554399d071e474,"[은행권 풍향계] 신한은행, 동남권 해양산업 금융지원 강화한다 外",https://www.ekn.kr/web/view.php?key=20260812027452211,2026-08-12,www.ekn.kr,Korean,South Korea,항만,D3_인프라,2026-08-12,,0,NONE,,
92074958b237d8519ff053a6e95744ba,세계 52개 자매·협력 도시 넘어 북극·유라시아까지 확대 [부산은 열려...,https://n.news.naver.com/mnews/article/082/0001393683?sid=100,2026-08-12,n.news.naver.com,Korean,South Korea,항만,D3_인프라,2026-08-12,,0,NONE,,
b189981bc81e4f6ac3c3446d87d70d63,세계 1위 석유기업도 반한 대구 AI 기술…CCTV 해부하는 ‘언어’의 힘,https://www.yeongnam.com/web/view.php?key=20260812022511833,2026-08-12,www.yeongnam.com,Korean,South Korea,항만,D3_인프라,2026-08-12,,0,NONE,,
1074b8ca72763ff6e5a7d2801f71882f,부울경 '해양수도권'으로 만든다,http://www.gndomin.com/news/articleView.html?idxno=485293,2026-08-12,www.gndomin.com,Korean,South Korea,항만,D3_인프라,2026-08-12,,0,NONE,,
b6133939b7c328227ea133a2f706257a,"[중앙로365] AI 에이전트가 결제하는 시대, 그리고 부산",https://n.news.naver.com/mnews/article/082/0001393676?sid=110,2026-08-12,n.news.naver.com,Korean,South Korea,항만,D3_인프라,2026-08-12,,0,NONE,,
41dba7d3202df2c622ebee53b9879727,"시민 힘으로 만들어진 BPA, 부산 위해 무엇을 했나",https://n.news.naver.com/mnews/article/082/0001393670?sid=101,2026-08-12,n.news.naver.com,Korean,South Korea,항만,D3_인프라,2026-08-12,,0,NONE,,
a1b51a24ddbf29ff861d691f7c8b3806,'민선 8기 싱크탱크' 강성천 경기연구원장 퇴임…기관장 사퇴 러시 이어...,https://www.joongboo.com/news/articleView.html?idxno=363733750,2026-08-12,www.joongboo.com,Korean,South Korea,항만,D3_인프라,2026-08-12,,0,NONE,,
231260eade7e0af6318d4429a34e58fb,'공동특허' 수익 나눈다···부산항만공사·중소기업 계약 체결,http://www.enewstoday.co.kr/news/articleView.html?idxno=2458791,2026-08-12,www.enewstoday.co.kr,Korean,South Korea,항만,D3_인프라,2026-08-12,,0,NONE,,
054e2231436c3e41cefd32a27e185653,"BPA, 스마트 항만기술 공유특허 실시이익 분배계약 체결",https://n.news.naver.com/mnews/article/119/0003121174?sid=101,2026-08-12,n.news.naver.com,Korean,South Korea,항만,D3_인프라,2026-08-12,,0,NONE,,
a3ad82c83a3ed50502af63448cf42ea3,[기고] 대학 ESG경영이 도시의 지속가능성을 만든다,https://n.news.naver.com/mnews/article/082/0001393668?sid=110,2026-08-12,n.news.naver.com,Korean,South Korea,항만,D3_인프라,2026-08-12,,0,NONE,,
43f385277671a6f0c095ba644994e0fe,"BPA, 중소 항만기술 기업과 공유특허 실시이익 분배계약",https://www.cnbnews.com/news/articleView.html?idxno=1011339,2026-08-12,www.cnbnews.com,Korean,South Korea,항만,D3_인프라,2026-08-12,,0,NONE,,
0306066c1e9b521afd05be6ae580a5af,"광양시-베트남 다낭시, 우호도시 협약 체결",http://www.jndn.com/article.php?aid=1786524354437724107,2026-08-12,www.jndn.com,Korean,South Korea,항만,D3_인프라,2026-08-12,,0,NONE,,
d34424ab13da365592155c14462c7d11,"박용선 포항시장, 주부산중국총영사 접견…항만·산업 협력 확대 논의",https://www.gukjenews.com/news/articleView.html?idxno=3662923,2026-08-12,www.gukjenews.com,Korean,South Korea,항만,D3_인프라,2026-08-12,,0,NONE,,
da1988b928d9b77837c7e98eaec626f3,"부산항만공사, 스마트 항만기술 특허 수익 기업과 나눈다",https://www.ksg.co.kr/news/main_newsView.jsp?pNum=147823,2026-08-12,www.ksg.co.kr,Korean,South Korea,항만,D3_인프라,2026-08-12,,0,NONE,,
4030a1477ef51b83b61d4befd51b3b6a,인천 서해구 항만배후단지 폐수 농도 관리 가능해진다,https://www.kyeongin.com/article/1768906,2026-08-12,www.kyeongin.com,Korean,South Korea,항만,D3_인프라,2026-08-12,,0,NONE,,
4aa5e8f95026451d2a60f165706fb501,부산항만공사 기업과 공유특허 실시이익 분배 계약 체결,https://n.news.naver.com/mnews/article/008/0005399224?sid=102,2026-08-12,n.news.naver.com,Korean,South Korea,항만,D3_인프라,2026-08-12,,0,NONE,,
c4324aca08b3abbfe0614c64208a9dc6,"""바다 위를 날다"" 광암해수욕장, 하이드로플라이 쇼 펼친다",https://n.news.naver.com/mnews/article/079/0004178145?sid=102,2026-08-12,n.news.naver.com,Korean,South Korea,항만,D3_인프라,2026-08-12,,0,NONE,,
08b3a545fdd780ff99b15da8a273b0ba,전주 농수산물시장 복구에 '특교세 5억',https://www.bzeronews.com/news/articleView.html?idxno=821180,2026-08-12,www.bzeronews.com,Korean,South Korea,수산물,D8_수산물,2026-08-12,,0,NONE,,
97ab1a13e1c60554af7b06a7bc3fc1e1,"홈플러스, 13일부터 전국 67개점 '재개장'",https://www.idaegu.co.kr/news/articleView.html?idxno=556617,2026-08-12,www.idaegu.co.kr,Korean,South Korea,수산물,D8_수산물,2026-08-12,,0,NONE,,
d7c106b69107da44e01c08ff8985fdcc,"조용우 부산시의원, 소변 150건 중 29건 녹조 독소…국가조사 촉구",http://www.newstown.co.kr/news/articleView.html?idxno=712204,2026-08-12,www.newstown.co.kr,Korean,South Korea,수산물,D8_수산물,2026-08-12,,0,NONE,,
d07861591e4c642f0146007f0ec8b169,폭염 여파에 채솟값 '껑충'…상인도 손님도 한숨,https://n.news.naver.com/mnews/article/422/0000895155?sid=161,2026-08-12,n.news.naver.com,Korean,South Korea,수산물,D8_수산물,2026-08-12,,0,NONE,,
667112c8cecaa76bbe3fa784a4207ebd,"""치킨 3400원·한우 절반값""… 홈플러스 67곳 재개장",https://n.news.naver.com/mnews/article/277/0005802329?sid=102,2026-08-12,n.news.naver.com,Korean,South Korea,수산물,D8_수산물,2026-08-12,,0,NONE,,
32465ce3d46e15c027e42ac90c50513c,홈플러스 67개점 13일 영업 재개…울산점·동구점도 문 연다,https://www.iusm.co.kr/news/articleView.html?idxno=1066629,2026-08-12,www.iusm.co.kr,Korean,South Korea,수산물,D8_수산물,2026-08-12,,0,NONE,,
2f757a485c4973c4e8cb57b93f5f65d6,[사설] 낙동강 녹조독소 인체배출 정밀 실태조사 필요하다,https://n.news.naver.com/mnews/article/658/0000152201?sid=110,2026-08-12,n.news.naver.com,Korean,South Korea,수산물,D8_수산물,2026-08-12,,0,NONE,,
48e23e28d58e466f396cda981601edcb,돌아온 홈플러스 재개장 기념 할인,https://n.news.naver.com/mnews/article/658/0000152178?sid=101,2026-08-12,n.news.naver.com,Korean,South Korea,수산물,D8_수산물,2026-08-12,,0,NONE,,
281db45e3a7c518cd7a5795296231d67,"홈플러스, 13일 67개점 재개장…고객 되찾기 총력",https://www.ajunews.com/view/20260812135018882,2026-08-12,www.ajunews.com,Korean,South Korea,수산물,D8_수산물,2026-08-12,,0,NONE,,
a335f463eaf9d2862f05dc5e77a5acad,"홈플러스, 67개 점포 13일 다시 문 연다…'영업 정상화' 시험대",http://www.biztribune.co.kr/news/articleView.html?idxno=357356,2026-08-12,www.biztribune.co.kr,Korean,South Korea,수산물,D8_수산물,2026-08-12,,0,NONE,,
d64807001a36a3357dade9bfd19194d0,"동해안엔 피서객, 시장엔 손님 북적…폭염 꺾이자 일상 '기지개'(종합)",https://n.news.naver.com/mnews/article/421/0009110959?sid=102,2026-08-12,n.news.naver.com,Korean,South Korea,수산물,D8_수산물,2026-08-12,,0,NONE,,
9864663c7f274f0db653f0c2bd8261fe,대구·경북 홈플러스 9곳 재개장…13일부터 영업,https://www.kyongbuk.co.kr/news/articleView.html?idxno=4081013,2026-08-12,www.kyongbuk.co.kr,Korean,South Korea,수산물,D8_수산물,2026-08-12,,0,NONE,,
ecfa1a3076e7a63d0bbfc964c0d9e82e,"홈플러스, 내일 전국 67개 점포 재개장",https://n.news.naver.com/mnews/article/056/0012236436?sid=101,2026-08-12,n.news.naver.com,Korean,South Korea,수산물,D8_수산물,2026-08-12,,0,NONE,,
b800bf3bdf802f91179fc3e4a25cf3aa,홈플러스 67개점 재개장…한우 50% 할인·치킨 3490원,http://www.kwangju.co.kr/article.php?aid=1786527300802230280,2026-08-12,www.kwangju.co.kr,Korean,South Korea,수산물,D8_수산물,2026-08-12,,0,NONE,,
eb6008a6700713333208dea59459e552,"충청권 홈플러스 8곳 ""13일 정상 영업 합니다""",https://www.jbnews.com/news/articleView.html?idxno=1509381,2026-08-12,www.jbnews.com,Korean,South Korea,수산물,D8_수산물,2026-08-12,,0,NONE,,
4b379af9fbd11f77b59da3c2a0c8dd55,"`여름철 재해 막는다'… 전북중기청, 전통시장 점검",https://sjbnews.com/news/news.php?number=885124,2026-08-12,sjbnews.com,Korean,South Korea,수산물,D8_수산물,2026-08-12,,0,NONE,,
bf7bbcd7e69634560f94914463154406,"홈플러스, 13일 67개 점포 재개장…59개점은 온라인 영업도 재개",https://www.g-enews.com/view.php?ud=20260812174806307056c162803_1,2026-08-12,www.g-enews.com,Korean,South Korea,수산물,D8_수산물,2026-08-12,,0,NONE,,
7fb43ca88ffe3d26ea27a0e718a34292,'2026 어부장터Χ포트빌리지 통영' 사전설명회 개최,http://www.gndomin.com/news/articleView.html?idxno=485371,2026-08-12,www.gndomin.com,Korean,South Korea,수산물,D8_수산물,2026-08-12,,0,NONE,,
9fcc76dc303519c996a971a2e6034a67,홈플러스 다시 문 연다… 13일부터 ‘영업 정상화’ 할인전,https://n.news.naver.com/mnews/article/082/0001393679?sid=101,2026-08-12,n.news.naver.com,Korean,South Korea,수산물,D8_수산물,2026-08-12,,0,NONE,,
13eadc9e2154c5cbe78a30300cc47e80,'생생정보' 흑돼지산채정식 맛집,https://www.bntnews.co.kr/article/view/bnt202608120204,2026-08-12,www.bntnews.co.kr,Korean,South Korea,수산물,D8_수산물,2026-08-12,,0,NONE,,
1746800cfe9958e3f4a7393f7de37ea3,"전국바다장어자조금위원회, 통영시에 바다장어 160kg 기탁",http://www.gndomin.com/news/articleView.html?idxno=485337,2026-08-12,www.gndomin.com,Korean,South Korea,수산물,D8_수산물,2026-08-12,,0,NONE,,
920b12ecca85b205aa6b4929c62c2e5c,"""얼음 2포대 쓰다 요즘 5포대 써요""…폭염 꺾이자 활기 찾은 부전시장",https://n.news.naver.com/mnews/article/421/0009110917?sid=102,2026-08-12,n.news.naver.com,Korean,South Korea,수산물,D8_수산물,2026-08-12,,0,NONE,,
c29096a84cc8dc876b6e04c1aa3489e5,"동원그룹, 상반기 영업익 15.1% 증가…B2B 계열사 성장 견인",https://www.sentv.co.kr/article/view/sentv202608120181,2026-08-12,www.sentv.co.kr,Korean,South Korea,수산물,D8_수산물,2026-08-12,,0,NONE,,
b0e4839dedfa9ae724619e06517b551d,"동원그룹, 상반기 영업익 2976억원… B2B 호조에 15.1% 증가",https://www.newscj.com/news/articleView.html?idxno=3424608,2026-08-12,www.newscj.com,Korean,South Korea,수산물,D8_수산물,2026-08-12,,0,NONE,,
c8f154cafdd0975c464b98d946fecae4,"동원산업, 2분기 영업익 1515억 원…전년比 13.3% 증가",https://n.news.naver.com/mnews/article/020/0003740421?sid=101,2026-08-12,n.news.naver.com,Korean,South Korea,수산물,D8_수산물,2026-08-12,,0,NONE,,
c3dd90290f603e7cbc8767c99e082896,"동원그룹, 상반기 영업익 2976억 15.1%↑…포장재·물류 B2B 선방",https://www.newsworks.co.kr/news/articleView.html?idxno=850210,2026-08-12,www.newsworks.co.kr,Korean,South Korea,수산물,D8_수산물,2026-08-12,,0,NONE,,
7b98ef75f8c40a4c6c3f7d12f8c2c919,"동원그룹, 상반기 총매출 5.1조…영업익 15.1%↑",http://www.newsprime.co.kr/news/article.html?no=743682,2026-08-12,www.newsprime.co.kr,Korean,South Korea,수산물,D8_수산물,2026-08-12,,0,NONE,,
6cc8703b62a27c7e85998b67450ba8c4,"동원산업, 2분기 영업익 1515억원…전년비 13.3% 증가",https://it.chosun.com/news/articleView.html?idxno=2023092168016,2026-08-12,it.chosun.com,Korean,South Korea,수산물,D8_수산물,2026-08-12,,0,NONE,,
879ae6c38ce19ba45bf01affd750ecc7,"동원그룹, 식품 주춤해도 B2B 선전…상반기 영업익 전년비 15.1%↑",https://www.kukinews.com/article/view/kuk202608120169,2026-08-12,www.kukinews.com,Korean,South Korea,수산물,D8_수산물,2026-08-12,,0,NONE,,
5a91bbae54be58f15596f7d95c532470,"동원산업, 상반기 영업익 2976억원…전년比 15.1%↑",http://www.sisafocus.co.kr/news/articleView.html?idxno=363746,2026-08-12,www.sisafocus.co.kr,Korean,South Korea,수산물,D8_수산물,2026-08-12,,0,NONE,,
b1576bb4ce2288bed3ef2517ebf581bc,"정윤우 시의원, 수원농수산물도매시장 현장 목소리 청취",http://www.enewstoday.co.kr/news/articleView.html?idxno=2458774,2026-08-12,www.enewstoday.co.kr,Korean,South Korea,수산물,D8_수산물,2026-08-12,,0,NONE,,
d45ee1e95e51bb5868345caa8b1848f9,"동원그룹, 상반기 영업익 2976억원…B2B 성장에 15.1% 증가",http://www.newsian.co.kr/news/articleView.html?idxno=93658,2026-08-12,www.newsian.co.kr,Korean,South Korea,수산물,D8_수산물,2026-08-12,,0,NONE,,
c472d9e0d6cc13511f594c72cea0b07d,"""공공 사회주택 믿었는데 '피눈물'""…보증금 떼인 청년들, 서울시 무책...",http://www.bizwnews.com/news/articleView.html?idxno=143100,2026-08-12,www.bizwnews.com,Korean,South Korea,제재,D6_교란행위,2026-08-12,,0,NONE,,
ccf50fa70daab3f13638a4cfd0604c31,[팩트추적] 방향을 잃은 요구 '어떤 민원',https://n.news.naver.com/mnews/article/052/0002392566?sid=004,2026-08-12,n.news.naver.com,Korean,South Korea,제재,D6_교란행위,2026-08-12,,0,NONE,,
cacb6688a3b9f1b1f8f26fb706985e5e,[임명묵의 90년대생 시선] 전쟁 중에도 ‘러시아 속 한류’는 왜 확대되...,https://n.news.naver.com/mnews/article/023/0003992650?sid=103,2026-08-12,n.news.naver.com,Korean,South Korea,제재,D6_교란행위,2026-08-12,,0,NONE,,
5309ecb8a4d1c273289bfb2a18fc3fa8,"KBL, ‘세금 분쟁’ 라건아 등록 보류 유지",https://m.sports.naver.com/basketball/article/023/0003992647,2026-08-12,m.sports.naver.com,Korean,South Korea,제재,D6_교란행위,2026-08-12,,0,NONE,,
c6c4c8e1186e5c28935b2e9e4123e135,"방미통위, 구글·애플 4시간 가까이 의견청취…사무처 ""위법"" 판단",https://n.news.naver.com/mnews/article/055/0001380211?sid=100,2026-08-12,n.news.naver.com,Korean,South Korea,제재,D6_교란행위,2026-08-12,,0,NONE,,
cdc1f44478ce5290033e3f99c7139ec6,[대국본 입장문] 반중집회가 문제라면 반미집회부터 중단시켜라!,https://www.christiantoday.co.kr/news/376748,2026-08-12,www.christiantoday.co.kr,Korean,South Korea,제재,D6_교란행위,2026-08-12,,0,NONE,,
a8a566da01e705e690319547254c426a,"경북농협, 공명선거 정착 앞장",https://www.idaegu.co.kr/news/articleView.html?idxno=556609,2026-08-12,www.idaegu.co.kr,Korean,South Korea,제재,D6_교란행위,2026-08-12,,0,NONE,,
baddef4c315f3d579e1d07a5c81e21e3,“몸 씻고 담배 피우고”…청계천서 흡연·음주하다 걸리면 과태료 ‘1...,https://n.news.naver.com/mnews/article/016/0002683128?sid=102,2026-08-12,n.news.naver.com,Korean,South Korea,제재,D6_교란행위,2026-08-12,,0,NONE,,
d3395490c5410df42f8b817070fae813,"윤건영 ""학부모 주도 정책 지원·확대""",http://www.cctimes.kr/news/articleView.html?idxno=921627,2026-08-12,www.cctimes.kr,Korean,South Korea,제재,D6_교란행위,2026-08-12,,0,NONE,,
ad15c359f5542622417ed35717cc4d4b,"수상한 댓글부대, AI가 잡았다…한국사회 흔드는 외국 계정 2만4000개",https://n.news.naver.com/mnews/article/662/0000101749?sid=102,2026-08-12,n.news.naver.com,Korean,South Korea,제재,D6_교란행위,2026-08-12,,0,NONE,,
e42285ed241a49e79423c8e5373a265a,"방미통위, 3년 끈 구글·애플 '앱 마켓 갑질' 규제 조만간 결론",https://n.news.naver.com/mnews/article/469/0000947717?sid=101,2026-08-12,n.news.naver.com,Korean,South Korea,제재,D6_교란행위,2026-08-12,,0,NONE,App market regulation,
5fb4988a4242d2500f230aa3e52f6758,[리포트]선거 때 급증 '외국발 댓글'⋯진보·보수 공격해 갈등,https://tjmbc.co.kr/NewsArticle/856336,2026-08-12,tjmbc.co.kr,Korean,South Korea,제재,D6_교란행위,2026-08-12,,0,NONE,Foreign comments,
f84fbe523b779080729d5190bf5c8cb8,방송광고 규제완화 ‘마중물’ 붓는다…광고 일총량 20%로 확대(종합),https://n.news.naver.com/mnews/article/138/0002237620?sid=105,2026-08-12,n.news.naver.com,Korean,South Korea,제재,D6_교란행위,2026-08-12,,0,NONE,Broadcast advertising,
03eae8de378ae971f753a53d67cdbd2c,"목욕 실화? '청계천 빌런들' 과태료 문다…""최대 10만원""",https://n.news.naver.com/mnews/article/437/0000505897?sid=102,2026-08-12,n.news.naver.com,Korean,South Korea,제재,D6_교란행위,2026-08-12,,0,NONE,Cheonggyecheon enforcement,
cb9d51120f886770bcdb52827495e64d,"구글·애플 인앱결제 제재 ‘막바지’…방미통위, 최종 숙의 돌입",https://n.news.naver.com/mnews/article/138/0002237619?sid=105,2026-08-12,n.news.naver.com,Korean,South Korea,제재,D6_교란행위,2026-08-12,,0,NONE,App market regulation,
cc9acd1f5dbc6f4248733350416a2e9e,청계천서 음주·흡연 ‘퇴출’… 최대 10만원 과태료 문다,https://n.news.naver.com/mnews/article/022/0004150553?sid=102,2026-08-12,n.news.naver.com,Korean,South Korea,제재,D6_교란행위,2026-08-12,,0,NONE,Cheonggyecheon enforcement,
29b90bd205ec9ba56b47a0fca05b9eb2,공무원의 권한은 시민이 맡긴 것이다[명쾌한 임대차 분쟁 리포트],https://n.news.naver.com/mnews/article/144/0001131476?sid=103,2026-08-12,n.news.naver.com,Korean,South Korea,제재,D6_교란행위,2026-08-12,,0,NONE,Civil dispute,
285e9224613f4620af226ccce7a07d66,주룽지 中 전 총리 별세…장쩌민 100주년 앞두고 떠난 '개혁 파트너',https://n.news.naver.com/mnews/article/008/0005399271?sid=104,2026-08-12,n.news.naver.com,Korean,South Korea,제재,D6_교란행위,2026-08-12,,0,NONE,Chinese politics,
505a01ea42cf6c1f7055c48462839e22,"'유부녀 킬러', 방송 4회만 시청률 9.4%…TV 드라마 화제성 순위 2위",https://www.topstarnews.net/news/articleView.html?idxno=16161814,2026-08-12,www.topstarnews.net,Korean,South Korea,제재,D6_교란행위,2026-08-12,,0,NONE,TV drama ratings,
2403528f011767da04cd41420ad811d4,"[세상읽기] 개정 정보통신망법 시행, 공론장 자정 갈림길",https://n.news.naver.com/mnews/article/658/0000152199?sid=110,2026-08-12,n.news.naver.com,Korean,South Korea,제재,D6_교란행위,2026-08-12,,0,NONE,Internet law,
3d454b9f5e5cd2433a027a3c6a50b85e,'무노동 무임금' 비껴간 대전 대덕구의회…원 구성 때까지 의정비 미지...,https://n.news.naver.com/mnews/article/656/0000183914?sid=100,2026-08-12,n.news.naver.com,Korean,South Korea,제재,D6_교란행위,2026-08-12,,0,NONE,Local government,
7e28f5d3cc6893aa971d0779d7038a9b,"구글·애플, 인앱결제 과징금 줄이기 '총력전'…""생색내기"" 비판도",https://n.news.naver.com/mnews/article/421/0009110988?sid=105,2026-08-12,n.news.naver.com,Korean,South Korea,제재,D6_교란행위,2026-08-12,,0,NONE,App market regulation,
2b0ffa58c62f022d77c25e8195de65d3,'아이들 먹거리' 창원시 과일간식 특별점검,https://www.ajunews.com/view/20260812191759876,2026-08-12,www.ajunews.com,Korean,South Korea,제재,D6_교란행위,2026-08-12,,0,NONE,Food safety,
f177140fc55a28ffb5699b4746917406,"구글·애플 인앱결제 제재 임박…방미통위 ""조속히 의결할 것"" (종합)",https://n.news.naver.com/mnews/article/031/0001049286?sid=105,2026-08-12,n.news.naver.com,Korean,South Korea,제재,D6_교란행위,2026-08-12,,0,NONE,App market regulation,
8b94bdfc36926f4e3436d99b6392af2f,"방미통위, 앱마켓 불공정행위 구글·애플 제재 착수…시정조치 추후 의...",https://n.news.naver.com/mnews/article/030/0003456882?sid=105,2026-08-12,n.news.naver.com,Korean,South Korea,제재,D6_교란행위,2026-08-12,,0,NONE,App market regulation,
b04c507a781817948721e2c1ad37f97a,與 전당대회 전 마지막 TV 토론···'당권' 향한 막판 난타전,http://www.mdilbo.com/detail/ilgftp/757943,2026-08-12,www.mdilbo.com,Korean,South Korea,제재,D6_교란행위,2026-08-12,,0,NONE,Political debate,
8a0be2e9e80a81a09e7a019b58a4a269,방미통위 구글·애플 인앱결제 제재 마지막 의견청취…4시간 '마라톤 소...,https://n.news.naver.com/mnews/article/421/0009110981?sid=105,2026-08-12,n.news.naver.com,Korean,South Korea,제재,D6_교란행위,2026-08-12,,0,NONE,App market regulation,
3a4676a3a672fde0a1e0cad37226311d,"""라건아 세금 분쟁 장기화""…KBL, 등록 보류 재확인",https://www.topstarnews.net/news/articleView.html?idxno=16161903,2026-08-12,www.topstarnews.net,Korean,South Korea,제재,D6_교란행위,2026-08-12,,0,NONE,Sports tax dispute,
9b3afa35df29a527a5ecf8a2b99cd4fe,"방미통위 ""구글 수수료 10% 인하, 자진시정으로 보기 어려워""",https://www.digitaltoday.co.kr/news/articleView.html?idxno=692613,2026-08-12,www.digitaltoday.co.kr,Korean,South Korea,제재,D6_교란행위,2026-08-12,,0,NONE,App market regulation,
ec67ee0214aa752db3df351edd0005cc,"금융위-금감원, ""금융행정 쇄신방안의 내용은 확정된 바 없습니다.""",http://www.intn.co.kr/news/articleView.html?idxno=2052523,2026-08-12,www.intn.co.kr,Korean,South Korea,제재,D6_교란행위,2026-08-12,,0,NONE,,
45df64493c1f7f778cfccd9711c89c2f,"구글 수수료 10%로 낮췄지만…방미통위 ""과징금 감경 별도 검토""",https://www.ajunews.com/view/20260812192044877,2026-08-12,www.ajunews.com,Korean,South Korea,제재,D6_교란행위,2026-08-12,,0,NONE,,
9e6808447508890a2f8bc1b65e65623d,"구글·애플 인앱결제 제재 또 연기…방미통위, 본사 의견 직접 청취",https://n.news.naver.com/mnews/article/003/0014124060?sid=105,2026-08-12,n.news.naver.com,Korean,South Korea,제재,D6_교란행위,2026-08-12,,0,NONE,,
57dd917e12609f6c4acf44266ae4a156,"방미통위, 인앱결제 강제 제재 논의 시동",https://n.news.naver.com/mnews/article/092/0002433810?sid=105,2026-08-12,n.news.naver.com,Korean,South Korea,제재,D6_교란행위,2026-08-12,,0,NONE,,
56c9a48fe794c7d11dd33098020fcc98,한밤중 전기톱 들고 경찰과 대치…특공대가 진압,https://n.news.naver.com/mnews/article/422/0000895138?sid=102,2026-08-12,n.news.naver.com,Korean,South Korea,제재,D6_교란행위,2026-08-12,,0,NONE,,
ce9f6f65ed6db3ab325da02b1551d165,"방미통위, 구글·애플 제재 수위 결론 못 내",https://it.chosun.com/news/articleView.html?idxno=2023092168029,2026-08-12,it.chosun.com,Korean,South Korea,제재,D6_교란행위,2026-08-12,,0,NONE,,
d9dd267eecc89a1cb96f1953e0e19f88,"방미통위, 3년 끈 구글·애플 '앱마켓 갑질' 규제안 상정...회의 속행",https://n.news.naver.com/mnews/article/018/0006350578?sid=105,2026-08-12,n.news.naver.com,Korean,South Korea,제재,D6_교란행위,2026-08-12,,0,NONE,,
553a5358ba2e491f1c6085bec4d03d4e,"방미통위, 구글·애플 앱마켓 불공정행위 제재 절차 착수",https://n.news.naver.com/mnews/article/119/0003121188?sid=105,2026-08-12,n.news.naver.com,Korean,South Korea,제재,D6_교란행위,2026-08-12,,0,NONE,,
3dd31a7c9bb2bfbd6e067109bdef2531,구글 '집단소송'에 국내 대형 게임사도 합류,https://www.gnnews.co.kr/news/articleView.html?idxno=643183,2026-08-12,www.gnnews.co.kr,Korean,South Korea,제재,D6_교란행위,2026-08-12,,0,NONE,,
60b9bc9eeb49104cfae45ee5bf848b4f,"계곡 자릿세·불법 평상 뿌리 뽑는다···동해시, 불법 상행위 집중 단...",http://www.enewstoday.co.kr/news/articleView.html?idxno=2458723,2026-08-12,www.enewstoday.co.kr,Korean,South Korea,제재,D6_교란행위,2026-08-12,,0,NONE,,
c504b79492aeee4ce5f5a29d95da557c,"방미통위, 인앱결제 제재 절차 개시...구글-애플 의견 청취",https://www.techm.kr/news/articleView.html?idxno=154257,2026-08-12,www.techm.kr,Korean,South Korea,제재,D6_교란행위,2026-08-12,,0,NONE,,
8d920d750520414fccb707acf9eb9219,"KBL, 라건아 '등록 보류' 유지…""이사회 결의 실효성 해쳤다""",https://m.sports.naver.com/basketball/article/421/0009110965,2026-08-12,m.sports.naver.com,Korean,South Korea,제재,D6_교란행위,2026-08-12,,0,NONE,,
9cbd2421f4eabd595c22ef354641a4dc,"김성환 장관 “낙동강 식수원 위협시 영업중단”… 정부, 영풍 석포제련...",http://www.breaknews.com/1228533,2026-08-12,www.breaknews.com,Korean,South Korea,제재,D6_교란행위,2026-08-12,,0,NONE,,
b36509d4e3ff3a7d38b50349632ce450,"도소매·서비스 가맹본부, 66% 필수품목 미기재…공정위, 실태 점검",https://www.swtvnews.com/news/newsview.php?ncode=1065595635449477,2026-08-12,www.swtvnews.com,Korean,South Korea,제재,D6_교란행위,2026-08-12,,0,NONE,,
9b953dcd13a131b2580d52213314d1ec,3년 만에 열린 구글·애플 제재 심의…결론은 또 연기,https://n.news.naver.com/mnews/article/374/0000527155?sid=101,2026-08-12,n.news.naver.com,Korean,South Korea,제재,D6_교란행위,2026-08-12,,0,NONE,,
b2bd5eb99056b4255ed0b87303275631,소이비랩 저당두유…캐시워크 돈버는퀴즈 정답 공개,https://www.gametoc.co.kr/news/articleView.html?idxno=110590,2026-08-12,www.gametoc.co.kr,Korean,South Korea,제재,D6_교란행위,2026-08-12,,0,NONE,,
829568cf873d52449581a01f6d8360fe,"다올금융그룹, 증권 제재 이어 이병철 회장 경찰 조사",http://www.biztribune.co.kr/news/articleView.html?idxno=357367,2026-08-12,www.biztribune.co.kr,Korean,South Korea,제재,D6_교란행위,2026-08-12,,0,NONE,,
1b13e9ebd79717b3fba8875d7684ffaf,"""연내 애플·구글 제재"" 공표한 방미통위, 결론 못 내",https://n.news.naver.com/mnews/article/008/0005399250?sid=105,2026-08-12,n.news.naver.com,Korean,South Korea,제재,D6_교란행위,2026-08-12,,0,NONE,,
506d83f0ee7f375d7ba1ec8a3f228151,"[논평] 경실련 ""구글 독과점 폐해·조세회피 의혹 강력 제재해야""",https://www.safetimes.co.kr/news/articleView.html?idxno=244883,2026-08-12,www.safetimes.co.kr,Korean,South Korea,제재,D6_교란행위,2026-08-12,,0,NONE,,
b719402054ce78f450e46bfce0d5b236,"보험 청구 10분 걸리던 일을 3분대로…픽스업헬스, 40개 항목 자동 검증...",https://www.venturesquare.net/1105576/,2026-08-12,www.venturesquare.net,Korean,South Korea,양식,D8_수산물,2026-08-12,,0,NONE,,
09b9b50d3f5c809bd287245eb9e5eab9,[다문화칼럼함께하는세상] 제 손이 그냥 올라가요!,https://n.news.naver.com/mnews/article/022/0004150584?sid=110,2026-08-12,n.news.naver.com,Korean,South Korea,양식,D8_수산물,2026-08-12,,0,NONE,,
c3853e11cc8daa0fe8349f748fa5d474,폭염 한풀 꺾였지만 온열질환자 지속…누적 3382명,https://n.news.naver.com/mnews/article/421/0009111080?sid=102,2026-08-12,n.news.naver.com,Korean,South Korea,양식,D8_수산물,2026-08-12,,0,NONE,,
06bb9f3a76a9a743ab75fed8bc762540,메마른 경남에 소방차 2백 대 집결… 가뭄 대응 총력,https://mbcgn.kr/01_new/new01_view.asp?idx=410256,2026-08-12,mbcgn.kr,Korean,South Korea,양식,D8_수산물,2026-08-12,,0,NONE,,
8c0755b0de5cd2aa54b984a5d973c8e2,‘국가소방동원령’ 소방차 집결…‘가뭄·고수온’ 경남도 대응 ‘분주...,https://n.news.naver.com/mnews/article/056/0012236622?sid=102,2026-08-12,n.news.naver.com,Korean,South Korea,양식,D8_수산물,2026-08-12,,0,NONE,,
d99099cdb5dddfe724fc68247c276057,"창원시, 광복군 서명문 태극기 의미 되새겨",http://www.gnmaeil.com/news/articleView.html?idxno=592639,2026-08-12,www.gnmaeil.com,Korean,South Korea,양식,D8_수산물,2026-08-12,,0,NONE,,
b149f56f439ffaf451155ca68d05044f,먹거리부터 생필품까지 장바구니 물가 걱정 덜어드려요,https://www.idaegu.co.kr/news/articleView.html?idxno=556599,2026-08-12,www.idaegu.co.kr,Korean,South Korea,양식,D8_수산물,2026-08-12,,0,NONE,,
3c54c68d640c9a5ff103d4f8cb89cccb,"'양식장 신재생에너지 설치비 지원' 법률안, 국회 통과",http://www.phmbc.co.kr/www/news/desk_news?idx=204022&mode=view,2026-08-12,www.phmbc.co.kr,Korean,South Korea,양식,D8_수산물,2026-08-12,,0,NONE,,
1ef42a0692e222a18c5bd03e647bd4f6,[알림]제21회 경향금융교육대상 공모,https://n.news.naver.com/mnews/article/032/0003463900?sid=102,2026-08-12,n.news.naver.com,Korean,South Korea,양식,D8_수산물,2026-08-12,,0,NONE,,
a639dc07f568233ea77cd7cbebd17c04,"'평창동 대주택' 기은세, 궁중 음식까지 완벽하게 해내는 품격",https://m.entertain.naver.com/article/109/0005587357,2026-08-12,m.entertain.naver.com,Korean,South Korea,양식,D8_수산물,2026-08-12,,0,NONE,,
b4470e2480aa3aebd9ea8395b5957e9a,쇠라의 점·고흐의 선과는 다른…자수·나전 닮은 한국적 현대회화,https://n.news.naver.com/mnews/article/032/0003463885?sid=103,2026-08-12,n.news.naver.com,Korean,South Korea,양식,D8_수산물,2026-08-12,,0,NONE,,
2384168bf833665ff1c0d8aa6f5ef151,"장성군, 친절한 장성맛집 설문조사 실시",http://www.hansbiz.co.kr/news/articleView.html?idxno=856431,2026-08-12,www.hansbiz.co.kr,Korean,South Korea,양식,D8_수산물,2026-08-12,,0,NONE,,
96dfb55b5749ef753706bb2d0baee761,"한국의 생태이야기/ 끈질긴 생명력의 두 얼굴, 칡",https://www.dynews.co.kr/news/articleView.html?idxno=861573,2026-08-12,www.dynews.co.kr,Korean,South Korea,양식,D8_수산물,2026-08-12,,0,NONE,,
7260101ed8fe812e721608e9de216db5,"[단독] ‘국경의 남쪽’ 차승원, 故 안판석 감독 애도…“배우를 살아있...",https://m.entertain.naver.com/article/241/0003525096,2026-08-12,m.entertain.naver.com,Korean,South Korea,양식,D8_수산물,2026-08-12,,0,NONE,,
ba4475851ac44a751fe0ad012a939dbd,"정관장, 왕실 건강차로 외국인 잡는다…면세 전용 '궁정비차' 출시",http://www.biztribune.co.kr/news/articleView.html?idxno=357360,2026-08-12,www.biztribune.co.kr,Korean,South Korea,양식,D8_수산물,2026-08-12,,0,NONE,,
1ad16e4e07f641da8866c7197e82da5d,익산 미륵사지 미디어아트 다음 달 4일 개막,https://n.news.naver.com/mnews/article/056/0012236464?sid=103,2026-08-12,n.news.naver.com,Korean,South Korea,양식,D8_수산물,2026-08-12,,0,NONE,,
0197aa6923fa848659f246371c4f67b1,‘멋진 신세계’가 왔는가?,https://www.kbmaeil.com/article/20260811500463,2026-08-12,www.kbmaeil.com,Korean,South Korea,양식,D8_수산물,2026-08-12,,0,NONE,,
362843c026430abf9f89417aeda5f599,"경기기업비서, AI로 맞춤 지원책 일목요연",https://www.kihoilbo.co.kr/news/articleView.html?idxno=3031441,2026-08-12,www.kihoilbo.co.kr,Korean,South Korea,양식,D8_수산물,2026-08-12,,0,NONE,,
125187134e947741e9d6ad15538974f6,"경북도의회, 경주 덕동댐 찾아 폭염·가뭄 대응 점검",https://n.news.naver.com/mnews/article/022/0004150527?sid=102,2026-08-12,n.news.naver.com,Korean,South Korea,양식,D8_수산물,2026-08-12,,0,NONE,,
132de87c9dc6e36a78d888ef5d7f3581,"이랜드파크 켄싱턴호텔 여의도, 예비부부 위한 하반기 웨딩 쇼케이스 개...",https://www.pointdaily.co.kr/news/articleView.html?idxno=315334,2026-08-12,www.pointdaily.co.kr,Korean,South Korea,양식,D8_수산물,2026-08-12,,0,NONE,,
aefea1b650e0d96b1f429fd57347c152,"'K-헤리티지 티' 내세운 정관장, 왕실 건강차 콘셉트 '궁정비차 트리플...",https://www.s-journal.co.kr/news/articleView.html?idxno=43008,2026-08-12,www.s-journal.co.kr,Korean,South Korea,양식,D8_수산물,2026-08-12,,0,NONE,,
8ea657f228fe319e73131e828ed2e600,[오늘 한 컷] 구글에 1위 내준 토종 네이버,https://n.news.naver.com/mnews/article/437/0000505869?sid=100,2026-08-12,n.news.naver.com,Korean,South Korea,양식,D8_수산물,2026-08-12,,0,NONE,,
43325ad701e71a6817c7ff1b3b62911b,"전남광주 통합 후 첫 수능, 이달 24일부터 원서접수",https://www.namdonews.com/news/articleView.html?idxno=919906,2026-08-12,www.namdonews.com,Korean,South Korea,양식,D8_수산물,2026-08-12,,0,NONE,,
b83c873f2eaa36a9e0345bc62764e3f5,3·1운동부터 5·18까지···양림동 걸으며 되새기는 근대 역사,http://www.mdilbo.com/detail/c3QycN/757939,2026-08-12,www.mdilbo.com,Korean,South Korea,양식,D8_수산물,2026-08-12,,0,NONE,,
69068e25ff2ac660575dc2a413936204,매장 밖으로 나온 유통업계… K패션 수출부터 '1시간 장보기'까지,https://www.pressman.kr/news/articleView.html?idxno=103137,2026-08-12,www.pressman.kr,Korean,South Korea,양식,D8_수산물,2026-08-12,,0,NONE,,
1f00140aef657a5182c64f19f255ae23,"장성군, 내달 6일까지 ‘우리동네 맛집’ 설문조사",http://www.jndn.com/article.php?aid=1786524396437739109,2026-08-12,www.jndn.com,Korean,South Korea,양식,D8_수산물,2026-08-12,,0,NONE,,
f3916d840e3ad76812cb2883223d91e1,제10회 고흥군 송수권 시문학상 작품 공모,http://www.jndn.com/article.php?aid=1786524359437725107,2026-08-12,www.jndn.com,Korean,South Korea,양식,D8_수산물,2026-08-12,,0,NONE,,
5deac4f620641e7e1536254eca015320,"""압도적인 해상도로 찍었기 때문에""…'유퀴즈' 크리스토퍼 놀란 감독, 아...",https://www.topstarnews.net/news/articleView.html?idxno=16161774,2026-08-12,www.topstarnews.net,Korean,South Korea,양식,D8_수산물,2026-08-12,,0,NONE,,
7e0d333d6f178c77dbc375744ebb8cdd,1400년 전 백제 왕도가 빛으로 깨어난다... 익산 미륵사지 미디어아트,https://www.polinews.co.kr/news/articleView.html?idxno=739975,2026-08-12,www.polinews.co.kr,Korean,South Korea,양식,D8_수산물,2026-08-12,,0,NONE,,
bc0c3f92e569315106226cb862b51d14,"장성군, 주민·관광객 함께 '친절한 장성맛집' 발굴",https://www.namdonews.com/news/articleView.html?idxno=919874,2026-08-12,www.namdonews.com,Korean,South Korea,양식,D8_수산물,2026-08-12,,0,NONE,,
0f53f41312d1f91a9358effe550a8d3b,2027학년도 수능 원서접수 24일 시작…전남광주교육청 준비 본격화,https://www.ajunews.com/view/20260812171655600,2026-08-12,www.ajunews.com,Korean,South Korea,양식,D8_수산물,2026-08-12,,0,NONE,,
9be24b29467a15ab9ca83e6e439b4776,"부산보건대 앵커사업단, ‘바이브 코딩’ 기반 DX·AI 역량강화 교육 성...",https://n.news.naver.com/mnews/article/082/0001393646?sid=102,2026-08-12,n.news.naver.com,Korean,South Korea,양식,D8_수산물,2026-08-12,,0,NONE,,
a0d7f6a63bcdc22587b4d1836d0d2368,"켄싱턴호텔 여의도, 웨딩 쇼케이스 4일간 개최",https://www.newstnt.com/news/articleView.html?idxno=713764,2026-08-12,www.newstnt.com,Korean,South Korea,양식,D8_수산물,2026-08-12,,0,NONE,,
24cffcc51998c78784b9394aa9247f36,"[중화학 ON] 한화, 동남권 대학 지역 AI·우주 인재 양성 外",https://dealsite.co.kr/articles/167058,2026-08-12,dealsite.co.kr,Korean,South Korea,한국 공급망,D9_한국,2026-08-12,,0,NONE,,
e07d89e1197a60e520da5d49be02c674,[베트남 주간 이슈] 삼성전기 'AI 기판' 2.4배 증설…중국차 상륙 속 빈...,https://www.insidevina.com/news/articleView.html?idxno=43819,2026-08-12,www.insidevina.com,Korean,South Korea,한국 공급망,D9_한국,2026-08-12,,0,NONE,,
0b65f0b7f5512eadb11fb5a2d92292ee,"KAI 노조 ""한화 기업 결합 불허해야""",http://www.gnmaeil.com/news/articleView.html?idxno=592648,2026-08-12,www.gnmaeil.com,Korean,South Korea,한국 공급망,D9_한국,2026-08-12,,0,NONE,,
411d33ea7358f503ec8b0a9783c2aee8,"KAI 노조, 공정위에 한화 기업결합 불허 촉구…“경쟁구조 훼손”",https://n.news.naver.com/mnews/article/022/0004150568?sid=101,2026-08-12,n.news.naver.com,Korean,South Korea,한국 공급망,D9_한국,2026-08-12,,0,NONE,,
81fdf398337cc8d931441e3f9469ea41,"함양군, 외국인 계절근로자 도입국 다변화…안정적 인력 확보",https://n.news.naver.com/mnews/article/031/0001049303?sid=102,2026-08-12,n.news.naver.com,Korean,South Korea,한국 공급망,D9_한국,2026-08-12,,0,NONE,,
c49fdf5ecf8b8bab0a3ac19b3e870322,"일진파워, 핵융합 분야 사업 확대 가속화",http://www.ujeil.com/news/articleView.html?idxno=390317,2026-08-12,www.ujeil.com,Korean,South Korea,한국 공급망,D9_한국,2026-08-12,,0,NONE,,
569e43b3ef4a7b0ff6bcb71ef1d6fb14,전쟁 인접국 수준이라니…한국인들이 꼽은 '중요한 문제' [정치 인사이...,https://n.news.naver.com/mnews/article/015/0005320277?sid=100,2026-08-12,n.news.naver.com,Korean,South Korea,한국 공급망,D9_한국,2026-08-12,,0,NONE,,
5a546aeed172779ac275812c2a3cf691,"[특징주] 로보티즈, 정부 휴머노이드·4족보행 로봇 선제 구매 추진에 강...",https://www.tokenpost.kr/news/economy/389250,2026-08-12,www.tokenpost.kr,Korean,South Korea,한국 공급망,D9_한국,2026-08-12,,0,NONE,,
98fd6ebde67a14e76ee56dee7bd526dc,KAI 노조 '공정위는 KAI와 한화의 기업결합 심사 불허' 주장,https://www.gnnews.co.kr/news/articleView.html?idxno=643192,2026-08-12,www.gnnews.co.kr,Korean,South Korea,한국 공급망,D9_한국,2026-08-12,,0,NONE,,
1cea4c34425e68c254b66cf05f32da15,"한·우즈베키스탄, 핵심광물·K-AI 협력 추진",https://www.tokenpost.kr/news/policy/389241,2026-08-12,www.tokenpost.kr,Korean,South Korea,한국 공급망,D9_한국,2026-08-12,,0,NONE,,
c3461007e8b27ac56402e312bb926022,"정부, SMR·양자·우주·바이오 등 7대 미래성장동력 키운다",https://www.gnnews.co.kr/news/articleView.html?idxno=643188,2026-08-12,www.gnnews.co.kr,Korean,South Korea,한국 공급망,D9_한국,2026-08-12,,0,NONE,,
f45e1be138f102a9496d8713ee4e58dc,"KAI 노조 “한화, 공급사이자 경쟁사…기업결합 불허해야”",https://n.news.naver.com/mnews/article/029/0003042125?sid=101,2026-08-12,n.news.naver.com,Korean,South Korea,한국 공급망,D9_한국,2026-08-12,,0,NONE,,
0c680bb4b46ac5e7b3c051049b5000c6,"나르마, 베트남 기업과 차세대 '무인항공기' 개발·사업화",http://www.hellodd.com/news/articleView.html?idxno=112802,2026-08-12,www.hellodd.com,Korean,South Korea,한국 공급망,D9_한국,2026-08-12,,0,NONE,,
7a7dfb1270b834d2d56f901ae69c0910,"구윤철, 우즈베크 협력 사업에 'K-AI 패키지' 제안",https://n.news.naver.com/mnews/article/123/0002388303?sid=101,2026-08-12,n.news.naver.com,Korean,South Korea,한국 공급망,D9_한국,2026-08-12,,0,NONE,,
b8f1b6994eb2b461e6f4e481e276f4d6,"[증권 이모저모] 삼성자산운용 S&P500 인덱스펀드, 순자산 1조 돌파",https://www.goodkyung.com/news/articleView.html?idxno=290221,2026-08-12,www.goodkyung.com,Korean,South Korea,한국 공급망,D9_한국,2026-08-12,,0,NONE,,
bd6d36210c67ae2ae9af3833b1085209,현장칼럼-육·해·공 넘어 우주까지…한화·KAI가 그리는K-방산의 미래,http://www.gndomin.com/news/articleView.html?idxno=485267,2026-08-12,www.gndomin.com,Korean,South Korea,한국 공급망,D9_한국,2026-08-12,,0,NONE,,
e65dc1650a418ff040e24a300686cc3b,"코트라·지질자원연구원, 핵심광물 공급망 협력",http://www.lawissue.co.kr/view.php?ud=202608121811419946f4ab64559d_12,2026-08-12,www.lawissue.co.kr,Korean,South Korea,한국 공급망,D9_한국,2026-08-12,,0,NONE,,
41f1234df7780961afed0316af67e186,"아워홈, ‘글로벌 HACCP’ 안전인증 쾌거…“수출경쟁력 더욱 끌어올릴...",https://n.news.naver.com/mnews/article/020/0003740422?sid=101,2026-08-12,n.news.naver.com,Korean,South Korea,한국 공급망,D9_한국,2026-08-12,,0,NONE,,
2e9bd97dec143828519e145f29e4d0a7,"""46만명 마실 물 말라간다""…윤석대 한국수자원공사 사장, '가뭄 비상' ...",http://www.dailysmart.co.kr/news/articleView.html?idxno=128196,2026-08-12,www.dailysmart.co.kr,Korean,South Korea,한국 공급망,D9_한국,2026-08-12,,0,NONE,,
6750e8827dfd163745132b86c96be79b,[사이언스게시판] 핵융합·양자·우주 등 7대 첨단기술 키운다 外,https://n.news.naver.com/mnews/article/584/0000038889?sid=105,2026-08-12,n.news.naver.com,Korean,South Korea,한국 공급망,D9_한국,2026-08-12,,0,NONE,,
f54e6e31495438774022911d2bab1901,"정부, 7대 미래 성장 동력 키운다…'시드 프로젝트' 가동",https://n.news.naver.com/mnews/article/422/0000895106?sid=105,2026-08-12,n.news.naver.com,Korean,South Korea,한국 공급망,D9_한국,2026-08-12,,0,NONE,,
9dde8cadd824f08d2dd0cb193f70c58a,"윤석대 수자원공사 사장, 경북 가뭄 대응·용수공급 점검",https://www.pinpointnews.co.kr/news/articleView.html?idxno=476805,2026-08-12,www.pinpointnews.co.kr,Korean,South Korea,한국 공급망,D9_한국,2026-08-12,,0,NONE,,
1cccf9576e4759af08a3e288270c4ea7,별도 대체식 요구 커지는 학교급식,http://www.fsnews.co.kr/news/articleView.html?idxno=61731,2026-08-12,www.fsnews.co.kr,Korean,South Korea,한국 공급망,D9_한국,2026-08-12,,0,NONE,,
1d99a04c2b62eb454e1dd22c3701a2d2,"정기선·빌 게이츠, 14일 서울서 만나 SMR동맹 집중 논의",https://n.news.naver.com/mnews/article/009/0005720231?sid=101,2026-08-12,n.news.naver.com,Korean,South Korea,한국 공급망,D9_한국,2026-08-12,,0,NONE,,
4ebfa93a724ebf13ea1c3858abed136c,"SMR부터 양자·우주까지…정부, 7대 차세대 먹거리 육성 '시동'",https://www.m-i.kr/news/articleView.html?idxno=1401743,2026-08-12,www.m-i.kr,Korean,South Korea,한국 공급망,D9_한국,2026-08-12,,0,NONE,,
edf0d94f5b156ee797ce646ab1c07ef5,"경기주택도시공사, 중소벤처기업인증원 심사 통과…7년 연속 '인권경영...",https://www.kdpress.co.kr/news/articleView.html?idxno=207735,2026-08-12,www.kdpress.co.kr,Korean,South Korea,한국 공급망,D9_한국,2026-08-12,,0,NONE,,
5a521a06b4a1ad9c7e560587b1d48142,"""한화 경영참여 시 공급망 위축""…KAI 노조, 공정위에 제동 요청",https://n.news.naver.com/mnews/article/003/0014123936?sid=101,2026-08-12,n.news.naver.com,Korean,South Korea,한국 공급망,D9_한국,2026-08-12,,0,NONE,,
d7a385373080730c5ca0ba762bf43a5a,"KAI 노동조합, 공정위에 한화 기업결함 불허 요구…경쟁 구조 훼손 우려",http://www.srtimes.kr/news/articleView.html?idxno=209860,2026-08-12,www.srtimes.kr,Korean,South Korea,한국 공급망,D9_한국,2026-08-12,,0,NONE,,
04c27cbf7a2c1510ffe5d84846a1accd,"SMR·양자·우주까지…정부, 미래 먹거리 7대 SEED 프로젝트 가동",https://www.ajunews.com/view/20260812171630599,2026-08-12,www.ajunews.com,Korean,South Korea,한국 공급망,D9_한국,2026-08-12,,0,NONE,,
bbd87d41a4583665912993bf793b6f08,"마르는 영천댐, 높아진 형산강 염분…경북 46만 명 물안보 비상대응",https://www.ccdailynews.com/news/articleView.html?idxno=2433935,2026-08-12,www.ccdailynews.com,Korean,South Korea,한국 공급망,D9_한국,2026-08-12,,0,NONE,,
2ae413c1913e34351bc47c08f77dab3d,"영종 정전사태 한 달···대책위 ""한전 과실 셀프판정 수용 불가""",https://www.incheontoday.com/news/articleView.html?idxno=322323,2026-08-12,www.incheontoday.com,Korean,South Korea,한국 공급망,D9_한국,2026-08-12,,0,NONE,,
2250d170046712d465669411a459b2fd,"KAI 노조 “공정위, KAI·한화 기업 결합 불허해야”",https://www.sentv.co.kr/article/view/sentv202608120164,2026-08-12,www.sentv.co.kr,Korean,South Korea,한국 공급망,D9_한국,2026-08-12,,0,NONE,,
3d12ee30ee2e2b93c6ae0a959ecaeb8a,"경수형 SMR 상용화·달 착륙…정부, 7대 SEED 추진",https://n.news.naver.com/mnews/article/119/0003121142?sid=101,2026-08-12,n.news.naver.com,Korean,South Korea,한국 공급망,D9_한국,2026-08-12,,0,NONE,,
9f63a7bd30078a3a67b41d2419f43126,"KAI 노조, 공정위에 한화 기업결합 불허 촉구…""경쟁구조 훼손""",https://n.news.naver.com/mnews/article/001/0016247890?sid=101,2026-08-12,n.news.naver.com,Korean,South Korea,한국 공급망,D9_한국,2026-08-12,,0,NONE,,
273c1ea96ce889d6808a5ff74ca27c37,"[ZD SW 투데이] 아이티센클로잇, 디지털서비스 이용지원시스템에 AWS 클...",https://n.news.naver.com/mnews/article/092/0002433786?sid=105,2026-08-12,n.news.naver.com,Korean,South Korea,한국 공급망,D9_한국,2026-08-12,,0,NONE,,
d313d56e29bbaa71b8cce28865c1af32,전고체 배터리 상용화 가까워지나⋯제조·신뢰성 검증 단계 돌입,https://www.autodaily.co.kr/news/articleView.html?idxno=546572,2026-08-12,www.autodaily.co.kr,Korean,South Korea,한국 공급망,D9_한국,2026-08-12,,0,NONE,,
3ade1af1b81834982f5056e84ef22138,"빌 게이츠 오고, 구광모는 美로…14일 재계 '빅데이'",https://n.news.naver.com/mnews/article/031/0001049219?sid=101,2026-08-12,n.news.naver.com,Korean,South Korea,한국 공급망,D9_한국,2026-08-12,,0,NONE,,
40f8fb491ec7cc8550d59956f5756b68,"ISEC 2026 개막, AI 시대 '자율 보안' 전환 화두…""사이버 위협도 빠르게...",https://www.cbci.co.kr/news/articleView.html?idxno=597687,2026-08-12,www.cbci.co.kr,Korean,South Korea,한국 공급망,D9_한국,2026-08-12,,0,NONE,,
6045f16040c2c5903d1728291be23cad,"[실적리뷰]루멘텀, 호실적에도 투자의견 하향…동종업계 밸류 적용-BofA",https://n.news.naver.com/mnews/article/018/0006350612?sid=101,2026-08-12,n.news.naver.com,Korean,South Korea,공급부족,D6_교란행위,2026-08-12,,0,NONE,,
87db0079c87f9d2ab6123c2d03861187,"""폐버스 황당...청년이 좋아하는 주택공급 대책 내놓길""",https://n.news.naver.com/mnews/article/052/0002392521?sid=102,2026-08-12,n.news.naver.com,Korean,South Korea,공급부족,D6_교란행위,2026-08-12,,0,NONE,,
8ff846ea8dd8a67bcd1f0e82ad632e78,"영덕, 가뭄 취약 현장 점검...안정적 용수 확보 '총력'",https://www.idaegu.co.kr/news/articleView.html?idxno=556577,2026-08-12,www.idaegu.co.kr,Korean,South Korea,공급부족,D6_교란행위,2026-08-12,,0,NONE,,
58450e3cb34d7bba88dda31c6818573c,"野, 형소법 무력화 '총력'…與, 부동산 민심 달래기 '속도'",https://www.idaegu.co.kr/news/articleView.html?idxno=556591,2026-08-12,www.idaegu.co.kr,Korean,South Korea,공급부족,D6_교란행위,2026-08-12,,0,NONE,,
6c9221cc190509f9e4094eed2482ca02,"영국 전력망, 일식·폭염에 1.2GW 여유 부족 경고",https://www.tokenpost.kr/news/breaking/389333,2026-08-12,www.tokenpost.kr,Korean,South Korea,공급부족,D6_교란행위,2026-08-12,,0,NONE,,
9f21c7635410507c139f1a2ea0061ae7,민주당 '주택시장 안정화 TF' 가동…내일은 의원총회 연다,https://n.news.naver.com/mnews/article/002/0002451967?sid=100,2026-08-12,n.news.naver.com,Korean,South Korea,공급부족,D6_교란행위,2026-08-12,,0,NONE,,
32decd90d30fa73ef168b80144b8c2d6,"삼성전자, 2분기 낸드 출하량 1위 수성-中 YMTC 첫 글로벌 3위",https://www.mediafine.co.kr/news/articleView.html?idxno=86472,2026-08-12,www.mediafine.co.kr,Korean,South Korea,공급부족,D6_교란행위,2026-08-12,,0,NONE,,
76ac8a912ed663e7a22ca7252232da3e,민주 “비아파트 공급 늘리고 모듈러 방식 도입”…주택 TF 첫 회의,https://n.news.naver.com/mnews/article/028/0002818266?sid=100,2026-08-12,n.news.naver.com,Korean,South Korea,공급부족,D6_교란행위,2026-08-12,,0,NONE,,
06453770a0c4f8d1c5c78fb72e2d47fd,"[마켓인]2막 맞은 韓 임팩트 업계…""단순 투자 넘어 생태계 구축""",https://n.news.naver.com/mnews/article/018/0006350585?sid=101,2026-08-12,n.news.naver.com,Korean,South Korea,공급부족,D6_교란행위,2026-08-12,,0,NONE,,
0ac174a68f26b82f3ba1e7231387e775,"극심한 가뭄에 전국 2백 대 소방차 경남으로‥""가뭄에 단비""",https://n.news.naver.com/mnews/article/214/0001517501?sid=102,2026-08-12,n.news.naver.com,Korean,South Korea,공급부족,D6_교란행위,2026-08-12,,0,NONE,,
3706652c9ec44947d45de57be1413de5,“130만→300만원 된다고?” 모건스탠리까지 주식 사라고 추천…‘톱픽...,https://n.news.naver.com/mnews/article/016/0002683112?sid=101,2026-08-12,n.news.naver.com,Korean,South Korea,공급부족,D6_교란행위,2026-08-12,,0,NONE,,
fc93c8e9df1386cf3b6491a36fa8baad,"삼성전자, 2분기 낸드 시장 1위…中 YMTC, 낸드 3위로",https://n.news.naver.com/mnews/article/277/0005802319?sid=101,2026-08-12,n.news.naver.com,Korean,South Korea,공급부족,D6_교란행위,2026-08-12,,0,NONE,,
406ebd51e5fb1d6313dfa8b2b1499a6c,"삼성전자, 2분기 낸드 시장 1위 수성…中 YMTC 첫 톱3 진입",https://n.news.naver.com/mnews/article/366/0001185879?sid=105,2026-08-12,n.news.naver.com,Korean,South Korea,공급부족,D6_교란행위,2026-08-12,,0,NONE,,
7a06bf65260906ec32510ac0b200d83f,"중국 양쯔메모리, 올해 2분기 글로벌 낸드 시장 첫 '톱3' 진입...1위는 삼...",https://www.livebiz.today/news/articleView.html?idxno=204098,2026-08-12,www.livebiz.today,Korean,South Korea,공급부족,D6_교란행위,2026-08-12,,0,NONE,,
ad629949d0f666b4816b4d9b44c1e03f,"[오늘장특징주]루멘텀, 코어위브, 네비우스",https://n.news.naver.com/mnews/article/018/0006350579?sid=101,2026-08-12,n.news.naver.com,Korean,South Korea,공급부족,D6_교란행위,2026-08-12,,0,NONE,,
2ecf91b6dbf84a7956d89e46a5345412,"들끓는 부동산 민심에 TF 띄운 여당…""윤석열·오세훈 탓""",https://n.news.naver.com/mnews/article/057/0001963382?sid=100,2026-08-12,n.news.naver.com,Korean,South Korea,공급부족,D6_교란행위,2026-08-12,,0,NONE,,
22b8b9acccfc75c57d11cc517a36e5a5,"與 ""내일 주택공급·금융대책 발표…모듈러 방식 통한 과감한 공급 필요...",https://n.news.naver.com/mnews/article/003/0014124056?sid=100,2026-08-12,n.news.naver.com,Korean,South Korea,공급부족,D6_교란행위,2026-08-12,,0,NONE,,
0d5cc3d5231547c284f189f97faede5f,"부동산 민심 달래기 나선 與… ""주택 공급 속도 혁신적 단축 필요""",https://n.news.naver.com/mnews/article/469/0000947706?sid=100,2026-08-12,n.news.naver.com,Korean,South Korea,공급부족,D6_교란행위,2026-08-12,,0,NONE,,
e78a4acb21463702dd9165953e4a6d5c,[경제전망대] 수요층이 판단한 하반기 부동산시장 전망,https://www.kyeongin.com/article/1768922,2026-08-12,www.kyeongin.com,Korean,South Korea,공급부족,D6_교란행위,2026-08-12,,0,NONE,,
64be94db908e62c8bbd0b12d8f4febef,[이슈분석] “내 집 들어가려는데 전세금 막혔다”…퇴거대출에 꼬인 실...,https://www.tfmedia.co.kr/news/article.html?no=206435,2026-08-12,www.tfmedia.co.kr,Korean,South Korea,공급부족,D6_교란행위,2026-08-12,,0,NONE,,
8b7c032a4ef571fe167c27fdf752d1ab,강남 전세 못 구하면 성동·마포로…풍선효과 번질 수도 [집슐랭],https://n.news.naver.com/mnews/article/011/0004651164?sid=101,2026-08-12,n.news.naver.com,Korean,South Korea,공급부족,D6_교란행위,2026-08-12,,0,NONE,,
b13e1c427bfd7822f537c25d655a8a25,13일 부동산 대책 연쇄 발표…주택 신속공급·금융규제 손본다,http://www.4th.kr/news/articleView.html?idxno=2116239,2026-08-12,www.4th.kr,Korean,South Korea,공급부족,D6_교란행위,2026-08-12,,0,NONE,,
7bdb89bd88b0ea0bd2627b3bd202ec40,"1㎏ 아기 위해…두 달에 한 번, 기존 제품 라인 멈추고 별도 생산",https://n.news.naver.com/mnews/article/011/0004651150?sid=101,2026-08-12,n.news.naver.com,Korean,South Korea,공급부족,D6_교란행위,2026-08-12,,0,NONE,,
fd3c82fd2290e5d892b60aab9a3c729a,"당정 ""비아파트 공급 확대 속도전… 금융 지원·규제 완화""",https://n.news.naver.com/mnews/article/014/0005560789?sid=100,2026-08-12,n.news.naver.com,Korean,South Korea,공급부족,D6_교란행위,2026-08-12,,0,NONE,,
b45f31fb6a005c67233b30a752e8f140,"삼성전자, 올해 2분기 낸드 시장 1위…중국 YMTC 첫 톱3 진입",https://n.news.naver.com/mnews/article/374/0000527148?sid=104,2026-08-12,n.news.naver.com,Korean,South Korea,공급부족,D6_교란행위,2026-08-12,,0,NONE,,
5dd79082ad627e51bee4012fb3c32978,與 '주택시장 안정화 TF' 첫회의서 '우려' 목소리...주택공급 ‘속도전...,https://www.mediapen.com/news/view/1116045,2026-08-12,www.mediapen.com,Korean,South Korea,공급부족,D6_교란행위,2026-08-12,,0,NONE,,
f8558736db78a96e7cb6e817d4922509,부동산 TF 확대 예고한 민주당… 공급·금융 손보고 뉴홈 해명,https://www.sisaweek.com/news/articleView.html?idxno=237267,2026-08-12,www.sisaweek.com,Korean,South Korea,공급부족,D6_교란행위,2026-08-12,,0,NONE,,
a5fa2582e6e2cdfde9fef1529822d409,"與 ""13일 주택 공급·금융대책 발표""...비아파트·모듈러 주택 등 단기 ...",https://n.news.naver.com/mnews/article/660/0000115058?sid=100,2026-08-12,n.news.naver.com,Korean,South Korea,공급부족,D6_교란행위,2026-08-12,,0,NONE,,
2c168e3e6935bbe46c4bb5d9d61c6039,민심 달래기 나선 與 “비거주 1주택 과세 우려 정부에 전달”,https://n.news.naver.com/mnews/article/022/0004150501?sid=100,2026-08-12,n.news.naver.com,Korean,South Korea,공급부족,D6_교란행위,2026-08-12,,0,NONE,,
9bd2fdcad3666617dc9be400ecfc5127,8월 울산 아파트 입주전망 석달만에 ‘하락 전환’,https://www.usmbc.co.kr/NewsArticle/856252,2026-08-12,www.usmbc.co.kr,Korean,South Korea,공급부족,D6_교란행위,2026-08-12,,0,NONE,,
0f696025d4eb20b0f2d2cb250e7a18df,"힘찬병원 “더위에 혈당도 흔들린다…고혈당·저혈당 쇼크, 응급 신호 ...",http://www.lawissue.co.kr/view.php?ud=202608121807156408f4ab64559d_12,2026-08-12,www.lawissue.co.kr,Korean,South Korea,공급부족,D6_교란행위,2026-08-12,,0,NONE,,
f6eca3e6ebff939b2b2e062f564a56f2,정청래 “LH 정상화” 김민석 “재정 더 투입” 송영길 “투자 허용”…...,https://n.news.naver.com/mnews/article/022/0004150497?sid=100,2026-08-12,n.news.naver.com,Korean,South Korea,공급부족,D6_교란행위,2026-08-12,,0,NONE,,
3607d07b2bb8971e2cef6f6b3fd0b123,"與 ""비아파트 공급 확대·모듈러 방식 통한 과감한 공급 필요…비거주 ...",https://n.news.naver.com/mnews/article/003/0014123986?sid=100,2026-08-12,n.news.naver.com,Korean,South Korea,공급부족,D6_교란행위,2026-08-12,,0,NONE,,
e377d38a5f630bbb4741d51c683e39d0,"與 ""내일 부동산 공급대책 발표""…'비아파트·모듈러'로 속도전",https://n.news.naver.com/mnews/article/215/0001262146?sid=101,2026-08-12,n.news.naver.com,Korean,South Korea,공급부족,D6_교란행위,2026-08-12,,0,NONE,,
4ecaf2d7319760d2ec6c122eeaa93d21,"“새벽부터 달려와”…전국서 몰린 소방차, 메마른 경남에 물대포 쐈다",https://n.news.naver.com/mnews/article/025/0003543977?sid=102,2026-08-12,n.news.naver.com,Korean,South Korea,공급부족,D6_교란행위,2026-08-12,,0,NONE,,
89b3cff17ac3664c0cba8f91f215c939,장흥군 가뭄 장기화 대비... 민관 힘 모아 농업용수 확보 나섰다,https://www.polinews.co.kr/news/articleView.html?idxno=739971,2026-08-12,www.polinews.co.kr,Korean,South Korea,공급부족,D6_교란행위,2026-08-12,,0,NONE,,
473a81393adb29cacaa2c960c5c29a7f,“여기까지 아파트로?”…용산어린이정원 앞 근조 화환 100여 개 [오승혁...,https://n.news.naver.com/mnews/article/629/0000524040?sid=101,2026-08-12,n.news.naver.com,Korean,South Korea,공급부족,D6_교란행위,2026-08-12,,0,NONE,,
ea6458170a4fcd481aa0ccfbb3b763ed,"AI 서버가 낸드 48% 흡수…삼성·SK 접전, 中 YMTC 3위",https://n.news.naver.com/mnews/article/008/0005399197?sid=105,2026-08-12,n.news.naver.com,Korean,South Korea,공급부족,D6_교란행위,2026-08-12,,0,NONE,,
f568a8cc3c16bfe32a5e5c0e7951ea5e,"與 ""주택공급·금융대책 내일 발표…모듈러 도입 과감한 공급""(종합)",https://n.news.naver.com/mnews/article/001/0016247952?sid=101,2026-08-12,n.news.naver.com,Korean,South Korea,공급부족,D6_교란행위,2026-08-12,,0,NONE,,
4d3a2262177b7639e0c8438a8121bb80,새만금에 ‘헴프산업 허브’ 띄운다…전북도-기업 7곳 맞손,https://n.news.naver.com/mnews/article/468/0001259598?sid=102,2026-08-12,n.news.naver.com,Korean,South Korea,수출규제,D6_교란행위,2026-08-12,,0,NONE,,
5d5b6537d30690e28b9642335d04907e,"영란은행 CBDC 2단계, 폴리곤 참여…수출·수입 결제 이원화",https://www.wikitree.co.kr/articles/1152097,2026-08-12,www.wikitree.co.kr,Korean,South Korea,수출규제,D6_교란행위,2026-08-12,,0,NONE,,
c1582b354411a540fc8dca1f1ff4309b,"메타, ‘제2의 딥시크’ 중국계 AI기업 마누스 인수 무산",https://n.news.naver.com/mnews/article/022/0004150577?sid=104,2026-08-12,n.news.naver.com,Korean,South Korea,수출규제,D6_교란행위,2026-08-12,,0,NONE,,
a137b3b010ab5fe5314841d19146a3e8,"식약처, K-바이오 규제혁신으로 최우수 정책상",https://www.kdpress.co.kr/news/articleView.html?idxno=207747,2026-08-12,www.kdpress.co.kr,Korean,South Korea,수출규제,D6_교란행위,2026-08-12,,0,NONE,,
481a6ae8735530dcbb44d54d7d655ba9,"KTL, 중국과 전기차 인증 협력 강화",http://www.gnmaeil.com/news/articleView.html?idxno=592652,2026-08-12,www.gnmaeil.com,Korean,South Korea,수출규제,D6_교란행위,2026-08-12,,0,NONE,,
19fc5a6681ec5c5e111ffacd792a5861,"전북도, 새만금 헴프산업클러스터 협력 체계 구축",https://jtv.co.kr/news/article.php?id=70542,2026-08-12,jtv.co.kr,Korean,South Korea,수출규제,D6_교란행위,2026-08-12,,0,NONE,,
fe7e5eca117772e29008bd02a48357c6,"KTL, 중국 CQC와 손잡고 전기차 배터리·충전설비 시험인증 협력 강화",https://n.news.naver.com/mnews/article/082/0001393705?sid=101,2026-08-12,n.news.naver.com,Korean,South Korea,수출규제,D6_교란행위,2026-08-12,,0,NONE,,
56de8e42297aef8188179827b44e5007,"KTL, 중국 전기차 인증시장 공략 지원",https://www.gnnews.co.kr/news/articleView.html?idxno=643185,2026-08-12,www.gnnews.co.kr,Korean,South Korea,수출규제,D6_교란행위,2026-08-12,,0,NONE,,
3e716aef2d956d527cf6d00f81284b16,EU 수출기업 7천여개…경기도 환경규제 지원 더 촘촘해져야 [집중취재],https://n.news.naver.com/mnews/article/666/0000118976?sid=101,2026-08-12,n.news.naver.com,Korean,South Korea,수출규제,D6_교란행위,2026-08-12,,0,NONE,,
1cf5cdcbac1a0f97ebf39de9c6802e0b,"영진약품, 中서 '세프카펜 세립' 허가…현지 공략 본격화",https://dealsite.co.kr/articles/167117,2026-08-12,dealsite.co.kr,Korean,South Korea,수출규제,D6_교란행위,2026-08-12,,0,NONE,,
33073a08f978230eea15456f1d20b006,"헴프 산업화 허용되나, 전북 정관가 속도전",https://sjbnews.com/news/news.php?number=885168,2026-08-12,sjbnews.com,Korean,South Korea,수출규제,D6_교란행위,2026-08-12,,0,NONE,,
16b617c54d103ba1123580b46b146a17,"日 철강 무역장벽 높아진다…K철강, 수출시장 다변화 '고삐'",https://www.thepublic.kr/news/articleView.html?idxno=314770,2026-08-12,www.thepublic.kr,Korean,South Korea,수출규제,D6_교란행위,2026-08-12,,0,NONE,,
c12d6876bd49392074620ad92b56c564,새만금 헴프클러스터 조성 속도,http://www.jjn.co.kr/news/articleView.html?idxno=1049286,2026-08-12,www.jjn.co.kr,Korean,South Korea,수출규제,D6_교란행위,2026-08-12,,0,NONE,,
f8667d2114c6fbc1ac0da3cc959890ee,"KTL, 중국 CQC MOU…전기차 배터리·충전설비 진출 지원",https://n.news.naver.com/mnews/article/215/0001262163?sid=101,2026-08-12,n.news.naver.com,Korean,South Korea,수출규제,D6_교란행위,2026-08-12,,0,NONE,,
8337e7c8e0bcf07774bf0d7209f5996a,"영진약품, '세프카펜 세립' 中 품목허가…중국 완제 공급 본격화",https://www.medipana.com/news/articleView.html?idxno=415904,2026-08-12,www.medipana.com,Korean,South Korea,수출규제,D6_교란행위,2026-08-12,,0,NONE,,
754e3a84387d378ee765bcef05d76b29,"법무법인 태평양, ‘AI 인프라전략센터’ 출범",http://www.lawissue.co.kr/view.php?ud=202608121806345553f4ab64559d_12,2026-08-12,www.lawissue.co.kr,Korean,South Korea,수출규제,D6_교란행위,2026-08-12,,0,NONE,,
abc37cf4ea4c63a1b80f73cf9cd04b02,영진약품 항생제 '세프카펜' 중국 허가…10년 공급계약 본격화,https://www.dailypharm.com/user/news/341394?REFERER=NP,2026-08-12,www.dailypharm.com,Korean,South Korea,수출규제,D6_교란행위,2026-08-12,,0,NONE,,
f0592617cba7ab32f3ec5884f49c403f,영진약품 '세프카펜 세립' 中 NMPA 허가…10년 수출계약 가동,http://www.press9.kr/news/articleView.html?idxno=81010,2026-08-12,www.press9.kr,Korean,South Korea,수출규제,D6_교란행위,2026-08-12,,0,NONE,,
36704e891e797434bbbf6742acd9324c,[사설] 방위산업 호황에도 걱정 느는 지역 중소기업,https://www.idomin.com/news/articleView.html?idxno=2012256,2026-08-12,www.idomin.com,Korean,South Korea,수출규제,D6_교란행위,2026-08-12,,0,NONE,,
651f9972bf2ede06899cfce71dfb3634,"美로빈후드보다 더 번 미래에셋 …""5년내 자기자본 40조""",https://n.news.naver.com/mnews/article/009/0005720258?sid=101,2026-08-12,n.news.naver.com,Korean,South Korea,수출규제,D6_교란행위,2026-08-12,,0,NONE,,
b7de2caffa7ced7b1a4e1dc837697bc8,"새만금, 헴프산업 거점으로…전북자치도·새만금청·기업 7곳 협력",https://n.news.naver.com/mnews/article/277/0005802297?sid=102,2026-08-12,n.news.naver.com,Korean,South Korea,수출규제,D6_교란행위,2026-08-12,,0,NONE,,
bcb81b4a5adc9ede9a59239ac839ada5,"전북도, 헴프산업클러스터 조성 가속... 민관 협력체계 구축 협약",http://www.jeollailbo.com/news/articleView.html?idxno=808078,2026-08-12,www.jeollailbo.com,Korean,South Korea,수출규제,D6_교란행위,2026-08-12,,0,NONE,,
7c08e5a2481bfaa128fc361674c9c5e0,"KTL, 중국 CQC와 전기차 시험인증 협력 체결",http://www.lawissue.co.kr/view.php?ud=202608121743264001f4ab64559d_12,2026-08-12,www.lawissue.co.kr,Korean,South Korea,수출규제,D6_교란행위,2026-08-12,,0,NONE,,
7a0ad78f51340a3fcedebfb7b7a2e881,"설설 끓는 KAI 민영화說…최대주주 수은, 컨설팅 착수",https://n.news.naver.com/mnews/article/009/0005720230?sid=101,2026-08-12,n.news.naver.com,Korean,South Korea,수출규제,D6_교란행위,2026-08-12,,0,NONE,,
e40326e5e473f5e473e8b17e70454f6b,"유럽 PPWR 오늘 시행…식품업계 긴장 ""자칫 리콜 당할라""",https://news.mtn.co.kr/news-detail/2026081216215047352,2026-08-12,news.mtn.co.kr,Korean,South Korea,수출규제,D6_교란행위,2026-08-12,,0,NONE,,
4c8ed4fe9b68baa153bcc16d556b92e4,“대기업만 초호황” 쓴소리에 ‘중기 달래기’나선 한성숙 총리,https://n.news.naver.com/mnews/article/025/0003543974?sid=100,2026-08-12,n.news.naver.com,Korean,South Korea,수출규제,D6_교란행위,2026-08-12,,0,NONE,,
731d505c6a8ee239a3f962745da55e15,"건기식협회, 25일부터 K-Health Conference 2026 개최",https://www.k-health.com/news/articleView.html?idxno=100603,2026-08-12,www.k-health.com,Korean,South Korea,수출규제,D6_교란행위,2026-08-12,,0,NONE,,
e5302edc62edceaad25313bfab9eb6f4,"식약처, 한국정책학회 '최우수 정책상' 수상",http://www.bokuennews.com/news/article.html?no=282469,2026-08-12,www.bokuennews.com,Korean,South Korea,수출규제,D6_교란행위,2026-08-12,,0,NONE,,
2bc99a5d775152f687d75e31479fc6f6,"EY한영, 인도네시아 금융사 방문…한국형 AX 로드맵 공유 [시그널]",https://n.news.naver.com/mnews/article/011/0004651086?sid=101,2026-08-12,n.news.naver.com,Korean,South Korea,수출규제,D6_교란행위,2026-08-12,,0,NONE,,
d727766c7ee314581a17a309fbf0126a,"K뷰티 ‘수출 다음 숙제’…카페24, 자사몰 해법 제시",https://www.megaeconomy.co.kr/news/newsview.php?ncode=1065600363747863,2026-08-12,www.megaeconomy.co.kr,Korean,South Korea,수출규제,D6_교란행위,2026-08-12,,0,NONE,,
793d2d0ad7995474cf494b85a17a3243,중국의 기술유출 걱정…‘중국계 AI’ 마누스-메타 2조8천억 초대형 거...,https://n.news.naver.com/mnews/article/028/0002818218?sid=104,2026-08-12,n.news.naver.com,Korean,South Korea,수출규제,D6_교란행위,2026-08-12,,0,NONE,,
bf59ecad91b8eb1ab4061b53c222f89a,"한국수자원공사, 美 대학 2학점 된 AI 물관리…'기술 수출' 넘어 글로벌...",https://www.upkoreanews.kr/news/articleView.html?idxno=99734,2026-08-12,www.upkoreanews.kr,Korean,South Korea,수출규제,D6_교란행위,2026-08-12,,0,NONE,,
cb4c493a53071cf700665b9a2c5f562a,식약처 K-바이오 규제지원 성과 인정…한국정책학회 최우수상,https://www.medipana.com/news/articleView.html?idxno=415897,2026-08-12,www.medipana.com,Korean,South Korea,수출규제,D6_교란행위,2026-08-12,,0,NONE,,
591708a218113ba60131f5d633077afe,폭염·가뭄에 유럽 경제 휘청…루마니아 원전 셧다운 위기(종합),https://n.news.naver.com/mnews/article/001/0016248194?sid=104,2026-08-12,n.news.naver.com,Korean,South Korea,석탄,D2_품목,2026-08-12,,0,NONE,,
a59cf6454a2e3659155b3b03255ab491,"동서발전, 당진시와 정의로운 전환을 위한 상생협력",https://n.news.naver.com/mnews/article/030/0003456888?sid=100,2026-08-12,n.news.naver.com,Korean,South Korea,석탄,D2_품목,2026-08-12,,0,NONE,,
0a49418ffee33f4024df7b5545b6722a,강원랜드 사장 후보에 김도균 전 육군 수도방위사령부 사령관,https://n.news.naver.com/mnews/article/082/0001393708?sid=101,2026-08-12,n.news.naver.com,Korean,South Korea,석탄,D2_품목,2026-08-12,,0,NONE,,
2260a158772b26fa9b2449365af43a13,"콜롬비아 ""골란고원은 이스라엘 영토"" 인정…아랍권 잇단 반발",https://n.news.naver.com/mnews/article/421/0009111066?sid=104,2026-08-12,n.news.naver.com,Korean,South Korea,석탄,D2_품목,2026-08-12,,0,NONE,,
905f1a72a5e5a4682a0a0ef339f6aa8a,"동서발전, 당진시와 '정의로운 전환' 위한 상생협력 본격 착수",http://www.e-platform.net/news/articleView.html?idxno=104527,2026-08-12,www.e-platform.net,Korean,South Korea,석탄,D2_품목,2026-08-12,,0,NONE,,
5e0895b4537c99761e7233ab0203502f,"동서발전, 당진시와 손잡고 '석탄화력 떠난 자리' 채운다",https://www.energy-news.co.kr/news/articleView.html?idxno=227407,2026-08-12,www.energy-news.co.kr,Korean,South Korea,석탄,D2_품목,2026-08-12,,0,NONE,,
becc5fb7447d1cf0069be7e57e299074,"충남도, 발전공기업 통합본사 유치 전담팀(TF) 본격 가동",http://www.newstown.co.kr/news/articleView.html?idxno=712209,2026-08-12,www.newstown.co.kr,Korean,South Korea,석탄,D2_품목,2026-08-12,,0,NONE,,
9fa451bc0dc6f7b5c5daf82abad1c4e4,"한전, 상반기 영업이익 4조9000억원 기록…'흑자 지속'",http://www.e-platform.net/news/articleView.html?idxno=104524,2026-08-12,www.e-platform.net,Korean,South Korea,석탄,D2_품목,2026-08-12,,0,NONE,,
a6dd15c023cb24193a8bd922f04680d9,"충남, 발전통합본사 유치 '논리전' 돌입",https://www.bzeronews.com/news/articleView.html?idxno=821178,2026-08-12,www.bzeronews.com,Korean,South Korea,석탄,D2_품목,2026-08-12,,0,NONE,,
7a0ace039ec645d873922baebb518d36,상반기 4.9조 흑자에도 '못 웃는 한전'...210조 부채·연료비 부담,https://www.energy-news.co.kr/news/articleView.html?idxno=227404,2026-08-12,www.energy-news.co.kr,Korean,South Korea,석탄,D2_품목,2026-08-12,,0,NONE,,
e307d05cc6e393969f8ca4931d5eaae3,"한국전력, 호남·용인 반도체 산단에 20GW 이상 전력공급 추진",https://www.ppss.kr/news/articleView.html?idxno=305203,2026-08-12,www.ppss.kr,Korean,South Korea,석탄,D2_품목,2026-08-12,,0,NONE,,
00c46c8e6400e84b55f9bbddfd8e4b99,강원랜드 신임 대표이사에 김도균 전 수방사령관 의결,https://www.g1tv.co.kr/news?mid=1_207_6&newsid=347272,2026-08-12,www.g1tv.co.kr,Korean,South Korea,석탄,D2_품목,2026-08-12,,0,NONE,,
33fea6a61c4d5028bdb1d448e9364932,[리포트]'2차 공공기관 이전' 발표 임박⋯충청권 전략은?,https://tjmbc.co.kr/NewsArticle/856332,2026-08-12,tjmbc.co.kr,Korean,South Korea,석탄,D2_품목,2026-08-12,,0,NONE,,
6d7cb06abd27855531b94950aa1d7c1b,"“발전 1위 충남이 최적지”…충남도, 발전공기업 통합본사 유치 TF 출범",http://www.sisanews24.co.kr/19215,2026-08-12,www.sisanews24.co.kr,Korean,South Korea,석탄,D2_품목,2026-08-12,,0,NONE,,
bf6afc9d4d6c9b983efdb25776b4c2d0,"충남도, 발전공기업 통합본사 유치전 시동…전담팀 본격 가동",https://www.ajunews.com/view/20260812194747919,2026-08-12,www.ajunews.com,Korean,South Korea,석탄,D2_품목,2026-08-12,,0,NONE,,
d2fc7b4d9d530d54d668b6fd7b070652,"충남도, 발전공기업 통합본사 유치 전담팀 가동",https://www.dynews.co.kr/news/articleView.html?idxno=861577,2026-08-12,www.dynews.co.kr,Korean,South Korea,석탄,D2_품목,2026-08-12,,0,NONE,,
edfb8d5420383874ec55672b68546dac,"""석탄발전 폐지 충격 줄인다""… 동서발전·당진시, '정의로운 전환' 맞손",https://www.discoverynews.kr/news/articleView.html?idxno=1098470,2026-08-12,www.discoverynews.kr,Korean,South Korea,석탄,D2_품목,2026-08-12,,0,NONE,,
6fb012f27355a9debc24a76a736a402b,"한국동서발전, 당진시와 맞손…석탄발전 폐지지역 일자리·신산업 발굴",http://www.paxetv.com/news/articleView.html?idxno=279302,2026-08-12,www.paxetv.com,Korean,South Korea,석탄,D2_품목,2026-08-12,,0,NONE,,
1f9ee5c340415890e9e6b84697604ee8,"'AI 다음' 동력, SMR·핵융합·양자 등···韓, 7대 SEED 승부수 李 ""추격...",http://www.hellodd.com/news/articleView.html?idxno=112803,2026-08-12,www.hellodd.com,Korean,South Korea,석탄,D2_품목,2026-08-12,,0,NONE,,
9fc8e80b97c711594ef14bcff8941f1d,"충남도, 발전공기업 본사 유치 총력…전담팀 가동 시작",https://www.gukjenews.com/news/articleView.html?idxno=3663129,2026-08-12,www.gukjenews.com,Korean,South Korea,석탄,D2_품목,2026-08-12,,0,NONE,,
504845e6da05559804e5ba440d3bc544,"충남도, 발전통합본사 유치 전담팀 본격 가동",https://www.ccdn.co.kr/news/articleView.html?idxno=1093571,2026-08-12,www.ccdn.co.kr,Korean,South Korea,석탄,D2_품목,2026-08-12,,0,NONE,,
e5ea1214b81b89c98d0b0e194fda98ac,대외 악재에 한전 실적 '주춤'…전기료 현실화 고민 커진다,https://daily.hankooki.com/news/articleView.html?idxno=1395385,2026-08-12,daily.hankooki.com,Korean,South Korea,석탄,D2_품목,2026-08-12,,0,NONE,,
b2487b80164dede53403164a9349cb15,전북도 가축분뇨 연료화 제도 개선 성공,http://www.jjn.co.kr/news/articleView.html?idxno=1049298,2026-08-12,www.jjn.co.kr,Korean,South Korea,석탄,D2_품목,2026-08-12,,0,NONE,,
dfb37158d5335fd1e8e8057eff0c44c2,"""반도체 성패는 전력"" 호남권·용인 산단 20GW 공급 나선다",https://n.news.naver.com/mnews/article/014/0005560778?sid=101,2026-08-12,n.news.naver.com,Korean,South Korea,석탄,D2_품목,2026-08-12,,0,NONE,,
1636673f400e21a98680e5a15ac6818c,"[사설] 정부, 충청권 송전탑 설치 반대 목소리 들어야",https://www.jbnews.com/news/articleView.html?idxno=1509376,2026-08-12,www.jbnews.com,Korean,South Korea,석탄,D2_품목,2026-08-12,,0,NONE,,
0dad647802aba97b69e2bd6cf792f6da,"한전, 상반기 4.9조 영업익…작년보다 16.6% 감소",https://www.nbntv.co.kr/news/articleView.html?idxno=4023825,2026-08-12,www.nbntv.co.kr,Korean,South Korea,석탄,D2_품목,2026-08-12,,0,NONE,,
06899fea4fe0c22e277782e5dd33f024,"한전, 상반기 1.4조원 재무개선…고강도 자구노력 '결실'",http://www.sisacast.kr/news/articleView.html?idxno=98773,2026-08-12,www.sisacast.kr,Korean,South Korea,석탄,D2_품목,2026-08-12,,0,NONE,,
f6ee690c226272243637424ebc8684b7,폭염·가뭄에 유럽 경제 휘청…루마니아 원전 전면 중단 위기,https://n.news.naver.com/mnews/article/056/0012236413?sid=104,2026-08-12,n.news.naver.com,Korean,South Korea,석탄,D2_품목,2026-08-12,,0,NONE,,
f53c28c4ea46220b65a989ce57421699,"유럽 폭염 이유 있었네…10년마다 0.56도 상승, 세계서 가장 빠르게 뜨거...",https://www.newspim.com/news/view/20260812001243,2026-08-12,www.newspim.com,Korean,South Korea,석탄,D2_품목,2026-08-12,,0,NONE,,
5f47d8ea8e5dc6e2673d28fc490d78e8,"포항시, 항사댐 건설 박차…기후위기 대응 치수 인프라 구축 총력",https://www.getnews.co.kr/news/articleView.html?idxno=877765,2026-08-12,www.getnews.co.kr,Korean,South Korea,한국 건설/인프라,D9_한국,2026-08-12,,0,NONE,,
58c07ebf9928f3453a3a88ece246b119,"AI 인프라 판 커진다…A&M “네오스케일러, 새 경쟁축 부상”",https://n.news.naver.com/mnews/article/018/0006350605?sid=105,2026-08-12,n.news.naver.com,Korean,South Korea,한국 건설/인프라,D9_한국,2026-08-12,,0,NONE,,
cec7efc68954ffe30d2778d2271edb76,"윤석대 K-water 사장, 경북 가뭄 현장점검...""46만 주민 용수 공급 총력...",http://www.ccnnews.co.kr/news/articleView.html?idxno=413389,2026-08-12,www.ccnnews.co.kr,Korean,South Korea,한국 건설/인프라,D9_한국,2026-08-12,,0,NONE,,
699164913835faa8036a54763cf9af2b,박용선 포항시장 '홍수조절용' 항사댐 건설 예정지 현장 점검,https://www.newspim.com/news/view/20260812001292,2026-08-12,www.newspim.com,Korean,South Korea,한국 건설/인프라,D9_한국,2026-08-12,,0,NONE,,
80d4d5b868a1a2e291024253d73c07a0,포항 '항사댐' 2031년 준공 박차… 이상휘 의원 “조기 착공 위해 역할 ...,https://n.news.naver.com/mnews/article/022/0004150569?sid=102,2026-08-12,n.news.naver.com,Korean,South Korea,한국 건설/인프라,D9_한국,2026-08-12,,0,NONE,,
13fd445733bca927ebe61a8f2cfb106f,"정부는 3년, 마사회는 16년…과천 공급 ‘동상이몽’",https://n.news.naver.com/mnews/article/056/0012236600?sid=102,2026-08-12,n.news.naver.com,Korean,South Korea,한국 건설/인프라,D9_한국,2026-08-12,,0,NONE,,
bbf33c75a6aa6ea83c55a5ac5e10ad94,포항 항사댐 설계 본격화…홍수 대응력 높이고 조기 착공 추진,http://www.newstown.co.kr/news/articleView.html?idxno=712154,2026-08-12,www.newstown.co.kr,Korean,South Korea,한국 건설/인프라,D9_한국,2026-08-12,,0,NONE,,
f3b6d1e54a018cd72a7d13f55e5ba7d8,"정부는 3년, 마사회는 16년…엇갈린 ‘과천 공급 시간표’",https://n.news.naver.com/mnews/article/056/0012236501?sid=102,2026-08-12,n.news.naver.com,Korean,South Korea,한국 건설/인프라,D9_한국,2026-08-12,,0,NONE,,
b3b3d391a839e73839367aac40f656b7,[데이터로 본 인천공항 글로벌 경쟁력] ④ AI로 그리는 미래,https://www.incheonilbo.com/news/articleView.html?idxno=1329508,2026-08-12,www.incheonilbo.com,Korean,South Korea,한국 건설/인프라,D9_한국,2026-08-12,,0,NONE,,
2e5f0407683a8587aec3c123dc8b2c2c,"포항시, 항사댐 건설 예정지 현장 점검···치수 안전성 확보와 조기 준...",https://www.cnbnews.com/news/articleView.html?idxno=1011342,2026-08-12,www.cnbnews.com,Korean,South Korea,한국 건설/인프라,D9_한국,2026-08-12,,0,NONE,,
b5e43f4705b625a4e045850d28bd5255,"""항사댐 서둘러야"" 포항시, 수자원공사와 건설 예정지 점검",https://n.news.naver.com/mnews/article/469/0000947704?sid=102,2026-08-12,n.news.naver.com,Korean,South Korea,한국 건설/인프라,D9_한국,2026-08-12,,0,NONE,,
4025df7c5d4fc038639ec8767bf3d122,"윤석대 한국수자원공사 사장, 경북 가뭄 현장 점검…""46만 주민 용수 공...",https://www.ccdn.co.kr/news/articleView.html?idxno=1093656,2026-08-12,www.ccdn.co.kr,Korean,South Korea,한국 건설/인프라,D9_한국,2026-08-12,,0,NONE,,
f4fe45b37635af371440e6e6a891678e,"정석근 SK하이퍼 대표 “AI 인프라 경쟁, 아시아에 기회…韓 허브로 도...",https://n.news.naver.com/mnews/article/138/0002237613?sid=105,2026-08-12,n.news.naver.com,Korean,South Korea,한국 건설/인프라,D9_한국,2026-08-12,,0,NONE,,
0429db233861c9ad76332bc30dac6167,"포항시, 항사댐 건설예정지 합동 점검…조기 준공·치수 안전성 확보 집...",https://www.gukjenews.com/news/articleView.html?idxno=3663070,2026-08-12,www.gukjenews.com,Korean,South Korea,한국 건설/인프라,D9_한국,2026-08-12,,0,NONE,,
514ff70e91110220c4a293d5103743df,"윤석대 수공 사장, 경북지역 원활한 물공급 팔걷어",http://www.ikld.kr/news/articleView.html?idxno=338890,2026-08-12,www.ikld.kr,Korean,South Korea,한국 건설/인프라,D9_한국,2026-08-12,,0,NONE,,
16e98ace220569cb75e275504768c5cf,"한전 광주전남, '맞춤형 사회공헌' 전력인프라 적기확충 눈길",http://www.jndn.com/article.php?aid=1786524431437742004,2026-08-12,www.jndn.com,Korean,South Korea,한국 건설/인프라,D9_한국,2026-08-12,,0,NONE,,
2c91cde1d699363db0b8b5fba68f20a0,"K-water, 영천댐 가뭄·항사댐 예정지 점검",https://n.news.naver.com/mnews/article/014/0005560703?sid=101,2026-08-12,n.news.naver.com,Korean,South Korea,한국 건설/인프라,D9_한국,2026-08-12,,0,NONE,,
2bf6ab6af07534f45fb5e9300ab368c5,"GPU만 사면 끝?…AI 인프라 경쟁, '누가 오래 돈 버느냐'로 바뀐다",https://www.itdaily.kr/news/articleView.html?idxno=240965,2026-08-12,www.itdaily.kr,Korean,South Korea,한국 건설/인프라,D9_한국,2026-08-12,,0,NONE,,
5481bb262fa8244299725e5672ca2790,"'극한 가뭄' 장기화에…윤석대 수자원公 사장, 경북 현장 점검",https://news.einfomax.co.kr/news/articleView.html?idxno=4429834,2026-08-12,news.einfomax.co.kr,Korean,South Korea,한국 건설/인프라,D9_한국,2026-08-12,,0,NONE,,
fb8779f242cead5a8ce3a3615e2705e6,"무디스, 국가철도공단 신용등급 Aa2 유지…전망도 '안정적'",https://news.einfomax.co.kr/news/articleView.html?idxno=4429835,2026-08-12,news.einfomax.co.kr,Korean,South Korea,한국 건설/인프라,D9_한국,2026-08-12,,0,NONE,,
80a9040e013c4ac196d9f2a6d0d0602a,"수자원공사 사장, 경북 가뭄 대응 현장점검",https://www.todayenergy.kr/news/articleView.html?idxno=301511,2026-08-12,www.todayenergy.kr,Korean,South Korea,한국 건설/인프라,D9_한국,2026-08-12,,0,NONE,,
d4d055d4c8f67c8912fb34fdfa9ffba4,"정석근 SK하이퍼 대표 ""향후 2~3년 AI DC '골든타임'""",https://www.m-i.kr/news/articleView.html?idxno=1401738,2026-08-12,www.m-i.kr,Korean,South Korea,한국 건설/인프라,D9_한국,2026-08-12,,0,NONE,,
cb800f33b82b2e48f04b7bf53be0d800,포항시장·시의장·국회의원·K-water 사장 ‘항사댐’ 조기 완공 위한 ...,https://www.kbmaeil.com/article/20260812500617,2026-08-12,www.kbmaeil.com,Korean,South Korea,한국 건설/인프라,D9_한국,2026-08-12,,0,NONE,,
2008e30e4d806adc7692d53a959c2f9e,"한국수자원공사 윤석대 사장, 경북 가뭄 대응 현장 점검",http://www.lawissue.co.kr/view.php?ud=202608121722349055f4ab64559d_12,2026-08-12,www.lawissue.co.kr,Korean,South Korea,한국 건설/인프라,D9_한국,2026-08-12,,0,NONE,,
b5504bd5be4aa7d3324faeb1dca66282,최현덕 남양주시장 “개발 성과 지역 사회로”…상생협력 간담회,https://n.news.naver.com/mnews/article/011/0004651087?sid=102,2026-08-12,n.news.naver.com,Korean,South Korea,한국 건설/인프라,D9_한국,2026-08-12,,0,NONE,,
3ee1c1ce8d1ab578ce2bdea9b8494b41,"'회사 잔고 0원→없는 번호' 한고은, 사기 확실시…임지은 가족에도 알...",https://m.entertain.naver.com/article/445/0000449058,2026-08-12,m.entertain.naver.com,Korean,South Korea,한국 수입,D9_한국,2026-08-12,,0,NONE,,
bc75e184306a88c4b721d8bbeba72dc5,"‘팬엔터 자회사’ 미디어캐슬, 신카이 마코토 감독 신작 한국 배급권 ...",https://m.entertain.naver.com/article/144/0001131474,2026-08-12,m.entertain.naver.com,Korean,South Korea,한국 수입,D9_한국,2026-08-12,,0,NONE,,
631711488b4e0b39be50cbee2141eb80,청주·청원 통합 12년… 상생약속 이행률 93%,https://www.jbnews.com/news/articleView.html?idxno=1509384,2026-08-12,www.jbnews.com,Korean,South Korea,한국 수입,D9_한국,2026-08-12,,0,NONE,,
faac0965cd4b882ea596db61afa01745,중개사무소 신규 개업 '뚝'…기존 업소만 버틴다,https://www.incheonilbo.com/news/articleView.html?idxno=1329505,2026-08-12,www.incheonilbo.com,Korean,South Korea,한국 수입,D9_한국,2026-08-12,,0,NONE,,
f88c081ee23e9178587c6cb03a3a4c28,"3연속 천만 흥행→국내 558만 관객 신화…신카이 마코토 신작, 미디어캐...",https://m.entertain.naver.com/article/213/0001397758,2026-08-12,m.entertain.naver.com,Korean,South Korea,한국 수입,D9_한국,2026-08-12,,0,NONE,,
ad08eecfbe2dde2eb9aa0031b78b2f07,칭따오보다 더 마셨다… 베트남산 맥주 돌풍,https://n.news.naver.com/mnews/article/014/0005560759?sid=101,2026-08-12,n.news.naver.com,Korean,South Korea,한국 수입,D9_한국,2026-08-12,,0,NONE,,
a4f69f8ed78f8f76a1734bdc249f6e9c,"코트라, 징동닷컴 직매입 입점 설명·상담회 개최",http://www.lawissue.co.kr/view.php?ud=202608121810551679f4ab64559d_12,2026-08-12,www.lawissue.co.kr,Korean,South Korea,한국 수입,D9_한국,2026-08-12,,0,NONE,,
650b50f511b0776a0d7dce18e15b4e1a,"비트마인 ETH 5% 눈앞, 아캄은 매입 둔화 전망",https://www.tokenpost.kr/news/market/389183,2026-08-12,www.tokenpost.kr,Korean,South Korea,한국 수입,D9_한국,2026-08-12,,0,NONE,,
adf544f632f30ce7324beefbabc4a812,"[강진모 칼럼] ""4대째 의사 가문"" 하영의 자랑이 놓친 것",https://www.newsclaim.co.kr/news/articleView.html?idxno=3071907,2026-08-12,www.newsclaim.co.kr,Korean,South Korea,한국 수입,D9_한국,2026-08-12,,0,NONE,,
43d72ca4769f391ac71515f24344e867,"화훼업계, 플라스틱 조화 지원 법안에 ‘우려’",https://www.farmnmarket.com/news/article.html?no=27461,2026-08-12,www.farmnmarket.com,Korean,South Korea,한국 수입,D9_한국,2026-08-12,,0,NONE,,
3b7cb5d12764861e30cf990524f9646e,"""안 된다 비웃어도 NBA 꿈 포기 안해""",https://m.sports.naver.com/basketball/article/009/0005720244,2026-08-12,m.sports.naver.com,Korean,South Korea,한국 수입,D9_한국,2026-08-12,,0,NONE,,
d8175f61198e67dd22886783a164dede,"폴 스미스·어반 아포테케리 런던, 신세계 부산 센텀시티 팝업스토어 개...",http://www.beyondpost.co.kr/view.php?ud=2026081217265476379aeda69934_30,2026-08-12,www.beyondpost.co.kr,Korean,South Korea,한국 수입,D9_한국,2026-08-12,,0,NONE,,
a37ef08ede325967dcf779d2cac82765,"동화약품, '광복절 기념 특별 캠페인' 진행…독립유공자 후손 지원",http://www.srtimes.kr/news/articleView.html?idxno=209771,2026-08-12,www.srtimes.kr,Korean,South Korea,한국 수입,D9_한국,2026-08-12,,0,NONE,,
a21f1dc02b4948c714bd03a421da7006,'아마존' 베조스가 리버풀 주인 된다?...'364조 자산가' 지분 30% 인수 협...,https://m.sports.naver.com/wfootball/article/109/0005587205,2026-08-12,m.sports.naver.com,Korean,South Korea,한국 수입,D9_한국,2026-08-12,,0,NONE,,
6cd1f80fb5352034f21364a1861db878,"크리스토퍼 놀란X맷 데이먼, '오디세이' 역대급 고생담 밝힌다 [유퀴즈...",https://m.entertain.naver.com/article/108/0003461390,2026-08-12,m.entertain.naver.com,Korean,South Korea,한국 수입,D9_한국,2026-08-12,,0,NONE,,
b8f68de1ba74925488cfd0e1c067d1a6,"""설치없는 간편 정수물""…스마일모닝, '필립스 '파워드 Pro' 韓상륙",https://n.news.naver.com/mnews/article/421/0009110821?sid=101,2026-08-12,n.news.naver.com,Korean,South Korea,한국 수입,D9_한국,2026-08-12,,0,NONE,,
51f05207797edd305ed8892235aa75ba,"계란산업 대기업 진출, 정부가 독려?",http://www.newsfarm.co.kr/news/articleView.html?idxno=101984,2026-08-12,www.newsfarm.co.kr,Korean,South Korea,한국 수입,D9_한국,2026-08-12,,0,NONE,,
07a22ed33da46173bcbba35fed8d3922,개미 수익률 ‘-62%’ 찍었는데…삼전닉스 레버리지 교육 수강료 44억 번...,https://n.news.naver.com/mnews/article/011/0004651074?sid=101,2026-08-12,n.news.naver.com,Korean,South Korea,한국 수입,D9_한국,2026-08-12,,0,NONE,,
2bb8a2d1c372988294d279fc3ab41971,"백화점이 살렸다…패션업계, 잇단 호실적에 '방긋'",https://n.news.naver.com/mnews/article/648/0000049768?sid=101,2026-08-12,n.news.naver.com,Korean,South Korea,한국 수입,D9_한국,2026-08-12,,0,NONE,,
aa03af26f05d8391f3932b68ad82054f,5만 원대 화장품이 1만 원대? 영국 아마존 할인 화제,https://www.insight.co.kr/news/567949,2026-08-12,www.insight.co.kr,Korean,South Korea,공급 차단,D6_교란행위,2026-08-12,,0,NONE,,
938f43ed4c33c52f281c27edebf3db36,지구에 사막이 없어지면,http://www.gnmaeil.com/news/articleView.html?idxno=592713,2026-08-12,www.gnmaeil.com,Korean,South Korea,공급 차단,D6_교란행위,2026-08-12,,0,NONE,,
895c81a7f3f68f1ef13d6a2b466f88c6,1억 할인 분양해도 안 팔려… 아파트 분양전망지수도 전국 꼴찌,https://n.news.naver.com/mnews/article/082/0001393702?sid=101,2026-08-12,n.news.naver.com,Korean,South Korea,공급 차단,D6_교란행위,2026-08-12,,0,NONE,,
f1d66e0e01da9f84bde15b9a5e31c50d,"박계홍 서울시의원, '모아타운 공사비 갈등' 해법 마련…SH 검증·서울시...",https://www.fntoday.co.kr/news/articleView.html?idxno=390357,2026-08-12,www.fntoday.co.kr,Korean,South Korea,공급 차단,D6_교란행위,2026-08-12,,0,NONE,,
bc38d7bd716d43f380478228ea6a7c4e,"현대차그룹, DX·AX 자체 성과 공개 '사람이 하던 일 AI로'",https://n.news.naver.com/mnews/article/108/0003461414?sid=004,2026-08-12,n.news.naver.com,Korean,South Korea,공급 차단,D6_교란행위,2026-08-12,,0,NONE,,
345a57436692f10bfbb48688bcd85040,佛소방로봇에 한컴 에이전틱OS 탑재… 독점 판매권도 확보,https://n.news.naver.com/mnews/article/014/0005560748?sid=105,2026-08-12,n.news.naver.com,Korean,South Korea,공급 차단,D6_교란행위,2026-08-12,,0,NONE,,
118be6585bcd6d8e5cab5fc5ae1b83be,'천궁-Ⅱ 대박인 줄만'…바닥난 미국 패트리엇 '뜻밖의 반전' [배창학의...,https://n.news.naver.com/mnews/article/215/0001262167?sid=101,2026-08-12,n.news.naver.com,Korean,South Korea,공급 차단,D6_교란행위,2026-08-12,,0,NONE,,
6a8cfe2655b1fb1399115b5b5e7a8be6,"[ISEC 2026] “AI 보안 위협, 막을 힘 갖추려면”... CISO-보안 기업 머리...",http://www.boannews.com/media/view.asp?idx=145131&kind=3,2026-08-12,www.boannews.com,Korean,South Korea,공급 차단,D6_교란행위,2026-08-12,,0,NONE,,
a6d3e57fa5f23aa90f1236429f04db9a,"분양가상한제 주택 실거주 의무, 내년부터 현장 방문·통신기록으로 직...",http://www.dailypop.kr/news/articleView.html?idxno=101496,2026-08-12,www.dailypop.kr,Korean,South Korea,공급 차단,D6_교란행위,2026-08-12,,0,NONE,,
095e12fe36875b8c7efe366423e66cd8,"한컴라이프케어, 佛 샤크로보틱스 '소방 로봇' 국내 유통 ··· 한컴 '에...",https://www.datanet.co.kr/news/articleView.html?idxno=213738,2026-08-12,www.datanet.co.kr,Korean,South Korea,공급 차단,D6_교란행위,2026-08-12,,0,NONE,,
ff1d8e4aabfa51e3f2bc2ed0af40881b,"한컴 ‘에이전틱 OS’, 프랑스 소방 로봇에 탑재",https://n.news.naver.com/mnews/article/366/0001185859?sid=105,2026-08-12,n.news.naver.com,Korean,South Korea,공급 차단,D6_교란행위,2026-08-12,,0,NONE,,
f599d1ad676da8dde4d05f7665c15cca,[패트롤]영천시-경산시-달서구-대구북구-대구가톨릭대병원-대구경북병...,https://www.ekn.kr/web/view.php?key=20260812027292157,2026-08-12,www.ekn.kr,Korean,South Korea,공급 차단,D6_교란행위,2026-08-12,,0,NONE,,
c4fff2e5da9077d80616ddb195742ae3,"제주항공, 고객 100여명 여권번호 등 개인정보 유출",https://www.todayeconomic.com/news/article.html?no=31697,2026-08-12,www.todayeconomic.com,Korean,South Korea,공급 차단,D6_교란행위,2026-08-12,,0,NONE,,
a350c0ffa03b29d9fd89574264bd2ddd,"한층 팽팽해진 3차 ESS 입찰…K배터리, 수주전 다시 불붙는다 [배터리레...",https://n.news.naver.com/mnews/article/138/0002237607?sid=105,2026-08-12,n.news.naver.com,Korean,South Korea,공급 차단,D6_교란행위,2026-08-12,,0,NONE,,
430f5178970e33bc82ca70fa6bf00db1,"한국해양과학기술원(KIOST), 사해연구 시대 첫발",https://www.hidomin.com/news/articleView.html?idxno=717051,2026-08-12,www.hidomin.com,Korean,South Korea,공급 차단,D6_교란행위,2026-08-12,,0,NONE,,
c16dfe7ba49662e861789bc58d3a0a5e,"[사설] 화재에 취약한 시장, 안전을 다시 세워야 한다",https://www.jjan.kr/article/20260812500115,2026-08-12,www.jjan.kr,Korean,South Korea,공급 차단,D6_교란행위,2026-08-12,,0,NONE,,
ef8d785f76ddc3ce507403d1e46ec0a0,"'중국판 쿠팡' 징둥닷컴, 한국 구매법인 설립…K상품 수입 본격화 [뉴스...",https://n.news.naver.com/mnews/article/215/0001262138?sid=101,2026-08-12,n.news.naver.com,Korean,South Korea,공급 차단,D6_교란행위,2026-08-12,,0,NONE,,
1bdc0e724b3d140237ef94b513ee83fe,"오천 주민 숙원 막 오른다… 포항시·K-water, 항사댐 현장 점검",https://www.eroun.net/news/articleView.html?idxno=87507,2026-08-12,www.eroun.net,Korean,South Korea,공급 차단,D6_교란행위,2026-08-12,,0,NONE,,
7e70ce00d6cddd34f57b61a3d85a90e9,울산 새울3호기 시운전 중 가동 정지… 원안위 조사 착수 (종합),https://n.news.naver.com/mnews/article/082/0001393627?sid=102,2026-08-12,n.news.naver.com,Korean,South Korea,공급 차단,D6_교란행위,2026-08-12,,0,NONE,,
0fa9d17d064bef36260926e8beb8caa2,"플래티어, 슈마커플러스에 ‘젠서 디스커버리’ 공급…에이전틱 커머스...",https://www.nspna.com/news/?mode=view&newsid=823999,2026-08-12,www.nspna.com,Korean,South Korea,공급 차단,D6_교란행위,2026-08-12,,0,NONE,,
ad6781b2eff5ef9dbf133c9a6dbb35dd,최후 비상금에서 신사업 자금줄로..너도나도 PRS 조달,https://n.news.naver.com/mnews/article/018/0006350621?sid=101,2026-08-12,n.news.naver.com,Korean,South Korea,석유화학,D2_품목,2026-08-12,,0,NONE,,
44524c41e073f0ed700190d3b840331f,"기노위, 주52시간 근로제 예외 규정 산자위, 노란봉투법 쟁의 기준 따져",https://www.ulsanpress.net/news/articleView.html?idxno=580960,2026-08-12,www.ulsanpress.net,Korean,South Korea,석유화학,D2_품목,2026-08-12,,0,NONE,,
61af164d54c053dd9e0ecbf4fbbf899d,"""산업 전환·인프라 지원""...'동부권 구애' 치열",https://ysmbc.co.kr/NewsArticle/1531959,2026-08-12,ysmbc.co.kr,Korean,South Korea,석유화학,D2_품목,2026-08-12,,0,NONE,,
8f63f01a2ca5970d83460f4a5286035b,"울산정보산업진흥원, 주력산업 AX 전환 가속화",http://www.ujeil.com/news/articleView.html?idxno=390315,2026-08-12,www.ujeil.com,Korean,South Korea,석유화학,D2_품목,2026-08-12,,0,NONE,,
47606a017d42547ea106d321f8bc06d0,[기고] 한국산업기술진흥원(KIAT) 창원 이전이 답이다- 최재호(창원상공...,https://www.knnews.co.kr/news/articleView.php?idxno=1548566,2026-08-12,www.knnews.co.kr,Korean,South Korea,석유화학,D2_품목,2026-08-12,,0,NONE,,
75d291e802797412277cb042b8c368dd,김대중과 한중 협력 넓힌 주룽지 전 中총리 별세…향년 97세,https://www.ajunews.com/view/20260812195241927,2026-08-12,www.ajunews.com,Korean,South Korea,석유화학,D2_품목,2026-08-12,,0,NONE,,
e129d2fb1a611dad5f45fe72a59267c1,"[올댓차이나] 대만 증시, 美 반도체주 강세에 기술주 매수로 사흘째 상...",https://n.news.naver.com/mnews/article/003/0014124078?sid=104,2026-08-12,n.news.naver.com,Korean,South Korea,석유화학,D2_품목,2026-08-12,,0,NONE,,
b96182fc0e5dadd4257051e55e75b175,"""미래 하늘길 연다""... 서산시, 친환경 항공 모빌리티 거점 도약 '속도'",https://www.ngonews.kr/news/articleView.html?idxno=235323,2026-08-12,www.ngonews.kr,Korean,South Korea,석유화학,D2_품목,2026-08-12,,0,NONE,,
a0567e21e7f532f8c706a6d01002cc4e,"박수현 충남지사 ""산업 넘어 도민 삶 바꾸는 'AI 수도 충남' 만들겠다""",https://www.ajunews.com/view/20260812181829812,2026-08-12,www.ajunews.com,Korean,South Korea,석유화학,D2_품목,2026-08-12,,0,NONE,,
978ec1c4b4a8fdf94eea8bea0af0e19f,"대한제당 10만주·아남전자 5만주 등… 코스피 47개사, 13일 자사주 매입",https://www.newstnt.com/news/articleView.html?idxno=713765,2026-08-12,www.newstnt.com,Korean,South Korea,석유화학,D2_품목,2026-08-12,,0,NONE,,
6019f81514fcbfd87faff7cadda2464f,[부실 경고등] 고금리·내수 부진에 5대 은행 추정손실 9809억,https://www.g-enews.com/view.php?ud=202608121501256489cd0bfacc1c_1,2026-08-12,www.g-enews.com,Korean,South Korea,석유화학,D2_품목,2026-08-12,,0,NONE,,
b7d7a597249dea4b7c7a14dd036c2a09,"GS, 3조 육박 영업이익에도… 지속성장 고민 깊은 허태수",https://www.asiatoday.co.kr/kn/view.php?key=20260813010004275,2026-08-12,www.asiatoday.co.kr,Korean,South Korea,석유화학,D2_품목,2026-08-12,,0,NONE,,
6165b991df5f14e06cb91140128329ac,"정부, SMR·핵융합·양자 등 '7대 SEED' 키운다…미래 먹거리 선점",https://n.news.naver.com/mnews/article/031/0001049260?sid=101,2026-08-12,n.news.naver.com,Korean,South Korea,석유화학,D2_품목,2026-08-12,,0,NONE,,
f5c76008d829b44d50855b5f418fb0cc,"[업비트] 美CPI 둔화에 비트코인 9,000만원 회복... 거래대금은 여전히 ...",http://coinreaders.com/252479,2026-08-12,coinreaders.com,Korean,South Korea,물가상승,D9_한국,2026-08-12,,0,NONE,,
7d07160c69344343d5e25cf6575dff25,"[김문선] 2027년 최저임금 10,700원…월급은 얼마나 오를까",http://www.apparelnews.co.kr/news/news_view/?idx=226872,2026-08-12,www.apparelnews.co.kr,Korean,South Korea,물가상승,D9_한국,2026-08-12,,0,NONE,,
b6596ce771442a60b7f78d36a1730b1a,미 7월 CPI 3.4%로 둔화…비트코인 6만4000달러,https://www.tokenpost.kr/news/breaking/389375,2026-08-12,www.tokenpost.kr,Korean,South Korea,물가상승,D9_한국,2026-08-12,,0,NONE,,
1d67a0a27ff52c448af1abf0460fb0ac,美 7월 소비자물가 3.4% 상승…9월 금리 동결 가능성 부각,https://www.newsway.co.kr/news/view?ud=2026081221510163667,2026-08-12,www.newsway.co.kr,Korean,South Korea,물가상승,D9_한국,2026-08-12,,0,NONE,,
7c02ea5efefb7055dbae23c5a66bc203,美 7월 CPI 3.4% 상승…시장 예상 부합,https://www.etoday.co.kr/news/view/2613914,2026-08-12,www.etoday.co.kr,Korean,South Korea,물가상승,D9_한국,2026-08-12,,0,NONE,,
f5444f99a5591427cf73f2dda3e89f99,"기후위기·층간소음 잡는 혁신 기술들, 삼표 대거 공개",https://n.news.naver.com/mnews/article/021/0002811047?sid=101,2026-08-12,n.news.naver.com,Korean,South Korea,컨테이너,D2_품목,2026-08-12,,0,NONE,,
fcbf38007a04e2794b2abdfefab8f2c1,"위드네트웍스, 'ISEC 2026'서 새 자산·취약점 통합 관리 플랫폼 공개",https://n.news.naver.com/mnews/article/092/0002433817?sid=105,2026-08-12,n.news.naver.com,Korean,South Korea,컨테이너,D2_품목,2026-08-12,,0,NONE,,
7cfdd293288d69a36d8e0a2e0101adfa,"삼표그룹, 코엑스 전시회서 4대 혁신 제품 공개…특수 콘크리트 등 선봬",https://www.gukjenews.com/news/articleView.html?idxno=3663204,2026-08-12,www.gukjenews.com,Korean,South Korea,컨테이너,D2_품목,2026-08-12,,0,NONE,,
8a7706717e906bb79f610f5a79455411,청주시 하천·계곡 내 불법 점용시설 적발...평상·컨테이너 등 985건,http://www.cctimes.kr/news/articleView.html?idxno=921624,2026-08-12,www.cctimes.kr,Korean,South Korea,컨테이너,D2_품목,2026-08-12,,0,NONE,,
94dc7ac8a91c63f48bb131edae55b1cf,기자들까지 미끼로 쓴 트럼프‥전용기 몰래 갈아타기에 논란 확산,https://n.news.naver.com/mnews/article/214/0001517518?sid=104,2026-08-12,n.news.naver.com,Korean,South Korea,컨테이너,D2_품목,2026-08-12,,0,NONE,,
1a1a046975fe1c4b060e8040634eca57,"‘버티기 영업’ 해운대시외버스정류소, 결국 중동역으로",https://n.news.naver.com/mnews/article/082/0001393700?sid=102,2026-08-12,n.news.naver.com,Korean,South Korea,컨테이너,D2_품목,2026-08-12,,0,NONE,,
187e9452644b9ecd43567df8c59a13b1,"정광현 인천 연수경찰서 형사과 경감, 산전수전 베테랑 팀장 '이달의 베...",https://www.incheonilbo.com/news/articleView.html?idxno=1329513,2026-08-12,www.incheonilbo.com,Korean,South Korea,컨테이너,D2_품목,2026-08-12,,0,NONE,,
b74fda6be72bd2475c3196850bfb304f,"삼표그룹, 코리아빌드위크서 기후·층간소음 대응 건설기술 공개",https://www.straightnews.co.kr/news/articleView.html?idxno=308833,2026-08-12,www.straightnews.co.kr,Korean,South Korea,컨테이너,D2_품목,2026-08-12,,0,NONE,,
2b6ba486dae2137cce24e9b80d09b85d,"MS 8월 패치, 라자루스가 악용한 커널 제로데이도 포함",https://www.wikitree.co.kr/articles/1152083,2026-08-12,www.wikitree.co.kr,Korean,South Korea,컨테이너,D2_품목,2026-08-12,,0,NONE,,
8f6b2a1ccf30524fe4c33d88b352241e,"한파·폭우부터 층간소음까지…삼표그룹, 건설현장 난제 해결 나선다",https://www.thepublic.kr/news/articleView.html?idxno=314768,2026-08-12,www.thepublic.kr,Korean,South Korea,컨테이너,D2_품목,2026-08-12,,0,NONE,,
b6a965e13a8ffc70baace3a4c462e42b,"서구 천원국시, 여름철 ‘생활 속 오아시스’ 톡톡",http://www.jndn.com/article.php?aid=1786526478437766068,2026-08-12,www.jndn.com,Korean,South Korea,컨테이너,D2_품목,2026-08-12,,0,NONE,,
806e6ea8b73922008c7753e9685911b2,"""폭염 속 더 촘촘히""…전남광주 서구 '1천원 복지안전망' 눈길",https://www.namdonews.com/news/articleView.html?idxno=919902,2026-08-12,www.namdonews.com,Korean,South Korea,컨테이너,D2_품목,2026-08-12,,0,NONE,,
93631ea2fa659a27fb027614170c390a,"혼자 도망친 트럼프? ""대통령 지켜야"" VS ""기자들 속였다""[이런일이]",https://n.news.naver.com/mnews/article/079/0004178165?sid=104,2026-08-12,n.news.naver.com,Korean,South Korea,컨테이너,D2_품목,2026-08-12,,0,NONE,,
a6a31ce8e9954a196f7210ad521cd4ec,[위클리오늘] 광양만권경제자유구역청ㆍ광양시(8.12),http://www.weeklytoday.com/news/articleView.html?idxno=790098,2026-08-12,www.weeklytoday.com,Korean,South Korea,컨테이너,D2_품목,2026-08-12,,0,NONE,,
a4bd01e4437372b299b268fed072057c,"삼표그룹, 영하 20도·시간당 10㎜ 비에도 타설...특수 콘크리트 공개",https://www.joongangenews.com/news/articleView.html?idxno=539559,2026-08-12,www.joongangenews.com,Korean,South Korea,컨테이너,D2_품목,2026-08-12,,0,NONE,,
7182dc04cd5b9123ba3df6e13df1a583,"롯데 '꼬깔콘 야장시리즈', 출시 보름만 '80만 봉' 판매 돌파",https://www.financialpost.co.kr/news/articleView.html?idxno=270135,2026-08-12,www.financialpost.co.kr,Korean,South Korea,옥수수,D2_품목,2026-08-12,,0,NONE,,
9e51ad3abf3d484d76a2d31ad3f06be9,폭염 속 조사료 수확으로 분주한 울진군 영농대행단,https://www.newspim.com/news/view/20260812001301,2026-08-12,www.newspim.com,Korean,South Korea,옥수수,D2_품목,2026-08-12,,0,NONE,,
1d09e551337acd3afe3b7a0c6fece0b7,접경지역 농업협력 구체화…기후위기 대응·북한 적응 옥수수 연구 논의,http://www.youngnong.co.kr/news/articleView.html?idxno=61510,2026-08-12,www.youngnong.co.kr,Korean,South Korea,옥수수,D2_품목,2026-08-12,,0,NONE,,
8a5d4c9ffd7b3dbb268298109b180471,"롯데웰푸드, '꼬깔콘 야장시리즈' 인기···보름 만에 80만봉 돌파",http://www.enewstoday.co.kr/news/articleView.html?idxno=2458849,2026-08-12,www.enewstoday.co.kr,Korean,South Korea,옥수수,D2_품목,2026-08-12,,0,NONE,,
81da4ea2540d5aa42b898f038271d3ee,[식음료] 풀무원 부산 관광 프로모션 / 상미당홀딩스 폭염 생수 지원 / ...,https://www.webeconomy.co.kr/news/articleView.html?idxno=2265041,2026-08-12,www.webeconomy.co.kr,Korean,South Korea,옥수수,D2_품목,2026-08-12,,0,NONE,,
7db09536fda48c039058f2df0492d180,시원한 맥주 한 잔에 고소한 감자튀김… ‘의외의 신체 부위’ 망가진다,https://n.news.naver.com/mnews/article/346/0000114317?sid=103,2026-08-12,n.news.naver.com,Korean,South Korea,옥수수,D2_품목,2026-08-12,,0,NONE,,
7866ab845f38d0186245c079b3f385a3,산에서 내려오는 물 모아 생활…가뭄에 남해안 섬마을 비상,https://n.news.naver.com/mnews/article/449/0000356598?sid=102,2026-08-12,n.news.naver.com,Korean,South Korea,옥수수,D2_품목,2026-08-12,,0,NONE,,
9ec3dcf5c4b895d9bcd0d271ab69d899,"보은군, 삼가·북암 농촌체험관 및 캠핑장 개장 후 8천200여 명 방문",http://www.breaknews.com/1228605,2026-08-12,www.breaknews.com,Korean,South Korea,옥수수,D2_품목,2026-08-12,,0,NONE,,
fbb887aa162b62ab04764c4e5728f446,"퇴비 만들던 소똥, 화력발전소 연료로",https://sjbnews.com/news/news.php?number=885166,2026-08-12,sjbnews.com,Korean,South Korea,옥수수,D2_품목,2026-08-12,,0,NONE,,
1b937ed9be1fc1d735fbf8c3e3666d2c,텃밭에서 우리 농산물의 소중함을 배워요!,https://sjbnews.com/news/news.php?number=885117,2026-08-12,sjbnews.com,Korean,South Korea,옥수수,D2_품목,2026-08-12,,0,NONE,,
e8fd288852e6fe4d824aeefb250a2f72,"'한 번 사고 끝'은 옛말… 식음료업계, 고객 머무는 시간 늘린다",https://www.pressman.kr/news/articleView.html?idxno=103142,2026-08-12,www.pressman.kr,Korean,South Korea,옥수수,D2_품목,2026-08-12,,0,NONE,,
324e9c303b74a4ca5229ab30ac07c1c7,[똑똑한한끼] CJ제일제당 칼보 참치 국내 론칭·롯데웰푸드 꼬깔콘 80만...,https://www.ekn.kr/web/view.php?key=20260812028072185,2026-08-12,www.ekn.kr,Korean,South Korea,옥수수,D2_품목,2026-08-12,,0,NONE,,
ead59e88c1e30584ee90211a260a10e7,"강원도·농진청, 한반도 농업포럼 개최…남북 농업협력 논의",https://n.news.naver.com/mnews/article/001/0016248005?sid=102,2026-08-12,n.news.naver.com,Korean,South Korea,옥수수,D2_품목,2026-08-12,,0,NONE,,
7ad45637557f862d724cd93f51ea1205,'난동꾼' 프레임에 갇힌 코끼리...파괴자 아니고 '정원사',https://www.newspenguin.com/news/articleView.html?idxno=22023,2026-08-12,www.newspenguin.com,Korean,South Korea,옥수수,D2_품목,2026-08-12,,0,NONE,,
410f84594f5caa8a2376143e0bea11f5,"롯데웰푸드, 고깔콘 야장시리즈 흥행…보름 만에 80만봉",https://www.ezyeconomy.com/news/articleView.html?idxno=238662,2026-08-12,www.ezyeconomy.com,Korean,South Korea,옥수수,D2_품목,2026-08-12,,0,NONE,,
53a9545df87e5568c2db13ed49ac3404,"전북자치도, 가축분뇨 규제 해소 앞장...'우분 고체연료화' 전국 제도화",http://www.jeollailbo.com/news/articleView.html?idxno=808075,2026-08-12,www.jeollailbo.com,Korean,South Korea,옥수수,D2_품목,2026-08-12,,0,NONE,,
da6bfb3fef30af2082ec1273ee829a92,롯데웰푸드 '꼬깔콘 야장시리즈' 15일 만에 80만봉…'편의점 투어' 효과,https://www.thepublic.kr/news/articleView.html?idxno=314726,2026-08-12,www.thepublic.kr,Korean,South Korea,옥수수,D2_품목,2026-08-12,,0,NONE,,
7e15a6be684259c2a519280d05e762c1,"냉동채소, 더워서 샀는데 영양소도 챙겼다 [식탐]",https://n.news.naver.com/mnews/article/016/0002683065?sid=101,2026-08-12,n.news.naver.com,Korean,South Korea,옥수수,D2_품목,2026-08-12,,0,NONE,,
a01c5f0e19c881b512b7a82d210b09a3,"농촌진흥청·통일부·강원특별자치도, 「제3차 한반도농업포럼」 공동 ...",https://www.newsam.co.kr/news/article.html?no=43723,2026-08-12,www.newsam.co.kr,Korean,South Korea,옥수수,D2_품목,2026-08-12,,0,NONE,,
d4f381cc6bb1d2e9f3bcb0e1af7d3c64,"美 은행들 '애국 금융' 경쟁…BofA, 인프라에 2500억달러 투자",https://n.news.naver.com/mnews/article/015/0005320299?sid=101,2026-08-12,n.news.naver.com,Korean,South Korea,천연가스,D2_품목,2026-08-12,,0,NONE,,
3c583e0e152ac9620997430d761d673c,"7억5000만달러 대출 공개한 마라, BTC 1만8750개 담보",https://www.tokenpost.kr/news/cryptocurrency/389365,2026-08-12,www.tokenpost.kr,Korean,South Korea,천연가스,D2_품목,2026-08-12,,0,NONE,,
beaf2463b684a9e327697f7c958ca8b2,"한전, 호남반도체 팹에 3GW 전력 공급",https://n.news.naver.com/mnews/article/009/0005720234?sid=101,2026-08-12,n.news.naver.com,Korean,South Korea,천연가스,D2_품목,2026-08-12,,0,NONE,,
73a7e6631491ebaf1a92ed9e022933b9,시진핑 콕 집은 유니트리 '초고속 상장',https://n.news.naver.com/mnews/article/009/0005720204?sid=101,2026-08-12,n.news.naver.com,Korean,South Korea,천연가스,D2_품목,2026-08-12,,0,NONE,,
01b730cbd6dfb546756a4023a41eea33,‘네일 8승+김도영 34호포’ KIA…삼성 꺾고 4위 자리 탈환,https://m.sports.naver.com/kbaseball/article/119/0003121213,2026-08-12,m.sports.naver.com,Korean,South Korea,봉쇄,D6_교란행위,2026-08-12,,0,NONE,,
8df84c66fe8aff73ceff534b60900c06,"'구창모 7이닝 무실점' NC, 선두 KT 8연승 저지…KIA 4위 탈환(종합)",https://m.sports.naver.com/kbaseball/article/003/0014124161,2026-08-12,m.sports.naver.com,Korean,South Korea,봉쇄,D6_교란행위,2026-08-12,,0,NONE,,
4d88bdf5b2b25dc64ef78b307f200e8a,"끝날 뻔한 순간 허인서가 끝냈다…한화, 연장 혈투 승리",https://m.sports.naver.com/kbaseball/article/656/0000183926,2026-08-12,m.sports.naver.com,Korean,South Korea,봉쇄,D6_교란행위,2026-08-12,,0,NONE,,
ed22cffa21cabf7d7aeb512326f5504f,"'박재현 데뷔 첫 100안타' KIA, 삼성에 7-2 승",http://www.jndn.com/article.php?aid=1786542368437787104,2026-08-12,www.jndn.com,Korean,South Korea,봉쇄,D6_교란행위,2026-08-12,,0,NONE,,
1dadea7293ab01be603d63709ee6f34e,"허인서 연장 10회 결승타 폭발…한화 끝내기 패배 위기서 기사회생, 가...",https://m.sports.naver.com/kbaseball/article/477/0000623163,2026-08-12,m.sports.naver.com,Korean,South Korea,봉쇄,D6_교란행위,2026-08-12,,0,NONE,,
0ff8ad3148c31a0e4729a9d86dc0ed67,"'서건창 4안타' 키움, LG에 짜릿한 역전승",http://www.stoo.com/article.php?aid=108304328405,2026-08-12,www.stoo.com,Korean,South Korea,봉쇄,D6_교란행위,2026-08-12,,0,NONE,,
a3be2a24295fa516198ea0d45cf151aa,"""131홈런 질주"" KIA, 삼성 제압…사자 4연패 수렁",https://www.topstarnews.net/news/articleView.html?idxno=16162031,2026-08-12,www.topstarnews.net,Korean,South Korea,봉쇄,D6_교란행위,2026-08-12,,0,NONE,,
8df635d13eab0d78fdf2af5bb84a47d1,"130ｍ 솔로포·7이닝 무실점…NC, kt 잡고 연승 행진 제동",https://www.topstarnews.net/news/articleView.html?idxno=16162012,2026-08-12,www.topstarnews.net,Korean,South Korea,봉쇄,D6_교란행위,2026-08-12,,0,NONE,,
927dd89943e2cc2ad6a5795ae3b6a6e4,"'구창모 7이닝 무실점' NC, KT 8연승 도전 제동…3-0 승리",https://m.sports.naver.com/kbaseball/article/003/0014124137,2026-08-12,m.sports.naver.com,Korean,South Korea,봉쇄,D6_교란행위,2026-08-12,,0,NONE,,
84e4639b31ce1cf2af95a9c8dc672a51,"주진우 “우원식, 계엄해제 정족수 찼는데 李 올 때까지 표결 안해”",https://n.news.naver.com/mnews/article/023/0003992643?sid=102,2026-08-12,n.news.naver.com,Korean,South Korea,봉쇄,D6_교란행위,2026-08-12,,0,NONE,,
fbe52b5b9806871cd2834a5bf768edfa,"'3로빈 시작!' 김천상무, 인천 원정서 설욕 각오",https://m.sports.naver.com/kfootball/article/411/0000085731,2026-08-12,m.sports.naver.com,Korean,South Korea,봉쇄,D6_교란행위,2026-08-12,,0,NONE,,
ccf3805a5888156d04ddc9d2ed4a2e6d,"[오늘의 장면] 펜싱 에페·사브르 대표팀, MBN 여성스포츠대상 MVP 수상",https://m.sports.naver.com/general/article/057/0001963408,2026-08-12,m.sports.naver.com,Korean,South Korea,봉쇄,D6_교란행위,2026-08-12,,0,NONE,,
5bb07b3cb3d7afb1bd56ce619d790ae1,"주진우의원 ""비상계엄 해제 표결 당시 150석 찼는데 이재명 기다려""",https://n.news.naver.com/mnews/article/001/0016248132?sid=102,2026-08-12,n.news.naver.com,Korean,South Korea,봉쇄,D6_교란행위,2026-08-12,,0,NONE,,
f195084a3dd802f988bf1fde16fd3954,"주진우 ""계엄해제 표결, 이재명 기다린 듯…의총 탓 아냐""(종합)",https://n.news.naver.com/mnews/article/421/0009110987?sid=102,2026-08-12,n.news.naver.com,Korean,South Korea,봉쇄,D6_교란행위,2026-08-12,,0,NONE,,
b78aa03e96e284cc75627697d7a147a6,"주진우 ""표결 방해 없었다""…추경호 재판 '엇갈린 증언'",https://n.news.naver.com/mnews/article/437/0000505888?sid=102,2026-08-12,n.news.naver.com,Korean,South Korea,봉쇄,D6_교란행위,2026-08-12,,0,NONE,,
ddcb6f5111e94aa59e217d81c4fd7786,‘세계테마기행’ 코페르니쿠스의 도시에서 아우슈비츠까지…폴란드 역...,https://www.wikitree.co.kr/articles/1151014,2026-08-12,www.wikitree.co.kr,Korean,South Korea,봉쇄,D6_교란행위,2026-08-12,,0,NONE,,
1ef267c94ade128316fec9f0b68e79d6,'VIP 격노 은폐 의혹' 황유성 전 방첩사령관 구속영장 기각,https://n.news.naver.com/mnews/article/469/0000947723?sid=102,2026-08-12,n.news.naver.com,Korean,South Korea,참치,D8_수산물,2026-08-12,,0,NONE,,
dc589dc30cae5d5b2bab03755a8a7ff4,"식약처, 알레르기 유발물질 미표시·무등록 제조 식품 3건 무더기 회수",https://medicalworldnews.co.kr/news/view.php?idx=1510976571,2026-08-12,medicalworldnews.co.kr,Korean,South Korea,참치,D8_수산물,2026-08-12,,0,NONE,,
6dfe7b1b1b4993285c1f132b4a8e09af,[식음료] CJ제일제당 스페인 참치 / 남양유업 단팥에몽 세트 / 오뚜기 냉...,https://www.webeconomy.co.kr/news/articleView.html?idxno=2265080,2026-08-12,www.webeconomy.co.kr,Korean,South Korea,참치,D8_수산물,2026-08-12,,0,NONE,,
2c993e45c6b15a6135e53c61a296b62b,"CJ제일제당, 80년 전통 스페인 명품 캔참치 ‘칼보’ 국내 론칭",https://n.news.naver.com/mnews/article/032/0003463894?sid=101,2026-08-12,n.news.naver.com,Korean,South Korea,참치,D8_수산물,2026-08-12,,0,NONE,,
0e4d5da77550add3544b94d20b5fd7d2,"iM금융그룹, 민·관 협력 통해 폭염 속 쪽방촌 지원 앞장",https://www.joongangenews.com/news/articleView.html?idxno=539716,2026-08-12,www.joongangenews.com,Korean,South Korea,참치,D8_수산물,2026-08-12,,0,NONE,,
62a9305418563edabd60763b1e832a79,대구 쪽방주민 200세대에 생필품…'하우징 퍼스트' 첫 민관 지원,https://www.kyongbuk.co.kr/news/articleView.html?idxno=4081012,2026-08-12,www.kyongbuk.co.kr,Korean,South Korea,참치,D8_수산물,2026-08-12,,0,NONE,,
0c238472c83c061402364456f804b23b,"CJ제일제당, 스페인 1위 참치 '칼보' 국내 출시… 1시간 만에 2500세트 완...",https://www.newscj.com/news/articleView.html?idxno=3424624,2026-08-12,www.newscj.com,Korean,South Korea,참치,D8_수산물,2026-08-12,,0,NONE,,
63d24b735eaa2852161f9b6c08b9ad56,"CJ제일제당, 스페인 1위 참치 '칼보' 국내 판매",https://n.news.naver.com/mnews/article/014/0005560758?sid=101,2026-08-12,n.news.naver.com,Korean,South Korea,참치,D8_수산물,2026-08-12,,0,NONE,,
11079e893a1521b491d87658690eb5b4,"iM금융그룹 iM사회공헌재단, '폭염 속 쪽방주민 지원'...생필품 200세대...",https://www.gukjenews.com/news/articleView.html?idxno=3663084,2026-08-12,www.gukjenews.com,Korean,South Korea,참치,D8_수산물,2026-08-12,,0,NONE,,
d3d026de38245de04806ce464441ca3e,"CJ제일제당, 스페인 1위 참치 '칼보' 전격 출시… 수산 단백질 포트폴리...",https://www.nbntv.kr/news/articleView.html?idxno=340616,2026-08-12,www.nbntv.kr,Korean,South Korea,참치,D8_수산물,2026-08-12,,0,NONE,,
049074fd6124c225fbdcc38a4ca74826,"iM금융그룹, 민·관 협력으로 폭염 속 쪽방촌 지원",https://www.dkilbo.com/news/articleView.html?idxno=551208,2026-08-12,www.dkilbo.com,Korean,South Korea,참치,D8_수산물,2026-08-12,,0,NONE,,
bdb13aca20f2041e6046d0ec6d9c0414,iM금융그룹 민·관 협력으로 폭염 속 쪽방촌 지원,https://www.newsclaim.co.kr/news/articleView.html?idxno=3071895,2026-08-12,www.newsclaim.co.kr,Korean,South Korea,참치,D8_수산물,2026-08-12,,0,NONE,,
cb89cc9fee72f1d8aa48051120cb6b67,[오늘의 언박싱] CJ제일제당 '칼보 참치'·정관장 '궁정비차 트리플 어쏘...,https://www.mediapen.com/news/view/1116031,2026-08-12,www.mediapen.com,Korean,South Korea,참치,D8_수산물,2026-08-12,,0,NONE,,
2bfdd90002830b5a1bf05538bd1ebb2f,"iM금융, 대구 쪽방주민 200세대에 생필품 전달",http://www.whitepaper.co.kr/news/articleView.html?idxno=265655,2026-08-12,www.whitepaper.co.kr,Korean,South Korea,참치,D8_수산물,2026-08-12,,0,NONE,,
4d38c47ba313f15a6ed7902f23d2e430,"CJ제일제당, 스페인 1위 참치 ‘칼보’ 국내 상륙…프리미엄 수산 단백...",https://www.megaeconomy.co.kr/news/newsview.php?ncode=1065598541251598,2026-08-12,www.megaeconomy.co.kr,Korean,South Korea,참치,D8_수산물,2026-08-12,,0,NONE,,
80c472832502cf14b7a65472a92f67b7,스페인 프리미엄 참치 ‘칼보’ 국내 상륙…CJ제일제당 론칭,https://n.news.naver.com/mnews/article/468/0001259484?sid=101,2026-08-12,n.news.naver.com,Korean,South Korea,참치,D8_수산물,2026-08-12,,0,NONE,,
d4ebd85f0bbee2538734408fdd887003,[신임 의장 인터뷰] 정홍찬 제10대 남해군의회 의장,https://www.knnews.co.kr/news/articleView.php?idxno=1548579,2026-08-12,www.knnews.co.kr,Korean,South Korea,어업,D8_수산물,2026-08-12,,0,NONE,,
7bfa22f2bb8b8bc3813af8dc75a95ad0,[社告] 제주도민일보 발행인 김영탁 취임,https://www.jejudomin.co.kr/news/articleView.html?idxno=321290,2026-08-12,www.jejudomin.co.kr,Korean,South Korea,어업,D8_수산물,2026-08-12,,0,NONE,,
e7e2d9a58f49248dcb9cf578cc3a1527,한국기행 ‘토종로드’ 3부…안동에서 이어지는 토종의 맛과 멋!,https://www.wikitree.co.kr/articles/1151724,2026-08-12,www.wikitree.co.kr,Korean,South Korea,어업,D8_수산물,2026-08-12,,0,NONE,,
227e911e80f94ac18d12f8530b090f6d,"하동군의회, 고수온 피해 우려 양식장 현장 점검",https://www.gnnews.co.kr/news/articleView.html?idxno=643126,2026-08-12,www.gnnews.co.kr,Korean,South Korea,어업,D8_수산물,2026-08-12,,0,NONE,,
c0cfd253ccc4b8b2b59a74a1639e860f,[단독] 폭염이 바닷물도 데웠다… 한반도 주변 수온 역대 최고치,https://n.news.naver.com/mnews/article/005/0001866518?sid=102,2026-08-12,n.news.naver.com,Korean,South Korea,어업,D8_수산물,2026-08-12,,0,NONE,,
4c033d70080afb12a461bede1f475318,"부안군, 전북자치도 규제합리화 우수사례 경진대회 2년 연속 수상",https://www.thepowernews.co.kr/view.php?ud=2026081218503873883dfcd109a8_7,2026-08-12,www.thepowernews.co.kr,Korean,South Korea,어업,D8_수산물,2026-08-12,,0,NONE,,
9d439d74656f0f9cb45e6dc92cf4c967,낙동강 인근 주민 소변서 녹조 독소 검출,https://www.idomin.com/news/articleView.html?idxno=2012288,2026-08-12,www.idomin.com,Korean,South Korea,어업,D8_수산물,2026-08-12,,0,NONE,,
becbf9050997c1bd175f336a264acc6f,"부안군, 전북특별자치도 규제합리화 우수사례 경진대회 2년 연속 수상",https://sjbnews.com/news/news.php?number=885080,2026-08-12,sjbnews.com,Korean,South Korea,어업,D8_수산물,2026-08-12,,0,NONE,,
6f058f944a91fcedcd883b1256e307f2,통영시 적조예비특보 발령에 선제대응,http://www.gndomin.com/news/articleView.html?idxno=485329,2026-08-12,www.gndomin.com,Korean,South Korea,어업,D8_수산물,2026-08-12,,0,NONE,,
95a2a3cc6b8fc162699067a6102bcbb1,"박동식 시장, 가두리양식장 현장 점검",http://www.gndomin.com/news/articleView.html?idxno=485252,2026-08-12,www.gndomin.com,Korean,South Korea,어업,D8_수산물,2026-08-12,,0,NONE,,
74f55b7482178a4d4dccb12ea4ba0a29,"강진군, 마량 양식장 고수온 대응 강화",https://www.m-i.kr/news/articleView.html?idxno=1401727,2026-08-12,www.m-i.kr,Korean,South Korea,어업,D8_수산물,2026-08-12,,0,NONE,,
1effdd1907ab53824241fc958235605f,김해 글로벌 탄소중립 대응 전략 제시,http://www.gnmaeil.com/news/articleView.html?idxno=592653,2026-08-12,www.gnmaeil.com,Korean,South Korea,에너지안보,D9_한국,2026-08-12,,0,NONE,,
cd11b63506c919ba91385d46694e3f20,[경일시론]발전공기업 통합 본사는 진주혁신도시로,https://www.gnnews.co.kr/news/articleView.html?idxno=643176,2026-08-12,www.gnnews.co.kr,Korean,South Korea,에너지안보,D9_한국,2026-08-12,,0,NONE,,
40874d4869866c14939d87c318126db8,"[사설] 영농형 태양광 시행, 속도보다 신뢰가 우선이다",https://www.kyeongin.com/article/1768919,2026-08-12,www.kyeongin.com,Korean,South Korea,에너지안보,D9_한국,2026-08-12,,0,NONE,,
60e0d67b772e5d3d1ee051659215f7d9,전력거래소-전남대 맞손…AI·분산에너지 시대 이끌 '에너지 인재 허브...,https://www.energydaily.co.kr/news/articleView.html?idxno=202182,2026-08-12,www.energydaily.co.kr,Korean,South Korea,에너지안보,D9_한국,2026-08-12,,0,NONE,,
1f077a695666c23cc39a19cd9aaaf97e,美중간선거 앞두고 트럼프 '비상사태' 카드? 왜?,https://n.news.naver.com/mnews/article/374/0000527149?sid=104,2026-08-12,n.news.naver.com,Korean,South Korea,에너지안보,D9_한국,2026-08-12,,0,NONE,,
431b0d41c9291cb9e5f40d942d672489,"“이재명 정부 1년… 정책 착수 충실, 국민 체감은 아직”",https://n.news.naver.com/mnews/article/081/0003669868?sid=102,2026-08-12,n.news.naver.com,Korean,South Korea,에너지안보,D9_한국,2026-08-12,,0,NONE,,
bf6e91596f6da6c79a47476b993a0702,고성군통합방위협의회 개최 대비체계 협업 강화,https://n.news.naver.com/mnews/article/654/0000194973?sid=102,2026-08-12,n.news.naver.com,Korean,South Korea,에너지안보,D9_한국,2026-08-12,,0,NONE,,
286f53c81505be3046e53225e5c678f0,"정부, 2035년 경수형 SMR 상용화 추진…핵심광물 비축 1년분으로 확대",https://www.ajunews.com/view/20260812103943438,2026-08-12,www.ajunews.com,Korean,South Korea,에너지안보,D9_한국,2026-08-12,,0,NONE,,
8f77b8bfef748c41e7172b2f4090c1ac,"보령시, 민·관·군·경·소방 뭉친다... '비상대응 협력망' 강화",http://www.newsworker.co.kr/news/articleView.html?idxno=440904,2026-08-12,www.newsworker.co.kr,Korean,South Korea,에너지안보,D9_한국,2026-08-12,,0,NONE,,
68128595ccd3c5ee5a53a47e29e7b06d,"국회서 열리는 'SFS 2026'... AI 패권 시대, 한국의 생존 전략 묻는다",https://www.thepublic.kr/news/articleView.html?idxno=314741,2026-08-12,www.thepublic.kr,Korean,South Korea,에너지안보,D9_한국,2026-08-12,,0,NONE,,
087eb9e524bde2aee47cc4cd398dc18f,[그래픽] '7대 SEED 프로젝트' 주요 내용,https://n.news.naver.com/mnews/article/421/0009110835?sid=100,2026-08-12,n.news.naver.com,Korean,South Korea,에너지안보,D9_한국,2026-08-12,,0,NONE,,
b73a1a8cc7a0ea793f8be17f31e119e1,미국은 '그린허싱' vs. 유럽은 녹색채권 342조원 사상 최대,http://www.impacton.net/news/articleView.html?idxno=19945,2026-08-12,www.impacton.net,Korean,South Korea,에너지안보,D9_한국,2026-08-12,,0,NONE,,
c03a0757b88a0bbbbdf5113895aea577,"정부, 10~20년 뒤 차세대 먹거리 육성 '7대 SEED 프로젝트' 발표… SMR·양...",https://www.mtnews.net/news/articleView.html?idxno=25636,2026-08-12,www.mtnews.net,Korean,South Korea,에너지안보,D9_한국,2026-08-12,,0,NONE,,
71a2f595793d5274cc50690850905b4f,"고성군, 을지연습 앞두고 통합방위 태세 점검",https://www.jeonmae.co.kr/news/articleView.html?idxno=1283377,2026-08-12,www.jeonmae.co.kr,Korean,South Korea,에너지안보,D9_한국,2026-08-12,,0,NONE,,
5b3d2ee92ab4a2e0fe4cd75a05eaace7,"[김병철 시선, 연속기획①] 제주항공 기내에 오른 대왕님표 여주쌀…브...",http://www.newstown.co.kr/news/articleView.html?idxno=712176,2026-08-12,www.newstown.co.kr,Korean,South Korea,수출 제한,D6_교란행위,2026-08-12,,0,NONE,,
9a3157576f187ca42e4a8e598604f4b8,같은 날 다른 기억,https://www.ulsanpress.net/news/articleView.html?idxno=580891,2026-08-12,www.ulsanpress.net,Korean,South Korea,수출 제한,D6_교란행위,2026-08-12,,0,NONE,,
894ed849c2fa0a033d2e8bd46fd2c65b,"이란 미사일 잡더니 주문 폭주…천궁Ⅱ, 한국 물량 괜찮나 [밀리터리+]",https://n.news.naver.com/mnews/article/081/0003669873?sid=104,2026-08-12,n.news.naver.com,Korean,South Korea,수출 제한,D6_교란행위,2026-08-12,,0,NONE,,
24671062714344826b51132c02b512f4,"한화-KAI 기업결합 반대 나선 KAI 노조…재계, 공정위 결정에 촉각",https://www.tfmedia.co.kr/news/article.html?no=206434,2026-08-12,www.tfmedia.co.kr,Korean,South Korea,수출 제한,D6_교란행위,2026-08-12,,0,NONE,,
5824a29492c596963097c24e266103de,"황정아의원, 조세특례제한법 일부개정법률안 대표발의",http://www.gocj.net/news/articleView.html?idxno=151208,2026-08-12,www.gocj.net,Korean,South Korea,수출 제한,D6_교란행위,2026-08-12,,0,NONE,,
2575b5d7163734c2b1f3482afc4d9f87,JW중외 통풍신약 3상 성공…수익성 해외 시장에 달려,https://www.sentv.co.kr/article/view/sentv202608120117,2026-08-12,www.sentv.co.kr,Korean,South Korea,수출 제한,D6_교란행위,2026-08-12,,0,NONE,,
1ce9975ac33c2630efbd464b1e7c3bb1,"中, 저가형 전기차 물량공세… 해외방어전 돌입한 현대차·기아",https://www.asiatoday.co.kr/kn/view.php?key=20260813010004288,2026-08-12,www.asiatoday.co.kr,Korean,South Korea,수출 제한,D6_교란행위,2026-08-12,,0,NONE,,
1165cf1aaecc53790b6f22b13df3a1de,영주 농특산품 10t 미국행…LA 한인축제서 판로 확대,https://www.kyongbuk.co.kr/news/articleView.html?idxno=4080978,2026-08-12,www.kyongbuk.co.kr,Korean,South Korea,수출 제한,D6_교란행위,2026-08-12,,0,NONE,,
38e6a8c99b9c26c8403edb22c2d3decf,"KAI 노조 ""공정위, 한화 기업결합 불허해야…공정 경쟁 불가능""",https://www.m-i.kr/news/articleView.html?idxno=1401741,2026-08-12,www.m-i.kr,Korean,South Korea,수출 제한,D6_교란행위,2026-08-12,,0,NONE,,
be4d60e4968d62f779f905be3c018b13,[유통가 NOW] KT&G 하반기 공채·오비맥주 버드와이저 떼창 파티…아워홈...,https://www.ekn.kr/web/view.php?key=20260812020482175,2026-08-12,www.ekn.kr,Korean,South Korea,수출 제한,D6_교란행위,2026-08-12,,0,NONE,,
6e1d7bb4384ad0cafbf7561c89b5999e,[더벨][IR Briefing] 코스메카코리아 한국법인 '나홀로 질주'…해외 부진...,https://www.thebell.co.kr/free/content/ArticleView.asp?key=202608101614253440103216,2026-08-12,www.thebell.co.kr,Korean,South Korea,수출 제한,D6_교란행위,2026-08-12,,0,NONE,,
94dbf9fa356ed5496edbf9613befef7a,"폴란드 K2PL에 독일산 변속기···""3차 계약엔 국산 파워팩 넣어야""",http://www.enewstoday.co.kr/news/articleView.html?idxno=2458680,2026-08-12,www.enewstoday.co.kr,Korean,South Korea,수출 제한,D6_교란행위,2026-08-12,,0,NONE,,
72725fcc6540ea815a72cd1d3b51160b,김성범 ‘제주도민 이동권 보장 3법’ 대표 발의,https://n.news.naver.com/mnews/article/056/0012236687?sid=100,2026-08-12,n.news.naver.com,Korean,South Korea,운임,D4_운송,2026-08-12,,0,NONE,,
bdaa52733cb7a2893efc0e03c7daea84,"인천농협, ‘농심천심 국민참여단 섬 체험’ 운영",https://n.news.naver.com/mnews/article/662/0000101753?sid=102,2026-08-12,n.news.naver.com,Korean,South Korea,운임,D4_운송,2026-08-12,,0,NONE,,
6ad7d18f4617cc98329b542b8a28a6ec,"""도시철도 무임수송 손실, 국비로 보전해야""",https://www.idaegu.co.kr/news/articleView.html?idxno=556620,2026-08-12,www.idaegu.co.kr,Korean,South Korea,운임,D4_운송,2026-08-12,,0,NONE,,
4afa452693a1da1fcb486be5f21a7842,"""제주도민 좌석 따로 빼놓자""...항공권 우선 배정·운임 지원법 발의",https://www.ppss.kr/news/articleView.html?idxno=305247,2026-08-12,www.ppss.kr,Korean,South Korea,운임,D4_운송,2026-08-12,,0,NONE,,
55152651f7e8c66a999f95548ff3955f,“산하기관 방만·비위 대대적 점검” 칼 빼든 전재수,https://n.news.naver.com/mnews/article/658/0000152203?sid=102,2026-08-12,n.news.naver.com,Korean,South Korea,운임,D4_운송,2026-08-12,,0,NONE,,
8ecb30e8b9a6cd51c42a8a3b8d562e24,"철도, 좌석 주간 11만 석 확대 및 예매 앱 단일화",http://www.hansbiz.co.kr/news/articleView.html?idxno=856434,2026-08-12,www.hansbiz.co.kr,Korean,South Korea,운임,D4_운송,2026-08-12,,0,NONE,,
0148c446d862c95fd7984c8b8fb56900,‘천원주택’ 내년 1천가구 공급… 재정위기에도… 인천시 유지 가닥,https://www.kyeongin.com/article/1768941,2026-08-12,www.kyeongin.com,Korean,South Korea,운임,D4_운송,2026-08-12,,0,NONE,,
ae948cab70595bbffae937e5dcf58822,아이바다패스 타 시도 지원 중단… 여름 성수기 섬 관광업체 날벼락,https://www.kyeongin.com/article/1768931,2026-08-12,www.kyeongin.com,Korean,South Korea,운임,D4_운송,2026-08-12,,0,NONE,,
043edde72559d6a3ab90dc6c6ad5f0ef,'올해도 포기했는데' 설렌다…추석 앞두고 벌어진 대반전,https://n.news.naver.com/mnews/article/015/0005320264?sid=101,2026-08-12,n.news.naver.com,Korean,South Korea,운임,D4_운송,2026-08-12,,0,NONE,,
bc2690f0477d4d532d3235159e82762b,"'중국 경제 바꾼' 주룽지 전 중국 총리 별세…中 ""탁월한 지도자"" 美 ""WT...",https://www.econovill.com/news/articleView.html?idxno=747840,2026-08-12,www.econovill.com,Korean,South Korea,곡물,D2_품목,2026-08-12,,0,NONE,,
109d19b943a967eece9f6261ad6a7915,"‘중국 경제개혁 사령탑’ 주룽지 전 총리 별세…""탁월한 지도자""",https://n.news.naver.com/mnews/article/018/0006350609?sid=104,2026-08-12,n.news.naver.com,Korean,South Korea,곡물,D2_품목,2026-08-12,,0,NONE,,
64b6b53f0f282c5e31c79eea85f0a7ce,주룽지 전 중국 총리 별세…향년 98세(종합),https://n.news.naver.com/mnews/article/003/0014124138?sid=104,2026-08-12,n.news.naver.com,Korean,South Korea,곡물,D2_품목,2026-08-12,,0,NONE,,
842b6ad7a072a3de76ed81ccfd8c2c67,"CJ제일제당 바이오 ""전분기 대비 855억 증가""...전년 대비로는 172억 감소",https://www.pennmike.com/news/articleView.html?idxno=125557,2026-08-12,www.pennmike.com,Korean,South Korea,곡물,D2_품목,2026-08-12,,0,NONE,,
90f00287d20d46e263216fe3ad5f2933,14~15일 '택배 쉬는 날'... 택배사별 배송 재개 일정은?,https://www.ggilbo.com/news/articleView.html?idxno=1174442,2026-08-12,www.ggilbo.com,Korean,South Korea,CJ대한통운,D7_행위자,2026-08-12,,0,NONE,,
75ad4b550e06f5f2080ec5953138d3d6,"""테일즈런너로 직무 체험""···CJ대한통운, 이색 채용설명회 개최",http://www.enewstoday.co.kr/news/articleView.html?idxno=2458829,2026-08-12,www.enewstoday.co.kr,Korean,South Korea,CJ대한통운,D7_행위자,2026-08-12,,0,NONE,,
114774e0c4129e107b06e398b7914c2b,"입지 좁아진 '1세대 쇼핑몰', 배송 경쟁력 강화 잰걸음",https://www.sisaweek.com/news/articleView.html?idxno=237253,2026-08-12,www.sisaweek.com,Korean,South Korea,CJ대한통운,D7_행위자,2026-08-12,,0,NONE,,
eb09631501d978df6a033574fbedac99,"CJ대한통운, 테일즈런 활용 체험형 채용설명회 개최",http://www.lawissue.co.kr/view.php?ud=202608121801185731f4ab64559d_12,2026-08-12,www.lawissue.co.kr,Korean,South Korea,CJ대한통운,D7_행위자,2026-08-12,,0,NONE,,
5c115cd2ccb23370fb25c592a006defd,"CJ대한통운, 2분기 이익 감소 4분의 1은 건설… 사측 ""소송 관련 일회성...",https://www.s-journal.co.kr/news/articleView.html?idxno=42965,2026-08-12,www.s-journal.co.kr,Korean,South Korea,CJ대한통운,D7_행위자,2026-08-12,,0,NONE,,
a7a64cd30e4d65db3b4352db50ac6b7f,"'엔진음과 힙합의 만남'…슈퍼레이스, '나이트 레이스 X 쇼미더머니' 기...",https://www.gpkorea.com/news/articleView.html?idxno=145599,2026-08-12,www.gpkorea.com,Korean,South Korea,CJ대한통운,D7_행위자,2026-08-12,,0,NONE,,
8b85d1491bab0dd279d11858d7bcae89,"'물류 직무 게임처럼 체험'⋯CJ대한통운, ‘테일즈런너’로 채용설명회",https://n.news.naver.com/mnews/article/031/0001049217?sid=101,2026-08-12,n.news.naver.com,Korean,South Korea,CJ대한통운,D7_행위자,2026-08-12,,0,NONE,,
2ac8252825b87ebd494aeb7e80d7fd37,"CJ대한통운, 게임으로 물류 직무 체험하는 채용설명회",https://www.lcnews.co.kr/news/articleView.html?idxno=206443,2026-08-12,www.lcnews.co.kr,Korean,South Korea,CJ대한통운,D7_행위자,2026-08-12,,0,NONE,,
2864af8b051c6f4d063720b9b423955f,"CJ대한통운, ‘테일즈런너’와 달린다…Z세대 겨냥 이색 채용설명회 개...",https://www.megaeconomy.co.kr/news/newsview.php?ncode=1065598312654356,2026-08-12,www.megaeconomy.co.kr,Korean,South Korea,CJ대한통운,D7_행위자,2026-08-12,,0,NONE,,
a5caeb3274af0908e0b5b162dc49ded1,"중고나라, 이달 '문앞택배' 출격…리커머스 '라스트마일' 경쟁 격화",https://n.news.naver.com/mnews/article/030/0003456822?sid=101,2026-08-12,n.news.naver.com,Korean,South Korea,CJ대한통운,D7_행위자,2026-08-12,,0,NONE,,
8345b7d3d5a463397d6a27dfb38bbdab,"테슬라 사이버캡, 지붕에 스타링크 V5 매립…도심엔 과잉 지적",https://www.wikitree.co.kr/articles/1152096,2026-08-12,www.wikitree.co.kr,Korean,South Korea,머스크,D7_행위자,2026-08-12,,0,NONE,,
a0977665c142418f6773d622e1169970,성과 목표 절반 면제…테슬라 인수 시 머스크 보상 지름길,https://www.tokenpost.kr/news/cryptocurrency/389330,2026-08-12,www.tokenpost.kr,Korean,South Korea,머스크,D7_행위자,2026-08-12,,0,NONE,,
4f1a4933e3f08b302e52d41ba0ee6c92,1년새 자산 1.4조→56조…세계 50대 부호 오른 ‘85년생 천재’,https://n.news.naver.com/mnews/article/025/0003543998?sid=104,2026-08-12,n.news.naver.com,Korean,South Korea,머스크,D7_행위자,2026-08-12,,0,NONE,,
7170e5b98a8471dfdd8478525d89e8e1,"바이레도, '퓨쳐 메모리즈' 출시...로레알파리, 극손상모 샴푸 출시",https://www.slist.kr/news/articleView.html?idxno=758347,2026-08-12,www.slist.kr,Korean,South Korea,머스크,D7_행위자,2026-08-12,,0,NONE,,
74b89a492771f3cb792e89099841302a,"""딥시크 창업자 량원펑 자산 1년새 40배…세계 50대 부호 진입""",https://n.news.naver.com/mnews/article/055/0001380176?sid=104,2026-08-12,n.news.naver.com,Korean,South Korea,머스크,D7_행위자,2026-08-12,,0,NONE,,
c8e4e830adb80588b69872e8f9657b3d,'하루 1.2조' 번 머스크…증가율 1위는 따로 있었다,https://n.news.naver.com/mnews/article/215/0001262173?sid=101,2026-08-12,n.news.naver.com,Korean,South Korea,머스크,D7_행위자,2026-08-12,,0,NONE,,
7aea4c87c1a22d97636c6fad82db9536,"‘딥시크 쇼크’ 만든 량원펑, 1년 만에 자산 1.4조→56조",https://n.news.naver.com/mnews/article/016/0002683110?sid=104,2026-08-12,n.news.naver.com,Korean,South Korea,머스크,D7_행위자,2026-08-12,,0,NONE,,
d20d4f385b17f2c3775b61a483536c1c,억만장자 수 중국이 세계 2위…딥시크 량원펑 자산 1년새 40배 늘어,https://n.news.naver.com/mnews/article/056/0012236442?sid=104,2026-08-12,n.news.naver.com,Korean,South Korea,머스크,D7_행위자,2026-08-12,,0,NONE,,
68546f90701ac247a992afbcb4f059cd,윤은혜 “남자에게 이 향기 나면 ‘잠시만요!’ 하고 냄새 맡을 듯”(‘...,https://m.entertain.naver.com/article/112/0003804241,2026-08-12,m.entertain.naver.com,Korean,South Korea,머스크,D7_행위자,2026-08-12,,0,NONE,,
70ea958831d97eb09e79ff54e9306bff,스페이스X가 테슬라 인수하면 머스크 '1조달러 잭팟' 터질까,https://n.news.naver.com/mnews/article/015/0005320201?sid=101,2026-08-12,n.news.naver.com,Korean,South Korea,머스크,D7_행위자,2026-08-12,,0,NONE,,
8bdf81bfeef7a624a60b4cd92822ca3e,"비트코인(BTC) 채굴 수수료, 10년 최저치...""2026년 우려스러운 변화""",http://coinreaders.com/252485,2026-08-12,coinreaders.com,Korean,South Korea,수입의존,D9_한국,2026-08-12,,0,NONE,,
1568084760ab3949c3382c15e6740596,커피산업 3조 7천억원 시대…'카페 공화국' 넘어 수출산업으로,http://www.youngnong.co.kr/news/articleView.html?idxno=61535,2026-08-12,www.youngnong.co.kr,Korean,South Korea,수입의존,D9_한국,2026-08-12,,0,NONE,,
61f2748090b634f41e3ddacb5b75097d,"비트코인 채굴자 AI 전환, 네트워크 안전성 흔드나",http://coinreaders.com/252477,2026-08-12,coinreaders.com,Korean,South Korea,수입의존,D9_한국,2026-08-12,,0,NONE,,
a78d448553f6fb60db9ff77b2b61cf49,"[R]""대마로 차 만든다""..'친환경 헴프' 산업화 시동",http://andongmbc.co.kr/adboard/NewsView84188,2026-08-12,andongmbc.co.kr,Korean,South Korea,수입의존,D9_한국,2026-08-12,,0,NONE,,
6ece6d0334f7a0775ec1ae6b5343129f,[특집-이장 아카데미] 전국 첫 '이장스쿨'…마을 리더 역할 다시 세웠다,https://www.bzeronews.com/news/articleView.html?idxno=821176,2026-08-12,www.bzeronews.com,Korean,South Korea,수입의존,D9_한국,2026-08-12,,0,NONE,,
b7bc2919197d434d6fb94210cf9d8251,"""대마로 차 만든다""..'친환경 헴프' 산업화 시동",http://www.phmbc.co.kr/www/news/desk_news?idx=204018&mode=view,2026-08-12,www.phmbc.co.kr,Korean,South Korea,수입의존,D9_한국,2026-08-12,,0,NONE,,
554588f7f8c36fd17e44eec770b6c5c3,0.69%까지 낮아진 비트코인 채굴 수수료 비중,https://www.tokenpost.kr/news/cryptocurrency/389263,2026-08-12,www.tokenpost.kr,Korean,South Korea,수입의존,D9_한국,2026-08-12,,0,NONE,,
f083d1c3ed4a697de3f41116070250d3,"[르포] ‘꿈의 소재’ 그래핀, ‘마스터배치’ 통해 활용 폭 넓힌다",https://kidd.co.kr/news/247004,2026-08-12,kidd.co.kr,Korean,South Korea,수입의존,D9_한국,2026-08-12,,0,NONE,,
6588e436e530ee04f3ce19dfe00d0c60,"[단독] 내용물 모르는 말랑이, 잘못 가지고 놀다간 ‘화상’… 2030 그래...",https://n.news.naver.com/mnews/article/022/0004150489?sid=102,2026-08-12,n.news.naver.com,Korean,South Korea,수입의존,D9_한국,2026-08-12,,0,NONE,,
31dff57f7c6d89f635c8641bfe394628,'이재명 복지'가 경기도 재정위기 불러왔다? 15년 결산자료 보니,https://n.news.naver.com/mnews/article/047/0002525384?sid=100,2026-08-12,n.news.naver.com,Korean,South Korea,수입의존,D9_한국,2026-08-12,,0,NONE,,
7105b97e4f36a0b106e0e7c8bde05ac5,"SMR '7대 SEED' 낙점...원전업계, 글로벌 시장 선점 기대",https://www.energy-news.co.kr/news/articleView.html?idxno=227409,2026-08-12,www.energy-news.co.kr,Korean,South Korea,공급망 위기,D6_교란행위,2026-08-12,,0,NONE,,
4b502a4c733fe844492c2efc1851681a,"원자력산업협회 ""SMR, 7대 SEED 프로젝트 선정 환영""",http://www.e-platform.net/news/articleView.html?idxno=104525,2026-08-12,www.e-platform.net,Korean,South Korea,공급망 위기,D6_교란행위,2026-08-12,,0,NONE,,
c591984eaa9215df0d3fcdb3bd4bd110,"현대차 '로봇·미래차' 전환에 금속노조 ""부품사 생존권 박탈"" 반발",https://n.news.naver.com/mnews/article/047/0002525399?sid=102,2026-08-12,n.news.naver.com,Korean,South Korea,공급망 위기,D6_교란행위,2026-08-12,,0,NONE,,
dc9dcd02780e7d5e8b96e3716166fe74,"'EU産' 노린 中, 유럽 車부품사 쓸어담는다",https://n.news.naver.com/mnews/article/015/0005320220?sid=104,2026-08-12,n.news.naver.com,Korean,South Korea,공급망 위기,D6_교란행위,2026-08-12,,0,NONE,,
72eafdf55ffe9d02de4e517e1c5787d5,"김덕호 ""K-푸드 지속 성장하려면 산업 틀 바꿔야""",https://n.news.naver.com/mnews/article/421/0009110877?sid=102,2026-08-12,n.news.naver.com,Korean,South Korea,공급망 위기,D6_교란행위,2026-08-12,,0,NONE,,
ad2005c217c12026b4bef6afc8131cb8,"삼성SDI, 전기차는 줄이고 ESS는 편다… 북미 배터리 거점 재편 가속",https://www.s-journal.co.kr/news/articleView.html?idxno=43003,2026-08-12,www.s-journal.co.kr,Korean,South Korea,공급망 위기,D6_교란행위,2026-08-12,,0,NONE,,
c87266eb8c00a471221b115e0a625b8e,"김덕호 식품진흥원 이사장, 식품산업 혁신방안 제시",http://www.bokuennews.com/news/article.html?no=282470,2026-08-12,www.bokuennews.com,Korean,South Korea,공급망 위기,D6_교란행위,2026-08-12,,0,NONE,,
065ee24de359ffc4308444e63c4008c7,中 C919 국제선 뜨는 날…한국 여객기는 왜 30년째 설계도에만 남았나,https://www.the-today.com/news/articleView.html?idxno=88397,2026-08-12,www.the-today.com,Korean,South Korea,공급망 위기,D6_교란행위,2026-08-12,,0,NONE,,
93e9b39b0c685e2f9afb3a50a740253f,"테슬라, 모델 S·X 생산라인 철거… '옵티머스' 로봇 양산에 사활",https://n.news.naver.com/mnews/article/108/0003461389?sid=004,2026-08-12,n.news.naver.com,Korean,South Korea,공급망 위기,D6_교란행위,2026-08-12,,0,NONE,,
7d522466a21634438d71658f87ae1ce3,"농업·농촌 불합리 바로잡는다…농식품부, 정상화 과제 39건 추진",http://www.youngnong.co.kr/news/articleView.html?idxno=61538,2026-08-12,www.youngnong.co.kr,Korean,South Korea,비료,D2_품목,2026-08-12,,0,NONE,,
9347b20d8715718ab5c86fda8322361f,진해 도심 60년 가른 ‘군용 철길’ 제거 시동…과제는?,https://n.news.naver.com/mnews/article/056/0012236702?sid=102,2026-08-12,n.news.naver.com,Korean,South Korea,비료,D2_품목,2026-08-12,,0,NONE,,
d6a11e93dd90ab6b231316d6669e41e5,"보성 회천농협, 산지유통센터 구축…""농가 실익 증진 및 영농 편의 극대...",http://www.youngnong.co.kr/news/articleView.html?idxno=61503,2026-08-12,www.youngnong.co.kr,Korean,South Korea,비료,D2_품목,2026-08-12,,0,NONE,,
db5d07eb705360bd8a4d1d92804ab1f6,"청주충북환경연합, ""대청호 녹조, 사후 수습서 오염원 감축으로 전환해...",http://www.cctimes.kr/news/articleView.html?idxno=921649,2026-08-12,www.cctimes.kr,Korean,South Korea,비료,D2_품목,2026-08-12,,0,NONE,,
e56d1420fbe74963bf6dfd9b047e55ac,EU 환경규제 강화에…경기도 중소기업 대응 ‘막막’ [집중취재],https://n.news.naver.com/mnews/article/666/0000118975?sid=101,2026-08-12,n.news.naver.com,Korean,South Korea,비료,D2_품목,2026-08-12,,0,NONE,,
8ee70280227d32cacebf8b92ce2e39c6,"평화로운 농장에 스며든 공포, '팜 호러'가 보여주는 게임 디자인의 변...",https://www.gamevu.co.kr/news/articleView.html?idxno=59976,2026-08-12,www.gamevu.co.kr,Korean,South Korea,비료,D2_품목,2026-08-12,,0,NONE,,
c6291515f27b2794f7527669ad245fb8,"""대청호 녹조, 반복되는 재난…관리정책 전환하라""",https://www.goodmorningcc.com/news/articleView.html?idxno=450560,2026-08-12,www.goodmorningcc.com,Korean,South Korea,비료,D2_품목,2026-08-12,,0,NONE,,
fe6fb5375eb5a6c142720e46c359c3d9,폭염·고물가 뚫고 농민 곁으로... 농협중앙회가 선도하는 농가 대전환,http://www.lkp.news/news/articleView.html?idxno=82890,2026-08-12,www.lkp.news,Korean,South Korea,비료,D2_품목,2026-08-12,,0,NONE,,
a6c7aea7f5469b1b4b067e284a2404d9,남부 해양수도 조성 투자유치 나선다,https://www.ulsanpress.net/news/articleView.html?idxno=580961,2026-08-12,www.ulsanpress.net,Korean,South Korea,해운,D4_운송,2026-08-12,,0,NONE,,
1404cc4776b56d718f03ab075f3b1e50,"울산·부산·경남, ‘남부 해양수도권’ 조성 맞손… 공동 투자유치 나...",https://www.viva100.com/article/20260812501133,2026-08-12,www.viva100.com,Korean,South Korea,해운,D4_운송,2026-08-12,,0,NONE,,
0900419940aee860223805cf9f6db35c,"해진공, 해운금융 심화 과정 교육생 16명 모집···내달 4일 개강",https://www.pointe.co.kr/news/articleView.html?idxno=83140,2026-08-12,www.pointe.co.kr,Korean,South Korea,해운,D4_운송,2026-08-12,,0,NONE,,
2dcaebcf815fad75ac6abdc5dcebd772,"부산교육청, 교권 보호부터 AI 인재·의료 진로교육까지 지원 강화",https://www.industrynews.co.kr/news/articleView.html?idxno=84349,2026-08-12,www.industrynews.co.kr,Korean,South Korea,해운,D4_운송,2026-08-12,,0,NONE,,
c520bed7180bb20996d7f18fc33b3505,회생기업 살리는 ‘마지막 돈줄’ DIP…“이마저 막히면 재기도 어려워...,https://n.news.naver.com/mnews/article/016/0002682991?sid=101,2026-08-12,n.news.naver.com,Korean,South Korea,해운,D4_운송,2026-08-12,,0,NONE,,
e0eee49721f360c484a7815bda36279e,조선·방산 넘어 전력·SMR까지…정기선표 'HD현대 밸류체인' 구축 눈앞,https://www.newsworks.co.kr/news/articleView.html?idxno=850089,2026-08-12,www.newsworks.co.kr,Korean,South Korea,해운,D4_운송,2026-08-12,,0,NONE,,
eef72fcb193cfa3d9ef761713fd10167,"[재생에너지 리셋] 퍼시피코, 진도에 3.2GW 바람길 연다···""아·태 공략...",http://www.enewstoday.co.kr/news/articleView.html?idxno=2458630,2026-08-12,www.enewstoday.co.kr,Korean,South Korea,해운,D4_운송,2026-08-12,,0,NONE,,
6f06de0df4c55dba952017aa1a147f77,"해진공, 해양금융 심화 과정 교육생 모집…21일까지 16명 선발",https://n.news.naver.com/mnews/article/082/0001393577?sid=101,2026-08-12,n.news.naver.com,Korean,South Korea,해운,D4_운송,2026-08-12,,0,NONE,,
dbd0da642ea62afd26dc6a72fa7d19e9,[공기업 센터] 해양수산부·한국해양진흥공사·부산교통공사,http://www.iminju.net/news/articleView.html?idxno=167928,2026-08-12,www.iminju.net,Korean,South Korea,해운,D4_운송,2026-08-12,,0,NONE,,
e80832c0bc6fc142646d90fe75232ba5,"네이버, 경총 회원사 됐다… 노사관계 대응 강화",https://n.news.naver.com/mnews/article/014/0005560836?sid=105,2026-08-12,n.news.naver.com,Korean,South Korea,한국 경제 영향,D9_한국,2026-08-12,,0,NONE,,
2c30dc1387b4f49a91dcf339989a18c0,"네이버, 경총 가입으로 노무 대응 강화…노조는 16개 법인 통합교섭 요...",https://n.news.naver.com/mnews/article/119/0003121202?sid=105,2026-08-12,n.news.naver.com,Korean,South Korea,한국 경제 영향,D9_한국,2026-08-12,,0,NONE,,
672912d6fd4b382372fce6c4a1f699dd,'누가 사냐' 조롱받던 실패작…50년 만에 '3경 대박' 일냈다,https://n.news.naver.com/mnews/article/015/0005320278?sid=101,2026-08-12,n.news.naver.com,Korean,South Korea,한국 경제 영향,D9_한국,2026-08-12,,0,NONE,,
02ea8b7a6c2a25b10d60399a86a6310b,"네이버, 경총 가입…AI·노동 현안 대응 확대",https://n.news.naver.com/mnews/article/117/0004094200?sid=105,2026-08-12,n.news.naver.com,Korean,South Korea,한국 경제 영향,D9_한국,2026-08-12,,0,NONE,,
a150c9b3adca0923619a1044d2428568,네이버도 경총 가입…AI 시대 협력 필요성과 노조 리스크 영향,https://n.news.naver.com/mnews/article/008/0005399240?sid=105,2026-08-12,n.news.naver.com,Korean,South Korea,한국 경제 영향,D9_한국,2026-08-12,,0,NONE,,
073aab84566a70cfdded79a721d96f7f,[이슈] 여성보험 재미 본 한화손보...다음 수는 '펨테크' 산업,https://www.startuptoday.co.kr/news/articleView.html?idxno=809578,2026-08-12,www.startuptoday.co.kr,Korean,South Korea,한국 경제 영향,D9_한국,2026-08-12,,0,NONE,,
0783b5ee2f4e4ebfb285b079e61eecdd,"한화생명, 상반기 순익 9045억…전년比 96% ↑",https://www.kfenews.co.kr/news/articleView.html?idxno=662316,2026-08-12,www.kfenews.co.kr,Korean,South Korea,한국 경제 영향,D9_한국,2026-08-12,,0,NONE,,
7174d72a3392da6085597c7cb439f1a2,"외교부, '韓핵잠 비난' 北외무성 담화 반박 ""핵·미사일 고도화 대응 방...",https://n.news.naver.com/mnews/article/003/0014124167?sid=100,2026-08-12,n.news.naver.com,Korean,South Korea,대만 해협,D1_초크포인트,2026-08-12,,0,NONE,,
0c9c7f089f7182b70e6dd3d0ade5d9f3,"北, 韓 핵잠 추진에 ""핵 도미노 유발…보복공격할 독보적 힘 보유해야""",https://n.news.naver.com/mnews/article/586/0000135825?sid=100,2026-08-12,n.news.naver.com,Korean,South Korea,대만 해협,D1_초크포인트,2026-08-12,,0,NONE,,
7c4256443edfaa0bbab221cb08957afd,"韓 핵잠에…北 ""생존불가 보복공격으로 응대할 힘 보유할 것""",https://www.idaegu.co.kr/news/articleView.html?idxno=556569,2026-08-12,www.idaegu.co.kr,Korean,South Korea,대만 해협,D1_초크포인트,2026-08-12,,0,NONE,,
1d9b8e4875b710ae9b9e3832f44bfe99,"대만인과 결혼한 중국 출신女, 中에 포섭돼 선거 개입",https://n.news.naver.com/mnews/article/021/0002811041?sid=104,2026-08-12,n.news.naver.com,Korean,South Korea,대만 해협,D1_초크포인트,2026-08-12,,0,NONE,,
d279e6e7ce79f848f081bacd1f954d92,"北, 韓 핵잠수함 추진에 ""반드시 대응해야할 안전 위협""",https://n.news.naver.com/mnews/article/079/0004178185?sid=100,2026-08-12,n.news.naver.com,Korean,South Korea,대만 해협,D1_초크포인트,2026-08-12,,0,NONE,,
86957b609f6daa332789a2ee4eb855d7,"북한, 한국 핵잠 도입에 “아시아 태평양 핵 도미노 유발할 것”",https://n.news.naver.com/mnews/article/028/0002818260?sid=100,2026-08-12,n.news.naver.com,Korean,South Korea,대만 해협,D1_초크포인트,2026-08-12,,0,NONE,,
7958771e911dd540566f455246784968,핵심 소부장에 5년간 10조 투자…2030년 '슈퍼 을' 15곳 육성,https://www.newsworks.co.kr/news/articleView.html?idxno=850189,2026-08-12,www.newsworks.co.kr,Korean,South Korea,희토류,D2_품목,2026-08-12,,0,NONE,,
58fad2518fd24b409f0b0a48045776fc,"중일, 관계 개선 물꼬 트나...8개월 공석 충칭 총영사 부임",https://www.newspim.com/news/view/20260812001178,2026-08-12,www.newspim.com,Korean,South Korea,희토류,D2_품목,2026-08-12,,0,NONE,,
c13730f2cabd33ba0a1cb67951f44e95,"'6시 내고향' 울진 북면 해물장정식 맛집 위치는? ""더위 이기는 여행""",https://www.topstarnews.net/news/articleView.html?idxno=16162007,2026-08-12,www.topstarnews.net,Korean,South Korea,새우,D8_수산물,2026-08-12,,0,NONE,,
b1b67763be839adc695f0fb150907b82,새우 사이 폐비닐 '한가득'‥한강하구에 무슨 일이? [바로간다],https://n.news.naver.com/mnews/article/214/0001517506?sid=102,2026-08-12,n.news.naver.com,Korean,South Korea,새우,D8_수산물,2026-08-12,,0,NONE,,
f2f1188a254faaa83f90af4e9fc196c8,"'오늘N' 서울 건대입구역 '하얼빈식 만두' 맛집 위치는? ""직장인의 위로...",https://www.topstarnews.net/news/articleView.html?idxno=16161824,2026-08-12,www.topstarnews.net,Korean,South Korea,새우,D8_수산물,2026-08-12,,0,NONE,,
5743df178815608a9c901ec2dada1b36,"세계가 인정한 서산 갯벌, 직접 거닐어본 가로림만",https://www.korea.kr/news/reporterView.do?newsId=148969832&call_from=naver_news,2026-08-12,www.korea.kr,Korean,South Korea,새우,D8_수산물,2026-08-12,,0,NONE,,
0dabc5713bbf8e6773a43bdcb15a54ea,오늘N' 오리고기·만두,https://www.bntnews.co.kr/article/view/bnt202608120203,2026-08-12,www.bntnews.co.kr,Korean,South Korea,새우,D8_수산물,2026-08-12,,0,NONE,,
0b1c31b5e9d4a8e5ae9dbfe4183c9653,"쿠팡 화재 되풀이 막는다…경주소방서, 물류창고 안전 살핀다",https://www.kyongbuk.co.kr/news/articleView.html?idxno=4081046,2026-08-12,www.kyongbuk.co.kr,Korean,South Korea,물류기업,D9_한국,2026-08-12,,0,NONE,,
5faf17a6cf6555b5497c3816a14182c4,만만한 게 학습활동비?…교육교부금 줄자 가장 먼저 3006억원 삭감,https://n.news.naver.com/mnews/article/032/0003463920?sid=102,2026-08-12,n.news.naver.com,Korean,South Korea,수입 차질,D6_교란행위,2026-08-12,,0,NONE,,
e3a04a61bb3e27c94c6db1f001898e56,'민선9기 추진동력'울산시 3차 추경 1천200억 규모,http://www.ujeil.com/news/articleView.html?idxno=390345,2026-08-12,www.ujeil.com,Korean,South Korea,수입 차질,D6_교란행위,2026-08-12,,0,NONE,,
46d67301377eb24735acccbcd688e841,[사설] 퐁피두·라스칼라 공론화 ‘부산문화’만 생각해 결론을,https://n.news.naver.com/mnews/article/658/0000152202?sid=110,2026-08-12,n.news.naver.com,Korean,South Korea,수입 차질,D6_교란행위,2026-08-12,,0,NONE,,
ed7e37de0ab11bd5068ff7344d622c84,"실적 성장세에…노랑통닭, 경영권 매각 재시동 [시그널]",https://n.news.naver.com/mnews/article/011/0004651080?sid=101,2026-08-12,n.news.naver.com,Korean,South Korea,수입 차질,D6_교란행위,2026-08-12,,0,NONE,,
c3992afdaf1ac8703267eaaf34e85da8,패션·섬유주 약세…뷰티주 한국콜마·코스맥스 중심 강세,http://okfashion.co.kr/detail.php?number=63967&thread=62r04,2026-08-12,okfashion.co.kr,Korean,South Korea,한국 소재/화학,D9_한국,2026-08-12,,0,NONE,,
1da2f47dc7041efadc4c174f89abeade,"바로팜·크리에이츠·진코스텍, 코스닥 입성 청신호...거래소 상장예심...",https://www.pinpointnews.co.kr/news/articleView.html?idxno=476811,2026-08-12,www.pinpointnews.co.kr,Korean,South Korea,한국 소재/화학,D9_한국,2026-08-12,,0,NONE,,
8272e2dad8186eb4e65718387efdbaf8,"새 드라마 가을에 공개되는데...안판석 PD 별세, 안타까운 '사망 원인'",https://www.wikitree.co.kr/articles/1152084,2026-08-12,www.wikitree.co.kr,Korean,South Korea,한국 소재/화학,D9_한국,2026-08-12,,0,NONE,,
ec3e2a1f70c4133f533c5c27b038fbd5,‘차석용 매직’ 그늘 벗고 북미서 답 찾다,https://n.news.naver.com/mnews/article/024/0000107504?sid=101,2026-08-12,n.news.naver.com,Korean,South Korea,나프타,D2_품목,2026-08-12,,0,NONE,,
3dc91fff5bd6703b7345e1e95021d928,가오슝이 전남광주에 주는 세 가지 교훈 / 주정민,http://www.kjdaily.com/article.php?aid=1786526436684375028,2026-08-12,www.kjdaily.com,Korean,South Korea,나프타,D2_품목,2026-08-12,,0,NONE,,
ab2cb0140e5c8b1236ef72ed80651100,現교육과정 마지막 대입…지역의사제 등 열띤 눈치싸움 예고,https://n.news.naver.com/mnews/article/658/0000152163?sid=102,2026-08-12,n.news.naver.com,Korean,South Korea,HMM,D7_행위자,2026-08-12,,0,NONE,,
6df20d934d7aa69757d524d7eb693245,[코인 갱신 일지] CAP·PONS 신고점권 거래…SEI·STRK 등 신저점 22종,https://www.tokenpost.kr/news/cryptocurrency/389151,2026-08-12,www.tokenpost.kr,Korean,South Korea,HMM,D7_행위자,2026-08-12,,0,NONE,,
f2897eca96608950ba5b7fc03ada99db,KOSPI 200 Closing Price List-3,https://n.news.naver.com/mnews/article/001/0016247676?sid=104,2026-08-12,n.news.naver.com,Korean,South Korea,HMM,D7_행위자,2026-08-12,,0,NONE,,
14904ae9a29fa6f873b6ef70bcbc5f6a,"충북개발공사, 경영평가 반등 총력… '100일 혁신' 가동",http://www.ikld.kr/news/articleView.html?idxno=338911,2026-08-12,www.ikld.kr,Korean,South Korea,비상경영,D9_한국,2026-08-12,,0,NONE,,
3aa053ca8da4ca6dcdc5d28fd4459102,"[단독] LH, 경영평가 우선순위 '주택공급 속도'에 둔다… 비상경영 돌입",https://m.skyedaily.com/news_view.html?ID=309724,2026-08-12,m.skyedaily.com,Korean,South Korea,비상경영,D9_한국,2026-08-12,,0,NONE,,
e84b91126fb8f9d7a739a5178d75cac7,충북개발공사 경영 쇄신 비상관리체계 가동,http://www.cctimes.kr/news/articleView.html?idxno=921619,2026-08-12,www.cctimes.kr,Korean,South Korea,비상경영,D9_한국,2026-08-12,,0,NONE,,
e748c376304358ad3f15b0f17749cd7f,한국정책대상 수상하는 조달청,https://n.news.naver.com/mnews/article/003/0014123834?sid=102,2026-08-12,n.news.naver.com,Korean,South Korea,요소수,D2_품목,2026-08-12,,0,NONE,,
9aea9c77a1c6ced93d3b89161206acf3,해양수도 상생협약 후속조치 서둘러야,https://www.ulsanpress.net/news/articleView.html?idxno=580893,2026-08-12,www.ulsanpress.net,Korean,South Korea,수에즈 운하,D1_초크포인트,2026-08-12,,0,NONE,,
145fcb48c73278a4cc570c5973536401,"이창우 세븐일레븐 MD ""일본 전시회 찾아가 명함 내밀었죠""",https://www.insightkorea.co.kr/news/articleView.html?idxno=252214,2026-08-12,www.insightkorea.co.kr,Korean,South Korea,수에즈 운하,D1_초크포인트,2026-08-12,,0,NONE,,
c197f02db1b93853180e5df118e56486,"한인 2세 프란체스카 홍, 美위스콘신 주지사 민주당 경선서 석패(종합)",https://n.news.naver.com/mnews/article/003/0014123998?sid=104,2026-08-12,n.news.naver.com,Korean,South Korea,석유저장,D3_인프라,2026-08-12,,0,NONE,,
623cdd38f591ed2b5ea67852801c12c0,AI 데이터센터 비상전력 '연료'까지 점검,http://www.ikld.kr/news/articleView.html?idxno=338874,2026-08-12,www.ikld.kr,Korean,South Korea,석유저장,D3_인프라,2026-08-12,,0,NONE,,
ae9daed4758e15e92099e512f4bddec3,[입찰 정보] 8월 12일자,https://www.todayenergy.kr/news/articleView.html?idxno=301497,2026-08-12,www.todayenergy.kr,Korean,South Korea,석유저장,D3_인프라,2026-08-12,,0,NONE,,
9f7644397254f932fed13915d9c0b6df,"제약업계, '인도' 공략 확대…시장 성장성 주목",http://www.bizwnews.com/news/articleView.html?idxno=143120,2026-08-12,www.bizwnews.com,Korean,South Korea,한국 제조/조립,D9_한국,2026-08-12,,0,NONE,,
627d4647ee849876ab875b23fa8ec8ef,"[기획]반도체부터 로봇·AIDC까지…대기업, 미래 먹거리 '베팅'",https://www.m-i.kr/news/articleView.html?idxno=1401566,2026-08-12,www.m-i.kr,Korean,South Korea,한국 제조/조립,D9_한국,2026-08-12,,0,NONE,,
704afc160026bd85e278e4d15eb1ef76,"하늘 넘어 우주로…한화에어로스페이스, 우주 인프라 영토 확장",https://www.pinpointnews.co.kr/news/articleView.html?idxno=476723,2026-08-12,www.pinpointnews.co.kr,Korean,South Korea,한국 제조/조립,D9_한국,2026-08-12,,0,NONE,,
7779922593dc7e7ca4bb6b3a509fda60,"[D리포트] 이 대통령 ""7가지 첨단기술, 차세대 성장 엔진 될 것""",https://n.news.naver.com/mnews/article/055/0001380177?sid=100,2026-08-12,n.news.naver.com,Korean,South Korea,컨테이너선,D4_운송,2026-08-12,,0,NONE,,
ff44e899555f37230b3642e9601bb414,"[포토] 이재명 대통령, 첨단기술모형 관람",https://n.news.naver.com/mnews/article/030/0003456853?sid=100,2026-08-12,n.news.naver.com,Korean,South Korea,컨테이너선,D4_운송,2026-08-12,,0,NONE,,
288c9e950d75a45d21d1acdb0060bd55,"""양자컴퓨터, 빨리 개발해 달라""… 李대통령, 첨단기술 현장 시찰",https://www.newspim.com/news/view/20260812001168,2026-08-12,www.newspim.com,Korean,South Korea,컨테이너선,D4_운송,2026-08-12,,0,NONE,,
ceb1cb62b30c844a87e3faf90d658f17,대구 곳곳 공영주자창 조성 사업 '속도',https://www.idaegu.co.kr/news/articleView.html?idxno=556588,2026-08-12,www.idaegu.co.kr,Korean,South Korea,운송지연,D6_교란행위,2026-08-12,,0,NONE,,
cb6438a7a54c1c9ca399fb3a7867f7f4,물류업체 해킹이 유통·게임업계로…세바 고객정보 유출 파장,https://www.dailysecu.com/news/articleView.html?idxno=208026,2026-08-12,www.dailysecu.com,Korean,South Korea,운송지연,D6_교란행위,2026-08-12,,0,NONE,,
bd5cb8d39870a351b9c8f3657f0f5cb3,제주 건설업‧농림어업 취업자 늘며 고용률 증가세,https://www.jejumaeil.net/news/articleView.html?idxno=403628,2026-08-12,www.jejumaeil.net,Korean,South Korea,운송지연,D6_교란행위,2026-08-12,,0,NONE,,
5e08a56ee99149070be0b1c6a6607cd6,넥슨에서 다시 만난 '오버워치' 디몬과 함께 돌아본 부산의 모습은?,https://www.gamechosun.co.kr/webzine/article/view.php?no=224158,2026-08-12,www.gamechosun.co.kr,Korean,South Korea,탱커,D4_운송,2026-08-12,,0,NONE,,
d7263f1b1016a7ddef2aefc7fb5d6924,"'자큐보' 안착시킨 제일약품, 후속 파이프라인 개발 가속",http://www.lkp.news/news/articleView.html?idxno=82920,2026-08-12,www.lkp.news,Korean,South Korea,탱커,D4_운송,2026-08-12,,0,NONE,,
8f72ec250203b3e211ba19c8335096ae,"""농지세제, 매도 때 보상에서 보전·이용 중심으로 바꿔야""",http://www.youngnong.co.kr/news/articleView.html?idxno=61540,2026-08-12,www.youngnong.co.kr,Korean,South Korea,한국 식량/식품,D9_한국,2026-08-12,,0,NONE,,
564fce9179c558ac3e5562044183f857,"기후위기 정면 돌파… 증평, 스마트팜으로 미래 농업 생태계 구축",https://www.dynews.co.kr/news/articleView.html?idxno=861478,2026-08-12,www.dynews.co.kr,Korean,South Korea,한국 식량/식품,D9_한국,2026-08-12,,0,NONE,,
1a9703374a5c1a04bd9207ec21a78492,[위클리오늘] 이천시 8월 12일 주요뉴스,http://www.weeklytoday.com/news/articleView.html?idxno=790021,2026-08-12,www.weeklytoday.com,Korean,South Korea,한국 식량/식품,D9_한국,2026-08-12,,0,NONE,,
87da7e372587e20309b56c17ba063bd3,"[기고] 탄생 150주년, 김구 선생의 발자취를 따라서",https://www.kyeongin.com/article/1768918,2026-08-12,www.kyeongin.com,Korean,South Korea,부두,D3_인프라,2026-08-12,,0,NONE,,
f2868a7e8d8fbcb7704114650ca267b3,"바다를 건너온 선율, 국립인천해양박물관에서 다시 울리다",https://www.kihoilbo.co.kr/news/articleView.html?idxno=3031509,2026-08-12,www.kihoilbo.co.kr,Korean,South Korea,부두,D3_인프라,2026-08-12,,0,NONE,,
8922fa3b7ca09a646f4a249ee9a09165,"인천해양박물관, 16일 해설 음악회 '바다의 노래' 개최",https://n.news.naver.com/mnews/article/003/0014123156?sid=101,2026-08-12,n.news.naver.com,Korean,South Korea,부두,D3_인프라,2026-08-12,,0,NONE,,
fae8ff2cb6865f332174ea36e0a55bc5,"이란, 트럼프 호텔 층수까지 꿰뚫었다…“전용기 미사일 공격” 첩보도",https://n.news.naver.com/mnews/article/020/0003740445?sid=104,2026-08-12,n.news.naver.com,Korean,South Korea,혁명수비대,D7_행위자,2026-08-12,,0,NONE,Trump security,
753c1f4d1dcc2028daa838203ff8e937,"이란, 7월 트럼프 암살 노렸나…“튀르키예 숙소 층수까지 파악”",https://n.news.naver.com/mnews/article/028/0002818251?sid=104,2026-08-12,n.news.naver.com,Korean,South Korea,혁명수비대,D7_행위자,2026-08-12,,0,NONE,Trump assassination plot,
ede614dd02ed06c73965bb1a8b139cf3,비행기 탄 줄 알았는데 트럭에?…트럼프의 '비밀 작전' [소셜픽],https://n.news.naver.com/mnews/article/437/0000505743?sid=104,2026-08-12,n.news.naver.com,Korean,South Korea,혁명수비대,D7_행위자,2026-08-12,,0,NONE,Trump transportation,
fd26891a917609af577175d1442ec601,"제주항공, 7개월 연속 100만명 수송 'LCC 1위'…7월 국적사 수송객 역대...",https://n.news.naver.com/mnews/article/003/0014123915?sid=101,2026-08-12,n.news.naver.com,Korean,South Korea,할증료,D6_교란행위,2026-08-12,,0,NONE,,
09ce4677426d716bc1a812b193aac1f6,폭염에 뒤바뀐 여름 피서지도⋯ 백화점·극장 웃고 야외 시설은 울상,https://www.viva100.com/article/20260811500752,2026-08-12,www.viva100.com,Korean,South Korea,할증료,D6_교란행위,2026-08-12,,0,NONE,,
103a4e8d460621501de3d02023ec49da,"""사관학교 통합은 정해놓고 방법만 묻나"" … 윤광섭 대수장 대표, 국군...",https://www.newdaily.co.kr/site/data/html/2026/08/12/2026081200256.html,2026-08-12,www.newdaily.co.kr,Korean,South Korea,해사안전,D6_교란행위,2026-08-12,,0,NONE,,
064ac8606985e14508f90830a5c55fce,"""현대차, 부품사 노동자 고용 보장하라""",http://www.ujeil.com/news/articleView.html?idxno=390324,2026-08-12,www.ujeil.com,Korean,South Korea,현대글로비스,D7_행위자,2026-08-12,,0,NONE,,
516fe0b93ade66015298494ecfe19156,현대차 '쇳물에서 자동차' · BYD '배터리에서 자동차'…닮은 수직계열...,https://www.newspim.com/news/view/20260812000645,2026-08-12,www.newspim.com,Korean,South Korea,현대글로비스,D7_행위자,2026-08-12,,0,NONE,,
2e0f5be48ad622476bd410036bf19dfb,[월가 톡톡] AI가 바꾼 기업 채용…심야 면접 확산,https://news.einfomax.co.kr/news/articleView.html?idxno=4429803,2026-08-12,news.einfomax.co.kr,Korean,South Korea,페르시아만,D1_초크포인트,2026-08-12,,0,NONE,,
6ade20a7d9148a9d445c1f30bbdb71bf,하이퍼리퀴드 OI 나흘 새 7.2% 늘어 113억달러,https://www.tokenpost.kr/news/market/389203,2026-08-12,www.tokenpost.kr,Korean,South Korea,브렌트유,D5_시장지표,2026-08-12,,0,NONE,,
e3a223e46c829818b9e3ae4f20e93372,"한반도 안보 공백? ""北 미사일, 더 치명적으로..'사드' 차출 후 미귀환""",https://n.news.naver.com/mnews/article/052/0002392248?sid=100,2026-08-12,n.news.naver.com,Korean,South Korea,벙커가격,D5_시장지표,2026-08-12,,0,NONE,,
95ae54709cf414e56767060c71862759,"[기획] 한진칼, 학교법인까지 동원한 경영권 방어?…호반 추격 속 지분...",https://www.thepublic.kr/news/articleView.html?idxno=314192,2026-08-12,www.thepublic.kr,Korean,South Korea,팬오션,D7_행위자,2026-08-12,,0,NONE,,
