url_hash,title,url,seendate,domain,language,sourcecountry,query_keyword,query_group,collect_date,kg_entities,kg_match_count,relevance,topic,category
5a64639ba73fa6951692cf31d185657d,"트럼프, 알래스카 LNG 투자 압박…韓 대미투자 출발부터 '난항'",https://www.news2day.co.kr/article/20261004500017,2026-10-04,www.news2day.co.kr,Korean,South Korea,천연가스,D2_품목,2026-10-04,"[""CF_LNG""]",1,HIGH,Alaska LNG investment,10_OtherIndustry
f45280e54b5dadd267ebb495436bd093,알래스카 LNG 프로젝트 둘러싼 한·미 불협화음 언제까지 이어지나,https://n.news.naver.com/mnews/article/658/0000157394?sid=101,2026-10-04,n.news.naver.com,Korean,South Korea,천연가스,D2_품목,2026-10-04,"[""CF_LNG""]",1,HIGH,Alaska LNG dispute,10_OtherIndustry
2ad80bc6a875b8aa7dff601e271579f2,"트럼프, 알래스카 성과 자랑하며 공화당 표심 결집...韓 LNG 투자 압박은...",https://www.pennmike.com/news/articleView.html?idxno=128937,2026-10-04,www.pennmike.com,Korean,South Korea,천연가스,D2_품목,2026-10-04,"[""CF_LNG""]",1,HIGH,Alaska LNG investment,10_OtherIndustry
cd1a4cec80d8a9609cae25787e730276,"이란 “미국, 7가지 조건 수용 안 하면 호르무즈 해협 재개방 없어” 재...",https://n.news.naver.com/mnews/article/032/0003474224?sid=104,2026-10-04,n.news.naver.com,Korean,South Korea,호르무즈 해협,D1_초크포인트,2026-10-04,"[""CP_Hormuz""]",1,HIGH,Hormuz closure threat,1_Security
cbf06a553ebe981401fcff42c01e0816,"이란의 벼랑 끝 전술…""7대 조건 전면 수용 전까지 호르무즈 개방 없다...",https://n.news.naver.com/mnews/article/014/0005584852?sid=104,2026-10-04,n.news.naver.com,Korean,South Korea,호르무즈 해협,D1_초크포인트,2026-10-04,"[""CP_Hormuz""]",1,HIGH,Hormuz closure threat,1_Security
c18bef9264de1a9526aa07c737f001a8,"이란 ""7대 조건 충족 안되면 호르무즈 해협 재개방 불가""(종합)",https://n.news.naver.com/mnews/article/421/0009209348?sid=104,2026-10-04,n.news.naver.com,Korean,South Korea,호르무즈 해협,D1_초크포인트,2026-10-04,"[""CP_Hormuz""]",1,HIGH,Hormuz closure threat,1_Security
b5af01c7d19981d2d44f8ca8182c9351,"울산항 8월 물동량 18%↓, ""중동 정세 여파""",https://www.ubc.co.kr/news/28237/,2026-10-04,www.ubc.co.kr,Korean,South Korea,호르무즈 해협,D1_초크포인트,2026-10-04,"[""KP_Ulsan""]",1,HIGH,Korean port cargo decline,4_PortCargo
b4d858205984ce10dd940c7377becee0,이란 “7가지 조건 안 받으면 호르무즈 봉쇄”…美에 최후통첩,https://n.news.naver.com/mnews/article/666/0000126041?sid=104,2026-10-04,n.news.naver.com,Korean,South Korea,호르무즈 해협,D1_초크포인트,2026-10-04,"[""CP_Hormuz""]",1,HIGH,Hormuz blockade threat,1_Security
538b108530fbe14bfdc408e1289be0d6,이란 “7대 조건 충족 전 호르무즈 안 연다”…美와 협상 교착,https://www.kbmaeil.com/article/20261004500135,2026-10-04,www.kbmaeil.com,Korean,South Korea,호르무즈 해협,D1_초크포인트,2026-10-04,"[""CP_Hormuz""]",1,HIGH,Hormuz closure threat,1_Security
ac266156f3f1d61d78b5d951b105e9a1,"이란 갈리바프 ""7개 조건 충족 전 호르무즈 해협 안 연다""",https://n.news.naver.com/mnews/article/088/0001032190?sid=104,2026-10-04,n.news.naver.com,Korean,South Korea,호르무즈 해협,D1_초크포인트,2026-10-04,"[""CP_Hormuz""]",1,HIGH,Hormuz closure threat,1_Security
40ab83dbe8d86b46be7f4cb435a030bd,"이란 ""7대조건 충족 안되면 호르무즈 재개방 안해""…입장 재확인(종합)",https://n.news.naver.com/mnews/article/001/0016356989?sid=104,2026-10-04,n.news.naver.com,Korean,South Korea,호르무즈 해협,D1_초크포인트,2026-10-04,"[""CP_Hormuz""]",1,HIGH,Hormuz closure threat,1_Security
cd922d62ecb6d0461b03ece857349f9f,"이란 ""美 7개 조건 수용 전엔 호르무즈 재개방 없어""",https://n.news.naver.com/mnews/article/629/0000539331?sid=104,2026-10-04,n.news.naver.com,Korean,South Korea,호르무즈 해협,D1_초크포인트,2026-10-04,"[""CP_Hormuz""]",1,HIGH,Hormuz closure threat,1_Security
4c42e63bf8b0d99b1029a8b99fe76a56,이란 “7가지 조건 충족 전엔 호르무즈 안 연다”…美에 선이행 압박,https://n.news.naver.com/mnews/article/029/0003051324?sid=104,2026-10-04,n.news.naver.com,Korean,South Korea,호르무즈 해협,D1_초크포인트,2026-10-04,"[""CP_Hormuz""]",1,HIGH,Hormuz closure threat,1_Security
7fd2e56cf78c4009492835231b1e40ad,"이란, 美 제안에도 “7개 조건 충족 전 호르무즈 재개방 없다”",https://n.news.naver.com/mnews/article/025/0003555673?sid=104,2026-10-04,n.news.naver.com,Korean,South Korea,호르무즈 해협,D1_초크포인트,2026-10-04,"[""CP_Hormuz""]",1,HIGH,Hormuz closure threat,1_Security
0d1f63ac63205ff8a47a8e0bea0646e3,이란 “호르무즈 ‘재개방’ 안해”,https://www.kbmaeil.com/article/20261004500123,2026-10-04,www.kbmaeil.com,Korean,South Korea,호르무즈 해협,D1_초크포인트,2026-10-04,"[""CP_Hormuz""]",1,HIGH,Hormuz closure threat,1_Security
9b51628d0fa95210c5199d4c01214d14,"이란 협상단장 ""우리 요구 수용되기 전엔 호르무즈 재개방 안 한다""",https://n.news.naver.com/mnews/article/055/0001393071?sid=104,2026-10-04,n.news.naver.com,Korean,South Korea,호르무즈 해협,D1_초크포인트,2026-10-04,"[""CP_Hormuz""]",1,HIGH,Hormuz closure threat,1_Security
e5ed030fc88cbcb33338945dfa7ccfa6,"이란 ""7개 조건 충족 전 호르무즈 해협 재개방 없다""",https://n.news.naver.com/mnews/article/031/0001063400?sid=104,2026-10-04,n.news.naver.com,Korean,South Korea,호르무즈 해협,D1_초크포인트,2026-10-04,"[""CP_Hormuz""]",1,HIGH,Hormuz closure threat,1_Security
fc6196827568918932491af52f8304d7,이란 “조건 수용 전까지 호르무즈 해협 개방 안해”,https://n.news.naver.com/mnews/article/003/0014232995?sid=104,2026-10-04,n.news.naver.com,Korean,South Korea,호르무즈 해협,D1_초크포인트,2026-10-04,"[""CP_Hormuz""]",1,HIGH,Hormuz closure threat,1_Security
8d2ca4a164720bbb696955a672a3b0a3,"호르무즈 막히자 '바다 위 원유 인도'…이라크, 200만 배럴 우회 승부수",https://www.the-today.com/news/articleView.html?idxno=91181,2026-10-04,www.the-today.com,Korean,South Korea,호르무즈 해협,D1_초크포인트,2026-10-04,"[""CP_Hormuz"", ""SS_Iraq"", ""CF_CrudeOil""]",3,HIGH,Hormuz blockade impact,1_Security
21a38be05d448126ef974a232e4c5084,이란 “호르무즈 재개방 없다…7가지 조건 충족 먼저”,https://n.news.naver.com/mnews/article/056/0012267623?sid=104,2026-10-04,n.news.naver.com,Korean,South Korea,호르무즈 해협,D1_초크포인트,2026-10-04,"[""CP_Hormuz""]",1,HIGH,Hormuz closure threat,1_Security
94991e25b204d2d03077643e7967f76d,"이란 ""조건 충족 전엔 호르무즈 재개방 안해""…미국 답변에 재 확인",https://n.news.naver.com/mnews/article/057/0001971962?sid=104,2026-10-04,n.news.naver.com,Korean,South Korea,호르무즈 해협,D1_초크포인트,2026-10-04,"[""CP_Hormuz""]",1,HIGH,Hormuz closure threat,1_Security
4285cfb9c8c607b76f8466d689411381,"미국 답변 받은 이란 ""호르무즈 재개방 안 한다""",https://n.news.naver.com/mnews/article/374/0000536236?sid=101,2026-10-04,n.news.naver.com,Korean,South Korea,호르무즈 해협,D1_초크포인트,2026-10-04,"[""CP_Hormuz""]",1,HIGH,Hormuz closure threat,1_Security
fb5c83b91b96074df3dbba099a7341e6,이란 “호르무즈 해협 재개방 없다”…미국 답변에도 기존 조건 고수,https://n.news.naver.com/mnews/article/011/0004668125?sid=104,2026-10-04,n.news.naver.com,Korean,South Korea,호르무즈 해협,D1_초크포인트,2026-10-04,"[""CP_Hormuz""]",1,HIGH,Hormuz closure threat,1_Security
0f47c8c8bca481455c3cf24b93edbf9f,"이란 ""호르무즈 재개방 안 해""…美 답변에도 기존 입장 고수",https://n.news.naver.com/mnews/article/277/0005824510?sid=104,2026-10-04,n.news.naver.com,Korean,South Korea,호르무즈 해협,D1_초크포인트,2026-10-04,"[""CP_Hormuz""]",1,HIGH,Hormuz closure threat,1_Security
8c1dcfd7e1e5ccd2578dd6d707edb692,"이란 ""호르무즈 재개방 안 해""‥미국 답변 받고 기존 입장 재확인",https://n.news.naver.com/mnews/article/214/0001527126?sid=104,2026-10-04,n.news.naver.com,Korean,South Korea,호르무즈 해협,D1_초크포인트,2026-10-04,"[""CP_Hormuz""]",1,HIGH,Hormuz closure threat,1_Security
b31d4be69189686a377f4a1bb2c2713d,"""7가지 조건 응하라""…이란, 미국에 호르무즈 해협 재개방 배수진",https://www.newsworks.co.kr/news/articleView.html?idxno=855565,2026-10-04,www.newsworks.co.kr,Korean,South Korea,호르무즈 해협,D1_초크포인트,2026-10-04,"[""CP_Hormuz""]",1,HIGH,Hormuz closure threat,1_Security
fbb2253c40b0d5391c9b88f136722755,"이란 ""호르무즈 재개방 없어""…미국 답변받고 기존 입장 고수",https://n.news.naver.com/mnews/article/422/0000912498?sid=104,2026-10-04,n.news.naver.com,Korean,South Korea,호르무즈 해협,D1_초크포인트,2026-10-04,"[""CP_Hormuz""]",1,HIGH,Hormuz closure threat,1_Security
c35cecf7302580f39f6306d5782555c2,"이란 ""호르무즈 재개방 안 해""...미국 답변 받고 기존 입장 재확인",https://n.news.naver.com/mnews/article/052/0002414655?sid=104,2026-10-04,n.news.naver.com,Korean,South Korea,호르무즈 해협,D1_초크포인트,2026-10-04,"[""CP_Hormuz""]",1,HIGH,Hormuz closure threat,1_Security
d59f130e1afe73a387c265e2cab14f6e,"이란 ""미국 조건 충족 전엔 호르무즈 해협 안 연다""",https://www.jnilbo.com/news/articleView.html?idxno=90000070826,2026-10-04,www.jnilbo.com,Korean,South Korea,호르무즈 해협,D1_초크포인트,2026-10-04,"[""CP_Hormuz""]",1,HIGH,Hormuz Strait Closure,1_Security
c76ec0f45d7311224498a8e837245e8d,중동 일촉즉발? 美·이란 벼랑 끝 신경전 속 사우디·후티 교전 격화,https://n.news.naver.com/mnews/article/469/0000957617?sid=104,2026-10-04,n.news.naver.com,Korean,South Korea,호르무즈 해협,D1_초크포인트,2026-10-04,"[""EVT_RedSea2023""]",1,HIGH,Red Sea Crisis Escalation,1_Security
77c8b5b55dc4bbce493b3b4430e015e3,"이란 ""호르무즈 재개방 안해""…미국 답변 받고 기존 입장 재확인",https://n.news.naver.com/mnews/article/001/0016356824?sid=104,2026-10-04,n.news.naver.com,Korean,South Korea,호르무즈 해협,D1_초크포인트,2026-10-04,"[""CP_Hormuz""]",1,HIGH,Hormuz Reopening Denial,1_Security
6a1f47869e3d5cea3c46f3f409d9a66c,"[글로벌 경제] G7, 비축유 1억배럴 푼다…‘100달러 유가’에 긴급 공조",https://www.geconomy.co.kr/news/article.html?no=324122,2026-10-04,www.geconomy.co.kr,Korean,South Korea,호르무즈 해협,D1_초크포인트,2026-10-04,"[""POL_SPR""]",1,HIGH,SPR Release Emergency,5_EconFinance
4f5b8909289c6ee7d8dc85f51579a031,"이란 혁명수비대, 닷새간 호르무즈해협서 유조선 7척 넘게 공격",https://n.news.naver.com/mnews/article/018/0006380627?sid=104,2026-10-04,n.news.naver.com,Korean,South Korea,호르무즈 해협,D1_초크포인트,2026-10-04,"[""VT_Tanker""]",1,HIGH,Hormuz tanker attacks,1_Security
8df0e091a8777048d86de94b10d916a8,"이란 혁명수비대, 닷새간 호르무즈해협서 유조선 7척 이상 공격",https://n.news.naver.com/mnews/article/003/0014232479?sid=104,2026-10-04,n.news.naver.com,Korean,South Korea,호르무즈 해협,D1_초크포인트,2026-10-04,"[""VT_Tanker""]",1,HIGH,Hormuz tanker attacks,1_Security
4f54a0d63bbfa2486f40499f38d6bb2c,"정부, 정유사 손실보전 예비비 ‘가격 격차 100원당 1.5조’ 산정",https://n.news.naver.com/mnews/article/020/0003752585?sid=101,2026-10-04,n.news.naver.com,Korean,South Korea,유가,D5_시장지표,2026-10-04,"[""KS_Energy""]",1,HIGH,Energy subsidy policy,10_OtherIndustry
099a7d086538e14b1db4a6d10c9f19bf,사우디 공격한 후티…아람코 저장탱크 화재,https://n.news.naver.com/mnews/article/015/0005339060?sid=104,2026-10-04,n.news.naver.com,Korean,South Korea,원유,D2_품목,2026-10-04,"[""SS_SaudiArabia"", ""EVT_RedSea2023""]",2,HIGH,Houthi Saudi attack,1_Security
29e1c3072ff6b8938e769c34107ee1c0,‘수도 맹폭’ 주고받은 사우디-후티…예멘 정부군 ‘10만 총공세’ 예...,https://n.news.naver.com/mnews/article/028/0002825907?sid=104,2026-10-04,n.news.naver.com,Korean,South Korea,원유,D2_품목,2026-10-04,"[""EVT_RedSea2023""]",1,HIGH,Houthi Red Sea conflict,1_Security
1989701320ed7ed49b92b69715e5d6e8,사우디 아람코 정유 시설 또 ‘펑’…후티 반군 “군사 기지도 폭격했다...,https://n.news.naver.com/mnews/article/449/0000362935?sid=104,2026-10-04,n.news.naver.com,Korean,South Korea,원유,D2_품목,2026-10-04,"[""SS_SaudiArabia"", ""EVT_RedSea2023"", ""KS_Energy""]",3,HIGH,Saudi refinery attack,10_OtherIndustry
5ee40a5450d970060180fc27f244c20d,반군 점령한 예멘 수도에 연일 폭음…예멘 정부군이 대대적 반격,https://n.news.naver.com/mnews/article/011/0004668079?sid=101,2026-10-04,n.news.naver.com,Korean,South Korea,원유,D2_품목,2026-10-04,"[""EVT_RedSea2023""]",1,HIGH,Yemen Red Sea conflict,1_Security
c4ba3777685db7a838cc0096213e393a,예멘 수도서 연일 폭음…아람코 피격 다음날 후티 거점에 맞불 공습,https://n.news.naver.com/mnews/article/055/0001393013?sid=104,2026-10-04,n.news.naver.com,Korean,South Korea,원유,D2_품목,2026-10-04,"[""SS_SaudiArabia"", ""EVT_RedSea2023""]",2,HIGH,Saudi-Houthi escalation,1_Security
9ad9259d1ba090c42cbba50520453e5d,예멘 수도 연일 폭음…아람코 피격 다음날 후티 거점에 맞불공습,https://n.news.naver.com/mnews/article/001/0016356370?sid=104,2026-10-04,n.news.naver.com,Korean,South Korea,원유,D2_품목,2026-10-04,"[""SS_SaudiArabia"", ""EVT_RedSea2023""]",2,HIGH,Red Sea Houthi attacks,1_Security
e681e783fa3680de9f39e8f04aa0763a,"사우디 지원 예멘 정부군 ""친이란 후티 겨냥 군사작전 수행 중""",https://n.news.naver.com/mnews/article/421/0009208841?sid=104,2026-10-04,n.news.naver.com,Korean,South Korea,봉쇄,D6_교란행위,2026-10-04,"[""EVT_RedSea2023""]",1,HIGH,Houthi military operations,1_Security
20e9f6139c3ead8a0811f77183d49b4d,예멘 “후티 장악지 탈환 위한 군사작전 개시”,https://n.news.naver.com/mnews/article/028/0002825990?sid=104,2026-10-04,n.news.naver.com,Korean,South Korea,후티,D7_행위자,2026-10-04,"[""EVT_RedSea2023""]",1,HIGH,Houthi military ops,1_Security
9d178f4c3bc6a1f797b0ee1250a88ce0,예멘 정부 “후티 반군 점령지역 탈환 위한 대규모 군사작전 개시”,https://n.news.naver.com/mnews/article/032/0003474212?sid=104,2026-10-04,n.news.naver.com,Korean,South Korea,후티,D7_행위자,2026-10-04,"[""EVT_RedSea2023""]",1,HIGH,Houthi military ops,1_Security
0e10db4c2856fe1bdd088c1795447c40,"사우디, 바브엘만데브 대규모 탈환전 임박했나",https://n.news.naver.com/mnews/article/005/0001876663?sid=104,2026-10-04,n.news.naver.com,Korean,South Korea,후티,D7_행위자,2026-10-04,"[""CP_BabElMandeb""]",1,HIGH,Bab el-Mandeb ops,1_Security
93bfb19c58466807e319b8d9d59ebf34,"예멘 정부군, 후티에 맞불공습",https://n.news.naver.com/mnews/article/009/0005743821?sid=104,2026-10-04,n.news.naver.com,Korean,South Korea,후티,D7_행위자,2026-10-04,"[""EVT_RedSea2023""]",1,HIGH,Houthi military ops,1_Security
3bffeaccd34504ee838ba15470a1e31b,다시 불붙은 예멘 내전…실향민 20만명 육박,https://n.news.naver.com/mnews/article/032/0003474116?sid=104,2026-10-04,n.news.naver.com,Korean,South Korea,후티,D7_행위자,2026-10-04,"[""EVT_RedSea2023""]",1,HIGH,Yemen conflict,1_Security
4cc46edcd0613dd0ab8fb390fc461afa,"사우디, 후티 장악 수도 공습…사우디 아람코 시설에서도 화염",https://www.getnews.co.kr/news/articleView.html?idxno=882583,2026-10-04,www.getnews.co.kr,Korean,South Korea,후티,D7_행위자,2026-10-04,"[""SS_SaudiArabia"", ""EVT_RedSea2023""]",2,HIGH,Saudi-Houthi conflict,1_Security
63b4ecb912ae093f548ba8ca6ca89b2a,"사우디·예멘 정부군, 연일 후티 반군 공습...대대적인 공세 임박?",https://n.news.naver.com/mnews/article/052/0002414622?sid=104,2026-10-04,n.news.naver.com,Korean,South Korea,후티,D7_행위자,2026-10-04,"[""EVT_RedSea2023""]",1,HIGH,Houthi military ops,1_Security
b31e38da9c9e2df0bfa50b5e1b7266ec,"예멘 정부군 ""예멘 수도 등에서 반군 후티 공습""",https://www.obsnews.co.kr/news/articleView.html?idxno=1539452,2026-10-04,www.obsnews.co.kr,Korean,South Korea,후티,D7_행위자,2026-10-04,"[""EVT_RedSea2023""]",1,HIGH,Houthi attacks Red Sea,1_Security
fd0dd1cd9032b9a8e275659c8ac60abb,트럼프 “이란전 결정 임박”…사우디-후티 공습 격화,https://n.news.naver.com/mnews/article/056/0012267590?sid=104,2026-10-04,n.news.naver.com,Korean,South Korea,후티,D7_행위자,2026-10-04,"[""EVT_RedSea2023""]",1,HIGH,Iran-Saudi escalation,1_Security
589eef8aa8ff98637aa04a9c9c4de727,예멘 수도서 폭음…사우디 아람코 시설에서도 화염,https://n.news.naver.com/mnews/article/055/0001393012?sid=104,2026-10-04,n.news.naver.com,Korean,South Korea,후티,D7_행위자,2026-10-04,"[""SS_SaudiArabia"", ""EVT_RedSea2023""]",2,HIGH,Saudi Aramco attack,1_Security
928a05e46df2fd90ef9b39928b16bd10,"예멘 수도 폭발음 “사우디 대공세 준비”…아람코도 불길, 후티 “군사...",https://n.news.naver.com/mnews/article/056/0012267579?sid=121,2026-10-04,n.news.naver.com,Korean,South Korea,후티,D7_행위자,2026-10-04,"[""EVT_RedSea2023""]",1,HIGH,Yemen conflict escalation,1_Security
27ebdba811e0b8ba7719ff64122d5627,예멘 수도 연일 폭음‥아람코 피격 다음날 후티 거점에 맞불 공습,https://n.news.naver.com/mnews/article/214/0001527102?sid=104,2026-10-04,n.news.naver.com,Korean,South Korea,후티,D7_행위자,2026-10-04,"[""SS_SaudiArabia"", ""EVT_RedSea2023""]",2,HIGH,Houthi Saudi strikes,1_Security
cf01d17dcf59b3cb70fc0a4526344526,"예멘 사나서 잇단 폭발…후티 ""사우디 석유시설 공격""",https://n.news.naver.com/mnews/article/448/0000642965?sid=104,2026-10-04,n.news.naver.com,Korean,South Korea,후티,D7_행위자,2026-10-04,"[""EVT_RedSea2023""]",1,HIGH,Houthi oil facility attack,1_Security
28bcca374c79884abe8cb3d9b507bc06,예멘 수도서 폭음…사우디 아람코서도 연기,https://n.news.naver.com/mnews/article/422/0000912383?sid=104,2026-10-04,n.news.naver.com,Korean,South Korea,후티,D7_행위자,2026-10-04,"[""EVT_RedSea2023""]",1,HIGH,Saudi Aramco strike,1_Security
96cbb8a9381cb5fe04fc742b72c8668d,"공습 주고받는 사우디·후티 반군… ""대규모 지상전 임박""",https://n.news.naver.com/mnews/article/469/0000957556?sid=104,2026-10-04,n.news.naver.com,Korean,South Korea,후티,D7_행위자,2026-10-04,"[""EVT_RedSea2023""]",1,HIGH,Saudi-Houthi conflict,1_Security
6f488f193cbb03a082827c81b91fe410,예멘 수도서 폭발음…사우디 아람코 시설도 화염에 휩싸여,https://n.news.naver.com/mnews/article/119/0003139327?sid=104,2026-10-04,n.news.naver.com,Korean,South Korea,후티,D7_행위자,2026-10-04,"[""SS_SaudiArabia"", ""EVT_RedSea2023""]",2,HIGH,Aramco facility attack,1_Security
dd6b76e1470adb0c967f3506abc167ec,"사우디, 후티에 대한 대공세 나서나…후티 타격 주장, 아람코 인근서 화...",https://www.g-enews.com/view.php?ud=202610040802344232fda4f5ab74_1,2026-10-04,www.g-enews.com,Korean,South Korea,페르시아만,D1_초크포인트,2026-10-04,"[""SS_SaudiArabia"", ""EVT_RedSea2023""]",2,HIGH,Saudi-Houthi conflict,1_Security
101ac421a18e2d0f9059b7ea28e0d335,[강진모 칼럼] 한국은 이미 우크라이나 전쟁 안에 있다,https://www.newsclaim.co.kr/news/articleView.html?idxno=3077403,2026-10-04,www.newsclaim.co.kr,Korean,South Korea,반도체,D2_품목,2026-10-04,"[""EVT_Ukraine2022""]",1,MEDIUM,Ukraine grain supply,10_OtherIndustry
573f9dec722b9eb2d126d50b72e63176,"트럼프 ‘알래스카 LNG 압박’, 한·미 교섭 새 변수 되나",https://n.news.naver.com/mnews/article/005/0001876653?sid=100,2026-10-04,n.news.naver.com,Korean,South Korea,천연가스,D2_품목,2026-10-04,"[""CF_LNG""]",1,MEDIUM,LNG supply policy,10_OtherIndustry
802d9979697dcb315f81af9c8105704b,경합주 떠오른 알래스카…'LNG 투자' 발표에도 민심 싸늘 [격전지로 본 ...,https://n.news.naver.com/mnews/article/014/0005584778?sid=104,2026-10-04,n.news.naver.com,Korean,South Korea,천연가스,D2_품목,2026-10-04,"[""CF_LNG""]",1,MEDIUM,LNG investment uncertainty,10_OtherIndustry
b72ed393c04a0dbd6f25be98d1ae4975,"가스公 ‘제10회 KOGAS 포럼’ 개최, AI·첨단산업 전력수요 급증…천연...",https://www.kbmaeil.com/article/20261004500101,2026-10-04,www.kbmaeil.com,Korean,South Korea,천연가스,D2_품목,2026-10-04,"[""KC_KOGAS""]",1,MEDIUM,LNG demand outlook,10_OtherIndustry
4f2f494ca851e9968037deb62215d2c1,"트럼프, 美공장 안 지으면 관세 300%…한국 알래스카 LNG도 이틀째 압박",https://www.moneystorm.kr/news/articleView.html?idxno=7034,2026-10-04,www.moneystorm.kr,Korean,South Korea,천연가스,D2_품목,2026-10-04,[],0,MEDIUM,LNG investment pressure,10_OtherIndustry
7500b2762cf953dccb201427930cee54,'500억달러' 알래스카 LNG…트럼프 압박에 한국은 사업성 검토,https://www.newsway.co.kr/news/view?ud=2026100413411933704,2026-10-04,www.newsway.co.kr,Korean,South Korea,천연가스,D2_품목,2026-10-04,"[""CF_LNG""]",1,MEDIUM,Alaska LNG viability,10_OtherIndustry
7d5a3bc347c3ee3edffeba9a6c4ff892,"알래스카 LNG 투자, 한미 안보 협의 새 변수로 부상",https://n.news.naver.com/mnews/article/016/0002705325?sid=100,2026-10-04,n.news.naver.com,Korean,South Korea,천연가스,D2_품목,2026-10-04,"[""CF_LNG""]",1,MEDIUM,Alaska LNG investment,10_OtherIndustry
95f0aa3c53ca2ca486192d009172d29d,"트럼프 알래스카 LNG 투자 압박, 한미 안보협의 새 변수 되나",https://n.news.naver.com/mnews/article/001/0016356497?sid=100,2026-10-04,n.news.naver.com,Korean,South Korea,천연가스,D2_품목,2026-10-04,"[""CF_LNG""]",1,MEDIUM,Alaska LNG pressure,10_OtherIndustry
b993faf564c68cae921bd018a2bb92cb,“상업성 없으면 안 한다” 트럼프 압박에 맞불..대미투자 1호부터 암초,https://kpenews.com/View.aspx?No=4251639,2026-10-04,kpenews.com,Korean,South Korea,천연가스,D2_품목,2026-10-04,[],0,MEDIUM,Alaska LNG viability,10_OtherIndustry
bb9b5d0eda1ff1ac0e138a0b4bb08c6c,"3500억달러 대미투자 '각론' 돌입...트럼프 압박에도 ""사업성 우선""",https://www.ebn.co.kr/news/articleView.html?idxno=1726681,2026-10-04,www.ebn.co.kr,Korean,South Korea,천연가스,D2_품목,2026-10-04,[],0,MEDIUM,US investment strategy,5_EconFinance
6aaa36548705295aed6c215a648ebb32,"트럼프, 격전지서 한국 압박 “美에 공장 안 지으면 관세 300%”",https://n.news.naver.com/mnews/article/025/0003555602?sid=104,2026-10-04,n.news.naver.com,Korean,South Korea,천연가스,D2_품목,2026-10-04,[],0,MEDIUM,US tariff threats,5_EconFinance
e50efa9673f7f25515bcb2a3dc7cd7a6,트럼프 “청구금 두 배 올릴 것” 알래스카 투자 압박에···여당 “동맹...,https://n.news.naver.com/mnews/article/032/0003474072?sid=100,2026-10-04,n.news.naver.com,Korean,South Korea,천연가스,D2_품목,2026-10-04,[],0,MEDIUM,US tariff threats,5_EconFinance
532c7013bee1906adaf3c46028ccd386,"트럼프 ""美에 공장 안 지으면 관세 300%""…격전지 오하이오 방문",https://www.ajunews.com/view/20261004111606830,2026-10-04,www.ajunews.com,Korean,South Korea,천연가스,D2_품목,2026-10-04,[],0,MEDIUM,US tariff threats,5_EconFinance
2cf677a58a686040017210dcd9811920,"트럼프 ""美에 공장 안 지으면 관세 300%까지…수조 달러 확보""",https://n.news.naver.com/mnews/article/374/0000536224?sid=101,2026-10-04,n.news.naver.com,Korean,South Korea,천연가스,D2_품목,2026-10-04,[],0,MEDIUM,US tariff threats,5_EconFinance
26c2faa94710efb150366e2eab3fac38,트럼프 “美에 공장 안 지으면 관세 최대 300% 부과”,https://www.g-enews.com/view.php?ud=20261004110755282624debea800_1,2026-10-04,www.g-enews.com,Korean,South Korea,천연가스,D2_품목,2026-10-04,[],0,MEDIUM,US tariff threats,5_EconFinance
2ca5a20c4351d1252b957d45af5d8988,"격전지 간 트럼프 ""미국에 공장 안 지으면 관세 300%까지""",https://n.news.naver.com/mnews/article/055/0001393010?sid=104,2026-10-04,n.news.naver.com,Korean,South Korea,천연가스,D2_품목,2026-10-04,[],0,MEDIUM,US tariff threats,5_EconFinance
98d128820658e01e5116a9e970e1bd22,"트럼프 ""美에 공장 안 지으면 관세 300%까지 부과…1년 반 기회 줄 것""",https://n.news.naver.com/mnews/article/015/0005338955?sid=104,2026-10-04,n.news.naver.com,Korean,South Korea,천연가스,D2_품목,2026-10-04,[],0,MEDIUM,US tariff threats,5_EconFinance
28afd7c9d12650d2b9ceda0ec3ee8fdc,"한국 콕 집었던 트럼프, 또 관세 엄포…""최대 300%""",https://n.news.naver.com/mnews/article/215/0001268137?sid=104,2026-10-04,n.news.naver.com,Korean,South Korea,천연가스,D2_품목,2026-10-04,[],0,MEDIUM,US tariff threats,5_EconFinance
3ff9638007822d0f8e1965b746b1d880,"“미국에 공장 안 지으면 관세 300%”…트럼프, 중간선거 격전지서 또 협...",https://n.news.naver.com/mnews/article/009/0005743685?sid=104,2026-10-04,n.news.naver.com,Korean,South Korea,천연가스,D2_품목,2026-10-04,[],0,MEDIUM,US tariff threats,5_EconFinance
cf617f11024af6c46c32e7f75d364f95,트럼프 “美에 공장 안 지으면 관세 300%”…격전지서 투자 압박,https://www.kbmaeil.com/article/20261004500078,2026-10-04,www.kbmaeil.com,Korean,South Korea,천연가스,D2_품목,2026-10-04,[],0,MEDIUM,US tariff threats,5_EconFinance
92f9f541f80ba6105d8628c88ff436ca,"트럼프 ""美에 공장 안 지으면 관세 300%까지 부과할 것""",https://www.getnews.co.kr/news/articleView.html?idxno=882576,2026-10-04,www.getnews.co.kr,Korean,South Korea,천연가스,D2_품목,2026-10-04,[],0,MEDIUM,US tariff threats,5_EconFinance
a416f6044ad24f34d5625cec36d36cdb,"""공장 안 지으면 최대 300% 관세""…트럼프, 오하이오 지원유세서 압박",https://www.newsworks.co.kr/news/articleView.html?idxno=855551,2026-10-04,www.newsworks.co.kr,Korean,South Korea,천연가스,D2_품목,2026-10-04,[],0,MEDIUM,US tariff threats,5_EconFinance
3caacacbc12d894d1f57378408950c18,"""안 지으면 300% 관세""…트럼프, 오하이오서 통상 압박 수위",https://www.jnilbo.com/news/articleView.html?idxno=90000070781,2026-10-04,www.jnilbo.com,Korean,South Korea,천연가스,D2_품목,2026-10-04,[],0,MEDIUM,US tariff threats,5_EconFinance
99235f9ccd11470c42ee38ba3150d1c7,OPEC+ 11월 원유 생산 목표 동결…공급 차질 증산 효과 제한,https://www.thefairnews.co.kr/news/articleView.html?idxno=89782,2026-10-04,www.thefairnews.co.kr,Korean,South Korea,호르무즈 해협,D1_초크포인트,2026-10-04,"[""CF_CrudeOil""]",1,MEDIUM,OPEC production freeze,5_EconFinance
3d77781431b847bb06f83d5fe8740e90,미국에서도 “알래스카 LNG 고비용” 트럼프 ‘합의 안 하면 관세 2배’...,https://n.news.naver.com/mnews/article/032/0003474219?sid=101,2026-10-04,n.news.naver.com,Korean,South Korea,호르무즈 해협,D1_초크포인트,2026-10-04,"[""CF_LNG""]",1,MEDIUM,Alaska LNG costs,5_EconFinance
cb4d061c87d0c3b2e3d132a4ea83d62a,"적게, 나중에 먹는 건 ‘여성’…중동전쟁이 부른 식량 공급 불안",https://n.news.naver.com/mnews/article/032/0003474193?sid=104,2026-10-04,n.news.naver.com,Korean,South Korea,호르무즈 해협,D1_초크포인트,2026-10-04,[],0,MEDIUM,Food supply disruption,10_OtherIndustry
d649d08b3de539c4be541615110d10ff,트럼프 협박에 비축유 푸는 유럽…'디젤 대란' 불씨 여전 [글로벌 리포...,https://n.news.naver.com/mnews/article/014/0005584827?sid=101,2026-10-04,n.news.naver.com,Korean,South Korea,호르무즈 해협,D1_초크포인트,2026-10-04,"[""POL_SPR""]",1,MEDIUM,SPR release strategy,5_EconFinance
24a124153fc1332af7c8e670f8146f3f,중동 전쟁에 신규항로 개척…북극항로 통행 4년새 4배 늘어,https://n.news.naver.com/mnews/article/015/0005339057?sid=104,2026-10-04,n.news.naver.com,Korean,South Korea,호르무즈 해협,D1_초크포인트,2026-10-04,[],0,MEDIUM,Arctic route expansion,7_Shipping
2176a40a579d8929c794e5f53011c4de,"이란 ""美 제안에 이미 답변…IAEA 핵 사찰단 복귀는 논의 안 해""",https://n.news.naver.com/mnews/article/421/0009209158?sid=104,2026-10-04,n.news.naver.com,Korean,South Korea,호르무즈 해협,D1_초크포인트,2026-10-04,[],0,MEDIUM,Iran negotiations,1_Security
75a55fc21cb5848960881e16df74f9dd,"사우디 원유 수출 재개에 유가 진정…키움증권 ""상방 리스크 완화""",https://www.pinpointnews.co.kr/news/articleView.html?idxno=492607,2026-10-04,www.pinpointnews.co.kr,Korean,South Korea,호르무즈 해협,D1_초크포인트,2026-10-04,"[""CF_CrudeOil""]",1,MEDIUM,Oil price stabilization,5_EconFinance
ed764539b0d2aa3961f6224aa1889031,"사우디, 후티에 ‘대공세’ 임박? 10만 병력 동원해 원유 수송로 탈환노...",https://n.news.naver.com/mnews/article/025/0003555652?sid=104,2026-10-04,n.news.naver.com,Korean,South Korea,호르무즈 해협,D1_초크포인트,2026-10-04,"[""CF_CrudeOil""]",1,MEDIUM,Saudi military action,1_Security
645d1ba65abbd21fc6760945728f630e,"호르무즈 기여, 어차피 할 거면 서둘러야 [사설]",https://n.news.naver.com/mnews/article/009/0005743754?sid=110,2026-10-04,n.news.naver.com,Korean,South Korea,호르무즈 해협,D1_초크포인트,2026-10-04,"[""CP_Hormuz""]",1,MEDIUM,Hormuz Policy Opinion,1_Security
200c034c5a6c3da37d1ee64b9058e55a,“LNG 사업 최대 위험은 추가 비용 상승”···알래스카 주의회 보고서...,https://n.news.naver.com/mnews/article/032/0003474087?sid=101,2026-10-04,n.news.naver.com,Korean,South Korea,호르무즈 해협,D1_초크포인트,2026-10-04,"[""CF_LNG""]",1,MEDIUM,LNG Cost Risk,10_OtherIndustry
5c9acabac4a8de853758dc8f993c39dd,"중동 리스크에 원유 다변화…정유업계, 공급망·설비 부담 여전",https://www.mediapen.com/news/view/1127828,2026-10-04,www.mediapen.com,Korean,South Korea,호르무즈 해협,D1_초크포인트,2026-10-04,"[""CF_CrudeOil""]",1,MEDIUM,Oil diversification,10_OtherIndustry
661cf0d3f71086ff7b2bd4c58f8200b6,석유 시장·최고가 100원 차이땐 1조5000억 필요,https://n.news.naver.com/mnews/article/014/0005584774?sid=101,2026-10-04,n.news.naver.com,Korean,South Korea,유가,D5_시장지표,2026-10-04,[],0,MEDIUM,Oil price impact,5_EconFinance
9bd470d2c8f97bde0ecbbd8241360498,기름값 상한 유지에 4조2000억원 확보…정유사 손실 11월 정산,https://n.news.naver.com/mnews/article/119/0003139387?sid=101,2026-10-04,n.news.naver.com,Korean,South Korea,유가,D5_시장지표,2026-10-04,"[""KS_Energy""]",1,MEDIUM,Oil price control,10_OtherIndustry
e408b02b68b170814df3c92855c105f4,최고가격제로 기름값 100원 누를때 1.5조 들어…예비비 4.2조 확보,https://n.news.naver.com/mnews/article/020/0003752588?sid=101,2026-10-04,n.news.naver.com,Korean,South Korea,유가,D5_시장지표,2026-10-04,[],0,MEDIUM,Oil price control,10_OtherIndustry
0f90a9b15c69212c51d5c485ed80b926,"석유최고가격제 손실보전, 100원 차이에 1.5조",https://n.news.naver.com/mnews/article/014/0005584697?sid=101,2026-10-04,n.news.naver.com,Korean,South Korea,유가,D5_시장지표,2026-10-04,[],0,MEDIUM,Oil price control,10_OtherIndustry
659d2324bacd1b0064fe55e47dedd325,휘발유 가격 소폭 내려…20주 연속 하락,https://n.news.naver.com/mnews/article/009/0005743730?sid=101,2026-10-04,n.news.naver.com,Korean,South Korea,유가,D5_시장지표,2026-10-04,[],0,MEDIUM,Fuel price trend,5_EconFinance
ae9394278b6d080f48dd1c401f64dec6,LNG '알래스카'에 공들이는 트럼프…텃밭은 흔들,https://n.news.naver.com/mnews/article/422/0000912469?sid=104,2026-10-04,n.news.naver.com,Korean,South Korea,유가,D5_시장지표,2026-10-04,"[""CF_LNG""]",1,MEDIUM,LNG supply policy,10_OtherIndustry
c3e6577fd1affb92a97ddbc01a37e3c6,"러시아, 우크라 종전 협상서 ""러 석유업체 해외 자산 매각 허용해라""",https://n.news.naver.com/mnews/article/469/0000957588?sid=104,2026-10-04,n.news.naver.com,Korean,South Korea,유가,D5_시장지표,2026-10-04,[],0,MEDIUM,Russia oil sanctions,1_Security
7b5e7f0648e2aaaf8d36ecc030af5e28,전국 기름값 20주 연속 하락…휘발유 L당 1857.6원,https://n.news.naver.com/mnews/article/005/0001876592?sid=101,2026-10-04,n.news.naver.com,Korean,South Korea,유가,D5_시장지표,2026-10-04,[],0,MEDIUM,Fuel price decline,5_EconFinance
f83f10c4f8256c06f933844696db4e57,"트럼프 ""이란 관련 조만간 결정…쉬운 길 또는 어려운 길""",https://n.news.naver.com/mnews/article/421/0009208795?sid=104,2026-10-04,n.news.naver.com,Korean,South Korea,유가,D5_시장지표,2026-10-04,[],0,MEDIUM,Iran geopolitical tension,1_Security
d9619651f92748d3aff8f298bfca5457,"정유사 최고가격제 손실보전, 가격차 100원당 1.5조원 산정",https://www.newsway.co.kr/news/view?ud=2026100410260279137,2026-10-04,www.newsway.co.kr,Korean,South Korea,유가,D5_시장지표,2026-10-04,"[""KS_Energy""]",1,MEDIUM,Oil price subsidy,5_EconFinance
2a46ec9f86e589c8fdc7b6f098474d66,석유 최고가격제 손실보전 '100원당 1.5조'...유가 150달러도 대비,https://www.ebn.co.kr/news/articleView.html?idxno=1726679,2026-10-04,www.ebn.co.kr,Korean,South Korea,유가,D5_시장지표,2026-10-04,[],0,MEDIUM,Oil price subsidy,5_EconFinance
e19b35a05c6e7189f642bf397b8a93b6,"강승규 의원 붉은불개미 등 외래해충, 전국 항만서 지속 검출…방역 사...",https://www.gukjenews.com/news/articleView.html?idxno=3712975,2026-10-04,www.gukjenews.com,Korean,South Korea,컨테이너,D2_품목,2026-10-04,[],0,MEDIUM,Port biosecurity,4_PortCargo
3aa1556ab9ec37e2095208d6a4d06590,부산항 안전사고 5년여간 70건… 북항 크레인 97%는 ‘내구연한 초과’,https://n.news.naver.com/mnews/article/082/0001401053?sid=101,2026-10-04,n.news.naver.com,Korean,South Korea,컨테이너,D2_품목,2026-10-04,"[""KP_Busan""]",1,MEDIUM,Port safety,4_PortCargo
4744586a7ba6d41cccfe87b2c6a101be,수입된 '빈 컨테이너'발 외래 해충 유입 지속…항만 검역 개선 시급,https://n.news.naver.com/mnews/article/437/0000514026?sid=102,2026-10-04,n.news.naver.com,Korean,South Korea,컨테이너,D2_품목,2026-10-04,[],0,MEDIUM,Container quarantine,4_PortCargo
c1c0c66e99162259eeebf6cfadf9251a,"강승규 의원, ""항만 노동자 안전 위협""…노후 크레인 교체·예산 확대 촉...",https://www.gukjenews.com/news/articleView.html?idxno=3712594,2026-10-04,www.gukjenews.com,Korean,South Korea,컨테이너,D2_품목,2026-10-04,[],0,MEDIUM,Port labor safety,4_PortCargo
f37efebc344f7dd34e9fed85c94ca956,"HMM, 부산항 현장 경영 시동…환적·물류 조직 집결해 수익성 방어",https://www.newsway.co.kr/news/view?ud=2026100214430764078,2026-10-04,www.newsway.co.kr,Korean,South Korea,컨테이너,D2_품목,2026-10-04,"[""KC_HMM"", ""KP_Busan""]",2,MEDIUM,HMM Port Strategy,7_Shipping
72a57dffe006cb1d4d2ef774e74bbf7f,"OPEC+, 11월 원유 생산 목표 유지 합의",https://n.news.naver.com/mnews/article/003/0014233197?sid=104,2026-10-04,n.news.naver.com,Korean,South Korea,원유,D2_품목,2026-10-04,"[""CF_CrudeOil""]",1,MEDIUM,OPEC+ Production,5_EconFinance
120eb3f473e6f7b576e7ea81657b929d,"[WT논평] When will energy prices fall? Follow the money, find out(Ⅰ)",https://n.news.naver.com/mnews/article/022/0004164034?sid=110,2026-10-04,n.news.naver.com,Korean,South Korea,원유,D2_품목,2026-10-04,[],0,MEDIUM,Energy Price Trends,5_EconFinance
7c716ffb36237ca04d61f39d54383845,"OPEC+, 11월 석유 생산 목표 현 수준 유지할 듯",https://n.news.naver.com/mnews/article/055/0001393105?sid=104,2026-10-04,n.news.naver.com,Korean,South Korea,원유,D2_품목,2026-10-04,[],0,MEDIUM,OPEC+ Production,5_EconFinance
757855e20bc6c31b36a4aaba3f91b0b2,"트럼프가 쥐어짜면 쥐어짜지는 세계…G7, 비축원유 1억배럴 방출",https://n.news.naver.com/mnews/article/009/0005743885?sid=104,2026-10-04,n.news.naver.com,Korean,South Korea,원유,D2_품목,2026-10-04,[],0,MEDIUM,SPR release,4_PortCargo
62067cfde206ea5b4e4a3c327273a0dd,"OPEC+, 11월 석유 생산 목표 현 수준 유지될 듯",https://n.news.naver.com/mnews/article/011/0004668145?sid=104,2026-10-04,n.news.naver.com,Korean,South Korea,원유,D2_품목,2026-10-04,[],0,MEDIUM,OPEC production,5_EconFinance
80c1e21a300f6f36d4491cac72a7a85e,선거 의식하는 트럼프 LNG 투자 압박...핵잠 등 안보 협의 변수될까,https://n.news.naver.com/mnews/article/088/0001032193?sid=104,2026-10-04,n.news.naver.com,Korean,South Korea,원유,D2_품목,2026-10-04,"[""CF_LNG""]",1,MEDIUM,LNG investment pressure,5_EconFinance
6d3c0fca16230e4a7bb1bf028aae2ea1,우크라 “러 정유시설 타격”… 겨울 앞 짙어지는 ‘확전’ 전운,https://n.news.naver.com/mnews/article/005/0001876664?sid=104,2026-10-04,n.news.naver.com,Korean,South Korea,원유,D2_품목,2026-10-04,[],0,MEDIUM,Russia refinery attacks,10_OtherIndustry
a7ef515e65c8fed178dd041ab0f4cc4b,"막무가내 트럼프 ""韓, 84억弗 원유 투자"" [대미투자 과제]",https://n.news.naver.com/mnews/article/014/0005584779?sid=104,2026-10-04,n.news.naver.com,Korean,South Korea,원유,D2_품목,2026-10-04,"[""CF_CrudeOil""]",1,MEDIUM,Korea crude oil investment,5_EconFinance
077d9df4ecb489d180b5db2fcd34c97e,"국제유가 급등 효과…원유 ETF, 수익률 1위",https://n.news.naver.com/mnews/article/015/0005339069?sid=101,2026-10-04,n.news.naver.com,Korean,South Korea,원유,D2_품목,2026-10-04,"[""CF_CrudeOil""]",1,MEDIUM,Oil price surge,5_EconFinance
c4d2a0a42b2477575df9216c096b6ec0,"트럼프 강한 압박에 G7, 비축 경유 푼다",https://n.news.naver.com/mnews/article/015/0005339059?sid=104,2026-10-04,n.news.naver.com,Korean,South Korea,원유,D2_품목,2026-10-04,[],0,MEDIUM,G7 diesel release,4_PortCargo
d95e95f73fd58ff67c83fb95f21e49fb,"美요구에 … G7, 원유 방출 합의",https://n.news.naver.com/mnews/article/009/0005743819?sid=104,2026-10-04,n.news.naver.com,Korean,South Korea,원유,D2_품목,2026-10-04,"[""CF_CrudeOil""]",1,MEDIUM,G7 crude release,4_PortCargo
a0fdd07f531adc23102dbb8913a2f388,"트럼프 “韓 합의 안 하면 두 배로”…알래스카 LNG, 또 ‘통상 암초’",https://n.news.naver.com/mnews/article/025/0003555648?sid=100,2026-10-04,n.news.naver.com,Korean,South Korea,원유,D2_품목,2026-10-04,"[""CF_LNG""]",1,MEDIUM,Alaska LNG tariff,5_EconFinance
6e800c7bec986bff70cec0619b2d77d6,트럼프 “알래스카 LNG 합의 안 하면 2배 청구”…관세 무기 삼아 노골...,https://n.news.naver.com/mnews/article/081/0003685875?sid=104,2026-10-04,n.news.naver.com,Korean,South Korea,원유,D2_품목,2026-10-04,"[""CF_LNG""]",1,MEDIUM,LNG supply negotiation,10_OtherIndustry
031302a8b47a2a531b7a7943ed8e18b3,"트럼프 ""韓, 84억달러 원유 투자""…산업부 ""팩트시트가 전부·경위 확인...",https://n.news.naver.com/mnews/article/014/0005584696?sid=101,2026-10-04,n.news.naver.com,Korean,South Korea,원유,D2_품목,2026-10-04,"[""CF_CrudeOil""]",1,MEDIUM,Oil investment policy,10_OtherIndustry
c7d32161aa152599843b358973f334f2,G7 비축유 1억 배럴 방출 합의에 국제유가 하락… 두바이유는 1.59달러↑,https://www.financialpost.co.kr/news/articleView.html?idxno=278685,2026-10-04,www.financialpost.co.kr,Korean,South Korea,원유,D2_품목,2026-10-04,"[""POL_SPR""]",1,MEDIUM,SPR release oil price,5_EconFinance
55bd91a925b7703641b3640de0839b47,"트럼프 압박에도… 대미투자, 알래스카 LNG부터 '사업성 검증'",https://www.newscj.com/news/articleView.html?idxno=3437735,2026-10-04,www.newscj.com,Korean,South Korea,원유,D2_품목,2026-10-04,[],0,MEDIUM,LNG investment viability,10_OtherIndustry
3de399fdde8583037229b160aac5a2c7,G7 비축유 1억 배럴 방출…국내 경유값은 언제 내리나,http://www.smedaily.co.kr/news/articleView.html?idxno=364151,2026-10-04,www.smedaily.co.kr,Korean,South Korea,원유,D2_품목,2026-10-04,"[""POL_SPR""]",1,MEDIUM,SPR release domestic impact,5_EconFinance
4ea61235a203cfba8a0cc02dd47aa9e2,"정부, 석유 최고가격제 손실보전 예산 ‘유가 100원당 1.5조원’ 산정",https://n.news.naver.com/mnews/article/366/0001196051?sid=101,2026-10-04,n.news.naver.com,Korean,South Korea,원유,D2_품목,2026-10-04,[],0,MEDIUM,Oil price subsidy,5_EconFinance
0ace79554b932157b0e460d9099c8c60,미 압박 공세…대미투자 합의했지만 ‘알래스카 LNG’ 암초 등 협상 험...,https://n.news.naver.com/mnews/article/082/0001400998?sid=101,2026-10-04,n.news.naver.com,Korean,South Korea,원유,D2_품목,2026-10-04,"[""CF_LNG""]",1,MEDIUM,Alaska LNG negotiation,1_Security
34db93eef62188be1122bbb097f1c14f,“고추장·된장부터 즉석밥까지…요즘 장 볼 때 더 비싸진 식품들”,https://www.wikitree.co.kr/articles/1163908,2026-10-04,www.wikitree.co.kr,Korean,South Korea,참치,D8_수산물,2026-10-04,[],0,MEDIUM,Food price inflation,10_OtherIndustry
0d5076c3fe70d7e50cf6cd88d681b70e,국 39%↑ 컵밥 25%↑… 가공식품 가격 줄줄이 올라,https://n.news.naver.com/mnews/article/014/0005584810?sid=101,2026-10-04,n.news.naver.com,Korean,South Korea,참치,D8_수산물,2026-10-04,[],0,MEDIUM,Food price surge,10_OtherIndustry
e6e0baf679a70e75d4a44c84f4b42bc0,"""돈 아껴보겠다고 외식 안 하고 집밥만 먹었는데""…통장 잔고 보고 '깜짝...",https://n.news.naver.com/mnews/article/277/0005824524?sid=101,2026-10-04,n.news.naver.com,Korean,South Korea,참치,D8_수산물,2026-10-04,[],0,MEDIUM,Food price inflation,10_OtherIndustry
9f1be4afd73d4d7639036a2b85268248,가공식품 가격 급등에 장바구니 ‘휘청’,https://n.news.naver.com/mnews/article/082/0001401080?sid=101,2026-10-04,n.news.naver.com,Korean,South Korea,참치,D8_수산물,2026-10-04,[],0,MEDIUM,Food price inflation,10_OtherIndustry
382fe820a72f30c6ffd90426c1dcca15,26차례 공습 vs 아람코에 보복,https://n.news.naver.com/mnews/article/449/0000362982?sid=104,2026-10-04,n.news.naver.com,Korean,South Korea,후티,D7_행위자,2026-10-04,[],0,MEDIUM,Middle East conflict,1_Security
9bf2e9e0984c96da85e498e99fcea252,이스라엘 “중동분쟁 3년간 자국 군·치안 인력 등 1318명 사망”,https://n.news.naver.com/mnews/article/003/0014233104?sid=104,2026-10-04,n.news.naver.com,Korean,South Korea,후티,D7_행위자,2026-10-04,[],0,MEDIUM,Middle East conflict,1_Security
1258911e73ffa29d89eda5bacd91b20c,"트럼프 ""이란 관련 조만간 결단… 쉬운 길이든 어려운 길이든 해낼 것""",https://www.gukjenews.com/news/articleView.html?idxno=3712823,2026-10-04,www.gukjenews.com,Korean,South Korea,후티,D7_행위자,2026-10-04,[],0,MEDIUM,Trump Iran decision,1_Security
3dd37b8114ba7a8dd99280ac2a99580d,"[속보] 트럼프 ""이란 관련 결정내릴 것…쉬운 길 아니면 어려운 길로든...",https://n.news.naver.com/mnews/article/243/0000103846?sid=101,2026-10-04,n.news.naver.com,Korean,South Korea,후티,D7_행위자,2026-10-04,[],0,MEDIUM,Trump Iran policy,1_Security
e9b9e4baf154b6b0b6821a904cf1e2bc,트럼프 “곧 이란 관련 결정내릴 것” …이란전 변화 국면?,https://n.news.naver.com/mnews/article/020/0003752562?sid=104,2026-10-04,n.news.naver.com,Korean,South Korea,후티,D7_행위자,2026-10-04,[],0,MEDIUM,Iran conflict developments,1_Security
435f58de2ececefbacc29f2c655069df,"트럼프 ""이란전, 쉬운 길 아니면 어려운 길…결정 내릴 것""",https://n.news.naver.com/mnews/article/057/0001971913?sid=104,2026-10-04,n.news.naver.com,Korean,South Korea,후티,D7_행위자,2026-10-04,[],0,MEDIUM,Trump Iran decision,1_Security
7b437bc03147cdb20a474802cad6eca3,"中, 남중국해 시사군도 암초에 활주로 건설…내년 중반 완공",https://n.news.naver.com/mnews/article/003/0014232604?sid=104,2026-10-04,n.news.naver.com,Korean,South Korea,부두,D3_인프라,2026-10-04,[],0,MEDIUM,South China Sea,1_Security
2fcc901090aa004e2aec12eef9ea3d8a,"북극항로로 몰리는 선박들…9월 운항 133회, 2022년의 4배",https://n.news.naver.com/mnews/article/022/0004163846?sid=104,2026-10-04,n.news.naver.com,Korean,South Korea,수에즈 운하,D1_초크포인트,2026-10-04,[],0,MEDIUM,Arctic route transit,7_Shipping
e087927380264d3ea423aa47014f787e,해상운임 뛰자 웃는 LX인터내셔널…3분기 실적 기대 웃돈다,https://www.pinpointnews.co.kr/news/articleView.html?idxno=492575,2026-10-04,www.pinpointnews.co.kr,Korean,South Korea,파나마 운하,D1_초크포인트,2026-10-04,[],0,MEDIUM,Shipping rates surge,3_Freight
52394a3ed288f2496c5657739612e797,“합의 안 하면 두 배”…美 압박 속 알래스카 LNG 셈법 복잡,https://news.mtn.co.kr/news-detail/2026100212562975136,2026-10-04,news.mtn.co.kr,Korean,South Korea,파나마 운하,D1_초크포인트,2026-10-04,"[""CF_LNG""]",1,MEDIUM,Alaska LNG negotiations,10_OtherIndustry
b5e788ae35c9b38109edf7f46bd0a809,"청해부대 49진 충무공이순신함, 아덴만으로 출항",https://n.news.naver.com/mnews/article/001/0016357122?sid=100,2026-10-04,n.news.naver.com,Korean,South Korea,아덴만,D1_초크포인트,2026-10-04,[],0,MEDIUM,Naval deployment Aden,1_Security
11df9f93e33b670d209ec306a454a022,"“물량 넘치는데 배가 없다”…현대글로비스 ‘100척 시대’, 매출 40조...",https://n.news.naver.com/mnews/article/016/0002705255?sid=101,2026-10-04,n.news.naver.com,Korean,South Korea,희망봉,D1_초크포인트,2026-10-04,"[""KC_HyundaiGlovis""]",1,MEDIUM,Hyundai Glovis fleet,7_Shipping
33e1c924c5aa9c844b5853094ec182cd,"K-GX 시대, 기후·에너지 정책 설계가 국가 경쟁력을 가른다",https://n.news.naver.com/mnews/article/092/0002439810?sid=110,2026-10-04,n.news.naver.com,Korean,South Korea,반도체,D2_품목,2026-10-04,"[""KS_Energy""]",1,LOW,Energy policy,
ef3e34172030c227367c7c957a8296ae,한전 전 직원 2만4000명 개인정보 노출…삭제까지 32시간,https://weekly.hankooki.com/news/articleView.html?idxno=7187398,2026-10-04,weekly.hankooki.com,Korean,South Korea,한국 에너지,D9_한국,2026-10-04,[],0,LOW,Data breach,
5e1fb164d60ecdd8f4a0a45009c497ad,한국전력 직원 2만4천 명 개인정보 노출...경위 조사,https://n.news.naver.com/mnews/article/052/0002414721?sid=101,2026-10-04,n.news.naver.com,Korean,South Korea,한국 에너지,D9_한국,2026-10-04,"[""KC_KEPCO""]",1,LOW,Data breach,
dd125acda98b60aebc264e73a389f7c8,"한국전력, 2만4천 명 전체 직원 개인정보 외부 노출",https://n.news.naver.com/mnews/article/052/0002414715?sid=101,2026-10-04,n.news.naver.com,Korean,South Korea,한국 에너지,D9_한국,2026-10-04,"[""KC_KEPCO""]",1,LOW,Data breach,
6b0fd308d7f5d43fa5ebf3c093bbbed4,한전 직원 2만4000명 개인정보 노출…고객정보는 피해 없어,https://n.news.naver.com/mnews/article/277/0005824536?sid=101,2026-10-04,n.news.naver.com,Korean,South Korea,한국 에너지,D9_한국,2026-10-04,[],0,LOW,Data breach,
8c531bebc77e260c44024a3a49045934,발전 5사 통합 ‘한국발전’ 본사 어디로,https://n.news.naver.com/mnews/article/032/0003474169?sid=101,2026-10-04,n.news.naver.com,Korean,South Korea,한국 에너지,D9_한국,2026-10-04,[],0,LOW,Corporate merger,
859188e948f545977a1c333c8df186b3,"한전 직원 2만 4000여 명 개인정보 외부 노출…""AI 해킹과는 무관""",https://n.news.naver.com/mnews/article/082/0001401095?sid=101,2026-10-04,n.news.naver.com,Korean,South Korea,한국 에너지,D9_한국,2026-10-04,[],0,LOW,Data breach,
e414b7f6ef4e5f17eff5acf41fd838f2,"한전KPS, ‘에너지 JOB박람회’서 현장부스 운영…청년취업 적극 지원",https://n.news.naver.com/mnews/article/082/0001401094?sid=101,2026-10-04,n.news.naver.com,Korean,South Korea,한국 에너지,D9_한국,2026-10-04,"[""KS_Energy""]",1,LOW,Job recruitment,
c32a3d0980dfa161d24958e86a227a81,신재생에너지 발전소 AI로 24시간 관리,https://n.news.naver.com/mnews/article/014/0005584798?sid=105,2026-10-04,n.news.naver.com,Korean,South Korea,한국 에너지,D9_한국,2026-10-04,"[""KS_Energy""]",1,LOW,Energy operations,
b8748f119c4a88c9c754ff8717000850,"금융권 이어 공기업까지..한국전력, 직원 2만4000명 신상 노출",https://kpenews.com/View.aspx?No=4251704,2026-10-04,kpenews.com,Korean,South Korea,한국 에너지,D9_한국,2026-10-04,"[""KC_KEPCO""]",1,LOW,Data security incident,
216613c8180a6d7afccead96e726c90a,"한전 직원 2만4000명 정보 외부 웹페이지 노출… ""해킹 시도 파악 안 돼...",https://n.news.naver.com/mnews/article/469/0000957616?sid=101,2026-10-04,n.news.naver.com,Korean,South Korea,한국 에너지,D9_한국,2026-10-04,[],0,LOW,Data security incident,
5567b99daaede4afc12970bc73161453,"울산, 조선 AI·산단 안전 국비 증액 요청…민주당과 예산 협의",https://www.viva100.com/article/20261004500222,2026-10-04,www.viva100.com,Korean,South Korea,한국 에너지,D9_한국,2026-10-04,[],0,LOW,Shipbuilding investment,
ecaea785d9412be28f8764185b3f5cad,"박수현 지사, 주한 호주대사와 협력 방안 논의",https://www.ccdailynews.com/news/articleView.html?idxno=2444428,2026-10-04,www.ccdailynews.com,Korean,South Korea,한국 에너지,D9_한국,2026-10-04,[],0,LOW,Australia cooperation,
b357d81fba01b00a87cbc86c08b809b7,"서부발전, 전남개발공사와 광주·전남 육·해상풍력 공동개발",https://www.ccdailynews.com/news/articleView.html?idxno=2444469,2026-10-04,www.ccdailynews.com,Korean,South Korea,한국 에너지,D9_한국,2026-10-04,[],0,LOW,Renewable energy,
f3aa455fe3de3649ec7a4fd484e71da8,"트럼프 ""美에 공장 안 지으면 최대 300% 관세"" 위협",https://www.industrynews.co.kr/news/articleView.html?idxno=87005,2026-10-04,www.industrynews.co.kr,Korean,South Korea,천연가스,D2_품목,2026-10-04,[],0,LOW,,
cf4157483bfb7426a41ed94d12eb4dad,트럼프 “미국에 공장 안 지으면 관세 300%”,https://n.news.naver.com/mnews/article/022/0004163969?sid=104,2026-10-04,n.news.naver.com,Korean,South Korea,천연가스,D2_품목,2026-10-04,[],0,LOW,,
44b8c28fbd0d28fe2d012342d2ce1174,"알래스카 투자 압박하는 트럼프, 관세 인상하나",https://n.news.naver.com/mnews/article/015/0005339080?sid=104,2026-10-04,n.news.naver.com,Korean,South Korea,천연가스,D2_품목,2026-10-04,[],0,LOW,,
01fb830ebeaca499f31faf16b69d4cca,"""대미 3500억弗 투자, 첫해에 10년치 결정할 필요 없어""",https://n.news.naver.com/mnews/article/014/0005584773?sid=101,2026-10-04,n.news.naver.com,Korean,South Korea,천연가스,D2_품목,2026-10-04,[],0,LOW,,
155aa9e8737e8841c5b3542cd0fa05fb,"[사설] 검토 단계 알래스카 사업에 ‘서명 강요’, 받아들일 수 없다",https://n.news.naver.com/mnews/article/028/0002825972?sid=110,2026-10-04,n.news.naver.com,Korean,South Korea,천연가스,D2_품목,2026-10-04,[],0,LOW,,
f9b9fbcff17f197d23edeec47139efd6,"""공장 안지으면 관세 300%"" … 거세지는 트럼프 '투자협박'",https://n.news.naver.com/mnews/article/009/0005743853?sid=101,2026-10-04,n.news.naver.com,Korean,South Korea,천연가스,D2_품목,2026-10-04,[],0,LOW,,
2d669c388260f7017732f8ed93647398,"8700조 쏟아붓는데… AI데이터센터, 전력·인력 부족에 ‘공급 병목’ 현...",https://n.news.naver.com/mnews/article/005/0001876641?sid=101,2026-10-04,n.news.naver.com,Korean,South Korea,천연가스,D2_품목,2026-10-04,[],0,LOW,,
6ef3ec571f3307ecad3fa93e0cea97c6,"중간선거 패배 위기 … 트럼프, 대미투자·관세폭탄 투트랙 압박",https://n.news.naver.com/mnews/article/009/0005743817?sid=101,2026-10-04,n.news.naver.com,Korean,South Korea,천연가스,D2_품목,2026-10-04,[],0,LOW,,
5f24826f37ef4e9f14a448599d145322,"민주당 조승래 의원 ""미국 지시받는 관계 아니다""…투자 압박에 제동",https://n.news.naver.com/mnews/article/656/0000188532?sid=100,2026-10-04,n.news.naver.com,Korean,South Korea,천연가스,D2_품목,2026-10-04,[],0,LOW,,
0d7f294947cdfed83c42df2f0ad50a92,"트럼프 ""美에 공장 안 지으면 관세 300%까지 부과""",https://n.news.naver.com/mnews/article/031/0001063398?sid=104,2026-10-04,n.news.naver.com,Korean,South Korea,천연가스,D2_품목,2026-10-04,[],0,LOW,,
ae5010cf011f557beafc180802466088,데이터센터 전력 절실한데 … 직구매 한도 대폭 풀어줘야,https://n.news.naver.com/mnews/article/009/0005743765?sid=101,2026-10-04,n.news.naver.com,Korean,South Korea,천연가스,D2_품목,2026-10-04,[],0,LOW,,
6791acb6b82c613859578fe89ef4fd64,트럼프 “美에 공장 안 지으면 300% 관세”…韓 투자 압박도,https://www.mediapen.com/news/view/1127852,2026-10-04,www.mediapen.com,Korean,South Korea,천연가스,D2_품목,2026-10-04,[],0,LOW,Trump tariff policy,
0e3bc216c31586316bb8a73036ab59de,‘호남 반도체’ 격전지 된 산자위 국감…대미 투자는 뜻밖의 초당적 협...,https://n.news.naver.com/mnews/article/028/0002825932?sid=101,2026-10-04,n.news.naver.com,Korean,South Korea,천연가스,D2_품목,2026-10-04,[],0,LOW,Semiconductor politics,
1e161f9765eeefb0c2a9d28ccb91ce47,트럼프 관세 청구서 압박 강화…북한에는 친화 목소리,http://www.newstomato.com/ReadNews.aspx?no=1315632&inflow=N,2026-10-04,www.newstomato.com,Korean,South Korea,천연가스,D2_품목,2026-10-04,[],0,LOW,Trump tariff policy,
b35bb7fe1a3b8d3510202fc0de650d4c,"韓 투자 압박 이어가는 트럼프…""더 많이 청구하면 돼""",https://news.einfomax.co.kr/news/articleView.html?idxno=4437726,2026-10-04,news.einfomax.co.kr,Korean,South Korea,천연가스,D2_품목,2026-10-04,[],0,LOW,Trump tariff policy,
80debdcb6b97ec36da69611220871e65,“부정선거” 주워담은 트럼프…관세 위협·현금살포 던지며 “사전투...,https://n.news.naver.com/mnews/article/028/0002825928?sid=104,2026-10-04,n.news.naver.com,Korean,South Korea,천연가스,D2_품목,2026-10-04,[],0,LOW,Trump tariff policy,
dd670a96d2c4182bf8adbf33b537c0ce,"관세 근거 세 번 바뀌어도 자동차는 15%…10조원 부담, 부품사로 번지나",https://n.news.naver.com/mnews/article/032/0003474112?sid=100,2026-10-04,n.news.naver.com,Korean,South Korea,천연가스,D2_품목,2026-10-04,[],0,LOW,Auto tariff policy,
f0a807d2e662d464ccf846f7d1e7af98,전 세계 상대로 협박하는 트럼프 “공장 안 지으면 300% 관세”,https://n.news.naver.com/mnews/article/029/0003051313?sid=104,2026-10-04,n.news.naver.com,Korean,South Korea,천연가스,D2_품목,2026-10-04,[],0,LOW,Trump tariff policy,
7921932bae43b2698457a6011b14793e,"트럼프 관세 폭탄 경고: 외국 기업들, 미국 투자 서두르나",https://www.gokorea.kr/news/articleView.html?idxno=880403,2026-10-04,www.gokorea.kr,Korean,South Korea,천연가스,D2_품목,2026-10-04,[],0,LOW,Trump tariff policy,
54342d203c09021eccb73d1d2fcb25e4,"트럼프 ""미국에 공장 안 지으면 관세 300%까지 부과""",http://mbnmoney.mbn.co.kr/news/view?news_no=MM1005931645,2026-10-04,mbnmoney.mbn.co.kr,Korean,South Korea,천연가스,D2_품목,2026-10-04,[],0,LOW,Trump tariff policy,
7e34c11032b1d9db339c0a29a6c61e8f,트럼프 “미국에 공장 안 지으면 관세 최대 300% 부과”,https://n.news.naver.com/mnews/article/449/0000362950?sid=104,2026-10-04,n.news.naver.com,Korean,South Korea,천연가스,D2_품목,2026-10-04,[],0,LOW,Trump tariff policy,
0db2c4a0eed15c5417316de4169bd9dc,"격전지 간 트럼프 ""美에 공장 안 지으면 관세 300%까지 부과""",http://www.seouleconews.com/news/articleView.html?idxno=94129,2026-10-04,www.seouleconews.com,Korean,South Korea,천연가스,D2_품목,2026-10-04,[],0,LOW,Trump tariff policy,
3823ad5426db0ecddf76224f8d25616b,트럼프 “미국에 공장 안 지으면 300% 관세”…밀리는 공화 텃밭 선거지...,https://n.news.naver.com/mnews/article/028/0002825924?sid=104,2026-10-04,n.news.naver.com,Korean,South Korea,천연가스,D2_품목,2026-10-04,[],0,LOW,Trump tariff policy,
c49a52aca2ce674171f87d6ca94c5227,"트럼프 ""1년 반 내 공장 안 지으면 최대 300% 관세""... 한국 등 연일 투자...",https://www.insight.co.kr/news/576473,2026-10-04,www.insight.co.kr,Korean,South Korea,천연가스,D2_품목,2026-10-04,[],0,LOW,Trump tariff policy,
049ac8e4a01c60db00af2177bc526e97,"조선업계, 하이브리드 시스템 실증으로 기술 격차 줄인다",https://www.newsway.co.kr/news/view?ud=2026100215395156750,2026-10-04,www.newsway.co.kr,Korean,South Korea,천연가스,D2_품목,2026-10-04,[],0,LOW,Shipbuilding technology,
f32fae0cdd5f91c62dddd145f09b1c3a,"다급해진 트럼프 ""美에 공장 안 지으면 관세 300%""",https://n.news.naver.com/mnews/article/082/0001401025?sid=100,2026-10-04,n.news.naver.com,Korean,South Korea,천연가스,D2_품목,2026-10-04,[],0,LOW,Trump tariff policy,
b5c807bf243d0b643d220cce503dc002,"“미국에 공장 지어라”…트럼프, 외국 기업에 고율 관세 경고",https://n.news.naver.com/mnews/article/119/0003139375?sid=104,2026-10-04,n.news.naver.com,Korean,South Korea,천연가스,D2_품목,2026-10-04,[],0,LOW,Trump tariff policy,
3bd7d5bc32e9bf8702dcd348c7f00423,"트럼프 ""1년 반 안에 미국에 공장 안 지으면 최대 300% 관세""",https://www.pennmike.com/news/articleView.html?idxno=128939,2026-10-04,www.pennmike.com,Korean,South Korea,천연가스,D2_품목,2026-10-04,[],0,LOW,Trump tariff policy,
601fbc2a776032c6e53d5a62652bf58d,"경합주 알래스카, 韓 투자에도 기대보다 불안 [격전지로 본 美 중간선거...",https://n.news.naver.com/mnews/article/014/0005584686?sid=104,2026-10-04,n.news.naver.com,Korean,South Korea,천연가스,D2_품목,2026-10-04,[],0,LOW,Korean investment,
2153a0f9245e1cc8d14580c2c2096f21,"'친환경·고부가'로 체질 바꾼다…K철강·화학, 반등 채비[초격차 코리...",https://n.news.naver.com/mnews/article/003/0014232765?sid=101,2026-10-04,n.news.naver.com,Korean,South Korea,천연가스,D2_품목,2026-10-04,[],0,LOW,Steel/chemical strategy,
a9df06dccd265f363cec74c6fcb97405,"[발전사 이모저모] 남부·중부, 한국형 가스터빈 최초 점화 성공",https://news.einfomax.co.kr/news/articleView.html?idxno=4437719,2026-10-04,news.einfomax.co.kr,Korean,South Korea,천연가스,D2_품목,2026-10-04,[],0,LOW,Gas turbine development,
3714c2f039b4449bfea9694d1ba26f2a,"삼성전자, 첫 팹 가동 1년 앞당긴다..360조 용인 산단 청사진 공개",https://kpenews.com/View.aspx?No=4251641,2026-10-04,kpenews.com,Korean,South Korea,천연가스,D2_품목,2026-10-04,"[""KC_Samsung""]",1,LOW,Semiconductor fab,
ad288692d7ba81ebd4ac8a52ebca807b,세계경제 미국발 '경유' 공포에 '벌벌',https://n.news.naver.com/mnews/article/374/0000536226?sid=104,2026-10-04,n.news.naver.com,Korean,South Korea,천연가스,D2_품목,2026-10-04,[],0,LOW,Global economic outlook,
339b02bad1c0d5a0cc007e75ff4078e1,"삼성전자 용인 사어버과학축제 참가, '360조 투자' 반도체 산단 청사진...",https://www.businesspost.co.kr/BP?command=article_view&num=448594,2026-10-04,www.businesspost.co.kr,Korean,South Korea,천연가스,D2_품목,2026-10-04,"[""KC_Samsung""]",1,LOW,Semiconductor investment,
1bcb45da8d9d14816102794342ff49c8,"트럼프, ‘북핵 수치’ 오락가락…이란엔 ‘최종 결정’ 임박",https://n.news.naver.com/mnews/article/056/0012267641?sid=104,2026-10-04,n.news.naver.com,Korean,South Korea,호르무즈 해협,D1_초크포인트,2026-10-04,[],0,LOW,Trump policy signals,
ebb7e0f6928a1e3d98c0f8acb1b7e067,'이슈픽 쌤과 함께' 박원곤 교수가 제시하는 미·이란 전쟁 장기화 속 한...,https://enter.etoday.co.kr/news/view/303270,2026-10-04,enter.etoday.co.kr,Korean,South Korea,호르무즈 해협,D1_초크포인트,2026-10-04,[],0,LOW,Iran-US conflict analysis,
c2a97271d694e792d0e17f397e20b362,중동 전쟁이 부른 식량 위기…여성 1170만명 굶주림 내몬다,https://n.news.naver.com/mnews/article/032/0003474101?sid=104,2026-10-04,n.news.naver.com,Korean,South Korea,호르무즈 해협,D1_초크포인트,2026-10-04,[],0,LOW,Middle East Food Crisis,
5fea0a674ffb8314cb956e6f9e4c4667,또 관세 협박..'동맹국 투자'에 목줄 건 트럼프 선거전략,http://www.4th.kr/news/articleView.html?idxno=2119191,2026-10-04,www.4th.kr,Korean,South Korea,호르무즈 해협,D1_초크포인트,2026-10-04,[],0,LOW,Trade Policy,
7f31527c368fbf10000426136f9b37b6,"장기화된 이란 전쟁, 미국은 패했나 (이슈 PICK 쌤과 함께)[채널예약]",https://m.entertain.naver.com/article/144/0001142084,2026-10-04,m.entertain.naver.com,Korean,South Korea,호르무즈 해협,D1_초크포인트,2026-10-04,[],0,LOW,Iran Conflict Analysis,
4d396a5124b4360907610e7e6bce65c5,오일머니 챙기면서 동시에 때린다...중국의 아슬아슬 '양다리' [자막뉴...,https://n.news.naver.com/mnews/article/052/0002414647?sid=104,2026-10-04,n.news.naver.com,Korean,South Korea,호르무즈 해협,D1_초크포인트,2026-10-04,[],0,LOW,China Oil Strategy,
1c9e76ae9e4665d9850b4a45ee6a170c,美는 584억달러 투자 기정사실화…韓 “확정된 것 없다”,https://www.geconomy.co.kr/news/article.html?no=324123,2026-10-04,www.geconomy.co.kr,Korean,South Korea,호르무즈 해협,D1_초크포인트,2026-10-04,[],0,LOW,US Investment Policy,
8d6fb838b12f23eedd6200ed8c4d0531,9월 물가 2.9%…최고가격제 없었으면 3.5%,http://www.smedaily.co.kr/news/articleView.html?idxno=364152,2026-10-04,www.smedaily.co.kr,Korean,South Korea,호르무즈 해협,D1_초크포인트,2026-10-04,[],0,LOW,Inflation data,
a0613d963b19a73198c5ec4128fc3c25,"KODEX 미국달러선물인버스2X, 'ETF 수익률 전면 석권'…달러 약세 장세 ...",https://www.ppss.kr/news/articleView.html?idxno=313891,2026-10-04,www.ppss.kr,Korean,South Korea,유가,D5_시장지표,2026-10-04,[],0,LOW,ETF trading,
9672da3f0bf0e8cd65f5d21e8969b44f,[포토] 휘발유값 20주 연속 하락,https://n.news.naver.com/mnews/article/005/0001876680?sid=101,2026-10-04,n.news.naver.com,Korean,South Korea,유가,D5_시장지표,2026-10-04,[],0,LOW,Gasoline prices,
7f6384ae0c454912cd4d4fe77030a516,"건고추 가격 약세…치솟은 생산비에 ""적자 면하기 어려워""",http://www.ikpnews.net/news/articleView.html?idxno=71602,2026-10-04,www.ikpnews.net,Korean,South Korea,유가,D5_시장지표,2026-10-04,[],0,LOW,Chili pepper prices,
e2e5a6d42a4efd6f343d34abe490256c,"""그 돈 주고는 못 가겠다""…여행 포기 늘더니 대박 터진 곳",https://n.news.naver.com/mnews/article/015/0005339056?sid=104,2026-10-04,n.news.naver.com,Korean,South Korea,유가,D5_시장지표,2026-10-04,[],0,LOW,Travel trends,
0bbc591d7aeb27e128410ddb85a93327,美 금리인상 ‘주춤’ 전망에도…“韓 주담대는 계속 오를 것”,https://n.news.naver.com/mnews/article/020/0003752601?sid=104,2026-10-04,n.news.naver.com,Korean,South Korea,유가,D5_시장지표,2026-10-04,[],0,LOW,Interest rates,
f3418bcfa0c9855a80b36151e9335dec,"국·탕, 컵밥 등 가공식품 26개중 24개 가격 올라...‘도미노 인상’ 우...",https://n.news.naver.com/mnews/article/025/0003555625?sid=101,2026-10-04,n.news.naver.com,Korean,South Korea,유가,D5_시장지표,2026-10-04,[],0,LOW,Food price inflation,
312a79d79387a7b015293164d890c199,"달러 하락에 베팅한 곱버스 ETF, 3분기 수익률 상위권",https://n.news.naver.com/mnews/article/020/0003752577?sid=101,2026-10-04,n.news.naver.com,Korean,South Korea,유가,D5_시장지표,2026-10-04,[],0,LOW,Currency ETF performance,
757257f3e3dda3a78bfa2a57f520bc36,고금리에 주식보다 채권 매력 '부각'···채권 ETF 투자수요 확대,https://www.seoulfn.com/news/articleView.html?idxno=639275,2026-10-04,www.seoulfn.com,Korean,South Korea,유가,D5_시장지표,2026-10-04,[],0,LOW,Bond investment trends,
748321b0e71452871a98d9736c27883d,3분기 ETF 수익률 '톱3'…달러 곱버스 '싹쓸이',https://n.news.naver.com/mnews/article/586/0000139399?sid=101,2026-10-04,n.news.naver.com,Korean,South Korea,유가,D5_시장지표,2026-10-04,[],0,LOW,ETF performance ranking,
b0f8781a416d90e89a4f6cdea79bec1c,[주간 유통 나침반] 국감 앞둔 유통·식품업계…홈플러스·쿠팡·담합 쟁...,https://www.joongangenews.com/news/articleView.html?idxno=552522,2026-10-04,www.joongangenews.com,Korean,South Korea,유가,D5_시장지표,2026-10-04,[],0,LOW,Retail industry audit,
862381544cae910fb1b6d92e43d59b94,미 국채금리 발 국고채 4%대…가계·기업 '비상',https://n.news.naver.com/mnews/article/648/0000051305?sid=101,2026-10-04,n.news.naver.com,Korean,South Korea,유가,D5_시장지표,2026-10-04,[],0,LOW,Interest rate impact,
3583d7a67843535ea72ab68b5825dd1b,"[속보] 트럼프 “북한, 핵미사일 112개 갖고 있어…김정은과 잘 지내야...",https://n.news.naver.com/mnews/article/243/0000103848?sid=101,2026-10-04,n.news.naver.com,Korean,South Korea,유가,D5_시장지표,2026-10-04,[],0,LOW,North Korea nuclear,
4dc6aea88f11f15aea09831b05570888,"3분기 ETF 상슬률 1~3위, ‘달러 곱버스’ 이름 올려",https://www.sentv.co.kr/article/view/sentv202610040009,2026-10-04,www.sentv.co.kr,Korean,South Korea,유가,D5_시장지표,2026-10-04,[],0,LOW,ETF performance ranking,
3be9dc87a82935f1074890de122f4689,"""목표가는 낮췄는데 59% 더 오른다?""…증권가가 연말부터 주목하라는 '이...",https://n.news.naver.com/mnews/article/277/0005824459?sid=101,2026-10-04,n.news.naver.com,Korean,South Korea,유가,D5_시장지표,2026-10-04,[],0,LOW,Stock market analysis,
d1007eced4d83ea01e402f71d155d613,"국민연금, 코스닥 투자 규모 10조 돌파…비중 2%대",https://www.sentv.co.kr/article/view/sentv202610040008,2026-10-04,www.sentv.co.kr,Korean,South Korea,유가,D5_시장지표,2026-10-04,[],0,LOW,Pension fund allocation,
3d6321d75ada88d80d943d1d7bab31ec,9월 마지막 주 휘발유 1857.6원…전주보다 0.4원 하락,https://n.news.naver.com/mnews/article/421/0009208748?sid=101,2026-10-04,n.news.naver.com,Korean,South Korea,유가,D5_시장지표,2026-10-04,[],0,LOW,Domestic fuel price,
b10436143da71798edcf71ee387833a6,5개월째 내리는 기름값…휘발유 20주 연속 하락,https://n.news.naver.com/mnews/article/421/0009208750?sid=101,2026-10-04,n.news.naver.com,Korean,South Korea,유가,D5_시장지표,2026-10-04,[],0,LOW,Domestic fuel price,
c4823b26905597447ea498fcc5c60c84,주유소 기름값 5개월째 하락세,https://n.news.naver.com/mnews/article/421/0009208743?sid=101,2026-10-04,n.news.naver.com,Korean,South Korea,유가,D5_시장지표,2026-10-04,[],0,LOW,Domestic fuel price,
77301ea225e6b9e5a02713bc71e1440a,전국 휘발유 가격 20주째 하락…평균 1857.6원,https://n.news.naver.com/mnews/article/421/0009208740?sid=101,2026-10-04,n.news.naver.com,Korean,South Korea,유가,D5_시장지표,2026-10-04,[],0,LOW,Domestic fuel price,
e8072bc2ede5b5917f48bc5e99e2a46c,전국 휘발유 가격 20주째 하락,https://n.news.naver.com/mnews/article/421/0009208744?sid=101,2026-10-04,n.news.naver.com,Korean,South Korea,유가,D5_시장지표,2026-10-04,[],0,LOW,Domestic fuel price,
3ab437bcf00310498273ea162f1b56a4,하락하는 휘발유값,https://n.news.naver.com/mnews/article/421/0009208741?sid=101,2026-10-04,n.news.naver.com,Korean,South Korea,유가,D5_시장지표,2026-10-04,[],0,LOW,Domestic fuel price,
91a144a43efecf3d860adf678ff301f0,고물가에 허덕이며 매출 '곤두박질'...1위 나이키마저 눈물 [자막뉴스],https://n.news.naver.com/mnews/article/052/0002414623?sid=104,2026-10-04,n.news.naver.com,Korean,South Korea,유가,D5_시장지표,2026-10-04,[],0,LOW,Retail sales decline,
54206be1ddff5a3d337d6d40492112b9,"달러선물인버스ETF 상품들, 수익률 상위권",https://www.straightnews.co.kr/news/articleView.html?idxno=312499,2026-10-04,www.straightnews.co.kr,Korean,South Korea,유가,D5_시장지표,2026-10-04,[],0,LOW,ETF investment returns,
b464a87f5c64db14f85b229131522d47,달러 떨어지니 2배로 웃었다…3분기 수익률 휩쓴 ETF 정체,https://n.news.naver.com/mnews/article/055/0001393005?sid=101,2026-10-04,n.news.naver.com,Korean,South Korea,유가,D5_시장지표,2026-10-04,[],0,LOW,ETF investment returns,
0b73ea8c554a608841b2d2dc4090f352,주간 금시세(금값) 전망... 월가 분석가들이 진단한 이번 주 금가격 전망...,https://www.wikitree.co.kr/articles/1163829,2026-10-04,www.wikitree.co.kr,Korean,South Korea,유가,D5_시장지표,2026-10-04,[],0,LOW,Gold price forecast,
8c642d4c48a01e14023bcb2c22aed858,"3분기 ETF 상승률 1∼3위, 달러화 하락 2배 배팅 '달러 곱버스'",https://n.news.naver.com/mnews/article/374/0000536216?sid=101,2026-10-04,n.news.naver.com,Korean,South Korea,유가,D5_시장지표,2026-10-04,[],0,LOW,ETF investment returns,
86bc47d54a635f0d90b3efbde0eb73a0,정부의 농축산물 할인 지원 예산 급증… 재정 부담 가중될 듯,https://n.news.naver.com/mnews/article/658/0000157383?sid=101,2026-10-04,n.news.naver.com,Korean,South Korea,유가,D5_시장지표,2026-10-04,[],0,LOW,Agricultural subsidy,
83767199d72dedacc7a0804ac90a0778,국채 공급 줄이고 시장 안정 나선다…채권시장 금리 방향 바뀌나,https://www.pinpointnews.co.kr/news/articleView.html?idxno=492536,2026-10-04,www.pinpointnews.co.kr,Korean,South Korea,유가,D5_시장지표,2026-10-04,[],0,LOW,Bond market policy,
b3e6e83276b2dcc519faece5b30fc3da,"서비스 물가 높은데 속내는 달랐다…iM증권 ""물가 추가 둔화 가능""",https://www.pinpointnews.co.kr/news/articleView.html?idxno=492535,2026-10-04,www.pinpointnews.co.kr,Korean,South Korea,유가,D5_시장지표,2026-10-04,[],0,LOW,Service price inflation,
c77c48c8180b153b42387b5968af3b64,세금 더 걷혔는데 국채는 덜 찍는다…금리 하락 신호일까,https://www.pinpointnews.co.kr/news/articleView.html?idxno=492534,2026-10-04,www.pinpointnews.co.kr,Korean,South Korea,유가,D5_시장지표,2026-10-04,[],0,LOW,Government bond policy,
95e094d1f4376a9d882b38b58e81b2af,'정품·정량' 약속한 SK주유소 … 가짜석유 93곳 적발,https://www.safetimes.co.kr/news/articleView.html?idxno=246227,2026-10-04,www.safetimes.co.kr,Korean,South Korea,제재,D6_교란행위,2026-10-04,[],0,LOW,Fuel quality,
6687e62d3e1a8e02a24e028ff9fda031,[해양수산칼럼] ‘해양수도 부산’ 앞당길 선박 조각투자,https://n.news.naver.com/mnews/article/658/0000157433?sid=110,2026-10-04,n.news.naver.com,Korean,South Korea,컨테이너,D2_품목,2026-10-04,[],0,LOW,,
891800846ffd6a036e8d882c776d76a2,광양항 세척장 추가 설치 움직임에 주민 반발,https://ysmbc.co.kr/NewsArticle/1539516,2026-10-04,ysmbc.co.kr,Korean,South Korea,컨테이너,D2_품목,2026-10-04,"[""KP_Gwangyang""]",1,LOW,Port facility,
0a480aa3f51500f6b877986ea4c9af83,항만공사 통합은 미래위협 요인이다,http://www.ifs.or.kr/bbs/board.php?bo_table=News&wr_id=56028,2026-10-04,www.ifs.or.kr,Korean,South Korea,컨테이너,D2_품목,2026-10-04,[],0,LOW,Port governance,
7f78ad62e4df5d886cf5a240790be0cd,"선거 열세로 다급한 트럼프, 투자 조건 ‘관세 15%’ 나몰라라",https://n.news.naver.com/mnews/article/032/0003474211?sid=101,2026-10-04,n.news.naver.com,Korean,South Korea,원유,D2_품목,2026-10-04,[],0,LOW,Trump tariff policy,
1ebc9051c19add149e82b5acc954415b,[포럼] SMR로 석화·철강산업 살리자,https://n.news.naver.com/mnews/article/014/0005584831?sid=110,2026-10-04,n.news.naver.com,Korean,South Korea,원유,D2_품목,2026-10-04,[],0,LOW,SMR technology,
5ece8b55c7290a4e79698cf06a5e4cf7,"투자 못 박는 트럼프, 선 긋는 韓… 안보 후속 협의 불똥 우려 [트럼프 ...",https://n.news.naver.com/mnews/article/022/0004163977?sid=101,2026-10-04,n.news.naver.com,Korean,South Korea,원유,D2_품목,2026-10-04,[],0,LOW,Trump Korea negotiations,
7f9294b9099df9fca13be64a3886f242,“합의 더 좋아져” 압박… 韓 거부 땐 ‘관세카드’ 꺼낼 수도 [트럼프...,https://n.news.naver.com/mnews/article/022/0004163978?sid=104,2026-10-04,n.news.naver.com,Korean,South Korea,원유,D2_품목,2026-10-04,[],0,LOW,Trump tariff threats,
ed98a153b3264761acd028b90612d94f,[이번주 증시] 삼성전자 실적·美 국채금리 주목,http://www.kjdaily.com/article.php?aid=1791105269688212276,2026-10-04,www.kjdaily.com,Korean,South Korea,원유,D2_품목,2026-10-04,"[""KC_Samsung""]",1,LOW,Samsung earnings,
325efd4954ab9b8910db27bceae317ef,금리 부담에도 증시는 버텼다…신한투자증권이 주목한 반도체 왜?,https://www.pinpointnews.co.kr/news/articleView.html?idxno=492609,2026-10-04,www.pinpointnews.co.kr,Korean,South Korea,원유,D2_품목,2026-10-04,[],0,LOW,Stock market semiconductor,
0e67166d0c499bd0df69c522c17bb906,"한국에 “더 청구”한다더니…트럼프, 이번엔 “공장 안 지으면 관세 3...",https://n.news.naver.com/mnews/article/081/0003685879?sid=104,2026-10-04,n.news.naver.com,Korean,South Korea,원유,D2_품목,2026-10-04,[],0,LOW,Trump tariff threat,
06426b1e13249889998e8f83d6938c3e,"산업부, 석유 최고가격제 격차 100원당 예산 1.5조 산정",https://www.getnews.co.kr/news/articleView.html?idxno=882584,2026-10-04,www.getnews.co.kr,Korean,South Korea,원유,D2_품목,2026-10-04,[],0,LOW,,
11eae1c7cd4684d272ad47ec7a901409,원유 ETF 35%·달러 인버스 31%…3분기 수익률 상위권 싹쓸이,https://n.news.naver.com/mnews/article/082/0001401043?sid=101,2026-10-04,n.news.naver.com,Korean,South Korea,원유,D2_품목,2026-10-04,"[""CF_CrudeOil""]",1,LOW,,
94422fd5cdaa4721998d411e77321457,"美 트럼프, 韓 84억달러 추가 투자 일방 주장...유세 중 치적 자랑",https://n.news.naver.com/mnews/article/014/0005584713?sid=104,2026-10-04,n.news.naver.com,Korean,South Korea,원유,D2_품목,2026-10-04,[],0,LOW,,
d100679417a1ee642f15c6963ea176a0,금리·성장·물가 치열하게 싸우는데…승패 가를 핵심은 '이것'[주末머니...,https://n.news.naver.com/mnews/article/277/0005824489?sid=101,2026-10-04,n.news.naver.com,Korean,South Korea,원유,D2_품목,2026-10-04,[],0,LOW,,
aa12186ad0eacacf20e6be19b2551ddc,“청구금 두 배 올릴 것” 트럼프의 돌출 발언···대미투자 협상 본질...,https://n.news.naver.com/mnews/article/032/0003474107?sid=101,2026-10-04,n.news.naver.com,Korean,South Korea,원유,D2_품목,2026-10-04,[],0,LOW,,
c7ea0d2690c3786fc703fcba23b39288,수출 1조달러 시대의 남은 과제는? 정체된 ‘글로벌사우스’ 교역 활로...,https://n.news.naver.com/mnews/article/032/0003474093?sid=100,2026-10-04,n.news.naver.com,Korean,South Korea,원유,D2_품목,2026-10-04,[],0,LOW,,
7217d733e951038c36f2562fb41ff239,"산업부, 석유 최고가격제 손실보전 예산 '유가 100원당 1.5조원' 산정",https://www.newscj.com/news/articleView.html?idxno=3437748,2026-10-04,www.newscj.com,Korean,South Korea,원유,D2_품목,2026-10-04,[],0,LOW,,
503f4517bd7555cc527734db5e55bf53,KODEX 200·TIGER 200 거래 늘고 인버스 줄었다…9월 ETF 292조,http://www.kjdaily.com/article.php?aid=1791084209688207276,2026-10-04,www.kjdaily.com,Korean,South Korea,원유,D2_품목,2026-10-04,[],0,LOW,,
4f0d6aea8b187dc31389b7898a7e39bc,고금리·고유가에도 나스닥100 굳건한 이유,https://n.news.naver.com/mnews/article/024/0000108688?sid=101,2026-10-04,n.news.naver.com,Korean,South Korea,원유,D2_품목,2026-10-04,[],0,LOW,,
5e6739d9b0e164533471cac49bc6465c,"산업부, 석유 최고가격제 가격 차이 100원당 보전금 1.5조 산정",https://www.ziksir.com/news/articleView.html?idxno=148282,2026-10-04,www.ziksir.com,Korean,South Korea,원유,D2_품목,2026-10-04,[],0,LOW,,
c92b5fd7af3f637ea0d57b93a2ae052e,"트럼프 이번엔 ""한국 석유투자 84억달러""…정부 ""합의에 없다""",http://www.smedaily.co.kr/news/articleView.html?idxno=364149,2026-10-04,www.smedaily.co.kr,Korean,South Korea,원유,D2_품목,2026-10-04,[],0,LOW,US investment,
555cb03ac33c79cf5e815c96809771da,3분기 달러 곱버스 일단은 '방긋'…4분기는?,https://www.econovill.com/news/articleView.html?idxno=752691,2026-10-04,www.econovill.com,Korean,South Korea,원유,D2_품목,2026-10-04,[],0,LOW,Currency forecast,
31a1162e7b07d05a8a8ab1143f7f6005,연준 10월 금리 인상 기대 후퇴…달러-원 1345~1370원 전망,https://www.econovill.com/news/articleView.html?idxno=752690,2026-10-04,www.econovill.com,Korean,South Korea,원유,D2_품목,2026-10-04,[],0,LOW,Interest rate forecast,
5588b6c306cda1d3f14860333e523090,"27호 태풍 초이완 경로, 괌→일본 도쿄 간다…강도 4 유지",https://www.topstarnews.net/news/articleView.html?idxno=16238131,2026-10-04,www.topstarnews.net,Korean,South Korea,선박,D4_운송,2026-10-04,[],0,LOW,Typhoon forecast,
267a31c81f7023c00618363d529a3a0c,중국이 조선 수주 63% 가져가는데…한국·일본 살길은 '스마트로봇',https://n.news.naver.com/mnews/article/421/0009209352?sid=104,2026-10-04,n.news.naver.com,Korean,South Korea,선박,D4_운송,2026-10-04,[],0,LOW,Shipbuilding competition,
39cf864b660ea680f99d85d0e1db6f37,저속 운항에 고출력 엔진…설계부터 잘못된 거북선호,https://n.news.naver.com/mnews/article/660/0000118417?sid=102,2026-10-04,n.news.naver.com,Korean,South Korea,선박,D4_운송,2026-10-04,[],0,LOW,Ship design issue,
1f1fe0d912d25ccdb04debb9fc703949,인천 백령·대청도 강풍주의보…서해 먼바다 풍랑주의보,https://www.kihoilbo.co.kr/news/articleView.html?idxno=3036571,2026-10-04,www.kihoilbo.co.kr,Korean,South Korea,선박,D4_운송,2026-10-04,[],0,LOW,Marine weather warning,
42538da0ba4a9c78985258dcf9646ac0,제주 차귀도 인근 어선 좌초…승선원 11명 모두 무사,https://idsn.co.kr/news/view/1065610350556809,2026-10-04,idsn.co.kr,Korean,South Korea,선박,D4_운송,2026-10-04,[],0,LOW,Fishing vessel accident,
d9eb93dbaf5e800c2b5b1a66eb9f2611,"美국방 “유럽, 안보 더 부담해라…미군 중남미로 옮길수도”",https://n.news.naver.com/mnews/article/020/0003752629?sid=104,2026-10-04,n.news.naver.com,Korean,South Korea,선박,D4_운송,2026-10-04,[],0,LOW,US military deployment,
c474da06fa744083c9fc2b97aac0fbad,"27호 태풍 초이완 경로, 5일 일본 도쿄 간다…현재 강도 4",https://www.topstarnews.net/news/articleView.html?idxno=16238024,2026-10-04,www.topstarnews.net,Korean,South Korea,선박,D4_운송,2026-10-04,[],0,LOW,Typhoon forecast,
ea3ed506c551109161c336084fa0ca87,"제주 차귀도 인근 24t 어선 좌초 ""선장 졸음 운항 추정""",https://n.news.naver.com/mnews/article/055/0001393074?sid=102,2026-10-04,n.news.naver.com,Korean,South Korea,선박,D4_운송,2026-10-04,[],0,LOW,Fishing vessel accident,
44a601d29d81970bb50f32425777582b,제주 차귀도 해상서 24톤 어선 좌초…졸음 운항 추정,https://n.news.naver.com/mnews/article/057/0001971970?sid=102,2026-10-04,n.news.naver.com,Korean,South Korea,선박,D4_운송,2026-10-04,[],0,LOW,Fishing vessel accident,
b60859b3ca34dd8ac79626bdd16644b3,제주 차귀도 해상서 어선 좌초…5시간 만에 구조,https://www.jnilbo.com/news/articleView.html?idxno=90000070833,2026-10-04,www.jnilbo.com,Korean,South Korea,선박,D4_운송,2026-10-04,[],0,LOW,Fishing vessel rescue,
9a4b5ccea851cfa2fa8d6bedc0d5da2a,"제주 차귀도 인근 24t 어선 좌초 ""선장 졸음운항 추정""",https://n.news.naver.com/mnews/article/001/0016356852?sid=102,2026-10-04,n.news.naver.com,Korean,South Korea,선박,D4_운송,2026-10-04,[],0,LOW,Fishing vessel accident,
fdbe64f7fce999cd99b7606709194bba,"""안전 검사 받지 않은 선박 크게 늘어"".. 작년 군산 '164척'",https://n.news.naver.com/mnews/article/659/0000047449?sid=102,2026-10-04,n.news.naver.com,Korean,South Korea,선박,D4_운송,2026-10-04,[],0,LOW,vessel safety,
eb4558c7a8aa7fffcef32ab8936f9426,"대만 해경, 둥사군도 인근 中 어선에 물대포…퇴거 조치",https://n.news.naver.com/mnews/article/422/0000912429?sid=104,2026-10-04,n.news.naver.com,Korean,South Korea,선박,D4_운송,2026-10-04,[],0,LOW,Taiwan strait,
3a64238849c990792f02ca99a45126f6,기름값 오르고 신선식품 내렸다…부울경 물가 2%대 상승,https://www.viva100.com/article/20261004500258,2026-10-04,www.viva100.com,Korean,South Korea,수산물,D8_수산물,2026-10-04,[],0,LOW,Oil price inflation,
fbf936fee411b5826f7c28128e9d5189,경남 9월 소비자물가 상승폭 둔화…농산물 가격 하락세,https://www.viva100.com/article/20261004500173,2026-10-04,www.viva100.com,Korean,South Korea,수산물,D8_수산물,2026-10-04,[],0,LOW,Consumer price trends,
40aec6729b4b2aad742363ff399ab66e,[에너지 인사이트] 한미 원전 8기 건설의 빛과 그림자,https://www.todayenergy.kr/news/articleView.html?idxno=303829,2026-10-04,www.todayenergy.kr,Korean,South Korea,봉쇄,D6_교란행위,2026-10-04,"[""KS_Energy""]",1,LOW,Nuclear energy policy,
8f1c0cfdfe0cec3082c087fc81058ef4,"동원그룹, 미국서 한국전 참전용사 초청 행사",https://n.news.naver.com/mnews/article/023/0004002042?sid=101,2026-10-04,n.news.naver.com,Korean,South Korea,참치,D8_수산물,2026-10-04,"[""KC_Dongwon""]",1,LOW,Corporate event,
3e1a79d840472051279e4851c7c1edcc,콜라·햇반 등 가격 '껑충',https://n.news.naver.com/mnews/article/015/0005339007?sid=101,2026-10-04,n.news.naver.com,Korean,South Korea,참치,D8_수산물,2026-10-04,[],0,LOW,Processed food prices,
d3908d4402e108ab9d91d9939927ab48,가공식품 26개 중 24개 1년 새 가격 '껑충',https://www.newscj.com/news/articleView.html?idxno=3437774,2026-10-04,www.newscj.com,Korean,South Korea,참치,D8_수산물,2026-10-04,[],0,LOW,Processed food prices,
fb2fbe6eacc159a362b5bc083f047e82,국·탕·컵밥 등 가공식품 26개 중 24개 1년 새 가격 '급등',https://www.getnews.co.kr/news/articleView.html?idxno=882582,2026-10-04,www.getnews.co.kr,Korean,South Korea,참치,D8_수산물,2026-10-04,[],0,LOW,Processed food prices,
3ff1a05402dfb6e1439a05e464e46cab,인스턴트 국-탕 1년새 39% 인상…밀가루값은 13% 떨어져,https://n.news.naver.com/mnews/article/020/0003752590?sid=101,2026-10-04,n.news.naver.com,Korean,South Korea,참치,D8_수산물,2026-10-04,[],0,LOW,Food price inflation,
8917ab4365c2d0a9504bec30df907b98,1년 사이 다소비 가공식품 26개 중 24개 가격 올랐다,https://n.news.naver.com/mnews/article/014/0005584701?sid=101,2026-10-04,n.news.naver.com,Korean,South Korea,참치,D8_수산물,2026-10-04,[],0,LOW,Processed food prices,
78dc1678e6990001a8e681866f66b0c0,가공식품 26개 중 24개 가격 상승…장바구니 부담 커져,https://www.ebn.co.kr/news/articleView.html?idxno=1726685,2026-10-04,www.ebn.co.kr,Korean,South Korea,참치,D8_수산물,2026-10-04,[],0,LOW,Processed food prices,
9b0dd1e448401c1c86c3af7d2e4816cd,“컵밥 사먹기도 무섭네”…가공식품 26개 중 24개 가격 올랐다,https://n.news.naver.com/mnews/article/021/0002822981?sid=101,2026-10-04,n.news.naver.com,Korean,South Korea,참치,D8_수산물,2026-10-04,[],0,LOW,Processed food prices,
f5ae3aa94a5d4d538215906a7c7aedd3,"햇반·콜라 줄인상에 밥상물가 부담..가공식품, 26개 중 24개 가격 상승",https://kpenews.com/View.aspx?No=4251652,2026-10-04,kpenews.com,Korean,South Korea,참치,D8_수산물,2026-10-04,[],0,LOW,Processed food prices,
c15b837779411c3ffd122b8b7ff3857b,된장 19%↑ 컵밥 25%↑ 가공식품 가격 무서운 오름세,https://n.news.naver.com/mnews/article/023/0004002004?sid=101,2026-10-04,n.news.naver.com,Korean,South Korea,참치,D8_수산물,2026-10-04,[],0,LOW,Processed food prices,
54204def0687e23808cf33b923797fb6,"“자취생 딸, 씀씀이 헤퍼졌다했더니”…된장국에 밥만 먹었다는데 왜",https://n.news.naver.com/mnews/article/009/0005743700?sid=103,2026-10-04,n.news.naver.com,Korean,South Korea,참치,D8_수산물,2026-10-04,[],0,LOW,Food price impact,
3672aba3967c2b3bfed77c6bf75c5c11,장바구니 물가 ‘들썩’...국·탕·컵밥 등 가공식품 줄줄이 인상,https://www.m-economynews.com/news/article.html?no=71321,2026-10-04,www.m-economynews.com,Korean,South Korea,참치,D8_수산물,2026-10-04,[],0,LOW,Processed food prices,
540596f46add32143956a7a14ff4774f,8월 가공식품 24개 품목 일제히 상승... 컵밥·고추장 등 장바구니 부담...,https://www.insight.co.kr/news/576466,2026-10-04,www.insight.co.kr,Korean,South Korea,참치,D8_수산물,2026-10-04,[],0,LOW,Processed food prices,
28c391fb4f76703bf49b8001f7ff724d,즉석밥·콜라 또 올랐다…가공식품 26개 중 24개 가격 상승,https://n.news.naver.com/mnews/article/119/0003139346?sid=101,2026-10-04,n.news.naver.com,Korean,South Korea,참치,D8_수산물,2026-10-04,[],0,LOW,Processed food prices,
0bebc975d3e9603a11089f1ff77ebf1a,가공식품 물가 3개월째 상승폭 확대···26개 품목 중 24개 올라,https://www.todaykorea.co.kr/news/articleView.html?idxno=406784,2026-10-04,www.todaykorea.co.kr,Korean,South Korea,참치,D8_수산물,2026-10-04,[],0,LOW,Processed food prices,
033129f7691ef3cc0521822d164e29a6,가공식품 26개 중 24개 상승…국·탕은 표본 영향,https://www.vegannews.co.kr/news/article.html?no=391249,2026-10-04,www.vegannews.co.kr,Korean,South Korea,참치,D8_수산물,2026-10-04,[],0,LOW,Processed food prices,
eaaf8e183d245a361f01106744b221b1,가공식품 24개 가격 상승…장바구니 부담↑,http://www.newstomato.com/ReadNews.aspx?no=1315621&inflow=N,2026-10-04,www.newstomato.com,Korean,South Korea,참치,D8_수산물,2026-10-04,[],0,LOW,Processed food prices,
56e2dd36ea315e9fe243999dfd330523,"""안 오른 게 없네""…가공식품 26개 중 24개 가격 상승",https://n.news.naver.com/mnews/article/057/0001971918?sid=101,2026-10-04,n.news.naver.com,Korean,South Korea,참치,D8_수산물,2026-10-04,[],0,LOW,Processed food prices,
048780299ba3a37681cbba9bcb9c3e5c,"전남광주 소비자물가, '8월 2.7% 상승'…쇠고기·고등어 가격 오름세",https://www.ppss.kr/news/articleView.html?idxno=313700,2026-10-04,www.ppss.kr,Korean,South Korea,물가상승,D9_한국,2026-10-04,[],0,LOW,Food prices,
fa662cb2f4f432d764b99bec0c3ca882,미국 식료품값 6년 새 32% 상승…AI로 장보기 부담 줄인다,https://n.news.naver.com/mnews/article/092/0002439793?sid=103,2026-10-04,n.news.naver.com,Korean,South Korea,물가상승,D9_한국,2026-10-04,[],0,LOW,Food inflation,
aa5c480278b57aafd13f60438f10dd07,한화솔루션 직전장 '강세'…코스피 7000 탈환 속 다음장은,https://www.cbci.co.kr/news/articleView.html?idxno=612356,2026-10-04,www.cbci.co.kr,Korean,South Korea,코스피,D5_시장지표,2026-10-04,"[""KC_HanwhaSol""]",1,LOW,Hanwha Solutions stock,
77e4291574c5afc733268dd54bfd8b98,고수온에 전남 ‘김 양식’ 시작도 늦어져..최대 3주 지연 전망,https://mpmbc.co.kr/NewsArticle/1539530,2026-10-04,mpmbc.co.kr,Korean,South Korea,양식,D8_수산물,2026-10-04,[],0,LOW,Seaweed farming delay,
f69e34224766af79b920ee23354401fa,"부산진해경자청, 신항만 '탄소중립' 생태계 조성 나선다",https://n.news.naver.com/mnews/article/014/0005584838?sid=101,2026-10-04,n.news.naver.com,Korean,South Korea,항만,D3_인프라,2026-10-04,[],0,LOW,Port sustainability,
9e4ba19f6fdea20e22d81204ae6502d6,‘3.3m 단차 논란’ 북항 환승센터… 사업자 “설계변경 확약서 날인할...,https://n.news.naver.com/mnews/article/082/0001401090?sid=101,2026-10-04,n.news.naver.com,Korean,South Korea,항만,D3_인프라,2026-10-04,[],0,LOW,Port infrastructure,
27f676508b992551d86480ce214cd935,해양 불법투기 적발 건수 4년 연속 증가…지난해 300건 넘어,https://n.news.naver.com/mnews/article/028/0002825960?sid=102,2026-10-04,n.news.naver.com,Korean,South Korea,항만,D3_인프라,2026-10-04,[],0,LOW,Marine pollution,
0b45f21bf21b590cc02292178ad12082,"김선교 의원 ""해양오염은 어민 생계와 국민 안전 위협…촘촘한 감시체계...",https://www.tournews21.com/news/articleView.html?idxno=144936,2026-10-04,www.tournews21.com,Korean,South Korea,항만,D3_인프라,2026-10-04,[],0,LOW,Marine pollution,
a5b5ccfb4bdcfc542b059d5ad4f877fa,해양 불법투기 5년간 343건…여수·목포·완도서 적발,https://www.namdonews.com/news/articleView.html?idxno=925165,2026-10-04,www.namdonews.com,Korean,South Korea,항만,D3_인프라,2026-10-04,[],0,LOW,Marine pollution,
66fd87606497c7446f73cb97efa6b649,이주 '다대포항 정비공사' 등 조달청 입찰,https://www.shinailbo.co.kr/news/articleView.html?idxno=5068208,2026-10-04,www.shinailbo.co.kr,Korean,South Korea,항만,D3_인프라,2026-10-04,[],0,LOW,Port maintenance,
246a0b093b6f3ddef3ea701c8f1f7154,신재생에너지 발전소 자동관리 AI 개발완료...이르면 12월 상용화,https://n.news.naver.com/mnews/article/014/0005584678?sid=105,2026-10-04,n.news.naver.com,Korean,South Korea,공급부족,D6_교란행위,2026-10-04,"[""KS_Energy""]",1,LOW,Renewable energy AI,
c4efe2e843cfad45bd5c22b3940de45d,수산업 외국인 근로자 급증…“관리 체계 마련해야”,https://n.news.naver.com/mnews/article/056/0012267669?sid=101,2026-10-04,n.news.naver.com,Korean,South Korea,어선,D8_수산물,2026-10-04,[],0,LOW,Fishing labor,
02300750f6cb94b5ff59623deca4b125,졸음 운항 추정 24톤 어선 좌초…물류창고서 불,https://n.news.naver.com/mnews/article/056/0012267668?sid=102,2026-10-04,n.news.naver.com,Korean,South Korea,어선,D8_수산물,2026-10-04,[],0,LOW,Vessel accident,
42b62baf4203abf824bc36a2e80536e1,24톤 어선 차귀도 인근 좌초...졸음 운항 추정,https://n.news.naver.com/mnews/article/661/0000084333?sid=102,2026-10-04,n.news.naver.com,Korean,South Korea,어선,D8_수산물,2026-10-04,[],0,LOW,Fishing vessel grounding,
63251ea360c85a335a1bd78483cdc8a8,"완도 일부 김 양식 면허지 ‘불법 임대’ 의혹…완도군·관계기관, 관리...",https://www.ekn.kr/web/view.php?key=20261004023492162,2026-10-04,www.ekn.kr,Korean,South Korea,어선,D8_수산물,2026-10-04,[],0,LOW,Seaweed farming,
d262976c5d3000e5b7c0db69ab42ffdb,선장이 졸다가 암초에 '쿵'…11명 탄 어선 제주서 좌초,https://n.news.naver.com/mnews/article/008/0005421981?sid=102,2026-10-04,n.news.naver.com,Korean,South Korea,어선,D8_수산물,2026-10-04,[],0,LOW,Fishing vessel accident,
83d5bf76fbf256597f5b14cca7ec5112,[카드뉴스] 세계 식량가격 4년 만에 최고 수준,https://www.shinailbo.co.kr/news/articleView.html?idxno=5068409,2026-10-04,www.shinailbo.co.kr,Korean,South Korea,곡물,D2_품목,2026-10-04,[],0,LOW,Food prices,
9b88a7f27a3a21301ba68355d6e275ff,합병 조건 어긴 대한항공·아시아나…이행강제금 186억,https://www.newsway.co.kr/news/view?ud=2026100418290394338,2026-10-04,www.newsway.co.kr,Korean,South Korea,운임,D4_운송,2026-10-04,"[""KC_KoreanAir""]",1,LOW,Airline merger penalties,
93a907ae411c41a73994e26f9c3424db,대한항공·아시아나 과태료 합병 승인조건 위반 185억,https://n.news.naver.com/mnews/article/009/0005743836?sid=101,2026-10-04,n.news.naver.com,Korean,South Korea,운임,D4_운송,2026-10-04,"[""KC_KoreanAir""]",1,LOW,Airline merger penalties,
8e422ac919243ff3711475e9a3e910c3,"대한항공·아시아나, 합병 승인조건 위반…이행강제금 185억원",https://www.mdtoday.co.kr/news/articleView.html?idxno=617332,2026-10-04,www.mdtoday.co.kr,Korean,South Korea,운임,D4_운송,2026-10-04,"[""KC_KoreanAir""]",1,LOW,Airline merger penalties,
74d97818eed875778c49575948cfd286,"대한항공·아시아나, 최근 4년간 공정위 과태료 1~3위 싹쓸이",https://n.news.naver.com/mnews/article/014/0005584687?sid=101,2026-10-04,n.news.naver.com,Korean,South Korea,운임,D4_운송,2026-10-04,"[""KC_KoreanAir""]",1,LOW,Airline regulatory fines,
286c3146b6ab4f84c278825e6b40dad0,합병조건 어긴 아시아나·대한항공…4년간 과태료 186억원,https://n.news.naver.com/mnews/article/138/0002243622?sid=101,2026-10-04,n.news.naver.com,Korean,South Korea,운임,D4_운송,2026-10-04,"[""KC_KoreanAir""]",1,LOW,Airline merger penalties,
e74d72b0402f4272ba527791081f060b,"[국감] 대한항공·아시아나, 합병조건 위반에 186억 제재…또 공정위 심...",http://www.4th.kr/news/articleView.html?idxno=2119188,2026-10-04,www.4th.kr,Korean,South Korea,운임,D4_운송,2026-10-04,"[""KC_KoreanAir""]",1,LOW,Airline merger penalties,
44b608ca7c18667090cf4ff5ca5166a0,"대한항공·아시아나, 합병 승인조건 위반…공정위 과태료 상위 1~3위 차...",https://www.delighti.co.kr/news/articleView.html?idxno=122821,2026-10-04,www.delighti.co.kr,Korean,South Korea,운임,D4_운송,2026-10-04,"[""KC_KoreanAir""]",1,LOW,Airline merger penalties,
09d0c2ca539a005a719f52c226e7acd9,"LG화학, 글로벌 엘라스토머 핵심 기업 10위…2034년 203조 시장 정조준",https://n.news.naver.com/mnews/article/117/0004111970?sid=103,2026-10-04,n.news.naver.com,Korean,South Korea,석유화학,D2_품목,2026-10-04,"[""KC_LGChem""]",1,LOW,LG Chemical elastomer,
f312ba9021f21d533d54e2e21953e927,휘발유·경유 수출 제한속…정유업계 '효자'된 항공유,https://n.news.naver.com/mnews/article/015/0005339072?sid=101,2026-10-04,n.news.naver.com,Korean,South Korea,수출 제한,D6_교란행위,2026-10-04,[],0,LOW,Fuel export trends,
22a70a2bbceba657545c25c9855fcfec,펫푸드 시장 2조5000억원 성장했지만…수출 경쟁력은 제자리,https://www.ebn.co.kr/news/articleView.html?idxno=1726693,2026-10-04,www.ebn.co.kr,Korean,South Korea,수출 제한,D6_교란행위,2026-10-04,[],0,LOW,Pet food market,
5a39aa8963db9129d2508c416fda1942,펫푸드 시장 2.5조원 규모인데…정부 ‘기초 통계 부실’ 수입산 점유율...,https://www.ekn.kr/web/view.php?key=20261004026212113,2026-10-04,www.ekn.kr,Korean,South Korea,수출 제한,D6_교란행위,2026-10-04,[],0,LOW,Pet food imports,
af296bb39fd6e148d9c15d6b68d5fd42,마트 냉동 코너에서 '이것' 보이면 집어 오세요… 한 봉지 사 와야 하는...,https://www.wikitree.co.kr/articles/1163904,2026-10-04,www.wikitree.co.kr,Korean,South Korea,새우,D8_수산물,2026-10-04,[],0,LOW,Frozen food retail,
b72d454175a5082737ee35f5c9d1fd62,[中원료 식품 톺아보기] ① 만두…다수 제품서 중국산 부추·고춧가루 ...,http://www.newswatch.kr/news/articleView.html?idxno=81410,2026-10-04,www.newswatch.kr,Korean,South Korea,새우,D8_수산물,2026-10-04,[],0,LOW,Chinese food ingredients,
a4ab0ce692c9a2924f421111b0fca19c,"""40년간 120억장 팔렸다""…국민 반찬 양반김, 이제 'K-김'으로 30개국 공...",https://n.news.naver.com/mnews/article/008/0005421900?sid=101,2026-10-04,n.news.naver.com,Korean,South Korea,새우,D8_수산물,2026-10-04,[],0,LOW,Seaweed export,
62ed9ea9a230f6c1d47e3692264ed558,"샤인머스캣, 5년 새 가격 70% 하락",https://www.newscj.com/news/articleView.html?idxno=3437769,2026-10-04,www.newscj.com,Korean,South Korea,한국 경제 영향,D9_한국,2026-10-04,[],0,LOW,Grape price decline,
e9236ba0bb2bdfa95fc0f51ea1b04b63,샤인머스캣 가격 5년 새 71% 하락,https://n.news.naver.com/mnews/article/448/0000642992?sid=101,2026-10-04,n.news.naver.com,Korean,South Korea,한국 경제 영향,D9_한국,2026-10-04,[],0,LOW,Grape price decline,
f2ec637f354b2f98f361473be89cb106,"北, 중거리전략미사일 시험 발사…김정은, 딸 주애와 참관 [데일리 북한...",https://n.news.naver.com/mnews/article/421/0009209059?sid=100,2026-10-04,n.news.naver.com,Korean,South Korea,석탄,D2_품목,2026-10-04,[],0,LOW,North Korea missile,
7ecf7c65328021592f81be8712faad95,[10년 전 한진의 경고②] 고유가·고환율에 60조 투자 맞물리면···대한...,https://www.seoulfn.com/news/articleView.html?idxno=639195,2026-10-04,www.seoulfn.com,Korean,South Korea,해운,D4_운송,2026-10-04,[],0,LOW,Historical shipping analysis,
e5f52a12294f609bab8ec08deb90e775,"LS전선 ‘희토류 동맹’, 브라질 광산까지 품는다…원료 공급망 확장",https://n.news.naver.com/mnews/article/011/0004668095?sid=101,2026-10-04,n.news.naver.com,Korean,South Korea,희토류,D2_품목,2026-10-04,"[""CF_RareEarth""]",1,LOW,Rare earth supply,
19d4cc08b59fe780034dbdc294636e14,EU 첫 희토류 광산 가시화…스페인서 중국 독점 깬다,https://www.g-enews.com/view.php?ud=2026100403415434720990b2dc5_1,2026-10-04,www.g-enews.com,Korean,South Korea,희토류,D2_품목,2026-10-04,"[""CF_RareEarth""]",1,LOW,Rare earth mining,
ab77dffb9daa4cd9677e7d11f1cf6079,마지막 난관 ‘축치해’ 뚫었다… 아크로호 12일 부산항 귀항,https://n.news.naver.com/mnews/article/082/0001401088?sid=101,2026-10-04,n.news.naver.com,Korean,South Korea,수에즈 운하,D1_초크포인트,2026-10-04,"[""KP_Busan""]",1,LOW,Port operations,
22ff34abf04a498719fbe87452b6e8f8,"북극항로 이용 사상 최대…""지구 온난화 가속화시킬 수도""",https://n.news.naver.com/mnews/article/014/0005584603?sid=101,2026-10-04,n.news.naver.com,Korean,South Korea,수에즈 운하,D1_초크포인트,2026-10-04,[],0,LOW,Arctic route usage,
a88965f78a9b6dd010a35739c788ffad,"제주 바다, 물고기가 달라졌다…신흥 아열대 어종 최대 81.8%",https://www.gukjenews.com/news/articleView.html?idxno=3713027,2026-10-04,www.gukjenews.com,Korean,South Korea,어업,D8_수산물,2026-10-04,[],0,LOW,Subtropical fish species,
56287d10fd9a191135bd2c1d1ca62724,"(이슈인울산)울산의 에너지 전환, 과제는?",https://www.ubc.co.kr/news/28233/,2026-10-04,www.ubc.co.kr,Korean,South Korea,어업,D8_수산물,2026-10-04,"[""KS_Energy""]",1,LOW,Ulsan energy transition,
210ff599748499fcb5c0c73c03104e84,"사내서, 새마을금고서 '8억 실탄' 챙긴 삼성맨…'반도체 벨트' 주택시장...",https://n.news.naver.com/mnews/article/030/0003472203?sid=101,2026-10-04,n.news.naver.com,Korean,South Korea,반도체,D2_품목,2026-10-04,[],0,NONE,,
46d123c3d9bb32a882b26b48b6771363,"민형배 전남광주특별시장 ""반도체·양자·2차전지 연계…‘산업 대전환...",http://www.breaknews.com/1240945,2026-10-04,www.breaknews.com,Korean,South Korea,반도체,D2_품목,2026-10-04,[],0,NONE,,
d3b05bc85863a7904f7ef1551ae84f04,[AI시승기] 콘크리트 유토피아 이병헌을 AI로 대체한다면?,https://www.womaneconomy.co.kr/news/articleView.html?idxno=259320,2026-10-04,www.womaneconomy.co.kr,Korean,South Korea,반도체,D2_품목,2026-10-04,[],0,NONE,,
6c2f7785ab983d72ccf7ce7466d2a75f,삼성 HBM4 수율 80% 반전···내년 상반기 SK하이닉스 잡나,https://www.womaneconomy.co.kr/news/articleView.html?idxno=259312,2026-10-04,www.womaneconomy.co.kr,Korean,South Korea,반도체,D2_품목,2026-10-04,"[""KC_SKHynix""]",1,NONE,,
dae10fdf42edced3e4f57e0a04959655,"4스타 출신 김병주 ""체육인 병역 면제? BTS도 군대 갔다""",https://www.wikitree.co.kr/articles/1163915,2026-10-04,www.wikitree.co.kr,Korean,South Korea,반도체,D2_품목,2026-10-04,[],0,NONE,,
e44b0a47b71d3ed0466ca7f7c7319ea7,"""교육부터 취업까지"" 기업 참여 잇따라…인력 확보 '기대감'",https://n.news.naver.com/mnews/article/660/0000118415?sid=102,2026-10-04,n.news.naver.com,Korean,South Korea,반도체,D2_품목,2026-10-04,[],0,NONE,,
ee5b6fb19efbaa71ba90b8c9c52be90c,"용인특례시, 제26회 사이버과학축제 성황리 마무리…AI·로봇·XR 등 첨단...",https://www.tournews21.com/news/articleView.html?idxno=144940,2026-10-04,www.tournews21.com,Korean,South Korea,반도체,D2_품목,2026-10-04,[],0,NONE,,
daa82f74418e1946ab77e5f540b18eca,용인 조아용 페스티벌에 6만여 명…시 승격 30주년 함께 축하,http://www.newstown.co.kr/news/articleView.html?idxno=717628,2026-10-04,www.newstown.co.kr,Korean,South Korea,반도체,D2_품목,2026-10-04,[],0,NONE,,
063450916886963aa6e08f42c62bb81f,산업기술 해외유출 5년간 120건…절반 가까이 '집행유예·재산형',https://www.energy-news.co.kr/news/articleView.html?idxno=228767,2026-10-04,www.energy-news.co.kr,Korean,South Korea,반도체,D2_품목,2026-10-04,[],0,NONE,,
87435c68fb17c8f081db3398bfa6ea9d,"국힘 경북도당, ""광주 공군기 예천 임시 배치 반대""",https://www.tbc.co.kr/news/view?pno=20261004142635AE06375&id=211721,2026-10-04,www.tbc.co.kr,Korean,South Korea,반도체,D2_품목,2026-10-04,[],0,NONE,,
de2d8f44b1a07a2502b2d388f43c0e0a,이상일 “용인 더 큰 도약 이끌겠다”…조아용 페스티벌에 6만명 몰렸다,https://n.news.naver.com/mnews/article/277/0005824535?sid=102,2026-10-04,n.news.naver.com,Korean,South Korea,반도체,D2_품목,2026-10-04,[],0,NONE,,
3a39fb7128e9958ff174a68fe86f7bce,투자할 곳 많은 SK하이닉스…솔리다임 자금조달 '고심',https://n.news.naver.com/mnews/article/031/0001063416?sid=105,2026-10-04,n.news.naver.com,Korean,South Korea,반도체,D2_품목,2026-10-04,"[""KC_SKHynix""]",1,NONE,,
26617e08ccee0539f22e1afbbde7efcf,덜 소유하고 AI와 산다…2027년 新트렌드 보니,https://n.news.naver.com/mnews/article/024/0000108697?sid=101,2026-10-04,n.news.naver.com,Korean,South Korea,반도체,D2_품목,2026-10-04,[],0,NONE,,
08d67fab982efa2deb052ee124aa9e9a,"용인 30년의 가을, 시민과 함께 웃고 즐겼다…10월 첫주말 7개 행사 성료",https://www.kpinews.kr/newsView/1065611003694770,2026-10-04,www.kpinews.kr,Korean,South Korea,반도체,D2_품목,2026-10-04,[],0,NONE,,
6c6634719802abfd7f061f51a59c8bab,"울산과학대, 수시 1차 9.99대 1.. 춘해보건대 11.14대 1",https://www.ubc.co.kr/news/28238/,2026-10-04,www.ubc.co.kr,Korean,South Korea,반도체,D2_품목,2026-10-04,[],0,NONE,,
76747285859c29dca6b13bb0c2eab9fb,"요구는 빗발, 예산은 한정···교통망 성적표는?",https://jtv.co.kr/news/article.php?id=71437,2026-10-04,jtv.co.kr,Korean,South Korea,반도체,D2_품목,2026-10-04,[],0,NONE,,
8e375df53440e41a010dd2ecb406d440,마이크론이 먼저 확인한 메모리 호황…삼성·SK하이닉스는 '비용 변수',https://n.news.naver.com/mnews/article/031/0001063411?sid=105,2026-10-04,n.news.naver.com,Korean,South Korea,반도체,D2_품목,2026-10-04,[],0,NONE,,
3702323f8b0af5f1c2e316ce7ecb58c8,"천안·아산 의원들 ""GTX-C 천안아산 연장, 국가철도망 반영해야""",https://www.tjb.co.kr/news05/bodo/view/id/104393,2026-10-04,www.tjb.co.kr,Korean,South Korea,반도체,D2_품목,2026-10-04,[],0,NONE,,
6ea7da752a154e75d57f135f71f7311c,나경원 “청년 누구나 납득하도록 병역 특례 개편 논의 시작해야”,https://n.news.naver.com/mnews/article/021/0002823011?sid=100,2026-10-04,n.news.naver.com,Korean,South Korea,반도체,D2_품목,2026-10-04,[],0,NONE,,
e45553ced28dea2ac89184b6cd25fe61,전남 2분기 지역내총생산 전국 최대 감소,https://kjmbc.co.kr/NewsArticle/1539549,2026-10-04,kjmbc.co.kr,Korean,South Korea,반도체,D2_품목,2026-10-04,[],0,NONE,,
f4206d4c004b7cc5d61d6e32c981e866,이상일 용인시장 “반도체·AI 축제 구상”…조아용 페스티벌 6만명 발...,http://www.beyondpost.co.kr/view.php?ud=202610041959533994c878f8fa1_30,2026-10-04,www.beyondpost.co.kr,Korean,South Korea,반도체,D2_품목,2026-10-04,[],0,NONE,,
2dd1c13bb03396b302cc42e24a5c40fc,정부 162조 쌈짓돈 만들어줄 판…재경위 ‘국회 패싱 특례’ 반발,https://n.news.naver.com/mnews/article/009/0005743877?sid=101,2026-10-04,n.news.naver.com,Korean,South Korea,반도체,D2_품목,2026-10-04,[],0,NONE,,
7a1f7824fa09db8597dc14f778e866ef,"민형배 전남광주통합특별시장, 통합 100일 맞아 ‘반도체 트라이앵글’...",https://gj.newdaily.co.kr/site/data/html/2026/10/03/2026100300019.html,2026-10-04,gj.newdaily.co.kr,Korean,South Korea,반도체,D2_품목,2026-10-04,[],0,NONE,,
03f6f1f657d5a6cccc78d1fd0c14724f,"[연합뉴스TV 스페셜] 443회 : AI패권전쟁, K-반도체의 미래는?",https://n.news.naver.com/mnews/article/422/0000912536?sid=101,2026-10-04,n.news.naver.com,Korean,South Korea,반도체,D2_품목,2026-10-04,[],0,NONE,,
2e282bc791e97920c3ba2eae0f89efd9,"SK하이닉스, AI 투자 확대에 솔리다임 자금조달 ‘고심’",http://www.newstomato.com/ReadNews.aspx?no=1315634&inflow=N,2026-10-04,www.newstomato.com,Korean,South Korea,반도체,D2_품목,2026-10-04,"[""KC_SKHynix""]",1,NONE,,
96a914f51d4c9d2894f2ef50064b62b7,이상일 용인시장 “반도체 도시 도약과 함께 농업도 발전해야”,http://www.beyondpost.co.kr/view.php?ud=2026100419344342864c878f8fa1_30,2026-10-04,www.beyondpost.co.kr,Korean,South Korea,반도체,D2_품목,2026-10-04,[],0,NONE,,
7400b5a999bfa5662d8d9e6dca879565,"이상휘 의원, '국내 생산 세액 공제, 철강 추가' 법안 발의",https://n.news.naver.com/mnews/article/022/0004164003?sid=102,2026-10-04,n.news.naver.com,Korean,South Korea,반도체,D2_품목,2026-10-04,[],0,NONE,,
537969bf1e98696232f7ebca396a9a13,삼성 360조 용인 반도체 단지 '첫삽'…2029년 첫 팹 가동,https://www.newsway.co.kr/news/view?ud=2026100419355287715,2026-10-04,www.newsway.co.kr,Korean,South Korea,반도체,D2_품목,2026-10-04,[],0,NONE,,
ed58b68a55905a4686ac58d1209104f5,"용인 조아용 페스티벌, 이틀간 6만여 명 방문",http://www.enewstoday.co.kr/news/articleView.html?idxno=2476971,2026-10-04,www.enewstoday.co.kr,Korean,South Korea,반도체,D2_품목,2026-10-04,[],0,NONE,,
21dd848a5c1f4dba06e0c132ad5b7905,앤트로픽·릴리가 지목한 '이 회사'…AI신약붐에 주가 7배,https://n.news.naver.com/mnews/article/008/0005421983?sid=101,2026-10-04,n.news.naver.com,Korean,South Korea,반도체,D2_품목,2026-10-04,[],0,NONE,,
b6390d81a3d8f3b7fad69e8fc28499f6,산업자문단 꾸리고 금융지원 본격화,https://n.news.naver.com/mnews/article/014/0005584844?sid=101,2026-10-04,n.news.naver.com,Korean,South Korea,반도체,D2_품목,2026-10-04,[],0,NONE,,
e66d62dd8f7a7881ee5757a36a7a966d,“요즘 K 붙으면 영 불안한데”…주가 조정받은 뷰티·푸드 대표주들,https://n.news.naver.com/mnews/article/009/0005743873?sid=101,2026-10-04,n.news.naver.com,Korean,South Korea,반도체,D2_품목,2026-10-04,[],0,NONE,,
f44bfada5a23fb4ee9be8bf332528d5e,"부산銀, 산업 전문성 더해 지역기업 금융 강화",https://n.news.naver.com/mnews/article/658/0000157448?sid=101,2026-10-04,n.news.naver.com,Korean,South Korea,반도체,D2_품목,2026-10-04,[],0,NONE,,
874c72ce7adbf04ce6364ceda3bd7e4d,"용인 30년, '조아용 페스티벌'로 시민과 함께",https://www.job-post.co.kr/news/articleView.html?idxno=230585,2026-10-04,www.job-post.co.kr,Korean,South Korea,반도체,D2_품목,2026-10-04,[],0,NONE,,
f2fb4429db3eabf6cadaf118445a7a32,"이상일 용인시장, 함평군과 반도체 산단 경험 공유",https://www.job-post.co.kr/news/articleView.html?idxno=230590,2026-10-04,www.job-post.co.kr,Korean,South Korea,반도체,D2_품목,2026-10-04,[],0,NONE,,
aa8bc396343fe8f3b88f665bfb6652a6,"[현장] ""아산에 오면 삼성과 함께 큰다""…113조 투자 품고 '기업도시 대...",https://weekly.hankooki.com/news/articleView.html?idxno=7187384,2026-10-04,weekly.hankooki.com,Korean,South Korea,반도체,D2_품목,2026-10-04,[],0,NONE,,
8ae11c28966af06286bf5a9506bb6c90,“미래대응기금 세수 변동성 취약… 국회 재정통제성도 약화 가능성”,https://n.news.naver.com/mnews/article/022/0004163981?sid=101,2026-10-04,n.news.naver.com,Korean,South Korea,반도체,D2_품목,2026-10-04,[],0,NONE,,
8417633e08e9698cc3045e5262a3956c,"용인사이버과학축제, 로봇과 뛰놀며 미래 체험",http://www.enewstoday.co.kr/news/articleView.html?idxno=2476966,2026-10-04,www.enewstoday.co.kr,Korean,South Korea,반도체,D2_품목,2026-10-04,[],0,NONE,,
6ad203939a071dd331d8ae6b222fc4f5,추미애 경기도지사 “숫자 너머 사람의 삶 살피는 이투데이 되길”,https://www.etoday.co.kr/news/view/2632369,2026-10-04,www.etoday.co.kr,Korean,South Korea,반도체,D2_품목,2026-10-04,[],0,NONE,,
ccdb61ba019e5fe48fefeda88dd531b9,장정순 용인특례시의회 의장 “지역 성장과 혁신이 대한민국 경쟁력”,https://www.etoday.co.kr/news/view/2632368,2026-10-04,www.etoday.co.kr,Korean,South Korea,반도체,D2_품목,2026-10-04,[],0,NONE,,
b29e18fa00a8135e63e789372c7bd262,한전 변전소에 리벨리온 NPU 투입… AI영상분석 성능 검증,https://n.news.naver.com/mnews/article/014/0005584799?sid=105,2026-10-04,n.news.naver.com,Korean,South Korea,반도체,D2_품목,2026-10-04,[],0,NONE,,
dab7abd5e251348401fc80e75c38bca5,"신상진 성남시장 “이투데이, 대한민국 경제변화 기록하는 신뢰받는 언...",https://www.etoday.co.kr/news/view/2632365,2026-10-04,www.etoday.co.kr,Korean,South Korea,반도체,D2_품목,2026-10-04,[],0,NONE,,
51073e848ca9a32df10dca747ef69f4c,대학 가기도 전에 경남 떠나는 청소년들,https://news.knn.co.kr/news/article/192802,2026-10-04,news.knn.co.kr,Korean,South Korea,반도체,D2_품목,2026-10-04,[],0,NONE,,
18d2ce26efd2654e5145546f1ff39cbb,"""삼전닉스, 年 1000조 번다"" 전망에… 추가 주주환원 기대",https://n.news.naver.com/mnews/article/014/0005584795?sid=101,2026-10-04,n.news.naver.com,Korean,South Korea,반도체,D2_품목,2026-10-04,[],0,NONE,,
ee68fa397c6a3a694ba821e7eed70c57,"'큰손' 국민연금, 코스닥 투자 10조 넘었다",https://n.news.naver.com/mnews/article/014/0005584792?sid=101,2026-10-04,n.news.naver.com,Korean,South Korea,반도체,D2_품목,2026-10-04,[],0,NONE,,
f30fde7e311b21ed755ddfcbe77fb464,"삼성, 용인 반도체 산단 청사진 공개",https://n.news.naver.com/mnews/article/014/0005584793?sid=101,2026-10-04,n.news.naver.com,Korean,South Korea,반도체,D2_품목,2026-10-04,[],0,NONE,,
35b6a59083807a96a5201c25a4f9d061,소부장 강세…코스닥 900선 끌어올릴까,https://n.news.naver.com/mnews/article/014/0005584790?sid=101,2026-10-04,n.news.naver.com,Korean,South Korea,반도체,D2_품목,2026-10-04,[],0,NONE,,
39e7efc4afce516507814696d5aba5e5,‘억만장자’ 켄 그리핀은 레오나르도 다빈치를 과연 얼마에 샀을까 [김...,https://n.news.naver.com/mnews/article/009/0005743869?sid=103,2026-10-04,n.news.naver.com,Korean,South Korea,반도체,D2_품목,2026-10-04,[],0,NONE,,
0b6a9e3a865297bc8277144d34b443bb,3분기 영업익 764%↑…삼성전자 ‘100조 클럽’,https://n.news.naver.com/mnews/article/014/0005584784?sid=101,2026-10-04,n.news.naver.com,Korean,South Korea,반도체,D2_품목,2026-10-04,"[""KC_Samsung""]",1,NONE,,
58539204eb539868b2e94a1641986f56,"외국인, 9월 이후 코스피 20조원 순매도…삼성전자·SK하이닉스에 17조 ...",https://www.betanews.net/article/view/beta202610040008,2026-10-04,www.betanews.net,Korean,South Korea,반도체,D2_품목,2026-10-04,"[""KC_Samsung""]",1,NONE,,
d42024d5cff6d502cb6e39efdaeb9a77,"""미국 주식은 무조건 오른다고 해서 샀더니""…AI·고금리 불안에 주목할...",https://n.news.naver.com/mnews/article/277/0005824519?sid=101,2026-10-04,n.news.naver.com,Korean,South Korea,반도체,D2_품목,2026-10-04,[],0,NONE,,
a68a44a5907f458bb7ffed41b81268a0,"대세가 된 과기원 교수 창업, 3년새 30% 증가",https://n.news.naver.com/mnews/article/015/0005339076?sid=105,2026-10-04,n.news.naver.com,Korean,South Korea,반도체,D2_품목,2026-10-04,[],0,NONE,,
26cf2a243c092700093db02b37f36e86,'K기판 르네상스'…역대 최대 수출액 노린다,https://n.news.naver.com/mnews/article/015/0005339073?sid=101,2026-10-04,n.news.naver.com,Korean,South Korea,반도체,D2_품목,2026-10-04,[],0,NONE,,
758c427c4150c2f0af8b989812dc92d9,"""산업 전환기, M&A가 재계순위 흔들 것""",https://n.news.naver.com/mnews/article/015/0005339070?sid=101,2026-10-04,n.news.naver.com,Korean,South Korea,반도체,D2_품목,2026-10-04,[],0,NONE,,
b00c4e5e9f4c20d2c1331d3f2fc7f862,어플라이드·키옥시아 EPIC 센터 협력…AI 메모리 공동 R&D 협력,https://www.econovill.com/news/articleView.html?idxno=752699,2026-10-04,www.econovill.com,Korean,South Korea,반도체,D2_품목,2026-10-04,[],0,NONE,,
55f48f995dc8c9c4559366c6afef43ab,"""엔비디아·테슬라 다 팔았다""…부자들 새로 베팅한 종목",https://n.news.naver.com/mnews/article/015/0005339067?sid=101,2026-10-04,n.news.naver.com,Korean,South Korea,반도체,D2_품목,2026-10-04,[],0,NONE,,
f7e35768a4f1fea00c8e4af5a909b6af,[김진호의 금융포커스] 돈에는 애국심이 없다,https://n.news.naver.com/mnews/article/082/0001401076?sid=110,2026-10-04,n.news.naver.com,Korean,South Korea,반도체,D2_품목,2026-10-04,[],0,NONE,,
535e37fa024a094025645721c353d96b,"축구 금메달 땄지만…'군대 안 간다' 발언에, '전역모 인증샷' 등 눈살",https://n.news.naver.com/mnews/article/055/0001393073?sid=104,2026-10-04,n.news.naver.com,Korean,South Korea,반도체,D2_품목,2026-10-04,[],0,NONE,,
3d05abac301907179e212ed73a8e2189,자산가들 삼전닉스 팔고 커버드콜 담았다,https://n.news.naver.com/mnews/article/015/0005339047?sid=101,2026-10-04,n.news.naver.com,Korean,South Korea,반도체,D2_품목,2026-10-04,[],0,NONE,,
f339847ddf2c6c070993f1eb33f82a80,"韓축구 ""군대 안 갑니다"" 후폭풍 일파만파→AG 병역특례 존폐 논쟁 재점...",https://m.sports.naver.com/kfootball/article/477/0000631498,2026-10-04,m.sports.naver.com,Korean,South Korea,반도체,D2_품목,2026-10-04,[],0,NONE,,
c428843e7d6d7ec2214a04eb6b50703c,"""삼전닉스 팔고 빠진 줄 알았는데""…부자들 '뜻밖의 선택'",https://n.news.naver.com/mnews/article/015/0005339046?sid=101,2026-10-04,n.news.naver.com,Korean,South Korea,반도체,D2_품목,2026-10-04,[],0,NONE,,
d09ac9abc246790b3813e8c7deb9a0ae,"삼성전자, 사상 첫 '분기 영업익 100조' 눈앞… 메모리 '슈퍼 호황' 불붙...",https://www.financialpost.co.kr/news/articleView.html?idxno=278691,2026-10-04,www.financialpost.co.kr,Korean,South Korea,반도체,D2_품목,2026-10-04,"[""KC_Samsung""]",1,NONE,,
80ae3e5ac8cdef7f6f81a3911d669f88,"김병주 ""예술·체육인 병역 특례 재정비 필요...BTS도 국방 의무 지켜""",https://n.news.naver.com/mnews/article/057/0001971969?sid=100,2026-10-04,n.news.naver.com,Korean,South Korea,반도체,D2_품목,2026-10-04,[],0,NONE,,
5e41a34a8d37bf0c60737d4ae9693863,"""AI기업의 빚투, 닷컴버블과 닮아…조정 후 옥석 가려질 것""",https://n.news.naver.com/mnews/article/015/0005339042?sid=101,2026-10-04,n.news.naver.com,Korean,South Korea,반도체,D2_품목,2026-10-04,[],0,NONE,,
a6b1e8a40f6a2e0270bbd4c6c6a5fb47,"‘반도체·실물경기 호황’ 딴 세상 얘기…‘고금리’ 시름 자영업, 연...",https://n.news.naver.com/mnews/article/028/0002825958?sid=101,2026-10-04,n.news.naver.com,Korean,South Korea,반도체,D2_품목,2026-10-04,[],0,NONE,,
465d727cdf961dc75d5e9bdb6a171a54,"잘 나가더니 “국장 재미 다 봤나”…외국인, 한 달 새 20조 ‘매도 폭탄...",https://n.news.naver.com/mnews/article/011/0004668132?sid=101,2026-10-04,n.news.naver.com,Korean,South Korea,반도체,D2_품목,2026-10-04,[],0,NONE,,
ff0cbb115b82d49eede0ce9e8597d50c,"""기업 기다리지 않고 서울로""…아산시, '대한민국 투자 1번지' 승부수",https://weekly.hankooki.com/news/articleView.html?idxno=7187383,2026-10-04,weekly.hankooki.com,Korean,South Korea,반도체,D2_품목,2026-10-04,[],0,NONE,,
dca3d40d823d072e1c60ebf43e587d73,"'조아용 페스티벌'에 시민 웃음꽃…이상일 시장 ""청년이 꿈 펼치는 도시...",https://www.tournews21.com/news/articleView.html?idxno=144939,2026-10-04,www.tournews21.com,Korean,South Korea,반도체,D2_품목,2026-10-04,[],0,NONE,,
1fe71837a5a0cfcc894c16b9fa190685,[단독] 국가핵심기술 속수무책 뚫렸다 … 3년새 4배 증가,https://n.news.naver.com/mnews/article/009/0005743850?sid=101,2026-10-04,n.news.naver.com,Korean,South Korea,반도체,D2_품목,2026-10-04,[],0,NONE,,
223a7c1f522e2a8e360dc458ed4db819,"""정부 재정통제 우회 우려""… 미래기금 견제 나선 국회",https://n.news.naver.com/mnews/article/009/0005743840?sid=101,2026-10-04,n.news.naver.com,Korean,South Korea,반도체,D2_품목,2026-10-04,[],0,NONE,,
089b1559e4c0c3c930dc1f6842c8ad76,국가핵심기술 10건 중 9건 中으로 샜다,https://n.news.naver.com/mnews/article/009/0005743834?sid=101,2026-10-04,n.news.naver.com,Korean,South Korea,반도체,D2_품목,2026-10-04,[],0,NONE,,
95a5902d2a071226595e995410b7b4ed,"""구형 데이터센터서도 최신 AI 구동 가능하죠""",https://n.news.naver.com/mnews/article/015/0005339025?sid=105,2026-10-04,n.news.naver.com,Korean,South Korea,반도체,D2_품목,2026-10-04,[],0,NONE,,
b3cd4f4fdc4b1e6b917f91a23c70312e,"용인특례시, 용인미르스타디움서 먹거리와 미래기술 한자리",https://www.discoverynews.kr/news/articleView.html?idxno=1103263,2026-10-04,www.discoverynews.kr,Korean,South Korea,반도체,D2_품목,2026-10-04,[],0,NONE,,
b755130e945c996a36368d65f7a225c8,"美中정상회담 끝나자 대만 외교장관 미국행…""애리조나 TSMC 방문""",https://n.news.naver.com/mnews/article/421/0009209130?sid=104,2026-10-04,n.news.naver.com,Korean,South Korea,반도체,D2_품목,2026-10-04,[],0,NONE,,
5a417d3ba47edfc77741e09364f71275,"안 뚫린 데가 없다… ""업무에 AI 도입 늘고 있는데"" 기업들 노심초사",https://n.news.naver.com/mnews/article/469/0000957626?sid=105,2026-10-04,n.news.naver.com,Korean,South Korea,반도체,D2_품목,2026-10-04,[],0,NONE,,
91d09dbf75bc440d1034122d229a32f9,"삼성전자, 3분기 영업익 100조 넘나…8일 잠정실적 발표",https://www.mdtoday.co.kr/news/articleView.html?idxno=617333,2026-10-04,www.mdtoday.co.kr,Korean,South Korea,반도체,D2_품목,2026-10-04,"[""KC_Samsung""]",1,NONE,,
448beb2bcf156319493c43c540b7fab1,23대 1…전문대 반도체학과 경쟁률 수직상승,https://n.news.naver.com/mnews/article/015/0005339012?sid=102,2026-10-04,n.news.naver.com,Korean,South Korea,반도체,D2_품목,2026-10-04,[],0,NONE,,
b66e9fc07aade5619313417f5dde3697,"K팝 열풍 타고, 한글에 빠진 亞 대학생들",https://n.news.naver.com/mnews/article/015/0005339013?sid=102,2026-10-04,n.news.naver.com,Korean,South Korea,반도체,D2_품목,2026-10-04,[],0,NONE,,
2139d85f44d37803a832ec5dbe9de35a,외국인 한달새 17조 팔아 … 삼전닉스 비중 연중 최저,https://n.news.naver.com/mnews/article/009/0005743814?sid=101,2026-10-04,n.news.naver.com,Korean,South Korea,반도체,D2_품목,2026-10-04,[],0,NONE,,
0c5190a657515388563d43c349b56557,원高 역풍…K뷰티·푸드株 실적전망 엇갈려,https://n.news.naver.com/mnews/article/009/0005743813?sid=101,2026-10-04,n.news.naver.com,Korean,South Korea,반도체,D2_품목,2026-10-04,[],0,NONE,,
eb23b768c0b5d340cf7feafc4358b7b0,"안성시, 민주당 민선 9기 당정협의회 개최…지역 현안 논의",https://www.newspim.com/news/view/20261003000055,2026-10-04,www.newspim.com,Korean,South Korea,반도체,D2_품목,2026-10-04,[],0,NONE,,
9b7e8820dc642974e816af013063279d,"막 오르는 국감…‘민생’ 방어막 치는 與, ‘총체적 실패’ 벼르는 野",https://n.news.naver.com/mnews/article/082/0001401059?sid=100,2026-10-04,n.news.naver.com,Korean,South Korea,반도체,D2_품목,2026-10-04,[],0,NONE,,
f3900235e23a2b98d5ccc5138ff6dd85,"네패스, AI 시대 반도체 패키징 정조준…WLP·FOWLP 경쟁력 부각",https://www.pinpointnews.co.kr/news/articleView.html?idxno=492601,2026-10-04,www.pinpointnews.co.kr,Korean,South Korea,반도체,D2_품목,2026-10-04,[],0,NONE,,
b2663fafd0b4da336115effd85a3315d,신형·구형폰 가격 다 오르자 부담 커진 소비자 '중고 쏠림',https://n.news.naver.com/mnews/article/009/0005743809?sid=105,2026-10-04,n.news.naver.com,Korean,South Korea,반도체,D2_품목,2026-10-04,[],0,NONE,,
90504816f985d3e5a1212e0b7bb21365,[위클리반도체] TSMC 2나노 인상⋅마이크론의 2028년 품귀 경고…삼성전...,https://n.news.naver.com/mnews/article/138/0002243630?sid=105,2026-10-04,n.news.naver.com,Korean,South Korea,반도체,D2_품목,2026-10-04,[],0,NONE,,
c879120a949e1f83304055f00f57c096,"미래대응기금 13.6조, 정부가 지출계획 바꿀수 있어…‘쌈짓돈’ 우려",https://n.news.naver.com/mnews/article/020/0003752604?sid=101,2026-10-04,n.news.naver.com,Korean,South Korea,반도체,D2_품목,2026-10-04,[],0,NONE,,
9294a87c69a8d02c041c79a5ff5d73c0,손실 나도 정부 돈부터 까인다고?…성장펀드 ‘후순위 투자’ 뭐길래 [...,https://n.news.naver.com/mnews/article/024/0000108695?sid=101,2026-10-04,n.news.naver.com,Korean,South Korea,반도체,D2_품목,2026-10-04,[],0,NONE,,
f81d80c51642c7002ac0dd732eecbd3b,금융권 '해킹 피해' 일파만파...대응 방안 없나,https://n.news.naver.com/mnews/article/052/0002414662?sid=101,2026-10-04,n.news.naver.com,Korean,South Korea,반도체,D2_품목,2026-10-04,[],0,NONE,,
ca5cef88bd3da22c8fc4b84a36631b71,"대만 외교부장, 美 애리조나 방문…TSMC 공장 찾아 대미 투자 점검",https://www.ebn.co.kr/news/articleView.html?idxno=1726687,2026-10-04,www.ebn.co.kr,Korean,South Korea,반도체,D2_품목,2026-10-04,[],0,NONE,,
5f38c6651678fb1b4fb2d34578825c1a,"""예술·체육인 병역 특례 재정비 필요"" 김병주 더불어민주당 의원 [시사...",https://n.news.naver.com/mnews/article/057/0001971958?sid=004,2026-10-04,n.news.naver.com,Korean,South Korea,반도체,D2_품목,2026-10-04,[],0,NONE,,
dd58f66477bcfd544b135586b7bf3fb8,[아시안게임] '군대 안 간다' 축구팀 발언에…국힘 병역특례 재검토 목...,https://n.news.naver.com/mnews/article/654/0000203774?sid=104,2026-10-04,n.news.naver.com,Korean,South Korea,반도체,D2_품목,2026-10-04,[],0,NONE,,
b24a06fd2ac9a2136ab988a41dbd3b96,“2028년 이후가 문제”… 메모리 증설 경쟁에 ‘공급 과잉’ 우려 다시...,https://n.news.naver.com/mnews/article/005/0001876638?sid=101,2026-10-04,n.news.naver.com,Korean,South Korea,반도체,D2_품목,2026-10-04,[],0,NONE,,
0508bc0ab52c46cc81da9b212444907c,솔리다임 자금조달 해법 고심하는 SK하이닉스,https://n.news.naver.com/mnews/article/082/0001401057?sid=101,2026-10-04,n.news.naver.com,Korean,South Korea,반도체,D2_품목,2026-10-04,"[""KC_SKHynix""]",1,NONE,,
0dedd4cb613df13dfbb25f12fb25f1e7,‘몸값 200조’ 솔리다임 美상장설…“주가 꺾일라” 하닉 주주 반발,https://n.news.naver.com/mnews/article/025/0003555657?sid=101,2026-10-04,n.news.naver.com,Korean,South Korea,반도체,D2_품목,2026-10-04,[],0,NONE,,
e08a4665208d515b8a9e924c8cbc7b1f,야스가 만드는 OLED 핵심 장비… 대형 패널 시장 공략 박차,https://www.pinpointnews.co.kr/news/articleView.html?idxno=492597,2026-10-04,www.pinpointnews.co.kr,Korean,South Korea,반도체,D2_품목,2026-10-04,[],0,NONE,,
49ae306390e3da0af8f3a7dcd18281af,[10월5일자] 비즈니스포스트 아침의 주요기사,https://www.businesspost.co.kr/BP?command=article_view&num=448605,2026-10-04,www.businesspost.co.kr,Korean,South Korea,반도체,D2_품목,2026-10-04,[],0,NONE,,
e618c0c43049dd71423a6095828134a0,"중국, EU산 화학제품 반덤핑 조사…유럽판 ‘슈퍼 301조’ 도입 움직임...",https://n.news.naver.com/mnews/article/032/0003474129?sid=104,2026-10-04,n.news.naver.com,Korean,South Korea,반도체,D2_품목,2026-10-04,[],0,NONE,,
deb005dd23e680116893089ff95a0ac3,“반도체보다 인프라 병목 더 심각…조정 후 AI기업 옥석 가려질 것”,https://n.news.naver.com/mnews/article/015/0005338998?sid=101,2026-10-04,n.news.naver.com,Korean,South Korea,반도체,D2_품목,2026-10-04,[],0,NONE,,
e857bb790da3d52e80a6eabc825f2c7f,한 달 새 30% 뛴 소부장…코스닥 900선 안착 이끌까,https://n.news.naver.com/mnews/article/014/0005584749?sid=101,2026-10-04,n.news.naver.com,Korean,South Korea,반도체,D2_품목,2026-10-04,[],0,NONE,,
0c75aafc6f2622bd1b8959e41bfa9fec,[기고] 다시 풍요의 세기를 꿈꿀 때,https://n.news.naver.com/mnews/article/009/0005743787?sid=110,2026-10-04,n.news.naver.com,Korean,South Korea,반도체,D2_품목,2026-10-04,[],0,NONE,,
92da5e74759307d7898869f39bcd7a5b,"대미투자, 지금은 '신중한 낙관' 유지할때",https://n.news.naver.com/mnews/article/009/0005743769?sid=110,2026-10-04,n.news.naver.com,Korean,South Korea,반도체,D2_품목,2026-10-04,[],0,NONE,,
d21df9142d0af3c25e066337de9bf906,"지오엘리먼트, 박막증착·금속배선 핵심 부품 공급… AI 시대 존재감 키...",https://www.pinpointnews.co.kr/news/articleView.html?idxno=492593,2026-10-04,www.pinpointnews.co.kr,Korean,South Korea,반도체,D2_품목,2026-10-04,[],0,NONE,,
942b03623c9a801b5035642927b8ad71,"김동구 전북도의원, 반도체 생태계 조성 위한 제도적 근거 마련",http://www.hansbiz.co.kr/news/articleView.html?idxno=870032,2026-10-04,www.hansbiz.co.kr,Korean,South Korea,반도체,D2_품목,2026-10-04,[],0,NONE,,
8479bc193c12427450474af90e591948,"국감 앞둔 재경위 ""미래대응기금, 국회 통제권 축소 우려""",https://n.news.naver.com/mnews/article/469/0000957620?sid=101,2026-10-04,n.news.naver.com,Korean,South Korea,반도체,D2_품목,2026-10-04,[],0,NONE,,
84d888a85e8deb873dac03faba653f75,"삼성전자, 용인 과학축제서 ‘반도체가 만드는 지역 미래’ 소개",https://n.news.naver.com/mnews/article/022/0004163952?sid=101,2026-10-04,n.news.naver.com,Korean,South Korea,반도체,D2_품목,2026-10-04,"[""KC_Samsung""]",1,NONE,,
a0ef74703baf8834a2100234e6d01c88,"적신호 켜진 PK서 ‘선물 보따리’ 펼친 민주, 현안 성과 낼까",https://n.news.naver.com/mnews/article/082/0001401047?sid=100,2026-10-04,n.news.naver.com,Korean,South Korea,반도체,D2_품목,2026-10-04,[],0,NONE,,
af95f50c1d8504950be6e2dbd9e49970,[아시안게임] '군대 안 간다' 축구팀 논란에…국힘서 병역특례 개편 목...,https://n.news.naver.com/mnews/article/001/0016356823?sid=100,2026-10-04,n.news.naver.com,Korean,South Korea,반도체,D2_품목,2026-10-04,[],0,NONE,,
77182b108953e9d6bce9c3b45e457eb8,"[인문자의 앤트로픽 이야기 | 인간·문화·자연] 앤트로픽 상장, 반도체...",https://www.ajunews.com/view/20261004161541017,2026-10-04,www.ajunews.com,Korean,South Korea,반도체,D2_품목,2026-10-04,[],0,NONE,,
08faec1663a10f257f24d10383759a01,"삼양엔씨켐, NAND·DRAM·파운드리 공략…EUV까지 소재 포트폴리오 확대",https://www.pinpointnews.co.kr/news/articleView.html?idxno=492590,2026-10-04,www.pinpointnews.co.kr,Korean,South Korea,반도체,D2_품목,2026-10-04,[],0,NONE,,
324ee6471fb33f7d58e9a2ce400ca1b0,韓 노벨상? 연구 독창성 20년 지켜줘야 가능,https://n.news.naver.com/mnews/article/009/0005743758?sid=105,2026-10-04,n.news.naver.com,Korean,South Korea,반도체,D2_품목,2026-10-04,[],0,NONE,,
a59709abc1b259a8004ddef3b67118a4,"""GGM 노조탄압 압수수색까지 불렀다""…금속노조, 민형배 시장에 '직접 해...",https://www.pointe.co.kr/news/articleView.html?idxno=85567,2026-10-04,www.pointe.co.kr,Korean,South Korea,반도체,D2_품목,2026-10-04,[],0,NONE,,
9fe055255d783423cdb3a61393c82f1f,"삼성전자, 3분기 영업익 108조 전망…'100조 시대' 연다",https://www.jnilbo.com/news/articleView.html?idxno=90000070822,2026-10-04,www.jnilbo.com,Korean,South Korea,반도체,D2_품목,2026-10-04,"[""KC_Samsung""]",1,NONE,,
03fc0d57719d3efd99e16b3053388b5f,[주간증시전망] 코스피 7000선 안착 시험대…삼성전자 실적·美 금리 주...,https://www.ebn.co.kr/news/articleView.html?idxno=1726692,2026-10-04,www.ebn.co.kr,Korean,South Korea,반도체,D2_품목,2026-10-04,"[""KC_Samsung""]",1,NONE,,
e95d28cdabb686a5cf947266670f526c,"재경위 ""미래기금 재정통제 약해질 수도…재원 지속성 검토해야""(종합)",https://n.news.naver.com/mnews/article/001/0016356815?sid=101,2026-10-04,n.news.naver.com,Korean,South Korea,반도체,D2_품목,2026-10-04,[],0,NONE,,
1934b16ac254cc176a9ee1c61bcb3cf8,"삼성전자, 용인 과학축제서 ‘360조 투자’ 용인 반도체 산단 청사진 공...",https://n.news.naver.com/mnews/article/005/0001876630?sid=101,2026-10-04,n.news.naver.com,Korean,South Korea,반도체,D2_품목,2026-10-04,"[""KC_Samsung""]",1,NONE,,
b0bb716ffaa8dbb3f42f2771c435a919,10월 중순 자사주 매입 마무리 전망…SK스퀘어 주주가치 재평가,https://www.pinpointnews.co.kr/news/articleView.html?idxno=492587,2026-10-04,www.pinpointnews.co.kr,Korean,South Korea,반도체,D2_품목,2026-10-04,[],0,NONE,,
56b3776e47baa56d8fd8ef72e447e615,[DD 주간브리핑] 빅테크·포스코·한화 총출동 국감 개막…리사 수 AMD 회...,https://n.news.naver.com/mnews/article/138/0002243628?sid=105,2026-10-04,n.news.naver.com,Korean,South Korea,반도체,D2_품목,2026-10-04,[],0,NONE,,
af1d97a9604c9bde251c8be84f75ac19,“지원 사업 선정 기준 명확하게’…국회도 미래대응기금 지적나섰다,https://n.news.naver.com/mnews/article/025/0003555641?sid=101,2026-10-04,n.news.naver.com,Korean,South Korea,반도체,D2_품목,2026-10-04,[],0,NONE,,
ad217bfe9730d3e07c29ef8089060ad6,빅테크 넘어 OpenAI·앤트로픽 까지…SK하이닉스 메모리 수요 더 커진다,https://www.pinpointnews.co.kr/news/articleView.html?idxno=492583,2026-10-04,www.pinpointnews.co.kr,Korean,South Korea,반도체,D2_품목,2026-10-04,"[""KC_SKHynix""]",1,NONE,,
825add976d3e7c990489a5ed9121454c,“군 면제 보고 뛰었다” 양민혁 발언 후폭풍…나경원이 작심하고 올린...,https://www.wikitree.co.kr/articles/1163878,2026-10-04,www.wikitree.co.kr,Korean,South Korea,반도체,D2_품목,2026-10-04,[],0,NONE,,
52c81d6c725ba63fcd8e6cac427a26f5,“메모리값 7배 뛸 수도”..립부 탄 인텔 CEO의 과감한 전망 배경은?,https://www.dailycar.co.kr/content/news.html?type=view&autoId=62736,2026-10-04,www.dailycar.co.kr,Korean,South Korea,반도체,D2_품목,2026-10-04,[],0,NONE,,
bde2db7fc3568ed4b5166a0463125f97,"외인, 한달간 코스피서 20조 넘게 던져…삼전 비중 46%·닉스 49%대로 축...",http://mbnmoney.mbn.co.kr/news/view?news_no=MM1005931557,2026-10-04,mbnmoney.mbn.co.kr,Korean,South Korea,반도체,D2_품목,2026-10-04,[],0,NONE,,
f0ce846a32afeed1e9f01b3ce32938f8,"""GPU 하나에 HBM 여러 개""…파크시스템스, 후공정 계측시장 정조준",https://www.pinpointnews.co.kr/news/articleView.html?idxno=492582,2026-10-04,www.pinpointnews.co.kr,Korean,South Korea,반도체,D2_품목,2026-10-04,[],0,NONE,,
ed3c46f91ee7e4e62ba555e31c428558,"대만 외교부장, 미중회담 끝나자 방미…TSMC 공장 방문",https://n.news.naver.com/mnews/article/277/0005824496?sid=104,2026-10-04,n.news.naver.com,Korean,South Korea,반도체,D2_품목,2026-10-04,[],0,NONE,,
dce1b3597380d9dcaf80c55604266afe,"머스크 ""TSMC와 테라팹 칩 생산 협력 논의"" 확인",https://www.aitimes.com/news/articleView.html?idxno=215952,2026-10-04,www.aitimes.com,Korean,South Korea,반도체,D2_품목,2026-10-04,[],0,NONE,,
53e13b6f12ae1bde296385d4ed1375c4,최태원 공개석상에 김희영 동행..재산분할 판결 후 첫 행보,https://n.news.naver.com/mnews/article/014/0005584720?sid=101,2026-10-04,n.news.naver.com,Korean,South Korea,반도체,D2_품목,2026-10-04,[],0,NONE,,
5979b2a588a0e969e4b87c1cd59dbf79,직주근접·브랜드 프리미엄 갖춘 ‘힐스테이트 고덕엘리스트’,https://n.news.naver.com/mnews/article/015/0005338988?sid=101,2026-10-04,n.news.naver.com,Korean,South Korea,반도체,D2_품목,2026-10-04,[],0,NONE,,
a1bc6161b78258adcc07d7b0b684517d,美 찾는 대만 외교장관…TSMC 공장 등 참관 예정,https://www.sentv.co.kr/article/view/sentv202610040018,2026-10-04,www.sentv.co.kr,Korean,South Korea,반도체,D2_품목,2026-10-04,[],0,NONE,,
cf4924866676283d8a706157e8623739,'SOL 글로벌 DRAM 반도체 플러스' ETF 상장... 연금계좌서 투자 가능,http://www.newsbrite.net/news/articleView.html?idxno=200746,2026-10-04,www.newsbrite.net,Korean,South Korea,반도체,D2_품목,2026-10-04,[],0,NONE,,
9fd08f97f29305940ad3df2847700b07,미중 정상회담 끝나자 美 찾는 대만 외교장관…“TSMC 공장 방문”,https://n.news.naver.com/mnews/article/011/0004668113?sid=104,2026-10-04,n.news.naver.com,Korean,South Korea,반도체,D2_품목,2026-10-04,[],0,NONE,,
067a79fee7532f68b16b2205f6ac4137,"국민연금, 코스닥 투자액 10조원 넘어...국내 주식 투자 비중은 2%대",https://n.news.naver.com/mnews/article/014/0005584715?sid=101,2026-10-04,n.news.naver.com,Korean,South Korea,반도체,D2_품목,2026-10-04,[],0,NONE,,
59e5d68209d710db87f676bda5b18ee0,"머스크, 메모리 부족에 테슬라 AI 칩 용량 줄였다",https://n.news.naver.com/mnews/article/023/0004002023?sid=105,2026-10-04,n.news.naver.com,Korean,South Korea,반도체,D2_품목,2026-10-04,[],0,NONE,,
445c29bf9b88eeb833951b9f55831d2e,"용인시, 30주년 기념 '대한민국 조아용 페스티벌' 성황",https://www.gukjenews.com/news/articleView.html?idxno=3712737,2026-10-04,www.gukjenews.com,Korean,South Korea,반도체,D2_품목,2026-10-04,[],0,NONE,,
868601f2dd0d75231248bbfc01f2087c,대만 외교부장 방미…애리조나 TSMC 공장 시찰,https://n.news.naver.com/mnews/article/422/0000912481?sid=104,2026-10-04,n.news.naver.com,Korean,South Korea,반도체,D2_품목,2026-10-04,[],0,NONE,,
083f5f2a0e8a914b3fadd221c04c9ba5,"영업익 10.5% 자사주 지급..삼성전자, DS 특별성과급 세부안 확정 임박",https://kpenews.com/View.aspx?No=4251688,2026-10-04,kpenews.com,Korean,South Korea,반도체,D2_품목,2026-10-04,"[""KC_Samsung""]",1,NONE,,
c208879d27883851b45dea508d4cc33e,성과급 규모 확대…메모리 3사 실적에 '주요 변수'로 작용,https://n.news.naver.com/mnews/article/057/0001971948?sid=101,2026-10-04,n.news.naver.com,Korean,South Korea,반도체,D2_품목,2026-10-04,[],0,NONE,,
8f7c0e2bb6d3063ac2a7b35574e48606,미래대응기금 30% 한도... 국회 재정통제 약화 우려,https://n.news.naver.com/mnews/article/014/0005584711?sid=101,2026-10-04,n.news.naver.com,Korean,South Korea,반도체,D2_품목,2026-10-04,[],0,NONE,,
1b3fdb6807b6987da5e5010dece026c5,"금리 무섭다고 주식 팔면 안 돼…염승환 “코스피 여전히 싸다, 반도체...",https://n.news.naver.com/mnews/article/016/0002705340?sid=101,2026-10-04,n.news.naver.com,Korean,South Korea,반도체,D2_품목,2026-10-04,[],0,NONE,,
f69daea8537406ba155e1528479ea827,"[영상] AI반도체주식, 지금 사도 될까?…ETF 국내 최고 전문가의 조언",https://news.ifm.kr/news/articleView.html?idxno=480860,2026-10-04,news.ifm.kr,Korean,South Korea,반도체,D2_품목,2026-10-04,[],0,NONE,,
62acb59777a63593d44649ff0b6c4c87,"‘S전자 부장♥’ 이현이, 명절에 요리 안 하는 맏며느리 “시母가 다 ...",https://m.entertain.naver.com/article/609/0001175306,2026-10-04,m.entertain.naver.com,Korean,South Korea,반도체,D2_품목,2026-10-04,[],0,NONE,,
b527b92e9ac484f680e7e0320a0a26c8,"미중회담 끝나자 美찾는 대만 외교장관…""TSMC 공장 방문""",https://n.news.naver.com/mnews/article/001/0016356767?sid=104,2026-10-04,n.news.naver.com,Korean,South Korea,반도체,D2_품목,2026-10-04,[],0,NONE,,
fb8a2cf1478dbaeed32fc336d47272b9,"美 중간선거 D-30, 위기의 트럼프… ""지갑이 이념 삼켰다""",https://n.news.naver.com/mnews/article/469/0000957606?sid=104,2026-10-04,n.news.naver.com,Korean,South Korea,반도체,D2_품목,2026-10-04,[],0,NONE,,
940206e2e7dd2c8b2c0719ec03b43fc4,17조 팔아치웠는데 평가액 80조 늘었다..외인 삼전·하이닉스의 역설,https://kpenews.com/View.aspx?No=4251684,2026-10-04,kpenews.com,Korean,South Korea,반도체,D2_품목,2026-10-04,[],0,NONE,,
52f94b8602168f70fdea18b4972262ec,"""성과급 1.4억 꽂혀도…"" SK하이닉스 직원들 속 타는 이유 [시선'칩'중(下...",https://n.news.naver.com/mnews/article/015/0005338985?sid=105,2026-10-04,n.news.naver.com,Korean,South Korea,반도체,D2_품목,2026-10-04,"[""KC_SKHynix""]",1,NONE,,
b1e16a1992c8f35aeac2a880d1026a1b,"""AI열풍 고맙다"" 삼성전자 분기 영업익 100조 시대 열린다",https://n.news.naver.com/mnews/article/014/0005584709?sid=101,2026-10-04,n.news.naver.com,Korean,South Korea,반도체,D2_품목,2026-10-04,"[""KC_Samsung""]",1,NONE,,
612eb492e70fe2d9c757c25f53bbc90a,삼성전자 3분기 영역이익 ‘첫 100조’ 돌파할까…성과급·주주환원 쟁...,https://n.news.naver.com/mnews/article/028/0002825920?sid=101,2026-10-04,n.news.naver.com,Korean,South Korea,반도체,D2_품목,2026-10-04,"[""KC_Samsung""]",1,NONE,,
cdc7344ff8395bab024e20023a96df65,"성균관대학교 임성주·김기강 교수팀, 16.5나노초 초고속·초저전력 비휘...",https://www.lecturernews.com/news/articleView.html?idxno=211523,2026-10-04,www.lecturernews.com,Korean,South Korea,반도체,D2_품목,2026-10-04,[],0,NONE,,
d41c269d6a6dd126718ad6693d584cd6,"군면제만 보고 뛴다는 그들, 병역특례 폐지해야 할 이유 보여줬다 [박영...",https://n.news.naver.com/mnews/article/119/0003139377?sid=104,2026-10-04,n.news.naver.com,Korean,South Korea,반도체,D2_품목,2026-10-04,[],0,NONE,,
e66dd1f32d64ae2e0194f29cd6b1f635,"메모리 가격 인상에…구글 ‘픽셀 10a’, 13만원 비싸졌다",https://n.news.naver.com/mnews/article/092/0002439804?sid=105,2026-10-04,n.news.naver.com,Korean,South Korea,반도체,D2_품목,2026-10-04,[],0,NONE,,
9943d2d98af9187afc3e58cf400f4355,전역모 쓰고 “군대 안 가” 인증샷…축구로 옮겨 간 병역특례 논란,https://n.news.naver.com/mnews/article/081/0003685867?sid=100,2026-10-04,n.news.naver.com,Korean,South Korea,반도체,D2_품목,2026-10-04,[],0,NONE,,
d7b1b48fa0b75b650e7abd9e647bd941,"모건스탠리, 젠슨 황 만난 뒤 엔비디아 '최선호주' 재확인…AI 성장 기대...",https://www.jemin.com/news/articleView.html?idxno=843814,2026-10-04,www.jemin.com,Korean,South Korea,반도체,D2_품목,2026-10-04,[],0,NONE,,
87ba40c02091b62276fb4bda01a37402,"[ST PICK]HBM·낸드 투자 동시에…SK하이닉스, 솔리다임 자금조달 '고심...",http://www.smarttimes.co.kr/news/articleView.html?idxno=49460,2026-10-04,www.smarttimes.co.kr,Korean,South Korea,반도체,D2_품목,2026-10-04,"[""KC_SKHynix""]",1,NONE,,
ec5afdce6418933b2e085152e8b978ae,"최태원 회장, 지분 9440억 매각…SK 주가 불확실성 해소되나",https://www.insightkorea.co.kr/news/articleView.html?idxno=255861,2026-10-04,www.insightkorea.co.kr,Korean,South Korea,반도체,D2_품목,2026-10-04,[],0,NONE,,
e1fce49d278f7d3c36cbe2f292036e83,중일 갈등에 반도체까지…대만 향하는 일본 지자체들,https://n.news.naver.com/mnews/article/011/0004668102?sid=104,2026-10-04,n.news.naver.com,Korean,South Korea,반도체,D2_품목,2026-10-04,[],0,NONE,,
b134b108c6d6d6e50e008b8970b391d7,화웨이 ‘기린 9050 프로’ 공개…미국 제재 뚫고 여기까지 왔다 [고든 ...,https://n.news.naver.com/mnews/article/081/0003685863?sid=105,2026-10-04,n.news.naver.com,Korean,South Korea,반도체,D2_품목,2026-10-04,[],0,NONE,,
8fda9603b8a0fe30e389e4ebbf57b098,"AI가 부른 완전 무인화…SFA, 생산라인 통째로 자동화한다",https://www.pinpointnews.co.kr/news/articleView.html?idxno=492561,2026-10-04,www.pinpointnews.co.kr,Korean,South Korea,반도체,D2_품목,2026-10-04,[],0,NONE,,
75a4cae8241e9157cc890fb7b3e13e8f,"‘반도체 호황’ 기댄 미래대응기금…국회, 30% 한도 ‘정부 재량 지출...",https://n.news.naver.com/mnews/article/028/0002825916?sid=101,2026-10-04,n.news.naver.com,Korean,South Korea,반도체,D2_품목,2026-10-04,[],0,NONE,,
0d27c117bcb91bbf66c6a1aafc7973fe,[단독] 노벨화학상 日교수 “한국이 노벨상? 20년전 뭐했나 자문해보라...,https://n.news.naver.com/mnews/article/009/0005743721?sid=105,2026-10-04,n.news.naver.com,Korean,South Korea,반도체,D2_품목,2026-10-04,[],0,NONE,,
0d614b274e982e47cbb972a1c804aff5,"[마켓 ING]7000선 안착 시도 코스피, 삼성전자 실적 주목",https://n.news.naver.com/mnews/article/277/0005824483?sid=101,2026-10-04,n.news.naver.com,Korean,South Korea,반도체,D2_품목,2026-10-04,"[""KC_Samsung""]",1,NONE,,
064b72ee8ba95922184dda3892cbab19,162조 미래기금 출범 앞두고 재정통제 우려,https://www.newscj.com/news/articleView.html?idxno=3437755,2026-10-04,www.newscj.com,Korean,South Korea,반도체,D2_품목,2026-10-04,[],0,NONE,,
bd27b527b88c7132d6a1ec28c6a120fa,중일관계 경색·반도체 열풍 속 대만에 구애하는 日지자체들,https://n.news.naver.com/mnews/article/001/0016356603?sid=104,2026-10-04,n.news.naver.com,Korean,South Korea,반도체,D2_품목,2026-10-04,[],0,NONE,,
4a4bb94451dc96ea813ce5a6f047a6a6,HBM4 공급 시작한 티에스이… 고사양 제품이 실적 끌어올린다,https://www.pinpointnews.co.kr/news/articleView.html?idxno=492559,2026-10-04,www.pinpointnews.co.kr,Korean,South Korea,반도체,D2_품목,2026-10-04,[],0,NONE,,
f152456bad9709f2f0b42d3eb8587a32,[김용삼의 한국 반도체 비하인드] 1천억 적자의 벼랑 끝에 선 한국 반도...,https://n.news.naver.com/mnews/article/088/0001032126?sid=103,2026-10-04,n.news.naver.com,Korean,South Korea,반도체,D2_품목,2026-10-04,[],0,NONE,,
1e688813821f8f4ef70ce656c22b18c8,"국힘 “李 경제 자화자찬, 국민 66%는 ‘경제 나쁘다’” 민주 “尹 시절...",https://n.news.naver.com/mnews/article/023/0004002019?sid=100,2026-10-04,n.news.naver.com,Korean,South Korea,반도체,D2_품목,2026-10-04,[],0,NONE,,
544ae4d0671acd3b11dc985e61b6563e,'대전 D-성장펀드' 540억 규모 출범...지역성장펀드 3호,https://n.news.naver.com/mnews/article/092/0002439798?sid=105,2026-10-04,n.news.naver.com,Korean,South Korea,반도체,D2_품목,2026-10-04,[],0,NONE,,
8703feae32d70e4bff97f7f6db39cae2,"중년 부부들 “양가 노부모 부양, 너무 힘들어”… 아내의 가장 큰 고민...",https://n.news.naver.com/mnews/article/296/0000105571?sid=103,2026-10-04,n.news.naver.com,Korean,South Korea,반도체,D2_품목,2026-10-04,[],0,NONE,,
b8687d6aae65740d09c4d6a58a32f213,"반도체만 웃는 3% 성장…이형일 “양극화 해소, 재경부가 앞장서야”",https://n.news.naver.com/mnews/article/011/0004668097?sid=101,2026-10-04,n.news.naver.com,Korean,South Korea,반도체,D2_품목,2026-10-04,[],0,NONE,,
108df74b38cd9d9dc30f1be84064fb74,"​韓 스타트업 투자, 4년 만에 10조 돌파…AI 반도체·우주항공 쏠림",https://n.news.naver.com/mnews/article/293/0000091206?sid=101,2026-10-04,n.news.naver.com,Korean,South Korea,반도체,D2_품목,2026-10-04,[],0,NONE,,
6f7443e2e07cce5c3d68336bda2043dd,"아산시,서울서 '투자 1번지 아산' 선언",https://www.ccdailynews.com/news/articleView.html?idxno=2444432,2026-10-04,www.ccdailynews.com,Korean,South Korea,반도체,D2_품목,2026-10-04,[],0,NONE,,
02874a7e6ca0d96cb5b112a3fd2441e9,젠슨 황 엔비디아 지분가치 280조원…AI 황금시대의 '슈퍼 CEO',https://www.jemin.com/news/articleView.html?idxno=843813,2026-10-04,www.jemin.com,Korean,South Korea,반도체,D2_품목,2026-10-04,[],0,NONE,,
8f98bade4fdc5ad7758c622a28345161,"국힘 경북도당·예천 주민들 ""광주 공군기 임시 배치 반대""",https://n.news.naver.com/mnews/article/421/0009208892?sid=102,2026-10-04,n.news.naver.com,Korean,South Korea,반도체,D2_품목,2026-10-04,[],0,NONE,,
6ac82319531e57434392416c5436bd29,"한국거래소, 메모리 집중 ETF 7일 신규상장",https://www.pinpointnews.co.kr/news/articleView.html?idxno=492557,2026-10-04,www.pinpointnews.co.kr,Korean,South Korea,반도체,D2_품목,2026-10-04,[],0,NONE,,
b1e5a568c259507cc47133d3ed7690a3,"[김대호 인물] AMD 리사수... 엔비디아 쿠다(CUDA) ""게 섯거라""",https://www.g-enews.com/view.php?ud=202609291134165317906806b77b_1,2026-10-04,www.g-enews.com,Korean,South Korea,반도체,D2_품목,2026-10-04,[],0,NONE,,
2ed7a66d2f027ced81fd684452dac0be,"“박은정은?” “바른 시각으로”… 李, 이제 반론까지 직접 고른다",https://n.news.naver.com/mnews/article/661/0000084313?sid=100,2026-10-04,n.news.naver.com,Korean,South Korea,반도체,D2_품목,2026-10-04,[],0,NONE,,
738b426c46170451b8fbbbf7ca9b22ab,"""왜 이렇게 팔아치우나"" 단물 다 빠진 한국주식?…외국인 한 달 새 20조...",https://n.news.naver.com/mnews/article/277/0005824481?sid=101,2026-10-04,n.news.naver.com,Korean,South Korea,반도체,D2_품목,2026-10-04,[],0,NONE,,
303dedf44491e150afaa1f46036c5ce5,9월 시총 '반도체 웃고 자동차 울었다'...SK스퀘어 10%↑·현대모비스 1...,https://www.pinpointnews.co.kr/news/articleView.html?idxno=492554,2026-10-04,www.pinpointnews.co.kr,Korean,South Korea,반도체,D2_품목,2026-10-04,"[""KC_HyundaiMobis""]",1,NONE,,
8841f77e491274d9a6a12fb5642c6941,[데스크라인]환갑 맞는 과학기술 거버넌스,https://n.news.naver.com/mnews/article/030/0003472188?sid=110,2026-10-04,n.news.naver.com,Korean,South Korea,반도체,D2_품목,2026-10-04,[],0,NONE,,
a5e99850bbef122aef7bc06888289431,"삼성전자, '2026 용인 사이버 과학축제' 참가",https://n.news.naver.com/mnews/article/448/0000642995?sid=101,2026-10-04,n.news.naver.com,Korean,South Korea,반도체,D2_품목,2026-10-04,"[""KC_Samsung""]",1,NONE,,
9121f8913a3f89ea0216add84db37da7,코스피 받친 55조의 힘…삼전·하이닉스 매수 끝나면?,https://www.todayeconomic.com/news/article.html?no=32332,2026-10-04,www.todayeconomic.com,Korean,South Korea,반도체,D2_품목,2026-10-04,[],0,NONE,,
6e5610940a6de5465df175e1bb9a3ba1,"'최태원과 나란히' 김희영, 한복 차림으로 뉴욕 공식석상 올라…파기환...",https://n.news.naver.com/mnews/article/243/0000103853?sid=101,2026-10-04,n.news.naver.com,Korean,South Korea,반도체,D2_품목,2026-10-04,[],0,NONE,,
ea20d1208e75331ff8d6826ac0f9927f,"용인특례시, 시 승격 30주년 ‘조아용 페스티벌’…스포츠 스타도 시민...",https://www.cfnews.kr/news/article.html?no=112531,2026-10-04,www.cfnews.kr,Korean,South Korea,반도체,D2_품목,2026-10-04,[],0,NONE,,
ee6b81d1e2126d264b4072e1e27ad76f,"전남개발공사·서부발전, 육상풍력 손잡았다",https://www.namdonews.com/news/articleView.html?idxno=925162,2026-10-04,www.namdonews.com,Korean,South Korea,반도체,D2_품목,2026-10-04,[],0,NONE,,
d6931c31b5c7079f2cf6041160054879,충남 산업입지 증가분 40%는 '개별입지'…해법은?,https://www.goodmorningcc.com/news/articleView.html?idxno=453428,2026-10-04,www.goodmorningcc.com,Korean,South Korea,반도체,D2_품목,2026-10-04,[],0,NONE,,
26b8564d33d67869d8f7c2309578e9a4,"삼성전자, 용인 반도체 산단 ‘속도전’…2029년 10월 가동 목표",http://www.newstomato.com/ReadNews.aspx?no=1315624&inflow=N,2026-10-04,www.newstomato.com,Korean,South Korea,반도체,D2_품목,2026-10-04,"[""KC_Samsung""]",1,NONE,,
15a198d334d5a9fe287dc0bc2dde367b,쪼그라든 완성차 영업이익…외형 성장 둔화 속 내실 경고등,https://kidd.co.kr/news/247619,2026-10-04,kidd.co.kr,Korean,South Korea,반도체,D2_품목,2026-10-04,[],0,NONE,,
a181e2b69fcba205f8d979538f63c9c6,국민연금 코스닥 투자액 10조 넘어,https://n.news.naver.com/mnews/article/215/0001268143?sid=101,2026-10-04,n.news.naver.com,Korean,South Korea,반도체,D2_품목,2026-10-04,[],0,NONE,,
fd289325517361dc8a159f5a57442dd5,"""美에 공장 안 지으면 '관세 300%'""…트럼프, 글로벌 기업 압박",https://www.ziksir.com/news/articleView.html?idxno=148283,2026-10-04,www.ziksir.com,Korean,South Korea,반도체,D2_품목,2026-10-04,[],0,NONE,,
5cb72258ff8af362e63268381ee13b4c,"같은 원자, 순서만 바꿨더니...반도체 성능 폭발 기대감 [자막뉴스]",https://n.news.naver.com/mnews/article/052/0002414599?sid=105,2026-10-04,n.news.naver.com,Korean,South Korea,반도체,D2_품목,2026-10-04,[],0,NONE,,
4fd69be1cfeef89b9c89973466d9e355,[외환-주간] 美 고용 둔화에 열린 달러-원 하방…국채금리가 제동 걸까,https://news.einfomax.co.kr/news/articleView.html?idxno=4437720,2026-10-04,news.einfomax.co.kr,Korean,South Korea,반도체,D2_품목,2026-10-04,[],0,NONE,,
db122f5d3eb8c4ad6b703766917a8010,“삼전닉스 잘먹고 갑니다” 한달새 17조 던진 외국인…보유율 최저,https://n.news.naver.com/mnews/article/009/0005743708?sid=101,2026-10-04,n.news.naver.com,Korean,South Korea,반도체,D2_품목,2026-10-04,[],0,NONE,,
cca9918e8297cb755efe1480ca9a9d24,한 달 수출이 31년 전 1년치 육박…韓 경제 체급이 달라졌다[Pick코노미...,https://n.news.naver.com/mnews/article/011/0004668091?sid=101,2026-10-04,n.news.naver.com,Korean,South Korea,반도체,D2_품목,2026-10-04,[],0,NONE,,
9e9423fe18913ee4cbd0e26f5719c990,마이크론 ‘깜짝 실적’ 다음은 삼전·하닉…반도체 랠리 이어질까[코주...,https://n.news.naver.com/mnews/article/011/0004668090?sid=101,2026-10-04,n.news.naver.com,Korean,South Korea,반도체,D2_품목,2026-10-04,[],0,NONE,,
2e4d85352ff8c05cff20a5a7817f2d2b,건어물 팔던 나라서 반도체 수출국으로…韓수출 1조弗 눈앞 [세쓸통],https://n.news.naver.com/mnews/article/003/0014232723?sid=101,2026-10-04,n.news.naver.com,Korean,South Korea,반도체,D2_품목,2026-10-04,[],0,NONE,,
4543c64efc4be9b007879dbc115d44bd,"""주가 묻는 투자는 틀렸다""...30년 경력 경제평론가의 직격 [fn 인사이트...",https://n.news.naver.com/mnews/article/014/0005584672?sid=101,2026-10-04,n.news.naver.com,Korean,South Korea,반도체,D2_품목,2026-10-04,[],0,NONE,,
8fc21aaef5485fafef399bfa70618dbe,"“160만개 일자리 창출효과” 삼성전자, 용인 과학축제 참가해 ‘반도체...",https://n.news.naver.com/mnews/article/009/0005743706?sid=102,2026-10-04,n.news.naver.com,Korean,South Korea,반도체,D2_품목,2026-10-04,"[""KC_Samsung""]",1,NONE,,
c97688498d2f1e566f490dc59315d3b1,"한복 차려입은 김희영, 최태원 회장과 나란히…뉴욕 공식행사 참석",https://n.news.naver.com/mnews/article/009/0005743703?sid=101,2026-10-04,n.news.naver.com,Korean,South Korea,반도체,D2_품목,2026-10-04,[],0,NONE,,
287f5beb7f35117d3bad19953be01c8f,"AI 투자 광풍 속 마이크로소프트, 이제는 '수익화'가 승부처",https://www.jemin.com/news/articleView.html?idxno=843811,2026-10-04,www.jemin.com,Korean,South Korea,반도체,D2_품목,2026-10-04,[],0,NONE,,
241ba75129c7faa138f865e0eda67ea1,"360조 투자 삼성, 용인 어떻게 바꿀까…하루 45만t 물도 ‘재활용’",https://n.news.naver.com/mnews/article/025/0003555611?sid=101,2026-10-04,n.news.naver.com,Korean,South Korea,반도체,D2_품목,2026-10-04,[],0,NONE,,
77b170e7c292a097a803054fd16d7f12,“언제까지 AI로 버티나”…美 국채금리 5%대에 증시 ‘시한폭탄’ [머...,https://www.ekn.kr/web/view.php?key=20261004024392069,2026-10-04,www.ekn.kr,Korean,South Korea,반도체,D2_품목,2026-10-04,[],0,NONE,,
bd175388cbec9dad74d820754ba3d120,'AI 호황인데 돈 어디서'…SK하이닉스 고민 빠진 이유,https://n.news.naver.com/mnews/article/215/0001268142?sid=105,2026-10-04,n.news.naver.com,Korean,South Korea,반도체,D2_품목,2026-10-04,"[""KC_SKHynix""]",1,NONE,,
272a7892f08cfe1592eb77245e767b85,"'후발 주자' 삼성, 빅딜이로 향한 곳은··· ""판도 완전 재편""",https://www.greenpostkorea.co.kr/news/articleView.html?idxno=307593,2026-10-04,www.greenpostkorea.co.kr,Korean,South Korea,반도체,D2_품목,2026-10-04,[],0,NONE,,
193469f4818aee60395b809d671253e2,한전에 리벨리온 NPU·AI칩 성능지표 'K-Perf' 첫 적용,https://n.news.naver.com/mnews/article/014/0005584666?sid=105,2026-10-04,n.news.naver.com,Korean,South Korea,반도체,D2_품목,2026-10-04,[],0,NONE,,
8a239d7d2eec643c6168d45034684e7b,"쌓을 땐 조목조목, 메울 땐 두루뭉술…미래기금 향한 국회 사무처 경고",https://n.news.naver.com/mnews/article/023/0004002003?sid=101,2026-10-04,n.news.naver.com,Korean,South Korea,반도체,D2_품목,2026-10-04,[],0,NONE,,
c8e4a3521c94b755fcdddc29e51f9216,"아마존, 80억달러 엔비디아 칩 SPV로 이전 추진-'자산 경량화' 나선다",https://www.mediafine.co.kr/news/articleView.html?idxno=91606,2026-10-04,www.mediafine.co.kr,Korean,South Korea,반도체,D2_품목,2026-10-04,[],0,NONE,,
f2779d90f47280d04db903dfcb053eba,[핀포인트] [삼성바이오로직스] 삼성전자 노조 '카피캣'…임금·인사 놓...,https://news.dealsitetv.com/articles/176598,2026-10-04,news.dealsitetv.com,Korean,South Korea,반도체,D2_품목,2026-10-04,"[""KC_Samsung""]",1,NONE,,
193cc7d42395ae1604dec7aeb6a1afb6,"삼성, 용인 과학축제서 국가산단 청사진 제시",https://dealsite.co.kr/articles/170111,2026-10-04,dealsite.co.kr,Korean,South Korea,반도체,D2_품목,2026-10-04,[],0,NONE,,
59a54328454e608c7dc78b0e91d85d57,윤곽 드러난 대미투자 프로젝트…원전·가스터빈·건설株 수혜 기대,https://www.g-enews.com/view.php?ud=202610021405487010923c501012_1,2026-10-04,www.g-enews.com,Korean,South Korea,반도체,D2_품목,2026-10-04,[],0,NONE,,
8eba3a715c08d76df84cd1e44e289c54,"마이크론, 2분기 D램 시장서 2위 SK하이닉스 '턱밑' 추격",https://www.getnews.co.kr/news/articleView.html?idxno=882578,2026-10-04,www.getnews.co.kr,Korean,South Korea,반도체,D2_품목,2026-10-04,"[""KC_SKHynix""]",1,NONE,,
bd1d97d30ca3929955d94b1f68d39f27,"충청권 4개 시·도, 광역연합 특별법 제정 공동 대응",http://www.cctimes.kr/news/articleView.html?idxno=930437,2026-10-04,www.cctimes.kr,Korean,South Korea,반도체,D2_품목,2026-10-04,[],0,NONE,,
9a7c7c7187aa5cc8691c51e963a8155c,[인사] 전남광주통합특별시,https://www.businesspost.co.kr/BP?command=article_view&num=448593,2026-10-04,www.businesspost.co.kr,Korean,South Korea,반도체,D2_품목,2026-10-04,[],0,NONE,,
2cb110335329732fd65dc86a7d341762,"대구 중소기업계, 민주당 대구시당에 지역경제 현안 건의",https://www.kbsm.net/news/view.php?idx=536449,2026-10-04,www.kbsm.net,Korean,South Korea,반도체,D2_품목,2026-10-04,[],0,NONE,,
80bc41992f10804b6a1669902b22a4be,"한국, ISO 이사국 연임 성공",https://www.todayenergy.kr/news/articleView.html?idxno=303830,2026-10-04,www.todayenergy.kr,Korean,South Korea,반도체,D2_품목,2026-10-04,[],0,NONE,,
cac703931bcc4daeb1c8ae091edcd25f,반도체부터 조선까지…해외로 샌 산업기술 120건,https://www.namdonews.com/news/articleView.html?idxno=925157,2026-10-04,www.namdonews.com,Korean,South Korea,반도체,D2_품목,2026-10-04,[],0,NONE,,
07b1fc34800c177e603bd2e03ff3b7fc,한미반도체 등 일부 HBM 관련주 '빨간불'…와이씨·윈팩 5%대 강세,https://www.cbci.co.kr/news/articleView.html?idxno=612288,2026-10-04,www.cbci.co.kr,Korean,South Korea,반도체,D2_품목,2026-10-04,[],0,NONE,,
754ef56af38ee2800077a008de8724b4,"삼성전자, 용인 사이버 과학축제 참가…”국가산단 미래 소개“",https://www.sentv.co.kr/article/view/sentv202610040013,2026-10-04,www.sentv.co.kr,Korean,South Korea,반도체,D2_품목,2026-10-04,"[""KC_Samsung""]",1,NONE,,
1940cbdb36875795c84c6750f776237b,"BNK부산은행, 산업전문가 30명 자문단 꾸린다…기업 여신심사에 활용",https://www.seoultimes.news/news/article.html?no=2000100528,2026-10-04,www.seoultimes.news,Korean,South Korea,반도체,D2_품목,2026-10-04,[],0,NONE,,
26bb1e2789f19a26fbf4b7e1aab8e60a,"[증시 프리즘] 삼전 실적 앞둔 코스피, '7천피' 안착 시험대…외인 돌아...",https://www.moneystorm.kr/news/articleView.html?idxno=7033,2026-10-04,www.moneystorm.kr,Korean,South Korea,반도체,D2_품목,2026-10-04,[],0,NONE,,
f43c5d0c15057add66efd43ca9c515a8,9월 수출 1천209억 달러…반도체 강세 속 비반도체 품목도 반등,https://kidd.co.kr/news/247617,2026-10-04,kidd.co.kr,Korean,South Korea,반도체,D2_품목,2026-10-04,[],0,NONE,,
824ddfe91a74db57d2b3a2f61a78ef2f,이상일“반도체 중추도시 용인시 150만 광역시 여정 시작했다”,https://n.news.naver.com/mnews/article/468/0001270475?sid=102,2026-10-04,n.news.naver.com,Korean,South Korea,반도체,D2_품목,2026-10-04,[],0,NONE,,
299d64b8b27b5427b45a66a005fb2071,"美, '4천억 원' 상당 엔비디아 AI 서버 中 밀수 혐의 기업인 체포",https://n.news.naver.com/mnews/article/422/0000912428?sid=104,2026-10-04,n.news.naver.com,Korean,South Korea,반도체,D2_품목,2026-10-04,[],0,NONE,,
b4ee5c74f8ce7d56d1f8c3f8057214d0,마이크론이 확인한 '메모리 호황'···삼전·하닉 합산 영업익 전년 比...,https://www.sisajournal-e.com/news/articleView.html?idxno=424124,2026-10-04,www.sisajournal-e.com,Korean,South Korea,반도체,D2_품목,2026-10-04,[],0,NONE,,
a20b0d91a36dda522883575423a82cdb,"퀄컴 2나노 몸값 폭등에 삼성 엑시노스 2700, 조기 양산 승부수 던졌다",https://www.g-enews.com/view.php?ud=202610041055325394fbbec65dfb_1,2026-10-04,www.g-enews.com,Korean,South Korea,반도체,D2_품목,2026-10-04,[],0,NONE,,
d08160e501a9f50b59c1710b29c63f69,제주반도체 연휴 뒤 흐름 이목…반도체 관련주 추이 살펴야,https://www.cbci.co.kr/news/articleView.html?idxno=612282,2026-10-04,www.cbci.co.kr,Korean,South Korea,반도체,D2_품목,2026-10-04,[],0,NONE,,
e7c3f33ff8006066fc425ee62105a6ea,"아마존, AI 데이터센터 갈등에 10억 달러 투입…지역사회 지원 확대",https://www.jemin.com/news/articleView.html?idxno=843809,2026-10-04,www.jemin.com,Korean,South Korea,반도체,D2_품목,2026-10-04,[],0,NONE,,
50dea7978af2944d20efd1dbe69c3670,[여의도풍향계] 국정감사 증언대 서는 JYP…조희대 증인 충돌 되풀이,https://n.news.naver.com/mnews/article/422/0000912424?sid=100,2026-10-04,n.news.naver.com,Korean,South Korea,반도체,D2_품목,2026-10-04,[],0,NONE,,
f3028e95ac8efe1ad0bacb99204e21d0,[기업기상도] 대풍 들어 맑은 기업 vs 하늘 잔뜩 찌푸린 기업,https://n.news.naver.com/mnews/article/422/0000912423?sid=101,2026-10-04,n.news.naver.com,Korean,South Korea,반도체,D2_품목,2026-10-04,[],0,NONE,,
00afd0ad91c811dfdd4b1eb24db8e69e,"삼성전자, '360조 투자' 용인 반도체 산단 지역사회와 공유 ... 친환경 미...",http://www.worktoday.co.kr/news/articleView.html?idxno=90031,2026-10-04,www.worktoday.co.kr,Korean,South Korea,반도체,D2_품목,2026-10-04,"[""KC_Samsung""]",1,NONE,,
357d8b80a4e553da6a1846b5248406c7,"삼성전자, 3분기 영업익 첫 100조 기대에도…희비 엇갈린 DS·DX",https://n.news.naver.com/mnews/article/293/0000091204?sid=101,2026-10-04,n.news.naver.com,Korean,South Korea,반도체,D2_품목,2026-10-04,"[""KC_Samsung""]",1,NONE,,
9a431311dc48270ea0cfa343807c8ebc,기초연금 '반쪽' 개편·국립대병원 첫 등판…복지부 국감 쟁점은,https://n.news.naver.com/mnews/article/003/0014232643?sid=102,2026-10-04,n.news.naver.com,Korean,South Korea,반도체,D2_품목,2026-10-04,[],0,NONE,,
ac9c885d5ec65fa9a34882b30604f215,"삼성전자, 분기 영업익 100조 눈앞…메모리 반도체 호황",https://www.newsway.co.kr/news/view?ud=2026100410562614130,2026-10-04,www.newsway.co.kr,Korean,South Korea,반도체,D2_품목,2026-10-04,"[""KC_Samsung""]",1,NONE,,
c653ecdbcefd75ca9dae59ea211799ec,SK하이닉스·삼성전자 204조…9월 일평균 거래대금 18% 감소,http://www.kjdaily.com/article.php?aid=1791078895688205276,2026-10-04,www.kjdaily.com,Korean,South Korea,반도체,D2_품목,2026-10-04,"[""KC_SKHynix"", ""KC_Samsung""]",2,NONE,,
35338d9f4f38e7e74f95b349fad1f18a,"테슬라, 공급난에 AI5 램 깎았다가 최하위 낙인 피하려 96GB로 재조정",https://www.g-enews.com/view.php?ud=202610041045243938fbbec65dfb_1,2026-10-04,www.g-enews.com,Korean,South Korea,반도체,D2_품목,2026-10-04,[],0,NONE,,
16fb89ab9e2ebe4db0eac34f3b8a114a,"삼성전자, '반도체 투자 360조원' 용인 국가산단…지역 미래 모습 한눈...",https://www.cwn.kr/news/articleView.html?idxno=58285,2026-10-04,www.cwn.kr,Korean,South Korea,반도체,D2_품목,2026-10-04,"[""KC_Samsung""]",1,NONE,,
f378f9a46f9ce5a9e86355fe9c69f9b0,"미래에셋증권, 10월 첫째주 삼성전기 등 14종목 매수 추천",https://www.bigtanews.co.kr/article/view/big202610040004,2026-10-04,www.bigtanews.co.kr,Korean,South Korea,반도체,D2_품목,2026-10-04,[],0,NONE,,
2b68c738ff79ee48adbc312ad884fee8,"단순 납품 끝났다… 삼성·SK, 674조 AI 인프라 판 짠다",https://www.g-enews.com/view.php?ud=202610041020044299fbbec65dfb_1,2026-10-04,www.g-enews.com,Korean,South Korea,반도체,D2_품목,2026-10-04,[],0,NONE,,
3769d5d759506fb0b4187b18262f557f,삼성전자 '분기 영업익 100조' 넘을까,http://www.smedaily.co.kr/news/articleView.html?idxno=364150,2026-10-04,www.smedaily.co.kr,Korean,South Korea,반도체,D2_품목,2026-10-04,"[""KC_Samsung""]",1,NONE,,
04fc31f3fa0ac8f8c4692d69351debca,"AI가 짚은 추미애 조직개편…""겹치는 국 통합하고, AI·미래산업·노동에...",https://www.gukjenews.com/news/articleView.html?idxno=3712817,2026-10-04,www.gukjenews.com,Korean,South Korea,반도체,D2_품목,2026-10-04,[],0,NONE,,
eaf005bb7e4ae4ae005daf7a9b353dd0,"""한복 입은 김희영, 옆엔 최태원""…9440억 판결 후 첫 공식 동행",https://n.news.naver.com/mnews/article/277/0005824456?sid=102,2026-10-04,n.news.naver.com,Korean,South Korea,반도체,D2_품목,2026-10-04,[],0,NONE,,
85d6d3c1b933c2f4fb3a763f6c22582a,4분기 시작한 주식시장…증권가 “증시 이탈보단 주식 비중 확대 골든타...,https://n.news.naver.com/mnews/article/022/0004163894?sid=101,2026-10-04,n.news.naver.com,Korean,South Korea,반도체,D2_품목,2026-10-04,[],0,NONE,Stock market,
e5319aa2e14575fbf00949ea4b4f94dd,"현정은 현대그룹 회장, 충북 명예도지사 재위촉…지역 상생 이어간다",https://www.thepublic.kr/news/articleView.html?idxno=321090,2026-10-04,www.thepublic.kr,Korean,South Korea,반도체,D2_품목,2026-10-04,[],0,NONE,Corporate leadership,
97a566e216f0af274b25af0ea483d21e,삼성전자 '2026 용인 사이버 과학축제' 참가…용인 국가산단 청사진 제...,https://n.news.naver.com/mnews/article/030/0003472185?sid=105,2026-10-04,n.news.naver.com,Korean,South Korea,반도체,D2_품목,2026-10-04,"[""KC_Samsung""]",1,NONE,Corporate event,
f0250f394beb8901d1b4ded55a6f91f7,"SK하이닉스, 美선 40% 웃돈 붙었다…한국과 '같은 주식' 맞나",https://n.news.naver.com/mnews/article/243/0000103845?sid=101,2026-10-04,n.news.naver.com,Korean,South Korea,반도체,D2_품목,2026-10-04,"[""KC_SKHynix""]",1,NONE,Stock valuation,
db8c021aba43e5bd3e10d3c8b38eed81,"반도체가 이끈 수출, 사상 첫 1조달러 가시권",https://n.news.naver.com/mnews/article/417/0001160022?sid=101,2026-10-04,n.news.naver.com,Korean,South Korea,반도체,D2_품목,2026-10-04,[],0,NONE,Export milestone,
590631bb2d62414886951db83b9a33ff,[요즘 테크+/⑥]AI는 왜 'SI'가 됐나…美 정부가 꺼낸 새 이름,https://www.businessplus.kr/news/articleView.html?idxno=117691,2026-10-04,www.businessplus.kr,Korean,South Korea,반도체,D2_품목,2026-10-04,[],0,NONE,Technology trend,
efa538e752474f10de58ad9bd0f49ee8,"삼성전자, 분기 영업익 첫 100조원 넘본다",https://n.news.naver.com/mnews/article/417/0001160021?sid=101,2026-10-04,n.news.naver.com,Korean,South Korea,반도체,D2_품목,2026-10-04,"[""KC_Samsung""]",1,NONE,Corporate earnings,
6d95600a8b71a39940223e37a91507ab,삼전·닉스 제쳤다…한 달 새 20% 넘게 뛴 '이 종목',https://n.news.naver.com/mnews/article/243/0000103844?sid=101,2026-10-04,n.news.naver.com,Korean,South Korea,반도체,D2_품목,2026-10-04,[],0,NONE,Stock performance,
5dcbbebef933a1f88ba0a2660faa02bb,삼성전자 직주근접에 4500여가구 브랜드타운까지...현대건설 '힐스테이...,https://www.rcast.co.kr/news/articleView.html?idxno=31763,2026-10-04,www.rcast.co.kr,Korean,South Korea,반도체,D2_품목,2026-10-04,"[""KC_Samsung"", ""KC_HyundaiE""]",2,NONE,Real estate development,
eaa78eb16b75ca9ddec5e4d51bbb5d48,"[주간AI노트] AI 패권, 특허로 승부 본다…민·관 ‘K-AI’ 원팀 출범",https://www.inthenews.co.kr/news/article.html?no=92627,2026-10-04,www.inthenews.co.kr,Korean,South Korea,반도체,D2_품목,2026-10-04,[],0,NONE,AI policy,
ff4279b8b0b2816f585fc43d19caa5aa,"재경위 ""미래기금, 국회 재정 통제권 축소할 수 있다""",https://n.news.naver.com/mnews/article/057/0001971914?sid=100,2026-10-04,n.news.naver.com,Korean,South Korea,반도체,D2_품목,2026-10-04,[],0,NONE,Government policy,
fa766cbd7f5d598b076a4e66797a916f,"조국, 송영길에 ""노무현·문재인 일관되게 흠집…갈라치기 멈춰라""",https://n.news.naver.com/mnews/article/018/0006380633?sid=100,2026-10-04,n.news.naver.com,Korean,South Korea,반도체,D2_품목,2026-10-04,[],0,NONE,Political dispute,
c48d9ae95475b7bfc18b7bdc1bd0bb7b,"삼성전자, 용인 사이버 과학축제서 국가산단 미래 청사진 소개",http://www.ftoday.co.kr/news/articleView.html?idxno=366629,2026-10-04,www.ftoday.co.kr,Korean,South Korea,반도체,D2_품목,2026-10-04,"[""KC_Samsung""]",1,NONE,Corporate event,
a0e3a3f60fce7493ccb96c9b86939b36,“어쩐지 비싸더라”…컵밥·콜라 가격 줄줄이 올랐는데 10월 또 비상? ...,https://n.news.naver.com/mnews/article/022/0004163888?sid=101,2026-10-04,n.news.naver.com,Korean,South Korea,반도체,D2_품목,2026-10-04,[],0,NONE,Consumer prices,
7c61df84b6258c625d10747ea9df66d6,"'포모마저 그립다'…외국인 한달새 20조 팔아치운 '삼전·닉스', 자사주...",https://n.news.naver.com/mnews/article/243/0000103842?sid=101,2026-10-04,n.news.naver.com,Korean,South Korea,반도체,D2_품목,2026-10-04,[],0,NONE,Stock trading,
338a8c0d9a1d857575a85ded19a00f89,"5년 간 277억원 투입…전북도의원, 반도체 육성 조례 발의",https://n.news.naver.com/mnews/article/079/0004195504?sid=102,2026-10-04,n.news.naver.com,Korean,South Korea,반도체,D2_품목,2026-10-04,[],0,NONE,Semiconductor policy,
39cfd8e8e6792719b1b681255d275024,[9월 주가상승률]상위 50개 중 46개 교체…상승폭은 둔화,http://www.kjdaily.com/article.php?aid=1791074165688206276,2026-10-04,www.kjdaily.com,Korean,South Korea,반도체,D2_품목,2026-10-04,[],0,NONE,Stock market,
c298219954a7b5dbb221585cad6a0fb2,"[올댓차이나] 中, 침지형 DUV 노광장비 343대 확보…""첨단 반도체 생산 ...",https://n.news.naver.com/mnews/article/003/0014232515?sid=104,2026-10-04,n.news.naver.com,Korean,South Korea,반도체,D2_품목,2026-10-04,[],0,NONE,China semiconductor,
826ac5304024bd4e92df934874fbb42a,"국민연금, 코스닥에 10조 쏟았다…'천스닥' 다시 가나",https://n.news.naver.com/mnews/article/374/0000536217?sid=101,2026-10-04,n.news.naver.com,Korean,South Korea,반도체,D2_품목,2026-10-04,[],0,NONE,Pension investment,
52034f74d0bd89b540bf30a0ad7958bf,[글로벌 두뇌전쟁②]삼성 갤럭시 AI에 '베트남 두뇌'…현지 연구진 언어...,https://www.mediapen.com/news/view/1126975,2026-10-04,www.mediapen.com,Korean,South Korea,반도체,D2_품목,2026-10-04,[],0,NONE,Corporate R&D,
56d0306706849e3f4d3b6e5192665ec3,외국인 순매도 20조...반도체 투톱 집중,http://www.hansbiz.co.kr/news/articleView.html?idxno=870000,2026-10-04,www.hansbiz.co.kr,Korean,South Korea,반도체,D2_품목,2026-10-04,[],0,NONE,,
23b520b119162b3dbeca5c2adac8f119,"""AI 반도체, 지금 사도 될까?""…ETF 이름보다 '무엇을 담았나'부터 봐야...",https://news.ifm.kr/news/articleView.html?idxno=480837,2026-10-04,news.ifm.kr,Korean,South Korea,반도체,D2_품목,2026-10-04,[],0,NONE,,
54f8cd147969511a0850f37a2a63989c,[AI위클리] AI 경쟁 기준 달라졌다…'성능' 넘어 '실행'으로,https://n.news.naver.com/mnews/article/001/0016356334?sid=105,2026-10-04,n.news.naver.com,Korean,South Korea,반도체,D2_품목,2026-10-04,[],0,NONE,,
ad6374446d49ae38447fa0a2f650e122,"""논의 중이나 결실 맺을 수도""…머스크 테라팹, TSMC와 연합 전선 추진",https://n.news.naver.com/mnews/article/138/0002243611?sid=105,2026-10-04,n.news.naver.com,Korean,South Korea,반도체,D2_품목,2026-10-04,[],0,NONE,,
a7dc2ec44731d8b464ac5200e71a830f,"외풍에 흔들린 KOSPI200, 결국 반등… 한화투자증권 ""낙폭 과대 인식"" 확...",https://www.pinpointnews.co.kr/news/articleView.html?idxno=492538,2026-10-04,www.pinpointnews.co.kr,Korean,South Korea,반도체,D2_품목,2026-10-04,[],0,NONE,,
b3a77ce682276e29d584202fc7a42997,"엔비디아, AI 안전 논의 전면에…미국 정부와 '자율 규범' 시험대",https://www.jemin.com/news/articleView.html?idxno=843804,2026-10-04,www.jemin.com,Korean,South Korea,반도체,D2_품목,2026-10-04,[],0,NONE,,
490e5a81a3941ebffff7347df0696a11,AI 데이터센터는 '새 시대의 산업도시',http://www.choicenews.co.kr/news/articleView.html?idxno=171923,2026-10-04,www.choicenews.co.kr,Korean,South Korea,반도체,D2_품목,2026-10-04,[],0,NONE,,
1cda32e41f451fdb02b78a4055f5f36f,"사상 최대 실적에도 ""주가 왜 이래?""…메모리 호황 속 변수",https://n.news.naver.com/mnews/article/215/0001268129?sid=101,2026-10-04,n.news.naver.com,Korean,South Korea,반도체,D2_품목,2026-10-04,[],0,NONE,,
c0b9d7ea761b640374d1c037bfefa0db,"원화 강세에 수출주 실적 비상?… 유안타증권 ""환율보다 업황 봐야""",https://www.pinpointnews.co.kr/news/articleView.html?idxno=492537,2026-10-04,www.pinpointnews.co.kr,Korean,South Korea,반도체,D2_품목,2026-10-04,[],0,NONE,,
0c646526d78cd294d1fa649d3191e10c,"이재명 정부 2년차 국정감사, 여야의 치열한 대립 예고",https://www.gokorea.kr/news/articleView.html?idxno=880388,2026-10-04,www.gokorea.kr,Korean,South Korea,반도체,D2_품목,2026-10-04,[],0,NONE,,
4d93d6ecb8bad7bb76cd2d74517f6357,"용인시, 시 승격 30주년 '조아용 페스티벌' 성황",https://www.kihoilbo.co.kr/news/articleView.html?idxno=3036555,2026-10-04,www.kihoilbo.co.kr,Korean,South Korea,반도체,D2_품목,2026-10-04,[],0,NONE,,
3cdb45660940c70f5f2c5d4d56d40a37,"""규제 허점 파고들어 340대 비축""…중국 반도체, DUV 싹쓸이에 미국 반발",https://n.news.naver.com/mnews/article/138/0002243610?sid=105,2026-10-04,n.news.naver.com,Korean,South Korea,반도체,D2_품목,2026-10-04,[],0,NONE,,
da32c36c96fd0ee27ab1e0b716b87d35,"외국인, 9월 한달에만 코스피서 20조 '셀 코리아'... '삼전닉스' 비중 40...",https://www.getnews.co.kr/news/articleView.html?idxno=882572,2026-10-04,www.getnews.co.kr,Korean,South Korea,반도체,D2_품목,2026-10-04,[],0,NONE,,
52d7f7dc93bf14088278a224c0703ffa,다문화·젊음·사람·물류… 경기 서남부 4개 도시 ‘미래 키워드’,https://www.kyeongin.com/article/1771944,2026-10-04,www.kyeongin.com,Korean,South Korea,반도체,D2_품목,2026-10-04,[],0,NONE,,
0de6a835f4e1ae5755ec122c6d5f48b7,"‘포핸즈’ 송강·이준영, 9년 갈등 딛고… 쌍방구원 속 ‘해피엔딩’",https://m.entertain.naver.com/article/144/0001142151,2026-10-04,m.entertain.naver.com,Korean,South Korea,선사,D4_운송,2026-10-04,[],0,NONE,,
2fbe4e86f748c08683f32920097672f7,[문태준의 가슴이 따뜻해지는 詩] [141] 양봉 일지 3,https://n.news.naver.com/mnews/article/023/0004002048?sid=103,2026-10-04,n.news.naver.com,Korean,South Korea,선사,D4_운송,2026-10-04,[],0,NONE,,
4c94625d940cc6d00619585322e64ca6,‘나인뮤지스 총출동’ 조가빈♥황민수 결혼식 어땠나,https://m.entertain.naver.com/article/144/0001142150,2026-10-04,m.entertain.naver.com,Korean,South Korea,선사,D4_운송,2026-10-04,[],0,NONE,,
da5b376a10ebbee07b7e2e48f33d4cff,대전시낭송예술인협회와 최옥술 유성구의장의 문화 의정 소통,http://www.ccnnews.co.kr/news/articleView.html?idxno=415786,2026-10-04,www.ccnnews.co.kr,Korean,South Korea,선사,D4_운송,2026-10-04,[],0,NONE,,
b601678f63d3575eccc7311d22a7f8df,"“내가 산 거라 안 버려” 이동건, 결혼 때 구매한 식탁· 소파 사용 중...",https://m.entertain.naver.com/article/009/0005743889,2026-10-04,m.entertain.naver.com,Korean,South Korea,선사,D4_운송,2026-10-04,[],0,NONE,,
987af3356f7cc62738b70a9f40aa8c37,[오늘의 별자리 운세] 10월 5일 월요일,https://n.news.naver.com/mnews/article/366/0001196081?sid=103,2026-10-04,n.news.naver.com,Korean,South Korea,선사,D4_운송,2026-10-04,[],0,NONE,,
6ed81da9ec5f9fabd91be9071510f363,천안 첫 '무소음 DJ 파티' 뜨거웠다,https://www.abcn.kr/news/articleView.html?idxno=92687,2026-10-04,www.abcn.kr,Korean,South Korea,선사,D4_운송,2026-10-04,[],0,NONE,,
bc96523da1cbb86d7caa1d5d87606a5d,"[위클리오늘] 30회 맞은 영천 왕평가요제, 전국 403명 경합…대상에 경...",http://www.weeklytoday.com/news/articleView.html?idxno=796878,2026-10-04,www.weeklytoday.com,Korean,South Korea,선사,D4_운송,2026-10-04,[],0,NONE,,
bb937dd0517871247321f847ba855192,"'총체적인 운영 부실' 2026 아이치·나고야 AG 폐막…한국 선수단, 금메...",https://m.sports.naver.com/general/article/472/0000041792,2026-10-04,m.sports.naver.com,Korean,South Korea,선사,D4_운송,2026-10-04,[],0,NONE,,
e2bed8e406520ea2ea93e421a4803a11,'농촌 체험부터 이색 감성까지'...가을 정취 만끽,https://n.news.naver.com/mnews/article/052/0002414731?sid=102,2026-10-04,n.news.naver.com,Korean,South Korea,선사,D4_운송,2026-10-04,[],0,NONE,,
f51abaeb4fb193cae41db5c8e5bfa54b,"[1박 2일] 울돌목 찾은 멤버들, 이순신 장군의 비장한 결의 되새기며 역...",https://m.entertain.naver.com/article/438/0000081665,2026-10-04,m.entertain.naver.com,Korean,South Korea,선사,D4_운송,2026-10-04,[],0,NONE,,
a507fd8ff2b829c453435e0aeac36771,"영덕군, 장사리 ‘나이트 캠크닉’ 개최...여름 지나도 머물고 싶은 바...",http://www.metroseoul.co.kr/article/20261004500035,2026-10-04,www.metroseoul.co.kr,Korean,South Korea,선사,D4_운송,2026-10-04,[],0,NONE,,
cad0fce9353995193bf113003e7027da,"급락한 권위와 가치, 차기 아시안게임 개최 시기 '물음표'",https://n.news.naver.com/mnews/article/119/0003139399?sid=104,2026-10-04,n.news.naver.com,Korean,South Korea,선사,D4_운송,2026-10-04,[],0,NONE,,
09d4f64f9806535b5482f7151db3f5f6,"나주시, 12만 평 꽃정원부터 천년 읍성까지…한글날 연휴 즐길 거리 풍...",https://www.geconomy.co.kr/news/article.html?no=324127,2026-10-04,www.geconomy.co.kr,Korean,South Korea,선사,D4_운송,2026-10-04,[],0,NONE,,
0d2c2fd9ad7abfb139284200d452e980,‘최고 감동은 농구!’ 악재 속에서 동반 금메달,https://n.news.naver.com/mnews/article/056/0012267649?sid=104,2026-10-04,n.news.naver.com,Korean,South Korea,선사,D4_운송,2026-10-04,[],0,NONE,,
5392edff1f1e257811e2d55a7ea92a68,"하석진, 안희연이 계속 밀어내도 직진 고백... ""상처주는 말 얼마든지 해...",https://m.entertain.naver.com/article/445/0000472327,2026-10-04,m.entertain.naver.com,Korean,South Korea,선사,D4_운송,2026-10-04,[],0,NONE,,
f4a7aede296b0dae15d3d0309a14b3c5,"일상에서 피어난 문화, 시민과 만나다, 2026 천안생활문화한마당 열려",http://www.gocj.net/news/articleView.html?idxno=153042,2026-10-04,www.gocj.net,Korean,South Korea,선사,D4_운송,2026-10-04,[],0,NONE,,
864a125c109a634fa4e491720c48a0ab,"삼거리 공원까지 춤판 확장, 흥타령춤축제 외연 넓혀",http://www.gocj.net/news/articleView.html?idxno=153041,2026-10-04,www.gocj.net,Korean,South Korea,선사,D4_운송,2026-10-04,[],0,NONE,,
96e740c5838e227eedc0e7019f8edc2e,400년 방촌마을 ‘통째로’ 국가유산 추진,https://mpmbc.co.kr/NewsArticle/1539528,2026-10-04,mpmbc.co.kr,Korean,South Korea,선사,D4_운송,2026-10-04,[],0,NONE,,
c3169b1941b91248b9c8af5b25a72bac,[1박 2일] “저녁밥 당겨 먹자” 공깃밥 가불까지 부른 영암 낙지볶음의...,https://m.entertain.naver.com/article/438/0000081659,2026-10-04,m.entertain.naver.com,Korean,South Korea,선사,D4_운송,2026-10-04,[],0,NONE,,
08be2961408fde08df0b299d63d4361a,[1박 2일] 딘딘+이기택 뜻밖의 수도 퀴즈 실력!? 의기양양 장착 자유 여...,https://m.entertain.naver.com/article/438/0000081658,2026-10-04,m.entertain.naver.com,Korean,South Korea,선사,D4_운송,2026-10-04,[],0,NONE,,
412f9895838931b90b5aa5e1ad8a487a,[1박 2일] 가을 맞이 ‘어쩌다 자유 여행’! 우중 카트 게임부터 울돌목...,https://m.entertain.naver.com/article/438/0000081657,2026-10-04,m.entertain.naver.com,Korean,South Korea,선사,D4_운송,2026-10-04,[],0,NONE,,
990e7331a75e95c173086f141a42c734,"DB, 화끈한 뒷심…이규섭 감독, 데뷔전 승리",https://m.sports.naver.com/basketball/article/055/0001393097,2026-10-04,m.sports.naver.com,Korean,South Korea,선사,D4_운송,2026-10-04,[],0,NONE,,
d4ee3865a94a58ab5aac7dc10f2d266f,대행 선사 탄신 99주년…울산지원에 울려 퍼진 '한마음',https://www.hyunbulnews.com/news/articleView.html?idxno=505587,2026-10-04,www.hyunbulnews.com,Korean,South Korea,선사,D4_운송,2026-10-04,[],0,NONE,,
99be59c39a0014b56c8163e81e1274a6,"[나고야AG] 아이치·나고야 대회 폐막…""4년 뒤 도하에서 만나요""",https://n.news.naver.com/mnews/article/277/0005824532?sid=104,2026-10-04,n.news.naver.com,Korean,South Korea,선사,D4_운송,2026-10-04,[],0,NONE,,
a06cde4f1ae5995f31961eb82fd6f882,16일간의 열전 끝났지만…숙제 남긴 한국 스포츠,https://n.news.naver.com/mnews/article/055/0001393087?sid=104,2026-10-04,n.news.naver.com,Korean,South Korea,선사,D4_운송,2026-10-04,[],0,NONE,,
f6e4f259d07719c8850962371567e3b0,환호 뒤에 가려진 눈물‥'당신도 주인공입니다',https://n.news.naver.com/mnews/article/214/0001527138?sid=104,2026-10-04,n.news.naver.com,Korean,South Korea,선사,D4_운송,2026-10-04,[],0,NONE,,
27df8fe7e23451f3dc328bfa96afa935,"말도, 탈도 많았던 2026 아시안게임 폐막…다음은 카타르 도하",https://n.news.naver.com/mnews/article/015/0005339090?sid=104,2026-10-04,n.news.naver.com,Korean,South Korea,선사,D4_운송,2026-10-04,[],0,NONE,,
719b7b2bcb9e1e5b931b6160336fdd43,“역대 최악의 대회” 비판 속 성화 꺼졌다...나고야 AG 막 내려 [아시안...,https://n.news.naver.com/mnews/article/666/0000126042?sid=104,2026-10-04,n.news.naver.com,Korean,South Korea,선사,D4_운송,2026-10-04,[],0,NONE,,
9dc6548d2e842108bfac516bcaa52fb8,아이치·나고야 아시안게임 폐막⋯“4년 뒤 카타르 도하에서 만나요”,https://www.etoday.co.kr/news/view/2632375,2026-10-04,www.etoday.co.kr,Korean,South Korea,선사,D4_운송,2026-10-04,[],0,NONE,,
0184e74a0ce8bcba05c83de83128db8d,'역대 최악' 아이치·나고야 AG 폐막…韓선수단 금메달 39개로 '종합 3위...,https://www.slist.kr/news/articleView.html?idxno=770970,2026-10-04,www.slist.kr,Korean,South Korea,선사,D4_운송,2026-10-04,[],0,NONE,,
9a8fbbaa056ac082292be9968e5f1109,'레전드' 손흥민 대박이다! EPL 출범 후 '토트넘 최고의 영입' 1위 선정...,https://m.sports.naver.com/wfootball/article/117/0004112202,2026-10-04,m.sports.naver.com,Korean,South Korea,선사,D4_운송,2026-10-04,[],0,NONE,,
aab76cab9572b66a0b31ebeb7112183d,'부실 운영' 오점 남긴 32년 만의 日 아시안게임 폐막…한국 종합 3위,https://n.news.naver.com/mnews/article/079/0004195574?sid=104,2026-10-04,n.news.naver.com,Korean,South Korea,선사,D4_운송,2026-10-04,[],0,NONE,,
17c8d24dba454488c2776dfb2a06d80b,"&TEAM, KSPO DOME서 아시아 투어 대미 장식…9人이 전한 진심과 약속[종합...",http://www.celuvmedia.com/article.php?aid=1791111107528763007,2026-10-04,www.celuvmedia.com,Korean,South Korea,선사,D4_운송,2026-10-04,[],0,NONE,,
382bdfbc9ce3d54caceb5ca3ba81a6a0,"‘굿바이 아이치·나고야’ 한국 선수단, 태극기 흔들며 활짝 미소…조...",https://m.sports.naver.com/general/article/396/0000757102,2026-10-04,m.sports.naver.com,Korean,South Korea,선사,D4_운송,2026-10-04,[],0,NONE,,
fb71731c608e879a10a95dc11e28059a,"아이치·나고야 AG 폐막…4년 뒤, 혹은 5년 뒤? 도하에서 만나요(종합)",https://n.news.naver.com/mnews/article/001/0016357104?sid=104,2026-10-04,n.news.naver.com,Korean,South Korea,선사,D4_운송,2026-10-04,[],0,NONE,,
7ccacdcf604d9e5706bb2493a1b1e8ba,'가을이 왔다'…단풍부터 축제까지 전국 명산·관광지 북적,https://n.news.naver.com/mnews/article/022/0004164004?sid=103,2026-10-04,n.news.naver.com,Korean,South Korea,선사,D4_운송,2026-10-04,[],0,NONE,,
2cb66418fbb3d38ddd20403c074dbb05,[여기는 나고야] 44년 만에 무너진 금메달 40개…굿바이 나고야,https://n.news.naver.com/mnews/article/057/0001971981?sid=104,2026-10-04,n.news.naver.com,Korean,South Korea,선사,D4_운송,2026-10-04,[],0,NONE,,
92e3d57b9a8ab2f579058dbb0f34acd2,"뜨거웠던 아이치·나고야 '굿바이'…""도하에서 다시 만나요""(종합)[AG]",https://n.news.naver.com/mnews/article/421/0009209326?sid=104,2026-10-04,n.news.naver.com,Korean,South Korea,선사,D4_운송,2026-10-04,[],0,NONE,,
e3b0f31549d2f22bf02489e5ae44799a,"아이치·나고야 AG 폐막…4년 뒤, 혹은 5년 뒤? 도하에서 만나요",https://n.news.naver.com/mnews/article/001/0016357084?sid=104,2026-10-04,n.news.naver.com,Korean,South Korea,선사,D4_운송,2026-10-04,[],0,NONE,,
24d4c6f7c85d2949842fa61992db5430,"감성 밴드 에디앤더브릭스, '2026 루키즈 온 더 부락' 우승",https://n.news.naver.com/mnews/article/014/0005584846?sid=103,2026-10-04,n.news.naver.com,Korean,South Korea,선사,D4_운송,2026-10-04,[],0,NONE,,
8f6422e3e23b992d026a1e87d0cc0029,시청률 '11%' 뛰어넘을까… 대세 배우 총집합 한 한국 드라마,https://www.wikitree.co.kr/articles/1162908,2026-10-04,www.wikitree.co.kr,Korean,South Korea,선사,D4_운송,2026-10-04,[],0,NONE,,
752cb06d125774d3a4315f7f65fd4c8c,'2026 DKAF' 볼거리·즐길거리 넘쳤다…7만여 명 발길 속 대성황,https://www.cctoday.co.kr/news/articleView.html?idxno=2237780,2026-10-04,www.cctoday.co.kr,Korean,South Korea,선사,D4_운송,2026-10-04,[],0,NONE,,
ec81291e9e93463fc192a7ebc4f7b096,해운대 노을 보면서 명상…파라다이스호텔 오션힐링,https://n.news.naver.com/mnews/article/658/0000157447?sid=101,2026-10-04,n.news.naver.com,Korean,South Korea,선사,D4_운송,2026-10-04,[],0,NONE,,
0ca35f32d53eb2e7d8873e1754f247fb,"'1박2일4' 멤버들 진짜 가족 같은 사이... 이준 ""감기 걸렸는데 아무도 ...",https://m.entertain.naver.com/article/445/0000472326,2026-10-04,m.entertain.naver.com,Korean,South Korea,선사,D4_운송,2026-10-04,[],0,NONE,,
3d54b0025c2b128276b8d941ba1b3833,"알파드라이브원, 글로벌 채널 통해 시네마틱 퍼포먼스 공개",https://m.entertain.naver.com/article/144/0001142143,2026-10-04,m.entertain.naver.com,Korean,South Korea,선사,D4_운송,2026-10-04,[],0,NONE,,
778e1f1de4618d010e29dea52c394de0,"""세대와 지역 이은 하모니""…제1회 서울여성합창제 성황리 폐막",https://m.entertain.naver.com/article/586/0000139410,2026-10-04,m.entertain.naver.com,Korean,South Korea,선사,D4_운송,2026-10-04,[],0,NONE,,
1d6b3c2a2cf01ddca5aef4fc7629a07e,"""함께 감동 선사할 날 기대"" 내년 1위 팀 더 강해진다, 'ML 67홈런 신인'...",https://m.sports.naver.com/kbaseball/article/117/0004112193,2026-10-04,m.sports.naver.com,Korean,South Korea,선사,D4_운송,2026-10-04,[],0,NONE,,
b04b43ffb0b5524b8d3585d1d25e1a29,"서채현이 태극기 들고… 아시안게임, 16일 열전 마침표",https://n.news.naver.com/mnews/article/023/0004002044?sid=104,2026-10-04,n.news.naver.com,Korean,South Korea,선사,D4_운송,2026-10-04,[],0,NONE,,
657d9ee5e1f5eef82c2956979b2c4b0b,"'우주떡집' 아이브 안유진, 빠른 대처+긍정 에너지로 최고 매출 달성",https://m.entertain.naver.com/article/408/0000323256,2026-10-04,m.entertain.naver.com,Korean,South Korea,선사,D4_운송,2026-10-04,[],0,NONE,,
6a3a64c86700b0ad21f4bfdde4d3a80f,유재석 “광수 버블? 5천 원도 아까워”… ‘버블 천재’ 이광수에 냉정...,https://m.entertain.naver.com/article/144/0001142136,2026-10-04,m.entertain.naver.com,Korean,South Korea,선사,D4_운송,2026-10-04,[],0,NONE,,
393d318751e0edaa74be86ac150f52b4,"[최고 달성, 민선 9기의 도약] ⑤모두가 찾고 머무는 관광·문화·명품도...",https://n.news.naver.com/mnews/article/088/0001032174?sid=102,2026-10-04,n.news.naver.com,Korean,South Korea,선사,D4_운송,2026-10-04,[],0,NONE,,
ba134a190e05456b72b23120a8b0b55d,제작비 50배 불리더니 영화제 '싹쓸이'→2300석 전 회차 매진 기록해 박...,https://m.entertain.naver.com/article/213/0001403461,2026-10-04,m.entertain.naver.com,Korean,South Korea,선사,D4_운송,2026-10-04,[],0,NONE,,
f1eef8d152fe244506fef0560e078ca2,“병원장님 고맙습니다” 1분 영상에 울컥… 위암 3기 환자의 ‘두 번째...,https://www.yeongnam.com/web/view.php?key=20261004024532146,2026-10-04,www.yeongnam.com,Korean,South Korea,선사,D4_운송,2026-10-04,[],0,NONE,,
e0d8ad74cfc03d901a846b461d75e243,의외로 한번 사면 평생 신을 이 부츠,https://www.wkorea.com/2026/10/04/%ec%9d%98%ec%99%b8%eb%a1%9c-%ed%95%9c%eb%b2%88-%ec%82%ac%eb%a9%b4-%ed%8f%89%ec%83%9d-%ec%8b%a0%ec%9d%84-%ec%9d%b4-%eb%b6%80%ec%b8%a0/?utm_source=naver&utm_medium=partnership,2026-10-04,www.wkorea.com,Korean,South Korea,선사,D4_운송,2026-10-04,[],0,NONE,,
c94f5cc7c1c1063f8be1fc3db712800c,영화제 발상지 남포동이 들썩…BIFF 전야제·커비로드 잇따라,https://n.news.naver.com/mnews/article/421/0009209201?sid=102,2026-10-04,n.news.naver.com,Korean,South Korea,선사,D4_운송,2026-10-04,[],0,NONE,,
7912d783e4bf2a6ae8bf0af429c5166d,"이즈나 방지민, 5세대 '이방원' 중에서도 으뜸 비주얼",https://m.entertain.naver.com/article/109/0005618172,2026-10-04,m.entertain.naver.com,Korean,South Korea,선사,D4_운송,2026-10-04,[],0,NONE,,
1091d33c925aca5c2813f0899cfe37b0,용인특례시 승격 30주년 기념 '조아용 페스티벌' 개최,https://www.incheonilbo.com/news/articleView.html?idxno=1333408,2026-10-04,www.incheonilbo.com,Korean,South Korea,선사,D4_운송,2026-10-04,[],0,NONE,,
0a21970eaa3a46a9894e61cc9113559f,"킥플립, 신곡 'Kick Off The Wall (Feat. iann dior)' MV 포토 공개",https://m.entertain.naver.com/article/408/0000323251,2026-10-04,m.entertain.naver.com,Korean,South Korea,선사,D4_운송,2026-10-04,[],0,NONE,,
806f1779cd45323763e4f40812d59a7e,"[포토]영주 풍기인삼축제, 가을의 향기와 함께 개막",https://www.viva100.com/article/20261004500284,2026-10-04,www.viva100.com,Korean,South Korea,선사,D4_운송,2026-10-04,[],0,NONE,,
62528227b4674fd8daebcf4f9508ec5f,"뜨거웠던 아이치·나고야 '굿바이'…""도하에서 다시 만나요""[AG]",https://n.news.naver.com/mnews/article/421/0009209156?sid=104,2026-10-04,n.news.naver.com,Korean,South Korea,선사,D4_운송,2026-10-04,[],0,NONE,,
7fba199693b007eadb9d06d559530cad,‘아시안게임’ 중계 장성규 “마약 하지 않는 한 KBS 뉴스에 나올 줄은...,https://m.entertain.naver.com/article/144/0001142129,2026-10-04,m.entertain.naver.com,Korean,South Korea,선사,D4_운송,2026-10-04,[],0,NONE,,
f8a46914f5d01e31a043fb8679eebdf6,"'이옥섭♥' 구교환, 4년 만 밝힌 혼인신고 후..""책임감 크기는 똑같다"" ...",https://m.entertain.naver.com/article/109/0005618166,2026-10-04,m.entertain.naver.com,Korean,South Korea,선사,D4_운송,2026-10-04,[],0,NONE,,
fccd2f2a86f0d392a74a9a776d849c75,"샤이니 키, 퍼스트클래스서 스테이크 썰며 ‘함박웃음’",https://m.entertain.naver.com/article/144/0001142126,2026-10-04,m.entertain.naver.com,Korean,South Korea,선사,D4_운송,2026-10-04,[],0,NONE,,
a92733b23965eaa9a9225d95ba4b23c0,가을 강둑을 채운 알싸한 마늘 향… '2026 의성슈퍼푸드마늘축제' 개막,http://www.enewstoday.co.kr/news/articleView.html?idxno=2476956,2026-10-04,www.enewstoday.co.kr,Korean,South Korea,선사,D4_운송,2026-10-04,[],0,NONE,,
c3671f33421c32b7e9a80219bd0ea1ff,[포토] 전북 완주에서 '완주와일드&로컬푸드축제' 열려… 청정 가을빛 ...,https://n.news.naver.com/mnews/article/022/0004163959?sid=102,2026-10-04,n.news.naver.com,Korean,South Korea,선사,D4_운송,2026-10-04,[],0,NONE,,
35a3f8ea11cee41ba26225398d3db365,"'식스센스' 유재석 VS 정준하 벌칙 주인공은? ""소리만 듣고 맞춰""",https://www.gukjenews.com/news/articleView.html?idxno=3712922,2026-10-04,www.gukjenews.com,Korean,South Korea,선사,D4_운송,2026-10-04,[],0,NONE,,
4873f17e90ceb98e70cfbe990f974620,안성문화장 페스타… 안성맞춤랜드서 열리는 공예문화축제,https://www.newsclaim.co.kr/news/articleView.html?idxno=3077402,2026-10-04,www.newsclaim.co.kr,Korean,South Korea,선사,D4_운송,2026-10-04,[],0,NONE,,
75495820424d2bdeb0ebc250d4bb235f,"계룡軍문화축제, 황금연휴 맞아 볼거리·체험 '풍성'",https://cc.newdaily.co.kr/site/data/html/2026/10/04/2026100400007.html,2026-10-04,cc.newdaily.co.kr,Korean,South Korea,선사,D4_운송,2026-10-04,[],0,NONE,,
bc5afaea77253e0576cd0664d23cac70,"카카오의 첫 멤버십 ‘카카오멤버십’, 누가 쓰면 좋을까?",https://byline.network/?p=9004111222622052,2026-10-04,byline.network,Korean,South Korea,선사,D4_운송,2026-10-04,[],0,NONE,,
06d0c3ea33c6a90862c8ef0f17fe06b5,"BUS 진욱, 밤거리에서 전한 조용한 휴식…'SUKIYAKI' 한마디 근황",https://www.topstarnews.net/news/articleView.html?idxno=16237931,2026-10-04,www.topstarnews.net,Korean,South Korea,선사,D4_운송,2026-10-04,[],0,NONE,,
a05b8904849d08c5af493fff573f15b7,"시월, 경북이 선사하는 가을 빛깔....산림 이벤트 '풍성'",https://www.newspim.com/news/view/20261004000006,2026-10-04,www.newspim.com,Korean,South Korea,선사,D4_운송,2026-10-04,[],0,NONE,,
aa9ba8209c7d67931c5ac7fa22bd9e21,대규모 왕실 행렬 '장관'...수원화성문화제 개막,https://n.news.naver.com/mnews/article/052/0002414670?sid=102,2026-10-04,n.news.naver.com,Korean,South Korea,선사,D4_운송,2026-10-04,[],0,NONE,,
0c2bf09440869a0bba9e6911d8db7896,"제72회 백제문화제 화려한 개막, 1,500년 백제의 빛 물들어",http://www.chungnamilbo.co.kr/news/articleView.html?idxno=913024,2026-10-04,www.chungnamilbo.co.kr,Korean,South Korea,선사,D4_운송,2026-10-04,[],0,NONE,,
b783cd49ce99bb8455fe927fe0425a89,"시몬스, 도곡점·광주신창점 리뉴얼…""새 콘셉트""",https://n.news.naver.com/mnews/article/003/0014232987?sid=101,2026-10-04,n.news.naver.com,Korean,South Korea,선사,D4_운송,2026-10-04,[],0,NONE,,
2e1880ff1235a1b27e18b2a0783b094b,"진해성, 2년 만에 상주 찾는다… 시 승격 40주년 '슈퍼콘서트' 출격",https://www.topstarnews.net/news/articleView.html?idxno=16237868,2026-10-04,www.topstarnews.net,Korean,South Korea,선사,D4_운송,2026-10-04,[],0,NONE,,
6aba14e33ab0c9b151251c8d67008ee1,진주남강유등축제 '구름인파'…남강·진주성 밝힌 7만여개 유등,https://n.news.naver.com/mnews/article/421/0009209105?sid=102,2026-10-04,n.news.naver.com,Korean,South Korea,선사,D4_운송,2026-10-04,[],0,NONE,,
b3486c5c017df16205189761aa5f624e,보이지 않는 곳에서 묵묵히... 계룡군문화축제의 숨은 주역,https://n.news.naver.com/mnews/article/047/0002531175?sid=102,2026-10-04,n.news.naver.com,Korean,South Korea,선사,D4_운송,2026-10-04,[],0,NONE,,
083ab53ccac87a4a46e2f2e3df435953,600년 고창읍성에서 만나는 특별한 가을…‘제53회 고창모양성제’ 15일...,https://www.joongdo.co.kr/web/view.php?key=20261002010000502,2026-10-04,www.joongdo.co.kr,Korean,South Korea,선사,D4_운송,2026-10-04,[],0,NONE,,
d46a5830ef3a0e8da6ec1649c9c84cb0,[우리말 한 자밤] 하늬와 새물내,https://n.news.naver.com/mnews/article/469/0000957618?sid=110,2026-10-04,n.news.naver.com,Korean,South Korea,선사,D4_운송,2026-10-04,[],0,NONE,,
ca24a48da693e5b1a3bf8792efe76a8b,"최예나, 소리만 듣고 가짜 감별?…‘식스센스: B사이드’ 남다른 촉",https://m.entertain.naver.com/article/396/0000757095,2026-10-04,m.entertain.naver.com,Korean,South Korea,선사,D4_운송,2026-10-04,[],0,NONE,,
49dcf16b1656e5d6a2e5cbc575e53d07,"""가을밤 남강이 빛의 바다로""…7만 개 유등·1300대 드론 '2026 진주남강...",https://www.pointe.co.kr/news/articleView.html?idxno=85564,2026-10-04,www.pointe.co.kr,Korean,South Korea,선사,D4_운송,2026-10-04,[],0,NONE,,
fc1bc36914a429accfb87ac3a59a0873,"10월의 경남은 축제 열기로 '들썩'…""진주·의령·산청으로 가을여행 오...",https://www.pointe.co.kr/news/articleView.html?idxno=85565,2026-10-04,www.pointe.co.kr,Korean,South Korea,선사,D4_운송,2026-10-04,[],0,NONE,,
b442df91c13e4752d7f5c7294b3cba5e,[대전의 건축물] 세계적 건축가가 설계한 건물이 대전 중구에?,https://www.goodmorningcc.com/news/articleView.html?idxno=453446,2026-10-04,www.goodmorningcc.com,Korean,South Korea,선사,D4_운송,2026-10-04,[],0,NONE,,
cf25a16430ab1403c30d803dd3f3571c,"“얼마나 아팠길래” 유재석, 35년 만에 녹화 취소하더니.. 앙상해진 손...",https://m.entertain.naver.com/article/144/0001142110,2026-10-04,m.entertain.naver.com,Korean,South Korea,선사,D4_운송,2026-10-04,[],0,NONE,,
8be5e70af5949e42d5b2201b9b820219,"'천년의 숲' 함양 상림공원 일대, 가을 축제로 물든다...제21회 함양산삼...",https://www.pointe.co.kr/news/articleView.html?idxno=85570,2026-10-04,www.pointe.co.kr,Korean,South Korea,선사,D4_운송,2026-10-04,[],0,NONE,,
77886d3a55d77b17c7ca81e0ebe8766d,"공주, 제72회 백제문화제...역대급 인파 몰려",https://www.goodmorningcc.com/news/articleView.html?idxno=453444,2026-10-04,www.goodmorningcc.com,Korean,South Korea,선사,D4_운송,2026-10-04,[],0,NONE,,
15f2a6e0e7358de9e4d4e2c8cb04953d,"“6년근 인삼 반값에, 한우 최대 50% 할인”…홍천 인삼·한우축제 8일 ...",https://n.news.naver.com/mnews/article/022/0004163951?sid=102,2026-10-04,n.news.naver.com,Korean,South Korea,선사,D4_운송,2026-10-04,[],0,NONE,,
59f78a0e5fed6537e9a4359d2a8a92dd,"피로를 없앤 대가로 잃은 것, 선득한 노동의 미래 [변방에서 안방으로 ...",https://n.news.naver.com/mnews/article/047/0002531169?sid=103,2026-10-04,n.news.naver.com,Korean,South Korea,선사,D4_운송,2026-10-04,[],0,NONE,,
d68df7fee5c000550fdeae1085b6cd69,“이규섭호 시즌 첫 순항”…홈 개막전 역전승한 원주DB,https://n.news.naver.com/mnews/article/087/0001221853?sid=102,2026-10-04,n.news.naver.com,Korean,South Korea,선사,D4_운송,2026-10-04,[],0,NONE,,
ed26985aa709f80878e49f0f83d15a95,"상주시, MTB 전국 자전거 경기대회 성황리 마쳐",https://www.hidomin.com/news/articleView.html?idxno=723567,2026-10-04,www.hidomin.com,Korean,South Korea,선사,D4_운송,2026-10-04,[],0,NONE,,
524d65715793d386a1733af3fb59c739,"상주축산농협, 중동 두바이서 명실상감한우 홍보 행사펼쳐",https://www.hidomin.com/news/articleView.html?idxno=723568,2026-10-04,www.hidomin.com,Korean,South Korea,선사,D4_운송,2026-10-04,[],0,NONE,,
c4fa19fa44f3a0b5ad48c9d44d65fc7c,쇼가 끝난 후 그들이 입는 옷은 따로 있다는 사실,https://www.wkorea.com/2026/10/04/%ec%87%bc%ea%b0%80-%eb%81%9d%eb%82%9c-%ed%9b%84-%ea%b7%b8%eb%93%a4%ec%9d%b4-%ec%9e%85%eb%8a%94-%ec%98%b7%ec%9d%80-%eb%94%b0%eb%a1%9c-%ec%9e%88%eb%8b%a4%eb%8a%94-%ec%82%ac%ec%8b%a4/?utm_source=naver&utm_medium=partnership,2026-10-04,www.wkorea.com,Korean,South Korea,선사,D4_운송,2026-10-04,[],0,NONE,,
3813fd04570ec47b82f6eaf2dd2f1239,수삼 반값·한우 최대 50%…홍천 인삼·한우 명품축제 8일 개막,https://n.news.naver.com/mnews/article/014/0005584731?sid=102,2026-10-04,n.news.naver.com,Korean,South Korea,선사,D4_운송,2026-10-04,[],0,NONE,,
db83dc5895b51b27509191b709308051,"아직 홈 3경기 남았는데 벌써 신기록…삼성 164만5050명, 역대 최다 관중...",https://m.sports.naver.com/kbaseball/article/109/0005618130,2026-10-04,m.sports.naver.com,Korean,South Korea,선사,D4_운송,2026-10-04,[],0,NONE,,
688d089a0cd5ac6a13b21b9e7397bbda,제72회 백제문화제 개막… 부여 도심 전체가 축제의 장으로,http://www.chungnamilbo.co.kr/news/articleView.html?idxno=913018,2026-10-04,www.chungnamilbo.co.kr,Korean,South Korea,선사,D4_운송,2026-10-04,[],0,NONE,,
6d994ec7235ebeb4a432b7d5aa65f8e1,붉은 바위 틈에 지은 성당,https://n.news.naver.com/mnews/article/047/0002531165?sid=104,2026-10-04,n.news.naver.com,Korean,South Korea,선사,D4_운송,2026-10-04,[],0,NONE,,
40419dac9bb8d02d473293d6857fc096,"'식스센스' 유재석과 정준하, 티격태격 케미스트리 폭발",https://m.entertain.naver.com/article/408/0000323238,2026-10-04,m.entertain.naver.com,Korean,South Korea,선사,D4_운송,2026-10-04,[],0,NONE,,
d9e1fd9b8fb0d0df82c4d43f6a16d91a,"‘펜싱 2관왕’ 오상욱, 팀 코리아 MVP 우뚝",https://n.news.naver.com/mnews/article/082/0001401041?sid=104,2026-10-04,n.news.naver.com,Korean,South Korea,선사,D4_운송,2026-10-04,[],0,NONE,,
4c368cc84ebb31a564aa36e15346aec0,"양산시, '대도약의 울림' 삽량문화축전 폐막…사흘간 15만여명 몰려",https://www.kpinews.kr/newsView/1065590405490167,2026-10-04,www.kpinews.kr,Korean,South Korea,선사,D4_운송,2026-10-04,[],0,NONE,,
d83d9df38826076f6a7a7b7b95c13c8b,2026 계룡군문화축제에 하늘도 땅도 들썩,https://n.news.naver.com/mnews/article/047/0002531164?sid=102,2026-10-04,n.news.naver.com,Korean,South Korea,선사,D4_운송,2026-10-04,[],0,NONE,,
38b51ed27b514726a08da6a92d6a161c,"전현무·이준, 베트남서 ‘캐치캐치’→오리배 대결…현지인과 찐 케미",https://m.entertain.naver.com/article/396/0000757093,2026-10-04,m.entertain.naver.com,Korean,South Korea,선사,D4_운송,2026-10-04,[],0,NONE,,
86cae67c8d161764fc964012f41f5934,44년 만의 역대 최소 '금' 아쉬움...이번 아시안게임 성과는?,https://n.news.naver.com/mnews/article/052/0002414624?sid=104,2026-10-04,n.news.naver.com,Korean,South Korea,선사,D4_운송,2026-10-04,[],0,NONE,,
1111c16a280468120c4a4558d1754e24,톱배우들이 한자리에 모였다… 11월 극장가 출격 앞둔 기대작 한국 영화,https://www.wikitree.co.kr/articles/1162719,2026-10-04,www.wikitree.co.kr,Korean,South Korea,선사,D4_운송,2026-10-04,[],0,NONE,,
f912a2a7c109aedd07eea4ef509b1b47,"이광수 버블, 입소문 타더니..콘서트에서도 들통 '중독' 수준 [Oh!쎈 이슈...",https://m.entertain.naver.com/article/109/0005618101,2026-10-04,m.entertain.naver.com,Korean,South Korea,선사,D4_운송,2026-10-04,[],0,NONE,,
b586cf2738a2e4f15ada6f38c812885d,개천절 연휴 가을 나들이객 북적…전국 명산·축제장 '인산인해',https://www.jnilbo.com/news/articleView.html?idxno=90000070812,2026-10-04,www.jnilbo.com,Korean,South Korea,선사,D4_운송,2026-10-04,[],0,NONE,,
876958fd293720959f3b329b88a2b9b1,"대구 달서 하프마라톤 대회, 역대 최다 동호인 참가 성황이뤄",https://www.hidomin.com/news/articleView.html?idxno=723563,2026-10-04,www.hidomin.com,Korean,South Korea,선사,D4_운송,2026-10-04,[],0,NONE,,
0d83e5122d5a30b20218135470483ea1,15만 인파가 함께한 전통과 현대의 하모니 '2026 양산삽량문화축전' 대단...,https://www.newsfreezone.co.kr/news/articleView.html?idxno=712268,2026-10-04,www.newsfreezone.co.kr,Korean,South Korea,선사,D4_운송,2026-10-04,[],0,NONE,,
e4a92a1c2dfa95203f9009192ceee824,공민지부터 박재정·NiziU까지… '인기가요' 가을 감성 가득 채운 컴백 ...,https://www.gukjenews.com/news/articleView.html?idxno=3712898,2026-10-04,www.gukjenews.com,Korean,South Korea,선사,D4_운송,2026-10-04,[],0,NONE,,
3dae3b7b28e852c31ceb62bf70e0513b,"태안군, 2026 대한민국 사구축제 10일 개최",https://www.ccdailynews.com/news/articleView.html?idxno=2444332,2026-10-04,www.ccdailynews.com,Korean,South Korea,선사,D4_운송,2026-10-04,[],0,NONE,,
ab1849cff582f1f6347f9e56681232c3,"아침 식탁 빵 한 조각이 예술로…DKAF '일상 속 빵' 전, 현대미술 문턱 ...",https://www.cctoday.co.kr/news/articleView.html?idxno=2237777,2026-10-04,www.cctoday.co.kr,Korean,South Korea,선사,D4_운송,2026-10-04,[],0,NONE,,
2d48cfaa86ad3fef05f6bae4f699b1a6,울긋불긋 산길·형형색색 꽃물결…전국 곳곳 가을 정취 '물씬',https://n.news.naver.com/mnews/article/001/0016356756?sid=102,2026-10-04,n.news.naver.com,Korean,South Korea,선사,D4_운송,2026-10-04,[],0,NONE,,
a354631f4e2f7cd76f409bfe8f156fa0,"이승철, 대학 축제 매료시킨 ‘라이브 황제’다운 독보적인 위엄···데...",https://m.entertain.naver.com/article/144/0001142102,2026-10-04,m.entertain.naver.com,Korean,South Korea,선사,D4_운송,2026-10-04,[],0,NONE,,
cf376f7a7524381424f47ad0bf70b0ea,"수덕사, 탄신 177주년 경허 스님 가르침 새겨",https://www.hyunbulnews.com/news/articleView.html?idxno=505582,2026-10-04,www.hyunbulnews.com,Korean,South Korea,선사,D4_운송,2026-10-04,[],0,NONE,,
b7106ebbf96f38435a929e10d1a13bfc,"시 승격 30년 용인, '조아용 페스티벌'…캐릭터 퍼레이드",https://n.news.naver.com/mnews/article/003/0014232845?sid=102,2026-10-04,n.news.naver.com,Korean,South Korea,선사,D4_운송,2026-10-04,[],0,NONE,,
2495de1b5e6eeb93cd9d13beccaaeab2,"펜싱 2관왕 오상욱, 한국선수단 MVP…""깊은 감동 선사""",https://n.news.naver.com/mnews/article/055/0001393044?sid=104,2026-10-04,n.news.naver.com,Korean,South Korea,선사,D4_운송,2026-10-04,[],0,NONE,,
5b2328fbc201f4bf66368249e548b12a,"‘전국노래자랑’ 별사랑, 제주도서 흥 폭발",https://www.bntnews.co.kr/article/view/bnt202610040054,2026-10-04,www.bntnews.co.kr,Korean,South Korea,선사,D4_운송,2026-10-04,[],0,NONE,,
4629342a1609266c6262e9f106bf7a89,[2026안동마라톤대회] 축협 소불고기·양계협회 통닭 등 먹거리 '풍성'…...,https://n.news.naver.com/mnews/article/088/0001032142?sid=102,2026-10-04,n.news.naver.com,Korean,South Korea,선사,D4_운송,2026-10-04,[],0,NONE,,
ffcc278a9fb3e1312e904cccc3e2ee62,덕숭총림 수덕사 경허당 성우 대선사 탄신 177주기 다례재 봉행,https://news.bbsi.co.kr/news/articleView.html?idxno=4110250,2026-10-04,news.bbsi.co.kr,Korean,South Korea,선사,D4_운송,2026-10-04,[],0,NONE,,
2d351c2c410a6c9f351b3593618d50f8,"김수현, 활동 재개 후 해외 팬미팅…팬 2만 명 앞 끝내 눈물",http://www.stoo.com/article.php?aid=109223175294,2026-10-04,www.stoo.com,Korean,South Korea,선사,D4_운송,2026-10-04,[],0,NONE,,
0fa7898e649f787f1e997c523a511a84,대행 선사 탄신 100주년 기념사업 '본격화',https://www.hyunbulnews.com/news/articleView.html?idxno=505581,2026-10-04,www.hyunbulnews.com,Korean,South Korea,선사,D4_운송,2026-10-04,[],0,NONE,,
5e668d4ff262c670fdbe8b0c9f97ca8c,"선예, 딸 언급 ""첫째 차분하고, 둘째 알아서 다 하는 스타일""",https://m.entertain.naver.com/article/003/0014232781,2026-10-04,m.entertain.naver.com,Korean,South Korea,선사,D4_운송,2026-10-04,[],0,NONE,,
be82c41d8f846887bb21e98999f37737,'냉부' '한유주 코어' 채정안 등장! 공유가 춤 금지령 외친 사연은?,https://m.entertain.naver.com/article/437/0000514014,2026-10-04,m.entertain.naver.com,Korean,South Korea,선사,D4_운송,2026-10-04,[],0,NONE,,
928833bec6fa2a355b55205247360c5f,"골든블루, 타이완 위스키 '카발란' 출시 9주년… ""9년 만에 200배 성장""",http://www.biztribune.co.kr/news/articleView.html?idxno=360051,2026-10-04,www.biztribune.co.kr,Korean,South Korea,선사,D4_운송,2026-10-04,[],0,NONE,,
ea5bade49c849c63cab0850968b28efb,"예산군, 국내외 공연예술 만끽한 '제14회 예당국제공연예술제' 성료",https://www.ccdailynews.com/news/articleView.html?idxno=2444361,2026-10-04,www.ccdailynews.com,Korean,South Korea,선사,D4_운송,2026-10-04,[],0,NONE,,
ab6488d3e261a54849aa8e0d7287f99f,"킥플립, ‘Kick Off The Wall (Feat. iann dior)’ 뮤직비디오 포토 공개",https://www.bntnews.co.kr/article/view/bnt202610040051,2026-10-04,www.bntnews.co.kr,Korean,South Korea,선사,D4_운송,2026-10-04,[],0,NONE,,
ed7c183d1d88817227f6d14bb568b04e,"‘싱코리아’ 재하, 자작곡 ‘바보야’로 흥겨운 무대",https://www.bntnews.co.kr/article/view/bnt202610040050,2026-10-04,www.bntnews.co.kr,Korean,South Korea,선사,D4_운송,2026-10-04,[],0,NONE,,
ade3b2704cbca706eff299df0fcdd866,"결성면, 제18회 홍성결성농요의 날 정기발표회 개최",https://www.ccdailynews.com/news/articleView.html?idxno=2444452,2026-10-04,www.ccdailynews.com,Korean,South Korea,선사,D4_운송,2026-10-04,[],0,NONE,,
4cddbceab2f707f8f17adb48fbec472c,"찻향과 묵향, 백팔 번뇌를 비추다… 범어사 성보박물관 ‘백팔 노보이차...",https://n.news.naver.com/mnews/article/082/0001401009?sid=103,2026-10-04,n.news.naver.com,Korean,South Korea,선사,D4_운송,2026-10-04,[],0,NONE,,
a70be0c1c44b3ae16a00788da2d43e0b,"소액으로 즐기는 건강한 스포츠토토…베트맨, 10월 건전화 캠페인 전개",https://m.sports.naver.com/general/article/410/0001142262,2026-10-04,m.sports.naver.com,Korean,South Korea,선사,D4_운송,2026-10-04,[],0,NONE,,
d7b48b97b4e52ff1349f40789e52babb,"'스쿠벌 6이닝 1실점' 다저스, NLDS 1차전서 웃었다…밀워키도 첫판 승리...",https://m.sports.naver.com/wbaseball/article/003/0014232736,2026-10-04,m.sports.naver.com,Korean,South Korea,선사,D4_운송,2026-10-04,[],0,NONE,,
f93bbb80c3b78d3b684f76ea440c0b16,수원서 '정조대왕 능행차' 재현...화려한 행렬 장관,https://n.news.naver.com/mnews/article/052/0002414592?sid=102,2026-10-04,n.news.naver.com,Korean,South Korea,선사,D4_운송,2026-10-04,[],0,NONE,,
a219d62f0d7642b56534abe592ee3b1e,"김유정, 스페셜 예능도 접수한 에이스 본능⋯'100일의 거짓말' 향한 기대",http://www.joynews24.com/view/2011704,2026-10-04,www.joynews24.com,Korean,South Korea,선사,D4_운송,2026-10-04,[],0,NONE,,
4fe737f5aa879e159a08b5631a6b7c01,"통영시, ‘2026 통영 아트위크’ 개막",https://www.viva100.com/article/20261004500112,2026-10-04,www.viva100.com,Korean,South Korea,선사,D4_운송,2026-10-04,[],0,NONE,,
f20abec4b1f5d2eb4b588786cfc5566f,KBS 판 크게 벌린다…'31.7% 신화' 흥행 주역 복귀→300억 제작비 쏟아부...,https://m.entertain.naver.com/article/213/0001403427,2026-10-04,m.entertain.naver.com,Korean,South Korea,선사,D4_운송,2026-10-04,[],0,NONE,,
590d12e6c191e1c13b77a89fbf6e5f4f,아날로그·향수·정성…AI 시대를 마주하는 잔나비의 소신,https://m.entertain.naver.com/article/586/0000139401,2026-10-04,m.entertain.naver.com,Korean,South Korea,선사,D4_운송,2026-10-04,[],0,NONE,,
d59ebcb3654b5b7790669c0bc9bec685,"아니 벌써? 우승한 작년보다 훌쩍, LG트윈스, 구단 역대 한 시즌 최다 관...",https://m.sports.naver.com/kbaseball/article/076/0004452785,2026-10-04,m.sports.naver.com,Korean,South Korea,선사,D4_운송,2026-10-04,[],0,NONE,,
b60f3926f9295d211b1edd4eb502fc68,기술과 예술이 만나는 축제…'2026 성남테크아트페스티벌' 23일 개막,https://www.kihoilbo.co.kr/news/articleView.html?idxno=3036566,2026-10-04,www.kihoilbo.co.kr,Korean,South Korea,선사,D4_운송,2026-10-04,[],0,NONE,,
5270b048cf002e9834bff2065969320b,"종합 3위 한국, ‘선택과 집중’ 한계?…중국은 4배·일본도 2배",https://n.news.naver.com/mnews/article/119/0003139358?sid=104,2026-10-04,n.news.naver.com,Korean,South Korea,선사,D4_운송,2026-10-04,[],0,NONE,,
ca006171af94689a45b5470d01171034,2026 영주 풍기인삼축제 화려한 개막...11일까지 건강·체험 프로그램 풍...,http://www.newstown.co.kr/news/articleView.html?idxno=717622,2026-10-04,www.newstown.co.kr,Korean,South Korea,선사,D4_운송,2026-10-04,[],0,NONE,,
967645a9571741adde452e1b3115019d,"킥플립, 'Kick Off The Wall' MV 포토 공개..당찬 에너지",https://m.entertain.naver.com/article/108/0003475817,2026-10-04,m.entertain.naver.com,Korean,South Korea,선사,D4_운송,2026-10-04,"[""KS_Energy""]",1,NONE,,
f8987b4ea29aa376359ad891712c224c,"합천 대장경테마파크, 9일부터 24일간 '꽃길 여행'",https://n.news.naver.com/mnews/article/088/0001032083?sid=102,2026-10-04,n.news.naver.com,Korean,South Korea,선사,D4_운송,2026-10-04,[],0,NONE,,
22e3c08c0caecc2d9d26df1decaff4ed,'2026년 진주남강유등축제' 화려한 개막,http://www.dandinews.com/news/articleView.html?idxno=17682,2026-10-04,www.dandinews.com,Korean,South Korea,선사,D4_운송,2026-10-04,[],0,NONE,,
1ec8166bd7fae672b292e6ccbd426c45,"‘최강 검객’ 오상욱, 한국 선수단 MVP 선정",https://n.news.naver.com/mnews/article/056/0012267595?sid=104,2026-10-04,n.news.naver.com,Korean,South Korea,선사,D4_운송,2026-10-04,[],0,NONE,,
9ce800b6896ef0093bdde599e678d127,"'데이앤나잇' 김준현 ""배불러서 음식 남기니 사장님이 쫓아나와""",https://m.entertain.naver.com/article/408/0000323219,2026-10-04,m.entertain.naver.com,Korean,South Korea,선사,D4_운송,2026-10-04,[],0,NONE,,
f6463fae7c90550d6566169ccdb4a0b6,"가을 풍경에 물드는 전북 부안, 잊지 못할 추억을 만드는 가볼 만한 곳",https://www.topstarnews.net/news/articleView.html?idxno=16227996,2026-10-04,www.topstarnews.net,Korean,South Korea,선사,D4_운송,2026-10-04,[],0,NONE,,
f1dd75219b9e0df941950c168031688b,"예천, 가을의 낭만을 찾아 떠나는 자연 속 가볼 만한 곳",https://www.topstarnews.net/news/articleView.html?idxno=16227987,2026-10-04,www.topstarnews.net,Korean,South Korea,선사,D4_운송,2026-10-04,[],0,NONE,,
f0c2e6113fb99e1789646d2f04d3b7df,"가을 풍경 가득한 양주, 자연과 역사가 어우러진 가볼 만한 곳",https://www.joongangenews.com/news/articleView.html?idxno=551425,2026-10-04,www.joongangenews.com,Korean,South Korea,선사,D4_운송,2026-10-04,[],0,NONE,,
922a9e95d28e457a0b01673049ddd062,공주 '백제문화제' 화려한 개막…11일까지 1500년 전 백제 역사 프로그램...,https://www.tournews21.com/news/articleView.html?idxno=144932,2026-10-04,www.tournews21.com,Korean,South Korea,선사,D4_운송,2026-10-04,[],0,NONE,,
58a11d4b0f33dcfe40ecba2e8c1954b7,건조한 환절기 주목할 스킨케어 & 보디케어 아이템,https://www.wkorea.com/2026/10/04/%ea%b1%b4%ec%a1%b0%ed%95%9c-%ed%99%98%ec%a0%88%ea%b8%b0-%ec%a3%bc%eb%aa%a9%ed%95%a0-%ec%8a%a4%ed%82%a8%ec%bc%80%ec%96%b4-%eb%b3%b4%eb%94%94%ec%bc%80%ec%96%b4-%ec%95%84%ec%9d%b4%ed%85%9c/?utm_source=naver&utm_medium=partnership,2026-10-04,www.wkorea.com,Korean,South Korea,선사,D4_운송,2026-10-04,[],0,NONE,,
8b3f36ec4724d70f7c3dac7e01f0eea8,"""해녀 3인방 '허니'부터 소녀시대 유리까지""… '전국노래자랑' 서귀포 특...",https://www.gukjenews.com/news/articleView.html?idxno=3712843,2026-10-04,www.gukjenews.com,Korean,South Korea,선사,D4_운송,2026-10-04,[],0,NONE,,
091219298c918642b0c4c62835cbe12a,'한국 축구 희망 봤다' 모레노 감독 눈도장 쾅! 차세대 국대 9번 경쟁에...,https://m.sports.naver.com/kfootball/article/139/0002254032,2026-10-04,m.sports.naver.com,Korean,South Korea,선사,D4_운송,2026-10-04,[],0,NONE,,
5db201bcf9f31cdc31540bc0d282afa8,"신동화 구리시장, 코스모스축제·무장애나눔길 조성 사업 현장 로드체킹",https://www.kgnews.co.kr/news/article.html?no=913882,2026-10-04,www.kgnews.co.kr,Korean,South Korea,선사,D4_운송,2026-10-04,[],0,NONE,,
eb6eb450350baa90db45118c5e825d18,"보령의 자연과 문화가 살아 숨 쉬는 가을 명소, 가볼 만한 곳",https://www.joongangenews.com/news/articleView.html?idxno=551424,2026-10-04,www.joongangenews.com,Korean,South Korea,선사,D4_운송,2026-10-04,[],0,NONE,,
71fb8c93e3af9b90e523ff29480aecf7,"가을 정취 가득한 양산, 고즈넉한 풍경 속 가볼 만한 곳",https://www.topstarnews.net/news/articleView.html?idxno=16227986,2026-10-04,www.topstarnews.net,Korean,South Korea,선사,D4_운송,2026-10-04,[],0,NONE,,
959be4059921f28bb90f0e1983444433,"""무리 금지"" 김수찬, 사천서 팬들 챙기며 뜨거운 무대",https://www.jnilbo.com/news/articleView.html?idxno=90000070791,2026-10-04,www.jnilbo.com,Korean,South Korea,선사,D4_운송,2026-10-04,[],0,NONE,,
475c7c983a7546a65ec5a615bf614fc2,"엔시티 위시, 대학 축제→日 ‘에이네이션’ 성료",https://enter.etoday.co.kr/news/view/303272,2026-10-04,enter.etoday.co.kr,Korean,South Korea,선사,D4_운송,2026-10-04,[],0,NONE,,
82b7d057a1cf2ab53ac1849f79ff4621,"부여 백제문화제 개막, 11일까지 대장정 돌입",https://n.news.naver.com/mnews/article/047/0002531149?sid=102,2026-10-04,n.news.naver.com,Korean,South Korea,선사,D4_운송,2026-10-04,[],0,NONE,,
335a5524c26f83e2efeb2687b0750992,"""부모님 선물 사들고 가요"" 대학생 세입자에게 현금·손편지 건넨 집주...",https://www.insight.co.kr/news/576468,2026-10-04,www.insight.co.kr,Korean,South Korea,선사,D4_운송,2026-10-04,[],0,NONE,,
54145a7c5bd093ab45c9eeca9a5607e1,[아시안게임] 한국선수단 MVP에 '펜싱 2관왕' 오상욱,https://n.news.naver.com/mnews/article/629/0000539301?sid=104,2026-10-04,n.news.naver.com,Korean,South Korea,선사,D4_운송,2026-10-04,[],0,NONE,,
6f3d0510ba4ad054c9769a59a0cab5d6,"'전참시' 올데프 타잔X최강희, 빛나는 본업 모먼트",https://m.entertain.naver.com/article/408/0000323214,2026-10-04,m.entertain.naver.com,Korean,South Korea,선사,D4_운송,2026-10-04,[],0,NONE,,
a5faf70f76beb73c839761fe388a59e4,대규모 왕실 행렬 펼쳐진다...수원화성문화제 개막,https://n.news.naver.com/mnews/article/052/0002414565?sid=102,2026-10-04,n.news.naver.com,Korean,South Korea,선사,D4_운송,2026-10-04,[],0,NONE,,
4f568ad53393b50ccdf2eaa5b0173352,"""세대 대통합 완성"" 이승철, 대학 축제 뒤흔든 역대급 '명곡 떼창'",https://m.entertain.naver.com/article/108/0003475809,2026-10-04,m.entertain.naver.com,Korean,South Korea,선사,D4_운송,2026-10-04,[],0,NONE,,
c83ae117315818af32fd17472ea31934,‘제 36회 KBS국악대경연’ 9팀 9색 무대 공개,https://m.entertain.naver.com/article/144/0001142071,2026-10-04,m.entertain.naver.com,Korean,South Korea,선사,D4_운송,2026-10-04,[],0,NONE,,
1a017413ea9c971b37dfd732360b2c26,"펜싱 2관왕 오상욱, 한국 선수단 MVP 선정…상금 3천만 원",https://n.news.naver.com/mnews/article/057/0001971927?sid=104,2026-10-04,n.news.naver.com,Korean,South Korea,선사,D4_운송,2026-10-04,[],0,NONE,,
d148b7cad3fa7f49c97f33d974e5a9aa,"'독박투어' 유세윤, '대리 108'로 의리 과시 ""두릅이 건강하게 태어나길...",https://m.entertain.naver.com/article/408/0000323213,2026-10-04,m.entertain.naver.com,Korean,South Korea,선사,D4_운송,2026-10-04,[],0,NONE,,
df6fa79514bbbd3eb3f54ee96536ec34,"거창군, ‘2026 녹색곳간 농산물 대축제’ 개최",https://www.viva100.com/article/20261004500079,2026-10-04,www.viva100.com,Korean,South Korea,선사,D4_운송,2026-10-04,[],0,NONE,,
ed60490d4479acbb2ae50650139087d8,인제 설악산 자락 물들인 꽃물결…인제가을꽃축제 막바지 인파,https://n.news.naver.com/mnews/article/014/0005584653?sid=102,2026-10-04,n.news.naver.com,Korean,South Korea,선사,D4_운송,2026-10-04,[],0,NONE,,
efde35151372c23f96ec2fed23248341,가을에 떠나는 낭만의 농촌과 어촌여행,http://www.ikoreanspirit.com/news/articleView.html?idxno=87562,2026-10-04,www.ikoreanspirit.com,Korean,South Korea,선사,D4_운송,2026-10-04,[],0,NONE,,
9909d55c7673bdfb48c201699925e2c7,"‘펜싱 2관왕’ 오상욱, 한국 선수단 MVP…“부상투혼 불구 역전우승”...",https://n.news.naver.com/mnews/article/016/0002705305?sid=104,2026-10-04,n.news.naver.com,Korean,South Korea,선사,D4_운송,2026-10-04,[],0,NONE,,
138bd0df8add78c61960156f25458c45,가을 풍기에 퍼진 인삼 향…‘2026영주 풍기인삼축제’ 9일간 대장정,https://www.ekn.kr/web/view.php?key=20261004027272060,2026-10-04,www.ekn.kr,Korean,South Korea,선사,D4_운송,2026-10-04,[],0,NONE,,
c703164b849782bf559d2df49fd8d84f,'대충격' 양키스 핵타선이 아무것도 못 했다! '7⅔이닝 노히트' 래스머...,https://m.sports.naver.com/wbaseball/article/139/0002254030,2026-10-04,m.sports.naver.com,Korean,South Korea,선사,D4_운송,2026-10-04,[],0,NONE,,
3f8e216ced45850e61a4b9965123423e,"""31회 BIFF에선 이 영화를!"" 프로그래머 7인의 추천작",https://m.entertain.naver.com/article/658/0000157393,2026-10-04,m.entertain.naver.com,Korean,South Korea,선사,D4_운송,2026-10-04,[],0,NONE,,
dbe9755b3d5520ee513571a0cbd80fef,"‘단체전 대역전극’ 펜싱 2관왕 오상욱, 한국선수단 MVP",https://n.news.naver.com/mnews/article/658/0000157392?sid=104,2026-10-04,n.news.naver.com,Korean,South Korea,선사,D4_운송,2026-10-04,[],0,NONE,,
66cf3f1fe2624c11d83ef1bf22df172d,‘제3회 문희경서 축제’ 오는 17일 문경전통시장 일원서 개최,https://n.news.naver.com/mnews/article/016/0002705300?sid=102,2026-10-04,n.news.naver.com,Korean,South Korea,선사,D4_운송,2026-10-04,[],0,NONE,,
2c1504f6e89daaff05a1b56c333c314c,"[나고야AG] 펜싱 2관왕 오상욱, 한국 선수단 MVP",https://n.news.naver.com/mnews/article/277/0005824460?sid=104,2026-10-04,n.news.naver.com,Korean,South Korea,선사,D4_운송,2026-10-04,[],0,NONE,,
b79a84cd1bbc4ac52ebd1bfd13eeb1a8,"아트박스, 로스앤젤레스 팝업으로 美시장 본격 진출",https://www.kpinews.kr/newsView/1065576924811243,2026-10-04,www.kpinews.kr,Korean,South Korea,선사,D4_운송,2026-10-04,[],0,NONE,,
57111323181f3f25d5b5a855f5d09c34,"괴산군 감물면, 경로효친 행사 개최",https://www.ccreview.co.kr/news/articleView.html?idxno=359136,2026-10-04,www.ccreview.co.kr,Korean,South Korea,선사,D4_운송,2026-10-04,[],0,NONE,,
c85cbc1e263421518a8aba888b717cbd,"'펜싱 2관왕' 오상욱, 한국선수단 MVP…투혼상에 테크볼 이준석",https://www.slist.kr/news/articleView.html?idxno=770930,2026-10-04,www.slist.kr,Korean,South Korea,선사,D4_운송,2026-10-04,[],0,NONE,,
c87b6f625538ea51e683a0b5a3fae85c,"“은퇴번복한 이유는…” 연극 ‘클로저’로 돌아온 최강희, 눈물의 복...",https://m.entertain.naver.com/article/144/0001142066,2026-10-04,m.entertain.naver.com,Korean,South Korea,선사,D4_운송,2026-10-04,[],0,NONE,,
8a686ac8b29a8ef01897e8357928e680,'시간 여행+짬뽕'으로 뜨거운 군산… 언제 가볼까,https://www.joongdo.co.kr/web/view.php?key=20261004010000821,2026-10-04,www.joongdo.co.kr,Korean,South Korea,선사,D4_운송,2026-10-04,[],0,NONE,,
8c40d489bc11c5a4811f5c0b04b2fb19,"빌리, 무대가 화보[포토엔HD]",https://m.entertain.naver.com/article/609/0001175269,2026-10-04,m.entertain.naver.com,Korean,South Korea,선사,D4_운송,2026-10-04,[],0,NONE,,
2a1b5afe21e459b30d13f16db7c5da7c,"빌리, 러너들 시선 한 몸에[포토엔HD]",https://m.entertain.naver.com/article/609/0001175268,2026-10-04,m.entertain.naver.com,Korean,South Korea,선사,D4_운송,2026-10-04,[],0,NONE,,
95b42aa94583ed71e4ecd8a78c2fcaaf,"빌리 츠키, 에너지 폭발 무대[포토엔HD]",https://m.entertain.naver.com/article/609/0001175267,2026-10-04,m.entertain.naver.com,Korean,South Korea,선사,D4_운송,2026-10-04,"[""KS_Energy""]",1,NONE,,
b40af5fc8cf010294b166dbe83f55f0d,"빌리 문수아, 눈빛 교환 무대[포토엔HD]",https://m.entertain.naver.com/article/609/0001175266,2026-10-04,m.entertain.naver.com,Korean,South Korea,선사,D4_운송,2026-10-04,[],0,NONE,,
863e0107af6985fc9d45e2bfa16efea0,"빌리 션, 긴 생머리 휘날리는 무대[포토엔HD]",https://m.entertain.naver.com/article/609/0001175265,2026-10-04,m.entertain.naver.com,Korean,South Korea,선사,D4_운송,2026-10-04,[],0,NONE,,
50f34f095a24bac52dbcf2c1dc1cab5f,"빌리 션, 아찔한 무대[포토엔HD]",https://m.entertain.naver.com/article/609/0001175264,2026-10-04,m.entertain.naver.com,Korean,South Korea,선사,D4_운송,2026-10-04,[],0,NONE,,
47fe7bc9ab0eb3fe1e39af670eb8a229,"이찬원, '서프라이즈 미스터리 살롱' 대기실 인증…일요일 아침 인사",https://www.topstarnews.net/news/articleView.html?idxno=16237731,2026-10-04,www.topstarnews.net,Korean,South Korea,선사,D4_운송,2026-10-04,[],0,NONE,,
347d861cf565a6c923a7c930d677fdb0,"[아시안게임] 펜싱 2관왕 오상욱, 한국선수단 MVP…""큰 감동 안겼다""",https://n.news.naver.com/mnews/article/001/0016356379?sid=104,2026-10-04,n.news.naver.com,Korean,South Korea,선사,D4_운송,2026-10-04,[],0,NONE,,
46838cac6655d68a10160a19be8ebee5,"빌리 츠키, 무대는 자신감[포토엔HD]",https://m.entertain.naver.com/article/609/0001175263,2026-10-04,m.entertain.naver.com,Korean,South Korea,선사,D4_운송,2026-10-04,[],0,NONE,,
8a60e651d1ebd77ae3776572b780fc81,"빌리 츠키, 우아하게~[포토엔HD]",https://m.entertain.naver.com/article/609/0001175262,2026-10-04,m.entertain.naver.com,Korean,South Korea,선사,D4_운송,2026-10-04,[],0,NONE,,
73fc1bc226a3d38dc473f07b2093ee25,510여 종 꽃·나무 숨쉬는 자연주의 안식처… 광양 1호 민간정원 ‘일곱...,http://www.breaknews.com/1240906,2026-10-04,www.breaknews.com,Korean,South Korea,선사,D4_운송,2026-10-04,[],0,NONE,,
d5d3dced300d39258befcaa165e1f0b0,"빌리 츠키, 달리는 무대[포토엔HD]",https://m.entertain.naver.com/article/609/0001175261,2026-10-04,m.entertain.naver.com,Korean,South Korea,선사,D4_운송,2026-10-04,[],0,NONE,,
add28424d2b583193d637a780962fe8c,"“김포에서 만나는 세계, 함께 나누는 평화” 제19회 김포 세계인 큰잔...",https://n.news.naver.com/mnews/article/002/0002459500?sid=102,2026-10-04,n.news.naver.com,Korean,South Korea,선사,D4_운송,2026-10-04,[],0,NONE,,
cfe54fcd069b9dce69692d364026e21d,"빌리 츠키, 열정적인 애프터 콘서트[포토엔HD]",https://m.entertain.naver.com/article/609/0001175260,2026-10-04,m.entertain.naver.com,Korean,South Korea,선사,D4_운송,2026-10-04,[],0,NONE,,
e755ee7de2788c4fd1954651f2415ed4,[패트롤] 광명시-부천시-시흥시-안산시-안양시,https://www.ekn.kr/web/view.php?key=20261004020322192,2026-10-04,www.ekn.kr,Korean,South Korea,한국 에너지,D9_한국,2026-10-04,[],0,NONE,,
ca19a8bf0f2beb5be3c9d8faddd904c1,"천막 걷어냈다…데이식스, 낭만 흘러넘친 우중 페스티벌 헤드라이너[공...",https://m.entertain.naver.com/article/609/0001175439,2026-10-04,m.entertain.naver.com,Korean,South Korea,한국 에너지,D9_한국,2026-10-04,[],0,NONE,,
7b4ff3e751bb4929239b8e60e5a3c4b0,"亞 투어로 성장한 앤팀, 팬과 약속한 미래 “기대해도 돼”(종합)",https://m.entertain.naver.com/article/437/0000514054,2026-10-04,m.entertain.naver.com,Korean,South Korea,한국 에너지,D9_한국,2026-10-04,[],0,NONE,,
e5c3ffbac85b1dbc2ba767fa8804eba1,"앤팀 ""KSPO 돔 입성, 루네의 사랑 덕"" 서울서 아시아 투어 대미 장식",https://m.entertain.naver.com/article/437/0000514052,2026-10-04,m.entertain.naver.com,Korean,South Korea,한국 에너지,D9_한국,2026-10-04,[],0,NONE,,
285529558613ba7b4b79ee4ab8d8095a,"Kep1er 히카루, 카무플라주 후드로 시크한 눈빛…열일 행보 이어간다",https://www.topstarnews.net/news/articleView.html?idxno=16238125,2026-10-04,www.topstarnews.net,Korean,South Korea,한국 에너지,D9_한국,2026-10-04,[],0,NONE,,
78ac9b7c2d76ea768536a7ca855ebe30,"씨엔블루 이정신, 부산 락페 무대 뒤 여유 만끽…월드투어 열기 잇는 근...",https://www.topstarnews.net/news/articleView.html?idxno=16238120,2026-10-04,www.topstarnews.net,Korean,South Korea,한국 에너지,D9_한국,2026-10-04,[],0,NONE,,
18553e7cef05c2047a69440f598357a6,"윤도현, XMF 2026 무대 후 열정 가득 공연 컷 공개",https://www.topstarnews.net/news/articleView.html?idxno=16238112,2026-10-04,www.topstarnews.net,Korean,South Korea,한국 에너지,D9_한국,2026-10-04,[],0,NONE,,
b96a04a4b41aa4cbe0fd9db201428424,크래비티ㆍ클로즈 유어 아이즈ㆍ보이넥스트도어ㆍ올데이 프로젝트ㆍ니...,https://m.entertain.naver.com/article/440/0000047848,2026-10-04,m.entertain.naver.com,Korean,South Korea,한국 에너지,D9_한국,2026-10-04,[],0,NONE,,
2ce0d5834efa47be7e84d5ece6497cc7,"""저수지·간척지 발전부지 아니다…농어촌공사 발전회사 만들 셈인가"" ...",http://www.newsfarm.co.kr/news/articleView.html?idxno=102509,2026-10-04,www.newsfarm.co.kr,Korean,South Korea,한국 에너지,D9_한국,2026-10-04,[],0,NONE,,
8dd3a0909b16b08524a12e2c83350b8c,아이들 머무는 곳 10곳 중 4곳 '환경 기준 초과'… 지역아동센터 71% '비...,https://www.ngonews.kr/news/articleView.html?idxno=239845,2026-10-04,www.ngonews.kr,Korean,South Korea,한국 에너지,D9_한국,2026-10-04,[],0,NONE,,
56cf9187dd227628e57faa0c983d391d,"서부발전, 전남개발공사와 손잡고 광주·전남 육·해상풍력 개발 박차",https://n.news.naver.com/mnews/article/082/0001401102?sid=101,2026-10-04,n.news.naver.com,Korean,South Korea,한국 에너지,D9_한국,2026-10-04,[],0,NONE,,
6eb433109a87e3e7e94213dc7ac8682c,강릉지역 가뭄 해결 위한 ‘온배수 활용 담수화 협의체’ 출범,https://n.news.naver.com/mnews/article/082/0001401101?sid=101,2026-10-04,n.news.naver.com,Korean,South Korea,한국 에너지,D9_한국,2026-10-04,[],0,NONE,,
f9785de1984e305715cccd5e963ef987,"[유럽스타트업열전] 비츠앤프레츨, 옥토버페스트 한가운데서 스타트업...",https://bizhankook.com/articles/bits-and-pretzels-startup-festival.html,2026-10-04,bizhankook.com,Korean,South Korea,한국 에너지,D9_한국,2026-10-04,[],0,NONE,,
73b9225cfe5a59a1c5e255f1073e99fd,어린이 활동공간 10곳 중 4곳 환경기준 초과⋯프탈레이트·중금속 등,https://n.news.naver.com/mnews/article/031/0001063417?sid=102,2026-10-04,n.news.naver.com,Korean,South Korea,한국 에너지,D9_한국,2026-10-04,[],0,NONE,,
d2c0548011c7d84713b8961ac7b677a4,"한난, 사장·신입직원간 쌍방향 ‘공감토크’로 소통 강화",https://n.news.naver.com/mnews/article/082/0001401099?sid=101,2026-10-04,n.news.naver.com,Korean,South Korea,한국 에너지,D9_한국,2026-10-04,[],0,NONE,,
53bda59e2d27d9a455288b88489a8cbb,"연애 중 23번 헤어졌는데 결국 결혼에 골인, 몇 년 뒤 작품들까지 대박...",https://www.wikitree.co.kr/articles/1163101,2026-10-04,www.wikitree.co.kr,Korean,South Korea,한국 에너지,D9_한국,2026-10-04,[],0,NONE,,
7ed20ded602e15b29a2b91289af2d3f2,"앤팀, 빛나는 성장의 시간…KSPO DOME 입성→亞 투어 성료 [TD리뷰]",https://m.entertain.naver.com/article/440/0000047842,2026-10-04,m.entertain.naver.com,Korean,South Korea,한국 에너지,D9_한국,2026-10-04,[],0,NONE,,
3334fae8af923dbd09571ba674ea2058,"""한국 더 자주 올 수 있도록"" 앤팀, KSPO돔 막공으로 전한 진심 [ST리뷰]",http://www.stoo.com/article.php?aid=109225731096,2026-10-04,www.stoo.com,Korean,South Korea,한국 에너지,D9_한국,2026-10-04,[],0,NONE,,
fcd092d073e6e8311ec95edcd3dac349,[패트롤] 고양시-김포시-남양주시-양주시-파주시,https://www.ekn.kr/web/view.php?key=20261004023202171,2026-10-04,www.ekn.kr,Korean,South Korea,한국 에너지,D9_한국,2026-10-04,[],0,NONE,,
7d6ba186a4f83d238e4dd03666b26936,"아이브 레이, 별 장식 포즈로 발렌티노룩 완성",https://www.topstarnews.net/news/articleView.html?idxno=16238051,2026-10-04,www.topstarnews.net,Korean,South Korea,한국 에너지,D9_한국,2026-10-04,[],0,NONE,,
82971e2cf0f6ae367558e493ff001982,"나이 들어도 달걀-생선 먹고 ‘이 운동’ 했더니…다리 근육, 혈당에 변...",https://n.news.naver.com/mnews/article/296/0000105577?sid=103,2026-10-04,n.news.naver.com,Korean,South Korea,한국 에너지,D9_한국,2026-10-04,[],0,NONE,,
2565a71b720f44da378423321f2a6f50,"박서진, ‘국중박 분장놀이’ 전통의 흥 살렸다 (살림하는 남자들 시즌...",https://m.entertain.naver.com/article/144/0001142140,2026-10-04,m.entertain.naver.com,Korean,South Korea,한국 에너지,D9_한국,2026-10-04,[],0,NONE,,
1755b9e5dd3e0bfd88ac1534c2383d96,"'메이저만 3승' 유해란 ""휴식이 터닝포인트…'쉬는 것도 연습' 깨달아""",https://m.sports.naver.com/golf/article/421/0009209239,2026-10-04,m.sports.naver.com,Korean,South Korea,한국 에너지,D9_한국,2026-10-04,[],0,NONE,,
5ed4f08a5f1e83f6229af649adb50fed,"동원그룹·스타키스트, 한국전 참전용사 초청… “70년 전 희생 기억”",https://www.viva100.com/article/20261004500309,2026-10-04,www.viva100.com,Korean,South Korea,한국 에너지,D9_한국,2026-10-04,"[""KC_Dongwon""]",1,NONE,,
fd37260018c62870f19a5e3312a29863,분산에너지특구 재도전 인천… 산단 대신 ‘아파트 태양광’ 승부 [위크...,https://www.kyeongin.com/article/1771959,2026-10-04,www.kyeongin.com,Korean,South Korea,한국 에너지,D9_한국,2026-10-04,[],0,NONE,,
05f4c2b2d6a4ec44b00f710b6d2e30bf,"가축분뇨 고체연료화, 경제성 확보·수요처 확대 관건",https://www.aflnews.co.kr/news/articleView.html?idxno=329231,2026-10-04,www.aflnews.co.kr,Korean,South Korea,한국 에너지,D9_한국,2026-10-04,[],0,NONE,,
4396895ef3fb0439a092189c32526d6d,"&TEAM, 트와이스 'TT' 커버…루네 위한 스페셜 선물 ""열심히 준비한 보람...",http://www.celuvmedia.com/article.php?aid=1791105893528761007,2026-10-04,www.celuvmedia.com,Korean,South Korea,한국 에너지,D9_한국,2026-10-04,[],0,NONE,,
dec2bbc3d964e064bd4951dd2f005714,끝까지 안올라간 태극기…日 관중석엔 욱일기 '눈살',https://n.news.naver.com/mnews/article/015/0005339053?sid=104,2026-10-04,n.news.naver.com,Korean,South Korea,한국 에너지,D9_한국,2026-10-04,[],0,NONE,,
b3165de8b8f468250bf6516da321f7ac,[영화 되새김질]톰 크루즈는 실패한걸까…의도된 삽질 ‘디거’,https://n.news.naver.com/mnews/article/021/0002823001?sid=103,2026-10-04,n.news.naver.com,Korean,South Korea,한국 에너지,D9_한국,2026-10-04,[],0,NONE,,
4c5357f3b7bdbe3fee491248c60c2522,"""묵은 체증 내려간 느낌""…유해란, 하이트진로 메이저 제패 소감",https://www.topstarnews.net/news/articleView.html?idxno=16237976,2026-10-04,www.topstarnews.net,Korean,South Korea,한국 에너지,D9_한국,2026-10-04,"[""KC_HiteJinro""]",1,NONE,,
d4f101bd8f79f5904013d7b4370bd2dc,"한수원, 美 전력연구원과 협력 지속…최신 기술 동향 공유",https://www.shinailbo.co.kr/news/articleView.html?idxno=5068502,2026-10-04,www.shinailbo.co.kr,Korean,South Korea,한국 에너지,D9_한국,2026-10-04,[],0,NONE,,
27f8cac154bf0f45cd63b5791a81c2cf,"‘메이저 퀸’ 유해란, 국내 메이저도 우승…김민솔은 KLPGA 한 시즌 최다...",https://m.sports.naver.com/golf/article/023/0004002036,2026-10-04,m.sports.naver.com,Korean,South Korea,한국 에너지,D9_한국,2026-10-04,[],0,NONE,,
68efcf170b963f10a5970fd8a5a12be6,"유해란 ""7년 전 우승 못 했던 하이트 대회, 체증 내려간 느낌""",https://m.sports.naver.com/golf/article/001/0016356864,2026-10-04,m.sports.naver.com,Korean,South Korea,한국 에너지,D9_한국,2026-10-04,[],0,NONE,,
4053dd6710c2e9a10cb27b41ec213e30,"'숙련공 경험'까지 AI가 배운다…中 노후 공장, 스마트 제조기지로 변신",https://www.the-today.com/news/articleView.html?idxno=91183,2026-10-04,www.the-today.com,Korean,South Korea,한국 에너지,D9_한국,2026-10-04,[],0,NONE,,
4173bf8bf48c115bb11794758d08bffe,돈 없어서…퇴직연금제로 못 바꾸는 공공기관,https://n.news.naver.com/mnews/article/015/0005339030?sid=100,2026-10-04,n.news.naver.com,Korean,South Korea,한국 에너지,D9_한국,2026-10-04,[],0,NONE,,
5b26eb9d18ba8e72d3ae158e20f584f1,"박재범, 시애틀 공연장 가득 채운 단체샷…월드투어 열기 증명",https://www.topstarnews.net/news/articleView.html?idxno=16237943,2026-10-04,www.topstarnews.net,Korean,South Korea,한국 에너지,D9_한국,2026-10-04,[],0,NONE,,
a1a4c4efc726dd2eec17b784a493ab9d,"“목에 칼이 들어와도 못 먹어”… 국대 오현규, 단호히 거절한 음식은...",https://n.news.naver.com/mnews/article/296/0000105574?sid=103,2026-10-04,n.news.naver.com,Korean,South Korea,한국 에너지,D9_한국,2026-10-04,[],0,NONE,,
c6947463fd1940fca382e732e1bd1a1a,"어기구 의원, 어린이활동공간 환경안전 '빨간불'...진단시설 10곳 중 4곳...",https://www.newstnt.com/news/articleView.html?idxno=721465,2026-10-04,www.newstnt.com,Korean,South Korea,한국 에너지,D9_한국,2026-10-04,[],0,NONE,,
2015c04371b5faee77daf329a72d4e19,中 배터리 7개사 점유율 73.3%⋯韓 3사는 12.7%로 3.9%p 하락,https://www.autodaily.co.kr/news/articleView.html?idxno=600917,2026-10-04,www.autodaily.co.kr,Korean,South Korea,한국 에너지,D9_한국,2026-10-04,[],0,NONE,,
ad2b174c1d0818b93454834086eaa389,"클래시스, 주가 조정에 밸류 부담 완화…글로벌 확장이 반등 열쇠",https://www.pinpointnews.co.kr/news/articleView.html?idxno=492588,2026-10-04,www.pinpointnews.co.kr,Korean,South Korea,한국 에너지,D9_한국,2026-10-04,[],0,NONE,,
10a450a93a33fa4070973ee70e6a7456,어린이활동공간 10곳 중 4곳 환경기준 초과…프탈레이트·중금속 등,https://n.news.naver.com/mnews/article/374/0000536234?sid=101,2026-10-04,n.news.naver.com,Korean,South Korea,한국 에너지,D9_한국,2026-10-04,[],0,NONE,,
b873dd52f792350fd431ba38e0d3917c,"""아이들 매일 머무는데""…어린이집·학교 43% 유해물질 초과",https://n.news.naver.com/mnews/article/014/0005584739?sid=102,2026-10-04,n.news.naver.com,Korean,South Korea,한국 에너지,D9_한국,2026-10-04,[],0,NONE,,
27154d3f9c617277327637392bfcf835,"트럼프, 정책 반대 공화당 의원 번호 공개…‘전화 폭탄’ 유도",https://n.news.naver.com/mnews/article/011/0004668117?sid=104,2026-10-04,n.news.naver.com,Korean,South Korea,한국 에너지,D9_한국,2026-10-04,[],0,NONE,,
2c50398246b7e964c4721dba2a1e918e,"트럼프, '서머타임 이견' 의원 번호 공개해 항의 유도",https://www.etoday.co.kr/news/view/2632354,2026-10-04,www.etoday.co.kr,Korean,South Korea,한국 에너지,D9_한국,2026-10-04,[],0,NONE,,
a814230048771e28f5c2ff9df9ca88ad,한전도 뚫렸나…전 직원 2.2만명 개인정보 노출,http://www.4th.kr/news/articleView.html?idxno=2119195,2026-10-04,www.4th.kr,Korean,South Korea,한국 에너지,D9_한국,2026-10-04,[],0,NONE,,
403cead11d374cab7f8a8394c759bcce,"트럼프, 당내 정책 반대자 전번 공개해 '항의폭탄' 유도",https://n.news.naver.com/mnews/article/001/0016356777?sid=104,2026-10-04,n.news.naver.com,Korean,South Korea,한국 에너지,D9_한국,2026-10-04,[],0,NONE,,
8caec533eda8a0c7ae70ae495a0a5e1f,어린이활동공간 10곳 중 4곳 환경안전기준 초과…프탈레이트 최다,https://n.news.naver.com/mnews/article/448/0000643012?sid=102,2026-10-04,n.news.naver.com,Korean,South Korea,한국 에너지,D9_한국,2026-10-04,[],0,NONE,,
5c64d9d47c90a88ea479465242822ec5,"오늘의 인사-외교부, 재정경제부, 산업통상부 외",https://n.news.naver.com/mnews/article/032/0003474106?sid=102,2026-10-04,n.news.naver.com,Korean,South Korea,한국 에너지,D9_한국,2026-10-04,[],0,NONE,,
e152abc17c90faa9a84b8876e5d904bd,‘중금속 범벅’ 어린이활동공간 ‘수두룩’…신체 발달 영향 ‘프탈레...,https://n.news.naver.com/mnews/article/016/0002705335?sid=102,2026-10-04,n.news.naver.com,Korean,South Korea,한국 에너지,D9_한국,2026-10-04,[],0,NONE,,
f432d1d6c3d7e7679ae0cbe9e5d4eb19,"한성대·한국전기안전공사, 사회복지시설 지원",https://www.naeil.com/news/read/604144?ref=naver,2026-10-04,www.naeil.com,Korean,South Korea,한국 에너지,D9_한국,2026-10-04,[],0,NONE,,
d178e7065dd1b041b3ce7377e96a3490,어린이활동공간 10곳 중 4곳 환경기준 초과…프탈레이트 최다,https://n.news.naver.com/mnews/article/001/0016356685?sid=102,2026-10-04,n.news.naver.com,Korean,South Korea,한국 에너지,D9_한국,2026-10-04,[],0,NONE,,
e4d3782bc6fd7cead7cd5b702ec7d601,[단독] 전깃줄 점령한 까마귀·까치… 2000억 써 99만 마리 잡고도 정전...,https://n.news.naver.com/mnews/article/469/0000957598?sid=103,2026-10-04,n.news.naver.com,Korean,South Korea,한국 에너지,D9_한국,2026-10-04,[],0,NONE,,
aac7a1fbf9f526453991d25c9a0d68d8,[단독]지난해 폐차 재활용률 ‘89%’ 10년째 제자리…‘돈 안 되는 부품...,https://n.news.naver.com/mnews/article/032/0003474090?sid=102,2026-10-04,n.news.naver.com,Korean,South Korea,한국 에너지,D9_한국,2026-10-04,[],0,NONE,,
fc8db71419c16110a135ab82b1b4cc3a,"제30회 우리사이그림전, 10일부터 보령문화의전당에서 개최",https://www.ccdailynews.com/news/articleView.html?idxno=2444446,2026-10-04,www.ccdailynews.com,Korean,South Korea,한국 에너지,D9_한국,2026-10-04,[],0,NONE,,
393fd5dee6ba32a24a60f810541803e5,"'독설가' 로이 킨도 반했다...1골 3도움 '원맨쇼' 벨링엄 향해 ""역대 최...",https://m.sports.naver.com/wfootball/article/413/0000224735,2026-10-04,m.sports.naver.com,Korean,South Korea,한국 에너지,D9_한국,2026-10-04,[],0,NONE,,
6e001e1141f97d55f74d60dd648975f6,"한국폴리텍대학 충남캠퍼스, 산업현장 디지털 전환 이끌 AX과정 입교식...",https://www.ccdailynews.com/news/articleView.html?idxno=2444454,2026-10-04,www.ccdailynews.com,Korean,South Korea,한국 에너지,D9_한국,2026-10-04,[],0,NONE,,
c8f4baa40a9cdd8a9693094ab19ce184,[영상] 알고 보니 활의 나라 ‘인도의 현대차’ 있다?,https://n.news.naver.com/mnews/article/056/0012267598?sid=121,2026-10-04,n.news.naver.com,Korean,South Korea,한국 에너지,D9_한국,2026-10-04,[],0,NONE,,
42d54e77af3f153e604fb5df149424a0,"'기록 파괴자' 해리 케인, 크로아티아전 멀티골로 'A매치 10골' 3회 최초...",https://m.sports.naver.com/wfootball/article/413/0000224734,2026-10-04,m.sports.naver.com,Korean,South Korea,한국 에너지,D9_한국,2026-10-04,[],0,NONE,,
5d46542f991d2bb9cc9a678262f60533,"한전KPS, '에너지 JOB박람회'서 청년 취업 지원 '공감 받아'",http://www.knpnews.com/news/articleView.html?idxno=34620,2026-10-04,www.knpnews.com,Korean,South Korea,한국 에너지,D9_한국,2026-10-04,"[""KS_Energy""]",1,NONE,,
24a6926ea58a49863a8894a346e6c70e,"'살림남2' 박서진X박효정, '국중박 분장놀이' 참가상 수상",https://m.entertain.naver.com/article/408/0000323222,2026-10-04,m.entertain.naver.com,Korean,South Korea,한국 에너지,D9_한국,2026-10-04,[],0,NONE,,
2682f17f83dd6426d72746202821732a,"金 따고도 태극기 못 올린 한국 축구… ""최악의 아시안게임""",https://n.news.naver.com/mnews/article/015/0005338965?sid=104,2026-10-04,n.news.naver.com,Korean,South Korea,한국 에너지,D9_한국,2026-10-04,[],0,NONE,,
7d7cd011159de3ae9c151dd9c67099ba,"[이슈] HD현대중공업, 태안 500MW 해상풍력 변전소 본계약… 설계부터 시...",https://www.startuptoday.co.kr/news/articleView.html?idxno=814909,2026-10-04,www.startuptoday.co.kr,Korean,South Korea,한국 에너지,D9_한국,2026-10-04,"[""KC_HDHeavy""]",1,NONE,,
fa2f88774874aaff1e13e07a0049694a,김민재 “다 머리 처박고 뛰어야”…홍명보 “싸워”까지 소환됐다,https://n.news.naver.com/mnews/article/025/0003555612?sid=104,2026-10-04,n.news.naver.com,Korean,South Korea,한국 에너지,D9_한국,2026-10-04,[],0,NONE,,
1abdfe2bed0ef575fd588c378a094791,"한국농어촌공사, 전국 329명 신입 공채",https://www.public25.com/news/articleView.html?idxno=55623,2026-10-04,www.public25.com,Korean,South Korea,한국 에너지,D9_한국,2026-10-04,[],0,NONE,,
aaf5e113a9cb0334042e3704b0afeb6f,"조씨부인을 택한 이유, 늘 변화하는 손예진 [인터뷰Q]",https://www.newsq.co.kr/news/articleView.html?idxno=500345,2026-10-04,www.newsq.co.kr,Korean,South Korea,한국 에너지,D9_한국,2026-10-04,[],0,NONE,,
5e530856d28cc543c47ceccbe8fbb175,"""한국보다 싸게 살 뺀다""…'스시자로' 열풍에 쏟아진 경고",https://n.news.naver.com/mnews/article/015/0005338963?sid=104,2026-10-04,n.news.naver.com,Korean,South Korea,한국 에너지,D9_한국,2026-10-04,[],0,NONE,,
b984c0d2dd02bda57f7e44ce6ff237a3,'파울 트러블'이 가스공사 첫 경기에 트러블을 만들었다,https://m.sports.naver.com/basketball/article/088/0001032084,2026-10-04,m.sports.naver.com,Korean,South Korea,한국 에너지,D9_한국,2026-10-04,[],0,NONE,,
9fa4cc910eaf447ea5dfbc68af7359b4,"LG전자, 제조사 무관 청소기 폐배터리 회수",https://www.vegannews.co.kr/news/article.html?no=391265,2026-10-04,www.vegannews.co.kr,Korean,South Korea,한국 에너지,D9_한국,2026-10-04,"[""KC_LGElec""]",1,NONE,,
4a40f6e6275a0af9c77b80998e959820,"[김현우의 핫스팟] 24년 버틴 유승준은 뚝심, 24년 막은 국가는 집착",https://www.womaneconomy.co.kr/news/articleView.html?idxno=259294,2026-10-04,www.womaneconomy.co.kr,Korean,South Korea,한국 에너지,D9_한국,2026-10-04,[],0,NONE,,
b9cab1511a7dc5691295c110a07790e5,"iM금융그룹, ESG금융 5조8천억원 육박",https://www.kbsm.net/news/view.php?idx=536447,2026-10-04,www.kbsm.net,Korean,South Korea,한국 에너지,D9_한국,2026-10-04,[],0,NONE,,
6f9235e87d5847a76c863347ace08883,오퍼짓도 아웃사이드 히터도 OK…대한항공 ‘만능 공격수’ 꿈꾸는 케트...,https://m.sports.naver.com/volleyball/article/020/0003752564,2026-10-04,m.sports.naver.com,Korean,South Korea,한국 에너지,D9_한국,2026-10-04,"[""KC_KoreanAir""]",1,NONE,,
72d4bb3e3fa790f2f2da35415e44da9a,12차 전기본 수립 앞두고 ‘원전 공론화’ 시작,https://n.news.naver.com/mnews/article/022/0004163905?sid=102,2026-10-04,n.news.naver.com,Korean,South Korea,한국 에너지,D9_한국,2026-10-04,[],0,NONE,,
5b52d1fdd602835ff8f203a165996992,"경기도, ‘560년 광릉숲의 시간에 스며들다’ 주제 광릉숲포럼 2026 개최",https://www.ekn.kr/web/view.php?key=20261004021322070,2026-10-04,www.ekn.kr,Korean,South Korea,한국 에너지,D9_한국,2026-10-04,[],0,NONE,,
1c5cb5f49bc6b771a2598dda86c39715,"LG CNS, GPU 3814억 이어 SW 기업까지…투자 영토 넓힌다",https://www.ezyeconomy.com/news/articleView.html?idxno=240464,2026-10-04,www.ezyeconomy.com,Korean,South Korea,한국 에너지,D9_한국,2026-10-04,[],0,NONE,,
d31fdbe22fa725e5ae28169a7e02e32a,"[특파원리포트] 알래스카 프로젝트, 누가 책임질 것인가",https://n.news.naver.com/mnews/article/022/0004164035?sid=110,2026-10-04,n.news.naver.com,Korean,South Korea,천연가스,D2_품목,2026-10-04,[],0,NONE,,
2d2e7516e8ab459532b96bb096f53cb7,"“한·미는 동반자, 지시 관계 아냐”…미 투자 압박에 여당 내부서 반...",https://n.news.naver.com/mnews/article/032/0003474210?sid=100,2026-10-04,n.news.naver.com,Korean,South Korea,천연가스,D2_품목,2026-10-04,[],0,NONE,,
7578a0ecc1e471ac50f4e2286739a15b,트럼프 “美에 공장 안 지으면 최대 300% 관세”…또 투자 압박,https://www.kukinews.com/article/view/kuk202610040035,2026-10-04,www.kukinews.com,Korean,South Korea,천연가스,D2_품목,2026-10-04,[],0,NONE,,
9d31c4798974f81a8519d1cb0b21e584,"자동차, 미 관세 10조 타격…부품사 ‘납품단가’ 부담 전가 우려",https://n.news.naver.com/mnews/article/032/0003474185?sid=100,2026-10-04,n.news.naver.com,Korean,South Korea,천연가스,D2_품목,2026-10-04,[],0,NONE,,
ec7e6919fdb47ad799bdacecc92e9444,"HD현대·일본 조선, 중국 수주 63% 독주에 '스마트 로봇'으로 맞불",https://n.news.naver.com/mnews/article/088/0001032186?sid=101,2026-10-04,n.news.naver.com,Korean,South Korea,천연가스,D2_품목,2026-10-04,[],0,NONE,,
d5764145f6d22fd536d6b4cfa36afafe,업혀가다 쓰러진 헬리콥터,https://n.news.naver.com/mnews/article/449/0000362985?sid=104,2026-10-04,n.news.naver.com,Korean,South Korea,천연가스,D2_품목,2026-10-04,[],0,NONE,,
d3254d0643574099a7ec6a20ce78ca69,"""중국, 조선 수주 63% 점유...한국·일본 승부수는 '스마트 조선소'""",https://n.news.naver.com/mnews/article/052/0002414692?sid=104,2026-10-04,n.news.naver.com,Korean,South Korea,천연가스,D2_품목,2026-10-04,[],0,NONE,,
be39fdf99b7eaba4c58424cfeed1346b,"삼성, 용인 과학축제서 ‘반도체 클러스터’ 미리보기",https://n.news.naver.com/mnews/article/020/0003752621?sid=101,2026-10-04,n.news.naver.com,Korean,South Korea,천연가스,D2_품목,2026-10-04,[],0,NONE,,
ec8b8626b70e791f3857b05fe2ccd2a0,"""중국, 조선수주 63% 점유…한국·일본 승부수는 '스마트 로봇'""",https://n.news.naver.com/mnews/article/001/0016356892?sid=104,2026-10-04,n.news.naver.com,Korean,South Korea,천연가스,D2_품목,2026-10-04,[],0,NONE,,
bec8ba67e67e94739ffee6c28e3dcb86,"[정치평론] 한 달 앞으로 다가온 美 중간선거, 트럼프는 불안하다",https://www.newscj.com/news/articleView.html?idxno=3437804,2026-10-04,www.newscj.com,Korean,South Korea,천연가스,D2_품목,2026-10-04,[],0,NONE,,
c0ac6fd366866c2510d763d425f5be27,트럼프 “알래스카에 누구보다 많은 것 가져왔다”…선거 앞두고 지지층...,https://n.news.naver.com/mnews/article/011/0004668105?sid=101,2026-10-04,n.news.naver.com,Korean,South Korea,천연가스,D2_품목,2026-10-04,[],0,NONE,Trump campaign,
5a680c4977ff3b66478fbcddba959fe2,이재명 정부 출범 후 두 번째 국감 관전 포인트 : 메가프로젝트부터 단...,https://www.huffingtonpost.kr/article/260984,2026-10-04,www.huffingtonpost.kr,Korean,South Korea,천연가스,D2_품목,2026-10-04,[],0,NONE,Korean politics,
0e1117dd5228c94c314ae35f4b5b2886,"격전지 간 트럼프 ""美에 공장 안 지으면 관세 300%까지 부과“",https://www.m-economynews.com/news/article.html?no=71330,2026-10-04,www.m-economynews.com,Korean,South Korea,천연가스,D2_품목,2026-10-04,[],0,NONE,Trade policy,
10bc908e9248229010c75e597ea6aaaa,"트럼프 ""美에 공장 안 지으면 관세 300%…1년 반 기회 준다""",https://n.news.naver.com/mnews/article/018/0006380727?sid=104,2026-10-04,n.news.naver.com,Korean,South Korea,천연가스,D2_품목,2026-10-04,[],0,NONE,Trade policy,
25f9585cba9afa0a421658d6fecbf99c,"트럼프, 美 공장 안 지으면 300% 관세 경고…외국인 투자 압박",https://www.ebn.co.kr/news/articleView.html?idxno=1726683,2026-10-04,www.ebn.co.kr,Korean,South Korea,천연가스,D2_품목,2026-10-04,[],0,NONE,Trade policy,
9fcd182d5b708defcc622f7fc86c9f54,"트럼프 ""美에 공장 안 지으면 관세 최대 300%""…한국도 재차 압박",https://www.newspim.com/news/view/20261004000029,2026-10-04,www.newspim.com,Korean,South Korea,천연가스,D2_품목,2026-10-04,[],0,NONE,Trade policy,
8241e59aabc5acb28080dc43b8793c3b,"트럼프 ""미국에 공장 안 지으면 최대 300% 관세""",https://n.news.naver.com/mnews/article/417/0001160027?sid=104,2026-10-04,n.news.naver.com,Korean,South Korea,천연가스,D2_품목,2026-10-04,[],0,NONE,Trade policy,
cdeb8b5810b6aa483c40624c99e4a1ce,"[속보] 트럼프 ""외국기업, 美에 투자 안하면 관세 300% 부과""",https://n.news.naver.com/mnews/article/002/0002459505?sid=104,2026-10-04,n.news.naver.com,Korean,South Korea,천연가스,D2_품목,2026-10-04,[],0,NONE,Trade policy,
f780e2743bf1d706588b8ef9ad656371,"트럼프 ""美에 공장 안 지으면 관세 최대 300%""",https://n.news.naver.com/mnews/article/448/0000642980?sid=104,2026-10-04,n.news.naver.com,Korean,South Korea,천연가스,D2_품목,2026-10-04,[],0,NONE,Trade policy,
aec0284a9fb3e372235e212f23407b58,"[속보] 트럼프 ""1년 반 안에 美공장 안 지으면 관세 300%까지 부과""",https://n.news.naver.com/mnews/article/243/0000103850?sid=101,2026-10-04,n.news.naver.com,Korean,South Korea,천연가스,D2_품목,2026-10-04,[],0,NONE,Trade policy,
87c48434dad6ca013b3f8c95866bf590,격전지 간 트럼프 “美에 공장 안 지으면 관세 300%까지 부과”,https://n.news.naver.com/mnews/article/056/0012267582?sid=104,2026-10-04,n.news.naver.com,Korean,South Korea,천연가스,D2_품목,2026-10-04,[],0,NONE,Trade policy,
f041ba8a0e6db566e58cb30e49b465a3,"트럼프 ""알래스카에 역사상 누구보다 많은 것 가져와""",https://news.mtn.co.kr/news-detail/2026100411341639875,2026-10-04,news.mtn.co.kr,Korean,South Korea,천연가스,D2_품목,2026-10-04,[],0,NONE,,
62cdeebd7b01519185979b6cd3a649f1,"트럼프 ""알래스카에 인류 역사상 누구보다 많은 것 가져와""",https://www.getnews.co.kr/news/articleView.html?idxno=882577,2026-10-04,www.getnews.co.kr,Korean,South Korea,천연가스,D2_품목,2026-10-04,[],0,NONE,,
898ff5691d7bca9ba8f21c89d711398c,"“지상 350m 절벽 스타디움 무산되나”…사우디, 2034 월드컵 ‘네옴 경...",https://n.news.naver.com/mnews/article/029/0003051331?sid=104,2026-10-04,n.news.naver.com,Korean,South Korea,호르무즈 해협,D1_초크포인트,2026-10-04,[],0,NONE,,
c50fb1ea31987376d77140349e604e7b,[특파원 칼럼/유근형]한국에 對中 전략 조언 구한 유럽 정상들,https://n.news.naver.com/mnews/article/020/0003752644?sid=110,2026-10-04,n.news.naver.com,Korean,South Korea,호르무즈 해협,D1_초크포인트,2026-10-04,[],0,NONE,,
688c8cd1e6c1f70c3d35f1079e542b7c,"""사우디, 2034 월드컵 경기장 '네옴 스타디움' 건설 계획 보류""",https://n.news.naver.com/mnews/article/055/0001393103?sid=104,2026-10-04,n.news.naver.com,Korean,South Korea,호르무즈 해협,D1_초크포인트,2026-10-04,[],0,NONE,Sports infrastructure,
ff33bd30b9f957ff5dbba7d504b2fdae,"삼성전자 실적 앞둔 코스피, '7천피' 지킬까…美 금리·반도체가 변수",https://www.econovill.com/news/articleView.html?idxno=752704,2026-10-04,www.econovill.com,Korean,South Korea,호르무즈 해협,D1_초크포인트,2026-10-04,"[""KC_Samsung""]",1,NONE,Stock market analysis,
ba31a2350a7fb5bad2edf6cb398ba674,트럼프-시진핑 만남의 진짜 목적 [세계의 창],https://n.news.naver.com/mnews/article/028/0002825974?sid=110,2026-10-04,n.news.naver.com,Korean,South Korea,호르무즈 해협,D1_초크포인트,2026-10-04,[],0,NONE,,
960f312d500477295dc522d85ac3a1e7,"트럼프 ""北 핵무기 112개… 김정은과 아주 잘 지낸다""",https://n.news.naver.com/mnews/article/014/0005584762?sid=104,2026-10-04,n.news.naver.com,Korean,South Korea,호르무즈 해협,D1_초크포인트,2026-10-04,[],0,NONE,,
7b687feda3b042ae7ae52eff478ad6ec,[뉴욕채권-주간] '10월은 동결' 교통정리됐나…장기물은 프랑스 주목,https://news.einfomax.co.kr/news/articleView.html?idxno=4437727,2026-10-04,news.einfomax.co.kr,Korean,South Korea,호르무즈 해협,D1_초크포인트,2026-10-04,[],0,NONE,,
73f2e03ef1f2eeac22f949769ed93f49,"트럼프, 北 핵무기 ""112개"" 확대...이란 핵은 ""절대 불가""",https://n.news.naver.com/mnews/article/014/0005584746?sid=104,2026-10-04,n.news.naver.com,Korean,South Korea,호르무즈 해협,D1_초크포인트,2026-10-04,[],0,NONE,,
16f1bd7f47366a8b8b017939f55d2b50,[단독] 8년 된 소양함서 발전기 결함 8번…30년 된 군수지원함 3척은 7건,https://n.news.naver.com/mnews/article/022/0004163931?sid=100,2026-10-04,n.news.naver.com,Korean,South Korea,호르무즈 해협,D1_초크포인트,2026-10-04,[],0,NONE,,
6b85f14767df183359a5e97c57b7b313,테헤란 뒤덮은 ‘트럼프 조롱’ 광고판...AI까지 동원한 이란 선전전,https://www.m-economynews.com/news/article.html?no=71331,2026-10-04,www.m-economynews.com,Korean,South Korea,호르무즈 해협,D1_초크포인트,2026-10-04,[],0,NONE,,
b3bb6064df5c9ebbb8d97b933d514d3e,"챗GPT 동원한 트럼프 조롱 벽화…""선전전에 대응""",https://n.news.naver.com/mnews/article/422/0000912462?sid=104,2026-10-04,n.news.naver.com,Korean,South Korea,호르무즈 해협,D1_초크포인트,2026-10-04,[],0,NONE,,
c10583c86ffb5048ffb78e0254b28d18,"트럼프 조롱하는 테헤란 대형 벽화…""비결은 챗gpt 활용""",https://n.news.naver.com/mnews/article/055/0001393031?sid=104,2026-10-04,n.news.naver.com,Korean,South Korea,호르무즈 해협,D1_초크포인트,2026-10-04,[],0,NONE,,
18568151e9f6597698f438d43c8ddaa9,"""8명이 단 며칠 만에 뚝딱""…AI로 트럼프 조롱하는 이란",https://n.news.naver.com/mnews/article/015/0005338973?sid=104,2026-10-04,n.news.naver.com,Korean,South Korea,호르무즈 해협,D1_초크포인트,2026-10-04,[],0,NONE,,
a1004aafd94591c3e6b82c61eace45a1,"트럼프 조롱하는 테헤란 대형벽화…""비결은 챗gpt 활용""",https://n.news.naver.com/mnews/article/001/0016356531?sid=104,2026-10-04,n.news.naver.com,Korean,South Korea,호르무즈 해협,D1_초크포인트,2026-10-04,[],0,NONE,,
6ff7f63ca9465a1ddd90b71f110150e4,[Weekly Coin] 자꾸 고개 쳐드는 국채 금리···상단 막힌 비트코인,https://www.sisajournal-e.com/news/articleView.html?idxno=424123,2026-10-04,www.sisajournal-e.com,Korean,South Korea,호르무즈 해협,D1_초크포인트,2026-10-04,[],0,NONE,,
6b3d997244122a1b019f645adedd4d15,<현대해양>창간 57주년 축사 | 엄중한 상황 속 목소리 전하는 언론,https://www.hdhy.co.kr/news/articleView.html?idxno=35396,2026-10-04,www.hdhy.co.kr,Korean,South Korea,호르무즈 해협,D1_초크포인트,2026-10-04,[],0,NONE,,
1c778e1d8c8772a5efcfe8b531329001,"전남광주특별시 소방본부, 안전관리 우수 다중이용업소 6곳 선정",http://www.breaknews.com/1240928,2026-10-04,www.breaknews.com,Korean,South Korea,유가,D5_시장지표,2026-10-04,[],0,NONE,Fire safety,
f1142b0570bd5fce7761d6f62e6164c9,"비트마인, 이더리움 공급량 5% '싹쓸이' 눈앞…톰 리 ""새 코인 강세장 시...",http://coinreaders.com/261516,2026-10-04,coinreaders.com,Korean,South Korea,유가,D5_시장지표,2026-10-04,[],0,NONE,Cryptocurrency,
4b80a2f5c7e1a4d405dd89f45bfdc3c4,이달부터 신규 상장 쏟아진다…공모주 투자 유의점은[주末머니],https://n.news.naver.com/mnews/article/277/0005824523?sid=101,2026-10-04,n.news.naver.com,Korean,South Korea,유가,D5_시장지표,2026-10-04,[],0,NONE,IPO investment,
bf836040be18c0d6c4fe53eebb94d7a6,"[EBN 오늘(4일) 이슈 종합] 금융권 해킹, 동일 공격자에 AI 활용 정황…...",https://www.ebn.co.kr/news/articleView.html?idxno=1726695,2026-10-04,www.ebn.co.kr,Korean,South Korea,유가,D5_시장지표,2026-10-04,[],0,NONE,Cybersecurity,
de7a67b608b3af5c2c2ee5485266f30f,"공소청·중수청 시대 개막...여야, 국감 전 기싸움",https://n.news.naver.com/mnews/article/052/0002414651?sid=100,2026-10-04,n.news.naver.com,Korean,South Korea,유가,D5_시장지표,2026-10-04,[],0,NONE,Government politics,
27ca0456f2d549cec1a8d95d4b99cf5a,“패션 플랫폼 몸값 10조?”…무신사 도전 통할까 [시그널],https://n.news.naver.com/mnews/article/011/0004668118?sid=101,2026-10-04,n.news.naver.com,Korean,South Korea,유가,D5_시장지표,2026-10-04,[],0,NONE,Fashion platform,
b6964b8de65191ad409b724fe692c7f4,민생지원금 30만원 전화…앱 설치 요구는 사칭 의심,https://www.vegannews.co.kr/news/article.html?no=391284,2026-10-04,www.vegannews.co.kr,Korean,South Korea,유가,D5_시장지표,2026-10-04,[],0,NONE,Fraud alert,
a2a100752fdaf0bd36c6da0cd4eba905,"“노인 2000만명에 90달러”…트럼프, 선거 전 또 ‘현금 살포’ 논란",https://n.news.naver.com/mnews/article/025/0003555624?sid=104,2026-10-04,n.news.naver.com,Korean,South Korea,유가,D5_시장지표,2026-10-04,[],0,NONE,Political policy,
e7992b80360f636fabe53671c725621c,"코레일, 추석 승차권 불법거래 '철퇴'… 암표·AI 위조 집중단속",http://www.ikld.kr/news/articleView.html?idxno=341746,2026-10-04,www.ikld.kr,Korean,South Korea,유가,D5_시장지표,2026-10-04,[],0,NONE,Railway ticketing,
4e488566a00c0d9b6b9a1955653bca78,"행법 ""적자회사 주식으로 '상속세 84억 납부' 불허는 적법""",https://n.news.naver.com/mnews/article/055/0001393035?sid=102,2026-10-04,n.news.naver.com,Korean,South Korea,유가,D5_시장지표,2026-10-04,[],0,NONE,Tax law ruling,
36191cfd364fe31f609267b3efb3f52c,"李대통령, 강훈식 후임 장고…'행정·정무능력·계파안배' 고차방정식",https://n.news.naver.com/mnews/article/421/0009208837?sid=100,2026-10-04,n.news.naver.com,Korean,South Korea,유가,D5_시장지표,2026-10-04,[],0,NONE,Political appointment,
2e70863c66f07daf32dc1080586c9077,"추석 기차표 암표 35건 수사의뢰…코레일, 판매자 8명 '퇴출'",https://www.thepublic.kr/news/articleView.html?idxno=321091,2026-10-04,www.thepublic.kr,Korean,South Korea,유가,D5_시장지표,2026-10-04,[],0,NONE,Train ticket fraud,
37c2e6e5ede56425e0e01fc525885203,"플레어 유, 따뜻한 감성 담은 미니 2집 두번째 콘셉트 포토 공개",https://www.slist.kr/news/articleView.html?idxno=770907,2026-10-04,www.slist.kr,Korean,South Korea,유가,D5_시장지표,2026-10-04,[],0,NONE,Entertainment news,
2acb9b1f2cf84eee033912911b263152,"플레어 유, 미니 2집 ‘LOVEHOOD’ 두 번째 콘셉트 포토 공개",https://m.entertain.naver.com/article/382/0001297095,2026-10-04,m.entertain.naver.com,Korean,South Korea,유가,D5_시장지표,2026-10-04,[],0,NONE,Entertainment news,
cdd9ac7bbd8e11de42588e4663fdcab8,2년간 결손 난 회사 주식으로 상속세 물납 신청…法 “거부 적법”,https://www.etoday.co.kr/news/view/2631452,2026-10-04,www.etoday.co.kr,Korean,South Korea,유가,D5_시장지표,2026-10-04,[],0,NONE,,
b4b095a71c108fb47fda5608bcbff796,'약달러 덕'에 3분기 ETF 상승률 1∼3위 모두 '달러 곱버스' 차지,https://www.getnews.co.kr/news/articleView.html?idxno=882571,2026-10-04,www.getnews.co.kr,Korean,South Korea,유가,D5_시장지표,2026-10-04,[],0,NONE,,
fd315138ff16481eeee064f014f08644,"경영난 회사 주식으로 상속세 물납…법원 ""거부 적법""",https://n.news.naver.com/mnews/article/629/0000539288?sid=102,2026-10-04,n.news.naver.com,Korean,South Korea,유가,D5_시장지표,2026-10-04,[],0,NONE,,
3b2e0939c272954dce0b0d28a6af7904,"팩션 영화 스크린 잔혹사, ‘그때 그 사람들’도 있었다 [암살자(들) 논...",https://n.news.naver.com/mnews/article/016/0002705397?sid=103,2026-10-04,n.news.naver.com,Korean,South Korea,제재,D6_교란행위,2026-10-04,[],0,NONE,,
8a75426310ec213616d1ea0e9084b287,"권영진 ""징계 강화 무색… 공무원 초과근무 부정수령, 4년간 1,560명·19억...",http://www.breaknews.com/1240943,2026-10-04,www.breaknews.com,Korean,South Korea,제재,D6_교란행위,2026-10-04,[],0,NONE,,
be5f72cbd43fdaadef17a123606c54ac,"이 대통령, 금융권 해킹 사건에 ""엄중한 인식 갖고 철저한 조사""",https://n.news.naver.com/mnews/article/052/0002414739?sid=100,2026-10-04,n.news.naver.com,Korean,South Korea,제재,D6_교란행위,2026-10-04,[],0,NONE,,
3d8d70f4a0d9206d9f2a93d2476dacfa,"러시아 재무부, 직원 급여 디지털 루블로 첫 지급…참여는 자발적, 규모...",https://www.wikitree.co.kr/articles/1163921,2026-10-04,www.wikitree.co.kr,Korean,South Korea,제재,D6_교란행위,2026-10-04,[],0,NONE,,
74aa60cae2f806da1880082e8eeccb8e,[양준서의 정조준] 중국산 AI 에이전트가 신한은행 해킹했나…이재명 정...,https://www.pennmike.com/news/articleView.html?idxno=128946,2026-10-04,www.pennmike.com,Korean,South Korea,제재,D6_교란행위,2026-10-04,[],0,NONE,,
b34fe365a2a3977e961d38b932190e83,라트비아 총선서 '반러' 집권당 압승…소련서 독립후 최고 성적(종합),https://n.news.naver.com/mnews/article/001/0016357136?sid=104,2026-10-04,n.news.naver.com,Korean,South Korea,제재,D6_교란행위,2026-10-04,[],0,NONE,,
fb215c54f2a01275dca5e3814fb80f59,달러 불신 시대…비트코인 ‘불장’ 서막? [홍익희의 비트코인 이야기],https://n.news.naver.com/mnews/article/024/0000108699?sid=110,2026-10-04,n.news.naver.com,Korean,South Korea,제재,D6_교란행위,2026-10-04,[],0,NONE,,
3e0ec564ea8c80235d7661f5b96c74ed,"러, 자체 위성망 '라스스베트' 제재 요구에 ""우주전쟁 일어날 것""",https://n.news.naver.com/mnews/article/421/0009209341?sid=104,2026-10-04,n.news.naver.com,Korean,South Korea,제재,D6_교란행위,2026-10-04,[],0,NONE,,
b0c9cd296e2d136e93986a48381a0ca8,의약품 GMP 적합판정 '효력정지' 신설…위반 정도 따라 제재 차등,http://www.medisobizanews.com/news/articleView.html?idxno=142834,2026-10-04,www.medisobizanews.com,Korean,South Korea,제재,D6_교란행위,2026-10-04,[],0,NONE,,
454befe3d50d4b0bcf6174aea7c3ca29,AI 성착취물 제작자 추적했더니 현직 경찰관,https://busanmbc.co.kr/01_new/new01_view.asp?idx=289688,2026-10-04,busanmbc.co.kr,Korean,South Korea,제재,D6_교란행위,2026-10-04,[],0,NONE,,
b9da95a2bf2dda04d1b90783300161c0,원산지 위반 걸려도 남는 장사…100만원 이하 벌금이 끝,https://n.news.naver.com/mnews/article/032/0003474181?sid=101,2026-10-04,n.news.naver.com,Korean,South Korea,제재,D6_교란행위,2026-10-04,[],0,NONE,,
db7100879178cf8744c238b1c07df7c6,"AI 성착취물 제작자 잡고 보니 현직 경찰관‥""호기심에""",https://n.news.naver.com/mnews/article/214/0001527144?sid=102,2026-10-04,n.news.naver.com,Korean,South Korea,제재,D6_교란행위,2026-10-04,[],0,NONE,,
ebc0dd2d6d7a2c880f7c28d7201007a9,"KT·LGU+ 계열 알뜰폰 '0원·마이너스 요금' 도마...""공정경쟁 훼손 우려...",https://www.wolyo.co.kr/news/articleView.html?idxno=318648,2026-10-04,www.wolyo.co.kr,Korean,South Korea,제재,D6_교란행위,2026-10-04,[],0,NONE,,
536ab7912fc6e99c036674716b4af8b4,"임문영 의원 ""R&D 환수금 59억 미회수…끝까지 걷어야""",https://www.mhns.co.kr/news/articleView.html?idxno=762727,2026-10-04,www.mhns.co.kr,Korean,South Korea,제재,D6_교란행위,2026-10-04,[],0,NONE,,
4b7d73de66f0ff0107eb94544363afd2,"과기정통부, 기업 2만8천곳에 보안점검 권고…금융권 해킹 확산 차단",https://n.news.naver.com/mnews/article/088/0001032185?sid=102,2026-10-04,n.news.naver.com,Korean,South Korea,제재,D6_교란행위,2026-10-04,[],0,NONE,,
62d093f1d6e7ad3c524fa60b9255162c,"테더(USDT), 이더리움 떠나 10년 만에 비트코인 네트워크 복귀...왜?",http://coinreaders.com/261514,2026-10-04,coinreaders.com,Korean,South Korea,제재,D6_교란행위,2026-10-04,[],0,NONE,,
2efb08a25f5c377481f99c56e8cfe553,인권위 ‘일베금지법’ 제동… “과잉 제한 우려”,https://n.news.naver.com/mnews/article/022/0004163987?sid=102,2026-10-04,n.news.naver.com,Korean,South Korea,제재,D6_교란행위,2026-10-04,[],0,NONE,,
7eab146e697f24b45a722b069d90fca2,"니케, 부정행위 제재 명단 공개…대리 플레이 기록 말소",https://www.vegannews.co.kr/news/article.html?no=391295,2026-10-04,www.vegannews.co.kr,Korean,South Korea,제재,D6_교란행위,2026-10-04,[],0,NONE,,
be10c6c0af6f67f0a4e1c8e36890cf26,"금융당국, 7개 금융사 연쇄 해킹에 ‘외부접속 원칙 차단’…재발 땐 책...",https://www.geconomy.co.kr/news/article.html?no=324125,2026-10-04,www.geconomy.co.kr,Korean,South Korea,제재,D6_교란행위,2026-10-04,[],0,NONE,,
2ea194682292311db64917c6d660aece,모스크바에서 본 전쟁과 평화 [김연철 칼럼],https://n.news.naver.com/mnews/article/028/0002825975?sid=110,2026-10-04,n.news.naver.com,Korean,South Korea,제재,D6_교란행위,2026-10-04,[],0,NONE,,
f1bacab4c364a02481a02821e2696bb2,"유승민 ""트럼프 대통령, 韓 경제·안보에 큰 부담""",https://n.news.naver.com/mnews/article/661/0000084319?sid=100,2026-10-04,n.news.naver.com,Korean,South Korea,제재,D6_교란행위,2026-10-04,[],0,NONE,,
c39327dc750b04129572afb60895bbf8,"[단독] ""직원 월급 500만원 줄 판""…사장님 발칵 뒤집힌 이유",https://n.news.naver.com/mnews/article/015/0005339037?sid=102,2026-10-04,n.news.naver.com,Korean,South Korea,제재,D6_교란행위,2026-10-04,[],0,NONE,,
5e84ebe9c8feac291141294772398d17,"[천지일보 사설] 해킹에 뚫린 금융기관, 보안 체계 전면 점검 필요",https://www.newscj.com/news/articleView.html?idxno=3437800,2026-10-04,www.newscj.com,Korean,South Korea,제재,D6_교란행위,2026-10-04,[],0,NONE,,
4190d0c2e58be95da4d70682eea63d67,유해진 자택 몰려가 “광고 끊어라” 협박…‘암살자(들)’ 둘러싼 보수...,https://m.entertain.naver.com/article/144/0001142124,2026-10-04,m.entertain.naver.com,Korean,South Korea,제재,D6_교란행위,2026-10-04,[],0,NONE,,
db164d7bc8b53fd84568767f42000e22,[정치개혁Ⅱ-정당·국회개혁⑥] 공천권 독점이 정치를 망친다…제왕적...,https://www.ilyoseoul.co.kr/news/articleView.html?idxno=523344,2026-10-04,www.ilyoseoul.co.kr,Korean,South Korea,제재,D6_교란행위,2026-10-04,[],0,NONE,,
fed9ed935f546f28e9edc3b7e09dde8c,[단독]3년전 만든 ‘개인정보 국외이전 중지명령’ 제도…한번도 안 써,https://n.news.naver.com/mnews/article/020/0003752608?sid=102,2026-10-04,n.news.naver.com,Korean,South Korea,제재,D6_교란행위,2026-10-04,[],0,NONE,,
9240b431f051789f8e450ecd9ba92a6b,"이재명은 '고도화 중단', 김정은은 '더욱 고도화'",https://n.news.naver.com/mnews/article/047/0002531176?sid=104,2026-10-04,n.news.naver.com,Korean,South Korea,제재,D6_교란행위,2026-10-04,[],0,NONE,,
c397247f5b84bb01eb9f9330e73bc6b1,“빈틈없이 점검하라”는 말만 1년째…소 잃고 외양간 고치는 금융당국,https://n.news.naver.com/mnews/article/005/0001876616?sid=101,2026-10-04,n.news.naver.com,Korean,South Korea,제재,D6_교란행위,2026-10-04,[],0,NONE,,
a43c67024c66a3563e8ff5486bdeb861,"한국 어쩌나...트럼프, 김정은과 친분 과시하며 ""핵미사일 112개 가졌으...",https://www.pennmike.com/news/articleView.html?idxno=128941,2026-10-04,www.pennmike.com,Korean,South Korea,제재,D6_교란행위,2026-10-04,[],0,NONE,,
9f9ab340d695e6a81343d98690c2a330,"李대통령, 금융권 해킹 사건 ""엄중 인식…철저 조사·대책 마련"" 지시",http://www.newsfc.co.kr/news/articleView.html?idxno=81539,2026-10-04,www.newsfc.co.kr,Korean,South Korea,제재,D6_교란행위,2026-10-04,[],0,NONE,,
67c126af23887eb9cd49f515fb07144b,"李대통령, 금융권 연쇄 해킹 사건에 ""엄중 인식, 철저 조사""",http://www.seouleconews.com/news/articleView.html?idxno=94127,2026-10-04,www.seouleconews.com,Korean,South Korea,제재,D6_교란행위,2026-10-04,[],0,NONE,,
5fbebc0420894a88cf580aa463d5fee1,"은행 4곳 해킹 동일 IP였다…금융당국 ""AI 공격 가능성 배제 못해""",https://www.hidomin.com/news/articleView.html?idxno=723561,2026-10-04,www.hidomin.com,Korean,South Korea,제재,D6_교란행위,2026-10-04,[],0,NONE,,
7c676a24f3ff3360ac249f97b5fbbba9,"""에이전트 결제 실행·보안·대출 지원…XRPL로 싸고 빠르게""[인터뷰]",https://n.news.naver.com/mnews/article/018/0006380751?sid=101,2026-10-04,n.news.naver.com,Korean,South Korea,제재,D6_교란행위,2026-10-04,[],0,NONE,,
aaeb590721df3abe7a26e604781476ec,"""농지조사, 투기 잡겠다더니 도지만 잡나""…지방 농촌 '불똥' 우려",https://n.news.naver.com/mnews/article/088/0001032128?sid=102,2026-10-04,n.news.naver.com,Korean,South Korea,제재,D6_교란행위,2026-10-04,[],0,NONE,,
e720a0ff2ffc403d09ec98034058c24b,산재 반복기업에 영업이익 5% 과징금… 건설사 8곳 ‘비상’,https://idsn.co.kr/news/view/1065589157538041,2026-10-04,idsn.co.kr,Korean,South Korea,제재,D6_교란행위,2026-10-04,[],0,NONE,,
d69b95fc18bd1b31120144e4f6e3fcc4,"李 대통령, 금융권 개인정보 유출에 ""철저한 조사·대책 마련 지시""",https://n.news.naver.com/mnews/article/008/0005421954?sid=100,2026-10-04,n.news.naver.com,Korean,South Korea,제재,D6_교란행위,2026-10-04,[],0,NONE,,
5ab64bb352342678fc8fdc75d452920e,"[보험판전사發 지각변동/上] 토스, 플랫폼형 GA실험···보안·내부통제...",https://www.seoulfn.com/news/articleView.html?idxno=639257,2026-10-04,www.seoulfn.com,Korean,South Korea,제재,D6_교란행위,2026-10-04,[],0,NONE,,
0ed2f1a2cb6165382c39ac70991f3d11,[단독]원산지 속여 과태료 물어도 ‘남는 장사’…10건 중 4건 ‘벌금 1...,https://n.news.naver.com/mnews/article/032/0003474088?sid=101,2026-10-04,n.news.naver.com,Korean,South Korea,제재,D6_교란행위,2026-10-04,[],0,NONE,,
9f4d53cffe889f43ecdfd57b463c73e1,"李대통령, 금융권 잇단 개인정보 유출에 “철저 조사·대책 마련” 지시",https://www.m-economynews.com/news/article.html?no=71329,2026-10-04,www.m-economynews.com,Korean,South Korea,제재,D6_교란행위,2026-10-04,[],0,NONE,,
ee8df682eb3e052f5cd9d13c21ece7aa,"일본 취준생 32%, 면접·OB 방문서 성희롱…10월부터 기업 방지 의무화",https://n.news.naver.com/mnews/article/088/0001032107?sid=104,2026-10-04,n.news.naver.com,Korean,South Korea,제재,D6_교란행위,2026-10-04,[],0,NONE,,
df2caa91f2889e9955e68d42fdfb8c30,"李대통령, 금융권 해킹 사건에 ""엄중한 인식…철저 조사·대책 마련"" 지...",https://n.news.naver.com/mnews/article/421/0009208881?sid=100,2026-10-04,n.news.naver.com,Korean,South Korea,제재,D6_교란행위,2026-10-04,[],0,NONE,,
2cc524bc8510e049eb32abbcc7bc31a8,"'최대 XRP DAT' 에버노스 “XRP 굴려 운용수익 낸다, 규제 열리면 韓 진...",https://n.news.naver.com/mnews/article/018/0006380663?sid=101,2026-10-04,n.news.naver.com,Korean,South Korea,제재,D6_교란행위,2026-10-04,[],0,NONE,,
06b8f9ac9069a80e9a8c869f6a7f7993,한 주간의 이슈 검색어 Top10 [시선뉴스 키워드],http://www.sisunnews.co.kr/news/articleView.html?idxno=247070,2026-10-04,www.sisunnews.co.kr,Korean,South Korea,제재,D6_교란행위,2026-10-04,[],0,NONE,,
78e7f4edaadab1387d5b6ca6704a0c76,"정부가 주니 일단 버틴다?…""제도가 임금체불 유인 키워""",https://n.news.naver.com/mnews/article/003/0014232725?sid=102,2026-10-04,n.news.naver.com,Korean,South Korea,제재,D6_교란행위,2026-10-04,[],0,NONE,,
268b23fa046480c91147ef5674376c35,"민주당 정태호 의원, 공익신고 포상금 재원 확보 위한 「공익신고·피해...",https://www.livesnews.com/news/article.html?no=64700,2026-10-04,www.livesnews.com,Korean,South Korea,제재,D6_교란행위,2026-10-04,[],0,NONE,,
48c709cd66ecb6266eb8f60fe1827862,"니케, 불법 프로그램 이용자 향한 칼부림 계속 된다",https://www.gametoc.co.kr/news/articleView.html?idxno=111974,2026-10-04,www.gametoc.co.kr,Korean,South Korea,제재,D6_교란행위,2026-10-04,[],0,NONE,,
815fb4e3d4cbc78af39fae7f26294bfd,트럼프의 경박한 입 : 중간선거 유세에서 김정은 친분 과시하다 북한 핵...,https://www.huffingtonpost.kr/article/260983,2026-10-04,www.huffingtonpost.kr,Korean,South Korea,제재,D6_교란행위,2026-10-04,[],0,NONE,,
2d3cf51a014208c3aad0b44481f1c4fa,"KB국민도 뚫렸다, ""해킹 피해 전액 보상"" 과연 그 기준은?",https://www.ppss.kr/news/articleView.html?idxno=313808,2026-10-04,www.ppss.kr,Korean,South Korea,제재,D6_교란행위,2026-10-04,[],0,NONE,,
4e95f21793fe4ed4d56531a40e2d5112,"[오피셜] ""다시 싸우는 게 두렵다"" 은퇴 암시했던 페레이라, 결국 돌아온...",https://m.sports.naver.com/general/article/311/0002065329,2026-10-04,m.sports.naver.com,Korean,South Korea,제재,D6_교란행위,2026-10-04,[],0,NONE,,
0ba15fad29bf2d72cd4fe689a6895a70,"‘10대’ 손예진과 ‘가짜’ 염혜란 사이…AI 배우, 어디까지 허용할까",https://n.news.naver.com/mnews/article/028/0002825898?sid=103,2026-10-04,n.news.naver.com,Korean,South Korea,제재,D6_교란행위,2026-10-04,[],0,NONE,,
ab85501b28255b89998014f43cfdfd5b,"""나도 애 낳아봤어""…목발 짚은 임산부 외면한 배려석",https://n.news.naver.com/mnews/article/018/0006380645?sid=102,2026-10-04,n.news.naver.com,Korean,South Korea,제재,D6_교란행위,2026-10-04,[],0,NONE,,
c76c3fc52b6c9aeb60d9e6c0a8d56368,'가짜 야근' 5배 물려도 안 멈췄다…공무원 4년째 매년 300명 이상 적발,https://n.news.naver.com/mnews/article/421/0009208767?sid=100,2026-10-04,n.news.naver.com,Korean,South Korea,제재,D6_교란행위,2026-10-04,[],0,NONE,,
dd5faef72fb41807a60c3f5dc2825bf2,"AI 해킹 비상, 은행 뚫리고 저축은행·캐피털까지…금융권 보안체계 전...",http://www.intn.co.kr/news/articleView.html?idxno=2053823,2026-10-04,www.intn.co.kr,Korean,South Korea,제재,D6_교란행위,2026-10-04,[],0,NONE,,
80dc8a3ede5f47f27b4c0c0978236cac,"수장 없는 공소청·중수청...청, 김지용 '정면 돌파'",https://n.news.naver.com/mnews/article/052/0002414547?sid=100,2026-10-04,n.news.naver.com,Korean,South Korea,제재,D6_교란행위,2026-10-04,[],0,NONE,,
cc81ad7ad81107ab5ec43574a8b094e8,"한 경주에 ‘26억’, 말 달리자 돈 몰렸다…지자체는 경마공원 모셔오기",https://n.news.naver.com/mnews/article/022/0004163893?sid=101,2026-10-04,n.news.naver.com,Korean,South Korea,제재,D6_교란행위,2026-10-04,[],0,NONE,,
a2962a3c10037ca833b5f6702bf0c08a,전기차 라인을 에너지저장장치로 전환…배터리 시험대,https://n.news.naver.com/mnews/article/422/0000912407?sid=101,2026-10-04,n.news.naver.com,Korean,South Korea,제재,D6_교란행위,2026-10-04,[],0,NONE,,
33c462d4bce76e9ee187510b24327b4b,"AI가 찾은 '옆문'…금융권 해킹, 징계는 어디까지",https://www.newsworks.co.kr/news/articleView.html?idxno=855548,2026-10-04,www.newsworks.co.kr,Korean,South Korea,제재,D6_교란행위,2026-10-04,[],0,NONE,,
f3b1dd38f0435c86b573c2b94868a7f5,[프리즘] 산업 현장 AI 속도전…동시에 '안전성' 화두로,https://n.news.naver.com/mnews/article/422/0000912401?sid=101,2026-10-04,n.news.naver.com,Korean,South Korea,제재,D6_교란행위,2026-10-04,[],0,NONE,,
fbfe15ffe2f2935d84118847c1154159,[횡설수설/장원재]日답지 않은 아시안게임,https://n.news.naver.com/mnews/article/020/0003752645?sid=110,2026-10-04,n.news.naver.com,Korean,South Korea,컨테이너,D2_품목,2026-10-04,[],0,NONE,,
fcccf749edfc8b25ca01ed658cd4d2cd,"""경악"" 아시안게임 마지막까지 대형 사고, 日 연이은 최악의 행정…서채...",https://m.sports.naver.com/general/article/076/0004452993,2026-10-04,m.sports.naver.com,Korean,South Korea,컨테이너,D2_품목,2026-10-04,[],0,NONE,,
493b8367b399880d513ba9d1237f9c04,"""매진이라며?"" 폐회식도 텅텅…日 아시안게임, 마지막까지 '흥행 참패' ...",https://m.sports.naver.com/general/article/311/0002065430,2026-10-04,m.sports.naver.com,Korean,South Korea,컨테이너,D2_품목,2026-10-04,[],0,NONE,,
b5fafc42bf99d61e136c318f86ee7e18,"애국가 끝날 때까지 안 올라간 태극기... 나고야, 마지막까지 최악의 대...",https://n.news.naver.com/mnews/article/469/0000957647?sid=104,2026-10-04,n.news.naver.com,Korean,South Korea,컨테이너,D2_품목,2026-10-04,[],0,NONE,,
2133445c036a17e05fdc69e9606a416d,폐막 예상 외 부진 한국 전체 3위·대회 운영 ‘낙제점’,https://n.news.naver.com/mnews/article/056/0012267645?sid=104,2026-10-04,n.news.naver.com,Korean,South Korea,컨테이너,D2_품목,2026-10-04,[],0,NONE,,
266290e396f4dab788bde97e1e362df2,"한국, 44년 만의 최소 금메달로 아시안게임 마무리… 일본과 격차 더 벌...",https://www.newscj.com/news/articleView.html?idxno=3437725,2026-10-04,www.newscj.com,Korean,South Korea,컨테이너,D2_품목,2026-10-04,[],0,NONE,,
a2cc1cc8047581229f242c3995a490d3,'텃세·갈등 잡을까?'.. 파크골프장 직영 나선 지자체,https://n.news.naver.com/mnews/article/659/0000047457?sid=102,2026-10-04,n.news.naver.com,Korean,South Korea,컨테이너,D2_품목,2026-10-04,[],0,NONE,,
23e3baedc521fe8a53c472ce39457caf,"단체 구기 선전, 양궁·태권도 부진…영원한 메달밭은 없다",https://n.news.naver.com/mnews/article/032/0003474179?sid=104,2026-10-04,n.news.naver.com,Korean,South Korea,컨테이너,D2_품목,2026-10-04,[],0,NONE,,
173d964915611ae5154d4f04469cf609,"'엉망진창 AG' 유승민 대한체육회장 ""항의문을 가장 많이 보낸 대회""",https://n.news.naver.com/mnews/article/119/0003139397?sid=104,2026-10-04,n.news.naver.com,Korean,South Korea,컨테이너,D2_품목,2026-10-04,[],0,NONE,,
1ae32aedf47326ca3b8bf29689ce69de,"""금메달 땄는데 태극기가 안 올라가?"" 엉망진창 나고야 AG, 마지막까지 ...",https://n.news.naver.com/mnews/article/014/0005584848?sid=104,2026-10-04,n.news.naver.com,Korean,South Korea,컨테이너,D2_품목,2026-10-04,[],0,NONE,,
ee1831582064d9bfd2136b5c19d3ea0c,"""국제대회 수준이‥"" 엉망진창 운영에 선수들도 '황당'",https://n.news.naver.com/mnews/article/214/0001527135?sid=104,2026-10-04,n.news.naver.com,Korean,South Korea,컨테이너,D2_품목,2026-10-04,[],0,NONE,,
607a8dbcb2d7297e9674e792ebe6cf2f,[여기는 나고야] 태극기 안 올라가며 마지막까지 막장…역대 최악의 대...,https://n.news.naver.com/mnews/article/057/0001971983?sid=104,2026-10-04,n.news.naver.com,Korean,South Korea,컨테이너,D2_품목,2026-10-04,[],0,NONE,,
f0bdbcd1d3671b01d28acda6df16bf50,"'돈 아끼려다' 시작부터 마지막까지 운영 엉망…""최악의 아시안게임""",https://n.news.naver.com/mnews/article/448/0000643046?sid=104,2026-10-04,n.news.naver.com,Korean,South Korea,컨테이너,D2_품목,2026-10-04,[],0,NONE,,
06197a1e552f2b212c1bdf1b0c6b2652,공은 웃었고 활은 울었다…경기운영·숙소는 빵점 대회,https://n.news.naver.com/mnews/article/658/0000157453?sid=104,2026-10-04,n.news.naver.com,Korean,South Korea,컨테이너,D2_품목,2026-10-04,[],0,NONE,,
cde037775bb9eb95bed36dc3d84a710f,"[아시안게임] OCA 사무총장 ""10만 건 중 1∼2건 지연, 수송 실패 아냐""",https://n.news.naver.com/mnews/article/001/0016356900?sid=104,2026-10-04,n.news.naver.com,Korean,South Korea,컨테이너,D2_품목,2026-10-04,[],0,NONE,,
4ff4a5458acf9bd432b6dae0e7a0ff38,韓 '금 39개·종합 3위' 완수…메달 지형 바꾼 '황금 MZ' [아시안게임],http://www.starnewsk.com/news/articleView.html?idxno=59598,2026-10-04,www.starnewsk.com,Korean,South Korea,컨테이너,D2_품목,2026-10-04,[],0,NONE,,
fd8e1ea2d23845176ec4f022a909c72f,"‘비용 절감’이 목표였나…日, ‘역대 최악의 대회’ 비판 직면",https://n.news.naver.com/mnews/article/020/0003752614?sid=104,2026-10-04,n.news.naver.com,Korean,South Korea,컨테이너,D2_품목,2026-10-04,[],0,NONE,,
15db1264915a1087cde82b7487b3e94d,2026 나고야 아시안게임 폐막식 시간 언제… 한국 메달 순위는?,https://www.wikitree.co.kr/articles/1163892,2026-10-04,www.wikitree.co.kr,Korean,South Korea,컨테이너,D2_품목,2026-10-04,[],0,NONE,,
a5716fc1bdaefa01310e3ad88a77b780,직원도 없는 유령 간병업체…보험금 청구용 '서류공장' 전락,https://n.news.naver.com/mnews/article/009/0005743832?sid=102,2026-10-04,n.news.naver.com,Korean,South Korea,컨테이너,D2_품목,2026-10-04,[],0,NONE,,
472b080c44dc80f177714826c6e2683e,숙소·수송부터 국가 연주까지 '삐걱'…운영 논란으로 얼룩진 日 아시안...,http://www.stoo.com/article.php?aid=109224351139,2026-10-04,www.stoo.com,Korean,South Korea,컨테이너,D2_품목,2026-10-04,[],0,NONE,,
f3ebefcb253ec19b7bdccf5882da8c39,아시안게임 운영 ‘총체적 난국’…차기 아시안게임 연기?,https://n.news.naver.com/mnews/article/056/0012267624?sid=104,2026-10-04,n.news.naver.com,Korean,South Korea,컨테이너,D2_품목,2026-10-04,[],0,NONE,,
62eb16b36be667141185cea137f3df66,"'부실운영' 아시안게임, 한국선수단 폐회식 기수도 틀려",https://n.news.naver.com/mnews/article/417/0001160033?sid=104,2026-10-04,n.news.naver.com,Korean,South Korea,컨테이너,D2_품목,2026-10-04,[],0,NONE,,
3bd6e29fbe111792d3376cbacb19b282,흙으로 빚은 눈송이 ‘설백자’… 조병호 ‘여주 도예명장 1호’ 60년 외...,https://www.kyeongin.com/article/1771958,2026-10-04,www.kyeongin.com,Korean,South Korea,컨테이너,D2_품목,2026-10-04,[],0,NONE,,
27ea73b09bf8ec7453971676f361bacb,"폐막 전날, 욱일기 펼쳐든 꺼낸 일본…""폭거"" 비판 쏟아졌지만 성적은 ...",https://m.sports.naver.com/general/article/311/0002065367,2026-10-04,m.sports.naver.com,Korean,South Korea,컨테이너,D2_품목,2026-10-04,[],0,NONE,,
7d612c40f21f00a539bef6c7ddcd4e62,숙박·수송 문제에 도요토미 논란…역대 '최악의 대회'[AG 결산⑤],https://n.news.naver.com/mnews/article/003/0014232960?sid=104,2026-10-04,n.news.naver.com,Korean,South Korea,컨테이너,D2_품목,2026-10-04,[],0,NONE,,
0d132b1b8b78aa3d144f3c9496cd2ca3,충격 또 충격 ‘안전자산 아니었다’ 흔들린 양궁·태권도···‘깜짝 금...,https://n.news.naver.com/mnews/article/032/0003474110?sid=104,2026-10-04,n.news.naver.com,Korean,South Korea,컨테이너,D2_품목,2026-10-04,[],0,NONE,,
e220b2b62d12e31ec5b6d24f096f6764,"[아시안게임] 유승민 ""가장 많이 항의한 대회…담대히 임해준 선수단 감...",https://n.news.naver.com/mnews/article/629/0000539317?sid=104,2026-10-04,n.news.naver.com,Korean,South Korea,컨테이너,D2_품목,2026-10-04,[],0,NONE,,
98339606b3377194e75b8ee58e17904d,"유승민 체육회장 ""역대 가장 많이 항의한 아시안게임…선수단에 감사""",https://n.news.naver.com/mnews/article/057/0001971943?sid=104,2026-10-04,n.news.naver.com,Korean,South Korea,컨테이너,D2_품목,2026-10-04,[],0,NONE,,
5cf4344ed7abd4d583938b08b29491b9,"안세영·오상욱 역시 세계 최강, 야구·축구·농구도 릴레이 승전보… ...",https://m.sports.naver.com/general/article/144/0001142100,2026-10-04,m.sports.naver.com,Korean,South Korea,컨테이너,D2_품목,2026-10-04,[],0,NONE,,
1ac67603592f519356237a3ad1ce2b49,"유승민 체육회장 ""역대 가장 많이 항의한 대회…반면교사 삼겠다""",https://n.news.naver.com/mnews/article/055/0001393040?sid=104,2026-10-04,n.news.naver.com,Korean,South Korea,컨테이너,D2_품목,2026-10-04,[],0,NONE,,
42c33d4fd97cd7d7acd79149b51144c8,2.5조 쓴 일본도 실패했다…2038 AG 노리는 광주·대구에 '경고장',https://n.news.naver.com/mnews/article/053/0000061989?sid=104,2026-10-04,n.news.naver.com,Korean,South Korea,컨테이너,D2_품목,2026-10-04,[],0,NONE,,
13d60cbe59212bc44ea4e50684342f92,‘44년 만에 역대 최소’ 한국 금메달 39개...일본과 큰 격차 [아시안게...,https://n.news.naver.com/mnews/article/666/0000126018?sid=104,2026-10-04,n.news.naver.com,Korean,South Korea,컨테이너,D2_품목,2026-10-04,[],0,NONE,,
58cc2630135dbd53fc4aa330482c1cc5,[아시안게임] 한국 종합 3위 지켰지만 금메달 39개로 부진… 2028년 LA 올...,https://www.smartbizn.com/news/articleView.html?idxno=155551,2026-10-04,www.smartbizn.com,Korean,South Korea,컨테이너,D2_품목,2026-10-04,[],0,NONE,,
c6e5477899fa2eff0cb04ccb98d06f36,[아시안게임] 역대 최다 논란거리…망가진 '아시아 대축제',https://n.news.naver.com/mnews/article/088/0001032118?sid=104,2026-10-04,n.news.naver.com,Korean,South Korea,컨테이너,D2_품목,2026-10-04,[],0,NONE,,
1f5fde77475f115d9e795fff0a07d12d,"2026 아이치 나고야 아시안게임 4일 폐막, 한국 종합 3위로 마무리",https://www.businesspost.co.kr/BP?command=article_view&num=448598,2026-10-04,www.businesspost.co.kr,Korean,South Korea,컨테이너,D2_품목,2026-10-04,[],0,NONE,,
8b019941d370a8e8450ee88e82f2a3b0,"""역대 가장 많이 항의한 대회였다""…부실 운영 얼룩진 AG 씁쓸한 퇴장",https://n.news.naver.com/mnews/article/079/0004195537?sid=104,2026-10-04,n.news.naver.com,Korean,South Korea,컨테이너,D2_품목,2026-10-04,[],0,NONE,,
e7b1d1d402e7c9b7c0c45fee7772b28a,"'대충격' 태극기 실종에 北 국가까지…'F학점' 최악, ""역대 최다 항의"" ...",https://m.sports.naver.com/general/article/076/0004452791,2026-10-04,m.sports.naver.com,Korean,South Korea,컨테이너,D2_품목,2026-10-04,[],0,NONE,,
f8c96800f3af9b45cbc59677be335a3c,"""오랫동안 기억에 남을 훌륭한 대회"" 아이치현 지사 자화자찬, 日 국민...",https://m.sports.naver.com/general/article/477/0000631479,2026-10-04,m.sports.naver.com,Korean,South Korea,컨테이너,D2_품목,2026-10-04,[],0,NONE,,
a7af41ec8ed04333c7d9365f23c4ede6,아이치·나고야 결산한 유승민 “역대 가장 많이 항의한 대회”,https://n.news.naver.com/mnews/article/021/0002822977?sid=104,2026-10-04,n.news.naver.com,Korean,South Korea,컨테이너,D2_품목,2026-10-04,[],0,NONE,,
421a1c7c210fbea6ebe1dbd08140a083,유승민 “역대 가장 많이 항의한 대회”…운영 부실에 쓴소리,https://n.news.naver.com/mnews/article/018/0006380657?sid=104,2026-10-04,n.news.naver.com,Korean,South Korea,컨테이너,D2_품목,2026-10-04,[],0,NONE,,
c38301a2de3be4d1866261e12b793ef5,"[아시안게임] 나사 풀린 일본, 국기 게양도 제대로 못해",http://www.4th.kr/news/articleView.html?idxno=2119189,2026-10-04,www.4th.kr,Korean,South Korea,컨테이너,D2_품목,2026-10-04,[],0,NONE,,
18225a33663e5d38d9cca4f28453a5b6,"유승민 체육회장 ""역대 가장 많이 항의한 아시안게임…반면교사 삼겠다...",https://n.news.naver.com/mnews/article/015/0005338961?sid=104,2026-10-04,n.news.naver.com,Korean,South Korea,컨테이너,D2_품목,2026-10-04,[],0,NONE,,
60d93a9ce67c5cf936357be00e777866,"[아시안게임] 유승민 체육회장 ""역대 가장 많이 항의한 대회…반면교사...",https://n.news.naver.com/mnews/article/001/0016356460?sid=104,2026-10-04,n.news.naver.com,Korean,South Korea,컨테이너,D2_품목,2026-10-04,[],0,NONE,,
54262073864ed09669d61600a3829d85,10월 4일 오늘의 안전 상황,http://fpn119.co.kr/257512,2026-10-04,fpn119.co.kr,Korean,South Korea,컨테이너,D2_품목,2026-10-04,[],0,NONE,,
0abcf7fdaba9243a48dd9cf7f7c09c1e,"'역대 최악' 현지서도 ""처음부터 끝까지 다 엉망이었다""...물 새는 숙소...",https://m.sports.naver.com/general/article/109/0005618018,2026-10-04,m.sports.naver.com,Korean,South Korea,컨테이너,D2_품목,2026-10-04,[],0,NONE,,
2006528237f626253a9cbec4faedf101,[특파원 리포트] 美 앞에선 ‘국가 위신’ 팽개치나,https://n.news.naver.com/mnews/article/023/0004002047?sid=110,2026-10-04,n.news.naver.com,Korean,South Korea,원유,D2_품목,2026-10-04,[],0,NONE,,
4972bfc809d528a441eedd9c3ed12dd5,‘투지’냐 ‘독배’냐… 트럼프 ‘알래스카 압박’에 대미투자 산 넘어...,http://www.breaknews.com/1240939,2026-10-04,www.breaknews.com,Korean,South Korea,원유,D2_품목,2026-10-04,[],0,NONE,,
90ee433d8838c14551f8229fa724d60b,[지금 북녘은] 패러다임 전환하는 축산업,http://www.ikpnews.net/news/articleView.html?idxno=71557,2026-10-04,www.ikpnews.net,Korean,South Korea,원유,D2_품목,2026-10-04,[],0,NONE,North Korea livestock,
b7f7671d1226d4fccd96b91ba27713ce,강훈식 후임 인선? 유임?… 李대통령의 고심,https://n.news.naver.com/mnews/article/014/0005584770?sid=100,2026-10-04,n.news.naver.com,Korean,South Korea,원유,D2_품목,2026-10-04,[],0,NONE,Government personnel,
71cd6f2d7354911a66236e61ff0cf2ff,청와대 정책실장은 '내부승진'…강훈식 '후임 인선이냐 유임이냐',https://n.news.naver.com/mnews/article/014/0005584750?sid=100,2026-10-04,n.news.naver.com,Korean,South Korea,원유,D2_품목,2026-10-04,[],0,NONE,Government personnel,
c23cc2e4e7d9e4098b93278181dfd37e,[금값시세] 금시세 1돈,https://www.gametoc.co.kr/news/articleView.html?idxno=111973,2026-10-04,www.gametoc.co.kr,Korean,South Korea,원유,D2_품목,2026-10-04,[],0,NONE,,
f10251d7d89a269264d70af70783bb76,"[인터뷰] ""목포의 밤을 붙잡아라""… 체류객 20%의 벽, 강성휘 목포시장...",https://www.tournews21.com/news/articleView.html?idxno=144919,2026-10-04,www.tournews21.com,Korean,South Korea,선박,D4_운송,2026-10-04,[],0,NONE,City tourism,
227245fc2d8b8f176b5fc8ec87e8945b,찬공기 남하...바람도 강해 '주의',https://n.news.naver.com/mnews/article/661/0000084329?sid=103,2026-10-04,n.news.naver.com,Korean,South Korea,선박,D4_운송,2026-10-04,[],0,NONE,Weather advisory,
d132ea3e5d835cbb5029e8462801fda1,"'굿잡 버스' 타고 일자리 체험… 부산TP, 청년 취업길 넓힌다",https://n.news.naver.com/mnews/article/014/0005584843?sid=101,2026-10-04,n.news.naver.com,Korean,South Korea,선박,D4_운송,2026-10-04,[],0,NONE,Job fair event,
bedb8ad5266e46514d49e1afda216d01,가을 절경 담으려다 40m 추락사,https://n.news.naver.com/mnews/article/449/0000362979?sid=102,2026-10-04,n.news.naver.com,Korean,South Korea,선박,D4_운송,2026-10-04,[],0,NONE,Accident incident,
eb904c3524086c12d43414608f57a64e,떠나기 싫은 '부캉이'...그물 넘어 되돌아와,https://news.knn.co.kr/news/article/192801,2026-10-04,news.knn.co.kr,Korean,South Korea,선박,D4_운송,2026-10-04,[],0,NONE,Animal entertainment,
7bbbfb0ba211f825157f10acf2bde19a,그물 넘어 돌아온 ‘부캉이’ 안 떠나나… 돔 구장 사업도 탄력,https://n.news.naver.com/mnews/article/005/0001876648?sid=102,2026-10-04,n.news.naver.com,Korean,South Korea,선박,D4_운송,2026-10-04,[],0,NONE,Animal entertainment,
b54467dac46261a54c924658a389c65e,떠나기 싫은 ‘부캉이’… 보내기 싫은 시민들,https://n.news.naver.com/mnews/article/082/0001401089?sid=102,2026-10-04,n.news.naver.com,Korean,South Korea,선박,D4_운송,2026-10-04,[],0,NONE,Animal entertainment,
b53159581388b6da04af89dd02732d20,[제주날씨] 찬공기 남하...바람도 강해 '주의',https://n.news.naver.com/mnews/article/661/0000084327?sid=103,2026-10-04,n.news.naver.com,Korean,South Korea,선박,D4_운송,2026-10-04,[],0,NONE,Weather forecast,
3b0d602a4ca77a70e198380776dc02e9,"로봇·양자컴 '딥테크' 뜨자…'한 우물' 판 교수들, CEO 변신",https://n.news.naver.com/mnews/article/015/0005339043?sid=101,2026-10-04,n.news.naver.com,Korean,South Korea,선박,D4_운송,2026-10-04,[],0,NONE,Tech startup trends,
333065d23990880aef9ef4e84f9f9da4,'기술 구루' 실험실 밖으로…KAIST 상반기 창업 107명,https://n.news.naver.com/mnews/article/015/0005339041?sid=101,2026-10-04,n.news.naver.com,Korean,South Korea,선박,D4_운송,2026-10-04,[],0,NONE,University startups,
59ce8104898884cc95edb30b7668e890,"박찬대 인천시장, 10·4 선언 19년...서해 평화의 약속 내려놓지 않겠다",https://www.ajunews.com/view/20261004172228047,2026-10-04,www.ajunews.com,Korean,South Korea,선박,D4_운송,2026-10-04,[],0,NONE,Political statement,
6500c66b69df888878904b7455de5517,[27호 태풍 초이완 경로 등 전국 오늘의 날씨 및 내일 날씨]오늘 밤~내일...,http://www.economytalk.kr/news/articleView.html?idxno=424480,2026-10-04,www.economytalk.kr,Korean,South Korea,선박,D4_운송,2026-10-04,[],0,NONE,Weather forecast,
0cca297b3cbe784f63b3e969d7a84889,"[오늘의 날씨 및 내일 날씨]27호 태풍 초이완 경로,오늘 밤~내일 오전 전...",http://www.economytalk.kr/news/articleView.html?idxno=424479,2026-10-04,www.economytalk.kr,Korean,South Korea,선박,D4_운송,2026-10-04,[],0,NONE,Weather forecast,
ef0c993ec620a76f9b7d6881ae49cea4,[내일의 날씨] 북쪽 찬 공기 유입에 낮 기온 5도↓…5일 오전까지 전국...,https://www.topstarnews.net/news/articleView.html?idxno=16237867,2026-10-04,www.topstarnews.net,Korean,South Korea,선박,D4_운송,2026-10-04,[],0,NONE,Weather forecast,
2cdb7cd0d7952e6786fa2459be634f82,"""우리 부캉이 부산 스타 다 됐네""…땡볕에 1시간 기다려도 하루 12만명 ...",https://n.news.naver.com/mnews/article/277/0005824506?sid=102,2026-10-04,n.news.naver.com,Korean,South Korea,선박,D4_운송,2026-10-04,[],0,NONE,Tourism attraction,
e100857b1d14aa1d25dd22b1fcb955ff,中 국경절 첫날 3억여명 이동…전년 대비 1.9% 감소,https://www.getnews.co.kr/news/articleView.html?idxno=882585,2026-10-04,www.getnews.co.kr,Korean,South Korea,선박,D4_운송,2026-10-04,[],0,NONE,China travel data,
b14ac4ca6b5bbae1172f0202477caf90,"헤그세스 ""유럽 주둔 미군 일부 재배치""…중남미 군사력 강화 시사",https://www.ajunews.com/view/20261004154133999,2026-10-04,www.ajunews.com,Korean,South Korea,선박,D4_운송,2026-10-04,[],0,NONE,US military deployment,
ff4a7f10b2728af4db46d95bb047202e,"美국방장관, 미군 유럽→본토·중남미 재배치 가능성 시사",https://n.news.naver.com/mnews/article/001/0016356779?sid=104,2026-10-04,n.news.naver.com,Korean,South Korea,선박,D4_운송,2026-10-04,[],0,NONE,US military deployment,
a6dc97e927bf1fe29993f202681387dd,"부산이 좋니, 떠나지 않는 ‘부캉이’…누적 방문객 80만 넘었다",https://n.news.naver.com/mnews/article/022/0004163938?sid=102,2026-10-04,n.news.naver.com,Korean,South Korea,선박,D4_운송,2026-10-04,[],0,NONE,Tourism attraction,
66d1e401c30d3f9382d4e89432480280,"부캉이, 그물 넘어 북항 수로로 돌아와",https://www.vegannews.co.kr/news/article.html?no=391283,2026-10-04,www.vegannews.co.kr,Korean,South Korea,선박,D4_운송,2026-10-04,[],0,NONE,Tourism attraction,
00d446721dd1aff000fc68bfe802423f,"“당신들의 희생 잊지 않겠습니다”… 거제씨월드, 6·25참전유공자 가...",https://n.news.naver.com/mnews/article/382/0001297123?sid=102,2026-10-04,n.news.naver.com,Korean,South Korea,선박,D4_운송,2026-10-04,[],0,NONE,Memorial event,
77e027a81aebb3364bcd785c7878d343,"北은 ""광대극"", 李대통령은 ""평화""…깊어지는 대북 딜레마",https://n.news.naver.com/mnews/article/586/0000139402?sid=100,2026-10-04,n.news.naver.com,Korean,South Korea,선박,D4_운송,2026-10-04,[],0,NONE,Political analysis,
0a4562fffef0d9ba11cb21ce9cac61ac,"통영시, ‘2026년 해양레저관광 전문인력 양성사업’ 추진",https://www.viva100.com/article/20261004500115,2026-10-04,www.viva100.com,Korean,South Korea,선박,D4_운송,2026-10-04,[],0,NONE,Tourism workforce,
383f573874202c6e1573da571759e481,인구 1500명 밑돈 추자도… 483억 들여 물·어촌·관광 기반 재정비,https://n.news.naver.com/mnews/article/014/0005584673?sid=102,2026-10-04,n.news.naver.com,Korean,South Korea,선박,D4_운송,2026-10-04,[],0,NONE,,
d77ad8ddecd01b0194b1aba729ec8843,“국민 안전 최우선 할 것”…제36대 장대운 인천해양경찰서장 취임,https://www.kgnews.co.kr/news/article.html?no=913924,2026-10-04,www.kgnews.co.kr,Korean,South Korea,선박,D4_운송,2026-10-04,[],0,NONE,,
481cd79a377cca90457117cb9d6ab568,[미지답 칼럼] 상어 한 마리가 채운 부산의 빈자리,https://n.news.naver.com/mnews/article/469/0000957586?sid=110,2026-10-04,n.news.naver.com,Korean,South Korea,선박,D4_운송,2026-10-04,[],0,NONE,,
6af2daa071b607097521a293917c29ba,"[오늘의 날씨 및 내일 날씨]27호 태풍 초이완 경로,오늘 경상권동해안 ...",http://www.economytalk.kr/news/articleView.html?idxno=424478,2026-10-04,www.economytalk.kr,Korean,South Korea,선박,D4_운송,2026-10-04,[],0,NONE,,
a49c9a74abd298672e28e14c45b7531a,"프랑스 국채 ‘투매’…금리 24년 만에 최고, ‘유럽 재정위기’ 공포 ...",https://n.news.naver.com/mnews/article/119/0003139401?sid=104,2026-10-04,n.news.naver.com,Korean,South Korea,환율,D5_시장지표,2026-10-04,[],0,NONE,,
5a8ca386ac938297788e7a16b9008543,4대 금융 3분기 순익 최대 전망…연말 은행장 인선 ‘마지막 성적표’,https://www.betanews.net/article/view/beta202610040015,2026-10-04,www.betanews.net,Korean,South Korea,환율,D5_시장지표,2026-10-04,[],0,NONE,,
48d1023c9a4e4f38380a18b139f6cc36,"김병현, 美 교민 사이 퍼졌던 소문에 당황 ""잘못된 소문인데"" 해명 ('알...",https://m.entertain.naver.com/article/213/0001403459,2026-10-04,m.entertain.naver.com,Korean,South Korea,환율,D5_시장지표,2026-10-04,[],0,NONE,,
11d2d999d2f63939113ed20a943c1485,"[뉴욕환시-주간] 물가안정 vs 금융안정…ECB, '佛 개입' 고민 시작될까",https://news.einfomax.co.kr/news/articleView.html?idxno=4437728,2026-10-04,news.einfomax.co.kr,Korean,South Korea,환율,D5_시장지표,2026-10-04,[],0,NONE,,
3b5a622f9fbaa7f737998b9b43f77d01,[표] 외국환율고시표,https://n.news.naver.com/mnews/article/009/0005743841?sid=101,2026-10-04,n.news.naver.com,Korean,South Korea,환율,D5_시장지표,2026-10-04,[],0,NONE,,
00a0e4137a22da387ba3176112e6773e,"HRS, 특수 실리콘 소재 국산화 앞장…중국 생산거점도 확보",https://www.pinpointnews.co.kr/news/articleView.html?idxno=492603,2026-10-04,www.pinpointnews.co.kr,Korean,South Korea,환율,D5_시장지표,2026-10-04,[],0,NONE,,
79d447eb1f80638a8e57473b8118e117,"상신이디피, 원형CAN 넘어 중대형CAN 확대… 2차전지 후방산업 주목",https://www.pinpointnews.co.kr/news/articleView.html?idxno=492600,2026-10-04,www.pinpointnews.co.kr,Korean,South Korea,환율,D5_시장지표,2026-10-04,[],0,NONE,,
3bba2db757835179a19b2ced0a2559c4,"아셈스, 핫멜트 필름이 매출 견인…해외 생산기지도 확대",https://www.pinpointnews.co.kr/news/articleView.html?idxno=492599,2026-10-04,www.pinpointnews.co.kr,Korean,South Korea,환율,D5_시장지표,2026-10-04,[],0,NONE,,
6dbd2c5be5b75b3dcfbad81f77422181,"아이디피, 카드프린터 넘어 소모품까지…해외 매출 75% 넘었다",https://www.pinpointnews.co.kr/news/articleView.html?idxno=492598,2026-10-04,www.pinpointnews.co.kr,Korean,South Korea,환율,D5_시장지표,2026-10-04,[],0,NONE,,
e7597a4be3abaeac45719e862b00b752,"폴더블폰 주문 늘면 실적도 뛴다… KH바텍, 내년 반등 기대",https://www.pinpointnews.co.kr/news/articleView.html?idxno=492586,2026-10-04,www.pinpointnews.co.kr,Korean,South Korea,환율,D5_시장지표,2026-10-04,[],0,NONE,,
919ce977d127c821191c306486c21cf7,"""높은 기저 넘는다""…이노션, AI 솔루션으로 새 성장동력 확보",https://www.pinpointnews.co.kr/news/articleView.html?idxno=492573,2026-10-04,www.pinpointnews.co.kr,Korean,South Korea,환율,D5_시장지표,2026-10-04,[],0,NONE,,
49a77fd753e44154cc754ed6ebef0a8f,실적 바닥 찍고 반등하나…엠씨넥스 3분기 영업익 59억원 전망,https://www.pinpointnews.co.kr/news/articleView.html?idxno=492558,2026-10-04,www.pinpointnews.co.kr,Korean,South Korea,환율,D5_시장지표,2026-10-04,[],0,NONE,,
a6b44dda7d249b9000e5b6eaf7a23046,국내 펫푸드 시장 5년만에 70% 성장…수입산 비중은 '물음표',https://n.news.naver.com/mnews/article/448/0000642990?sid=101,2026-10-04,n.news.naver.com,Korean,South Korea,환율,D5_시장지표,2026-10-04,[],0,NONE,,
ef0633120fe0c51479add2868e03bafc,삼성전자 3분기 영업익 100조 넘나,https://www.kfenews.co.kr/news/articleView.html?idxno=665835,2026-10-04,www.kfenews.co.kr,Korean,South Korea,환율,D5_시장지표,2026-10-04,"[""KC_Samsung""]",1,NONE,,
ebde4acec7353e4d703ed6698e395c79,"볼보자동차, 2026 판매량·현금흐름 전망 달성 못한다⋯中·美 시장 악화",https://www.autodaily.co.kr/news/articleView.html?idxno=600916,2026-10-04,www.autodaily.co.kr,Korean,South Korea,환율,D5_시장지표,2026-10-04,[],0,NONE,,
2f7329f474cb96d1218ad9646492ba80,엔저가 밥상물가까지 덮쳤다…日식량자급률 37% '최저',https://n.news.naver.com/mnews/article/015/0005338962?sid=104,2026-10-04,n.news.naver.com,Korean,South Korea,환율,D5_시장지표,2026-10-04,[],0,NONE,,
f36b376d4a1e07dabfda36b03961708f,"비싼 식비에 지친 日, '마감 할인 앱' 뜬다",https://n.news.naver.com/mnews/article/014/0005584664?sid=104,2026-10-04,n.news.naver.com,Korean,South Korea,환율,D5_시장지표,2026-10-04,[],0,NONE,,
692d223290bf7c8361d4350c16d855c6,[금감원 Q&A] 해외결제 취소했는데 돈이 덜 들어왔다?…환차손 확인하세...,http://www.metroseoul.co.kr/article/20261002500168,2026-10-04,www.metroseoul.co.kr,Korean,South Korea,환율,D5_시장지표,2026-10-04,[],0,NONE,,
dabc7a2890af60338b9b25943c0ebbeb,2730일 만에 누명 벗은 BBQ 회장... 드라마 같았던 허위 제보 내막 [사건...,https://n.news.naver.com/mnews/article/469/0000957565?sid=102,2026-10-04,n.news.naver.com,Korean,South Korea,환율,D5_시장지표,2026-10-04,[],0,NONE,,
1ac75ff994be64837ab49c3c392b0ed2,"설탕회사 3곳 짬짜미에 손배 소송, '공방'이 시작됐다",https://n.news.naver.com/mnews/article/047/0002531141?sid=101,2026-10-04,n.news.naver.com,Korean,South Korea,환율,D5_시장지표,2026-10-04,[],0,NONE,,
f7f342c9b401d2da0aeef86035c4bd03,"은행장 교체 앞두고…4대 금융, 3분기 역대 최대 순이익 전망",https://n.news.naver.com/mnews/article/422/0000912417?sid=101,2026-10-04,n.news.naver.com,Korean,South Korea,환율,D5_시장지표,2026-10-04,[],0,NONE,,
53cb1e2856dba6a916f1ecae9cc0d36a,"KB증권, 10월 첫째주 티씨케이 등 7종목 매수 추천",https://www.bigtanews.co.kr/article/view/big202610040003,2026-10-04,www.bigtanews.co.kr,Korean,South Korea,환율,D5_시장지표,2026-10-04,[],0,NONE,,
c85a8c2a9ca2df9e3946d8c021f2a83c,"""배당주 말고 S&P500, 전세금 빼서 투자""…전문가가 말한 자산 키우는 법",https://n.news.naver.com/mnews/article/003/0014232606?sid=101,2026-10-04,n.news.naver.com,Korean,South Korea,환율,D5_시장지표,2026-10-04,[],0,NONE,,
22cbae6773e1a9d162ebd3efc85f894b,“원·달러 환율 다시 오르나” 1400원 대 넘어설 전망,https://n.news.naver.com/mnews/article/050/0000111624?sid=101,2026-10-04,n.news.naver.com,Korean,South Korea,환율,D5_시장지표,2026-10-04,[],0,NONE,,
9109221e61f3b4cddf60624ffcf4bf4e,[단독] ①토스증권 '미국주식 모으기' 속 다크패턴?…자동환전 시 비용...,https://www.cnbizm.com/news/articleView.html?idxno=317073,2026-10-04,www.cnbizm.com,Korean,South Korea,환율,D5_시장지표,2026-10-04,[],0,NONE,,
7d04dd8bbb6c594cc7073d677354d8c7,"대출↑환율↓…4대 금융, 3분기 최대 실적 눈앞",https://www.straightnews.co.kr/news/articleView.html?idxno=312498,2026-10-04,www.straightnews.co.kr,Korean,South Korea,환율,D5_시장지표,2026-10-04,[],0,NONE,,
c7e38a0d1010484061c537f8c4084bfd,금시세(금값) 주간 출렁,http://www.kjdaily.com/article.php?aid=1791076640688198227,2026-10-04,www.kjdaily.com,Korean,South Korea,환율,D5_시장지표,2026-10-04,[],0,NONE,,
29a070419be79948f66c50c485ff222b,코인 거래 식어도 '달러 코인'은 해외로…스테이블코인 지난해 10조 순유...,http://www.metroseoul.co.kr/article/20261004500001,2026-10-04,www.metroseoul.co.kr,Korean,South Korea,환율,D5_시장지표,2026-10-04,[],0,NONE,,
f770cf6106c4a024efb93802c6af74b6,국내 펫푸드 시장 5년만에 70% 성장…수입산 비중은 ‘물음표’,https://n.news.naver.com/mnews/article/011/0004668071?sid=101,2026-10-04,n.news.naver.com,Korean,South Korea,환율,D5_시장지표,2026-10-04,[],0,NONE,,
724a6f643d9d965efbfe9b13c99cc5ce,백화점 3사 외국인 매출 성적표…명품·패션 찾았다,https://www.g-enews.com/view.php?ud=202610021445501087056c162803_1,2026-10-04,www.g-enews.com,Korean,South Korea,환율,D5_시장지표,2026-10-04,[],0,NONE,,
f74531365a49460897983a6cb6a9a432,1559원→1330원 급락한 원·달러…美 금리·대미투자가 다시 1400원 흔드...,https://www.thepowernews.co.kr/view.php?ud=202610021335084279de3f0aa1be_7,2026-10-04,www.thepowernews.co.kr,Korean,South Korea,환율,D5_시장지표,2026-10-04,[],0,NONE,,
a1a2c704a92a7b30d8375259672d9ce9,"""이 돈이면 차라리 동남아""…한국인 '단골 여행지'의 눈물",https://n.news.naver.com/mnews/article/015/0005338937?sid=101,2026-10-04,n.news.naver.com,Korean,South Korea,환율,D5_시장지표,2026-10-04,[],0,NONE,,
68a4510902126495b32d22cb55f66e87,오태민 “규제보다 빠른 온체인 금융…은행 없이도 돈이 돈다” [헤럴드...,https://n.news.naver.com/mnews/article/016/0002705272?sid=101,2026-10-04,n.news.naver.com,Korean,South Korea,환율,D5_시장지표,2026-10-04,[],0,NONE,,
1f87b2417ca60371ab9f4a73bb28683a,"포항 호미반도 유네스코 생물권보전지역 신청, 2027년 4월 결정될 듯",https://n.news.naver.com/mnews/article/022/0004164029?sid=102,2026-10-04,n.news.naver.com,Korean,South Korea,수산물,D8_수산물,2026-10-04,[],0,NONE,,
d787895e8a6f81db4be5e2e3b9893b63,"한국수산회, '어메이징 크루'와 10월 이달의 수산물 멸치 취재 진행",https://www.ftimes.kr/news/articleView.html?idxno=40130,2026-10-04,www.ftimes.kr,Korean,South Korea,수산물,D8_수산물,2026-10-04,[],0,NONE,,
39608313e44297620414ba5f2c15458a,‘조천’·‘추자도’ 지역축제…‘세계유산축전’도 풍성,https://n.news.naver.com/mnews/article/056/0012267667?sid=103,2026-10-04,n.news.naver.com,Korean,South Korea,수산물,D8_수산물,2026-10-04,[],0,NONE,,
51e183c379fefcb4751d710fc511278f,'울긋불긋' 꽃길 걷고 새우 잡고…가을 나들이객 발길 '북적',https://n.news.naver.com/mnews/article/448/0000643053?sid=102,2026-10-04,n.news.naver.com,Korean,South Korea,수산물,D8_수산물,2026-10-04,[],0,NONE,,
3b3b1299d1f55d8ccd7bd41f88878d5f,소래포구축제 사흘간 51만명 찾았다…공연·체험·먹거리 어우러져 성황,https://www.ngonews.kr/news/articleView.html?idxno=239840,2026-10-04,www.ngonews.kr,Korean,South Korea,수산물,D8_수산물,2026-10-04,[],0,NONE,,
ad784181de8593df2a591324d7400e7a,위기의 '소래포구'…축제·현장센터 통해 쇄신 약속,https://n.news.naver.com/mnews/article/422/0000912533?sid=102,2026-10-04,n.news.naver.com,Korean,South Korea,수산물,D8_수산물,2026-10-04,[],0,NONE,,
300b133416ec1cc0b753e0d440c1c753,새 폰 사고 영화 보고…‘온라인쇼핑 시장’ 가파른 성장세,https://n.news.naver.com/mnews/article/662/0000105554?sid=102,2026-10-04,n.news.naver.com,Korean,South Korea,수산물,D8_수산물,2026-10-04,[],0,NONE,,
4c92c5cce58c8a605103890bbd47cbb3,[식량과 식탁사이] 직장급식과 한식뷔페에서 국산쌀과 노지채소류 소비...,https://www.farminsight.net/news/articleView.html?idxno=16907,2026-10-04,www.farminsight.net,Korean,South Korea,수산물,D8_수산물,2026-10-04,[],0,NONE,,
5069ad7ad867e535fe201a05c5484ed8,'CPTPP 가입저지 범국민운동본부' 재발족 전면전 선포,http://www.amnews.co.kr/news/articleView.html?idxno=74859,2026-10-04,www.amnews.co.kr,Korean,South Korea,수산물,D8_수산물,2026-10-04,[],0,NONE,,
595bd007b5800407a76628d570726787,남동구 '소래포구축제' 51만명 북적…'소래에서 놀래' 성료,https://www.gukjenews.com/news/articleView.html?idxno=3712910,2026-10-04,www.gukjenews.com,Korean,South Korea,수산물,D8_수산물,2026-10-04,[],0,NONE,,
a3b523f816a7f4c027f08cc7061b929e,소래포구축제 50만명 구름 인파… 인천 대표 관광명소 입증,https://n.news.naver.com/mnews/article/022/0004163953?sid=102,2026-10-04,n.news.naver.com,Korean,South Korea,수산물,D8_수산물,2026-10-04,[],0,NONE,,
9658729196c08e870fda73772a6fbe7a,한강 안주 삼아 ‘광어 한 점’…2030 ‘회크닉’ 인기에 노량진 ‘방긋...,https://n.news.naver.com/mnews/article/020/0003752598?sid=102,2026-10-04,n.news.naver.com,Korean,South Korea,수산물,D8_수산물,2026-10-04,[],0,NONE,,
992c1b24116b315b12a88ba2e6fedde0,"육젓과 추젓, 뭐가 다른가 했더니 [지붕 없는 박물관에서 삽니다. ]",https://n.news.naver.com/mnews/article/047/0002531168?sid=103,2026-10-04,n.news.naver.com,Korean,South Korea,수산물,D8_수산물,2026-10-04,[],0,NONE,,
41bd1d4c7a5f8e32e7572c5c67f05e50,“충남 수산물 대축제 즐겨요” 서천 춘장대 9일 개막,http://www.segyebiz.com/newsView/20261004506033?OutUrl=naver,2026-10-04,www.segyebiz.com,Korean,South Korea,수산물,D8_수산물,2026-10-04,[],0,NONE,,
413251f421bf07a79f2262e6bb5328dd,"'소래에서 놀래'.. 소래포구축제 뜨거운 호응, 성황리 마쳐",http://www.incheonin.com/news/articleView.html?idxno=121231,2026-10-04,www.incheonin.com,Korean,South Korea,수산물,D8_수산물,2026-10-04,[],0,NONE,,
9405ad674a3a405f3bc55a1deeeaa6a0,[전통시장N] 콩나물·피순대국밥 끓여 버텼다… 풍남문 장터 생존기,https://www.nc.press/news/articleView.html?idxno=627824,2026-10-04,www.nc.press,Korean,South Korea,수산물,D8_수산물,2026-10-04,[],0,NONE,,
4b0430eb3e39e360cdaba6c8bf5ad8c7,가을 나들이는 충남 축제와 함께… 문화누리카드로 즐기는 특별한 주말,https://www.ccdailynews.com/news/articleView.html?idxno=2444387,2026-10-04,www.ccdailynews.com,Korean,South Korea,수산물,D8_수산물,2026-10-04,[],0,NONE,,
4f992bf9434bdbc937492d37bbfb8647,인천 소래포구축제 51만명 몰렸다…사흘간 축제 열기 ‘후끈’,https://n.news.naver.com/mnews/article/032/0003474081?sid=101,2026-10-04,n.news.naver.com,Korean,South Korea,수산물,D8_수산물,2026-10-04,[],0,NONE,,
921ca947592ba5c1420d801fcb1f61c0,소래포구축제 사흘간 51만여 명 발길…공연·체험으로 포구 활기,https://www.kihoilbo.co.kr/news/articleView.html?idxno=3036567,2026-10-04,www.kihoilbo.co.kr,Korean,South Korea,수산물,D8_수산물,2026-10-04,[],0,NONE,,
1074796bf44722df03b2373e2d70df4e,‘큰절사과’ 소래포구 믿어줬더니 벌어진 일…51만명 몰려와 돈쭐냈다,https://n.news.naver.com/mnews/article/009/0005743709?sid=102,2026-10-04,n.news.naver.com,Korean,South Korea,수산물,D8_수산물,2026-10-04,[],0,NONE,,
55143b31f5e9a47ebe4bc2785cfb328b,"통영시, 우체국쇼핑몰 내 수산물 할인관 개설",https://www.viva100.com/article/20261004500106,2026-10-04,www.viva100.com,Korean,South Korea,수산물,D8_수산물,2026-10-04,[],0,NONE,,
fe721a7308d79504b72ea22a04b4140d,"“소래에서 놀래”…51만 명 몰렸다, 인천 남동 소래포구축제 사흘간 ‘...",https://www.viva100.com/article/20261004500100,2026-10-04,www.viva100.com,Korean,South Korea,수산물,D8_수산물,2026-10-04,[],0,NONE,,
ad614810e72669567ae3b298c194acb1,"소래포구 축제, 관람객 51만여명 방문…인천 대표 축제 우뚝",https://n.news.naver.com/mnews/article/666/0000126014?sid=103,2026-10-04,n.news.naver.com,Korean,South Korea,수산물,D8_수산물,2026-10-04,[],0,NONE,,
5f3dbd79b39e859052abc7bc2b7281be,인천 소래포구축제에 51만여명 방문…사흘간 행사 마무리,https://n.news.naver.com/mnews/article/001/0016356486?sid=102,2026-10-04,n.news.naver.com,Korean,South Korea,수산물,D8_수산물,2026-10-04,[],0,NONE,,
8c8fbe882a2422c5e101e9971d141ebc,농축산물 할인지원 6년간 1.2조원...예산 25배 증가,http://www.hansbiz.co.kr/news/articleView.html?idxno=870013,2026-10-04,www.hansbiz.co.kr,Korean,South Korea,수산물,D8_수산물,2026-10-04,[],0,NONE,,
69e269c8f9e7416a06a52d846327d047,"정부, 농축산물 할인 지원에 6년간 1조2632억원 투입",https://www.ziksir.com/news/articleView.html?idxno=148281,2026-10-04,www.ziksir.com,Korean,South Korea,수산물,D8_수산물,2026-10-04,[],0,NONE,,
067584930f5fc5b03e9580189b513df1,'금메달리스트' 박소희 22득점 펄펄...하나은행 빅토리아에 103-77 대승! ...,https://m.sports.naver.com/basketball/article/117/0004112218,2026-10-04,m.sports.naver.com,Korean,South Korea,봉쇄,D6_교란행위,2026-10-04,[],0,NONE,,
1f2cf8e9bc9602fac2f91c59e901cbbf,다저스 역시 강했다! 홈런 3방 앞세워 ATL 5-3 제압→NLDS 1승 선점…김...,https://m.sports.naver.com/wbaseball/article/311/0002065424,2026-10-04,m.sports.naver.com,Korean,South Korea,봉쇄,D6_교란행위,2026-10-04,[],0,NONE,,
7d202017c65053c8021c6313a7918986,러 크렘린궁 “평화적 해결 불가능하다면 전력 다해 싸울 것”,https://n.news.naver.com/mnews/article/056/0012267637?sid=104,2026-10-04,n.news.naver.com,Korean,South Korea,봉쇄,D6_교란행위,2026-10-04,[],0,NONE,,
63465fd6c7048081f106850090aa8e78,"러시아 크렘린궁 ""평화 달성 불가능하면 전력 다해 싸울 것""",https://n.news.naver.com/mnews/article/277/0005824534?sid=104,2026-10-04,n.news.naver.com,Korean,South Korea,봉쇄,D6_교란행위,2026-10-04,[],0,NONE,,
30dcf6a969ccbaab587d41dcceebd199,"""이번주에만 5천 명"" 학생들 줄줄이 연행…부상자 속출",https://n.news.naver.com/mnews/article/055/0001393095?sid=104,2026-10-04,n.news.naver.com,Korean,South Korea,봉쇄,D6_교란행위,2026-10-04,[],0,NONE,,
6edf1ad4c9db9c595b924fcd86202613,"러시아 크렘린궁 ""평화 달성 불가능하다면 전력 다해 싸운다""",https://n.news.naver.com/mnews/article/052/0002414709?sid=104,2026-10-04,n.news.naver.com,Korean,South Korea,봉쇄,D6_교란행위,2026-10-04,[],0,NONE,,
40f78274f76fc51b03cefb060a884dd8,"크렘린궁 ""평화 달성 불가능하다면 전력 다해 싸운다""",https://n.news.naver.com/mnews/article/214/0001527146?sid=104,2026-10-04,n.news.naver.com,Korean,South Korea,봉쇄,D6_교란행위,2026-10-04,[],0,NONE,,
b95b159263e738bd0049f9c98a1a4933,크렘린궁 “평화 합의 될때까지 전력 다해 싸운다”,https://n.news.naver.com/mnews/article/016/0002705385?sid=104,2026-10-04,n.news.naver.com,Korean,South Korea,봉쇄,D6_교란행위,2026-10-04,[],0,NONE,,
0a1667146139877fabf916c3355f18da,"키이우 교량 6곳 중 5곳 통행 차단…러, 사흘간 드론 6차례 집중 타격",https://n.news.naver.com/mnews/article/088/0001032189?sid=104,2026-10-04,n.news.naver.com,Korean,South Korea,봉쇄,D6_교란행위,2026-10-04,[],0,NONE,,
384d67d2adf938d70a171cfd981c938a,北 “한국과 상종할 공간 없다”… ‘북·미 대화’ 韓 개입 원천차단,https://n.news.naver.com/mnews/article/005/0001876654?sid=100,2026-10-04,n.news.naver.com,Korean,South Korea,봉쇄,D6_교란행위,2026-10-04,[],0,NONE,,
70827605ff37e31dd2f7ccbfc7db5dc9,"'3위 뒤집혔다' KIA, LG에 6-5 역전승…위닝시리즈 확보·단독 3위 등극",https://www.dailysportshankook.co.kr/news/articleView.html?idxno=434120,2026-10-04,www.dailysportshankook.co.kr,Korean,South Korea,봉쇄,D6_교란행위,2026-10-04,"[""KC_Kia""]",1,NONE,,
bd4170dadd1087f4d94eee3ca0014024,"""믿었던 카드마다 대적중"" '꽃감독' 이범호의 신들린 용병술, KIA, 두산은...",https://m.sports.naver.com/kbaseball/article/076/0004452972,2026-10-04,m.sports.naver.com,Korean,South Korea,봉쇄,D6_교란행위,2026-10-04,"[""KC_Kia""]",1,NONE,,
565b397e0c60410178414fbb0b1baa0e,"[26박신자컵] ‘전주원 감독 데뷔’ 우리은행, 4쿼터 6점 그친 신한은행...",https://m.sports.naver.com/basketball/article/065/0000302374,2026-10-04,m.sports.naver.com,Korean,South Korea,봉쇄,D6_교란행위,2026-10-04,[],0,NONE,,
8ec0c7212b0e3a6e5a0bed2b43a00e44,"'9회 3득점 역전극' KIA, LG 꺾고 35일 만에 3위 탈환",https://www.topstarnews.net/news/articleView.html?idxno=16237978,2026-10-04,www.topstarnews.net,Korean,South Korea,봉쇄,D6_교란행위,2026-10-04,"[""KC_Kia""]",1,NONE,,
5b33e438abc69476528b283ca385b81e,"러, 우크라 교량 왜 때리나…""경제·일상 흔들어 저항의지 약화""",https://n.news.naver.com/mnews/article/001/0016356874?sid=104,2026-10-04,n.news.naver.com,Korean,South Korea,봉쇄,D6_교란행위,2026-10-04,[],0,NONE,,
4df16d85e80b1f136a98905cfe57f80d,흉물로 방치된 포항시 청하면 '용산 둘레길',https://www.wikitree.co.kr/articles/1163897,2026-10-04,www.wikitree.co.kr,Korean,South Korea,봉쇄,D6_교란행위,2026-10-04,[],0,NONE,,
01351cd7439dabaa10eb25ed7185ef41,"삼성 6연승 끝→자력 우승 불씨 꺼졌다! 두산, 장단 20안타 화력쇼로 12...",https://m.sports.naver.com/kbaseball/article/108/0003475899,2026-10-04,m.sports.naver.com,Korean,South Korea,봉쇄,D6_교란행위,2026-10-04,[],0,NONE,,
d93b46fae6659494799a925ac0dcf3a7,"[U18女아시아] ‘고교 최대어 맞네!’ 임연서 31점 앞세운 女대표팀, 난...",https://m.sports.naver.com/basketball/article/065/0000302368,2026-10-04,m.sports.naver.com,Korean,South Korea,봉쇄,D6_교란행위,2026-10-04,[],0,NONE,,
0df575f6ce38f12b4254e0b63b2a249a,"한국영화감독조합, ‘암살자(들)’ 향한 인신공격에 공식 입장",https://www.bntnews.co.kr/article/view/bnt202610040064,2026-10-04,www.bntnews.co.kr,Korean,South Korea,봉쇄,D6_교란행위,2026-10-04,[],0,NONE,,
7f731edf521206544626006f54b76e8b,"정치 쟁점 된 프랑스 학생 시위…극우 ‘치안’, 극좌 ‘경찰 폭력’ 부...",https://n.news.naver.com/mnews/article/032/0003474117?sid=104,2026-10-04,n.news.naver.com,Korean,South Korea,봉쇄,D6_교란행위,2026-10-04,[],0,NONE,,
ca99de96dc52672c2b08e7cb3a971c80,‘왕꽃’ 이어 ‘왕북’ 장동혁…북채 머리 날아가도 “올공 시민 만세...,https://n.news.naver.com/mnews/article/028/0002825923?sid=100,2026-10-04,n.news.naver.com,Korean,South Korea,봉쇄,D6_교란행위,2026-10-04,[],0,NONE,,
56a59bc8e78e00163f1d852794736408,"'나고야 검객' 오상욱, AG 통산 5金으로 한국 선수단 MVP 쾌거…한일전...",https://m.sports.naver.com/general/article/477/0000631485,2026-10-04,m.sports.naver.com,Korean,South Korea,봉쇄,D6_교란행위,2026-10-04,[],0,NONE,,
28d01816536ad7016b00e79d9f36be37,"""이런 학교에서 어떻게 공부하나""…프랑스 고교생들 거리로",https://www.ngonews.kr/news/articleView.html?idxno=239832,2026-10-04,www.ngonews.kr,Korean,South Korea,봉쇄,D6_교란행위,2026-10-04,[],0,NONE,,
34a8d2e24d3b56363d349caf124077b3,"[게임 리포트] 시종일관 안정적이었던 존 무니, 데뷔전 결과는 ‘승리’",https://m.sports.naver.com/basketball/article/351/0000088524,2026-10-04,m.sports.naver.com,Korean,South Korea,봉쇄,D6_교란행위,2026-10-04,[],0,NONE,,
9cb74549cc57ba5c0700f2e69b69584d,"일본 에이스 꽁꽁 묶은 최석현, AG 최고의 발견",https://m.sports.naver.com/kfootball/article/047/0002531136,2026-10-04,m.sports.naver.com,Korean,South Korea,봉쇄,D6_교란행위,2026-10-04,[],0,NONE,,
783de8375e81b3df9e3cfde44ef2e95b,"'라스무센 8이닝 10K' 탬파베이, ALDS 1차전 승리…화이트삭스도 '기선 ...",https://m.sports.naver.com/wbaseball/article/003/0014232599,2026-10-04,m.sports.naver.com,Korean,South Korea,봉쇄,D6_교란행위,2026-10-04,[],0,NONE,,
c60e810d172fc5c267ec6d2fd3802a4c,"[포토] 투런포 박동원, 참치 세리머니",https://m.sports.naver.com/kbaseball/article/108/0003475896,2026-10-04,m.sports.naver.com,Korean,South Korea,참치,D8_수산물,2026-10-04,[],0,NONE,Baseball ceremony,
7420e5f6c5b43e4f54b66d75b11ab115,"[포토] 역전 참치포 박동원, 고즈넉한 빠던",https://m.sports.naver.com/kbaseball/article/108/0003475894,2026-10-04,m.sports.naver.com,Korean,South Korea,참치,D8_수산물,2026-10-04,[],0,NONE,Baseball ceremony,
49a786bc19586036736fb11c03b0b59a,오사카...인천에도 비슷한 게 있다고 생각했는데,http://www.incheonin.com/news/articleView.html?idxno=121233,2026-10-04,www.incheonin.com,Korean,South Korea,참치,D8_수산물,2026-10-04,[],0,NONE,City comparison,
7d22ffc21b46cf4371e07763acb5b8a3,"""외식 끊고 편의점 갔는데""…컵밥·국탕류마저 급등, 서민 탈출구 없다",https://www.ngonews.kr/news/articleView.html?idxno=239820,2026-10-04,www.ngonews.kr,Korean,South Korea,참치,D8_수산물,2026-10-04,[],0,NONE,,
da2d15a849e76ae615b2c31e6a190aa2,컵밥·즉석밥 가격 올라…간편한 한 끼도 부담,https://www.namdonews.com/news/articleView.html?idxno=925152,2026-10-04,www.namdonews.com,Korean,South Korea,참치,D8_수산물,2026-10-04,[],0,NONE,,
b3abfb3b1a524f06034b4584873a9ada,"국·탕 40%, 고추장·된장 20% 올랐다…가공식품 26개 중 24개 가격 상승",https://n.news.naver.com/mnews/article/374/0000536214?sid=101,2026-10-04,n.news.naver.com,Korean,South Korea,참치,D8_수산물,2026-10-04,[],0,NONE,,
4627f96963d3c5b18e06385d0cb21344,"전남광주특별시, 도시철도 2호선 ‘양산~수완·신가’ 11.9㎞ 구간 먼저...",http://www.breaknews.com/1240947,2026-10-04,www.breaknews.com,Korean,South Korea,물가상승,D9_한국,2026-10-04,[],0,NONE,,
0694923eb9185878f2ac4b8bf4de7ef5,"""천원의 학식 보장하라""…제주 대학생들 '부지런' 8㎞ 행진하며 촉구",https://www.headlinejeju.co.kr/news/articleView.html?idxno=599987,2026-10-04,www.headlinejeju.co.kr,Korean,South Korea,물가상승,D9_한국,2026-10-04,[],0,NONE,,
25a1d5d2eb22412110a120864f18cfb9,"전남광주, 도시철도2호선 신도심 구간 1년8개월 앞당겨 개통 추진",https://gj.newdaily.co.kr/site/data/html/2026/10/03/2026100300039.html,2026-10-04,gj.newdaily.co.kr,Korean,South Korea,물가상승,D9_한국,2026-10-04,[],0,NONE,,
73f512354c14f425a9998360d1321f7b,"[사설] 가덕도신공항 공사비, 법 개정 앞서 정부가 힘 실어야",https://n.news.naver.com/mnews/article/658/0000157429?sid=110,2026-10-04,n.news.naver.com,Korean,South Korea,물가상승,D9_한국,2026-10-04,[],0,NONE,,
567deae25db39a8b8b077f6555038d00,"[월街 Watch] WSJ 기사/논평 : 9월 미국 고용 부진으로 달러 약세,",http://www.ifs.or.kr/bbs/board.php?bo_table=WallWatch&wr_id=176,2026-10-04,www.ifs.or.kr,Korean,South Korea,물가상승,D9_한국,2026-10-04,[],0,NONE,,
722fb200c7314ae44ed0438b1fc43ec5,"전남광주통합특별시 ""도시철도 2호선 양산-신가 2034년 4월 우선 개통""",https://www.joongdo.co.kr/web/view.php?key=20261002010000603,2026-10-04,www.joongdo.co.kr,Korean,South Korea,물가상승,D9_한국,2026-10-04,[],0,NONE,,
e125393750d23a90df64a87acd4b9512,"이럴 수가! 최고 10년 6745억 계약, 스쿠발 충격 전망 나왔다…평균도 '...",https://m.sports.naver.com/wbaseball/article/139/0002254040,2026-10-04,m.sports.naver.com,Korean,South Korea,물가상승,D9_한국,2026-10-04,[],0,NONE,,
fc7e37e680816010b0f93d180fadc892,“분담금 5억이면 감사할 판”…재건축 ‘평균 10억 시대’ 온다 [헤럴...,https://n.news.naver.com/mnews/article/016/0002705342?sid=101,2026-10-04,n.news.naver.com,Korean,South Korea,물가상승,D9_한국,2026-10-04,[],0,NONE,,
c2821b1ed1b9cf6f01dcb1ac73906785,"다카이치 자민당 총재 당선 1년…日 언론 ""지지 열풍 시들었다""",https://n.news.naver.com/mnews/article/421/0009208984?sid=104,2026-10-04,n.news.naver.com,Korean,South Korea,물가상승,D9_한국,2026-10-04,[],0,NONE,,
d0aa4b47e4e2cb696a3fd1afa24b07dd,프랑스 고교생 시위 확산…배경엔 ‘10년째 제자리’ 교육 예산,https://n.news.naver.com/mnews/article/056/0012267603?sid=104,2026-10-04,n.news.naver.com,Korean,South Korea,물가상승,D9_한국,2026-10-04,[],0,NONE,,
50d769374540e756a921a8703ad1b0e1,"다카이치, 자민당 총재 당선 1년…‘사나카쓰’ 열기 식었다",https://n.news.naver.com/mnews/article/011/0004668101?sid=104,2026-10-04,n.news.naver.com,Korean,South Korea,물가상승,D9_한국,2026-10-04,[],0,NONE,,
fa1ec12848a81fa78e9c33bbec723b1e,"다카이치, 자민당 총재 당선 1년...""시들해진 열풍""",https://n.news.naver.com/mnews/article/052/0002414607?sid=104,2026-10-04,n.news.naver.com,Korean,South Korea,물가상승,D9_한국,2026-10-04,[],0,NONE,,
e48f9871261024255059ba9449997e31,[위클립] 10월 1주,https://www.laborplus.co.kr/news/articleView.html?idxno=41588,2026-10-04,www.laborplus.co.kr,Korean,South Korea,물가상승,D9_한국,2026-10-04,[],0,NONE,,
3f5b2729767710d157a902d9f3ebf6a0,'이상 징후' 보이기 시작...암울한 한국 분위기 [자막뉴스],https://n.news.naver.com/mnews/article/052/0002414604?sid=101,2026-10-04,n.news.naver.com,Korean,South Korea,물가상승,D9_한국,2026-10-04,[],0,NONE,,
6787393ebede2d2ba82e9430d7949e64,"AI 추론 비용, 갈수록 싸진다...분기마다 47% 하락해",https://n.news.naver.com/mnews/article/023/0004002016?sid=105,2026-10-04,n.news.naver.com,Korean,South Korea,물가상승,D9_한국,2026-10-04,[],0,NONE,,
16ec4877461086355febb213710a729b,[르포]“트럼프 지지 팻말이 사라졌다”…흔들리는 ‘트럼프 컨트리’,https://n.news.naver.com/mnews/article/005/0001876603?sid=104,2026-10-04,n.news.naver.com,Korean,South Korea,물가상승,D9_한국,2026-10-04,[],0,NONE,,
43347aefc266299498be0392c3531aca,佛 고교생 시위 확산 배경은…10년 넘게 정체된 교육예산,https://n.news.naver.com/mnews/article/001/0016356554?sid=104,2026-10-04,n.news.naver.com,Korean,South Korea,물가상승,D9_한국,2026-10-04,[],0,NONE,,
a0ab182cd00a009857fce18ef36b3f2f,2026년 개통한다더니…광주 도시철도 2호선 2035년까지 밀렸다,https://www.jnilbo.com/news/articleView.html?idxno=90000070793,2026-10-04,www.jnilbo.com,Korean,South Korea,물가상승,D9_한국,2026-10-04,[],0,NONE,,
3c112181a35003807ea99d98a5c326ad,'잠실 한 지붕 혈투' 외식 빅3…초대형 뷔페로 4분기 승부수,https://www.ziksir.com/news/articleView.html?idxno=147862,2026-10-04,www.ziksir.com,Korean,South Korea,물가상승,D9_한국,2026-10-04,[],0,NONE,,
f2892a0cad64d083d37f1ffd8163021f,"다카이치, 자민당 총재 당선 1년…""시들해진 열풍""",https://n.news.naver.com/mnews/article/001/0016356472?sid=104,2026-10-04,n.news.naver.com,Korean,South Korea,물가상승,D9_한국,2026-10-04,[],0,NONE,,
51e04292cd6362724ebd3a223058e2ee,광주 도시철도 2호선 공사 지연 반복…시민 불편·예산 부담,https://n.news.naver.com/mnews/article/001/0016356449?sid=102,2026-10-04,n.news.naver.com,Korean,South Korea,물가상승,D9_한국,2026-10-04,[],0,NONE,,
639cebff3f646ade30ea344469819d0d,“국내·해외주식 수수료 국내 최저” 신한금융 ‘신한 SOL LINK’로 머니...,https://n.news.naver.com/mnews/article/016/0002705306?sid=101,2026-10-04,n.news.naver.com,Korean,South Korea,물가상승,D9_한국,2026-10-04,"[""EVT_HormuzToll2026""]",1,NONE,,
883c8fb5c5d8e4041aca4cc71b60ed22,"[AI픽] ""AI 두뇌값 1년새 13분의 1""…유례없는 가격 폭락",https://n.news.naver.com/mnews/article/001/0016356377?sid=105,2026-10-04,n.news.naver.com,Korean,South Korea,물가상승,D9_한국,2026-10-04,[],0,NONE,,
1e15b21ff1cddc295a508222e436279c,"비싸도 잘 팔리네…'박신양 처가' 하겐다즈, '1000억 클럽' 입성",https://n.news.naver.com/mnews/article/015/0005338948?sid=101,2026-10-04,n.news.naver.com,Korean,South Korea,물가상승,D9_한국,2026-10-04,[],0,NONE,,
aba0e1bc833a27be29013df6a7a20a74,"[중국증시 주간 포인트] 中 9월 외환보유액, 美 9월 비제조업지수, G7 비...",https://www.newspim.com/news/view/20261004000098,2026-10-04,www.newspim.com,Korean,South Korea,후티,D7_행위자,2026-10-04,[],0,NONE,,
9d9f5aa60254007e36b98d95b4ffcda2,"""AI 스스로 사이버 공격 지휘""...각국 대책 마련 고심",https://n.news.naver.com/mnews/article/052/0002414722?sid=104,2026-10-04,n.news.naver.com,Korean,South Korea,후티,D7_행위자,2026-10-04,[],0,NONE,,
9479b4df17065cd0aaeb7bfcf04eb89a,"부실기업 증시퇴출, 작년보다 두배 급증",https://n.news.naver.com/mnews/article/009/0005743891?sid=101,2026-10-04,n.news.naver.com,Korean,South Korea,코스피,D5_시장지표,2026-10-04,[],0,NONE,Stock delisting,
4b6a0925a32b1d5a3508bf0e785edce1,"""상폐될 줄 알았는데"" 개미 '술렁'…법원 문제 삼은 '이 기준'",https://n.news.naver.com/mnews/article/215/0001268169?sid=101,2026-10-04,n.news.naver.com,Korean,South Korea,코스피,D5_시장지표,2026-10-04,[],0,NONE,Delisting criteria,
f26ad58b0c1d0c84ef9e1c5628ed1277,"시총 기준 상폐요건 강화에 법원 제동…""비례 원칙에 어긋나""",https://n.news.naver.com/mnews/article/001/0016357138?sid=101,2026-10-04,n.news.naver.com,Korean,South Korea,코스피,D5_시장지표,2026-10-04,[],0,NONE,Delisting regulations,
42e51b2dba5ec856f0bbca10b06e8194,"NAVER(네이버) 주가 19만원선, 흐름 '이목'…코스피 7000 회복",https://www.cbci.co.kr/news/articleView.html?idxno=612358,2026-10-04,www.cbci.co.kr,Korean,South Korea,코스피,D5_시장지표,2026-10-04,[],0,NONE,KOSPI index,
84bf4c334986b5ac811222f6278f92e1,"[사설] 국민연금 주식 수익률 급락, 리밸런싱 미룬 대가",https://n.news.naver.com/mnews/article/014/0005584834?sid=110,2026-10-04,n.news.naver.com,Korean,South Korea,코스피,D5_시장지표,2026-10-04,[],0,NONE,National Pension returns,
93859f0c39f204bc21d4a9381053bdf1,'몸집'만 보는 코스닥 상폐기준… 흑자기업도 퇴출 걱정,https://n.news.naver.com/mnews/article/014/0005584788?sid=101,2026-10-04,n.news.naver.com,Korean,South Korea,코스피,D5_시장지표,2026-10-04,[],0,NONE,KOSDAQ delisting,
f965b924f61e301d8331d687f7ca1b4d,"법원, 시총 미달 상장폐지 규정에 '제동'",https://www.todaykorea.co.kr/news/articleView.html?idxno=406780,2026-10-04,www.todaykorea.co.kr,Korean,South Korea,코스피,D5_시장지표,2026-10-04,[],0,NONE,,
5f04c3babf1e31bf1a49662066ad8e93,법원 '시가총액 상폐룰' 제동,https://n.news.naver.com/mnews/article/009/0005743815?sid=101,2026-10-04,n.news.naver.com,Korean,South Korea,코스피,D5_시장지표,2026-10-04,[],0,NONE,,
b3b1a9aa00452d5708d0a1fd9face04a,"국민연금, 코스닥 투자 10조 돌파…비중은 2%대",http://mbnmoney.mbn.co.kr/news/view?news_no=MM1005931552,2026-10-04,mbnmoney.mbn.co.kr,Korean,South Korea,코스피,D5_시장지표,2026-10-04,[],0,NONE,,
a0ae6cfe2c19c1b44688802d0798a49f,“찬바람 불면 배당주”…올해 예상 배당수익률 1위는 ‘이 종목’,https://n.news.naver.com/mnews/article/662/0000105550?sid=101,2026-10-04,n.news.naver.com,Korean,South Korea,코스피,D5_시장지표,2026-10-04,[],0,NONE,,
1f4a5ebde137c6da8777e97d08d85911,법원 ‘시가총액 상폐룰 제동’…“시총 회복 거래일 조건 과도”,https://n.news.naver.com/mnews/article/009/0005743735?sid=101,2026-10-04,n.news.naver.com,Korean,South Korea,코스피,D5_시장지표,2026-10-04,[],0,NONE,,
32817551f3a4a26cf2600fc53c39e2c6,"동아오츠카, 낙동강생물자원관과 광려천 담수생물다양성 모니터링",http://www.biztribune.co.kr/news/articleView.html?idxno=360056,2026-10-04,www.biztribune.co.kr,Korean,South Korea,코스피,D5_시장지표,2026-10-04,[],0,NONE,,
ebcef79f323dc36aab1503689eda8693,국민연금 코스닥 투자 10조원 넘어...비중은 감소,http://www.hansbiz.co.kr/news/articleView.html?idxno=870022,2026-10-04,www.hansbiz.co.kr,Korean,South Korea,코스피,D5_시장지표,2026-10-04,[],0,NONE,,
305da3e069fe58b0b56cc38af5d5d5c8,"""블루 웨이브 오면 '이 종목' 뜬다""…깜짝 전망에 개미 '들썩' [노정동의...",https://n.news.naver.com/mnews/article/015/0005338964?sid=101,2026-10-04,n.news.naver.com,Korean,South Korea,코스피,D5_시장지표,2026-10-04,[],0,NONE,,
06d34eecf8ac4da18289f37fdf533032,기관 '삼성전기'·외인 '우리금융지주'·개인 '삼성전자' 1위 [주간 코스...,https://www.fntimes.com/html/view.php?ud=202610031603387808179ad43907_18,2026-10-04,www.fntimes.com,Korean,South Korea,코스피,D5_시장지표,2026-10-04,"[""KC_Samsung""]",1,NONE,,
e62e56bb1ec4fefc7ec44a28123e2a41,이 시각 주요뉴스 (26. 10. 04. 12시),https://www.ktv.go.kr/content/view?content_id=761958,2026-10-04,www.ktv.go.kr,Korean,South Korea,코스피,D5_시장지표,2026-10-04,[],0,NONE,,
dfe27a6f27da761d89f9c5684413dd4e,국민연금 '코스닥 10조' 열었지만…비중은 2%대 '뒷걸음질',http://www.globalepic.co.kr/view.php?ud=2026100410575450677cc35ccc5c_29,2026-10-04,www.globalepic.co.kr,Korean,South Korea,코스피,D5_시장지표,2026-10-04,[],0,NONE,,
1f97ed7c04d722461a8a4ed911c1f5cf,"‘9월 코스피 맥못춘 이유 있었네…’ 한달 간 외국인 20조 팔아치워, 1...",https://n.news.naver.com/mnews/article/021/0002822965?sid=101,2026-10-04,n.news.naver.com,Korean,South Korea,코스피,D5_시장지표,2026-10-04,[],0,NONE,,
27c233ff8f886737100069a2237b5873,한 달간 20조 매도…삼전닉스 외인 비중 줄어,https://n.news.naver.com/mnews/article/422/0000912412?sid=101,2026-10-04,n.news.naver.com,Korean,South Korea,코스피,D5_시장지표,2026-10-04,[],0,NONE,,
16be45294b48b74db93f741510d89801,매달 50만원씩 20년 넣었더니 '2억'… 연금저축 제대로 굴리는 방법,https://n.news.naver.com/mnews/article/469/0000957560?sid=101,2026-10-04,n.news.naver.com,Korean,South Korea,코스피,D5_시장지표,2026-10-04,[],0,NONE,,
b87432bbc2085d2da2f02c553bc0c11e,"신용융자 다시 늘자 관리 '고삐'···증권사, 한도 조정·종목 쏠림 차...",https://www.seoulfn.com/news/articleView.html?idxno=639260,2026-10-04,www.seoulfn.com,Korean,South Korea,코스피,D5_시장지표,2026-10-04,[],0,NONE,,
a9666ab818467ca0778b5ec3442b3aa4,"국민연금, 코스닥 투자 비중 줄어…공무원·사학·군인연금도 '뒷걸음'",http://www.segyebiz.com/newsView/20261004502230?OutUrl=naver,2026-10-04,www.segyebiz.com,Korean,South Korea,코스피,D5_시장지표,2026-10-04,[],0,NONE,,
3ce7f1dad12a3bbab603a5904a6e113c,"삼성자산운용, 커버드콜 ETF 조합으로 월 2회 분배금 제시",http://www.bizwnews.com/news/articleView.html?idxno=147998,2026-10-04,www.bizwnews.com,Korean,South Korea,코스피,D5_시장지표,2026-10-04,[],0,NONE,,
cc722bcadc73f47f812a4b1caac9c446,"박지원 “암살자(들), 한번 더 관람하기 캠페인 하자”",https://n.news.naver.com/mnews/article/021/0002823020?sid=100,2026-10-04,n.news.naver.com,Korean,South Korea,양식,D8_수산물,2026-10-04,[],0,NONE,,
95ceb655814072e6f383f033e0e61d65,"박지원 ""육영수도 (영화로)제작하고 박정희 편력도 만들면 히트?…'암살...",https://n.news.naver.com/mnews/article/088/0001032199?sid=100,2026-10-04,n.news.naver.com,Korean,South Korea,양식,D8_수산물,2026-10-04,[],0,NONE,,
6933e24463ffc5d38f232d05be8387e1,"가을비 '촉촉',도서관은 '북적'",https://www.ubc.co.kr/news/28234/,2026-10-04,www.ubc.co.kr,Korean,South Korea,양식,D8_수산물,2026-10-04,[],0,NONE,,
799a3a6b912bc6df9e5e6892d55d1b03,[Review] 우리가 도둑맞은 것은 그림 한 점이 아니었다 - 도둑맞은 미술...,https://www.artinsight.co.kr/news/view.php?no=82667,2026-10-04,www.artinsight.co.kr,Korean,South Korea,양식,D8_수산물,2026-10-04,[],0,NONE,,
4c760a514b0fe012ce1e8f7a6877d0bf,"[단독] 판사 상대하면 '부당소송'?‥""소송하려면 현금부터 내라""",https://n.news.naver.com/mnews/article/214/0001527142?sid=100,2026-10-04,n.news.naver.com,Korean,South Korea,양식,D8_수산물,2026-10-04,[],0,NONE,,
403e722e35e3933ad0058b9eb96f2dd9,"AI ‘아텍스’, 해킹 도구로 악용 정황…애초 보안점검 위해 개발",https://n.news.naver.com/mnews/article/028/0002825984?sid=105,2026-10-04,n.news.naver.com,Korean,South Korea,양식,D8_수산물,2026-10-04,[],0,NONE,,
9ab34ec9db5644ab22d870b40710b16f,[황규관의 전환의 상상력]유해진씨를 지키자!,https://n.news.naver.com/mnews/article/032/0003474153?sid=110,2026-10-04,n.news.naver.com,Korean,South Korea,양식,D8_수산물,2026-10-04,[],0,NONE,,
9355abe8b9dbbec85c7dd3a82777a794,"새 형사사법, 이제 ‘세부’의 시간 [한겨레 프리즘]",https://n.news.naver.com/mnews/article/028/0002825973?sid=110,2026-10-04,n.news.naver.com,Korean,South Korea,양식,D8_수산물,2026-10-04,[],0,NONE,,
7a2605e998a627a64a98d0d5f25c1ddd,“최치원은 한국 생태문화 뿌리…‘계원필경’에만 나무 135그루”,https://n.news.naver.com/mnews/article/028/0002825961?sid=103,2026-10-04,n.news.naver.com,Korean,South Korea,양식,D8_수산물,2026-10-04,[],0,NONE,,
e596a7c613b159c0242ef03e04a7c650,자격·경력 없어도 문자 한 통에 '등록완료' … 환자 간병일지도 대신 ...,https://n.news.naver.com/mnews/article/009/0005743833?sid=102,2026-10-04,n.news.naver.com,Korean,South Korea,양식,D8_수산물,2026-10-04,[],0,NONE,,
44dccd4336851163a64912e219588729,"‘파이널 테이블’ 안효섭·홍화연, 폐업 위기 레스토랑 걸고 손잡았다...",https://www.wikitree.co.kr/articles/1163891,2026-10-04,www.wikitree.co.kr,Korean,South Korea,양식,D8_수산물,2026-10-04,[],0,NONE,,
dc9e0a4847ceec8e5051609d58ede402,"개보위, 올해 '기술대상' 신설...오내피플 등 3사 선정",https://n.news.naver.com/mnews/article/092/0002439807?sid=105,2026-10-04,n.news.naver.com,Korean,South Korea,양식,D8_수산물,2026-10-04,[],0,NONE,,
fa6fc4f192e5dc2dcf903013538f4bf9,"박세현, 한옥 계단에 앉아 사극 한 장면 같은 여유",https://www.topstarnews.net/news/articleView.html?idxno=16237821,2026-10-04,www.topstarnews.net,Korean,South Korea,양식,D8_수산물,2026-10-04,[],0,NONE,,
c54a6c92f3db030d09e1b379eac94ee0,통도사성보박물관 상설전 새단장…'태국 불교미술' 순회 특별전 개막,https://www.beopbo.com/news/articleView.html?idxno=338114,2026-10-04,www.beopbo.com,Korean,South Korea,양식,D8_수산물,2026-10-04,[],0,NONE,,
8fbd9068448c603c46f0b07249a04eac,"120년 역사 청주 제일교회, 충북도 등록문화유산 된다",http://www.cctimes.kr/news/articleView.html?idxno=930439,2026-10-04,www.cctimes.kr,Korean,South Korea,양식,D8_수산물,2026-10-04,[],0,NONE,,
d9011ed3ebf76e9bfd772e9f11fc549c,"수성아트피아, 10월 ‘로비톡톡’ 문화예술 특강 운영",https://www.kbsm.net/news/view.php?idx=536446,2026-10-04,www.kbsm.net,Korean,South Korea,양식,D8_수산물,2026-10-04,[],0,NONE,,
2b6b4e143fc1a3e329e3b50d8bc11180,세상에서 가장 치열한 '한 끼' 온다…전작 '3%대' 굴욕 주연→반등 노린...,https://m.entertain.naver.com/article/213/0001403410,2026-10-04,m.entertain.naver.com,Korean,South Korea,양식,D8_수산물,2026-10-04,[],0,NONE,,
bc93b1709eb13cfa75a21f8910068c29,"[개운-紙說] 한로의 이슬 앞에 마음을 닦고, 진실의 길을 걸어야",https://hbnpress.com/news/view/1065574365839552,2026-10-04,hbnpress.com,Korean,South Korea,양식,D8_수산물,2026-10-04,[],0,NONE,,
3d095edc104868a6c9f7bcfb2c501492,"[리뷰] ‘셀린느와 줄리, 배 타러 가다’ 누벨버그식 낚시놀이 (자크 리...",https://m.entertain.naver.com/article/438/0000081656,2026-10-04,m.entertain.naver.com,Korean,South Korea,양식,D8_수산물,2026-10-04,[],0,NONE,,
2cf61957158f4901adac021916674ec5,[로렌스 펙의 자유전선] 영화 '암살자(들)'과 역사적 진실의 암살…'영...,https://www.pennmike.com/news/articleView.html?idxno=128931,2026-10-04,www.pennmike.com,Korean,South Korea,양식,D8_수산물,2026-10-04,[],0,NONE,,
3daa1baa33808ce904be8c53d37f0ed3,[대표님은 휴학 중] [더핵] “AI로 의사 결정 구조 바꾼다”…25살 최동...,https://dealsite.co.kr/articles/170059,2026-10-04,dealsite.co.kr,Korean,South Korea,머스크,D7_행위자,2026-10-04,[],0,NONE,,
1e1837350d6e0b7a9a2eab7df655ab64,“사랑해” 일주일 뒤 이별 통보한 머스크…자녀도 넷 있는데,https://n.news.naver.com/mnews/article/020/0003752631?sid=104,2026-10-04,n.news.naver.com,Korean,South Korea,머스크,D7_행위자,2026-10-04,[],0,NONE,,
b1e3b8c0b75cdd46fd7f2cca7ad40989,[NGO 현장]아시아의 빈민들이 만난다면,https://n.news.naver.com/mnews/article/032/0003474155?sid=110,2026-10-04,n.news.naver.com,Korean,South Korea,머스크,D7_행위자,2026-10-04,[],0,NONE,,
734e8518088a952025872f501d627b3e,AI가 무섭지만 멈출 생각은 없다…68.4%의 공포와 63.9%의 현실론,https://www.venturesquare.net/1117797/,2026-10-04,www.venturesquare.net,Korean,South Korea,머스크,D7_행위자,2026-10-04,[],0,NONE,,
bc639044be1655f830e1d43690756661,"머스크, 네 아이 엄마 질리스와 결별…""예고 없이 헤어져""",https://n.news.naver.com/mnews/article/119/0003139395?sid=104,2026-10-04,n.news.naver.com,Korean,South Korea,머스크,D7_행위자,2026-10-04,[],0,NONE,,
1134a912dd30f4aad0c877146fecd7e6,"일주일전 하트 받았던 머스크, 자녀 4명 둔 질리스와 돌연 결별",https://n.news.naver.com/mnews/article/025/0003555674?sid=104,2026-10-04,n.news.naver.com,Korean,South Korea,머스크,D7_행위자,2026-10-04,[],0,NONE,,
bf0a18a5f4625f6f8b3ad9c387ee08e5,"""일주일 전까지 사랑했는데""…머스크, 네 아이 엄마와 돌연 결별",https://n.news.naver.com/mnews/article/215/0001268160?sid=104,2026-10-04,n.news.naver.com,Korean,South Korea,머스크,D7_행위자,2026-10-04,[],0,NONE,,
811bbd1cb0c67a46a3554baa268ad42f,"머스크, 네 자녀 함께 키운 파트너와 결별...""아무 예고 없어""",https://n.news.naver.com/mnews/article/057/0001971966?sid=104,2026-10-04,n.news.naver.com,Korean,South Korea,머스크,D7_행위자,2026-10-04,[],0,NONE,,
ff33aaa5f2b75ab2db78e1792dddebbc,"머스크, 네 아이 낳은 '비서실장'과 돌연 결별…일주일 전엔 ""사랑해""",https://n.news.naver.com/mnews/article/448/0000643034?sid=104,2026-10-04,n.news.naver.com,Korean,South Korea,머스크,D7_행위자,2026-10-04,[],0,NONE,,
2cf7cecd5b79644e0bb3dd7875dbd084,"트럼프, AI 대신 'SI' 공식화…연방기관 용어 전면 교체",https://www.news2day.co.kr/article/20261004500040,2026-10-04,www.news2day.co.kr,Korean,South Korea,머스크,D7_행위자,2026-10-04,[],0,NONE,,
857b89a71237d47d2c6106ccf7ace20f,"머스크 ""성능 영향 미미""…옵티머스 생산 위해 AI칩 메모리 용량 줄여",https://it.chosun.com/news/articleView.html?idxno=2023092171406,2026-10-04,it.chosun.com,Korean,South Korea,머스크,D7_행위자,2026-10-04,[],0,NONE,,
3fca0e1d0c6275c4bc2b4fc9f34d47f2,"""돌연 일주일 만에…"" 머스크, 네 아이 낳은 '비서실장'과 결별",https://n.news.naver.com/mnews/article/015/0005338992?sid=104,2026-10-04,n.news.naver.com,Korean,South Korea,머스크,D7_행위자,2026-10-04,[],0,NONE,,
226fd1fc50424a1727419c67d856c165,"머스크, 자녀 4명의 엄마 질리스와 결별…""일주일 만에 사랑이 이별로""",https://n.news.naver.com/mnews/article/421/0009209056?sid=104,2026-10-04,n.news.naver.com,Korean,South Korea,머스크,D7_행위자,2026-10-04,[],0,NONE,,
76ceecdf60df4ecdc85dcc3130071de0,"머스크, 4자녀 둔 파트너와 돌연 결별…일주일 전엔 ""사랑해""",https://n.news.naver.com/mnews/article/008/0005421961?sid=104,2026-10-04,n.news.naver.com,Korean,South Korea,머스크,D7_행위자,2026-10-04,[],0,NONE,,
a577a0f86fffc2386180ca9f09fd51f2,"머스크, 파트너이자 자녀 4명 어머니 질리스와 결별",https://n.news.naver.com/mnews/article/023/0004002012?sid=105,2026-10-04,n.news.naver.com,Korean,South Korea,머스크,D7_행위자,2026-10-04,[],0,NONE,,
a69261f75dbd19e0d0c2c07e56a05bb0,"""방산 재벌이 미래 전쟁 짠다?""…머스크의 美 국방위 참여에 '이해충돌...",https://www.cbci.co.kr/news/articleView.html?idxno=612211,2026-10-04,www.cbci.co.kr,Korean,South Korea,머스크,D7_행위자,2026-10-04,[],0,NONE,,
ffd6616edd61858dc2bb8981b64fa8e9,안보·이민·규제 불만…MAGA가 유럽 미워하는 3가지 이유 [디브리핑],https://n.news.naver.com/mnews/article/016/0002705318?sid=104,2026-10-04,n.news.naver.com,Korean,South Korea,머스크,D7_행위자,2026-10-04,[],0,NONE,,
a8f8fae9274642eb75c9f1ffeae4c67f,"테슬라 무인택시, 밤길 주행이 최대 과제…머스크 ""어두운 곳의 작은 동...",https://www.jemin.com/news/articleView.html?idxno=843805,2026-10-04,www.jemin.com,Korean,South Korea,머스크,D7_행위자,2026-10-04,[],0,NONE,,
673d604adb7fcf6e086b5101a3b7e826,"오르메, 신규 엑스트레 '레 파세트' 출시…향의 새로운 얼굴 탐구",https://www.slist.kr/news/articleView.html?idxno=770911,2026-10-04,www.slist.kr,Korean,South Korea,머스크,D7_행위자,2026-10-04,[],0,NONE,,
aab67f916f75f2d1f2d52e49b304e952,"월가 비웃은 테슬라, 어닝 서프라이즈 폭발",https://www.jnilbo.com/news/articleView.html?idxno=90000070767,2026-10-04,www.jnilbo.com,Korean,South Korea,머스크,D7_행위자,2026-10-04,[],0,NONE,,
8bafca22361e745f6b542a1adce9876c,美 실전경험 vs 中 양산능력… ‘걷는 병기’ 패권다툼 속도전 [S스토리...,https://n.news.naver.com/mnews/article/022/0004163880?sid=104,2026-10-04,n.news.naver.com,Korean,South Korea,머스크,D7_행위자,2026-10-04,[],0,NONE,,
d9b4dea8d9440041b3a158d38c485469,"울산 주요 현안, 국정감사서 잇따라 다뤄져",https://n.news.naver.com/mnews/article/056/0012267693?sid=102,2026-10-04,n.news.naver.com,Korean,South Korea,항만,D3_인프라,2026-10-04,[],0,NONE,,
4ce766a0123361da0d546d86d6c7d495,"2026 새만금 대토론회 개최, ""대한민국 미래 이끌 성장동력 찾는다""",http://www.enewstoday.co.kr/news/articleView.html?idxno=2476982,2026-10-04,www.enewstoday.co.kr,Korean,South Korea,항만,D3_인프라,2026-10-04,[],0,NONE,,
e40eea5a64a629d08900d84615538393,"""4대강에서 5대강으로""..섬진강유역환경청 유치전",https://ysmbc.co.kr/NewsArticle/1539552,2026-10-04,ysmbc.co.kr,Korean,South Korea,항만,D3_인프라,2026-10-04,[],0,NONE,,
dd5a4f85e62da1daf862d383bc4f2c2a,100년 내항 철도 복원···역사·문화 관광자원 활용,https://jtv.co.kr/news/article.php?id=71436,2026-10-04,jtv.co.kr,Korean,South Korea,항만,D3_인프라,2026-10-04,[],0,NONE,,
5c3812134d93fa6a8117663779a8c236,공공기관 통폐합·지방 이전 반발 확산…“숫자 채우기식”,https://n.news.naver.com/mnews/article/032/0003474184?sid=102,2026-10-04,n.news.naver.com,Korean,South Korea,항만,D3_인프라,2026-10-04,[],0,NONE,,
2eb884b82763175885b32643569a3231,"부산·울산 국감, 전재수·김상욱 시장 의혹 공방 예고",https://www.newscj.com/news/articleView.html?idxno=3437819,2026-10-04,www.newscj.com,Korean,South Korea,항만,D3_인프라,2026-10-04,[],0,NONE,,
035a3e1b0f709b2ef5c24b266ded0e16,부산·울산 국감 쟁점 된 전재수·김상욱…野 파상공세 태세,https://n.news.naver.com/mnews/article/658/0000157463?sid=100,2026-10-04,n.news.naver.com,Korean,South Korea,항만,D3_인프라,2026-10-04,[],0,NONE,,
ad765f15df76273bffe4efc4388e04bb,[편집국에서] 전재수의 시험대,https://n.news.naver.com/mnews/article/082/0001401078?sid=110,2026-10-04,n.news.naver.com,Korean,South Korea,항만,D3_인프라,2026-10-04,[],0,NONE,,
e2f37e34db7d12f2124446d9223718e4,바다로 가랬더니 다시 돌아왔다…80만명 홀린 ‘부캉이’,https://www.g-enews.com/view.php?ud=2026100417100242883084322ec9_1,2026-10-04,www.g-enews.com,Korean,South Korea,항만,D3_인프라,2026-10-04,[],0,NONE,,
b88f214be4122316619b48dad7c48880,[전병협의 재난안전 인문학] 풍요로운 사회에서 더 복잡해지는 위험,http://www.breaknews.com/1240925,2026-10-04,www.breaknews.com,Korean,South Korea,항만,D3_인프라,2026-10-04,[],0,NONE,,
2573e741c3147a3a41b097ffe490b497,"배준영, 공공기관 통폐합 반대 전면전…“지역 경쟁력 훼손 우려”",https://n.news.naver.com/mnews/article/119/0003139388?sid=102,2026-10-04,n.news.naver.com,Korean,South Korea,항만,D3_인프라,2026-10-04,[],0,NONE,,
403ec1f8575eedfd3389d93f0df4412f,공공기관 통폐합·이전 반발 확산…“숫자 채우기식 지방 이전 반대”,https://n.news.naver.com/mnews/article/032/0003474133?sid=102,2026-10-04,n.news.naver.com,Korean,South Korea,항만,D3_인프라,2026-10-04,[],0,NONE,,
6f97b2fd2769f8ff7317d3ca9042d73c,"태안군립중앙도서관, 군민 마음에 독서의 향기로 채웠다",https://www.ccdailynews.com/news/articleView.html?idxno=2444331,2026-10-04,www.ccdailynews.com,Korean,South Korea,항만,D3_인프라,2026-10-04,[],0,NONE,,
8827bf12c2e4569df5c2a109c905eb3a,<현대해양>창간 57주년 축사 | 조선해양산업 현장을 가까이에서 기록해...,https://www.hdhy.co.kr/news/articleView.html?idxno=35394,2026-10-04,www.hdhy.co.kr,Korean,South Korea,항만,D3_인프라,2026-10-04,[],0,NONE,,
1ad9d9f1dc8d71d0cf07e7d5fd3ff9a7,"[기자수첩] 국내 축산악취 '제로' 신기술, 이번엔 다를까?",https://www.youngnong.co.kr/news/articleView.html?idxno=70719,2026-10-04,www.youngnong.co.kr,Korean,South Korea,공급 차단,D6_교란행위,2026-10-04,[],0,NONE,,
946f328fa84d6b6a2a1fafd9c8231d95,"""수도 혈맥 끊고 일상 흔든다""…러시아, 키이우 핵심 교량 나흘간 7차례...",https://n.news.naver.com/mnews/article/014/0005584853?sid=104,2026-10-04,n.news.naver.com,Korean,South Korea,공급 차단,D6_교란행위,2026-10-04,[],0,NONE,,
7182ab3a4f26b7cfbe23b944d78d0e3a,"전기안전공사, AI로 ESS 화재 막는다…‘디지털 안전관리 플랫폼’ 역할...",https://n.news.naver.com/mnews/article/082/0001401097?sid=101,2026-10-04,n.news.naver.com,Korean,South Korea,공급 차단,D6_교란행위,2026-10-04,[],0,NONE,,
35b3c0aac16424cddf27926d7dbedbf1,"[fn 이사람] ""영변 핵시설 없애도 헛일… 원료 나오는 평산 광산 막아야...",https://n.news.naver.com/mnews/article/014/0005584826?sid=100,2026-10-04,n.news.naver.com,Korean,South Korea,공급 차단,D6_교란행위,2026-10-04,[],0,NONE,,
82e30d3bb5bcc952e843153d71e5cb58,"러시아, 우크라 수도의 '남' 북'교량 나흘 연속 때려…민간시설",https://n.news.naver.com/mnews/article/003/0014233103?sid=104,2026-10-04,n.news.naver.com,Korean,South Korea,공급 차단,D6_교란행위,2026-10-04,[],0,NONE,,
9d9ce63aec70dd77abc5095c67ece04c,"[데일리안 오늘뉴스 종합] 조희대, 국감 불출석 의견서 제출…與 ""안 나...",https://n.news.naver.com/mnews/article/119/0003139393?sid=101,2026-10-04,n.news.naver.com,Korean,South Korea,공급 차단,D6_교란행위,2026-10-04,[],0,NONE,,
4c826e011e2894eb88eb188d74c83384,"농지 전수조사, 일회성 단속 아닌 ‘농지법 개혁’ 계기로",https://www.m-economynews.com/news/article.html?no=71275,2026-10-04,www.m-economynews.com,Korean,South Korea,공급 차단,D6_교란행위,2026-10-04,[],0,NONE,,
c4a9b047ccc99a308778e14951379159,[신장섭의 기업과 경제] 공정위를 독립기관으로 만들자,https://n.news.naver.com/mnews/article/009/0005743786?sid=110,2026-10-04,n.news.naver.com,Korean,South Korea,공급 차단,D6_교란행위,2026-10-04,[],0,NONE,,
1da276a7ebae5e67c7ee1055ae3756c1,노도강 짒갑 3분의 1은 '빚'···대출 더 조이니 실수요자 '주거사다리...,https://www.sisajournal-e.com/news/articleView.html?idxno=424126,2026-10-04,www.sisajournal-e.com,Korean,South Korea,공급 차단,D6_교란행위,2026-10-04,[],0,NONE,,
4acd7aa5525440fb7329a1b920e603d4,"""미국산 콩 99%에서 GMO 검출""",http://www.amnews.co.kr/news/articleView.html?idxno=74851,2026-10-04,www.amnews.co.kr,Korean,South Korea,공급 차단,D6_교란행위,2026-10-04,[],0,NONE,,
95d5e78fa3791a810252b2a7972ff674,완성車 그늘 벗어나는 부품사들…현대모비스 램프사업 매각 내막은,https://www.newsworks.co.kr/news/articleView.html?idxno=855401,2026-10-04,www.newsworks.co.kr,Korean,South Korea,공급 차단,D6_교란행위,2026-10-04,"[""KC_HyundaiMobis""]",1,NONE,,
61c9e07f21e0c4ec24b52e43821d15e4,샤인머스캣 가격 5년 새 71% 급락…재배면적도 감소세,https://www.ebn.co.kr/news/articleView.html?idxno=1726684,2026-10-04,www.ebn.co.kr,Korean,South Korea,공급 차단,D6_교란행위,2026-10-04,[],0,NONE,,
1d1b3e740678e6d8f2f2ccf55fb7e247,"'구제역·ASF·AI' 선제 차단…청주시, 동절기 특별방역망 가동",https://www.goodmorningcc.com/news/articleView.html?idxno=453423,2026-10-04,www.goodmorningcc.com,Korean,South Korea,공급 차단,D6_교란행위,2026-10-04,[],0,NONE,,
fa8d40efe1a137171ff5627543f141f8,"""서울 노동강 주택 매입자금 30%대가 대출""... 강남권ㆍ용산권 대출 비중...",https://www.getnews.co.kr/news/articleView.html?idxno=882575,2026-10-04,www.getnews.co.kr,Korean,South Korea,공급 차단,D6_교란행위,2026-10-04,[],0,NONE,,
cdf64f2220ccd4e9e8d3d3412dfd620e,[집중분석] 흥행 돌풍 메타 '뮤즈'가 바꿀 AI 경제의 미래,https://www.thepublic.kr/news/articleView.html?idxno=321087,2026-10-04,www.thepublic.kr,Korean,South Korea,공급 차단,D6_교란행위,2026-10-04,[],0,NONE,,
f5e6751865b22e2d8f7986dd02592d97,주름살 늘어나는 50대 여성…더 좋은 피부 유지하는 비결,https://n.news.naver.com/mnews/article/296/0000105566?sid=103,2026-10-04,n.news.naver.com,Korean,South Korea,공급 차단,D6_교란행위,2026-10-04,[],0,NONE,,
b6aa7129ea4799a3673f9146cabe474f,"겨울 전 누전차단기 'TEST' 버튼 눌러보세요, 안 내려가면 쓰지 마세요",https://www.wikitree.co.kr/articles/1163847,2026-10-04,www.wikitree.co.kr,Korean,South Korea,공급 차단,D6_교란행위,2026-10-04,[],0,NONE,,
aab5c579e9923a1a5b0fdb145289e926,"동아제약, 습윤 장벽케어 5종...바임, 쥬베룩 선크림 출시",https://www.slist.kr/news/articleView.html?idxno=770893,2026-10-04,www.slist.kr,Korean,South Korea,공급 차단,D6_교란행위,2026-10-04,[],0,NONE,,
95dbf75ac62219e4406014cfb600c170,"청주시, 겨울철 가축전염병 특별방역대책기간 내년 2월까지 운영",https://www.gukjenews.com/news/articleView.html?idxno=3712730,2026-10-04,www.gukjenews.com,Korean,South Korea,공급 차단,D6_교란행위,2026-10-04,[],0,NONE,,
23aaf5703c9556eb9be4d270b46e751d,"김주형, 남자골프 개인전 금…외신 “PGA 투어 공백 피했다”",https://n.news.naver.com/mnews/article/032/0003474177?sid=104,2026-10-04,n.news.naver.com,Korean,South Korea,한국 수입,D9_한국,2026-10-04,[],0,NONE,,
6c0c5ad373b583daaefb3aa12aa468c7,51억 예상 임대수입 다시 계산하니 29억? 사업성 검증 논란,https://n.news.naver.com/mnews/article/658/0000157461?sid=101,2026-10-04,n.news.naver.com,Korean,South Korea,한국 수입,D9_한국,2026-10-04,[],0,NONE,,
9431489677ced8d9573dc4d5d7c7b084,[지평선] 스시자로,https://n.news.naver.com/mnews/article/469/0000957633?sid=110,2026-10-04,n.news.naver.com,Korean,South Korea,한국 수입,D9_한국,2026-10-04,[],0,NONE,,
05c4142e635bc966b6a9040abe0f7ae9,"부산시, 혈세 투입 시설 사업성 뻥튀기 논란",https://n.news.naver.com/mnews/article/082/0001401084?sid=101,2026-10-04,n.news.naver.com,Korean,South Korea,한국 수입,D9_한국,2026-10-04,[],0,NONE,,
48abece1071b3009fc777910080a67aa,"후이·루이 떠난 자리, 다른 판다가 채워줄까…中 외교 바로미터 된 ‘...",https://n.news.naver.com/mnews/article/016/0002705372?sid=104,2026-10-04,n.news.naver.com,Korean,South Korea,한국 수입,D9_한국,2026-10-04,[],0,NONE,,
bc7f3f9c4080d50918035fa1ebc3da98,"中은 ‘내수 포화’ 단계…글로벌車, 역수출로 돌파구 찾기",https://n.news.naver.com/mnews/article/020/0003752611?sid=103,2026-10-04,n.news.naver.com,Korean,South Korea,한국 수입,D9_한국,2026-10-04,[],0,NONE,,
27e0ce90c36ff2c2424cf40fce2165f6,"고성군, 지방세외수입 우수사례 발표대회 '우수기관' 선정",https://www.newstnt.com/news/articleView.html?idxno=721460,2026-10-04,www.newstnt.com,Korean,South Korea,한국 수입,D9_한국,2026-10-04,[],0,NONE,,
96168a66e3f342decdc105bbaaea741a,“금메달 하나로 귀중한 18개월 지켰다”···‘병역 부담’ 덜어낸 김...,https://n.news.naver.com/mnews/article/032/0003474115?sid=104,2026-10-04,n.news.naver.com,Korean,South Korea,한국 수입,D9_한국,2026-10-04,[],0,NONE,,
78df9e12c90e0379648350e9d432f5d8,"[단독]무보, 회수 곤란 채권 비중 국감 지적에도 지난해보다 늘었다",https://n.news.naver.com/mnews/article/081/0003685871?sid=100,2026-10-04,n.news.naver.com,Korean,South Korea,한국 수입,D9_한국,2026-10-04,[],0,NONE,,
a3482f5e94c2a41a4aff3cbf10096ffd,“군인은 바보입니까?” 안철수까지 등판…아시안게임 금메달 ‘병역 논...,https://n.news.naver.com/mnews/article/022/0004163934?sid=104,2026-10-04,n.news.naver.com,Korean,South Korea,한국 수입,D9_한국,2026-10-04,[],0,NONE,,
722473e55dbce9d7a02a9ac737db9f61,"트럼프 ""역사상 누구보다 알래스카에 많은 것 가져와""",https://n.news.naver.com/mnews/article/374/0000536228?sid=101,2026-10-04,n.news.naver.com,Korean,South Korea,한국 수입,D9_한국,2026-10-04,[],0,NONE,,
75c4eda9dd9f302ccbe69928c0343a1d,"톰 크루즈의 굴욕, 북미서도 한국서도 최악의 흥행",https://www.mediapen.com/news/view/1127836,2026-10-04,www.mediapen.com,Korean,South Korea,한국 수입,D9_한국,2026-10-04,[],0,NONE,,
c526a3b3e070ea312589a83a879eaa6c,[단독] 기상전문가 키운다고 혈세 26억 썼더니…강원랜드 취업했다,https://n.news.naver.com/mnews/article/009/0005743712?sid=100,2026-10-04,n.news.naver.com,Korean,South Korea,한국 수입,D9_한국,2026-10-04,[],0,NONE,,
043d8bb7cd79383a87185758f9abb375,"‘8천만원 벽’ 깨고 렉서스 정조준..제네시스 GV80 하이브리드, 7천만원...",https://kpenews.com/View.aspx?No=4251644,2026-10-04,kpenews.com,Korean,South Korea,한국 수입,D9_한국,2026-10-04,[],0,NONE,,
5acfe734d6726f3bfc53c02e620bb637,"""인간이 괴물을 만들었다""…모피 농장서 포착된 '괴물 여우' 충격",https://n.news.naver.com/mnews/article/277/0005824467?sid=104,2026-10-04,n.news.naver.com,Korean,South Korea,한국 수입,D9_한국,2026-10-04,[],0,NONE,,
341abc194d4b94a35227fc45c24147f5,“한국인은 맛있단다” 일주일 방치로 초록 점액 낀 생선 끓인 베트남 ...,https://www.wikitree.co.kr/articles/1163856,2026-10-04,www.wikitree.co.kr,Korean,South Korea,한국 수입,D9_한국,2026-10-04,[],0,NONE,,
0b46136febc1f405eeb31f4aa2d22a58,"금메달 하나로 지킨 18개월…김주형 ‘병역 부담’ 끝, 외신도 집중 조...",https://m.sports.naver.com/golf/article/144/0001142068,2026-10-04,m.sports.naver.com,Korean,South Korea,한국 수입,D9_한국,2026-10-04,[],0,NONE,,
3038defc425c556fd853bfe8eb2ad56e,"115건 넘는 유죄에 '강등'까지 거론...맨시티는 ""결백! 1조 7800억짜리 안...",https://m.sports.naver.com/wfootball/article/109/0005617986,2026-10-04,m.sports.naver.com,Korean,South Korea,한국 수입,D9_한국,2026-10-04,[],0,NONE,,
53865129e07f38109713f2f14189ec5f,"아일랜드, 주택용 태양광·배터리 지원 확대…국내는 마을 단위 실증",https://www.aitimes.com/news/articleView.html?idxno=215871,2026-10-04,www.aitimes.com,Korean,South Korea,한국 수입,D9_한국,2026-10-04,[],0,NONE,,
b8022d59c02e0ead3200d840ed26090b,스페인 주택난 항의 시위 전국적 확산,https://n.news.naver.com/mnews/article/022/0004164005?sid=104,2026-10-04,n.news.naver.com,Korean,South Korea,공급부족,D6_교란행위,2026-10-04,[],0,NONE,,
4efa094c4f8211f4de48f8af43a96304,서민 주거부담 더 커졌다… 서울 중저가 전세 1년새 10% 껑충,https://n.news.naver.com/mnews/article/014/0005584755?sid=101,2026-10-04,n.news.naver.com,Korean,South Korea,공급부족,D6_교란행위,2026-10-04,[],0,NONE,,
4c1fd827f57a349b667a0af128a71697,4분기 D램·낸드 가격 두 자릿수 뛴다…AI 열풍에 'eSSD' 최고 상승폭,https://n.news.naver.com/mnews/article/003/0014232984?sid=101,2026-10-04,n.news.naver.com,Korean,South Korea,공급부족,D6_교란행위,2026-10-04,[],0,NONE,,
21c2f783a3968d1e763e6a9ba7a526ce,"국가필수약 공급난에 환자 불편… 업계 ""공급 다변화·약가 개편을""",https://n.news.naver.com/mnews/article/009/0005743759?sid=105,2026-10-04,n.news.naver.com,Korean,South Korea,공급부족,D6_교란행위,2026-10-04,[],0,NONE,,
a7861e45034d01bfeb20e22ba3d55187,비급여진료비 상위 20%가 전체 80% 차지,https://www.dentalnews.or.kr/news/article.html?no=48296,2026-10-04,www.dentalnews.or.kr,Korean,South Korea,공급부족,D6_교란행위,2026-10-04,[],0,NONE,,
7a56deadc4ed7b6909619d82cdb1bac8,미국-이란 전쟁서 성능 입증… LIG디펜스앤에어로스페이스 미사일 특수...,https://www.pinpointnews.co.kr/news/articleView.html?idxno=492572,2026-10-04,www.pinpointnews.co.kr,Korean,South Korea,공급부족,D6_교란행위,2026-10-04,[],0,NONE,,
fde5d75070fa1157a213afcff880b4bd,“월급 절반이 월세” 분노한 세입자 50만 모였다…정치권까지 뒤흔든 ...,https://n.news.naver.com/mnews/article/009/0005743737?sid=104,2026-10-04,n.news.naver.com,Korean,South Korea,공급부족,D6_교란행위,2026-10-04,[],0,NONE,,
ad6b481f2553e1562181759648467229,메모리 절반이면 충분? 일론 머스크의 피지컬 AI 전략 [고든 정의 TECH+],https://n.news.naver.com/mnews/article/081/0003685862?sid=105,2026-10-04,n.news.naver.com,Korean,South Korea,공급부족,D6_교란행위,2026-10-04,[],0,NONE,,
9cfb8fa4e417f1b08477febcc9e99d11,서울 아파트 전셋값도 86주 연속 상승… 이 기간 12% 올라,https://n.news.naver.com/mnews/article/469/0000957597?sid=101,2026-10-04,n.news.naver.com,Korean,South Korea,공급부족,D6_교란행위,2026-10-04,[],0,NONE,,
df7158d177eaeefa3127a6e2a997822a,새 차보다 비싼 헌 차…국산 경차 캐스퍼·레이에 '중고차 프리미엄' 붙...,https://n.news.naver.com/mnews/article/088/0001032131?sid=101,2026-10-04,n.news.naver.com,Korean,South Korea,공급부족,D6_교란행위,2026-10-04,[],0,NONE,,
a6b64b1a300772e6f7b4b115015c844e,전월세 뛰자 ‘생존매수’...서울 외곽 집값 상승 어디까지,https://n.news.naver.com/mnews/article/024/0000108692?sid=101,2026-10-04,n.news.naver.com,Korean,South Korea,공급부족,D6_교란행위,2026-10-04,[],0,NONE,,
628c1848dbe5941dcbc23c7e898aac8a,약 구하려 공급처 늘린다…美 병원약국 78% '품절이 최대 고민',https://www.medipana.com/news/articleView.html?idxno=418731,2026-10-04,www.medipana.com,Korean,South Korea,공급부족,D6_교란행위,2026-10-04,[],0,NONE,,
bca6333b534d377cd1771b8ffa541301,서울 전월세시장 해법 찾는다… 민간임대·장기전세 진단,https://www.newscj.com/news/articleView.html?idxno=3437746,2026-10-04,www.newscj.com,Korean,South Korea,공급부족,D6_교란행위,2026-10-04,[],0,NONE,,
9fdfc165e80cc582241140abfc7a341c,"서울시, '전월세 안정 해법 논의'…7일 주거포럼서 공급 확대 방안 모색",https://www.ppss.kr/news/articleView.html?idxno=313903,2026-10-04,www.ppss.kr,Korean,South Korea,공급부족,D6_교란행위,2026-10-04,[],0,NONE,,
dc054341926c9a2f39c96f9cf7f922fd,"“규제해도 광명 27% 뛰었다” 아기곰, 내년부터 집값 상승 본격화 전망...",https://n.news.naver.com/mnews/article/016/0002705303?sid=101,2026-10-04,n.news.naver.com,Korean,South Korea,공급부족,D6_교란행위,2026-10-04,[],0,NONE,,
5ab87d0aad0d88f6e02369f951fa93de,87세 노인 강제퇴거에 폭발한 스페인...주택난 항의 시위 전국 확산,https://www.m-economynews.com/news/article.html?no=71320,2026-10-04,www.m-economynews.com,Korean,South Korea,공급부족,D6_교란행위,2026-10-04,[],0,NONE,,
f3336e40d678e98578fa0fafc56b3f49,월세 76만원→402만원…87세 노인 강제퇴거에 스페인 민심 폭발,https://n.news.naver.com/mnews/article/123/0002391291?sid=104,2026-10-04,n.news.naver.com,Korean,South Korea,공급부족,D6_교란행위,2026-10-04,[],0,NONE,,
9691959c4d6fbba82544840368efc3c4,"제주 차귀도 인근 24톤 어선 좌초‥""졸음 운항 추정""",https://n.news.naver.com/mnews/article/214/0001527133?sid=102,2026-10-04,n.news.naver.com,Korean,South Korea,어선,D8_수산물,2026-10-04,[],0,NONE,,
05c66a8129c3fa46d54006baf174a382,제주서 ‘졸음운항’으로 어선 좌초…“선원 11명 무사”,https://n.news.naver.com/mnews/article/028/0002825979?sid=102,2026-10-04,n.news.naver.com,Korean,South Korea,어선,D8_수산물,2026-10-04,[],0,NONE,,
ad3d7f23a764ad491bb6c1ab0bc74e85,제주 차귀도 인근 해상 11명 탄 어선 좌초…인명피해 없어,https://n.news.naver.com/mnews/article/056/0012267631?sid=102,2026-10-04,n.news.naver.com,Korean,South Korea,어선,D8_수산물,2026-10-04,[],0,NONE,,
2df2bed959d1845fb0706061ffd2f245,어선 사고 사망·실종 해마다 급증...5년간 500명 육박,https://busanmbc.co.kr/01_new/new01_view.asp?idx=289685,2026-10-04,busanmbc.co.kr,Korean,South Korea,어선,D8_수산물,2026-10-04,[],0,NONE,,
a53232909a748d000fb635d1e2e2e1f9,제주 차귀도 인근 해상서 어선 좌초...인명피해 없어,https://www.jejudomin.co.kr/news/articleView.html?idxno=400894,2026-10-04,www.jejudomin.co.kr,Korean,South Korea,어선,D8_수산물,2026-10-04,[],0,NONE,,
76f171a0053fdee72a60bffaab55c94f,"제주 차귀도서 11명 탄 어선 좌초…선장 ""항해 중 졸아""",https://n.news.naver.com/mnews/article/422/0000912514?sid=102,2026-10-04,n.news.naver.com,Korean,South Korea,어선,D8_수산물,2026-10-04,[],0,NONE,,
f2409cb04f84fc10b3bf0fd7c5f6a3d5,"""운항 중 졸아서""…제주 해상서 '11명 탑승' 어선 좌초",https://n.news.naver.com/mnews/article/448/0000643041?sid=102,2026-10-04,n.news.naver.com,Korean,South Korea,어선,D8_수산물,2026-10-04,[],0,NONE,,
d7a959d0240a0da632616022368509fc,제주 차귀도 해상서 24t 어선 암초에 좌초···11명 무사,https://n.news.naver.com/mnews/article/032/0003474140?sid=102,2026-10-04,n.news.naver.com,Korean,South Korea,어선,D8_수산물,2026-10-04,[],0,NONE,,
60e5a972256eb2a12441ba340a35ee3d,"졸음운항하다 암초에 '쿵', 24t 어선 좌초…인명피해 없어",https://n.news.naver.com/mnews/article/003/0014233022?sid=102,2026-10-04,n.news.naver.com,Korean,South Korea,어선,D8_수산물,2026-10-04,[],0,NONE,,
067e9f89daad45bfb1d5b84eceeae594,"""졸음운항하다 쿵"" 제주 해상서 24톤 어선 좌초…11명 전원 구조",https://n.news.naver.com/mnews/article/421/0009209132?sid=102,2026-10-04,n.news.naver.com,Korean,South Korea,어선,D8_수산물,2026-10-04,[],0,NONE,,
901affca6f6de6aaa45cd786804b9e7c,졸음운항에 암초 올라탄 어선···인명피해 없어,https://www.jejumaeil.net/news/articleView.html?idxno=405255,2026-10-04,www.jejumaeil.net,Korean,South Korea,어선,D8_수산물,2026-10-04,[],0,NONE,,
67fe62a5db97e02f78d6c5b38ed8cda8,깜빡 졸았다가 '헉'.. 제주 차귀도 해상서 11명 탄 어선 좌초,https://n.news.naver.com/mnews/article/661/0000084318?sid=102,2026-10-04,n.news.naver.com,Korean,South Korea,어선,D8_수산물,2026-10-04,[],0,NONE,,
c2963a0ebd0793f7823cebcf0a4f0ca9,세계 채식인의 날 맞아 공공급식 비건 식단 확대 촉구,https://www.vegannews.co.kr/news/article.html?no=391322,2026-10-04,www.vegannews.co.kr,Korean,South Korea,곡물,D2_품목,2026-10-04,[],0,NONE,,
27c15e5629bc5f86f83e987239f6cf5f,"""심장 건강 챙기려면 이렇게 먹어라""…전문가가 꼽은 식단 4가지",https://n.news.naver.com/mnews/article/053/0000061996?sid=103,2026-10-04,n.news.naver.com,Korean,South Korea,곡물,D2_품목,2026-10-04,[],0,NONE,,
d0d25e58e5b32f32e8b48a35b1694616,무전기도 화폐도 없었다… 230만 개 돌 쌓아 올린 고대 이집트의 힘[양...,https://n.news.naver.com/mnews/article/020/0003752640?sid=110,2026-10-04,n.news.naver.com,Korean,South Korea,곡물,D2_품목,2026-10-04,[],0,NONE,,
37fd224d61b5b8b3d7438720a7f1f154,지방으로 변하기 전 단 14일!… 연휴에 찐 살 쏙 빼는 ‘2주 법칙’ [헬...,https://n.news.naver.com/mnews/article/081/0003685929?sid=103,2026-10-04,n.news.naver.com,Korean,South Korea,곡물,D2_품목,2026-10-04,[],0,NONE,,
b5ea38ee1d9d9d945669c5a13ceeab6c,"""염증 없애려 영양제부터 찾지 마세요""…만성염증 줄이는 생활 습관",https://n.news.naver.com/mnews/article/003/0014233192?sid=102,2026-10-04,n.news.naver.com,Korean,South Korea,곡물,D2_품목,2026-10-04,[],0,NONE,,
fc613f7060c8fe9bdaee598286783791,"""단백질만 챙겨 먹었는데""…근육만큼 중요한 '이 영양소' 놓쳤다",https://n.news.naver.com/mnews/article/053/0000061995?sid=103,2026-10-04,n.news.naver.com,Korean,South Korea,곡물,D2_품목,2026-10-04,[],0,NONE,,
701e9ef541beb43f8e1ef2ef1d7de092,“콩물에 블랙올리브 과육 담았다”…프로퍼마켓 신제품 ‘올콩두’ 어...,https://n.news.naver.com/mnews/article/021/0002822998?sid=101,2026-10-04,n.news.naver.com,Korean,South Korea,곡물,D2_품목,2026-10-04,[],0,NONE,,
ea487fef4b841104842faeccbd116e22,"“살 쏙 빠졌네?” 나솔 33기 현숙, 확 달라진 근황…“‘이 음식’ 끊...",https://n.news.naver.com/mnews/article/296/0000105572?sid=103,2026-10-04,n.news.naver.com,Korean,South Korea,곡물,D2_품목,2026-10-04,[],0,NONE,,
06abb21128d35214068ab486887c7b53,[공자의 고향 산둥성을 걷다] ⑤ '란링메이주 옥잔에 따르니 호박빛' 이...,https://www.newspim.com/news/view/20261004000040,2026-10-04,www.newspim.com,Korean,South Korea,곡물,D2_품목,2026-10-04,[],0,NONE,,
1e15c39affe1a06faef05415bd033f70,"[공자의 고향 산둥성을 걷다] ④ 비 내리는 저녁 짙은 누룩 향, '3000년 술...",https://www.newspim.com/news/view/20261004000023,2026-10-04,www.newspim.com,Korean,South Korea,곡물,D2_품목,2026-10-04,[],0,NONE,,
ada18afb1c3a5ee6f7871e4b8b5a360f,"‘위고비 없이 40kg 감량’ 정지웅, 맛있는 음식 먹으면서 유지하는 비...",https://n.news.naver.com/mnews/article/296/0000105570?sid=103,2026-10-04,n.news.naver.com,Korean,South Korea,곡물,D2_품목,2026-10-04,[],0,NONE,,
3d51e4e2fa2bbab9d9f49fc991aad458,"또 감기 왔다… 면역력 떨어진 나, 뭐가 문제일까?",https://n.news.naver.com/mnews/article/346/0000116907?sid=004,2026-10-04,n.news.naver.com,Korean,South Korea,곡물,D2_품목,2026-10-04,[],0,NONE,,
d5fa1edfd4a8082a117719f074d518cd,증상 없다고 안심은 금물…성인 절반이 앓는 이상지질혈증,https://n.news.naver.com/mnews/article/586/0000139396?sid=103,2026-10-04,n.news.naver.com,Korean,South Korea,곡물,D2_품목,2026-10-04,[],0,NONE,,
9b1d32baa890d041fa3d8c24e28ae966,올겨울 꼭 섭취해야 할 슈퍼푸드 8가지,http://www.newstown.co.kr/news/articleView.html?idxno=717621,2026-10-04,www.newstown.co.kr,Korean,South Korea,곡물,D2_품목,2026-10-04,[],0,NONE,,
28d77486c527c203630491acc62e2066,"""혹시 '그 빵' 들어왔어요?""…3040男 편의점에 몰린 까닭",https://n.news.naver.com/mnews/article/015/0005339089?sid=101,2026-10-04,n.news.naver.com,Korean,South Korea,옥수수,D2_품목,2026-10-04,[],0,NONE,,
09fd78800ccd92491eb30a492edfa737,"""변비·치질 걸린 곰도..."" 일본 현실 조명한 PD의 충격 목격담",https://m.entertain.naver.com/article/047/0002531187,2026-10-04,m.entertain.naver.com,Korean,South Korea,옥수수,D2_품목,2026-10-04,[],0,NONE,,
6cc0bd60aadd0acd0958af99febd101e,CU ‘리센느 빵’ 보름만에 60만 개 판매,https://n.news.naver.com/mnews/article/658/0000157425?sid=101,2026-10-04,n.news.naver.com,Korean,South Korea,옥수수,D2_품목,2026-10-04,[],0,NONE,,
67d7ddba1339dd094cf9be92caee4e63,'빵지순례' 명소 된 편의점,https://n.news.naver.com/mnews/article/015/0005339008?sid=103,2026-10-04,n.news.naver.com,Korean,South Korea,옥수수,D2_품목,2026-10-04,[],0,NONE,,
c6869f1c081d5e7651ec8f4d0e3afc33,CU 리센느 빵 불티…구매자 10명 중 7명 남성,https://n.news.naver.com/mnews/article/082/0001401051?sid=101,2026-10-04,n.news.naver.com,Korean,South Korea,옥수수,D2_품목,2026-10-04,[],0,NONE,,
be6344d168e6501804e3fdf23914f607,[백투더주간한국] 사라져 가는 꼬마들의 '운동회' 수난사(受難史),https://weekly.hankooki.com/news/articleView.html?idxno=7187110,2026-10-04,weekly.hankooki.com,Korean,South Korea,옥수수,D2_품목,2026-10-04,[],0,NONE,,
efaf8e722e2e767c086deb1972395c61,“BTS·블핑 협업하면 재미있을 것”…클래식 ‘틀’ 깨고픈 16살 피아니...,https://n.news.naver.com/mnews/article/028/0002825910?sid=103,2026-10-04,n.news.naver.com,Korean,South Korea,옥수수,D2_품목,2026-10-04,[],0,NONE,,
025ef401b7c015f09aeacdf6837830e6,"""원이야, 삼촌이 다 사줄게""…60만개 '리센느 빵' 쓸어간 30대 男",https://n.news.naver.com/mnews/article/277/0005824478?sid=101,2026-10-04,n.news.naver.com,Korean,South Korea,옥수수,D2_품목,2026-10-04,[],0,NONE,,
3c1a7d46f2875ab50006f98e0d10b6df,"CU '리센느빵'·GS25 '한정선 찹쌀떡', 나란히 60만개 판매..2030에 통했다",https://kpenews.com/View.aspx?No=4251650,2026-10-04,kpenews.com,Korean,South Korea,옥수수,D2_품목,2026-10-04,[],0,NONE,,
464a161ee8fea237e3438229c7e9169d,CU ‘리센느 빵’ 구매자 70% 남성…30대男 ‘큰손’,https://n.news.naver.com/mnews/article/009/0005743699?sid=103,2026-10-04,n.news.naver.com,Korean,South Korea,옥수수,D2_품목,2026-10-04,[],0,NONE,,
7f98ad75d13f7a5f03f02177bbec2570,먹을 때마다 싹 벗겨 버려서 '음쓰' 나왔는데…알고 보니 영양소 풍부하...,https://n.news.naver.com/mnews/article/277/0005824465?sid=103,2026-10-04,n.news.naver.com,Korean,South Korea,옥수수,D2_품목,2026-10-04,[],0,NONE,,
2c27a00c83abc4c0fe583fa29b28f57d,"편의점 업계, 리센느·한정선 등 인기 협업 제품 잇달아 출시",https://www.sentv.co.kr/article/view/sentv202610040014,2026-10-04,www.sentv.co.kr,Korean,South Korea,옥수수,D2_품목,2026-10-04,[],0,NONE,,
1bc9ab4427809b50f46d1968c617c9d7,빵 사러 갔다가 책갈피·포카까지…편의점 '팬덤빵' 대흥행,https://www.namdonews.com/news/articleView.html?idxno=925147,2026-10-04,www.namdonews.com,Korean,South Korea,옥수수,D2_품목,2026-10-04,[],0,NONE,,
461df0f5776660ddc1ba090c8d330a5d,삼촌들이 움직였다…‘리센느 빵’ 최대 구매자 30대 남성,https://n.news.naver.com/mnews/article/021/0002822956?sid=101,2026-10-04,n.news.naver.com,Korean,South Korea,옥수수,D2_품목,2026-10-04,[],0,NONE,,
81dc029ead025215dfc3ee789ff2ec3a,금융권 전방위 'AI 해킹'... 시중은행 넘어 저축은행·상호금융까지 노...,https://www.lawtv.kr/news/articleView.html?idxno=61074,2026-10-04,www.lawtv.kr,Korean,South Korea,수출규제,D6_교란행위,2026-10-04,[],0,NONE,,
ea6ef176194f61beb9b1aa8a2ee8f4fd,"호남 최대 뷰티산업전 ""아이돌 메이크업부터 AI 피부진단까지""",http://www.gjdream.com/news/articleView.html?idxno=673196,2026-10-04,www.gjdream.com,Korean,South Korea,수출규제,D6_교란행위,2026-10-04,[],0,NONE,,
a9503d4ebfe8b9359ea1f9822a25970b,‘직원용 시스템’ 등 빈틈 공격…現 보안체계론 AI해킹 무방비,https://n.news.naver.com/mnews/article/658/0000157457?sid=101,2026-10-04,n.news.naver.com,Korean,South Korea,수출규제,D6_교란행위,2026-10-04,[],0,NONE,,
8b4c7bbf44954588d81fd891fdef02e3,[금융권 AI 해킹 비상] 보안 취약 시스템 무작위 공격…동일 해커가 7개...,https://n.news.naver.com/mnews/article/088/0001032168?sid=101,2026-10-04,n.news.naver.com,Korean,South Korea,수출규제,D6_교란행위,2026-10-04,[],0,NONE,,
7221a857c4c4885ed93d6a3396d6c2b2,"이젠 AI로 상호금융까지 해킹... ""해킹 시도 훨씬 많을 수도""",https://www.getnews.co.kr/news/articleView.html?idxno=882580,2026-10-04,www.getnews.co.kr,Korean,South Korea,수출규제,D6_교란행위,2026-10-04,[],0,NONE,,
5d0ebadc07c9bdd3ddc7e787ecbfc7d5,"AI 해킹 금융권 전방위 확산…당국, 금융사 CEO 긴급소집",https://www.etoday.co.kr/news/view/2632341,2026-10-04,www.etoday.co.kr,Korean,South Korea,수출규제,D6_교란행위,2026-10-04,[],0,NONE,,
4d12ff16a3214885f60e9afb52165536,"한국원자력학회, '한·미 원전 건설 협력 합의' 환영",http://www.knpnews.com/news/articleView.html?idxno=34615,2026-10-04,www.knpnews.com,Korean,South Korea,수출규제,D6_교란행위,2026-10-04,[],0,NONE,,
785493e751586315c8087a8418a8e3ba,시중은행 넘어 상호금융까지…‘AI 의심’ 해킹 공격 확산,https://www.mediapen.com/news/view/1127831,2026-10-04,www.mediapen.com,Korean,South Korea,수출규제,D6_교란행위,2026-10-04,[],0,NONE,,
7ea627f754759a8ae56206f4b5f58c2e,"포항 호미반도, 유네스코 생물권보전지역 도전",https://www.newscj.com/news/articleView.html?idxno=3437732,2026-10-04,www.newscj.com,Korean,South Korea,수출규제,D6_교란행위,2026-10-04,[],0,NONE,,
512b7a6612db8b866786d693bc1697bd,'26년 3분기 화장품 누적 수출 111억 달러 달성… 역대 최대 실적 경신,https://www.mtnews.net/news/articleView.html?idxno=26140,2026-10-04,www.mtnews.net,Korean,South Korea,수출규제,D6_교란행위,2026-10-04,[],0,NONE,,
0d3bb2f0274635d511e2e24e2158fe67,"AI로 상호금융까지 광범위 공격…""해킹 시도 훨씬 많을 수도""",https://n.news.naver.com/mnews/article/055/0001393009?sid=101,2026-10-04,n.news.naver.com,Korean,South Korea,수출규제,D6_교란행위,2026-10-04,[],0,NONE,,
c6ad247ef492a19579c8411b2a462a15,은행 넘어 저축은행·캐피털까지…AI 해커 금융권 전방위 공격,https://www.jnilbo.com/news/articleView.html?idxno=90000070783,2026-10-04,www.jnilbo.com,Korean,South Korea,수출규제,D6_교란행위,2026-10-04,[],0,NONE,,
f43792700b1b1c5127155d65f9a05fa6,"AI로 상호금융까지 광범위 공격…""해킹 시도 훨씬 많을 수도""(종합)",https://n.news.naver.com/mnews/article/001/0016356385?sid=101,2026-10-04,n.news.naver.com,Korean,South Korea,수출규제,D6_교란행위,2026-10-04,[],0,NONE,,
97124208abb2f9b3cad4f392bdf556f1,카이스트 지구관측위성이 나로도 대신 뉴질랜드 간 까닭은?,https://n.news.naver.com/mnews/article/028/0002825884?sid=101,2026-10-04,n.news.naver.com,Korean,South Korea,수출규제,D6_교란행위,2026-10-04,[],0,NONE,,
ed4e3128f55dffbf47161132e6aebf01,“美 하이마스 팔고 한국 천무에 집중하자”…폴란드서 이런 주장 나온...,https://n.news.naver.com/mnews/article/081/0003685916?sid=104,2026-10-04,n.news.naver.com,Korean,South Korea,한국 공급망,D9_한국,2026-10-04,[],0,NONE,,
3f1c4b8112fb3d5cbcb6e2de85589d5f,"인터넷망 노린 금융권 해킹, 예견됐지만 못 막았다… 대통령 ""철저한 조...",https://n.news.naver.com/mnews/article/469/0000957631?sid=101,2026-10-04,n.news.naver.com,Korean,South Korea,한국 공급망,D9_한국,2026-10-04,[],0,NONE,,
db1c28fc694939fcabe615a26c7ab343,"中, 美 주도 G20 통상의제 비판…""공급과잉·강제노동 논란 커""",https://n.news.naver.com/mnews/article/374/0000536238?sid=101,2026-10-04,n.news.naver.com,Korean,South Korea,한국 공급망,D9_한국,2026-10-04,[],0,NONE,,
fdc08246f2d76a22da00db932d8fc220,"中, 美주도 G20 통상 의제 비판…""과잉생산·강제노동 이견 커""",https://n.news.naver.com/mnews/article/001/0016356834?sid=104,2026-10-04,n.news.naver.com,Korean,South Korea,한국 공급망,D9_한국,2026-10-04,[],0,NONE,,
919028a470ed6d48f710394a65565648,"세코닉스, 차량용 카메라·램프가 이끈다…전장 광학부품 성장 주목",https://www.pinpointnews.co.kr/news/articleView.html?idxno=492591,2026-10-04,www.pinpointnews.co.kr,Korean,South Korea,한국 공급망,D9_한국,2026-10-04,[],0,NONE,,
0ddfa71ffa30e8a9b44e23244e5aa644,"비만약 열풍에 펩타이드 공장 키운다…SK팜테코, 美에 2억달러 투자",https://www.medipana.com/news/articleView.html?idxno=418733,2026-10-04,www.medipana.com,Korean,South Korea,한국 공급망,D9_한국,2026-10-04,[],0,NONE,,
c09771b724237dd60d675e1b2f07ce21,"<현대해양>창간 57주년 축사 | <현대해양>, 깊이 있는 시선으로 변화 담...",https://www.hdhy.co.kr/news/articleView.html?idxno=35398,2026-10-04,www.hdhy.co.kr,Korean,South Korea,한국 공급망,D9_한국,2026-10-04,[],0,NONE,,
a5ce6b6bc837c092d4e2f4b3f2216db5,"전기계, '對美 전략적 투자 프로젝트 합의'  적극 환영",http://www.knpnews.com/news/articleView.html?idxno=34612,2026-10-04,www.knpnews.com,Korean,South Korea,한국 공급망,D9_한국,2026-10-04,[],0,NONE,,
80c554516d58c9cf92dd2523ff8beef0,美 육군이 멈출 뻔한 블랙호크 생산선을 다시 살려낸 사연,https://www.g-enews.com/view.php?ud=202610041014191598fbbec65dfb_1,2026-10-04,www.g-enews.com,Korean,South Korea,한국 공급망,D9_한국,2026-10-04,[],0,NONE,,
d713052f49d1b4df7ef759ca20f0aa35,"[기획] 두산에너빌리티, 수주는 26조인데…현금은 왜 줄었나",https://www.kfenews.co.kr/news/articleView.html?idxno=665804,2026-10-04,www.kfenews.co.kr,Korean,South Korea,한국 공급망,D9_한국,2026-10-04,"[""KC_Doosan""]",1,NONE,,
389a95fd4996aca978d04cc9276daecd,머크·BMS 특허 절벽 대응 비교… 대체 자원 '위험도'가 성패 갈랐다,https://www.g-enews.com/view.php?ud=20261003154729953fda4f5ab74_1,2026-10-04,www.g-enews.com,Korean,South Korea,한국 공급망,D9_한국,2026-10-04,[],0,NONE,,
9221cdb41947f4c02636993bccaa01d3,AI로 뚫고 AI로 막는다…해킹도 ‘AI 전쟁’,https://n.news.naver.com/mnews/article/243/0000103836?sid=105,2026-10-04,n.news.naver.com,Korean,South Korea,한국 공급망,D9_한국,2026-10-04,[],0,NONE,,
99e1f457a86313ce5ad683a5b1129691,“비행기 좌석도 양극화?”…항공사들이 프리미엄석 늘리는 이유,https://n.news.naver.com/mnews/article/050/0000111630?sid=101,2026-10-04,n.news.naver.com,Korean,South Korea,운임,D4_운송,2026-10-04,[],0,NONE,,
17526b6c2412260e3ff70126469ba4db,“열차 좌석 2개 예매해 혼자 편히 가는데 정말 억울한 일이 생겼습니다...,https://www.wikitree.co.kr/articles/1163629,2026-10-04,www.wikitree.co.kr,Korean,South Korea,운임,D4_운송,2026-10-04,[],0,NONE,,
9567ecd2c0f19e633d20ac99b9e3af5d,"“고령화에 무임승차 급증”…인천교통공사, 도시철도 무임수송 ‘국가...",https://www.viva100.com/article/20261004500109,2026-10-04,www.viva100.com,Korean,South Korea,운임,D4_운송,2026-10-04,[],0,NONE,,
29e7e6961602ef7882f8be325a44343b,숙박 5만원·교통비까지 할인…가을 국내여행 ‘혜택 총공세’ [똑똑! 스...,https://n.news.naver.com/mnews/article/011/0004668077?sid=103,2026-10-04,n.news.naver.com,Korean,South Korea,운임,D4_운송,2026-10-04,[],0,NONE,,
b161833c39d7ab6e6dff7986aee50350,"젤렌스키 ""미국, 10월 중 우크라·러시아 '3자 평화회담' 추진""…개최지...",https://n.news.naver.com/mnews/article/088/0001032201?sid=104,2026-10-04,n.news.naver.com,Korean,South Korea,에너지안보,D9_한국,2026-10-04,[],0,NONE,,
5ab038a0f7bbac35f70195c5325b954c,"트럼프 ""한국과의 (투자유치) 거래는 더 좋아지고 있어""",http://www.econotelling.com/news/articleView.html?idxno=21401,2026-10-04,www.econotelling.com,Korean,South Korea,에너지안보,D9_한국,2026-10-04,[],0,NONE,,
0d9bee5ed1d5e0392e04339ea8adacc1,"독일 총리, 러시아 공세 속 키이우 깜짝 방문...전폭 지원 약속",https://n.news.naver.com/mnews/article/052/0002414691?sid=104,2026-10-04,n.news.naver.com,Korean,South Korea,에너지안보,D9_한국,2026-10-04,[],0,NONE,,
47c6cc12f631ca8f70693ce35a77bc5a,"獨 총리, 러 공세 격화 속 키이우 깜짝 방문…'전폭 지원' 약속",https://n.news.naver.com/mnews/article/421/0009209275?sid=104,2026-10-04,n.news.naver.com,Korean,South Korea,에너지안보,D9_한국,2026-10-04,[],0,NONE,,
6ec4bfb2f3162fdfcfa583114d364c7e,"독일 총리, 러 공세 속 키이우 ‘깜짝’ 방문…“우크라 지원은 독일 안...",https://n.news.naver.com/mnews/article/011/0004668131?sid=104,2026-10-04,n.news.naver.com,Korean,South Korea,에너지안보,D9_한국,2026-10-04,[],0,NONE,,
ed3ff02a5f0101588ca1aad219a59140,"독일 총리, 러 공세 격화 속 키이우 깜짝 방문…전폭 지원 약속",https://n.news.naver.com/mnews/article/001/0016356853?sid=104,2026-10-04,n.news.naver.com,Korean,South Korea,에너지안보,D9_한국,2026-10-04,[],0,NONE,,
013c77bc8b4e8d4a1db1d019a44d8b30,"미·중, 첨단 원자력 기술 패권 놓고 경쟁 격화",http://www.knpnews.com/news/articleView.html?idxno=34623,2026-10-04,www.knpnews.com,Korean,South Korea,에너지안보,D9_한국,2026-10-04,[],0,NONE,,
35e31a3794f3345643f8d1fc5eec5d9d,"""비보안 사업 확장""...S2W, 온톨로지 기반 의사결정 OS 'SAIP' 고도화",https://n.news.naver.com/mnews/article/092/0002439805?sid=105,2026-10-04,n.news.naver.com,Korean,South Korea,에너지안보,D9_한국,2026-10-04,[],0,NONE,,
ff0e388d0dd5ee73a6037bcbd9a6bfd9,바헤닝언대 CIBIA 개소…식품 원료부터 소비자 평가까지,https://www.vegannews.co.kr/news/article.html?no=391279,2026-10-04,www.vegannews.co.kr,Korean,South Korea,에너지안보,D9_한국,2026-10-04,[],0,NONE,,
963967426f343f3b371be8634d9bd8af,"한수원, 한·미 원전 프레임워크…APR1400 미국 진출 '청신호'",http://www.knpnews.com/news/articleView.html?idxno=34616,2026-10-04,www.knpnews.com,Korean,South Korea,에너지안보,D9_한국,2026-10-04,[],0,NONE,,
5551940b8ee05af4c0ddb4f1020dfd9b,'CPTPP'추진 움직임에 농업계는 대동단결,https://www.youngnong.co.kr/news/articleView.html?idxno=70740,2026-10-04,www.youngnong.co.kr,Korean,South Korea,석유화학,D2_품목,2026-10-04,[],0,NONE,,
b37f406d6a9e8d18cd76cca0a9546733,"중대사고 절반 몰린 PK산단, 노후화 속도도 최악",https://n.news.naver.com/mnews/article/082/0001401092?sid=100,2026-10-04,n.news.naver.com,Korean,South Korea,석유화학,D2_품목,2026-10-04,[],0,NONE,,
aa88ec83bedad9ba6022481657fe865d,"서산시, '내포·대산·중부·내륙 철도' 추진…13.7조 규모",https://n.news.naver.com/mnews/article/003/0014232999?sid=102,2026-10-04,n.news.naver.com,Korean,South Korea,석유화학,D2_품목,2026-10-04,[],0,NONE,,
2629bb92636e5a777a9db9fb84820612,"티플랙스, 스테인리스 봉강 가공 경쟁력…전방산업 다변화 주목을",https://www.pinpointnews.co.kr/news/articleView.html?idxno=492592,2026-10-04,www.pinpointnews.co.kr,Korean,South Korea,석유화학,D2_품목,2026-10-04,[],0,NONE,,
efa60de5c2d62b16ccdcc1d7aec6d75b,"여수·순천·광양, 도시 경계 넘는다...광양만권 공동 대응 확대",http://www.srtimes.kr/news/articleView.html?idxno=213944,2026-10-04,www.srtimes.kr,Korean,South Korea,석유화학,D2_품목,2026-10-04,[],0,NONE,,
3015c5b23af3b1cfcf05e9d010149a34,"""대산공단 환경 오염, 시민 건강권 지키겠다""… 서산시환경대책위 2대 ...",https://www.ngonews.kr/news/articleView.html?idxno=239812,2026-10-04,www.ngonews.kr,Korean,South Korea,석유화학,D2_품목,2026-10-04,[],0,NONE,,
a410ead1fd31bde47f306182dfb7d3e7,"암살자(들) 영화는 역사 암살자...“가난한 나라, 누가 선진한국으로 만...",http://www.breaknews.com/1240911,2026-10-04,www.breaknews.com,Korean,South Korea,석유화학,D2_품목,2026-10-04,[],0,NONE,,
14c3cfb2846e0f5b34e4676c53683db4,한화 임원인사에 드러난 '3세 경영'…삼형제 역할분담 구체화,https://www.thepublic.kr/news/articleView.html?idxno=321085,2026-10-04,www.thepublic.kr,Korean,South Korea,석유화학,D2_품목,2026-10-04,[],0,NONE,,
71ccf40710e87442d63d0e855de6e774,"‘좋은 무기’ 내세운 韓, ‘필요하고 사고 싶은 무기체계’ 내세운 獨",https://n.news.naver.com/mnews/article/262/0000019737?sid=104,2026-10-04,n.news.naver.com,Korean,South Korea,수출 제한,D6_교란행위,2026-10-04,[],0,NONE,,
325c5b6be823770e8a90f5175786af36,미국 무기 대기 길어지자…한화에어로스페이스 'K-방산' 기회 커졌다,https://www.pinpointnews.co.kr/news/articleView.html?idxno=492571,2026-10-04,www.pinpointnews.co.kr,Korean,South Korea,수출 제한,D6_교란행위,2026-10-04,"[""KC_HanwhaAero""]",1,NONE,,
bffa3a5a1549451a43eec8dfc58edb65,"""무려 675억에 팔렸다""…디카프리오도 홀린 '끝판왕' 정체",https://n.news.naver.com/mnews/article/015/0005338972?sid=103,2026-10-04,n.news.naver.com,Korean,South Korea,수출 제한,D6_교란행위,2026-10-04,[],0,NONE,,
5bb4d7c73ea2c2f9b5d2e2a29ef43adc,'원전 종주국' 美에 韓 대형 원전 짓는다···웨스팅하우스 빗장 연 'K-...,https://www.seoulfn.com/news/articleView.html?idxno=639239,2026-10-04,www.seoulfn.com,Korean,South Korea,수출 제한,D6_교란행위,2026-10-04,[],0,NONE,,
29d3828a1b52c1234d3346b1a0c9ebbc,"노르웨이 미사일 수출 취소에…말레이, 3천억원대 새시스템 물색",https://n.news.naver.com/mnews/article/001/0016356454?sid=104,2026-10-04,n.news.naver.com,Korean,South Korea,수출 제한,D6_교란행위,2026-10-04,[],0,NONE,,
2727220a197727f1ae42bd4468f4fbb2,“카스에 찰랑 타볼까”…90년 만에 소주 만드는 오비맥주,https://n.news.naver.com/mnews/article/243/0000103847?sid=101,2026-10-04,n.news.naver.com,Korean,South Korea,수출 제한,D6_교란행위,2026-10-04,[],0,NONE,,
86dd2dc2948fd6c606113585e13a2ffd,청명한 하늘 아래 한중 청소년 바둑 대결…한강 푸드 트럭도 북적,https://n.news.naver.com/mnews/article/056/0012267642?sid=102,2026-10-04,n.news.naver.com,Korean,South Korea,새우,D8_수산물,2026-10-04,[],0,NONE,,
709a920b375d8292e5a60184a92ae8cf,"롯데리아, 고객만족도 14년 연속 1위…메뉴 혁신에 앱 편의성 강화",https://www.shinailbo.co.kr/news/articleView.html?idxno=5068435,2026-10-04,www.shinailbo.co.kr,Korean,South Korea,새우,D8_수산물,2026-10-04,[],0,NONE,,
ce6cb97da9985c61df92353b8bf4b782,안성시 바우덕이축제 마지막까지 풍성…줄타기·세계연희·공예·먹거리...,http://www.fieldnews.kr/news/articleView.html?idxno=31997,2026-10-04,www.fieldnews.kr,Korean,South Korea,새우,D8_수산물,2026-10-04,[],0,NONE,,
aa730b860c53622c5ec60e5d2a447886,한국에 잘 안 알려졌는데…한국인 입맛에 최고라는 '뜻밖의 생선',https://www.wikitree.co.kr/articles/1162100,2026-10-04,www.wikitree.co.kr,Korean,South Korea,새우,D8_수산물,2026-10-04,[],0,NONE,,
7faed762b72e10059d695cbf2ba1a90f,역시 한국 치킨은 ‘넘사벽’···글로벌 미식가들이 뽑은 ‘세계 튀김...,https://n.news.naver.com/mnews/article/032/0003474076?sid=103,2026-10-04,n.news.naver.com,Korean,South Korea,새우,D8_수산물,2026-10-04,[],0,NONE,,
c96937c0e8a844ba0621df9b14a6f7cf,"이채연·수아·서지안, 만나면 6차까지…끝없는 먹방 폭주",https://m.entertain.naver.com/article/382/0001297115,2026-10-04,m.entertain.naver.com,Korean,South Korea,새우,D8_수산물,2026-10-04,[],0,NONE,,
ea6eaba9c4fee5a8610a080ccf64586c,"[이삼식칼럼] 가난한 노인, 가난하지 않은 노인",https://n.news.naver.com/mnews/article/022/0004164032?sid=110,2026-10-04,n.news.naver.com,Korean,South Korea,한국 경제 영향,D9_한국,2026-10-04,[],0,NONE,,
bedbf857e34ef9ffc5080f1490e9f137,예금 줄었는데 대출 급증… 비은행권 자금조달 부담 커진다,https://n.news.naver.com/mnews/article/014/0005584765?sid=101,2026-10-04,n.news.naver.com,Korean,South Korea,한국 경제 영향,D9_한국,2026-10-04,[],0,NONE,,
eefd3b6fd7b078f24689642043953507,"금융위·금감원 수장, 전 금융권 긴급소집",https://www.kfenews.co.kr/news/articleView.html?idxno=665843,2026-10-04,www.kfenews.co.kr,Korean,South Korea,한국 경제 영향,D9_한국,2026-10-04,[],0,NONE,,
a04b7d8902d8f01e71d7b8820ed0eebf,‘귀족과일’ 샤인머스캣 가격 5년 새 71% 하락,https://n.news.naver.com/mnews/article/022/0004163912?sid=101,2026-10-04,n.news.naver.com,Korean,South Korea,한국 경제 영향,D9_한국,2026-10-04,[],0,NONE,,
e633aec37463e217ab919110d12a6d56,"“누구나 쓸 수 있는 AI, 지역경제에 새 기회”",https://n.news.naver.com/mnews/article/009/0005743668?sid=101,2026-10-04,n.news.naver.com,Korean,South Korea,한국 경제 영향,D9_한국,2026-10-04,[],0,NONE,,
8e836cf637ec7da6aef8134a9d325740,[한강로에서] '집 없음'의 고단함,https://n.news.naver.com/mnews/article/586/0000139395?sid=110,2026-10-04,n.news.naver.com,Korean,South Korea,한국 경제 영향,D9_한국,2026-10-04,[],0,NONE,,
709020912275360d613f26020372079a,5년 만에 71% 폭락… '고급 포도' 샤인머스캣에 무슨 일?,https://www.pinpointnews.co.kr/news/articleView.html?idxno=492531,2026-10-04,www.pinpointnews.co.kr,Korean,South Korea,한국 경제 영향,D9_한국,2026-10-04,[],0,NONE,,
9222e9a56f366744df6c59951ce56b46,전기를 만드는 동안 바다는 뜨거워졌다,https://n.news.naver.com/mnews/article/002/0002459527?sid=102,2026-10-04,n.news.naver.com,Korean,South Korea,석탄,D2_품목,2026-10-04,[],0,NONE,,
6259f72d278e6431ff270fc9a68583d5,농어촌공사에 재생에너지 보급 의무화?…농업계 ‘반발’,https://n.news.naver.com/mnews/article/662/0000105552?sid=100,2026-10-04,n.news.naver.com,Korean,South Korea,석탄,D2_품목,2026-10-04,[],0,NONE,,
2cbee50a46582fba136388198589436a,"강원랜드, 제235차 이사회 개최…지역경제·협력사 상생 지원",https://www.newstnt.com/news/articleView.html?idxno=721403,2026-10-04,www.newstnt.com,Korean,South Korea,석탄,D2_품목,2026-10-04,[],0,NONE,,
ecea8faf6cb485015a7d4e2013a4dec4,"[창간24 / 한국무역 80년 ②] ""팔 수 있는 건 다 판다""···경제개발 5개...",https://www.seoulfn.com/news/articleView.html?idxno=639281,2026-10-04,www.seoulfn.com,Korean,South Korea,석탄,D2_품목,2026-10-04,[],0,NONE,,
b7f31e28c04d5c199f90169371d8e2d3,"이상호 태백시장 ""2조 원대 산업 유치 결실…미래 열 것""",https://n.news.naver.com/mnews/article/002/0002459512?sid=102,2026-10-04,n.news.naver.com,Korean,South Korea,석탄,D2_품목,2026-10-04,[],0,NONE,,
320009d937b8562803f42892a1dc66ef,"발전 5사 '새 둥지' 어디로…전남광주·나주, 통합본사 유치 총력전",https://news.mtn.co.kr/news-detail/2026100323452527565,2026-10-04,news.mtn.co.kr,Korean,South Korea,석탄,D2_품목,2026-10-04,[],0,NONE,,
3f230660e911c96fef78da320f5b6822,[AI국가대전환=성창훈 한국조폐공사 사장] 돈 만들던 조폐공사의 변신…...,https://www.ajunews.com/view/20261002100928441,2026-10-04,www.ajunews.com,Korean,South Korea,석탄,D2_품목,2026-10-04,[],0,NONE,,
d10a56be09ae42652bab30b8ed89c3cb,"백악관이 AI 안전 서약과 ‘초지능’ 개명을 내놨지만, AI 사는 소비자는...",https://www.wikitree.co.kr/articles/1163912,2026-10-04,www.wikitree.co.kr,Korean,South Korea,해운,D4_운송,2026-10-04,[],0,NONE,,
bacb039ee76b9ea951f1747d05313a17,<현대해양>창간 57주년 축사 | 반세기 넘는 역사 속 통찰 제시한 언론,https://www.hdhy.co.kr/news/articleView.html?idxno=35391,2026-10-04,www.hdhy.co.kr,Korean,South Korea,해운,D4_운송,2026-10-04,[],0,NONE,,
57467243d1574a653ab58b02551d2c45,"동국대 WISE캠퍼스, 조형물 건립기금 1억원 기부 받아",https://n.news.naver.com/mnews/article/088/0001032086?sid=102,2026-10-04,n.news.naver.com,Korean,South Korea,해운,D4_운송,2026-10-04,[],0,NONE,,
7e7b500692a14822b741607225b9f1a5,"‘응급의료에 관한 법률’, ‘동물보호법’ 등 11건 국회 통과",https://medicalworldnews.co.kr/news/view.php?idx=1510977614,2026-10-04,medicalworldnews.co.kr,Korean,South Korea,해운,D4_운송,2026-10-04,[],0,NONE,,
1491b5e69bd5c74b585b018b22b80ec7,"보험사 M&A, 계륵에서 화수분으로…‘시간 운용’ 능력이 관건",https://n.news.naver.com/mnews/article/028/0002825886?sid=101,2026-10-04,n.news.naver.com,Korean,South Korea,해운,D4_운송,2026-10-04,[],0,NONE,,
93a6a906eea2c868f062b8abc5262079,"최유철 의성군수, 신공항 중심 지역성장 실행전략 점검",http://www.sisafocus.co.kr/news/articleView.html?idxno=365781,2026-10-04,www.sisafocus.co.kr,Korean,South Korea,물류기업,D9_한국,2026-10-04,[],0,NONE,,
21f8ec01940bf6442a626890e34ea7a9,"의성, 신공항 ‘실행의 설계도’ 구체화",https://n.news.naver.com/mnews/article/277/0005824493?sid=102,2026-10-04,n.news.naver.com,Korean,South Korea,물류기업,D9_한국,2026-10-04,[],0,NONE,,
64d8e8553f0d73d0a25f959fade3226c,"의성군, 신공항 주요 기반 실행전략 수립 연구용역 중간보고회 개최… ...",https://www.polinews.co.kr/news/articleView.html?idxno=744853,2026-10-04,www.polinews.co.kr,Korean,South Korea,물류기업,D9_한국,2026-10-04,[],0,NONE,,
a66d39d2d560325412916772c3af6c65,"유통회사 물류전략 '다양화, 탄력 운영'이 경쟁력",https://www.klnews.co.kr/news/articleView.html?idxno=322964,2026-10-04,www.klnews.co.kr,Korean,South Korea,물류기업,D9_한국,2026-10-04,[],0,NONE,,
a47bfdeefe9708014df1c13c06ecef78,유통기업 경쟁 가속화 … 최종 승자는 '물류'가 완성,https://www.klnews.co.kr/news/articleView.html?idxno=322963,2026-10-04,www.klnews.co.kr,Korean,South Korea,물류기업,D9_한국,2026-10-04,[],0,NONE,,
c1bdcfeafbdc506d95f357f592fd123d,"화려한 미중 휴머노이드 뒤에서…日, '손끝 정밀도'로 조용히 승부",https://n.news.naver.com/mnews/article/001/0016356247?sid=104,2026-10-04,n.news.naver.com,Korean,South Korea,물류기업,D9_한국,2026-10-04,[],0,NONE,,
773035e7edffc04691748ca16964b123,"농업소득, 20년간 제자리 걸음… 그 사이 짜장면 값은 3배 뛰어",https://www.youngnong.co.kr/news/articleView.html?idxno=70741,2026-10-04,www.youngnong.co.kr,Korean,South Korea,비료,D2_품목,2026-10-04,[],0,NONE,,
4e13396721678f77d0cc2be8a3091d32,유기재배 비율 한국의 7.3배…스위스는 무엇이 달랐나,http://www.ikpnews.net/news/articleView.html?idxno=71578,2026-10-04,www.ikpnews.net,Korean,South Korea,비료,D2_품목,2026-10-04,[],0,NONE,,
f5b854e549d22cb0655d04d75babe11c,"대동, '도이치파 고마력 트랙터' 4종 출시…180~240마력 대형 농가 공략",https://www.econovill.com/news/articleView.html?idxno=752700,2026-10-04,www.econovill.com,Korean,South Korea,비료,D2_품목,2026-10-04,[],0,NONE,,
59da56ede0ed99ef4f032171ca143907,美 중간선거 D-30...미 상원 지형 흔드는 공화·민주 격전지는,https://n.news.naver.com/mnews/article/469/0000957615?sid=104,2026-10-04,n.news.naver.com,Korean,South Korea,비료,D2_품목,2026-10-04,[],0,NONE,,
15134e49cfb2676a367653271ec1207f,맥류 적기 파종·배수 관리로 안정 생산해야,https://www.ccdailynews.com/news/articleView.html?idxno=2444374,2026-10-04,www.ccdailynews.com,Korean,South Korea,비료,D2_품목,2026-10-04,[],0,NONE,,
23f3ff58d4ac1f8d69667004fbb34727,"한국 ‘급제동’ 미국 ‘풀악셀’…현대차, 엇갈린 판매 성적표",https://n.news.naver.com/mnews/article/081/0003685901?sid=101,2026-10-04,n.news.naver.com,Korean,South Korea,수입 차질,D6_교란행위,2026-10-04,[],0,NONE,,
dbd5d573b378833d3a5794a0370ad8fa,“손흥민·추신수도 혜택봤다”…김주형 금메달에 외신들도 ‘한국 병역...,https://n.news.naver.com/mnews/article/009/0005743746?sid=104,2026-10-04,n.news.naver.com,Korean,South Korea,수입 차질,D6_교란행위,2026-10-04,[],0,NONE,,
8fd5b64a82d88f2833588184c19dcbcc,"병역 혜택 조명하는 외신들 ""전성기 선수 생활·수입 손실 막아""",https://n.news.naver.com/mnews/article/055/0001393045?sid=104,2026-10-04,n.news.naver.com,Korean,South Korea,수입 차질,D6_교란행위,2026-10-04,[],0,NONE,,
638dd4c5afedc7f36c1eac76f51f78f8,"외신, 한국 병역혜택 조명 ""추신수·손흥민에 김주형까지""",https://www.slist.kr/news/articleView.html?idxno=770931,2026-10-04,www.slist.kr,Korean,South Korea,수입 차질,D6_교란행위,2026-10-04,[],0,NONE,,
7a98327e1a15695d77324d3b74f5fc7f,"""금메달 하나가 바꾼 미래""…김주형 병역 혜택에 외신 주목",https://www.jnilbo.com/news/articleView.html?idxno=90000070780,2026-10-04,www.jnilbo.com,Korean,South Korea,수입 차질,D6_교란행위,2026-10-04,[],0,NONE,,
b861e4731df1d920f9312c7bfb0d778b,"한국 인터넷 매체 1만4천 여 개, 어떻게 살아남아?...“생존 무기를 다오...",http://www.breaknews.com/1240949,2026-10-04,www.breaknews.com,Korean,South Korea,수입의존,D9_한국,2026-10-04,[],0,NONE,,
7ed5ddb518ca19c96250b6441f208df0,유럽 침체 속 스웨덴 도약…억만장자 비율 美 제쳐,https://n.news.naver.com/mnews/article/015/0005339066?sid=104,2026-10-04,n.news.naver.com,Korean,South Korea,수입의존,D9_한국,2026-10-04,[],0,NONE,,
d3078626ecf497186476100227dfbb75,[우리 악기를 찾아서] 세종도 두 번 실패한 악기… 생황 600년 쇠청 복원...,https://www.nc.press/news/articleView.html?idxno=627826,2026-10-04,www.nc.press,Korean,South Korea,수입의존,D9_한국,2026-10-04,[],0,NONE,,
f44140fbb461e9fa19a9a71c3430a87d,“미국 못 믿겠다”며 중국과 밀착하는 스페인···EU 내 ‘대중국 노선...,https://n.news.naver.com/mnews/article/032/0003474102?sid=104,2026-10-04,n.news.naver.com,Korean,South Korea,수입의존,D9_한국,2026-10-04,[],0,NONE,,
0492f23c97df074a3aac3f4bd8c3a670,[올댓차이나] 中 쓰촨성서 매장량 100만t급 리튬광상 발견,https://n.news.naver.com/mnews/article/003/0014232759?sid=104,2026-10-04,n.news.naver.com,Korean,South Korea,수입의존,D9_한국,2026-10-04,[],0,NONE,,
b954e049a7660f8e43268bc57ef22a90,"韓 저가 커피, 일본에서도 먹힐까…프랜차이즈, 너도나도 공략 나서",https://daily.hankooki.com/news/articleView.html?idxno=1411784,2026-10-04,daily.hankooki.com,Korean,South Korea,물류비,D9_한국,2026-10-04,[],0,NONE,,
cbd182004cdf7abd0dce6f4851ad6c0d,"中자동차, '수출' 넘어 해외생산 공세…현대차 안방까지 파고든다",https://www.asiatoday.co.kr/kn/view.php?key=20261004010000872,2026-10-04,www.asiatoday.co.kr,Korean,South Korea,물류비,D9_한국,2026-10-04,[],0,NONE,,
ab00d1a5475b6d6fc2717ad735e5f673,"중국 자동차 업계, 해외 현지 생산 확대… 글로벌 공세 본격화",https://www.sentv.co.kr/article/view/sentv202610020108,2026-10-04,www.sentv.co.kr,Korean,South Korea,물류비,D9_한국,2026-10-04,[],0,NONE,,
0b5e1e1e06237e67e8afd48b6b7ab2be,"동남아 넘어 중남미로…패션 OEM, 생산기지 재편 속도",https://n.news.naver.com/mnews/article/421/0009208633?sid=101,2026-10-04,n.news.naver.com,Korean,South Korea,물류비,D9_한국,2026-10-04,[],0,NONE,,
4b136528bb7e55ef22e15b93854aaf34,[정동칼럼]‘중국 변수’를 놓치고 있다,https://n.news.naver.com/mnews/article/032/0003474162?sid=110,2026-10-04,n.news.naver.com,Korean,South Korea,대만 해협,D1_초크포인트,2026-10-04,[],0,NONE,,
7f0991e840a6b6297735e76bcbd7ae9b,"넥슨·카카오게임즈, 신작 MMORPG 베일 벗고 기대감 'UP'",https://daily.hankooki.com/news/articleView.html?idxno=1411814,2026-10-04,daily.hankooki.com,Korean,South Korea,대만 해협,D1_초크포인트,2026-10-04,[],0,NONE,,
f523416888852b19b79a4194dc242b67,"대만 하늘 날아온 10조 원 F-16V, 껍데기뿐인 초도기에 전력화 발목 잡혔...",https://www.g-enews.com/view.php?ud=202610041001378437fbbec65dfb_1,2026-10-04,www.g-enews.com,Korean,South Korea,대만 해협,D1_초크포인트,2026-10-04,[],0,NONE,,
3af4847be52f3e4adb9c87dd8c37df70,"中, EU산 화학제품 반덤핑 조사…통상갈등 재점화",https://www.g-enews.com/view.php?ud=2026100407353420249a1f309431_1,2026-10-04,www.g-enews.com,Korean,South Korea,희토류,D2_품목,2026-10-04,[],0,NONE,,
ee9399b12aa9cd8e2cff747c6069a208,청명한 가을에 ‘와글와글’…전북 곳곳서 풍성한 축제마당,https://n.news.naver.com/mnews/article/022/0004163949?sid=102,2026-10-04,n.news.naver.com,Korean,South Korea,부두,D3_인프라,2026-10-04,[],0,NONE,,
7ebcaa3fb68d1011a9d615d08ff645c9,민선9기 100일 앞둔 인천 기초단체 ‘성과·비전 알리기’ 소통 준비,https://www.kyeongin.com/article/1771955,2026-10-04,www.kyeongin.com,Korean,South Korea,부두,D3_인프라,2026-10-04,[],0,NONE,,
4ebb79bc6293fc88d4aa3f5ea88df89e,[박현 칼럼] 잇따른 산업계 노사 간 파열음…한 발자국씩 서로 물러설 ...,https://www.the-today.com/news/articleView.html?idxno=91189,2026-10-04,www.the-today.com,Korean,South Korea,공급망 위기,D6_교란행위,2026-10-04,[],0,NONE,,
927f5827233c4bfd0f8d77c6477c158d,"산림청 “드론으로 산불 위험행위 단속, 국산 도입 확대”",https://www.kukinews.com/article/view/kuk202610040021,2026-10-04,www.kukinews.com,Korean,South Korea,공급망 위기,D6_교란행위,2026-10-04,[],0,NONE,,
3b28994af099b87028bacfdbd87436eb,중국의 골프 굴기(崛起)가 일군 AG 남녀 단체전 동반 우승,https://m.sports.naver.com/golf/article/016/0002705277,2026-10-04,m.sports.naver.com,Korean,South Korea,공급망 위기,D6_교란행위,2026-10-04,[],0,NONE,,
bdc4ad82f34133917c56298c238d4961,“기획부터 시공까지 한눈에”… 건설 데이터 통합 플랫폼 마련 ‘시동...,https://www.dnews.co.kr/uhtml/view.jsp?idxno=202610011300194670152,2026-10-04,www.dnews.co.kr,Korean,South Korea,한국 건설/인프라,D9_한국,2026-10-04,[],0,NONE,,
e5e4dc9a30143e92c1918b28c7a0b638,한 동네에 같은 브랜드 수천 가구…'브랜드타운' 조성 잇따라,https://n.news.naver.com/mnews/article/003/0014232962?sid=101,2026-10-04,n.news.naver.com,Korean,South Korea,한국 건설/인프라,D9_한국,2026-10-04,[],0,NONE,,
27741606568d4d3f02dd2fa396276442,"[게임체인저 AX] 한국도로공사, AI·로봇 기반 '지능형 도로'로 바꾼다",http://www.enewstoday.co.kr/news/articleView.html?idxno=2476951,2026-10-04,www.enewstoday.co.kr,Korean,South Korea,한국 건설/인프라,D9_한국,2026-10-04,[],0,NONE,,
5bfe2b3d6a3a6e9d1e01ecf0a39ef8f8,[朝鮮칼럼] 트럼프의 좌충우돌 외교가 이룬 불가사의한 성취,https://n.news.naver.com/mnews/article/023/0004002051?sid=110,2026-10-04,n.news.naver.com,Korean,South Korea,파나마 운하,D1_초크포인트,2026-10-04,[],0,NONE,Trump diplomacy,
68ed1525546af7e159b5d12e1cc32088,"우리금융미래재단, 비대면 물품기부 '우리가 오네 시즌2' 진행",https://www.thepublic.kr/news/articleView.html?idxno=321049,2026-10-04,www.thepublic.kr,Korean,South Korea,CJ대한통운,D7_행위자,2026-10-04,[],0,NONE,Charity donation program,
717022c3002d338d00ee6439e7260c24,개천절 대체공휴일부터 한글날까지 10월 30% 날릴 휴일 꿀팁,https://www.gukjenews.com/news/articleView.html?idxno=3712729,2026-10-04,www.gukjenews.com,Korean,South Korea,CJ대한통운,D7_행위자,2026-10-04,[],0,NONE,Holiday schedule tips,
0bb6da8620f78ca0b4e8a854511ea08e,"동네서 만나던 당근, 이젠 집 앞서 택배…중고거래도 배송 경쟁",https://n.news.naver.com/mnews/article/022/0004163866?sid=101,2026-10-04,n.news.naver.com,Korean,South Korea,CJ대한통운,D7_행위자,2026-10-04,[],0,NONE,Used goods delivery,
bfd11ec0c36191ba645ea10ab1f6ff0f,[기자24시] 한상의 '무모한' 첫걸음 있었기에,https://n.news.naver.com/mnews/article/009/0005743785?sid=110,2026-10-04,n.news.naver.com,Korean,South Korea,어업,D8_수산물,2026-10-04,[],0,NONE,Korean Chamber commerce,
efec54d46f2e5d8bb9faa2ccf55f3d5e,스크린은 어떻게 역사를 다시 썼나 [문화 진지전 ②],https://www.newdaily.co.kr/site/data/html/2026/10/04/2026100400036.html,2026-10-04,www.newdaily.co.kr,Korean,South Korea,한국 소재/화학,D9_한국,2026-10-04,[],0,NONE,Screen history culture,
875cd2cce7551d7088e3790bfc3ef7e3,[국가등록문화유산] 한글점자 '훈맹정음' 제작과 보급 유물,https://www.incheontoday.com/news/articleView.html?idxno=324143,2026-10-04,www.incheontoday.com,Korean,South Korea,한국 소재/화학,D9_한국,2026-10-04,[],0,NONE,Hangeul braille heritage,
2ad5fda2143e4b56c9b8ff40d891e428,노벨상의 계절 돌아왔다…찬쉐·하루키부터 트럼프까지 후보군 주목,https://n.news.naver.com/mnews/article/421/0009208585?sid=104,2026-10-04,n.news.naver.com,Korean,South Korea,한국 소재/화학,D9_한국,2026-10-04,[],0,NONE,Nobel Prize season,
9713613f56c84cf3792f5faae8ceba8a,못 박고 웍질까지 사람 손처럼..보스턴다이내믹스 차세대 ‘로봇 핸드’...,https://kpenews.com/View.aspx?No=4251621,2026-10-04,kpenews.com,Korean,South Korea,한국 제조/조립,D9_한국,2026-10-04,[],0,NONE,Robot hand technology,
e902b8e2b6edea75c0ce2fdf5e809823,"[힘내라K산업]③현대로템, 30년 쌓아온 로켓엔진 기술력…우주 산업 도...",https://www.asiatime.co.kr/article/20261001500310,2026-10-04,www.asiatime.co.kr,Korean,South Korea,한국 제조/조립,D9_한국,2026-10-04,[],0,NONE,Hyundai Rotem rockets,
736a9df32b955701b057108522d685e0,세계 농장동물의 날…공장식 축산 폐지 요구,https://www.vegannews.co.kr/news/article.html?no=391323,2026-10-04,www.vegannews.co.kr,Korean,South Korea,한국 식량/식품,D9_한국,2026-10-04,[],0,NONE,Farm animal welfare,
525e88dc1187273c83d3ac61edba0083,"[박상규의 직설] 한·우크라 갈등, '소탐대실'로 가고 있다",https://www.pennmike.com/news/articleView.html?idxno=128936,2026-10-04,www.pennmike.com,Korean,South Korea,한국 식량/식품,D9_한국,2026-10-04,[],0,NONE,Korea-Ukraine conflict,
f82552f4aabf61a0a62a76fd71159feb,[기고]트럼프에게 중간선거 이후 ‘공격의 창’이 열리는가?…김태준의...,https://n.news.naver.com/mnews/article/021/0002822949?sid=100,2026-10-04,n.news.naver.com,Korean,South Korea,호르무즈 봉쇄,D1_초크포인트,2026-10-04,[],0,NONE,US Politics,
89e87e7f11cf069c341d83f5c52ae6e1,"트럼프 1기 중간선거 때 10배 오른 그린 산업주, 재현될까[기후로운 경...",https://n.news.naver.com/mnews/article/079/0004195525?sid=101,2026-10-04,n.news.naver.com,Korean,South Korea,LNG터미널,D3_인프라,2026-10-04,[],0,NONE,Green Energy Stocks,
4b4d3758f232628e57d5d6eae606c764,"러 ""우크라 대규모 공습 계속할 것…외국인 키이우 떠나라""",https://n.news.naver.com/mnews/article/421/0009208527?sid=104,2026-10-04,n.news.naver.com,Korean,South Korea,석유저장,D3_인프라,2026-10-04,[],0,NONE,Ukraine Conflict,
a6020679f29479ab02ff37f80e400caf,"[업뎃] 엔트런스, 'DK모바일 리본' 신규 서버 '부트캠프' 오픈 外",http://www.worktoday.co.kr/news/articleView.html?idxno=90042,2026-10-04,www.worktoday.co.kr,Korean,South Korea,탱커,D4_운송,2026-10-04,[],0,NONE,Mobile Gaming,
