url_hash,title,url,seendate,domain,language,sourcecountry,query_keyword,query_group,collect_date,kg_entities,kg_match_count,relevance,topic,category
ed581d4274aed8b88ff9004c29081c4f,전쟁 직전 선단 싹쓸이…호르무즈서 판 바꾼 韓 해운사의 '한 수',https://n.news.naver.com/mnews/article/123/0002385918?sid=101,2026-07-03,n.news.naver.com,Korean,South Korea,호르무즈 해협,D1_초크포인트,2026-07-03,,0,HIGH,Hormuz transit recovery,7_Shipping
9c3b59c35ac598ad234e31151624c8a5,60일 무료 통행 효과에 호르무즈 해협 통항량 급증,https://www.newscj.com/news/articleView.html?idxno=3414370,2026-07-03,www.newscj.com,Korean,South Korea,호르무즈 해협,D1_초크포인트,2026-07-03,,0,HIGH,Hormuz passage surge,3_Freight
44124e27b7f72cee0303202701c7b615,종전 뒤 살아난 호르무즈…선박 통행량 5배 급증,https://n.news.naver.com/mnews/article/014/0005543565?sid=101,2026-07-03,n.news.naver.com,Korean,South Korea,호르무즈 해협,D1_초크포인트,2026-07-03,,0,HIGH,Hormuz traffic recovery,3_Freight
6e57d9d3ee48566347ae19578119a67c,호르무즈해협 정상화 50% 다왔다… 통행량 하루 10척에서 36~48척으로 증...,https://n.news.naver.com/mnews/article/022/0004140360?sid=104,2026-07-03,n.news.naver.com,Korean,South Korea,호르무즈 해협,D1_초크포인트,2026-07-03,,0,HIGH,Hormuz transit increase,3_Freight
0b66250361d18582a6aa68b18e969774,"""60일 무료 통행"" 효과?…호르무즈 통행량 하루 10척→48척 '5배 급증'",https://n.news.naver.com/mnews/article/018/0006322150?sid=100,2026-07-03,n.news.naver.com,Korean,South Korea,호르무즈 해협,D1_초크포인트,2026-07-03,,0,HIGH,Hormuz passage surge,3_Freight
2102b99bf3ebddbd56256e1ad69adfb2,호르무즈 해협 통항량 '급증'…하루 48척 꼴,https://n.news.naver.com/mnews/article/014/0005543561?sid=104,2026-07-03,n.news.naver.com,Korean,South Korea,호르무즈 해협,D1_초크포인트,2026-07-03,,0,HIGH,Hormuz transit surge,3_Freight
899633397783b798a623df0578598c46,호르무즈해협 통행 증가…서명 전 하루 10척에서 36~48척으로 늘어,https://n.news.naver.com/mnews/article/003/0014046015?sid=104,2026-07-03,n.news.naver.com,Korean,South Korea,호르무즈 해협,D1_초크포인트,2026-07-03,,0,HIGH,Hormuz passage increase,3_Freight
3b73688c28d9f624b01b9f3fbc18ea06,"이란 협상대표 갈리바프 ""호르무즈 해협 美 간섭 허용 않을 것""",https://n.news.naver.com/mnews/article/421/0009040183?sid=104,2026-07-03,n.news.naver.com,Korean,South Korea,호르무즈 해협,D1_초크포인트,2026-07-03,,0,HIGH,Hormuz strait control,1_Security
e4f9d0aed41e8a06dcef30ff65fcf01a,국제유가 60달러대로 떨어지나…호르무즈 정상화에 유가 하락 전망,https://n.news.naver.com/mnews/article/417/0001150242?sid=101,2026-07-03,n.news.naver.com,Korean,South Korea,호르무즈 해협,D1_초크포인트,2026-07-03,,0,HIGH,Oil price forecast,5_EconFinance
f0afb670bd552466f4cdfbdce6e3fca1,"""호르무즈 정상화에…국제유가 연말 60달러선까지 하락할 수도""",https://n.news.naver.com/mnews/article/003/0014045901?sid=104,2026-07-03,n.news.naver.com,Korean,South Korea,호르무즈 해협,D1_초크포인트,2026-07-03,,0,HIGH,Oil price decline,5_EconFinance
7919c3141eee6c933511835b4e1c0256,"미국·이란 종전 협상, ‘호르무즈 통행료’ 충돌로 장기 교착",https://www.m-economynews.com/news/article.html?no=68408,2026-07-03,www.m-economynews.com,Korean,South Korea,호르무즈 해협,D1_초크포인트,2026-07-03,,0,HIGH,Hormuz transit fees,1_Security
ac36d89cda034d03fa0fe88165a6ac37,"이란, 호르무즈 통제 강화…""미승인 항로에 특수부대 투입""",https://n.news.naver.com/mnews/article/003/0014045807?sid=104,2026-07-03,n.news.naver.com,Korean,South Korea,호르무즈 해협,D1_초크포인트,2026-07-03,,0,HIGH,Hormuz control measures,1_Security
d19fed89bbbbfbc0a1b9b03dfee50bd4,"씨티 ""호르무즈 정상화에 유가 연말 배럴당 60달러까지 하락""",https://n.news.naver.com/mnews/article/421/0009039982?sid=101,2026-07-03,n.news.naver.com,Korean,South Korea,호르무즈 해협,D1_초크포인트,2026-07-03,,0,HIGH,Oil price forecast,5_EconFinance
868e8cd2f32db5f94ece9ebe58b12585,[공급망 우회로] ③ 호르무즈 봉쇄가 바꾼 해상 물류지도,https://bizhankook.com/articles/139202.html,2026-07-03,bizhankook.com,Korean,South Korea,호르무즈 해협,D1_초크포인트,2026-07-03,,0,HIGH,Hormuz bypass routes,3_Freight
63cb676e388aad3eaf5df8e52a3acfd5,"美·이란 종전협상 왜 늦어지나…""이란이 호르무즈 통행료 요구하기 때...",https://n.news.naver.com/mnews/article/138/0002233078?sid=105,2026-07-03,n.news.naver.com,Korean,South Korea,호르무즈 해협,D1_초크포인트,2026-07-03,,0,HIGH,Hormuz toll dispute,1_Security
ad266812d7683e02ed23795978de370b,"“동결 자금 풀어준대도”…이란, 연 62조 호르무즈 통행료 포기 안 해",https://n.news.naver.com/mnews/article/022/0004140295?sid=104,2026-07-03,n.news.naver.com,Korean,South Korea,호르무즈 해협,D1_초크포인트,2026-07-03,,0,HIGH,Hormuz transit toll,1_Security
0299aa0c1df68498f7b7826f96ae9d12,美·이란 휴전에도 선원 8000명 발 묶였다…호르무즈 '반쪽 재개',https://www.ajunews.com/view/20260703142208129,2026-07-03,www.ajunews.com,Korean,South Korea,호르무즈 해협,D1_초크포인트,2026-07-03,,0,HIGH,Hormuz passage disruption,7_Shipping
0f625b1b9d4d4178e39948c52025fa71,"독일 검찰 ""노르트스트림 폭파, 우크라이나 정부 지시""",https://n.news.naver.com/mnews/article/052/0002374530?sid=104,2026-07-03,n.news.naver.com,Korean,South Korea,공급 차단,D6_교란행위,2026-07-03,,0,HIGH,Pipeline sabotage,1_Security
1497ad4ef1656682a93624b4470eae3a,독일 검찰 “노르트스트림 폭파는 우크라이나 정부 지시”,https://n.news.naver.com/mnews/article/056/0012211583?sid=104,2026-07-03,n.news.naver.com,Korean,South Korea,공급 차단,D6_교란행위,2026-07-03,,0,HIGH,Pipeline sabotage,1_Security
5fa8d23d1584856bc82a151ebca9785d,"지평, 미-이란 합의 이후 기업 대응 전략 세미나",https://www.lawtimes.co.kr/news/articleView.html?idxno=223002,2026-07-03,www.lawtimes.co.kr,Korean,South Korea,제재,D6_교란행위,2026-07-03,,0,MEDIUM,US-Iran agreement,1_Security
bfe5e0fa5a34b1761b94f0dde27832fd,"""농축산물 할인에 '3000억' 투입"" 파격 카드...먹거리 물가 잡힐까",https://n.news.naver.com/mnews/article/008/0005381257?sid=101,2026-07-03,n.news.naver.com,Korean,South Korea,환율,D5_시장지표,2026-07-03,,0,MEDIUM,Food price inflation,10_OtherIndustry
4e66f264476efddf3a5a87510394ccbc,"원·달러 환율 전망 엇갈려...""1600원 열어둬야"" vs ""3개월 내 1500원선""",https://www.greened.kr/news/articleView.html?idxno=344175,2026-07-03,www.greened.kr,Korean,South Korea,환율,D5_시장지표,2026-07-03,,0,MEDIUM,KRW/USD Exchange Rate,5_EconFinance
398d1a8359e9852673103c5bc952e6dc,"[이슈] 환율 급등에 버티기 한계…정부, 정책금융 14.9조 긴급 투입",https://www.startuptoday.co.kr/news/articleView.html?idxno=805583,2026-07-03,www.startuptoday.co.kr,Korean,South Korea,환율,D5_시장지표,2026-07-03,,0,MEDIUM,Currency Crisis Response,5_EconFinance
00312d0c835024c280736b8e08d82540,"코스피 5.76% 급등하며 8,000선 회복…원ㆍ달러 환율, 1525원대로 급락",https://www.industrynews.co.kr/news/articleView.html?idxno=82909,2026-07-03,www.industrynews.co.kr,Korean,South Korea,환율,D5_시장지표,2026-07-03,,0,MEDIUM,KRW/USD Exchange Rate,5_EconFinance
bfa9f559fb8fba3e4986cb580659e83e,‘정부 개입설’ 속 달러 매수 포지션 정리에 환율 1520원대…30원 넘게...,https://n.news.naver.com/mnews/article/011/0004637941?sid=101,2026-07-03,n.news.naver.com,Korean,South Korea,환율,D5_시장지표,2026-07-03,,0,MEDIUM,KRW/USD Exchange Rate,5_EconFinance
75a8bae36c7dab4ae8a097db314eace1,레버리지 갈아탄 서학개미…외환시장 '달러 부담' 여전,https://n.news.naver.com/mnews/article/018/0006321874?sid=101,2026-07-03,n.news.naver.com,Korean,South Korea,환율,D5_시장지표,2026-07-03,,0,MEDIUM,KRW/USD Exchange Rate,5_EconFinance
8b764228feca8b0dfa8f312cb2ad67aa,"李, 다음주 나토서 K방산 세일즈…몽골선 핵심광물 협력 확대",https://n.news.naver.com/mnews/article/011/0004637980?sid=100,2026-07-03,n.news.naver.com,Korean,South Korea,한국 공급망,D9_한국,2026-07-03,,0,MEDIUM,Supply chain cooperation,1_Security
02ae986bf8f37173b636b637f4baac81,"이재명 대통령, 나토·몽골 4박5일 순방 나선다 : 방산·공급망 협력 기...",https://www.huffingtonpost.kr/article/258458,2026-07-03,www.huffingtonpost.kr,Korean,South Korea,한국 공급망,D9_한국,2026-07-03,,0,MEDIUM,Supply chain cooperation,1_Security
c489a9ef2b21c2342fb7c9a8d4ddca3e,"이재명 대통령, 7∼11일 나토 정상회의·몽골 국빈 방문",https://www.thereport.co.kr/news/articleView.html?idxno=89324,2026-07-03,www.thereport.co.kr,Korean,South Korea,한국 공급망,D9_한국,2026-07-03,,0,MEDIUM,Supply chain cooperation,1_Security
9ac0a29d3c793427c6bca35237f58b95,"李대통령, 나토 정상회의 참석 후 '15년 만' 몽골 순방…방산·공급망 외...",http://www.newskr.kr/news/articleView.html?idxno=105004,2026-07-03,www.newskr.kr,Korean,South Korea,한국 공급망,D9_한국,2026-07-03,,0,MEDIUM,Supply chain diplomacy,1_Security
94294c92663f08e86207daed8da8899d,"李대통령, 다음주 나토 참석…K방산 공급망 편입 추진",https://n.news.naver.com/mnews/article/215/0001257531?sid=100,2026-07-03,n.news.naver.com,Korean,South Korea,한국 공급망,D9_한국,2026-07-03,,0,MEDIUM,Defense supply chain,1_Security
bf45d492204fd9161c214d05e3180268,"이재명 대통령, 나토 정상회의·몽골 국빈방문…방산·공급망 외교 나선...",https://www.industrynews.co.kr/news/articleView.html?idxno=82903,2026-07-03,www.industrynews.co.kr,Korean,South Korea,한국 공급망,D9_한국,2026-07-03,,0,MEDIUM,Supply chain diplomacy,1_Security
a9ba07db8c9d060cfa8a5d7aa3002e28,물류비 폭등·납기 지연…중동전쟁에 中企 피해 확산,https://www.m-i.kr/news/articleView.html?idxno=1388095,2026-07-03,www.m-i.kr,Korean,South Korea,항만,D3_인프라,2026-07-03,,0,MEDIUM,Logistics cost surge,3_Freight
576e9f3db9d20e2f6e3b36dcd8f5cbba,"중형 암모니아선 이어 초대형선까지…울산항, 친환경 벙커링 허브 ‘잰...",https://n.news.naver.com/mnews/article/082/0001388203?sid=102,2026-07-03,n.news.naver.com,Korean,South Korea,항만,D3_인프라,2026-07-03,,0,MEDIUM,Bunker infrastructure,4_PortCargo
e40885e2baea145f89841c4e86f724cf,"원/달러 환율, 미국 고용 지표 부진에 30원 급락",https://www.tokenpost.kr/news/economy/374909,2026-07-03,www.tokenpost.kr,Korean,South Korea,유가,D5_시장지표,2026-07-03,,0,MEDIUM,KRW/USD exchange,5_EconFinance
75733f304465e89f5e9afada89dc8180,고유가·구역축소 ‘이중고’…멸치 조업 시작,https://n.news.naver.com/mnews/article/056/0012211473?sid=101,2026-07-03,n.news.naver.com,Korean,South Korea,유가,D5_시장지표,2026-07-03,,0,MEDIUM,Anchovy fishing,6_Seafood
129b0fc1c1b4aa36cd278f1484e614dd,고유가 지원금 2천억 ‘단비’…상권 숨통 트였지만 숙제도,https://n.news.naver.com/mnews/article/056/0012211565?sid=101,2026-07-03,n.news.naver.com,Korean,South Korea,유가,D5_시장지표,2026-07-03,,0,MEDIUM,High oil subsidy,5_EconFinance
0bfa0e196c0ce44eaf4109e20ffaadb0,고유가 지원금 지급 종료…‘반짝’ 효과,https://n.news.naver.com/mnews/article/056/0012211485?sid=101,2026-07-03,n.news.naver.com,Korean,South Korea,유가,D5_시장지표,2026-07-03,,0,MEDIUM,Oil price support,5_EconFinance
52bd35ec8d16df52c99e12a99cfb4021,멸치잡이 금어기 풀렸지만 '이중고',https://news.knn.co.kr/news/article/189636,2026-07-03,news.knn.co.kr,Korean,South Korea,유가,D5_시장지표,2026-07-03,,0,MEDIUM,Seafood supply,6_Seafood
17023c4d91bc63f559826f5b919159da,"원/달러 환율, 글로벌 달러 약세에 30.2원 급락",https://www.viewsnnews.com/article?q=236943,2026-07-03,www.viewsnnews.com,Korean,South Korea,유가,D5_시장지표,2026-07-03,,0,MEDIUM,KRW exchange rate,5_EconFinance
f1254d00cd36d9f5d0fc67bfaee6c70c,"""미 고용쇼크·엔화 개입""에 환율, 30.2원 급락해 1520원대",http://www.newsprime.co.kr/news/article.html?no=739097,2026-07-03,www.newsprime.co.kr,Korean,South Korea,유가,D5_시장지표,2026-07-03,,0,MEDIUM,Exchange rate,5_EconFinance
f8b86c965ff908166d705b669b919f90,식탁·주유소 물가에 美 가계 휘청…수협은행 “생활비 부담 임계점”,https://n.news.naver.com/mnews/article/011/0004638001?sid=101,2026-07-03,n.news.naver.com,Korean,South Korea,유가,D5_시장지표,2026-07-03,,0,MEDIUM,Food/fuel prices,5_EconFinance
8d7b62587da7c55e40896405354c2645,"강달러 균열에 금융시장 ‘반전’…환율 30원 급락, 코스피는 8,000선 회...",https://www.betanews.net/article/view/beta202607030074,2026-07-03,www.betanews.net,Korean,South Korea,유가,D5_시장지표,2026-07-03,,0,MEDIUM,Exchange rate,5_EconFinance
f984fbb858aceae156a978084ae416e8,국제유가 안정에 기름값 하락세 지속…전국 경유 평균 1899원,http://www.newskr.kr/news/articleView.html?idxno=105010,2026-07-03,www.newskr.kr,Korean,South Korea,유가,D5_시장지표,2026-07-03,,0,MEDIUM,Oil price decline,5_EconFinance
c2368e6ae448860dd2c5da00952fc23f,"전국 경유 가격 1,800원대 진입…휘발윳값도 하락세 지속",https://n.news.naver.com/mnews/article/056/0012211343?sid=101,2026-07-03,n.news.naver.com,Korean,South Korea,유가,D5_시장지표,2026-07-03,,0,MEDIUM,Fuel price decline,5_EconFinance
e1f476a6ee52271ffbcfe67b8ac629d7,국내 기름값 하락세…경유 가격 '1800원대' 진입,https://www.newsway.co.kr/news/view?ud=2026070318181908844,2026-07-03,www.newsway.co.kr,Korean,South Korea,유가,D5_시장지표,2026-07-03,,0,MEDIUM,Fuel price decline,5_EconFinance
3451daa586ebb66d88dad3de68dc9523,"일본 최대 정유사 에네오스, 중동 원유 의존 축소 검토",https://www.tokenpost.kr/news/breaking/374908,2026-07-03,www.tokenpost.kr,Korean,South Korea,호르무즈 해협,D1_초크포인트,2026-07-03,,0,MEDIUM,Oil supply diversification,10_OtherIndustry
5db6562ac61f2a90950d024bdce20c7c,"이스라엘, 이란 협상팀 암살 시도...미국이 이란에 알려줘",https://n.news.naver.com/mnews/article/052/0002374520?sid=104,2026-07-03,n.news.naver.com,Korean,South Korea,호르무즈 해협,D1_초크포인트,2026-07-03,,0,MEDIUM,Iran geopolitical tension,1_Security
5d8ab4e9158d7abf1b87b188d4bd7b03,"이란, 7년 만에 일본에 원유 판매 타진…제재 유예 연장 관건",https://n.news.naver.com/mnews/article/421/0009040361?sid=104,2026-07-03,n.news.naver.com,Korean,South Korea,호르무즈 해협,D1_초크포인트,2026-07-03,,0,MEDIUM,Iran oil sales Japan,10_OtherIndustry
b72fb358be1fbf0ebd3acfad9052daa6,"드디어 종전, 한국 기업 훈풍?",https://n.news.naver.com/mnews/article/024/0000106654?sid=101,2026-07-03,n.news.naver.com,Korean,South Korea,호르무즈 해협,D1_초크포인트,2026-07-03,,0,MEDIUM,Korean firms benefit,5_EconFinance
416f7b2da8f03f2ac20e4360a76bde96,"""미국, 동결자산 통행료 철회 타진…이란 거부""…하메네이 장례 준비",https://www.obsnews.co.kr/news/articleView.html?idxno=1529540,2026-07-03,www.obsnews.co.kr,Korean,South Korea,호르무즈 해협,D1_초크포인트,2026-07-03,,0,MEDIUM,Iran-US negotiations,1_Security
54c3d22c4d6e87f0bd300b82632e38fa,"""전쟁 때문에 기름값 폭등한다더니""...국제유가, 방향성 탐색전 돌입",http://coinreaders.com/245981,2026-07-03,coinreaders.com,Korean,South Korea,호르무즈 해협,D1_초크포인트,2026-07-03,,0,MEDIUM,Oil price movement,5_EconFinance
bdb51d59600a46d499182b691d9cab44,"""전쟁 최대 수혜자는 韓기업"" 해외도 깜짝…'10조 베팅' 통했다",https://n.news.naver.com/mnews/article/015/0005306146?sid=101,2026-07-03,n.news.naver.com,Korean,South Korea,호르무즈 해협,D1_초크포인트,2026-07-03,,0,MEDIUM,Korean firms benefit,5_EconFinance
8a97f5e53b0311b69c81ed412f1a3335,"이란 협상단 대표 “미·이스라엘, 약속 이행 안 하면 상응 조치…호르...",https://n.news.naver.com/mnews/article/056/0012211372?sid=104,2026-07-03,n.news.naver.com,Korean,South Korea,호르무즈 해협,D1_초크포인트,2026-07-03,,0,MEDIUM,Iran-US negotiations,1_Security
fc5d5e3a6ce172e97dfe3cca8d405c0c,"""10조 베팅 적중했다""…외신이 조명한 '신의 한 수'",https://n.news.naver.com/mnews/article/215/0001257555?sid=101,2026-07-03,n.news.naver.com,Korean,South Korea,호르무즈 해협,D1_초크포인트,2026-07-03,,0,MEDIUM,Korean firms benefit,5_EconFinance
d75588274f86321b25cd88dd12a26b14,"유가, 4주 연속 하락 전망…호르무즈 물류 재개 영향",https://www.tokenpost.kr/news/breaking/374857,2026-07-03,www.tokenpost.kr,Korean,South Korea,호르무즈 해협,D1_초크포인트,2026-07-03,,0,MEDIUM,Oil price decline,5_EconFinance
5ece3e6160dde46cd78cd1e54de6296a,"70억 달러 베팅 통했다… 시노코어, 중동 전쟁 속 사상 최대 수익",https://www.g-enews.com/view.php?ud=202607031827266763fbbec65dfb_1,2026-07-03,www.g-enews.com,Korean,South Korea,호르무즈 해협,D1_초크포인트,2026-07-03,,0,MEDIUM,Korean firm profits,5_EconFinance
d2ff09ff3cd89e4900776ab17d9ef9c2,"협상단 비행기까지 노린 이스라엘…美, 중재국 통해 이란에 경고 전달",https://n.news.naver.com/mnews/article/123/0002385911?sid=104,2026-07-03,n.news.naver.com,Korean,South Korea,호르무즈 해협,D1_초크포인트,2026-07-03,,0,MEDIUM,Iran-US tensions,1_Security
9f0e92663bff9ead6f055c85e6386345,美·이란 휴전에도 글로벌 해운운임 10주 연속 상승…중동운임↓,https://n.news.naver.com/mnews/article/421/0009040121?sid=101,2026-07-03,n.news.naver.com,Korean,South Korea,호르무즈 해협,D1_초크포인트,2026-07-03,,0,MEDIUM,Shipping rates trend,3_Freight
4d209989dc84db63de97903fd7b17e95,"[간추린 경제] 1. 환율 30원 '뚝' 2. ""통행료 양보 안해""",https://n.news.naver.com/mnews/article/214/0001509455?sid=101,2026-07-03,n.news.naver.com,Korean,South Korea,호르무즈 해협,D1_초크포인트,2026-07-03,,0,MEDIUM,"Exchange rate, tolls",5_EconFinance
7229cb3a4d14e5daa1c2d0eef509743a,"호르무즈 갈등 속 하메네이 장례…이란 ""오판말라""",https://n.news.naver.com/mnews/article/422/0000881244?sid=104,2026-07-03,n.news.naver.com,Korean,South Korea,호르무즈 해협,D1_초크포인트,2026-07-03,,0,MEDIUM,Iran-US negotiations,1_Security
c0c6d73051400fa5b6a11c0184f32465,"美·이란 종전 2주…웃는 건 이란뿐 ""미국은 뭘 얻었나""",https://n.news.naver.com/mnews/article/018/0006321869?sid=104,2026-07-03,n.news.naver.com,Korean,South Korea,호르무즈 해협,D1_초크포인트,2026-07-03,,0,MEDIUM,Iran-US ceasefire,1_Security
20201fa2b9796187b277169b7336acae,남재헌 해수부 차관 “북극항로 시범운항 최소 화물 확보 완료”,https://n.news.naver.com/mnews/article/082/0001388223?sid=102,2026-07-03,n.news.naver.com,Korean,South Korea,호르무즈 해협,D1_초크포인트,2026-07-03,,0,MEDIUM,Arctic route trial,7_Shipping
8da51f20e879ea5ca87c11d98ba0058d,전쟁전 10조원 베팅 장금마리타임…유조선 시장 점유율 17% 차지,https://n.news.naver.com/mnews/article/374/0000519871?sid=104,2026-07-03,n.news.naver.com,Korean,South Korea,호르무즈 해협,D1_초크포인트,2026-07-03,,0,MEDIUM,Korean tanker market,7_Shipping
4f203beee546dc7a4db72d2ea922889a,"""전쟁 직전 10조 베팅 적중""...글로벌 유조선 싹쓸이한 한국 해운사",https://n.news.naver.com/mnews/article/052/0002374390?sid=104,2026-07-03,n.news.naver.com,Korean,South Korea,호르무즈 해협,D1_초크포인트,2026-07-03,,0,MEDIUM,Korean shipping gains,7_Shipping
23f7cceeb2d1001aef964c271082eee8,"전쟁 앞두고 70억달러 승부수 … ""장금마리타임, 세계 최대 VLCC 선단 구...",https://www.newdaily.co.kr/site/data/html/2026/07/03/2026070300163.html,2026-07-03,www.newdaily.co.kr,Korean,South Korea,호르무즈 해협,D1_초크포인트,2026-07-03,,0,MEDIUM,Korean tanker fleet,7_Shipping
523083d26f7ec90a598ab3d5cec3ebb9,전쟁직전 10조원 베팅 장금마리타임…유조선시장 '큰손' 부상,https://n.news.naver.com/mnews/article/001/0016175101?sid=101,2026-07-03,n.news.naver.com,Korean,South Korea,호르무즈 해협,D1_초크포인트,2026-07-03,,0,MEDIUM,Tanker market speculation,3_Freight
abc2b5a50e1c74ad7c8dc0086ca02ed5,해수부 “북극항로 시범운항 준비 막바지…화물 1300TEU 확보”,https://n.news.naver.com/mnews/article/009/0005702438?sid=101,2026-07-03,n.news.naver.com,Korean,South Korea,호르무즈 해협,D1_초크포인트,2026-07-03,,0,MEDIUM,Arctic route trial,7_Shipping
efd0492a5c85c100124cff4b0c637b4b,"""이스라엘, 협상 중 이란 대표단 암살 시도…미국이 막아""",https://www.asiatoday.co.kr/kn/view.php?key=20260703010001301,2026-07-03,www.asiatoday.co.kr,Korean,South Korea,호르무즈 해협,D1_초크포인트,2026-07-03,,0,MEDIUM,Iran-Israel tensions,1_Security
a6ce504e1020582338af5d738b63839d,날씨가 하반기 곡물시장 좌우 7월 웨더마켓 가격 변동 확대,https://www.chukkyung.co.kr/news/articleView.html?idxno=81803,2026-07-03,www.chukkyung.co.kr,Korean,South Korea,호르무즈 해협,D1_초크포인트,2026-07-03,,0,MEDIUM,Grain market weather,10_OtherIndustry
d6cc67d4087d15851be08c7d3d059b99,막나가는 이스라엘…종전 협상 깨려 이란 대표단 암살까지? [핫이슈],https://n.news.naver.com/mnews/article/081/0003658217?sid=104,2026-07-03,n.news.naver.com,Korean,South Korea,호르무즈 해협,D1_초크포인트,2026-07-03,,0,MEDIUM,Iran-Israel conflict,1_Security
5976b9c28c6063dfa1b17c974baef23c,"해수부 차관 ""북극항로 운항 마지막 단계‥화물 확보 중""",https://n.news.naver.com/mnews/article/214/0001509420?sid=101,2026-07-03,n.news.naver.com,Korean,South Korea,호르무즈 해협,D1_초크포인트,2026-07-03,,0,MEDIUM,Arctic route operation,7_Shipping
51396a75ef5df60acc9411c16b163b11,코스피 7418.25까지 하락...삼전 27만원·하닉 209만원,https://www.wolyo.co.kr/news/articleView.html?idxno=314520,2026-07-03,www.wolyo.co.kr,Korean,South Korea,원달러환율,D9_한국,2026-07-03,,0,MEDIUM,KOSPI decline,5_EconFinance
f5210fb186c2c720bf92bfacf865b940,"환율, 달러 약세·엔화 반등에···1540원대",https://www.ziksir.com/news/articleView.html?idxno=138963,2026-07-03,www.ziksir.com,Korean,South Korea,원달러환율,D9_한국,2026-07-03,,0,MEDIUM,KRW exchange rate,5_EconFinance
3febce4fda99ea3df8614260c6750cea,[종합 환율] 7월 3일 주요국 통화 일제히 강세 원화 약세,https://www.tournews21.com/news/articleView.html?idxno=137841,2026-07-03,www.tournews21.com,Korean,South Korea,원달러환율,D9_한국,2026-07-03,,0,MEDIUM,Currency movements,5_EconFinance
7268e43f12e68574089199f3e888c911,코스피 또 7400선으로…외국인 '11거래일 팔자'에 3%대 급락,https://www.hidomin.com/news/articleView.html?idxno=711837,2026-07-03,www.hidomin.com,Korean,South Korea,원달러환율,D9_한국,2026-07-03,,0,MEDIUM,KOSPI decline,5_EconFinance
a03a4c6a696fea5b5a3af06892fe4140,"""안 떨어지는 달러-원, 경상수지 아닌 금융계정 영향…하반기 금리도 변...",https://news.einfomax.co.kr/news/articleView.html?idxno=4423237,2026-07-03,news.einfomax.co.kr,Korean,South Korea,원달러환율,D9_한국,2026-07-03,,0,MEDIUM,KRW weakness,5_EconFinance
5f2511c2a8cc4d040186d652d130d352,"코스피, 상승 출발 후 하락 전환 7400대…외국인 11일째 ‘팔자’",https://n.news.naver.com/mnews/article/009/0005702293?sid=101,2026-07-03,n.news.naver.com,Korean,South Korea,원달러환율,D9_한국,2026-07-03,,0,MEDIUM,KOSPI decline,5_EconFinance
e8ad166a097a158f42746a9cbee26986,금시세(금값) 급등,http://www.kjdaily.com/article.php?aid=1783040556681599227,2026-07-03,www.kjdaily.com,Korean,South Korea,원달러환율,D9_한국,2026-07-03,,0,MEDIUM,Gold price surge,5_EconFinance
420f94b70e059efa744cc05aa3f2207f,"고환율에 중소기업 '휘청'…정부, 14조9000억 긴급자금 지원",https://n.news.naver.com/mnews/article/658/0000148510?sid=101,2026-07-03,n.news.naver.com,Korean,South Korea,원달러환율,D9_한국,2026-07-03,,0,MEDIUM,Exchange rate impact,5_EconFinance
2484009e6931d275043ec64938a664ff,"정부, 고환율 피해 중기 지원에 14.9조 투입…'상생대출' 신설",https://n.news.naver.com/mnews/article/422/0000881040?sid=101,2026-07-03,n.news.naver.com,Korean,South Korea,원달러환율,D9_한국,2026-07-03,,0,MEDIUM,Government support,5_EconFinance
a7e97abed4f9ed3b016a9d049510c1de,"""대출·보증·세제 지원 총동원""…정부, 고환율 피해 中企에 14.9조 투입",https://www.youthdaily.co.kr/news/article.html?no=222219,2026-07-03,www.youthdaily.co.kr,Korean,South Korea,원달러환율,D9_한국,2026-07-03,,0,MEDIUM,Government support,5_EconFinance
fde3fdcdd2b7e655871e6f41160d9762,"인도 원유 재고, 수입 급증에 1년 만의 최고 수준 근접",https://www.tokenpost.kr/news/breaking/374896,2026-07-03,www.tokenpost.kr,Korean,South Korea,원유,D2_품목,2026-07-03,,0,MEDIUM,India crude inventory,5_EconFinance
33562a66a9b1c16999e6d3c5e620c77b,"[이슈] 강달러에 아시아 통화 동반 약세…원화, 금융위기 이후 최저 수...",https://www.polinews.co.kr/news/articleView.html?idxno=735927,2026-07-03,www.polinews.co.kr,Korean,South Korea,원유,D2_품목,2026-07-03,,0,MEDIUM,KRW currency weakness,5_EconFinance
f591368ea6f04e885be68b285f77edbd,"삼성중공업, 싱가포르 쿠옥그룹과 조선·해양 등 '전략적 협력'...LNG·해...",http://www.econonews.co.kr/news/articleView.html?idxno=440647,2026-07-03,www.econonews.co.kr,Korean,South Korea,원유,D2_품목,2026-07-03,,0,MEDIUM,Samsung shipbuilding LNG,7_Shipping
5de4c6b12af83a1730355796c5589893,울산항 6월 원유 반입 증가..중동산 80% 웃돌아,http://web.ubc.co.kr/wp/archives/128597,2026-07-03,web.ubc.co.kr,Korean,South Korea,원유,D2_품목,2026-07-03,,0,MEDIUM,Crude oil imports,4_PortCargo
a8775da5a68393c677535363041e3cae,전국 주유소 경유 가격 1800원대…국제 유가 하락·최고가격제 영향,https://n.news.naver.com/mnews/article/015/0005306147?sid=101,2026-07-03,n.news.naver.com,Korean,South Korea,원유,D2_품목,2026-07-03,,0,MEDIUM,Diesel price decline,5_EconFinance
db0281bbd2c3bf46be46960c0448cba5,전국 경유가 1천800원대 진입…휘발유도 '동반 하락세',https://www.youthdaily.co.kr/news/article.html?no=222286,2026-07-03,www.youthdaily.co.kr,Korean,South Korea,원유,D2_품목,2026-07-03,,0,MEDIUM,Fuel price decline,5_EconFinance
8a7945180af5a80858a95d30ba582cff,6월 울산항 원유 반입‥전월 대비 18.8% 증가,https://www.usmbc.co.kr/NewsArticle/849143,2026-07-03,www.usmbc.co.kr,Korean,South Korea,원유,D2_품목,2026-07-03,,0,MEDIUM,Crude oil imports,4_PortCargo
b2f0d359aa439b3ab33f94fead7dd507,"정유 4사, 2분기 매출 늘어도 이익은 뒷걸음…'재고 효과' 정상화되나",https://www.pointdaily.co.kr/news/articleView.html?idxno=310624,2026-07-03,www.pointdaily.co.kr,Korean,South Korea,원유,D2_품목,2026-07-03,,0,MEDIUM,Refiner profitability,5_EconFinance
61abaf025446bb4bc22b267c9c8f7fda,"키르기스스탄, 연료 SOS…'우크라 드론에 러 정유시설 파손' 여파",https://n.news.naver.com/mnews/article/055/0001369474?sid=104,2026-07-03,n.news.naver.com,Korean,South Korea,원유,D2_품목,2026-07-03,,0,MEDIUM,Russian refinery damage,10_OtherIndustry
c3a30c56e43ba72c4285db97d86d26ee,"HD현대, 베트남 거점 첫 항만 크레인 수주",https://n.news.naver.com/mnews/article/011/0004637995?sid=101,2026-07-03,n.news.naver.com,Korean,South Korea,천연가스,D2_품목,2026-07-03,,0,MEDIUM,Port Infrastructure,4_PortCargo
61a0cfd831d9cc26812ae210063f1ae6,"""원자잿값 50% 뛰고 미수금 증가""…중동 장기화에 中企 피해 980건",https://n.news.naver.com/mnews/article/421/0009040013?sid=101,2026-07-03,n.news.naver.com,Korean,South Korea,운임,D4_운송,2026-07-03,,0,MEDIUM,Middle East cost impact,5_EconFinance
6c84a03d80b79f51f1854f53bd2fee25,"해수부 차관 “북극항로, 선박·화물 확보 막바지”",https://n.news.naver.com/mnews/article/056/0012211568?sid=101,2026-07-03,n.news.naver.com,Korean,South Korea,컨테이너,D2_품목,2026-07-03,,0,MEDIUM,Arctic route development,7_Shipping
2eb72d8cfaa80824fd7c1ab7cccb62b1,벼랑 끝 칭다오 항로...해법 찾을까,https://n.news.naver.com/mnews/article/661/0000079279?sid=102,2026-07-03,n.news.naver.com,Korean,South Korea,컨테이너,D2_품목,2026-07-03,,0,MEDIUM,Qingdao port congestion,9_PortCongestion
a9264f50c35304ff464e9f58411cb2ee,SCFI 10주 연속 상승..3300선 회복,http://www.4th.kr/news/articleView.html?idxno=2114210,2026-07-03,www.4th.kr,Korean,South Korea,컨테이너,D2_품목,2026-07-03,,0,MEDIUM,Freight rate surge,3_Freight
cb81be94b888054556cf34057134b05a,"종전에도 7월 SCFI 3300선 돌파...해운사, 2분기 실적도 '활짝'",https://www.ajunews.com/view/20260703174201519,2026-07-03,www.ajunews.com,Korean,South Korea,컨테이너,D2_품목,2026-07-03,,0,MEDIUM,Shipping rate recovery,3_Freight
cee0812f72b47bb7c23bcf4ec0c3b307,중동전쟁 장기화에 중소기업 피해 980건,https://n.news.naver.com/mnews/article/448/0000624166?sid=101,2026-07-03,n.news.naver.com,Korean,South Korea,물류비,D9_한국,2026-07-03,,0,MEDIUM,Middle East conflict impact,5_EconFinance
dd4f6f6700c8fa2bd9b9dcdb2382f18b,"""수출중단·결제지연""…중동전쟁 中企 피해 980건",https://n.news.naver.com/mnews/article/003/0014045821?sid=101,2026-07-03,n.news.naver.com,Korean,South Korea,운송지연,D6_교란행위,2026-07-03,,0,MEDIUM,Middle East war impact,5_EconFinance
f20f1d57e960191b53880927de29f801,"""中 합동전투준비태세 순찰·원양 비행훈련 첫 동시 실시""",https://n.news.naver.com/mnews/article/001/0016175031?sid=104,2026-07-03,n.news.naver.com,Korean,South Korea,대만 해협,D1_초크포인트,2026-07-03,,0,MEDIUM,China military posturing,1_Security
0acf10625d2897c8b186f65e108a90f2,KOSPI 200 Closing Price List-3,https://n.news.naver.com/mnews/article/001/0016175162?sid=104,2026-07-03,n.news.naver.com,Korean,South Korea,HMM,D7_행위자,2026-07-03,,0,MEDIUM,Stock market index,5_EconFinance
73c4802a2c5c83344701c76e6bcf52f1,롤러코스터 증시…실적시즌 '옥석가리기' 시작,https://n.news.naver.com/mnews/article/014/0005543417?sid=101,2026-07-03,n.news.naver.com,Korean,South Korea,HMM,D7_행위자,2026-07-03,,0,MEDIUM,Market volatility,5_EconFinance
3e873955fc40773e135348d873bbfaa8,"[뉴스특보] 美 독립기념일에 '맞불'…이란, 하메네이 장례식",https://n.news.naver.com/mnews/article/422/0000881089?sid=104,2026-07-03,n.news.naver.com,Korean,South Korea,파나마 운하,D1_초크포인트,2026-07-03,,0,MEDIUM,Iran geopolitics,1_Security
b53e130705ec5301a4d1a87f58eaf13a,"팬스타그룹-HMM, 북극항로 시범 운항 선박 거래 협의",https://n.news.naver.com/mnews/article/003/0014045740?sid=102,2026-07-03,n.news.naver.com,Korean,South Korea,컨테이너선,D4_운송,2026-07-03,,0,MEDIUM,Arctic route shipping,7_Shipping
f236fabf5406c448e80d1d93b89b8a64,북극항로 시범운항 선박 매입 막바지,https://www.naeil.com/news/read/594128?ref=naver,2026-07-03,www.naeil.com,Korean,South Korea,컨테이너선,D4_운송,2026-07-03,,0,MEDIUM,Arctic route vessel,7_Shipping
aa59ae5c200a392bec0dce8c77190a64,"BPA, 부산항에 첫 안티드론 방패… CSIS가 짚은 '해상 병목 리스크' 선제...",http://www.newsroad.co.kr/news/articleView.html?idxno=61178,2026-07-03,www.newsroad.co.kr,Korean,South Korea,말라카 해협,D1_초크포인트,2026-07-03,,0,MEDIUM,Busan port security,4_PortCargo
c46c91998145372c50d8a003df7d3bbf,"“‘제재 유예’ 이란, 日에 석유 판매 검토 중”",https://n.news.naver.com/mnews/article/011/0004638016?sid=104,2026-07-03,n.news.naver.com,Korean,South Korea,페르시아만,D1_초크포인트,2026-07-03,,0,MEDIUM,Iran oil sanctions,1_Security
137f7ea542b49ab41f74970ac32dde54,"농가 10곳 중 8곳 ""유류비 21% 이상 상승… 2026년 하반기 자재 지원 필...",https://n.news.naver.com/mnews/article/022/0004140376?sid=101,2026-07-03,n.news.naver.com,Korean,South Korea,호르무즈 봉쇄,D1_초크포인트,2026-07-03,,0,MEDIUM,Fuel cost agriculture,10_OtherIndustry
0f14d2e160a3ddbb901c8e5c06ec4fe4,"두바이유 가격, 전쟁 이전 1월 수준까지 하락",http://www.e-platform.net/news/articleView.html?idxno=103553,2026-07-03,www.e-platform.net,Korean,South Korea,OPEC,D7_행위자,2026-07-03,,0,MEDIUM,Oil price decline,5_EconFinance
aeeb62ecaea401fec0996f62bfe0dda5,Oil Prices Steady as U.S.-Iran Talks Ease Supply Fears Ahead of Holiday W...,https://www.econotimes.com/Oil-Prices-Steady-as-US-Iran-Talks-Ease-Supply-Fears-Ahead-of-Holiday-Weekend-1745813,2026-07-03,www.econotimes.com,Korean,South Korea,OPEC,D7_행위자,2026-07-03,,0,MEDIUM,Oil price Iran talks,5_EconFinance
1338c93b1020c4c16499a66a37f6c54d,"""용차비 내다 회사 망한다""…배송 전쟁 속 멍드는 협력사들",https://www.klnews.co.kr/news/articleView.html?idxno=321775,2026-07-03,www.klnews.co.kr,Korean,South Korea,물류 대란,D6_교란행위,2026-07-03,,0,MEDIUM,Shipping cost crisis,3_Freight
f92c59318ee1a71011bf6fee205f64bd,'총허용어획량'에 민어 추가…정치망어업 총량 TAC 도입,https://www.agrinet.co.kr/news/articleView.html?idxno=405393,2026-07-03,www.agrinet.co.kr,Korean,South Korea,제재,D6_교란행위,2026-07-03,,0,LOW,Fishing TAC,
89785297af995978cba41f609011bad9,1520대까지 꺾인 원·달러 환율… “하향 안정” “1600 열어둬야” 전망...,https://n.news.naver.com/mnews/article/022/0004140370?sid=101,2026-07-03,n.news.naver.com,Korean,South Korea,환율,D5_시장지표,2026-07-03,,0,LOW,KRW exchange rate,
e7b0a355e357115db3b5e446a619b418,"달러-원, 뉴욕 휴장 속 1,530원대 초반 등락…엔화 연동에 낙폭 축소",https://news.einfomax.co.kr/news/articleView.html?idxno=4423347,2026-07-03,news.einfomax.co.kr,Korean,South Korea,환율,D5_시장지표,2026-07-03,,0,LOW,KRW exchange rate,
ff0d135c557fee64ae172637e78d18fd,'삼전·닉스 급반등' 멀미 나는 증시...서학개미 다시 증가,https://n.news.naver.com/mnews/article/052/0002374515?sid=101,2026-07-03,n.news.naver.com,Korean,South Korea,환율,D5_시장지표,2026-07-03,,0,LOW,Stock market,
fe5982e4faaff01a11c489bc0a63486b,"""지금은 과매도 구간…코스피 1만1000도 가능"" 낙관 전망",https://n.news.naver.com/mnews/article/003/0014046029?sid=101,2026-07-03,n.news.naver.com,Korean,South Korea,환율,D5_시장지표,2026-07-03,,0,LOW,Stock market,
f14412503e6f8aad9d255979b45ceaa3,"삼전닉스 레버리지, 한달새 212조 몰려…""환율 못잡고 투기 조장""",https://n.news.naver.com/mnews/article/448/0000624220?sid=101,2026-07-03,n.news.naver.com,Korean,South Korea,환율,D5_시장지표,2026-07-03,,0,LOW,Exchange rate,
449da0fb8a32e493ab303034b8a040d1,"중소기업, '고환율 직격탄'…정부, 15조 지원",https://n.news.naver.com/mnews/article/422/0000881311?sid=161,2026-07-03,n.news.naver.com,Korean,South Korea,환율,D5_시장지표,2026-07-03,,0,LOW,SME support,
2fdae3b034a8ab339cf9a01316322ec6,환율은 못 잡고 실탄만?…외환보유액 13위로 하락,https://n.news.naver.com/mnews/article/422/0000881310?sid=161,2026-07-03,n.news.naver.com,Korean,South Korea,환율,D5_시장지표,2026-07-03,,0,LOW,Exchange rate,
037d8577ee5435798a2df6a27d52d788,기관 '반도체 쇼핑'…코스피 8천선 회복,https://n.news.naver.com/mnews/article/422/0000881309?sid=161,2026-07-03,n.news.naver.com,Korean,South Korea,환율,D5_시장지표,2026-07-03,,0,LOW,Stock market,
84c4e2e3f46d3b82f9d21a38f7e44bd5,"수출입은행, 고환율 피해 중소기업에 ‘초저금리 대출’ 긴급 지원",https://www.ekn.kr/web/view.php?key=20260703029349194,2026-07-03,www.ekn.kr,Korean,South Korea,환율,D5_시장지표,2026-07-03,,0,LOW,SME support,
c4e6ee0528f6ab787656e41e1d4e754a,"달러 강세, 2024년 엔 캐리 트레이드 악몽 다시 부르나",http://coinreaders.com/245979,2026-07-03,coinreaders.com,Korean,South Korea,환율,D5_시장지표,2026-07-03,,0,LOW,Exchange rate,
1e2c982d02e1b8d509f836ec2962e578,환율 30원 급락 뒤엔 하이닉스 선물환 매도…당국도 출회 가능성 인정,https://n.news.naver.com/mnews/article/011/0004638008?sid=101,2026-07-03,n.news.naver.com,Korean,South Korea,환율,D5_시장지표,2026-07-03,,0,LOW,Exchange rate,
02e40ea2f9b4a05d856f4a8642ba5d17,하이닉스 선물환 매도설에 환율 30원 ‘뚝’…韓 외환보유액은 13위로 밀...,https://n.news.naver.com/mnews/article/011/0004637969?sid=101,2026-07-03,n.news.naver.com,Korean,South Korea,환율,D5_시장지표,2026-07-03,,0,LOW,,
2c48a253ab454b2e899174e747c3929b,다시 불붙은 '적정 외환보유액' 논란,https://n.news.naver.com/mnews/article/015/0005306080?sid=101,2026-07-03,n.news.naver.com,Korean,South Korea,환율,D5_시장지표,2026-07-03,,0,LOW,,
1890930ba676274b66d2521b310ea0df,"FX스와프, 장단기물 엇갈려…초단기물 달러 잉여 해소",https://news.einfomax.co.kr/news/articleView.html?idxno=4423334,2026-07-03,news.einfomax.co.kr,Korean,South Korea,환율,D5_시장지표,2026-07-03,,0,LOW,,
af113328d678a9de1d672d67d307a495,"고환율 직격탄 맞은 中企 … 정부, 15조 규모 대출·보증",https://n.news.naver.com/mnews/article/009/0005702538?sid=101,2026-07-03,n.news.naver.com,Korean,South Korea,환율,D5_시장지표,2026-07-03,,0,LOW,,
3c8ba130d8cde3e3c6fdf392b4574792,"달러-원, '개입 추정 물량'에 30원 넘게 급락…재경부 ""대응 여력 충분""...",https://news.einfomax.co.kr/news/articleView.html?idxno=4423333,2026-07-03,news.einfomax.co.kr,Korean,South Korea,환율,D5_시장지표,2026-07-03,,0,LOW,,
e9457309d28c358d580d82cbd24816da,"한국씨티은행, 원/달러 환율 1,500원 전망… 외환시장 안정 조치 주목",https://www.tokenpost.kr/news/economy/374844,2026-07-03,www.tokenpost.kr,Korean,South Korea,환율,D5_시장지표,2026-07-03,,0,LOW,,
b35f599c33cf8ffc1f142fbdfe827b01,강달러 약화·엔화 강세·당국 개입… 환율 30원 넘게 급락,https://www.g-enews.com/view.php?ud=202607031644083580bb91c46fcd_1,2026-07-03,www.g-enews.com,Korean,South Korea,환율,D5_시장지표,2026-07-03,,0,LOW,,
e4c32a478b9147b843879af00058cbea,원/달러 환율 1525.6원 마감…석 달 만에 최대 낙폭,https://www.cstimes.com/news/articleView.html?idxno=712214,2026-07-03,www.cstimes.com,Korean,South Korea,환율,D5_시장지표,2026-07-03,,0,LOW,,
de59a75c43512515424a4ad29a23c040,"코스피, 하루만에 반등 8,000선 회복",https://news.bbsi.co.kr/news/articleView.html?idxno=4093004,2026-07-03,news.bbsi.co.kr,Korean,South Korea,환율,D5_시장지표,2026-07-03,,0,LOW,,
cecbd7ed963d81f7a8a07e8abf7e225b,"신한금융지주 2분기도 역대급 실적 추정, 진옥동 리딩금융 탈환은 여전...",https://www.businesspost.co.kr/BP?command=article_view&num=441533,2026-07-03,www.businesspost.co.kr,Korean,South Korea,환율,D5_시장지표,2026-07-03,,0,LOW,,
21ac840231751308b502f1c6356a8834,"[기도산업 IPO]② 몸값 1600억, 업종 멀티플·적자 전환 반영",https://n.news.naver.com/mnews/article/293/0000087205?sid=101,2026-07-03,n.news.naver.com,Korean,South Korea,환율,D5_시장지표,2026-07-03,,0,LOW,,
24de2d6a5d2901b0aebc78189da6d461,역대급 '널뛰기' 장세...7300선까지 밀린 코스피 단숨에 8000 뚫고 급반등,https://biz.newdaily.co.kr/site/data/html/2026/07/03/2026070300167.html,2026-07-03,biz.newdaily.co.kr,Korean,South Korea,환율,D5_시장지표,2026-07-03,,0,LOW,,
0059f3fa43e0de30dc7fe0374a1ee8f8,"""장중 750포인트 널뛰기""... 코스피, 8,000선 탈환",https://www.fntoday.co.kr/news/articleView.html?idxno=387545,2026-07-03,www.fntoday.co.kr,Korean,South Korea,환율,D5_시장지표,2026-07-03,,0,LOW,,
8fea71654f3dfc1720ab5750014598be,"코스피, 장중 3% 급락 뒤 극적 반등…반도체 급등에 8000선 회복",https://www.hidomin.com/news/articleView.html?idxno=711875,2026-07-03,www.hidomin.com,Korean,South Korea,환율,D5_시장지표,2026-07-03,,0,LOW,,
34af7adfde29466e70a15bba120925d5,"롤러코스터 탄 코스피, 급락 하루만에 급반등…5.76% 상승하며 8000선 회...",https://www.livebiz.today/news/articleView.html?idxno=203074,2026-07-03,www.livebiz.today,Korean,South Korea,환율,D5_시장지표,2026-07-03,,0,LOW,,
d50d10549262fbf296a100b1485d7f9b,"기관 순매수에 코스피 5.8%↑ 8,000선 회복...삼전·닉스 급반등",https://n.news.naver.com/mnews/article/052/0002374405?sid=101,2026-07-03,n.news.naver.com,Korean,South Korea,환율,D5_시장지표,2026-07-03,,0,LOW,,
44681ba3f5ae47c50d02582bc73c7b9b,"李 실용외교, 나토·몽골로 확장...안보·경제협력 논의",http://www.00news.co.kr/news/articleView.html?idxno=104912,2026-07-03,www.00news.co.kr,Korean,South Korea,한국 공급망,D9_한국,2026-07-03,,0,LOW,Diplomatic engagement,
cfd1658aff2c4f28806bf48a42603993,"李, 나토 정상회의 첫 참석 … 방산세일즈 나선다",https://n.news.naver.com/mnews/article/009/0005702583?sid=100,2026-07-03,n.news.naver.com,Korean,South Korea,한국 공급망,D9_한국,2026-07-03,,0,LOW,Defense diplomacy,
ffc0eb226bf2c4d92aafe09dfd30e1ba,"현대건설, CO₂ 액화·저장·운송 허브 국책사업 참여…통합 인프라 기...",http://www.ttlnews.com/news/articleView.html?idxno=3122536,2026-07-03,www.ttlnews.com,Korean,South Korea,항만,D3_인프라,2026-07-03,,0,LOW,CCS technology,
7b0e7456377027901a2ce216cbb89d49,"북미 개발·CCS 기술·상생경영, 건설업계 새 성장축 만든다",https://www.pressman.kr/news/articleView.html?idxno=102607,2026-07-03,www.pressman.kr,Korean,South Korea,항만,D3_인프라,2026-07-03,,0,LOW,Construction industry,
d47bc7bad81c6a9e659cea0e652b3b57,"BPA, 전국 항만 첫 안티드론 시스템 구축...""불법 드론 24시간 감시""",https://www.gukjenews.com/news/articleView.html?idxno=3625953,2026-07-03,www.gukjenews.com,Korean,South Korea,항만,D3_인프라,2026-07-03,,0,LOW,Port security,
8b51812a7f2d76fd2b3af6b08a22229f,당진항 개발계획 막판 뒤집히나,http://www.djtimes.co.kr/news/articleView.html?idxno=112530,2026-07-03,www.djtimes.co.kr,Korean,South Korea,항만,D3_인프라,2026-07-03,,0,LOW,Port development,
330e2db3d1b795ab117146ea9c77ee79,"현대건설, CO2 액화공정 개발 국책과제 참여…""탄소중립기술 확보""",https://www.webeconomy.co.kr/news/articleView.html?idxno=2221825,2026-07-03,www.webeconomy.co.kr,Korean,South Korea,항만,D3_인프라,2026-07-03,,0,LOW,Carbon technology,
30721e7bbc060e779df263b503a1b04f,부산항 안티드론 시스템 본격 가동… 불법드론 24시간 감시,http://www.paxetv.com/news/articleView.html?idxno=276394,2026-07-03,www.paxetv.com,Korean,South Korea,항만,D3_인프라,2026-07-03,,0,LOW,Port security,
a512d1d7163cb87d888fdcfadb8d83ee,마약류 X-ray 판독할 전문인력 229명 세관 현장 투입,https://n.news.naver.com/mnews/article/123/0002385912?sid=101,2026-07-03,n.news.naver.com,Korean,South Korea,항만,D3_인프라,2026-07-03,,0,LOW,Customs operations,
65a4ad0263069e7a2320db21f7c646e4,"목포해양대학교, 필리핀상선사관학교 대표단 초청",https://www.newsfreezone.co.kr/news/articleView.html?idxno=697832,2026-07-03,www.newsfreezone.co.kr,Korean,South Korea,항만,D3_인프라,2026-07-03,,0,LOW,Maritime education,
a75b3a17b4bb162853d6fa1590823340,조선 DNA로 해상풍력 키우는 한화오션…풍력 성과는 과제,https://www.kukinews.com/article/view/kuk202607030127,2026-07-03,www.kukinews.com,Korean,South Korea,항만,D3_인프라,2026-07-03,,0,LOW,Offshore wind,
4a711fd33a3ce40338b638ded89016cc,“복합해양사고도 문제없다”…민·관 협업으로 방제 역량 높인다,https://n.news.naver.com/mnews/article/087/0001202989?sid=102,2026-07-03,n.news.naver.com,Korean,South Korea,항만,D3_인프라,2026-07-03,,0,LOW,Marine accident response,
1d277f123ef9297eea957b1e34119d33,"부산항만공사, 전국 항만 첫 안티드론 시스템 가동…부산항 24시간 불법...",http://www.newstown.co.kr/news/articleView.html?idxno=708119,2026-07-03,www.newstown.co.kr,Korean,South Korea,항만,D3_인프라,2026-07-03,,0,LOW,Port security,
28d70b88864ea5c3bd2d173235909c1f,"""지나치는 포구에서 머무는 포구로""",https://www.mediajeju.com/news/articleView.html?idxno=365035,2026-07-03,www.mediajeju.com,Korean,South Korea,항만,D3_인프라,2026-07-03,,0,LOW,Port development,
3a4d6f721c263f97aaa110708bd17fc1,"부산항, 전국 항만 첫 안티드론 시스템 가동…불법 드론 원천 차단",https://n.news.naver.com/mnews/article/629/0000513090?sid=102,2026-07-03,n.news.naver.com,Korean,South Korea,항만,D3_인프라,2026-07-03,,0,LOW,Port security,
3b192b08f7bacb0b655872a2d3a7674b,"BPA, 전국 항만 최초 안티드론 시스템 본격 가동",https://www.hdhy.co.kr/news/articleView.html?idxno=34822,2026-07-03,www.hdhy.co.kr,Korean,South Korea,항만,D3_인프라,2026-07-03,,0,LOW,Port security,
740f26e93a2e61d0a00f4482ae20bac4,"부산항, 전국 항만 최초 안티드론 시스템 본격 가동",https://www.viva100.com/article/20260703500554,2026-07-03,www.viva100.com,Korean,South Korea,항만,D3_인프라,2026-07-03,,0,LOW,Port security,
a534ce6358df7bfca246bccd2915c277,"현대건설, 이산화탄소 액화공정 개발사업 국책과제 참여",https://n.news.naver.com/mnews/article/417/0001150229?sid=101,2026-07-03,n.news.naver.com,Korean,South Korea,항만,D3_인프라,2026-07-03,,0,LOW,Carbon technology,
e7efb9ea56b7d69216b5285133bbd0ab,"부산항, 전국 항만 최초 '안티드론 시스템' 본격 가동",https://www.pointdaily.co.kr/news/articleView.html?idxno=310645,2026-07-03,www.pointdaily.co.kr,Korean,South Korea,항만,D3_인프라,2026-07-03,,0,LOW,Port security,
6592cf202ba111e3cdb8a5d072b6e056,"부산항 불법 드론 원천 봉쇄…BPA, 전국 항만 첫 '안티드론 시스템' 가동",https://www.cnbnews.com/news/articleView.html?idxno=1006904,2026-07-03,www.cnbnews.com,Korean,South Korea,항만,D3_인프라,2026-07-03,,0,LOW,Port security,
f0be8c67823a9d5daaf0d620ec7c2087,"""공장탄소, 액체로 저장·운송"" 현대건설, 탄소중립기술 국산화 나선다",https://www.catchnews.kr/news/articleView.html?idxno=125766,2026-07-03,www.catchnews.kr,Korean,South Korea,항만,D3_인프라,2026-07-03,,0,LOW,Carbon technology,
26fcfecf0ea9e06483d848d830e1dc1c,"현대건설, 기후에너지환경부 주관 국책과제 참여",http://www.enewstoday.co.kr/news/articleView.html?idxno=2445360,2026-07-03,www.enewstoday.co.kr,Korean,South Korea,항만,D3_인프라,2026-07-03,,0,LOW,Carbon technology,
dcb8636004c0728c07eedd3fdfaba265,"현대건설, 탄소 운송 인프라 시장 선점…CCS 국책과제 참여",https://n.news.naver.com/mnews/article/031/0001039676?sid=101,2026-07-03,n.news.naver.com,Korean,South Korea,항만,D3_인프라,2026-07-03,,0,LOW,Carbon technology,
7db6da9b787dd8fe76e4cd54d675a4dd,"현대건설, CO₂ 액화·저장·운송 국책과제 참여…CCS 허브 설계 역량 강...",https://weekly.hankooki.com/news/articleView.html?idxno=7172845,2026-07-03,weekly.hankooki.com,Korean,South Korea,항만,D3_인프라,2026-07-03,,0,LOW,,
881d5d4e6a26bdf229738c910ae97644,"IPA, 내년 인천항 크루즈 입항 131항차 전망…개항來 최대",https://www.ksg.co.kr/news/main_newsView.jsp?pNum=147549,2026-07-03,www.ksg.co.kr,Korean,South Korea,항만,D3_인프라,2026-07-03,,0,LOW,,
aae1999e7cc707b0fe9718b7446f0c15,"현대건설, CO₂ 액화 공정 설계 통합 엔지니어링 맡는다",https://www.fetv.co.kr/news/articleView.html?idxno=305716,2026-07-03,www.fetv.co.kr,Korean,South Korea,항만,D3_인프라,2026-07-03,,0,LOW,,
3732fdd6e05343d475d54dbccf6c6e09,"평택해수청, 여름철 폭염·풍수해비 대비 항만시설 집중 점검",https://www.newspim.com/news/view/20260703000664,2026-07-03,www.newspim.com,Korean,South Korea,항만,D3_인프라,2026-07-03,,0,LOW,,
9dd1cbc6aa802efcf7afe3ec813b3932,"[재생에너지 리부트] 두산에너빌리티, AI 전력수요 해상풍력 카드 부각",https://n.news.naver.com/mnews/article/293/0000087187?sid=101,2026-07-03,n.news.naver.com,Korean,South Korea,항만,D3_인프라,2026-07-03,,0,LOW,,
b23ad1db6643e0a9645064357fe66a73,"현대건설, 이산화탄소 액화·운송 핵심 인프라 기술 개발 국책과제 참여",https://www.betanews.net/article/view/beta202607030052,2026-07-03,www.betanews.net,Korean,South Korea,항만,D3_인프라,2026-07-03,,0,LOW,,
0db2f872a6b84708549aaf00ec4dab43,"현대건설, CO₂ 액화·운송 허브 개발 국책과제 참여…탄소중립 기술 확...",https://www.cstimes.com/news/articleView.html?idxno=712193,2026-07-03,www.cstimes.com,Korean,South Korea,항만,D3_인프라,2026-07-03,,0,LOW,,
6d151d65cbc3c4cb271fb34b50f7358a,인천항만공사 이전 공약 두고 국힘 소속 구청장 갈등 커지나,https://www.incheontoday.com/news/articleView.html?idxno=320837,2026-07-03,www.incheontoday.com,Korean,South Korea,항만,D3_인프라,2026-07-03,,0,LOW,,
5f35b39a6510d0a3b2707364b97920d2,"현대건설, CO₂ 액화·운송 허브 국책과제 참여",https://n.news.naver.com/mnews/article/366/0001176555?sid=101,2026-07-03,n.news.naver.com,Korean,South Korea,항만,D3_인프라,2026-07-03,,0,LOW,,
ff5a93dbbceb5b2d0ab033994cd70a4b,"코스피, 반도체 매수세로 하루 만에 8,000선 회복",https://www.tokenpost.kr/news/market/374907,2026-07-03,www.tokenpost.kr,Korean,South Korea,유가,D5_시장지표,2026-07-03,,0,LOW,Stock market,
2b1e5617c7a9a185344c9d7fd29649d5,"[3일 매매 동향] 시장별, 외국인 및 기관 순매수·순매도 상위종목...외...",https://www.pinpointnews.co.kr/news/articleView.html?idxno=465435,2026-07-03,www.pinpointnews.co.kr,Korean,South Korea,유가,D5_시장지표,2026-07-03,,0,LOW,Stock trading,
5539779c99441dcf535ecb95461e0857,"삼성전자·SK하이닉스 급락 뒤 급반등, 저가 매수세 유입으로 주가 회복",https://www.tokenpost.kr/news/market/374895,2026-07-03,www.tokenpost.kr,Korean,South Korea,유가,D5_시장지표,2026-07-03,,0,LOW,Semiconductor stocks,
35ca02ca6384135aa5508fa5b6e64470,"추석 전 “1인당 30만원 드려요”…“민생지원금 99%, 골목상권에” 효...",https://n.news.naver.com/mnews/article/011/0004638017?sid=102,2026-07-03,n.news.naver.com,Korean,South Korea,유가,D5_시장지표,2026-07-03,,0,LOW,Government subsidy,
5c10a1d56219d174215e45d53d0307fb,"코스피, 반발매수세에 8000선 회복",https://www.betanews.net/article/view/beta202607030073,2026-07-03,www.betanews.net,Korean,South Korea,유가,D5_시장지표,2026-07-03,,0,LOW,Stock market,
7e1b7c4b2e187476ad516e07538fb2fa,"車업계, 개소세 5% 복귀하자 '할인 전쟁'…""최대 400만원 쏜다""",https://www.gpkorea.com/news/articleView.html?idxno=144361,2026-07-03,www.gpkorea.com,Korean,South Korea,유가,D5_시장지표,2026-07-03,,0,LOW,Auto industry,
9ee0c94af8c360e42f282ef16db1575b,"[26.7.3 증시 인싸잇] 코스피, 기관 4조 순매수에 급반등",https://www.mediawatch.kr/news/article.html?no=260284,2026-07-03,www.mediawatch.kr,Korean,South Korea,유가,D5_시장지표,2026-07-03,,0,LOW,Stock market,
d83e9180d1b29aa3a70ea58f72f40e21,"‘나만 무서워?’ 1년 만에 무려 431% 급증…‘레버리지 ETF’, 이렇게 많...",https://n.news.naver.com/mnews/article/016/0002665605?sid=101,2026-07-03,n.news.naver.com,Korean,South Korea,유가,D5_시장지표,2026-07-03,,0,LOW,Investment products,
dc03880532dcffdf20befecfd05bec56,"경유 1,800원대 진입…휘발유도 하락세",https://n.news.naver.com/mnews/article/422/0000881317?sid=101,2026-07-03,n.news.naver.com,Korean,South Korea,유가,D5_시장지표,2026-07-03,,0,LOW,Fuel prices,
e29850850d3c67337152e225fa288d19,개인 손에 들어간 '2천만 원' 고유가 지원금,https://mpmbc.co.kr/NewsArticle/1525967,2026-07-03,mpmbc.co.kr,Korean,South Korea,유가,D5_시장지표,2026-07-03,,0,LOW,Energy subsidies,
2da8f5d1bc48ea0a3867a58a50170a01,"떨어지는 기름값…전국 경유 1,800원대 진입",https://n.news.naver.com/mnews/article/215/0001257559?sid=101,2026-07-03,n.news.naver.com,Korean,South Korea,유가,D5_시장지표,2026-07-03,,0,LOW,Fuel prices,
fd55459ab2e815a2b7ff72b147a1561b,"HD현대오일뱅크, 한국서비스품질지수 주유소 부문 1위 유지",http://www.econonews.co.kr/news/articleView.html?idxno=440660,2026-07-03,www.econonews.co.kr,Korean,South Korea,유가,D5_시장지표,2026-07-03,,0,LOW,Oil refining,
29022bc7aa73b244074adbfe8035766f,코스피 하루 만에 5.76% 폭등… 8000선 탈환,https://www.kbmaeil.com/article/20260703500203,2026-07-03,www.kbmaeil.com,Korean,South Korea,유가,D5_시장지표,2026-07-03,,0,LOW,Stock market,
6c98a70262966cc3481828e28f39b1ae,"백찬규 센터장 ""실적 시즌엔 이익실현, 여름엔 분할매수""…변동성 극복...",https://n.news.naver.com/mnews/article/003/0014045992?sid=101,2026-07-03,n.news.naver.com,Korean,South Korea,유가,D5_시장지표,2026-07-03,,0,LOW,Investment strategy,
e6110e6c9e5b799a80ad045e5a6f96c9,"코스피 사이드카, 역대 91회 중 올해만 31회...변동성 장세 지속",https://www.wolyo.co.kr/news/articleView.html?idxno=314546,2026-07-03,www.wolyo.co.kr,Korean,South Korea,유가,D5_시장지표,2026-07-03,,0,LOW,Market volatility,
884b611dbb65eeba0ac1390b7fa6ead7,219만→204만→245만원…“이게 하이닉스야 코인이야” 비명 터졌다 [내...,https://n.news.naver.com/mnews/article/081/0003658297?sid=101,2026-07-03,n.news.naver.com,Korean,South Korea,유가,D5_시장지표,2026-07-03,,0,LOW,Stock price,
0d24c03c06b7c1e7b036b2df61ad64b9,"""물가상승률 8월이 정점""…3%대 물가 언제까지 이어질까",https://n.news.naver.com/mnews/article/018/0006322113?sid=101,2026-07-03,n.news.naver.com,Korean,South Korea,유가,D5_시장지표,2026-07-03,,0,LOW,Inflation outlook,
37e74f88f8b6b36fbda0c184d47a096a,"""매연 따질 때 아냐"" 러, 연료난에 저등급 휘발유 연말까지 허용",https://n.news.naver.com/mnews/article/421/0009040101?sid=104,2026-07-03,n.news.naver.com,Korean,South Korea,공급부족,D6_교란행위,2026-07-03,,0,LOW,Russian fuel,
7d9cb35a01616f0caf77e63c05b8e1a2,[가락골] 혈세로 농·축산물 수입하는 정책 멈춰야,https://www.chukkyung.co.kr/news/articleView.html?idxno=81807,2026-07-03,www.chukkyung.co.kr,Korean,South Korea,공급부족,D6_교란행위,2026-07-03,,0,LOW,Agricultural imports,
a7f22743b034400d103161287227e120,한·필 해사 교류 활성화...해양 전문인력 공동 양성,https://n.news.naver.com/mnews/article/052/0002374479?sid=102,2026-07-03,n.news.naver.com,Korean,South Korea,선박,D4_운송,2026-07-03,,0,LOW,Maritime cooperation,
0a187e5b0a6783a1743c9e0ca05a8066,"한국가스학회, 11월 대구서 가을학술대회 개최… AI·수소 연구 확산·우...",https://www.energydaily.co.kr/news/articleView.html?idxno=201038,2026-07-03,www.energydaily.co.kr,Korean,South Korea,선박,D4_운송,2026-07-03,,0,LOW,Gas industry conference,
8b7cda87a5a4108de7494ea8d0cad31b,"완도군, 적조·고수온 선제 대응…민·관 합동 방제훈련 전개",https://n.news.naver.com/mnews/article/382/0001281512?sid=102,2026-07-03,n.news.naver.com,Korean,South Korea,선박,D4_운송,2026-07-03,,0,LOW,Coastal disaster prevention,
3dd5d9b107a9096a6532d5577588b2a5,"비트코인(BTC), 쌍바닥 딛고 회복...""국제유가 약세가 반등 촉매제""",http://coinreaders.com/245996,2026-07-03,coinreaders.com,Korean,South Korea,호르무즈 해협,D1_초크포인트,2026-07-03,,0,LOW,Bitcoin recovery,
250da86150c4bc32d33a53c4cc288c6f,"이란, 하메네이 장례식서 '대미 승리' 선언… ""미국, 전쟁 패배 인정하...",https://n.news.naver.com/mnews/article/469/0000940289?sid=104,2026-07-03,n.news.naver.com,Korean,South Korea,호르무즈 해협,D1_초크포인트,2026-07-03,,0,LOW,Iran funeral ceremony,
b78dbb546732948eb12ba85edc9c581d,하메네이 장례식 시작…아들 모즈타바 모습 드러낼까,https://n.news.naver.com/mnews/article/008/0005381311?sid=104,2026-07-03,n.news.naver.com,Korean,South Korea,호르무즈 해협,D1_초크포인트,2026-07-03,,0,LOW,Iran funeral ceremony,
ebe2193ca27139781d351b92ea0e78d6,"이란, 하메네이 장례식 온 각국에 ""美, 전쟁서 패배""",https://n.news.naver.com/mnews/article/421/0009040242?sid=104,2026-07-03,n.news.naver.com,Korean,South Korea,호르무즈 해협,D1_초크포인트,2026-07-03,,0,LOW,Iran political statement,
f18d2a02de49bd8f9318c8aa1db7464a,[호르무즈 리스크③] 해협 길목 막히는데...트럼프 비밀 '단타 통장' 폭...,http://www.00news.co.kr/news/articleView.html?idxno=104918,2026-07-03,www.00news.co.kr,Korean,South Korea,호르무즈 해협,D1_초크포인트,2026-07-03,,0,LOW,Hormuz risk analysis,
378a2d75893a270a7f5b494bcf192bda,"이란 하메네이 '세기의 장례식' 시작…""정권건재 과시·내부 결집""",https://n.news.naver.com/mnews/article/421/0009040163?sid=104,2026-07-03,n.news.naver.com,Korean,South Korea,호르무즈 해협,D1_초크포인트,2026-07-03,,0,LOW,Iran domestic politics,
b1be6dca6d65f3385026d20b64bfc815,일본 6월 LNG 발전 16% 감소…석탄 발전 확대,https://www.tokenpost.kr/news/breaking/374842,2026-07-03,www.tokenpost.kr,Korean,South Korea,호르무즈 해협,D1_초크포인트,2026-07-03,,0,LOW,Japan energy mix,
5fe6ccc6ebbbfaa43bdc2e6acb921095,"대통령의 나토정상회의 참석, 'G7형 외교' 가시화 기회",https://www.korea.kr/news/contributePolicyView.do?newsId=148967338&call_from=naver_news,2026-07-03,www.korea.kr,Korean,South Korea,호르무즈 해협,D1_초크포인트,2026-07-03,,0,LOW,Presidential diplomacy,
7fe394fef4f0cbf469bb6f72233ab024,"청와대 ""美 의회, 쿠팡 일방적 주장만 담아…한미 안보협의에 파장 없게...",https://www.newspim.com/news/view/20260703000637,2026-07-03,www.newspim.com,Korean,South Korea,호르무즈 해협,D1_초크포인트,2026-07-03,,0,LOW,Korea-US relations,
9f7f997d3af3a1e6921c2a96668bd903,"유로존 6월 종합 PMI 50.0·1.5P↑…""3개월 만에 경기축소 벗어나""",https://n.news.naver.com/mnews/article/003/0014046048?sid=104,2026-07-03,n.news.naver.com,Korean,South Korea,봉쇄,D6_교란행위,2026-07-03,,0,LOW,Eurozone PMI data,
42d768f4ba6fcd1ca5099172f2bc4969,"KTR, 한중일 수출기업 인증 지원 네트워크 구축",https://n.news.naver.com/mnews/article/092/0002429230?sid=105,2026-07-03,n.news.naver.com,Korean,South Korea,수출규제,D6_교란행위,2026-07-03,,0,LOW,Export certification,
02ebe3b15f45705bdcd9204a5b682611,"한국 텅스텐, 美·日 '탈중국' 공급망 카드로 동시에 부상",https://n.news.naver.com/mnews/article/018/0006321814?sid=101,2026-07-03,n.news.naver.com,Korean,South Korea,수출규제,D6_교란행위,2026-07-03,,0,LOW,Tungsten supply,
f325ebf5ffa5b0d5ba5a899da6629d5e,"장인화 포스코 회장 승부수…EU 철강 쿼터 벽, '기술·현지화'로 넘는다",https://www.insightkorea.co.kr/news/articleView.html?idxno=249492,2026-07-03,www.insightkorea.co.kr,Korean,South Korea,수출규제,D6_교란행위,2026-07-03,,0,LOW,POSCO EU strategy,
d7c221005f552eba5db7894dc4ca0ef0,"MCS솔루션, 수출 인증 ‘옴니트론 시스템’으로 B2B 시장 공략 본격화",https://www.etoday.co.kr/news/view/2600081,2026-07-03,www.etoday.co.kr,Korean,South Korea,수출규제,D6_교란행위,2026-07-03,,0,LOW,Export certification,
14fc4a936c757afc9bbd0f9458472cf3,"KREI, 비관세장벽 대응 강화해야",https://www.chukkyung.co.kr/news/articleView.html?idxno=81790,2026-07-03,www.chukkyung.co.kr,Korean,South Korea,수출규제,D6_교란행위,2026-07-03,,0,LOW,Trade barriers,
194c1782d469f34656d7dabb943b2d15,"美 고용부진·엔화 강세···원·달러 환율, 1540원대로 '뚝'",https://www.seoulfn.com/news/articleView.html?idxno=632586,2026-07-03,www.seoulfn.com,Korean,South Korea,원달러환율,D9_한국,2026-07-03,,0,LOW,,
fcd68ce20646d2670cb62f2fd5a9966e,"코스피, 1.20% 오른 7739.75 출발…삼전닉스 강세",http://www.beyondpost.co.kr/view.php?ud=202607030931052394be44c0aacd_30,2026-07-03,www.beyondpost.co.kr,Korean,South Korea,원달러환율,D9_한국,2026-07-03,,0,LOW,,
34c565e6ae1ab1c261c876b6d11855a7,"[서울데이터랩] 코스닥, 반도체 부담에 장초반 약세…851.38로 1.77% 하락",https://n.news.naver.com/mnews/article/081/0003658091?sid=101,2026-07-03,n.news.naver.com,Korean,South Korea,원달러환율,D9_한국,2026-07-03,,0,LOW,,
39c4a17396cf33ff7cf4f404005c341b,"삼성바이오, 2분기 실적좋다?…속사정 알면 ""글쎄""",https://www.widedaily.com/news/articleView.html?idxno=296924,2026-07-03,www.widedaily.com,Korean,South Korea,원달러환율,D9_한국,2026-07-03,,0,LOW,,
5443173d1a4e12d192df3aa91a27c80e,"[서울데이터랩]코스피, 전날 급락 딛고 장 초반 반등…반도체주 강세에...",https://n.news.naver.com/mnews/article/081/0003658090?sid=101,2026-07-03,n.news.naver.com,Korean,South Korea,원달러환율,D9_한국,2026-07-03,,0,LOW,,
ca51bca6b107ff8fa47189164eafc7d9,상승폭 줄어든 코스피,https://n.news.naver.com/mnews/article/421/0009038841?sid=101,2026-07-03,n.news.naver.com,Korean,South Korea,원달러환율,D9_한국,2026-07-03,,0,LOW,,
85dc8b83720260b11f68941a1ed3c488,코스피 상승 출발 후 혼조…코스닥 약세 전환 [개장시황],https://www.ekn.kr/web/view.php?key=20260703023228903,2026-07-03,www.ekn.kr,Korean,South Korea,원달러환율,D9_한국,2026-07-03,,0,LOW,,
218add3f873d0f97cbe947655611ddc6,지난달 외환보유액 4273억달러… 전월 比 3억7000만달러↑,https://www.pointdaily.co.kr/news/articleView.html?idxno=310552,2026-07-03,www.pointdaily.co.kr,Korean,South Korea,원달러환율,D9_한국,2026-07-03,,0,LOW,,
d2e530643841a97e991237757957d35e,美 고용 쇼크에 환율 상승세 '제동'...10원 넘게 '급락',https://n.news.naver.com/mnews/article/215/0001257459?sid=101,2026-07-03,n.news.naver.com,Korean,South Korea,원달러환율,D9_한국,2026-07-03,,0,LOW,,
91fd59570de67aa3e70888f35ce92764,"코스피, 저가 매수세 유입에 상승 출발…코스닥은 하락 전환",https://www.youthdaily.co.kr/news/article.html?no=222215,2026-07-03,www.youthdaily.co.kr,Korean,South Korea,원달러환율,D9_한국,2026-07-03,,0,LOW,,
645fd98fa94eebcd83436827e5618a6d,다시 코스피 하락,https://www.newspim.com/news/view/20260703000212,2026-07-03,www.newspim.com,Korean,South Korea,원달러환율,D9_한국,2026-07-03,,0,LOW,,
38dc40a20d3e27eee5d7a31600adeef7,코스피 하락·SK하이닉스·삼성전자 상승,https://www.newspim.com/news/view/20260703000213,2026-07-03,www.newspim.com,Korean,South Korea,원달러환율,D9_한국,2026-07-03,,0,LOW,,
6267d0ae52cc58e2d42c6e99fc8833b0,에너지 보조금이 독…동남아 '약한 고리' 된 인니,https://n.news.naver.com/mnews/article/015/0005306108?sid=104,2026-07-03,n.news.naver.com,Korean,South Korea,원유,D2_품목,2026-07-03,,0,LOW,Energy subsidies,
8d6ebd2c5c64b6b3a93832d3a3de39b2,동남아 엄습한 재정위기 공포,https://n.news.naver.com/mnews/article/015/0005306092?sid=104,2026-07-03,n.news.naver.com,Korean,South Korea,원유,D2_품목,2026-07-03,,0,LOW,Regional fiscal crisis,
1dc0fb496356ba0886808e30612a79a2,"[로드픽] 정부 원료 지키자 기업 가격 내렸다… 공급망 위기, 산업 현장...",http://www.newsroad.co.kr/news/articleView.html?idxno=61179,2026-07-03,www.newsroad.co.kr,Korean,South Korea,원유,D2_품목,2026-07-03,,0,LOW,Supply chain crisis,
0780094fe630ba359d4807a98c733c9f,"한화토탈에너지스, 중소업체 상생 협력... 내수 공급망 · 민생 물가 안...",https://www.todayenergy.kr/news/articleView.html?idxno=299930,2026-07-03,www.todayenergy.kr,Korean,South Korea,원유,D2_품목,2026-07-03,,0,LOW,Supply chain cooperation,
c14655048e8ba061a6975c504744a626,"캐나다 총리, 아시아 시장 겨냥 송유관 건설 추진",https://n.news.naver.com/mnews/article/052/0002374368?sid=104,2026-07-03,n.news.naver.com,Korean,South Korea,원유,D2_품목,2026-07-03,,0,LOW,Canada pipeline,
e6ec9e6cb8b5dccb2f2d95c063fd823f,"캐나다 총리, 송유관 건설 추진…아시아 수출 확대",https://n.news.naver.com/mnews/article/374/0000519854?sid=104,2026-07-03,n.news.naver.com,Korean,South Korea,원유,D2_품목,2026-07-03,,0,LOW,Canada pipeline,
b97a11241df9da65e93f1fd951881a55,"민형배 전남광주특별시, 800조 반도체는 있는데…여수 이차전지는 어디...",https://www.polinews.co.kr/news/articleView.html?idxno=735975,2026-07-03,www.polinews.co.kr,Korean,South Korea,석유화학,D2_품목,2026-07-03,,0,LOW,Battery industry,
514535079fe725ee04e2c90e70d44c7b,"현대건설, 기후부 주관 'CO₂ 전처리·액화·벙커링 허브 실증 기술개발...",http://www.econonews.co.kr/news/articleView.html?idxno=440662,2026-07-03,www.econonews.co.kr,Korean,South Korea,석유화학,D2_품목,2026-07-03,,0,LOW,Carbon technology,
b5330eba5f0025cac6996dbeba9cafc2,"반도체 독주 속…산업계 ""하반기 더 춥다""",https://n.news.naver.com/mnews/article/422/0000881294?sid=101,2026-07-03,n.news.naver.com,Korean,South Korea,석유화학,D2_품목,2026-07-03,,0,LOW,Semiconductor outlook,
d1eb9942f36248d0b447dc8afff5b330,"정부, 영남권 312조 첨단산업 투자 뒷받침... ""세계 제조업 1위로""",https://www.meconomynews.com/news/articleView.html?idxno=132502,2026-07-03,www.meconomynews.com,Korean,South Korea,석유화학,D2_품목,2026-07-03,,0,LOW,Regional investment,
fa1b29c9e752b33e5c61899e078497e1,"현대차그룹, 영남권에 10년간 42조 투자···근원적 체질개선 나서",http://www.finomy.com/news/articleView.html?idxno=256814,2026-07-03,www.finomy.com,Korean,South Korea,석유화학,D2_품목,2026-07-03,,0,LOW,Corporate investment,
b411019ec42262bdfd8f1492162d4a91,"마지막은 ""영남"" 우주항공 거점으로 키운다…312조 투자",https://n.news.naver.com/mnews/article/437/0000499400?sid=100,2026-07-03,n.news.naver.com,Korean,South Korea,석유화학,D2_품목,2026-07-03,,0,LOW,Regional development,
201ea9182bc67fe42486d5f49c28df5f,"영남 찾은 이 대통령, 첨단산업 투자에 ""과감한 패키지 지원 추진할 것...",https://n.news.naver.com/mnews/article/469/0000940277?sid=100,2026-07-03,n.news.naver.com,Korean,South Korea,석유화학,D2_품목,2026-07-03,,0,LOW,Industrial policy,
96963c66c3cae677764fe1ae0c2ffe3a,한화-DL 여수1호 ‘동상이몽’…여천NCC 통합 평행선,https://www.sentv.co.kr/article/view/sentv202607030053,2026-07-03,www.sentv.co.kr,Korean,South Korea,석유화학,D2_품목,2026-07-03,,0,LOW,Petrochemical merger,
84e8b0346a4aaffc2235796888ebfc88,"영남권 312조 투자…李대통령 ""한국 넘어 세계 제조업 1위로""",https://n.news.naver.com/mnews/article/002/0002447221?sid=100,2026-07-03,n.news.naver.com,Korean,South Korea,석유화학,D2_품목,2026-07-03,,0,LOW,Regional investment,
f1b3d5a1d6caa58753c8801dd08ba5c1,"영남권 312조원 투자....李대통령 ""영남, 차세대 첨단산업 태동지로""",http://www.hansbiz.co.kr/news/articleView.html?idxno=848190,2026-07-03,www.hansbiz.co.kr,Korean,South Korea,석유화학,D2_품목,2026-07-03,,0,LOW,Regional investment,
ec57e91db52148dbbac20a3bf5e0e5ef,"李 대통령 ""영남, 한국 제조업 거점…첨단 산업 선도할 것""",https://www.wolyo.co.kr/news/articleView.html?idxno=314553,2026-07-03,www.wolyo.co.kr,Korean,South Korea,석유화학,D2_품목,2026-07-03,,0,LOW,Manufacturing policy,
69f3f77f260dfaefc07824bd31312b89,자동차·조선 '대체로 맑음'‥석유화학 '비',https://www.usmbc.co.kr/NewsArticle/849149,2026-07-03,www.usmbc.co.kr,Korean,South Korea,석유화학,D2_품목,2026-07-03,,0,LOW,,
7757b8962cb9e5b4a696ac75bf9950cc,"[대한민국 리빌딩③] 영남이 다시 뛴다···삼성·SK·현대차·한화, '제...",https://www.seoulfn.com/news/articleView.html?idxno=632656,2026-07-03,www.seoulfn.com,Korean,South Korea,석유화학,D2_품목,2026-07-03,,0,LOW,,
cd6b4194c3e44b23e2e578f2511b3085,"사람 대신 반도체·로봇 소재 택했다···석화업계, 불황 속 '첨단소재...",https://www.sisajournal-e.com/news/articleView.html?idxno=422184,2026-07-03,www.sisajournal-e.com,Korean,South Korea,석유화학,D2_품목,2026-07-03,,0,LOW,,
03d36191d0a75d578a21f05fd86a6de5,"한국, 독자 위성망 승부수…5년마다 최대 13조 투입",https://n.news.naver.com/mnews/article/374/0000519910?sid=101,2026-07-03,n.news.naver.com,Korean,South Korea,머스크,D7_행위자,2026-07-03,,0,LOW,,
58379f254334415280e4feb6aea4873f,2백만t 물을 혼자 '펑펑'...수십만 평 농사 어쩌나,https://n.news.naver.com/mnews/article/660/0000112467?sid=102,2026-07-03,n.news.naver.com,Korean,South Korea,공급 차단,D6_교란행위,2026-07-03,,0,LOW,Agricultural water,
ae15863653550fd5398285199c51a553,고온다습 날씨에 병해충 출몰...유입 차단 주의,https://www.agrinet.co.kr/news/articleView.html?idxno=405359,2026-07-03,www.agrinet.co.kr,Korean,South Korea,공급 차단,D6_교란행위,2026-07-03,,0,LOW,Crop disease,
080dd01180db486465ce91f1511e02f5,양식업 비중 더 커졌다…1인당 수산물 소비량은 전년보다 0.2kg 증가,https://www.aflnews.co.kr/news/articleView.html?idxno=323733,2026-07-03,www.aflnews.co.kr,Korean,South Korea,수산물,D8_수산물,2026-07-03,,0,LOW,Seafood consumption,
d3bb2237d58272a6286dea2f781caa9d,"서울시농수산식품공사, 수산물 방사능 검사기관 공식 지정받아",https://www.gukjenews.com/news/articleView.html?idxno=3625854,2026-07-03,www.gukjenews.com,Korean,South Korea,수산물,D8_수산물,2026-07-03,,0,LOW,Seafood safety,
9afb3bbb1e2dbaf3510895d1ffab4545,"신안군, 수산종자 방류 및 어초투하 '황금어장' 조성",https://www.newsfreezone.co.kr/news/articleView.html?idxno=697837,2026-07-03,www.newsfreezone.co.kr,Korean,South Korea,수산물,D8_수산물,2026-07-03,,0,LOW,Fishing resources,
ac72c0ef6beb8153e17ce499db041657,"신안군, 안좌~하의 해역에 조피볼락 85만 마리 방류",https://www.ajunews.com/view/20260703163544406,2026-07-03,www.ajunews.com,Korean,South Korea,수산물,D8_수산물,2026-07-03,,0,LOW,Fishing resources,
7bd3d5da32e04c67969adf8792f1ee6b,"인천 남동구, 소래포구 수산물 음식 경연대회 참가자 모집...8월 7일까지...",https://www.kmaeil.com/news/articleView.html?idxno=644325,2026-07-03,www.kmaeil.com,Korean,South Korea,수산물,D8_수산물,2026-07-03,,0,LOW,Seafood event,
fc2329e61dd2db95ddaf54ed00f501e3,"인천 남동구, 2026년 소래포구 수산물 음식 경연대회 참가자 모집 실시",https://kpenews.com/View.aspx?No=4136228,2026-07-03,kpenews.com,Korean,South Korea,수산물,D8_수산물,2026-07-03,,0,LOW,Seafood event,
96130582ffe09567b65aefe84323b23c,"서울시농수산식품공사, 수산물 방사능 안전성검사기관 공식 지정",https://www.pointdaily.co.kr/news/articleView.html?idxno=310626,2026-07-03,www.pointdaily.co.kr,Korean,South Korea,수산물,D8_수산물,2026-07-03,,0,LOW,Seafood safety,
dee20a6f02e13d0030ed42ccce623505,"고려아연, WEF서 '핵심광물 공급망' 해법 제시…자원순환 경쟁력 부각",https://www.ezyeconomy.com/news/articleView.html?idxno=237104,2026-07-03,www.ezyeconomy.com,Korean,South Korea,에너지안보,D9_한국,2026-07-03,,0,LOW,Critical minerals,
ddd321b1ce2e453ebfda4c54e69f9f6b,"독일 검찰 ""노르트스트림 폭파, 우크라 정부 지시""(종합)",https://n.news.naver.com/mnews/article/001/0016175528?sid=104,2026-07-03,n.news.naver.com,Korean,South Korea,천연가스,D2_품목,2026-07-03,,0,LOW,,
0019d2efb788378883023560a4a6657f,"독일 검찰 “노르트스트림 폭파, 우크라 정부 지시 따른 공작” 결론",https://n.news.naver.com/mnews/article/032/0003456012?sid=104,2026-07-03,n.news.naver.com,Korean,South Korea,천연가스,D2_품목,2026-07-03,,0,LOW,,
b35d5a978bc6fa72d9ffa59894a72106,"독일 검찰 ""노르트스트림 가스관 폭파, 우크라 정부 지시로 판단""",https://n.news.naver.com/mnews/article/421/0009040281?sid=104,2026-07-03,n.news.naver.com,Korean,South Korea,천연가스,D2_품목,2026-07-03,,0,LOW,,
64e7f0930053e46af3f2a17d2dfad6de,"독일 검찰 ""노르트스트림 폭파, 우크라 정부 지시""",https://n.news.naver.com/mnews/article/055/0001369546?sid=104,2026-07-03,n.news.naver.com,Korean,South Korea,천연가스,D2_품목,2026-07-03,,0,LOW,,
494a38ae31bec109d671bb4669c84302,"동해 가스전, 채취권 만료로 폐광산 전환…후속활용은 '미지수'",https://www.asiatoday.co.kr/kn/view.php?key=20260703010001354,2026-07-03,www.asiatoday.co.kr,Korean,South Korea,천연가스,D2_품목,2026-07-03,,0,LOW,,
6827ebbd7c4e05565593d3851afefcd1,“기업 뛰는데 정책은 제자리”…탈탄소 엇박자에 속타는 철강업계,https://www.mediapen.com/news/view/1108077,2026-07-03,www.mediapen.com,Korean,South Korea,천연가스,D2_품목,2026-07-03,,0,LOW,,
4c1198f51cfef847702e9c4f706fdf82,"[차이나워치] 中, 대만 문제 美에 재경고…민족단결법 논란 확산",https://n.news.naver.com/mnews/article/422/0000881250?sid=104,2026-07-03,n.news.naver.com,Korean,South Korea,수출 제한,D6_교란행위,2026-07-03,,0,LOW,China-Taiwan tensions,
1b083fd37cf9ca341dc4b4c524c8d6de,"AI 화물 특수 언제까지? ""항공업계, 포트폴리오 다변화 모색해야""",https://www.econovill.com/news/articleView.html?idxno=744248,2026-07-03,www.econovill.com,Korean,South Korea,운임,D4_운송,2026-07-03,,0,LOW,Airline cargo trends,
af53a3277d62c91a841dd30a08f9218d,"포스코, 에너지 품고 미래 승부수…3년간 16.7조 투자",https://www.mdtoday.co.kr/news/articleView.html?idxno=603541,2026-07-03,www.mdtoday.co.kr,Korean,South Korea,희토류,D2_품목,2026-07-03,,0,LOW,POSCO energy investment,
a8a2bf502f5d448d4880ca997f23a2c2,"장인화 포스코 회장 ""철강 넘어 국가대표 자원 공급자로""···'트리플 코...",http://www.finomy.com/news/articleView.html?idxno=256811,2026-07-03,www.finomy.com,Korean,South Korea,희토류,D2_품목,2026-07-03,,0,LOW,POSCO strategy,
9df11450c13a448ee8bbfcc5885b8acb,"한화토탈에너지스, PE·PP 가격 최대 톤당 20만원 인하…중소 고객사 부...",https://www.shinailbo.co.kr/news/articleView.html?idxno=5037309,2026-07-03,www.shinailbo.co.kr,Korean,South Korea,나프타,D2_품목,2026-07-03,,0,LOW,Polymer pricing,
05a9003b07df61befde537de1bea3c1d,"한화토탈, 제품 공급가 t당 최대 20만원↓…""정부 정책 협조""",https://www.m-i.kr/news/articleView.html?idxno=1388141,2026-07-03,www.m-i.kr,Korean,South Korea,나프타,D2_품목,2026-07-03,,0,LOW,Polymer pricing,
11d0cab7eec55690e980922af2e10dbc,"SK지오센트릭, 폴리머 공급가 톤당 20만원 인하",http://www.e2news.com/news/articleView.html?idxno=331988,2026-07-03,www.e2news.com,Korean,South Korea,나프타,D2_품목,2026-07-03,,0,LOW,Polymer pricing,
b0c4e30a0362ff43088c507380592f6a,여천NCC '짠물 다이어트' 첩첩산중,http://www.srtimes.kr/news/articleView.html?idxno=206719,2026-07-03,www.srtimes.kr,Korean,South Korea,나프타,D2_품목,2026-07-03,,0,LOW,,
93701ebaae52d5b90278e217ab687685,"한화토탈에너지스, 주요 수지 제품 가격 인하…고객사 상생 협력 강화",https://www.ccdailynews.com/news/articleView.html?idxno=2425900,2026-07-03,www.ccdailynews.com,Korean,South Korea,나프타,D2_품목,2026-07-03,,0,LOW,,
15d4a5f190d9fb3e3407e2d9634c5d80,"[석유화학 & Now] 한화토탈에너지스, PE·PP 최대 20만원 인하 등",https://www.ebn.co.kr/news/articleView.html?idxno=1715074,2026-07-03,www.ebn.co.kr,Korean,South Korea,나프타,D2_품목,2026-07-03,,0,LOW,,
2837f54e7192ac61a22df11f733f8144,LG화학-GS칼텍스 통합..LG 2공장 유력,https://ysmbc.co.kr/NewsArticle/1525949,2026-07-03,ysmbc.co.kr,Korean,South Korea,나프타,D2_품목,2026-07-03,,0,LOW,,
8287e9d2b8c5725072cf234ccafa491d,"한화토탈, 고객사 제품 납품가격 톤당 최대 20만원 인하",http://www.e2news.com/news/articleView.html?idxno=331981,2026-07-03,www.e2news.com,Korean,South Korea,나프타,D2_품목,2026-07-03,,0,LOW,,
bfb4d4c60f280ccb8d799881d14d571a,"한화토탈에너지스, 주요 수지 제품 t당 최대 20만원 인하",https://n.news.naver.com/mnews/article/277/0005785317?sid=101,2026-07-03,n.news.naver.com,Korean,South Korea,나프타,D2_품목,2026-07-03,,0,LOW,,
a147cf9efb0a1abe85b3f9a4f4e4d8c2,"[TOP's Pick] [중후장대] 한화, AI 우주강국 위해 2040년까지 55조원 투자...",https://www.topdaily.kr/articles/110830,2026-07-03,www.topdaily.kr,Korean,South Korea,나프타,D2_품목,2026-07-03,,0,LOW,,
927efe6c6caeeed52ab060f6b38f4d37,"한화·한화솔루션, 우주항공·AI산업에 55조 투자...주요 석유화학제품...",http://www.wsobi.com/news/articleView.html?idxno=314726,2026-07-03,www.wsobi.com,Korean,South Korea,나프타,D2_품목,2026-07-03,,0,LOW,,
08b1f0120bcd3ae42de5c2976dce5867,"한화토탈에너지스, 주요 수지 제품 가격 인하…협력사 상생",http://www.smedaily.co.kr/news/articleView.html?idxno=359769,2026-07-03,www.smedaily.co.kr,Korean,South Korea,나프타,D2_품목,2026-07-03,,0,LOW,,
fa432ffc20f337edf1c562cde6f60b92,"한화토탈에너지스, PE·PP 가격 인하…중소 고객사 부담 완화",https://www.polinews.co.kr/news/articleView.html?idxno=735911,2026-07-03,www.polinews.co.kr,Korean,South Korea,나프타,D2_품목,2026-07-03,,0,LOW,,
4e6cc78995df195ccb5f3070de0d5654,"한화토탈에너지스, 고객사 제품 납품 톤당 최대 20만원 인하",https://www.sentv.co.kr/article/view/sentv202607030090,2026-07-03,www.sentv.co.kr,Korean,South Korea,나프타,D2_품목,2026-07-03,,0,LOW,,
ffbe6331e31b671376c874369e95cc42,[뉴스토마토프라임] 엇갈리는 채권금리 시그널,http://www.newstomato.com/ReadNews.aspx?no=1306107&inflow=N,2026-07-03,www.newstomato.com,Korean,South Korea,컨테이너,D2_품목,2026-07-03,,0,LOW,,
3de0a73067e1d21b6fde5d649b581754,제주-칭다오 경제협력 확대 모색…경제무역포럼 개최,https://www.headlinejeju.co.kr/news/articleView.html?idxno=595482,2026-07-03,www.headlinejeju.co.kr,Korean,South Korea,컨테이너,D2_품목,2026-07-03,,0,LOW,,
93b82e2136c413b8f6366baef1687fec,고환율에 중소·중견기업 14조9000억원 긴급 지원,https://n.news.naver.com/mnews/article/022/0004140313?sid=101,2026-07-03,n.news.naver.com,Korean,South Korea,컨테이너,D2_품목,2026-07-03,,0,LOW,,
7d4b28b5cdebf6e4f980ad45c88ef214,"BPA, 불법 드론 차단으로 항만 보안과 운영 안정성 강화",https://daily.hankooki.com/news/articleView.html?idxno=1382687,2026-07-03,daily.hankooki.com,Korean,South Korea,컨테이너,D2_품목,2026-07-03,,0,LOW,,
475ba25f457e5203b03d5b88f791c907,"""양배추 가격폭락에 벼랑 끝""···청주 농민들, 밭 갈아엎어",https://www.agrinet.co.kr/news/articleView.html?idxno=405410,2026-07-03,www.agrinet.co.kr,Korean,South Korea,비료,D2_품목,2026-07-03,,0,LOW,,
56cbb714cc9b3a83ba3ffaa348939448,농산물값 폭락·농자재비 폭등에··· 눈물로 갈아엎은 양배추밭,http://www.ikpnews.net/news/articleView.html?idxno=70867,2026-07-03,www.ikpnews.net,Korean,South Korea,비료,D2_품목,2026-07-03,,0,LOW,,
ca124b542852b2bb1bdf559a608228e3,중국 비료시장 ‘제품 판매’에서 ‘솔루션 제공’으로 판 커진다,http://dream.kotra.or.kr/kotranews/cms/news/actionKotraBoardDetail.do?SITE_NO=3&MENU_ID=180&CONTENTS_NO=1&bbsGbn=243&bbsSn=243&pNttSn=242553,2026-07-03,dream.kotra.or.kr,Korean,South Korea,비료,D2_품목,2026-07-03,,0,LOW,,
3175dc5182fcc3a03dbabb50a7b37e83,지난해 배추·무 수입 증가…1년 새 400% 육박,https://www.aflnews.co.kr/news/articleView.html?idxno=323738,2026-07-03,www.aflnews.co.kr,Korean,South Korea,옥수수,D2_품목,2026-07-03,,0,LOW,Agricultural imports,
7ada86334c81d0249081ee8ed5c0a23d,"정기선이 픽한 HD현대 '아비커스', “엔비디아와도 협업 확대”",https://n.news.naver.com/mnews/article/018/0006322273?sid=101,2026-07-03,n.news.naver.com,Korean,South Korea,해운,D4_운송,2026-07-03,,0,LOW,,
97c82d3d58a64b79c3f96ec2108b09de,"임도형 아비커스 대표 ""선박 자율운항, 선택 아닌 필수…탄소세 본격화...",https://n.news.naver.com/mnews/article/018/0006322272?sid=101,2026-07-03,n.news.naver.com,Korean,South Korea,해운,D4_운송,2026-07-03,,0,LOW,,
ac1613aab621249f8f7a7444702f7579,"“칭다오 항로, 새 도정도 유지해야”…제주도는 어떻게?",https://n.news.naver.com/mnews/article/056/0012211494?sid=101,2026-07-03,n.news.naver.com,Korean,South Korea,해운,D4_운송,2026-07-03,,0,LOW,,
9a41df8daba0e7ab18933592ddf95e00,"""제주-칭다오 항로 전략적 가치 크다""",https://jejumbc.com/NewsArticle/849180,2026-07-03,jejumbc.com,Korean,South Korea,해운,D4_운송,2026-07-03,,0,LOW,,
36243544e9d79e9bfdeef182ea0b9eb0,"한국선급, 런던서 제21차 유럽위원회 개최…AI·탈탄소 기술 협력 논의",https://www.etoday.co.kr/news/view/2600193,2026-07-03,www.etoday.co.kr,Korean,South Korea,해운,D4_운송,2026-07-03,,0,LOW,,
c9e0d8ee9fe07763949cc62baa6dd69a,"KR, 런던서 제21차 유럽위원회…해사 기술 교류 강화·신임 의장 선임",https://www.cnbnews.com/news/articleView.html?idxno=1006931,2026-07-03,www.cnbnews.com,Korean,South Korea,해운,D4_운송,2026-07-03,,0,LOW,,
f498e21ad30750dfa5b3cd65fa17bd23,"KR, 유럽 해사업계와 미래 기술 논의···런던서 KREC 개최",https://daily.hankooki.com/news/articleView.html?idxno=1382761,2026-07-03,daily.hankooki.com,Korean,South Korea,해운,D4_운송,2026-07-03,,0,LOW,,
6b4ec7d7996fb61058989a42c9d321f9,유럽 해사업계와 해운 탄소중립 공조…AI·디지털 전환 논의,https://www.energy-news.co.kr/news/articleView.html?idxno=226576,2026-07-03,www.energy-news.co.kr,Korean,South Korea,해운,D4_운송,2026-07-03,,0,LOW,,
41ac3ca338496d6b40d426b763b65328,"한국선급, 신임 유럽委 의장에 빔코 아론 쇠렌센 선임",https://www.ksg.co.kr/news/main_newsView.jsp?pNum=147552,2026-07-03,www.ksg.co.kr,Korean,South Korea,해운,D4_운송,2026-07-03,,0,LOW,,
ede4f4ea03295ccd51e2f56b36194717,"CJ제일제당 비비고 새우야채볶음밥, 美 Prop65 통지 대상 올라",https://www.wolyo.co.kr/news/articleView.html?idxno=314558,2026-07-03,www.wolyo.co.kr,Korean,South Korea,새우,D8_수산물,2026-07-03,,0,LOW,Food safety,
a516f1400b1f498669a45fb480ab4f89,"CJ제일제당, 美 Prop65 통지에 비비고 시험대…납 경고 표시 이슈 부상",https://www.upkoreanews.kr/news/articleView.html?idxno=99133,2026-07-03,www.upkoreanews.kr,Korean,South Korea,새우,D8_수산물,2026-07-03,,0,LOW,Food safety,
23122f1da9b772bf314556df6617ad08,"서귀포시, 여성어업인 특화건강검진비 지원",https://www.newsjeju.net/news/articleView.html?idxno=422900,2026-07-03,www.newsjeju.net,Korean,South Korea,어업,D8_수산물,2026-07-03,,0,LOW,Fishing industry,
cb7b8ae405d0ceff86bb6e7099f37ca3,전 세계 해수면 온도 기록 경신···“폭염·폭우·해양 생태계 피해 우...,https://n.news.naver.com/mnews/article/032/0003455978?sid=102,2026-07-03,n.news.naver.com,Korean,South Korea,어업,D8_수산물,2026-07-03,,0,LOW,Ocean temperature,
a140443ebf17595f857fd63685c53bf4,"낙동강에 어린연어 30만 마리 방류…수산자원공단, 생태복원사업 본격 ...",http://www.breaknews.com/1218977,2026-07-03,www.breaknews.com,Korean,South Korea,어업,D8_수산물,2026-07-03,,0,LOW,Fishery resources,
91f9ac470279c843da89da55214ca202,"해경, ​​서귀포 먼바다 외국인 환자 긴급 이송",https://n.news.naver.com/mnews/article/056/0012211560?sid=102,2026-07-03,n.news.naver.com,Korean,South Korea,어선,D8_수산물,2026-07-03,,0,LOW,Maritime rescue,
a7f91b4eda0b550b36d266a65d330a4d,금어기 풀린 멸치 조업 재개..어장 풍년에도 ′걱정′,https://mbcgn.kr/01_new/new01_view.asp?idx=409360,2026-07-03,mbcgn.kr,Korean,South Korea,어선,D8_수산물,2026-07-03,,0,LOW,Fishing operations,
26f7c5779189b4a1ba9591727b36629a,제주도 해상에서 응급 환자 잇따라...해경 긴급 이송,https://n.news.naver.com/mnews/article/661/0000079270?sid=102,2026-07-03,n.news.naver.com,Korean,South Korea,어선,D8_수산물,2026-07-03,,0,LOW,Maritime rescue,
e01b224b575f2aced2b4491bf7d83682,'어선원보험' 신규 가입 시 인센티브···구명조끼는 필수 착용,https://www.agrinet.co.kr/news/articleView.html?idxno=405394,2026-07-03,www.agrinet.co.kr,Korean,South Korea,어선,D8_수산물,2026-07-03,,0,LOW,Fishing safety,
fdadb13b18e80f2c4a70408d139a9c3e,"어민들 ""금어기 권역별로 조정…낚시어선 규제 강화해야""",https://www.agrinet.co.kr/news/articleView.html?idxno=405392,2026-07-03,www.agrinet.co.kr,Korean,South Korea,어선,D8_수산물,2026-07-03,,0,LOW,Fishing regulations,
6d1af4fa67f1c9b9a4c713fb375d6a0d,"군산해경, 미신고 낚시영업 혐의 선장 적발",https://n.news.naver.com/mnews/article/056/0012211398?sid=102,2026-07-03,n.news.naver.com,Korean,South Korea,어선,D8_수산물,2026-07-03,,0,LOW,Fishing enforcement,
7a7d3f32d0a27390f5200f367121572e,계란값 치솟자 “차라리 비싸고 좋은 거 사자”…백화점서 ‘난각번호...,https://n.news.naver.com/mnews/article/011/0004637839?sid=101,2026-07-03,n.news.naver.com,Korean,South Korea,물류비,D9_한국,2026-07-03,,0,LOW,Egg price inflation,
cfc8020bf151142fa667438aacce2a2a,"CJ대한통운 건설부문, 옛 서울극장 부지에 프라임급 오피스 조성",https://www.bizwork.co.kr/news/articleView.html?idxno=417102,2026-07-03,www.bizwork.co.kr,Korean,South Korea,CJ대한통운,D7_행위자,2026-07-03,,0,LOW,Real estate development,
ca6a8abdce30c76cfe8e313e3388fed7,"CJ대한통운 건설부문, 옛 서울극장 부지 오피스빌등으로 재개발",https://hbnpress.com/news/view/1065594101611758,2026-07-03,hbnpress.com,Korean,South Korea,CJ대한통운,D7_행위자,2026-07-03,,0,LOW,Real estate development,
679c883173917d8487fdb8e740c2eb94,"옛 서울극장 부지, 26층 대형 업무시설로…CJ대한통운 건설부문 재개발...",https://n.news.naver.com/mnews/article/081/0003658207?sid=101,2026-07-03,n.news.naver.com,Korean,South Korea,CJ대한통운,D7_행위자,2026-07-03,,0,LOW,Real estate development,
c79632f68e59c3b8b969e4b665dd944b,"미국 조선업 재건, 한국 조선사 수혜는",https://www.greened.kr/news/articleView.html?idxno=344145,2026-07-03,www.greened.kr,Korean,South Korea,탱커,D4_운송,2026-07-03,,0,LOW,US shipbuilding,
8c540155cd3e66681e4d61f5895df71d,"캐나다, 아시아행 송유관 추진…미국 의존도 축소 목표",https://www.tokenpost.kr/news/breaking/374763,2026-07-03,www.tokenpost.kr,Korean,South Korea,송유관,D3_인프라,2026-07-03,,0,LOW,Canada pipeline,
ee3b8ac74a0565d01a65de553bc48100,"캐나다 총리, B.C. 유조선 금지 지지…앨버타 송유관안은 검토",https://www.tokenpost.kr/news/breaking/374671,2026-07-03,www.tokenpost.kr,Korean,South Korea,송유관,D3_인프라,2026-07-03,,0,LOW,Canada tanker policy,
6c17584331c71fe651d6124cff2019f7,"쿠웨이트, 70억달러 송유관 지분 매각 입찰에 컨소시엄 구성 요구",https://www.tokenpost.kr/news/breaking/374634,2026-07-03,www.tokenpost.kr,Korean,South Korea,송유관,D3_인프라,2026-07-03,,0,LOW,Kuwait pipeline,
c3dc5a62cfb9ffa88647f7fd40ed937a,"""李임기내 가능하려면.."" 서남권 반도체 '용수' 확보, 어떻게 하나",https://n.news.naver.com/mnews/article/052/0002374256?sid=101,2026-07-03,n.news.naver.com,Korean,South Korea,석유저장,D3_인프라,2026-07-03,,0,LOW,Semiconductor water,
21e032417a8c8db8a735ba427dfc021b,"고유가에 ‘칩플레이션’까지…컴퓨터 물가, 휘발유만큼 올랐다",https://n.news.naver.com/mnews/article/056/0012210903?sid=101,2026-07-03,n.news.naver.com,Korean,South Korea,석유저장,D3_인프라,2026-07-03,,0,LOW,Oil price inflation,
de97bb0e1835dc28ce6334a12e338c09,"HJ중공업, 조선·건설 양축에 속도…군산조선소·공공수주로 성장판 넓...",https://sateconomy.co.kr/news/view/1065603846832401,2026-07-03,sateconomy.co.kr,Korean,South Korea,컨테이너선,D4_운송,2026-07-03,,0,LOW,Shipbuilder expansion,
38b2e8428456e68afb0e98687ec63810,[하반기 산업 기상도] 반도체ㆍ자동차ㆍ조선 등 ‘맑음’…석화만 ‘비...,https://www.dnews.co.kr/uhtml/view.jsp?idxno=202607021142473370704,2026-07-03,www.dnews.co.kr,Korean,South Korea,호르무즈 봉쇄,D1_초크포인트,2026-07-03,,0,LOW,Industry outlook,
99b046d860486a6d91ed866398c90eb1,"日 이스턴카라이너, 신조선 앞세워 美 중량물운송 경쟁력 강화",https://www.ksg.co.kr/news/main_newsView.jsp?pNum=147508,2026-07-03,www.ksg.co.kr,Korean,South Korea,화주서비스,D9_한국,2026-07-03,,0,LOW,Japanese shipping competition,
64a939d4410f2302cd062fcc737036a3,"[강천석 칼럼] 호남 반도체, 정책 壽命 5년 넘을까",https://n.news.naver.com/mnews/article/023/0003985599?sid=110,2026-07-03,n.news.naver.com,Korean,South Korea,제재,D6_교란행위,2026-07-03,,0,NONE,,
a1a8ea53fc2f6eb9ea075eb923ef8b31,"EU, 나발니 독살 물질 개발 관여 러시아인 6명 제재",https://n.news.naver.com/mnews/article/052/0002374532?sid=104,2026-07-03,n.news.naver.com,Korean,South Korea,제재,D6_교란행위,2026-07-03,,0,NONE,,
15a22c549e9c038945f325b19d3f6225,"""금감원에 허위보고""..한국양계농협 임직원 무더기 제재",http://www.4th.kr/news/articleView.html?idxno=2114221,2026-07-03,www.4th.kr,Korean,South Korea,제재,D6_교란행위,2026-07-03,,0,NONE,,
39b4d95f75532ef6d50be48c4bc4e250,[태평로] 배재고 스타벅스 응원 논란에서 놓친 것,https://n.news.naver.com/mnews/article/023/0003985597?sid=110,2026-07-03,n.news.naver.com,Korean,South Korea,제재,D6_교란행위,2026-07-03,,0,NONE,,
dc24e5eccfac0ef247c4f33f07352a8f,"친러 우크라 재벌 노린 모나코 테러…인터폴, 우크라 용의자 수배",https://n.news.naver.com/mnews/article/056/0012211582?sid=104,2026-07-03,n.news.naver.com,Korean,South Korea,제재,D6_교란행위,2026-07-03,,0,NONE,,
28880a110ffe8e7238c18d3e2785daf8,"친러 재벌 노린 모나코 테러...인터폴, 우크라이나 여성 수배",https://n.news.naver.com/mnews/article/052/0002374518?sid=104,2026-07-03,n.news.naver.com,Korean,South Korea,제재,D6_교란행위,2026-07-03,,0,NONE,,
91bd8598c5bc5aa5729475ed14317e90,"""특약 소멸 누락·보험금 과소지급""..악사손보 등 과징금",http://www.4th.kr/news/articleView.html?idxno=2114218,2026-07-03,www.4th.kr,Korean,South Korea,제재,D6_교란행위,2026-07-03,,0,NONE,,
b8b5186abaccd40eebd494fae38caaa4,"""보험 갈아타기 616건 비교안내 미흡""..글로벌금융판매 과태료 5.4억",http://www.4th.kr/news/articleView.html?idxno=2114219,2026-07-03,www.4th.kr,Korean,South Korea,제재,D6_교란행위,2026-07-03,,0,NONE,,
8ea9e617baa8a1e64d91f0b8f32ecee9,한국 축구 심폐 소생 작업 이영표 박지성 나선다,https://n.news.naver.com/mnews/article/056/0012211587?sid=102,2026-07-03,n.news.naver.com,Korean,South Korea,제재,D6_교란행위,2026-07-03,,0,NONE,,
a84fba60dd841a75274704cf2edb2e1c,"친러 우크라 재벌 노린 모나코 테러…인터폴, 우크라女 수배(종합)",https://n.news.naver.com/mnews/article/001/0016175522?sid=104,2026-07-03,n.news.naver.com,Korean,South Korea,제재,D6_교란행위,2026-07-03,,0,NONE,,
f600d9ab38b75915296e9d57a5576937,“한국 정부가 축협 행정에 개입하면 FIFA 징계로 국제대회서 퇴출될 수...,https://www.wikitree.co.kr/articles/1144671,2026-07-03,www.wikitree.co.kr,Korean,South Korea,제재,D6_교란행위,2026-07-03,,0,NONE,,
16a737c640af50d9e365096d9c558d61,사무실 1곳에 법인은 2개…‘쪼개기’ 입찰 의혹,https://n.news.naver.com/mnews/article/056/0012211493?sid=101,2026-07-03,n.news.naver.com,Korean,South Korea,제재,D6_교란행위,2026-07-03,,0,NONE,,
c537c2f9d2999ff195468d43ee6089f3,[따져보니] '허위' 판정기구 없는데…일단 시행부터?,https://n.news.naver.com/mnews/article/448/0000624212?sid=100,2026-07-03,n.news.naver.com,Korean,South Korea,제재,D6_교란행위,2026-07-03,,0,NONE,,
7a137c4383e6b20c801e01c9f0e583fc,한국 축구 심폐 소생 작업 이영표·박지성 나선다,https://n.news.naver.com/mnews/article/056/0012211440?sid=102,2026-07-03,n.news.naver.com,Korean,South Korea,제재,D6_교란행위,2026-07-03,,0,NONE,,
67cf598f62d1751ce3782197be773469,[단독] ③ 대구 새마을금고 '절반 이상 적자'···부실 도미노 '경고등...,https://n.news.naver.com/mnews/article/657/0000053032?sid=101,2026-07-03,n.news.naver.com,Korean,South Korea,제재,D6_교란행위,2026-07-03,,0,NONE,,
8ce4ff4349b8f29e4efdedf7cf34e1d7,[이로운비판]쿠팡 보고서가 만든 한미 갈등…'기업 주장'이 정부 비판의...,https://www.eroun.net/news/articleView.html?idxno=84631,2026-07-03,www.eroun.net,Korean,South Korea,제재,D6_교란행위,2026-07-03,,0,NONE,,
d696a1e88fcd555b03318f7ba7747958,"미 법집행단체도 갈렸다…클래리티 법안, 상원 표결 변수로",https://www.tokenpost.kr/news/policy/374870,2026-07-03,www.tokenpost.kr,Korean,South Korea,제재,D6_교란행위,2026-07-03,,0,NONE,,
ba7aa25a3123a788e49843ebb6d71fca,"백악관 ""한국 정부가 쿠팡 표적 삼아, 깊이 우려""…청와대 반박",https://n.news.naver.com/mnews/article/057/0001956872?sid=104,2026-07-03,n.news.naver.com,Korean,South Korea,제재,D6_교란행위,2026-07-03,,0,NONE,,
7b1e56a266d98e57b592a88a14011965,"교황청, '가톨릭 극우' 성 비오 10세회 17년 만에 '다시 파문'",https://www.g-enews.com/view.php?ud=202607031955223552c5fa75ef86_1,2026-07-03,www.g-enews.com,Korean,South Korea,제재,D6_교란행위,2026-07-03,,0,NONE,,
110160a5eea125ba18bd87f7ca3736a8,개인정보 유출 신고부터 손해배상까지 ‘원스톱 구제’ 시스템 만든다,https://n.news.naver.com/mnews/article/020/0003731421?sid=102,2026-07-03,n.news.naver.com,Korean,South Korea,제재,D6_교란행위,2026-07-03,,0,NONE,,
219de3256ec3572eb1c75a4ef25bda46,'모나코 폭탄 테러' 용의자는 39세 우크라 여성…인터폴 적색수배,https://n.news.naver.com/mnews/article/421/0009040251?sid=104,2026-07-03,n.news.naver.com,Korean,South Korea,제재,D6_교란행위,2026-07-03,,0,NONE,,
cdba5b9520d1b35110852686e1fd3a54,모나코서 '친러 우크라인' 겨냥 테러…용의자는 우크라女,https://www.g-enews.com/view.php?ud=202607031930003852c5fa75ef86_1,2026-07-03,www.g-enews.com,Korean,South Korea,제재,D6_교란행위,2026-07-03,,0,NONE,,
24c5ea45ed01fad50c521309ab335f58,"주목! 7월 7일 시행 ""정보통신망법 = 입틀막법?!""",https://www.ilyoseoul.co.kr/news/articleView.html?idxno=519410,2026-07-03,www.ilyoseoul.co.kr,Korean,South Korea,제재,D6_교란행위,2026-07-03,,0,NONE,,
bc130de5ea86cf2b0dac0802389da509,"[단독] 악사손보, 보험료 부당수령 등 적발...금감원 제재",https://www.dailybrief.co.kr/news/articleView.html?idxno=6255,2026-07-03,www.dailybrief.co.kr,Korean,South Korea,제재,D6_교란행위,2026-07-03,,0,NONE,,
2a47dccd66037b9a950f490f0f159df7,교황 반대에도 주교 서품 강행한 '성 비오 10세회' 파문 선고,https://news.cpbc.co.kr/article/1174118?division=NAVER,2026-07-03,news.cpbc.co.kr,Korean,South Korea,제재,D6_교란행위,2026-07-03,,0,NONE,,
9779bf0b0062468ea40e8e152a65ace2,쓰리핏 유산균 다이어트…캐시워크 돈버는퀴즈 정답 공개,https://www.gametoc.co.kr/news/articleView.html?idxno=109727,2026-07-03,www.gametoc.co.kr,Korean,South Korea,제재,D6_교란행위,2026-07-03,,0,NONE,,
4db0c264b72fb535f89ffb7cb8c4dabf,"백악관까지 뻗친 '쿠팡 로비'…""용납 안 해"" 국가적 갈등으로",https://n.news.naver.com/mnews/article/437/0000499402?sid=104,2026-07-03,n.news.naver.com,Korean,South Korea,제재,D6_교란행위,2026-07-03,,0,NONE,,
47c03a812d4245abb72c64839574635a,"""약관 부당처리 손보사에 과징금 2900만원 부과""",https://www.dailybrief.co.kr/news/articleView.html?idxno=6254,2026-07-03,www.dailybrief.co.kr,Korean,South Korea,제재,D6_교란행위,2026-07-03,,0,NONE,,
24feed7380b23796b125ee116d8ef07a,"개인정보위, AI 개인정보 규제 '위험 비례'로 전환",https://n.news.naver.com/mnews/article/030/0003444358?sid=105,2026-07-03,n.news.naver.com,Korean,South Korea,제재,D6_교란행위,2026-07-03,,0,NONE,,
7bc8f9d5da6f8979bd386bb8d8313908,"MBK파트너스, 사모펀드 첫 중징계 위기 : 메디컬투데이TV",https://www.mdtoday.co.kr/news/articleView.html?idxno=603653,2026-07-03,www.mdtoday.co.kr,Korean,South Korea,제재,D6_교란행위,2026-07-03,,0,NONE,,
84dec714be62daccc5eb831cf9fd5356,‘징계 수위’ 논란에 정치·사법화된 배재고 사태…“혐오 재발 방지 ...,https://n.news.naver.com/mnews/article/032/0003456003?sid=102,2026-07-03,n.news.naver.com,Korean,South Korea,제재,D6_교란행위,2026-07-03,,0,NONE,,
fef2f848641a409a7dad0d245cd172da,친러 우크라 재벌 노린 모나코 테러…용의자는 우크라 여성,https://n.news.naver.com/mnews/article/001/0016175422?sid=104,2026-07-03,n.news.naver.com,Korean,South Korea,제재,D6_교란행위,2026-07-03,,0,NONE,,
cf1d584056a75f2e23bbe9263977e209,'아이스크림 담합' 두고 신동빈 등 상대 주주대표소송…첫 변론기일,https://n.news.naver.com/mnews/article/008/0005381291?sid=102,2026-07-03,n.news.naver.com,Korean,South Korea,제재,D6_교란행위,2026-07-03,,0,NONE,,
7a3f748005dcf606eaeb14449209796d,이젠 카톡 오픈채팅에서도 입조심···정통망법 7일 시행,https://www.womaneconomy.co.kr/news/articleView.html?idxno=255800,2026-07-03,www.womaneconomy.co.kr,Korean,South Korea,제재,D6_교란행위,2026-07-03,,0,NONE,,
e039405beae34ca054b418f7e98dc159,e커머스 뜨는데 무대책 일관…실패로 끝난 韓 최대 '메가 딜',https://n.news.naver.com/mnews/article/015/0005306098?sid=101,2026-07-03,n.news.naver.com,Korean,South Korea,제재,D6_교란행위,2026-07-03,,0,NONE,,
4ceba88d2519665b1643f6357ba8e45f,"백악관까지 “이재명 정부 쿠팡 표적 차별”…정부, 이틀 연속 반박 나...",https://n.news.naver.com/mnews/article/028/0002812614?sid=100,2026-07-03,n.news.naver.com,Korean,South Korea,제재,D6_교란행위,2026-07-03,,0,NONE,,
618ba068280ec74a942ad492a1284159,대형사 주식매매규정 위반…금투사 내부통제 허술,https://n.news.naver.com/mnews/article/011/0004637976?sid=101,2026-07-03,n.news.naver.com,Korean,South Korea,제재,D6_교란행위,2026-07-03,,0,NONE,,
9ecb94fe925f0f60f40181b9749f7a76,'박스갈이' 짝퉁 공기청정기 필터 6만9천점 밀수·유통 적발,https://www.taxtimes.co.kr/news/article.html?no=275850,2026-07-03,www.taxtimes.co.kr,Korean,South Korea,제재,D6_교란행위,2026-07-03,,0,NONE,,
cc0d7e6c16562a5bd42203e3f5576396,[공공돋보기] 엇나간 부정이 남긴 과제,http://www.00news.co.kr/news/articleView.html?idxno=104911,2026-07-03,www.00news.co.kr,Korean,South Korea,제재,D6_교란행위,2026-07-03,,0,NONE,,
f43254d82748f88e974b3d5ae8ec1d4e,"한국 축구 현 상황을 본 日 매체의 우려…""정부 개입하면 FIFA에 징계 가...",http://www.stoo.com/article.php?aid=107537527203,2026-07-03,www.stoo.com,Korean,South Korea,제재,D6_교란행위,2026-07-03,,0,NONE,,
25fe7a43bde2264d59a909d48202d01d,홈플러스 회생절차 결국 폐지…MBK 중징계와 겹쳐 이중 타격,http://www.dailypop.kr/news/articleView.html?idxno=100294,2026-07-03,www.dailypop.kr,Korean,South Korea,제재,D6_교란행위,2026-07-03,,0,NONE,,
2e1b7be2d26ee25a322331e2823135e7,"靑 ""쿠팡 차별적 대처 없다…'표적 조사' 사실과 달라""",https://n.news.naver.com/mnews/article/031/0001039717?sid=100,2026-07-03,n.news.naver.com,Korean,South Korea,제재,D6_교란행위,2026-07-03,,0,NONE,,
0694f945d72f48af7d9592464f1c2bc1,"시민사회 ""미국 쿠팡 왜곡 보고서 폐기·내정간섭 중단해야""",https://www.ngonews.kr/news/articleView.html?idxno=232193,2026-07-03,www.ngonews.kr,Korean,South Korea,제재,D6_교란행위,2026-07-03,,0,NONE,,
e511272678c42824231c720731e5d03c,홈플러스 운명 2주 안에…MBK 보증 없인 파산,https://www.newspim.com/news/view/20260703000894,2026-07-03,www.newspim.com,Korean,South Korea,제재,D6_교란행위,2026-07-03,,0,NONE,,
cfed9b926067e1eaf43671388008717b,"헝가리 집권당 의원 ""배터리 공장 환경오염 감독하는 기구 신설 예정"", ...",https://www.businesspost.co.kr/BP?command=article_view&num=441546,2026-07-03,www.businesspost.co.kr,Korean,South Korea,제재,D6_교란행위,2026-07-03,,0,NONE,,
6ffca53aff2e7d640e7e31c53c86993f,"메리츠금융 ""MBK파트너스는 홈플러스 회생에 책임 있는 자세 보여야""",https://www.businesspost.co.kr/BP?command=article_view&num=441549,2026-07-03,www.businesspost.co.kr,Korean,South Korea,제재,D6_교란행위,2026-07-03,,0,NONE,,
b7e49e8d4d7714d94f9fbd688f5aa589,"“난민 사역 교회들, 소속감과 역량 강화 공간으로 발전해 나가야”",https://www.christiantoday.co.kr/news/376035,2026-07-03,www.christiantoday.co.kr,Korean,South Korea,제재,D6_교란행위,2026-07-03,,0,NONE,,
0e6a6f22263419348460048d774ccdb8,"[이슈] ""기술기업 성장 돕고 회계 투명성 높인다""…거래소, 코스닥 지원...",http://www.paxetv.com/news/articleView.html?idxno=276350,2026-07-03,www.paxetv.com,Korean,South Korea,제재,D6_교란행위,2026-07-03,,0,NONE,,
25eb261873b195394797cf43cd3c1340,"홈플러스 파산 수순에 노동계 반발…""정부 방관이 만든 재난""",https://www.incheonilbo.com/news/articleView.html?idxno=1326528,2026-07-03,www.incheonilbo.com,Korean,South Korea,제재,D6_교란행위,2026-07-03,,0,NONE,,
5ad352224bb655ddfa5fa291674b3962,정부 “피지컬 AI·에이전틱 AI대응 개인정보 보호 기준 마련”,http://www.boannews.com/media/view.asp?idx=144485&kind=2,2026-07-03,www.boannews.com,Korean,South Korea,제재,D6_교란행위,2026-07-03,,0,NONE,,
4c0c8f30ecfd0624df726397698f202a,[백영옥의 밑줄 사용법] 거울치료도 안 통하는 …'진상' 과잉 시대,https://n.news.naver.com/mnews/article/009/0005702520?sid=110,2026-07-03,n.news.naver.com,Korean,South Korea,제재,D6_교란행위,2026-07-03,,0,NONE,,
c5af1304819fc1752be51be61476e830,"""주택 전문성보다 실행력""···이성훈 LH 사장 낙점 배경",https://www.sisajournal-e.com/news/articleView.html?idxno=422169,2026-07-03,www.sisajournal-e.com,Korean,South Korea,제재,D6_교란행위,2026-07-03,,0,NONE,,
69e0d5fd9c5fbd1a0ca035cc41fcf580,"“참교육에 열광하는 사회”⋯무너진 교권, 해법은 따로 있다 [T 같은 F...",https://www.etoday.co.kr/news/view/2600145,2026-07-03,www.etoday.co.kr,Korean,South Korea,제재,D6_교란행위,2026-07-03,,0,NONE,,
c6f74c9a9c45b6ad5ebadac0d0f4cee1,배재고 '5·18 조롱' 후폭풍…학교 밖으로 번진 이념 갈등,https://www.ntoday.co.kr/news/articleView.html?idxno=127994,2026-07-03,www.ntoday.co.kr,Korean,South Korea,제재,D6_교란행위,2026-07-03,,0,NONE,,
e033fceaa314b0af70ec372f4c1ec95e,[그물에 갇힌 인권] “전쟁판에 누가”…해외 파견 꺼리는 평양 주민들,https://www.dailynk.com/20260703-5,2026-07-03,www.dailynk.com,Korean,South Korea,제재,D6_교란행위,2026-07-03,,0,NONE,,
9d640b03cb373a2cbc36f6c3dcb34683,'교사 10명 고소·살해 협박 수사' 1년째 제자리,https://www.jejumaeil.net/news/articleView.html?idxno=402440,2026-07-03,www.jejumaeil.net,Korean,South Korea,제재,D6_교란행위,2026-07-03,,0,NONE,,
a3c361c1167bc6be74a8c2e50db2b857,"""한국, 월드컵 탈락 이어 FIFA 징계 위기?"" 日 매체 우려...""정부 개입 땐...",https://m.sports.naver.com/worldcup2026/article/109/0005565155,2026-07-03,m.sports.naver.com,Korean,South Korea,제재,D6_교란행위,2026-07-03,,0,NONE,,
2cc90abbbcd070db4065dd20e5c18729,美 백악관 '국정원-쿠팡 230회 밀착' 정조준···청와대는 동문서답 왜...,https://www.womaneconomy.co.kr/news/articleView.html?idxno=255756,2026-07-03,www.womaneconomy.co.kr,Korean,South Korea,제재,D6_교란행위,2026-07-03,,0,NONE,,
577d3609e0691ec2b06cb96359e6f7d3,"홈플러스, 2주 안에 2000억원 못 구하면 파산",https://n.news.naver.com/mnews/article/586/0000133015?sid=101,2026-07-03,n.news.naver.com,Korean,South Korea,제재,D6_교란행위,2026-07-03,,0,NONE,,
b41b6614278353ccb756b3552e062786,"野, 배재고 ‘6개월 출전 정지’에 “가혹한 연좌제적 처벌”",https://n.news.naver.com/mnews/article/022/0004140336?sid=100,2026-07-03,n.news.naver.com,Korean,South Korea,제재,D6_교란행위,2026-07-03,,0,NONE,,
14d723befd5c92ad7877dedba1428ea4,"[채널Who] K리그 시민구단에 올해만 1511억 투입, 축구협회 '공적재원 30...",https://www.businesspost.co.kr/BP?command=article_view&num=441520,2026-07-03,www.businesspost.co.kr,Korean,South Korea,제재,D6_교란행위,2026-07-03,,0,NONE,,
44c533f55ea5e02e88ed38316d674fb5,"백악관까지 나선 쿠팡 논란, 통상 갈등으로 키워선 안돼 [논설실의 관점...",https://n.news.naver.com/mnews/article/022/0004140334?sid=110,2026-07-03,n.news.naver.com,Korean,South Korea,제재,D6_교란행위,2026-07-03,,0,NONE,,
4be4665ac3c62f18599279c34e6594a9,"전산사고·불완전판매 의혹 겹친 키움증권, 내부통제 '흔들'",https://www.topdaily.kr/articles/110831,2026-07-03,www.topdaily.kr,Korean,South Korea,제재,D6_교란행위,2026-07-03,,0,NONE,,
e5ce86d2218033ec2c56f9a1a0d72429,"앤트로픽, 중국 기업 클로드 무단 접속 차단에 '안간힘'",https://n.news.naver.com/mnews/article/055/0001369515?sid=104,2026-07-03,n.news.naver.com,Korean,South Korea,제재,D6_교란행위,2026-07-03,,0,NONE,,
c887967f50ddd8e93fb15361f1cf45c1,"불성실공시 벌점 10점이면 '상폐 심사'…거래소, 코스닥 제재 강화",https://n.news.naver.com/mnews/article/629/0000513074?sid=101,2026-07-03,n.news.naver.com,Korean,South Korea,제재,D6_교란행위,2026-07-03,,0,NONE,,
6cd9a500571c53930cb11a3624c5052d,"모스 탄, 법정에서 “누워서 침 뱉기, 미국의 제재 부를 것”…출국정지...",https://n.news.naver.com/mnews/article/032/0003455990?sid=102,2026-07-03,n.news.naver.com,Korean,South Korea,제재,D6_교란행위,2026-07-03,,0,NONE,,
fd52b8bbe60ac5f03d5d0574a319a57a,[정치셀럽] 미군 군악대에서 정치 유튜버로… ‘문도날드’가 말하는 대...,https://www.mediawatch.kr/news/article.html?no=260287,2026-07-03,www.mediawatch.kr,Korean,South Korea,환율,D5_시장지표,2026-07-03,,0,NONE,,
989f2505a62faab74d864dffe6b6d6de,원·달러 환율 30.2원 급락…12거래일 만에 최저,https://www.econovill.com/news/articleView.html?idxno=744246,2026-07-03,www.econovill.com,Korean,South Korea,환율,D5_시장지표,2026-07-03,,0,NONE,,
6b0821e4740fce554290ce01e69f62ba,고환율 중소기업 지원···14조9천 억 긴급수혈,https://www.ktv.go.kr/content/view?content_id=757441,2026-07-03,www.ktv.go.kr,Korean,South Korea,환율,D5_시장지표,2026-07-03,,0,NONE,,
602157514027926e4f3c4a7cc03dfc80,"치솟던 환율, 브레이크 잡혔다…30원 넘게 하락",https://n.news.naver.com/mnews/article/031/0001039724?sid=101,2026-07-03,n.news.naver.com,Korean,South Korea,환율,D5_시장지표,2026-07-03,,0,NONE,,
ce74ac84f619b7b867874400b36ac762,"실시간 외환거래 혁신: 에프엑스원, 플랫폼 서비스 시작",https://www.tokenpost.kr/news/economy/374855,2026-07-03,www.tokenpost.kr,Korean,South Korea,환율,D5_시장지표,2026-07-03,,0,NONE,,
e0f3dd0a3a9d3e169df5a87efe9d8154,[금융] KB국민은행 지역 상생 오픈스토어 / 하나금융 대학생 홍보대사 ...,https://www.webeconomy.co.kr/news/articleView.html?idxno=2221818,2026-07-03,www.webeconomy.co.kr,Korean,South Korea,환율,D5_시장지표,2026-07-03,,0,NONE,,
de8eccb9bbf1868bfe43c47c569ec52c,IRS 금리 소폭 상승…국채선물 대비 다소 약한 모습,https://news.einfomax.co.kr/news/articleView.html?idxno=4423343,2026-07-03,news.einfomax.co.kr,Korean,South Korea,환율,D5_시장지표,2026-07-03,,0,NONE,,
8c2f8caa22eb26a5b568c5388937c8da,[채권-마감] 약보합…주가 반등에 화들짝·환율 급락에 안도,https://news.einfomax.co.kr/news/articleView.html?idxno=4423342,2026-07-03,news.einfomax.co.kr,Korean,South Korea,환율,D5_시장지표,2026-07-03,,0,NONE,,
d01d3b8cb2b3f3e96775d2a79ec2b063,[이슈체크] 6일부터 외환시장 24시간 개방…환율 변동성 더 커질까?,https://n.news.naver.com/mnews/article/374/0000519914?sid=101,2026-07-03,n.news.naver.com,Korean,South Korea,환율,D5_시장지표,2026-07-03,,0,NONE,,
43176f15c87d11d08da17fbd09a82688,"재경부 차관보 ""24시 환시 대비 야간 모니터링 강화""…추가 개입 가능성...",https://news.einfomax.co.kr/news/articleView.html?idxno=4423341,2026-07-03,news.einfomax.co.kr,Korean,South Korea,환율,D5_시장지표,2026-07-03,,0,NONE,,
26eece83b77cbed045e2887c0d70beb3,보조금 첫날 가격 올린 테슬라…기후부 '불똥',https://n.news.naver.com/mnews/article/374/0000519912?sid=101,2026-07-03,n.news.naver.com,Korean,South Korea,환율,D5_시장지표,2026-07-03,,0,NONE,,
e926ff5cc8b92724aa920645f78c64d7,롯데관광개발 실적 전망 상향…카지노 매출 증가세 반영,http://www.lawissue.co.kr/view.php?ud=202607031823491873204ead0791_12,2026-07-03,www.lawissue.co.kr,Korean,South Korea,환율,D5_시장지표,2026-07-03,,0,NONE,,
fcf5b87fab9525d3d7b0a4d2db33e6c5,"수은, 고환율 피해 중소기업에 ‘초저금리 대출’ 긴급 지원",https://www.dnews.co.kr/uhtml/view.jsp?idxno=202607031222308230845,2026-07-03,www.dnews.co.kr,Korean,South Korea,환율,D5_시장지표,2026-07-03,,0,NONE,,
e922490aed20d12e98e80f75e730959c,"코스피 하루 만에 8,000선 회복…'삼전닉스' 급등",https://n.news.naver.com/mnews/article/422/0000881272?sid=101,2026-07-03,n.news.naver.com,Korean,South Korea,환율,D5_시장지표,2026-07-03,,0,NONE,,
bdfc4b49ec4961685ade9e1b13f4676f,달러 물량 쏟아지자 30원 넘게 하락…1525.6원에 마감,https://n.news.naver.com/mnews/article/016/0002665567?sid=101,2026-07-03,n.news.naver.com,Korean,South Korea,환율,D5_시장지표,2026-07-03,,0,NONE,,
ef1df132a7d4a469545571b94ee343a4,"수은, 고환율 피해 중소기업에 3000억원 초저금리 대출",https://n.news.naver.com/mnews/article/119/0003107860?sid=101,2026-07-03,n.news.naver.com,Korean,South Korea,환율,D5_시장지표,2026-07-03,,0,NONE,,
9b67774feb051084d4d33c47b282ed37,삼전닉스 약세에도…中·日 반도체 ETF 수익률 '선방' 눈길,https://news.einfomax.co.kr/news/articleView.html?idxno=4423340,2026-07-03,news.einfomax.co.kr,Korean,South Korea,환율,D5_시장지표,2026-07-03,,0,NONE,,
46adcc50783aff9d7e60fb1bf2793dff,'현기증' 코스피 8천선 탈환…환율 엿새 만에 1520원대,https://n.news.naver.com/mnews/article/374/0000519898?sid=101,2026-07-03,n.news.naver.com,Korean,South Korea,환율,D5_시장지표,2026-07-03,,0,NONE,,
65ce4784428013aab82e21e789e7cd0f,외환시장 24시간 열린다…하반기 환율 상단 1600원?,https://n.news.naver.com/mnews/article/374/0000519899?sid=101,2026-07-03,n.news.naver.com,Korean,South Korea,환율,D5_시장지표,2026-07-03,,0,NONE,,
7246096843224b3bb5890f488de7f6ab,"'다이어트' 효과…신라면세점, 재무구조 개선 기대",http://www.hansbiz.co.kr/news/articleView.html?idxno=848151,2026-07-03,www.hansbiz.co.kr,Korean,South Korea,환율,D5_시장지표,2026-07-03,,0,NONE,,
9413b7146eb560dc954487c76544125c,약발 떨어지는 외환당국 개입…'실탄 확충론' 재부상,https://n.news.naver.com/mnews/article/015/0005306083?sid=101,2026-07-03,n.news.naver.com,Korean,South Korea,환율,D5_시장지표,2026-07-03,,0,NONE,,
5ed0bf29c481924912b359ea6e5a80b8,[단독] 세아STX엔테크 회생절차 재개시…이번엔 청산 위기 넘길까,https://ilyo.co.kr/?ac=article_view&entry_id=511723,2026-07-03,ilyo.co.kr,Korean,South Korea,환율,D5_시장지표,2026-07-03,,0,NONE,,
7b6c6c5c4f849d92d8e092476a92b8cf,"[오늘의 ABC 뉴스룸] ""테슬라 찻값은 횟집 시가입니까?"" 보조금 확정 첫...",https://www.ajunews.com/view/20260703173715511,2026-07-03,www.ajunews.com,Korean,South Korea,환율,D5_시장지표,2026-07-03,,0,NONE,,
01f7bfce02f95589ceaac25aa07a3610,[표] 외국환율고시표,https://n.news.naver.com/mnews/article/009/0005702543?sid=101,2026-07-03,n.news.naver.com,Korean,South Korea,환율,D5_시장지표,2026-07-03,,0,NONE,,
c3e082c6e3bdd5b0637b52c51add6ee0,"올해 16번째 매수 사이드카…코스피, 하루 만에 8000선 회복",https://news.mtn.co.kr/news-detail/2026070317174383179,2026-07-03,news.mtn.co.kr,Korean,South Korea,환율,D5_시장지표,2026-07-03,,0,NONE,,
1bef7d2e5fc6fb8058e21da61c9daff2,"""공포에 산 사람이 승자"" 급반등 끝 '8천피 탈환'...삼전 실적 주목",https://n.news.naver.com/mnews/article/008/0005381271?sid=101,2026-07-03,n.news.naver.com,Korean,South Korea,환율,D5_시장지표,2026-07-03,,0,NONE,,
492fd1feb6dd2667c4e7559ad3af0d85,"[채권마감] 보합권 혼조, 주식·환율 급변동 비켜 간 무풍지대",https://www.etoday.co.kr/news/view/2600174,2026-07-03,www.etoday.co.kr,Korean,South Korea,환율,D5_시장지표,2026-07-03,,0,NONE,,
8adc0be92adb03853dffb0f1eb1adbc3,"오늘 금값, 7월 3일 금 상승세 지속 전 거래일 대비 오름폭 감소",https://www.tournews21.com/news/articleView.html?idxno=137902,2026-07-03,www.tournews21.com,Korean,South Korea,환율,D5_시장지표,2026-07-03,,0,NONE,,
4e451396458a0996239aaef2e5120013,[亞증시-종합] 저가매수세에 일제히 상승,https://news.einfomax.co.kr/news/articleView.html?idxno=4423329,2026-07-03,news.einfomax.co.kr,Korean,South Korea,환율,D5_시장지표,2026-07-03,,0,NONE,,
ae5165cfad5838a2ecf6cc1ba9bc51b5,"[오늘증시]기관 4조5000억 순매수, 삼성·하이닉스 반등에 코스피 8100선...",http://www.queen.co.kr/news/articleView.html?idxno=459746,2026-07-03,www.queen.co.kr,Korean,South Korea,환율,D5_시장지표,2026-07-03,,0,NONE,,
b4fb7d70d98d60c9f70e6324efdda54b,"""하반기 두나무 합병·AI 파트너 공개…네이버 주가 '진짜 랠리'는 이제...",https://www.newsquest.co.kr/news/articleView.html?idxno=269106,2026-07-03,www.newsquest.co.kr,Korean,South Korea,환율,D5_시장지표,2026-07-03,,0,NONE,,
89d933e09736ace5e706ba356ac83b51,명품 에루샤 옆에 디저트 카페…신세계 강남점 '체류형 백화점' 속도전,https://www.newsworks.co.kr/news/articleView.html?idxno=846074,2026-07-03,www.newsworks.co.kr,Korean,South Korea,환율,D5_시장지표,2026-07-03,,0,NONE,,
9f28823de093cf2be607951c5af2e1af,"'거봐, 내가 오른다고 했잖아'… 주식 창만 닫으면 워런 버핏이 되는 이...",https://www.wikitree.co.kr/articles/1144648,2026-07-03,www.wikitree.co.kr,Korean,South Korea,환율,D5_시장지표,2026-07-03,,0,NONE,,
d52303f2a8e441650d9d881de202ee60,종잣돈 1억 모았다면 … 과감한 투자보다 자산 배분이 먼저,https://n.news.naver.com/mnews/article/009/0005702495?sid=103,2026-07-03,n.news.naver.com,Korean,South Korea,환율,D5_시장지표,2026-07-03,,0,NONE,,
9aa5bb51e019afad28c64d4eaf8e8584,홍콩 공기청정기 시장동향,http://dream.kotra.or.kr/kotranews/cms/news/actionKotraBoardDetail.do?SITE_NO=3&MENU_ID=190&CONTENTS_NO=2&bbsGbn=254&bbsSn=254&pNttSn=242566,2026-07-03,dream.kotra.or.kr,Korean,South Korea,환율,D5_시장지표,2026-07-03,,0,NONE,,
63954724e94410eaaf44cb766225076a,"면세점 철수 1년…현대百 아울렛, 동대문서 반전 노릴까",https://n.news.naver.com/mnews/article/293/0000087204?sid=101,2026-07-03,n.news.naver.com,Korean,South Korea,환율,D5_시장지표,2026-07-03,,0,NONE,,
1b2dc921bd1b96e9ee96e4548183311c,"김용범 ""AI는 생산혁명...한국 경제 스케일 달라졌다""",https://n.news.naver.com/mnews/article/008/0005381239?sid=100,2026-07-03,n.news.naver.com,Korean,South Korea,환율,D5_시장지표,2026-07-03,,0,NONE,,
d201727c52980fce522955c325444fdc,서울 아파트 값 언제 꺾이나…변곡점은 2028년 이후?,https://www.betanews.net/article/view/beta202607030069,2026-07-03,www.betanews.net,Korean,South Korea,환율,D5_시장지표,2026-07-03,,0,NONE,,
f393db1da37a48a673d679a4d3234351,이스라엘 동물사료 시장 동향,http://dream.kotra.or.kr/kotranews/cms/news/actionKotraBoardDetail.do?SITE_NO=3&MENU_ID=190&CONTENTS_NO=2&bbsGbn=254&bbsSn=254&pNttSn=242303,2026-07-03,dream.kotra.or.kr,Korean,South Korea,환율,D5_시장지표,2026-07-03,,0,NONE,,
73e7c056506361d4897dc3d294af6bab,환전·로또·육아휴직까지 하반기부터 달라지는 제도 TOP11,https://www.fntimes.com/html/view.php?ud=202607031628246784de68fcbb35_18,2026-07-03,www.fntimes.com,Korean,South Korea,환율,D5_시장지표,2026-07-03,,0,NONE,,
b71f842d6a854947ebbf386cbdcbd31b,"IBK기업은행, 정책금융 역할 강화 속 실적 반등…남은 과제는",https://www.1conomynews.co.kr/news/articleView.html?idxno=49398,2026-07-03,www.1conomynews.co.kr,Korean,South Korea,환율,D5_시장지표,2026-07-03,,0,NONE,,
5ecf3c8e44a1f589766018668c35277f,"(마감시황) 코스피, 널뛰기 장세…장중 7,378→종가 8,088",https://www.news2day.co.kr/article/20260703500205,2026-07-03,www.news2day.co.kr,Korean,South Korea,환율,D5_시장지표,2026-07-03,,0,NONE,,
b248aa2fa217aea88435a660ba9c48ff,"코스피, 기관 4.4조 '폭풍 매수'에 8000선 탈환…SK하이닉스 10%대 폭등",https://www.mediapen.com/news/view/1108101,2026-07-03,www.mediapen.com,Korean,South Korea,환율,D5_시장지표,2026-07-03,,0,NONE,,
5cdc4d589554c00ef5a29bd624f3e361,"""CJ제일제당, 바이오 호조에 실적 개선""-KB證",https://www.betanews.net/article/view/beta202607030059,2026-07-03,www.betanews.net,Korean,South Korea,환율,D5_시장지표,2026-07-03,,0,NONE,,
5d4e2b77708020fc86e94231c7fd81cf,"코스피, 8080선 마감…반도체 쏠림 재차 심화",https://www.kfenews.co.kr/news/articleView.html?idxno=659758,2026-07-03,www.kfenews.co.kr,Korean,South Korea,환율,D5_시장지표,2026-07-03,,0,NONE,,
1bbb4ecccdeb1be01520e7ec54ef499b,원·달러 환율 30원 급락 마감…강달러 꺾이고 엔화 반등 영향(상보),https://n.news.naver.com/mnews/article/277/0005785325?sid=101,2026-07-03,n.news.naver.com,Korean,South Korea,환율,D5_시장지표,2026-07-03,,0,NONE,,
ad43e8907d4847fe18d27e901d659f29,[더벨][커버드콜 ETF 해부] 완만한 상승에 달러 강세까지…커버드콜 '진...,https://www.thebell.co.kr/free/content/ArticleView.asp?key=202607011538529800103084,2026-07-03,www.thebell.co.kr,Korean,South Korea,환율,D5_시장지표,2026-07-03,,0,NONE,,
a2be2d38ee22e86fe4186de4a1aced6a,"강달러 꺾이자 환율, 30.2원 급락…석 달만에 최대 낙폭(종합)",https://n.news.naver.com/mnews/article/003/0014045799?sid=101,2026-07-03,n.news.naver.com,Korean,South Korea,환율,D5_시장지표,2026-07-03,,0,NONE,,
8506bfe7331a021130d001a71418f11b,[중국증시-마감] 저가매수세에 하루만에 반등,https://news.einfomax.co.kr/news/articleView.html?idxno=4423322,2026-07-03,news.einfomax.co.kr,Korean,South Korea,환율,D5_시장지표,2026-07-03,,0,NONE,,
86ba9ab350dbe9e77b6233ec2e7df88b,"'97년 트라우마' 못 지운 韓, 조심스레 24시간 원화 거래 연다",https://n.news.naver.com/mnews/article/018/0006321863?sid=101,2026-07-03,n.news.naver.com,Korean,South Korea,환율,D5_시장지표,2026-07-03,,0,NONE,,
e790043a7d7d290c09ee78add1e7bc9c,"""NAV 할인율만 55%…배당 팍팍 주는 삼성물산, 안 살 이유가 없다""",https://www.newsquest.co.kr/news/articleView.html?idxno=269098,2026-07-03,www.newsquest.co.kr,Korean,South Korea,환율,D5_시장지표,2026-07-03,,0,NONE,,
ce5c8c651f03a2ccf9f6bc034eb29779,"코스피, 기관 4.4조 폭풍 매수에 롤러코스터 반등",https://www.ntoday.co.kr/news/articleView.html?idxno=127992,2026-07-03,www.ntoday.co.kr,Korean,South Korea,환율,D5_시장지표,2026-07-03,,0,NONE,,
7fab06bbf06fb2110dc0b4c36f2075aa,"日10년물 국채 약 30년만 최고치…재무상 ""재정 지속가능성 유지할 것""",https://n.news.naver.com/mnews/article/003/0014045787?sid=104,2026-07-03,n.news.naver.com,Korean,South Korea,환율,D5_시장지표,2026-07-03,,0,NONE,,
8d30dc7dbd4670989b06ce864dd264b8,"원·달러 환율, 30원 넘게 급락해 1,520원대…10거래일 만",https://n.news.naver.com/mnews/article/422/0000881222?sid=101,2026-07-03,n.news.naver.com,Korean,South Korea,환율,D5_시장지표,2026-07-03,,0,NONE,,
c4d8cd7186a314a0f834097061a2a88b,"삼전·닉스 치솟자, 코스피 '폭등'...금융지주·증권주 '껑충'",http://www.choicenews.co.kr/news/articleView.html?idxno=167577,2026-07-03,www.choicenews.co.kr,Korean,South Korea,환율,D5_시장지표,2026-07-03,,0,NONE,,
dc32fa91c02ba468f4dfbbb5f9138848,"코스피, 급락 하루 만에 8000선 회복…삼전 8%·닉스10%대↑ 마감",http://www.beyondpost.co.kr/view.php?ud=202607031611409283be44c0aacd_30,2026-07-03,www.beyondpost.co.kr,Korean,South Korea,환율,D5_시장지표,2026-07-03,,0,NONE,,
cfb4e7d52169894828af5b2ed8c78806,"반도체 쇼크에 휘청이더니··· 코스피, 하루만에 8000선 회복",https://www.dkilbo.com/news/articleView.html?idxno=547639,2026-07-03,www.dkilbo.com,Korean,South Korea,환율,D5_시장지표,2026-07-03,,0,NONE,,
718d28f7880ad28c60069a6c72a7ac3b,“삼전ㆍSK하닉 더 오를까”⋯하반기 매수 타이밍은 [찐코노미],https://www.etoday.co.kr/news/view/2600121,2026-07-03,www.etoday.co.kr,Korean,South Korea,환율,D5_시장지표,2026-07-03,,0,NONE,,
e4c9273c2987314353b3f17300827775,"[마감시황] 코스닥, 장중 급락 딛고 868.41 마감…개인 매수에 0.19% 상승",https://n.news.naver.com/mnews/article/081/0003658254?sid=101,2026-07-03,n.news.naver.com,Korean,South Korea,환율,D5_시장지표,2026-07-03,,0,NONE,,
271a85eee10c17ac8d3c86b6e290884b,"기관 4.5조 순매수에 코스피 5.8%↑...8,000선 회복",https://n.news.naver.com/mnews/article/052/0002374394?sid=101,2026-07-03,n.news.naver.com,Korean,South Korea,환율,D5_시장지표,2026-07-03,,0,NONE,Stock market recovery,
8382c9d19551f6f49643d3b4b76e4638,"코스피, 반도체 강세에 하루 만에 '8000선 탈환'…코스닥 0.19%↑",http://www.newsprime.co.kr/news/article.html?no=739077,2026-07-03,www.newsprime.co.kr,Korean,South Korea,환율,D5_시장지표,2026-07-03,,0,NONE,Stock market recovery,
8c0cd528136e54a204062d015ef1490e,"환헤지 비용 커져도…보험사, 해외채권 유지하는 이유는 'ALM'",http://www.wikileaks-kr.org/news/articleView.html?idxno=189379,2026-07-03,www.wikileaks-kr.org,Korean,South Korea,환율,D5_시장지표,2026-07-03,,0,NONE,Hedge fund strategy,
c20ef00df9bccc28f1e906de286fa863,"정부 ""초격차 대한민국""…3대 메가프로젝트·영남 첨단벨트 동시 가동",http://www.kdfnews.com/news/articleView.html?idxno=184850,2026-07-03,www.kdfnews.com,Korean,South Korea,환율,D5_시장지표,2026-07-03,,0,NONE,Government megaprojects,
302bec521feff05f922ea313d78b5be6,[환율마감] 원·달러 30.2원 급락 ‘3개월만 최대낙폭’..엔화강세에 당...,https://www.etoday.co.kr/news/view/2600122,2026-07-03,www.etoday.co.kr,Korean,South Korea,환율,D5_시장지표,2026-07-03,,0,NONE,Exchange rate movement,
a2c052c11528e15e9d571ca064fca656,코스피 8000선 회복 삼성전자·SK하이닉스 급등,https://www.newsclaim.co.kr/news/articleView.html?idxno=3068425,2026-07-03,www.newsclaim.co.kr,Korean,South Korea,환율,D5_시장지표,2026-07-03,,0,NONE,Stock market recovery,
61507c5880a310ba3083aa527ab494f3,"코스피, 'V자' 반등…8,000선 회복",https://n.news.naver.com/mnews/article/422/0000881215?sid=101,2026-07-03,n.news.naver.com,Korean,South Korea,환율,D5_시장지표,2026-07-03,,0,NONE,Stock market recovery,
4a841e5d26435f6e3fe3d9d36f624787,삼성·하이닉스 쌍끌이 폭등…코스피 하루 만에 440P 올라 8088 마감,http://www.hansbiz.co.kr/news/articleView.html?idxno=848162,2026-07-03,www.hansbiz.co.kr,Korean,South Korea,환율,D5_시장지표,2026-07-03,,0,NONE,Stock market recovery,
625422c83aa9cd6a132515c8d7038961,"코스피, 6% 가까이 급등...8080선 마감",https://www.cstimes.com/news/articleView.html?idxno=712208,2026-07-03,www.cstimes.com,Korean,South Korea,환율,D5_시장지표,2026-07-03,,0,NONE,Stock market recovery,
c941b6faa34f445fa8340dde5f2d2f47,"8000선 회복한 코스피, 매수 사이드카 발동 [포토]",https://www.etoday.co.kr/news/view/2600119,2026-07-03,www.etoday.co.kr,Korean,South Korea,환율,D5_시장지표,2026-07-03,,0,NONE,Stock market recovery,
a8be3ce6bc3ac68b9ee7383c37b70502,"환율, 하루 만에 30원 급락…美 고용 둔화·엔화 강세 영향 (종합)",https://n.news.naver.com/mnews/article/421/0009040015?sid=101,2026-07-03,n.news.naver.com,Korean,South Korea,환율,D5_시장지표,2026-07-03,,0,NONE,Exchange rate movement,
2b3636aedac9ee6dc0bf5f46a89d10e3,[서학개미 ETF 디코딩] ㉖ 잠자는 달러를 위한 연 4% 파킹 ETF,https://www.newspim.com/news/view/20260703000802,2026-07-03,www.newspim.com,Korean,South Korea,환율,D5_시장지표,2026-07-03,,0,NONE,Investment product,
eef3ba7d147fa543ba363f0642bd22d8,"6개월 만에 돌아온 은행권 실버바, 투자 열기는 시들",https://www.newspim.com/news/view/20260703000704,2026-07-03,www.newspim.com,Korean,South Korea,환율,D5_시장지표,2026-07-03,,0,NONE,Investment trends,
d833263cf2597bd92f7023317b3f49c8,[증시 오늘] 코스피 5%이상 급등 8000 회복,https://www.bigtanews.co.kr/article/view/big202607030011,2026-07-03,www.bigtanews.co.kr,Korean,South Korea,환율,D5_시장지표,2026-07-03,,0,NONE,Stock market recovery,
70ac8749dd3646b971d69268454de298,"코스피, 하루 만에 급반등하며 '8천' 회복‥환율은 1,525.6원으로 '뚝'",https://n.news.naver.com/mnews/article/214/0001509445?sid=101,2026-07-03,n.news.naver.com,Korean,South Korea,환율,D5_시장지표,2026-07-03,,0,NONE,Stock market recovery,
49619321133a02940ce5e78734078f41,"'급락 하루만에 반등' 코스피, 5%대 상승 8000선 회복 마감",https://n.news.naver.com/mnews/article/654/0000188779?sid=101,2026-07-03,n.news.naver.com,Korean,South Korea,환율,D5_시장지표,2026-07-03,,0,NONE,Stock market recovery,
c3896dff7d82ccf4263a5a19e15a289c,"코스피 8000선 회복, 환율 급락",https://n.news.naver.com/mnews/article/421/0009040002?sid=101,2026-07-03,n.news.naver.com,Korean,South Korea,환율,D5_시장지표,2026-07-03,,0,NONE,Stock market recovery,
4ec8864be1e353ca5bcad705f93c800d,상반기 외국인직접투자 9.1% 증가…금융·부동산 투자 '급증',https://n.news.naver.com/mnews/article/018/0006322434?sid=101,2026-07-03,n.news.naver.com,Korean,South Korea,한국 공급망,D9_한국,2026-07-03,,0,NONE,Foreign investment trends,
9393f278aa095a51c83d597e36549915,"“한국, 조선업만 투자...급성장하는 美데이터센터 먹거리로 활용해야”",https://n.news.naver.com/mnews/article/011/0004638025?sid=104,2026-07-03,n.news.naver.com,Korean,South Korea,한국 공급망,D9_한국,2026-07-03,,0,NONE,Shipbuilding investment,
3b1562fe494082a7959c89ec189b94c1,"김용범 ""AI는 생산혁명…대한민국 스케일 달라져""",https://n.news.naver.com/mnews/article/422/0000881325?sid=100,2026-07-03,n.news.naver.com,Korean,South Korea,한국 공급망,D9_한국,2026-07-03,,0,NONE,AI economic impact,
6f8e3b08caa5f651648c4af8e3315b9c,"현대차, 영남권에 42조 쏜다…AI·우주·SMR 미래산업 영토 확장",https://www.gpkorea.com/news/articleView.html?idxno=144362,2026-07-03,www.gpkorea.com,Korean,South Korea,한국 공급망,D9_한국,2026-07-03,,0,NONE,,
5a93d3c15e25af1bbad81a1fe47ebf52,"한화, 영남권에 55조 투자…""2040년 우주·국방AI 주권 쥔다""",http://www.srtimes.kr/news/articleView.html?idxno=206747,2026-07-03,www.srtimes.kr,Korean,South Korea,한국 공급망,D9_한국,2026-07-03,,0,NONE,,
96d97eae01736746f06e5151ac1e0c8e,"BBQ, 'K-푸드' 통해 인도 시장 진출 가속화…벵갈루루 내 2개 매장 오픈",https://www.tfmedia.co.kr/news/article.html?no=205526,2026-07-03,www.tfmedia.co.kr,Korean,South Korea,한국 공급망,D9_한국,2026-07-03,,0,NONE,,
6468279def00ece6accfa6fca4bc0ebb,[단독] 'AI 데이터센터' 충주 오나?...핵심 변수는 전력 공급,https://n.news.naver.com/mnews/article/655/0000031761?sid=102,2026-07-03,n.news.naver.com,Korean,South Korea,한국 공급망,D9_한국,2026-07-03,,0,NONE,,
a65d83d517b3a901b87dc9682d67edb2,롯데온 오소리 털 제품 중단 요구,https://www.vegannews.co.kr/news/article.html?no=383791,2026-07-03,www.vegannews.co.kr,Korean,South Korea,한국 공급망,D9_한국,2026-07-03,,0,NONE,,
5f60354fe38b4bf20000a4f7a33b880f,남해안 우주항공벨트 키운다…2035년 세계시장 3% 목표,https://www.shinailbo.co.kr/news/articleView.html?idxno=5037299,2026-07-03,www.shinailbo.co.kr,Korean,South Korea,한국 공급망,D9_한국,2026-07-03,,0,NONE,,
28515edae6b97a6d02490052ffcddc50,"2035년 ‘한국판 스타링크’ 구축…정부, 달 착륙·우주산업 육성 본격...",https://www.kukinews.com/article/view/kuk202607030144,2026-07-03,www.kukinews.com,Korean,South Korea,한국 공급망,D9_한국,2026-07-03,,0,NONE,,
86f604a53cdeddd3af97b241e55b1bc4,"800조 반도체 메가프로젝트 잡아라… 민형배, 입지·전력·수자원·인재...",https://n.news.naver.com/mnews/article/002/0002447222?sid=102,2026-07-03,n.news.naver.com,Korean,South Korea,한국 공급망,D9_한국,2026-07-03,,0,NONE,,
8e268a09b948f688cf6d22f294676f95,2030년 달 착륙부터 우주공장까지…'우주경제' 청사진 나왔다,https://n.news.naver.com/mnews/article/079/0004164757?sid=101,2026-07-03,n.news.naver.com,Korean,South Korea,한국 공급망,D9_한국,2026-07-03,,0,NONE,,
7d0bcd191a2f3f7597eb70b75584063f,"일본 라이프스타일 브랜드 '미트트리', 한국 시장 공식 진출…배우 박서...",http://www.thefirstmedia.net/news/articleView.html?idxno=202952,2026-07-03,www.thefirstmedia.net,Korean,South Korea,한국 공급망,D9_한국,2026-07-03,,0,NONE,,
17394b41c1a525c6691b60ad644bc389,해외주식형 ETF 올해는 '반도체 천하',https://n.news.naver.com/mnews/article/009/0005702561?sid=101,2026-07-03,n.news.naver.com,Korean,South Korea,한국 공급망,D9_한국,2026-07-03,,0,NONE,,
f697aa4c3380f76ecacd1d33b82c08ee,한국판 스타링크 구축·2030 달 착륙…우주 강국 전략 추진,https://n.news.naver.com/mnews/article/449/0000351502?sid=101,2026-07-03,n.news.naver.com,Korean,South Korea,한국 공급망,D9_한국,2026-07-03,,0,NONE,,
f02dc8c8a6c671d0183583b269f65060,남해안 우주항공 산업벨트 구축…2035년 글로벌 시장점유율 3% 확보,https://www.newsworks.co.kr/news/articleView.html?idxno=846091,2026-07-03,www.newsworks.co.kr,Korean,South Korea,한국 공급망,D9_한국,2026-07-03,,0,NONE,,
f557737254b6fd28a1051bb0ca35cafc,"""메가 프로젝트로 韓 성장률 3.5% 가능""",https://n.news.naver.com/mnews/article/009/0005702537?sid=101,2026-07-03,n.news.naver.com,Korean,South Korea,한국 공급망,D9_한국,2026-07-03,,0,NONE,,
b200617c0ef58768d3f8f9ebd87c36d8,"한화, 영남권에 55조원 대규모 투자…“우주주권 확보”",https://www.mediapen.com/news/view/1108125,2026-07-03,www.mediapen.com,Korean,South Korea,한국 공급망,D9_한국,2026-07-03,,0,NONE,,
7fa50c60acb1ae7acfb4436aae4f3eb0,[메가프로젝트] 사천 중심 '우주산업 벨트' 구축..2030년 민간 달 착륙선...,http://www.4th.kr/news/articleView.html?idxno=2114206,2026-07-03,www.4th.kr,Korean,South Korea,한국 공급망,D9_한국,2026-07-03,,0,NONE,Space industry,
30e228a66acbc34d22b75e1d78a15c41,"1500억 쏟아부어 경영권 정조준한 한화에어로스페이스, KAI와 '말뿐인 협...",https://www.newsquest.co.kr/news/articleView.html?idxno=269087,2026-07-03,www.newsquest.co.kr,Korean,South Korea,한국 공급망,D9_한국,2026-07-03,,0,NONE,Aerospace M&A,
8739152ef0125bfb8bfbf55085320faa,"정부, 2030년 달 착륙 도전...민관협업 소형 착륙선 개발",https://www.digitaltoday.co.kr/news/articleView.html?idxno=681260,2026-07-03,www.digitaltoday.co.kr,Korean,South Korea,한국 공급망,D9_한국,2026-07-03,,0,NONE,Moon landing,
e39414381767540fad0c51a329a1dc63,한국판 스타링크 구축·2030 달 착륙 도전…우주 강국 도약 발판 마련,https://n.news.naver.com/mnews/article/421/0009040156?sid=105,2026-07-03,n.news.naver.com,Korean,South Korea,한국 공급망,D9_한국,2026-07-03,,0,NONE,Space infrastructure,
c402c876facc338a39f5296814048440,"이 대통령, NATO 방산외교 본격화… 몽골 순방으로 외교 다변화 속도",https://www.newswhoplus.com/news/articleView.html?idxno=63843,2026-07-03,www.newswhoplus.com,Korean,South Korea,한국 공급망,D9_한국,2026-07-03,,0,NONE,Presidential diplomacy,
2712f6dbc570836da4cac5dca17af151,"남양유업, 온실가스 13% 감축…ESG 성과 공개",https://www.kfenews.co.kr/news/articleView.html?idxno=659784,2026-07-03,www.kfenews.co.kr,Korean,South Korea,한국 공급망,D9_한국,2026-07-03,,0,NONE,ESG emissions,
3a8270b2182c2bb66edb77884c5a9e18,‘우주 영토’ 확장 시동…남해안 중심 한국판 ‘스타링크’로 우주 시...,https://n.news.naver.com/mnews/article/119/0003107842?sid=105,2026-07-03,n.news.naver.com,Korean,South Korea,한국 공급망,D9_한국,2026-07-03,,0,NONE,Satellite network,
62a3bf3ebb85e373f9096176413f4085,이 대통령 나토 정상회의서 방산포럼 주도...7~11일 나토·몽골 방문,https://www.mediapen.com/news/view/1108084,2026-07-03,www.mediapen.com,Korean,South Korea,한국 공급망,D9_한국,2026-07-03,,0,NONE,NATO defense,
6b74ccb45380d984f9db29c6973a4e66,"명지대 방산안보연구소, 서울 방산보안협의회와 ‘방산기술보호 및 공급...",https://www.news2day.co.kr/article/20260703500235,2026-07-03,www.news2day.co.kr,Korean,South Korea,한국 공급망,D9_한국,2026-07-03,,0,NONE,Defense technology,
384145895a51d495d9d54b46ec91fdbc,2035년까지 '한국판 스타링크' 저궤도 위성 통신망 구축,https://n.news.naver.com/mnews/article/018/0006321897?sid=105,2026-07-03,n.news.naver.com,Korean,South Korea,한국 공급망,D9_한국,2026-07-03,,0,NONE,Satellite communications,
e738557926b0989200f3e143c0e8185a,2035년 韓 저궤도 통신망 확보…글로벌 우주항공시장 3% 도전,https://n.news.naver.com/mnews/article/003/0014045899?sid=105,2026-07-03,n.news.naver.com,Korean,South Korea,한국 공급망,D9_한국,2026-07-03,,0,NONE,Space market,
3b00f4f7445204c2baf13902df6e90bf,"李대통령, 7일부터 나토 회의 참석·몽골 국빈 방문…'방산·공급망' 외...",https://n.news.naver.com/mnews/article/015/0005306022?sid=100,2026-07-03,n.news.naver.com,Korean,South Korea,한국 공급망,D9_한국,2026-07-03,,0,NONE,Presidential visit,
389a3de1b2cee95edfc737446c72e29e,달 착륙 2030년으로 앞당긴다…‘세계 3대 우주강국’ 영토 확장 시동,https://www.dnews.co.kr/uhtml/view.jsp?idxno=202607031646071200884,2026-07-03,www.dnews.co.kr,Korean,South Korea,한국 공급망,D9_한국,2026-07-03,,0,NONE,Moon exploration,
e969aba6378f88dc1f662a1e0e20bf3d,"""경영권보다 성장"" SK, KKR과 2조원 신재생 플랫폼 띄운다",https://www.econovill.com/news/articleView.html?idxno=744224,2026-07-03,www.econovill.com,Korean,South Korea,한국 공급망,D9_한국,2026-07-03,,0,NONE,Renewable energy,
a48aa844816d7275f3a5da1ad7b307c0,102조 원 투자 청신호...'진짜 낙수효과'가 관건,https://ccn.hcn.co.kr/user/news/BD_newsView.do?news_category=01&story_id=NS2026070300039&story_seq=0&soCode=114&socttSn=NS2026070300039&socttSeq=0,2026-07-03,ccn.hcn.co.kr,Korean,South Korea,한국 공급망,D9_한국,2026-07-03,,0,NONE,Investment stimulus,
127ed99ccf305edfe11823a40ba639fa,"현대차그룹, 영남에 42조 투입… 車 제조사 넘어 우주·에너지 영토확장",https://n.news.naver.com/mnews/article/020/0003731402?sid=103,2026-07-03,n.news.naver.com,Korean,South Korea,한국 공급망,D9_한국,2026-07-03,,0,NONE,Regional investment,
24eaeab00926f42809b685d6eaed43d2,"이 대통령, 7~11일 나토정상회의 참석·몽골 방문",http://www.tongilnews.com/news/articleView.html?idxno=216893,2026-07-03,www.tongilnews.com,Korean,South Korea,한국 공급망,D9_한국,2026-07-03,,0,NONE,Presidential schedule,
9b1e49f63da45b744126038b24defbf9,"한화, 영남권 '우주항공' 거점으로 키운다… 발사체·위성 인프라 55兆 ...",https://www.financialpost.co.kr/news/articleView.html?idxno=265066,2026-07-03,www.financialpost.co.kr,Korean,South Korea,한국 공급망,D9_한국,2026-07-03,,0,NONE,Aerospace infrastructure,
6030d062aef2b4a1f99ae0644fc92534,"무협, 한·중남미 교류위원회 출범…""6억5000만명 시장 공략""",https://n.news.naver.com/mnews/article/421/0009040110?sid=101,2026-07-03,n.news.naver.com,Korean,South Korea,한국 공급망,D9_한국,2026-07-03,,0,NONE,Trade cooperation,
9dc2d13ca1bd81c913e84c9254bea648,"고려아연, 안팎으로 ESG 행보…글로벌 탄소중립 논의·지역 상생 기부",http://www.dailypop.kr/news/articleView.html?idxno=100302,2026-07-03,www.dailypop.kr,Korean,South Korea,한국 공급망,D9_한국,2026-07-03,,0,NONE,ESG sustainability,
2496aed1275b153947ec0746ab448a68,"[이슈 포커스] “AI 데이터센터 유치, RE100 전력이 관건”...새만금 사례...",https://www.hellot.net/news/article.html?no=113598,2026-07-03,www.hellot.net,Korean,South Korea,한국 공급망,D9_한국,2026-07-03,,0,NONE,,
3a873386513cd23758212d6f556e4c16,"[SV ESG 단신] 농심, 서울시 공공예식 지원사업 참여 外",https://www.socialvalue.kr/news/view/1065598951069844,2026-07-03,www.socialvalue.kr,Korean,South Korea,한국 공급망,D9_한국,2026-07-03,,0,NONE,,
2b6b4eecab14e135bca37389b804dbbe,"현대차그룹, 42조원 투자로 영남권을 글로벌 첨단산업 허브로 변모 계획",https://www.gokorea.kr/news/articleView.html?idxno=871128,2026-07-03,www.gokorea.kr,Korean,South Korea,한국 공급망,D9_한국,2026-07-03,,0,NONE,,
8315fc57844aa94a9bfbcb138b9ff4ae,[산업계 동향] 한화토탈에너지스·벤츠코리아·KAI,http://www.iminju.net/news/articleView.html?idxno=166216,2026-07-03,www.iminju.net,Korean,South Korea,한국 공급망,D9_한국,2026-07-03,,0,NONE,,
d6222ac570e3bab9d8dc9b4731310eac,"한화, 영남권에 55조 원 투자 “지역 산업 생태계 완성”",https://n.news.naver.com/mnews/article/658/0000148550?sid=100,2026-07-03,n.news.naver.com,Korean,South Korea,한국 공급망,D9_한국,2026-07-03,,0,NONE,,
3d63948df4307aa7118c4db07fe4c181,"'반도체 슈퍼사이클' 올라탄 티에스이, 실적 개선 기대↑",https://n.news.naver.com/mnews/article/417/0001150225?sid=101,2026-07-03,n.news.naver.com,Korean,South Korea,한국 공급망,D9_한국,2026-07-03,,0,NONE,,
525a5d586feb7a6599007f65cba4ffe1,"이재명 대통령, 나토 정상회의 첫 참석한다… 7∼11일 튀르키예·몽골 순...",https://n.news.naver.com/mnews/article/022/0004140327?sid=100,2026-07-03,n.news.naver.com,Korean,South Korea,한국 공급망,D9_한국,2026-07-03,,0,NONE,,
4ab27a6250e5e96505c2eae20a60a9ec,"8조 KDDX 잡은 한화오션, '60조 캐나다 잠수함'까지 거머쥐나",https://www.newspim.com/news/view/20260703000825,2026-07-03,www.newspim.com,Korean,South Korea,한국 공급망,D9_한국,2026-07-03,,0,NONE,,
7a984c927e8eff66d63ead6528d58239,"무협, 중남미 진출 지원 채널 가동",https://www.newspim.com/news/view/20260703000823,2026-07-03,www.newspim.com,Korean,South Korea,한국 공급망,D9_한국,2026-07-03,,0,NONE,,
0e8d22da0650eed071854a693c1fbf00,"KPMG ""기업 72% 지속가능성 이해하지만, 재무영향 정량화 19%""",https://www.esgeconomy.com/news/articleView.html?idxno=15937,2026-07-03,www.esgeconomy.com,Korean,South Korea,한국 공급망,D9_한국,2026-07-03,,0,NONE,,
387b2fa3ed8f70641ba4f36d91bebcdc,"李, 7~11일까지 '나토·몽골' 방문",http://www.newsprime.co.kr/news/article.html?no=739071,2026-07-03,www.newsprime.co.kr,Korean,South Korea,한국 공급망,D9_한국,2026-07-03,,0,NONE,,
2435d4abcd234df34077da34a2bd2b6d,[인터뷰] 보 응우옌 퐁 베트남 하노이시 산업무역국장,https://www.todayenergy.kr/news/articleView.html?idxno=299934,2026-07-03,www.todayenergy.kr,Korean,South Korea,한국 공급망,D9_한국,2026-07-03,,0,NONE,,
e1a25aab5ff78c14241e16dd25df18b7,"딥엑스, 日 피지컬 AI 시장 정조준 ··· 고시다테크와 파트너십",https://www.datanet.co.kr/news/articleView.html?idxno=212819,2026-07-03,www.datanet.co.kr,Korean,South Korea,한국 공급망,D9_한국,2026-07-03,,0,NONE,,
0f12b3060aeb7ba96b5a3a58af6c9f89,"한국 외국인직접투자, 올해 상반기 9.1% 증가…서비스업 중심 선별적 유...",https://www.tokenpost.kr/news/economy/374833,2026-07-03,www.tokenpost.kr,Korean,South Korea,한국 공급망,D9_한국,2026-07-03,,0,NONE,,
0f37627b7f269e65993fb9c6dc079196,"보잉·KAI·대한항공 뭉쳤다…경남 항공기업, 글로벌 공급망 진입",http://www.breaknews.com/1219037,2026-07-03,www.breaknews.com,Korean,South Korea,한국 공급망,D9_한국,2026-07-03,,0,NONE,,
b5aa1cd9b29df6af79b90bcf8f4d32dc,"[車산업 HOT 뉴스] ""하이브리드만 반짝""…르노코리아, 실적 회복에 가려...",http://www.bizwnews.com/news/articleView.html?idxno=139862,2026-07-03,www.bizwnews.com,Korean,South Korea,한국 공급망,D9_한국,2026-07-03,,0,NONE,,
992216e986e3c81517d0da00ac7a3c03,"황영규 대표의 알체라, '2026 ICT 넥스트 어워즈' KCA 원장상 수상",http://www.thefirstmedia.net/news/articleView.html?idxno=203039,2026-07-03,www.thefirstmedia.net,Korean,South Korea,한국 공급망,D9_한국,2026-07-03,,0,NONE,,
155795c5c866f765d1a6b2cfcb67ece4,"무협, ‘韓·중남미 교류위원회’ 발족…윤진식 회장 “지원 아까지 않...",https://n.news.naver.com/mnews/article/016/0002665520?sid=101,2026-07-03,n.news.naver.com,Korean,South Korea,한국 공급망,D9_한국,2026-07-03,,0,NONE,,
4bf122e5ab51aa41bd071472a6374756,"AI 시대 대동맥인 HBM, 기술 뿌리는 한국에 남겨야",https://kidd.co.kr/news/246599,2026-07-03,kidd.co.kr,Korean,South Korea,한국 공급망,D9_한국,2026-07-03,,0,NONE,,
f671a7839757cacfa414af16ac22383c,"[오늘의 브랜드] 일동후디스, FC서울과 함께 '팬카드 기획팩' 2종 한정 ...",https://www.ibabynews.com/news/articleView.html?idxno=152603,2026-07-03,www.ibabynews.com,Korean,South Korea,한국 공급망,D9_한국,2026-07-03,,0,NONE,,
86e68b4f07f668e2ad4d44b5cbcd65ab,"이 대통령, 7~11일 튀르키예·몽골 순방…""나토서 K-방산 본격화""",http://www.newstomato.com/ReadNews.aspx?no=1306087&inflow=N,2026-07-03,www.newstomato.com,Korean,South Korea,한국 공급망,D9_한국,2026-07-03,,0,NONE,,
acf2e6dca5e4252839207d24e17c68a8,"李대통령, 첫 나토행…K-방산 세일즈·한몽 ‘황금시대’ 연다(종합)",https://n.news.naver.com/mnews/article/018/0006321837?sid=100,2026-07-03,n.news.naver.com,Korean,South Korea,한국 공급망,D9_한국,2026-07-03,,0,NONE,,
1aa8976d2e62776428f4c562ef13541a,"한화, 2040년까지 우주·AI에 55조원 투자-독자 발사체부터 국방AI까지 청...",https://www.mediafine.co.kr/news/articleView.html?idxno=82555,2026-07-03,www.mediafine.co.kr,Korean,South Korea,한국 공급망,D9_한국,2026-07-03,,0,NONE,,
bfcddd3d8e71625a1794e0ec1ed41420,"이 대통령, 7~11일 나토 정상회의·몽골 국빈방문",https://www.newspost.kr/news/articleView.html?idxno=223986,2026-07-03,www.newspost.kr,Korean,South Korea,한국 공급망,D9_한국,2026-07-03,,0,NONE,,
abbcad28919b529b9a7629ce3dffabfe,"식품업계, 탄소중립·사회공헌 등 EGS 경영 성과 공개",https://n.news.naver.com/mnews/article/001/0016175182?sid=101,2026-07-03,n.news.naver.com,Korean,South Korea,한국 공급망,D9_한국,2026-07-03,,0,NONE,,
c6de36aedd12ba34ab41ccf6294c3b1a,"[현장] ""반도체는 국가전략자산…용인 클러스터 조기 완공 최우선돼야""",https://www.pinpointnews.co.kr/news/articleView.html?idxno=465376,2026-07-03,www.pinpointnews.co.kr,Korean,South Korea,한국 공급망,D9_한국,2026-07-03,,0,NONE,,
8cddb010eb2ebec24367192a4c680e40,"해진공, 창립 8주년 맞아 ‘사장 토크콘서트’…직원 소통 강화",https://n.news.naver.com/mnews/article/082/0001388254?sid=101,2026-07-03,n.news.naver.com,Korean,South Korea,항만,D3_인프라,2026-07-03,,0,NONE,,
a61d7fecf967f23f46979a76982dad38,[인터뷰] 서정훈 태강건설산업 대표이사,https://n.news.naver.com/mnews/article/016/0002665612?sid=101,2026-07-03,n.news.naver.com,Korean,South Korea,항만,D3_인프라,2026-07-03,,0,NONE,,
f2ef67d16942486a3ebf84145f8014b8,"[기자수첩, 평택시의회 연속기획①] 67만 시민의 미래를 품은 평택시의...",http://www.newstown.co.kr/news/articleView.html?idxno=708155,2026-07-03,www.newstown.co.kr,Korean,South Korea,항만,D3_인프라,2026-07-03,,0,NONE,,
48c835bf9698881c889cc724be7ea944,"폭염 뒤 산불 덮친 프랑스, 축구장 1330개 면적 잿더미",http://www.biztribune.co.kr/news/articleView.html?idxno=355528,2026-07-03,www.biztribune.co.kr,Korean,South Korea,항만,D3_인프라,2026-07-03,,0,NONE,,
51b0fc613e859dba5f63b39e80462a2e,"민선9기 김기재 당진시장 취임 ""시민 삶 바꾸는 4년 만들것""",http://www.djtimes.co.kr/news/articleView.html?idxno=112524,2026-07-03,www.djtimes.co.kr,Korean,South Korea,항만,D3_인프라,2026-07-03,,0,NONE,,
e42233585c922103a7b2b4e830517cf2,국민성장펀드 지방기업에 1조 투자…이억원 “지역 벤처생태계 조성”,https://www.inthenews.co.kr/news/article.html?no=88929,2026-07-03,www.inthenews.co.kr,Korean,South Korea,항만,D3_인프라,2026-07-03,,0,NONE,,
f0bd2ef678616a8ca6da7c8b99a88e3e,폭염 지나가니 산불 기승…축구장 1천330개 면적 불탄 프랑스,https://n.news.naver.com/mnews/article/055/0001369547?sid=104,2026-07-03,n.news.naver.com,Korean,South Korea,항만,D3_인프라,2026-07-03,,0,NONE,France wildfires,
46a1b5c8efc34a25817ae9a947c88290,폭염에 이어 산불까지…프랑스 남부 휴양지서 관광객 1700명 대피,https://n.news.naver.com/mnews/article/018/0006322118?sid=103,2026-07-03,n.news.naver.com,Korean,South Korea,항만,D3_인프라,2026-07-03,,0,NONE,France wildfires,
dfb1adaec66d0821580b3a30d685fefd,[건설소식] 대우건설·현대건설,https://sports.hankooki.com/news/articleView.html?idxno=6935898,2026-07-03,sports.hankooki.com,Korean,South Korea,항만,D3_인프라,2026-07-03,,0,NONE,Construction news,
a79c110771c724b8010c50eb56187b0f,폭염 지난 프랑스에 동시다발 산불...남부 휴양지 날벼락,https://n.news.naver.com/mnews/article/052/0002374442?sid=104,2026-07-03,n.news.naver.com,Korean,South Korea,항만,D3_인프라,2026-07-03,,0,NONE,France wildfires,
bbe5db4e90c6c78a211306e88db7e6a6,"국립부경대 RISE사업단, 지역주민과 함께하는 ‘Anchor Open-Ship’ 개최",https://n.news.naver.com/mnews/article/658/0000148563?sid=102,2026-07-03,n.news.naver.com,Korean,South Korea,항만,D3_인프라,2026-07-03,,0,NONE,University event,
318ebfe66089c79ead72b22f37686df8,"프랑스, 폭염 이어 동시다발 '산불'…축구장 1천330개 면적 불타",https://n.news.naver.com/mnews/article/057/0001956841?sid=104,2026-07-03,n.news.naver.com,Korean,South Korea,항만,D3_인프라,2026-07-03,,0,NONE,France wildfires,
5c0ab3cb7c58675cfa574a3dc740c09c,프랑스 폭염에 산불까지…축구장 1천330개 면적 불타,https://n.news.naver.com/mnews/article/055/0001369541?sid=104,2026-07-03,n.news.naver.com,Korean,South Korea,항만,D3_인프라,2026-07-03,,0,NONE,France wildfires,
e394c7a2429c553df282c3224e137836,"전재수 부산시장 ""일자리·창업 이어지는 선순환 벤처생태계 만들겠다""",https://www.newspim.com/news/view/20260703000897,2026-07-03,www.newspim.com,Korean,South Korea,항만,D3_인프라,2026-07-03,,0,NONE,Local government,
2e8badcf0e9f9f9a33cc3792f06fb635,프랑스 폭염 이은 연쇄 산불…국가적 재난 상황 직면,https://www.jnilbo.com/news/articleView.html?idxno=90000047531,2026-07-03,www.jnilbo.com,Korean,South Korea,항만,D3_인프라,2026-07-03,,0,NONE,France wildfires,
243aaca1844f9f49e7815f9d77fd8c57,프랑스서 산불 30건 이상 발생…캠핑장 불타고 관광객 1700명 대피,https://n.news.naver.com/mnews/article/277/0005785350?sid=104,2026-07-03,n.news.naver.com,Korean,South Korea,항만,D3_인프라,2026-07-03,,0,NONE,France wildfires,
e993826369d8aa0044b2fa653c10528d,"정성주 김제시장 ""공항 부지 첨단산업 거점화 미래 신성장 동력화""",http://news.lghellovision.net/news/articleView.html?idxno=547444,2026-07-03,news.lghellovision.net,Korean,South Korea,항만,D3_인프라,2026-07-03,,0,NONE,Local development,
136c52415354eac1c05cac47368f011e,"해진공, 창립 8주년 맞아 수평적 소통·지역사회 나눔 실천",https://www.cnbnews.com/news/articleView.html?idxno=1006923,2026-07-03,www.cnbnews.com,Korean,South Korea,항만,D3_인프라,2026-07-03,,0,NONE,Organization event,
5467e7a74bccb52886272009a2bf5b7e,"인천TP, 인천대·인하대와 블록체인 전문인재 양성 생태계 구축 나서",https://www.kmaeil.com/news/articleView.html?idxno=644341,2026-07-03,www.kmaeil.com,Korean,South Korea,항만,D3_인프라,2026-07-03,,0,NONE,Education initiative,
a482d76b4abcbd3cccfe77b2028b0c08,"변재석 경기도의원, 경기 서북부와 서울 강남권 잇는 ‘고양신사선’ 추...",https://n.news.naver.com/mnews/article/081/0003658274?sid=102,2026-07-03,n.news.naver.com,Korean,South Korea,항만,D3_인프라,2026-07-03,,0,NONE,Transit infrastructure,
29abc31d1650e343b68f1724483fdbbd,"부산 동구·부산항만공사, 저소득 아동 공부방 지원 6년째 이어간다",https://www.viva100.com/article/20260703500511,2026-07-03,www.viva100.com,Korean,South Korea,항만,D3_인프라,2026-07-03,,0,NONE,Social welfare,
db6460a2e198669ef34b49c7623a20f8,"창원 광암해수욕장 4일 개장…""안전하게 물놀이 즐기세요""",https://n.news.naver.com/mnews/article/079/0004164719?sid=102,2026-07-03,n.news.naver.com,Korean,South Korea,항만,D3_인프라,2026-07-03,,0,NONE,Beach opening,
951936ba0c11067f9068332fc2c35396,"해양진흥공사, 창립 8주년 맞아 소통시간·봉사활동 진행",https://n.news.naver.com/mnews/article/421/0009040113?sid=102,2026-07-03,n.news.naver.com,Korean,South Korea,항만,D3_인프라,2026-07-03,,0,NONE,Corporate anniversary,
2becc1bfaf4b346c56c7a189cc0c63fa,"금융위 ""국민성장펀드,지방에 40%이상 투자""…부산서 첨단산업 지원 방...",https://www.greened.kr/news/articleView.html?idxno=344184,2026-07-03,www.greened.kr,Korean,South Korea,항만,D3_인프라,2026-07-03,,0,NONE,Regional investment,
09a640d83dee8787abe39efd736654b4,"""올여름 광암에서 즐기자""...SUP 챔피언십부터 바다 콘서트까지 '풍성'",https://www.ajunews.com/view/20260703160608344,2026-07-03,www.ajunews.com,Korean,South Korea,항만,D3_인프라,2026-07-03,,0,NONE,Beach events,
42dd2958827e8b71780ee2f14d22fb57,"BPA, 김호영 신임 건설본부장 임명",https://www.ksg.co.kr/news/main_newsView.jsp?pNum=147551,2026-07-03,www.ksg.co.kr,Korean,South Korea,항만,D3_인프라,2026-07-03,,0,NONE,Personnel appointment,
836f354ab34fe3023edcbe0268c99acc,"부산시, 지역 벤처생태계 활성화 위한 협력 본격화",http://www.breaknews.com/1218974,2026-07-03,www.breaknews.com,Korean,South Korea,항만,D3_인프라,2026-07-03,,0,NONE,Regional development,
3dfb8a263f90ace028b97765f772a3bf,"[국민보고회] 영남, 전력·용수·공항 다 갖추고도 반도체 투자 '제로'…...",https://www.ajunews.com/view/20260703154431293,2026-07-03,www.ajunews.com,Korean,South Korea,항만,D3_인프라,2026-07-03,,0,NONE,Regional investment,
28d42a0d8f75ac4b3d50f47d698230d6,"해진공, 창립 8주년 맞아 직원 소통 확대…해양환경 정화에 7천만원 지...",https://www.mhns.co.kr/news/articleView.html?idxno=752239,2026-07-03,www.mhns.co.kr,Korean,South Korea,항만,D3_인프라,2026-07-03,,0,NONE,Corporate anniversary,
607d32236f944bcfec7e7467393d408d,정성주 김제시장 “민선 9기 시민이 체감하는 실질적 변화 완성”,https://www.kukinews.com/article/view/kuk202607030100,2026-07-03,www.kukinews.com,Korean,South Korea,항만,D3_인프라,2026-07-03,,0,NONE,,
7eff487a0f759a5a57ef071678e6f0e2,"부산창경, 스스로 프로젝트 3기 비수도권 20개사 지원",https://www.inthenews.co.kr/news/article.html?no=88923,2026-07-03,www.inthenews.co.kr,Korean,South Korea,항만,D3_인프라,2026-07-03,,0,NONE,,
34c756c88a08a34b3f5b71bdb013ac8f,"인천 제물포구, 기자간담회 열고 구정 비전 발표...원도심 중심도시 도...",https://www.kmaeil.com/news/articleView.html?idxno=644272,2026-07-03,www.kmaeil.com,Korean,South Korea,항만,D3_인프라,2026-07-03,,0,NONE,,
da91337d87f9baffb1656ef74d3ed711,[부산은 오늘] 부산시·백종헌 의원· 부산동구,http://www.iminju.net/news/articleView.html?idxno=166189,2026-07-03,www.iminju.net,Korean,South Korea,항만,D3_인프라,2026-07-03,,0,NONE,,
fda0dc0e5094c9fb7725995f85804729,"부산시, 금융위와 첨단·벤처생태계 활성화 본격화…2조 펀드 조성",https://n.news.naver.com/mnews/article/658/0000148543?sid=101,2026-07-03,n.news.naver.com,Korean,South Korea,항만,D3_인프라,2026-07-03,,0,NONE,,
9200f96826cda05205ba0ee5686af9a7,"농협사료 군산바이오, 화재 대응력 강화",https://www.chukkyung.co.kr/news/articleView.html?idxno=81828,2026-07-03,www.chukkyung.co.kr,Korean,South Korea,항만,D3_인프라,2026-07-03,,0,NONE,,
bbe03b29d5a9ad4fdbae15e3a196f140,퇴직 공직자 취업 심사… 불승인·제한 사례 속출,https://www.gokorea.kr/news/articleView.html?idxno=871101,2026-07-03,www.gokorea.kr,Korean,South Korea,항만,D3_인프라,2026-07-03,,0,NONE,,
62aa7a9094a7c4c1cddd8fe842e83207,[민주 부동산] DL이앤씨·현대건설·현대엔지니어링,http://www.iminju.net/news/articleView.html?idxno=166188,2026-07-03,www.iminju.net,Korean,South Korea,항만,D3_인프라,2026-07-03,,0,NONE,,
a01b113206600326c1a19d2da56a02d6,"[포토]박단유,핀에 붙여볼까",https://m.sports.naver.com/golf/article/018/0006322430,2026-07-03,m.sports.naver.com,Korean,South Korea,유가,D5_시장지표,2026-07-03,,0,NONE,,
67e00bfaa3f9291700586752c3826b9b,"[포토]박단유,버디를 향하여",https://m.sports.naver.com/golf/article/018/0006322432,2026-07-03,m.sports.naver.com,Korean,South Korea,유가,D5_시장지표,2026-07-03,,0,NONE,,
2b61b2326abbe69dd534972b99bd9e99,"[포토]박단유,강하게 띄운다",https://m.sports.naver.com/golf/article/018/0006322431,2026-07-03,m.sports.naver.com,Korean,South Korea,유가,D5_시장지표,2026-07-03,,0,NONE,,
afde95a7bddfabdc08528b59f7acfdde,"[포토]박단유,버디 퍼트 들어가자",https://m.sports.naver.com/golf/article/018/0006322424,2026-07-03,m.sports.naver.com,Korean,South Korea,유가,D5_시장지표,2026-07-03,,0,NONE,,
1d118279433fa81552e5cfe11698ddc1,"[포토]박단유,미소 브이 출발",https://m.sports.naver.com/golf/article/018/0006322429,2026-07-03,m.sports.naver.com,Korean,South Korea,유가,D5_시장지표,2026-07-03,,0,NONE,,
429cb2c1b5cdae6fe9140e8be1d2bd2d,"[포토]박단유,버디를 준비한다",https://m.sports.naver.com/golf/article/018/0006322425,2026-07-03,m.sports.naver.com,Korean,South Korea,유가,D5_시장지표,2026-07-03,,0,NONE,,
dfe53b246f10e6d55a425aa1501e70f3,"[포토]박단유,티샷은 집중한다",https://m.sports.naver.com/golf/article/018/0006322426,2026-07-03,m.sports.naver.com,Korean,South Korea,유가,D5_시장지표,2026-07-03,,0,NONE,,
6faf8854eaf9a8c17191f7c73625ae93,"[포토]박단유,파워풀 임팩트",https://m.sports.naver.com/golf/article/018/0006322427,2026-07-03,m.sports.naver.com,Korean,South Korea,유가,D5_시장지표,2026-07-03,,0,NONE,,
e148e2c388dd790efca2f22c84e4980c,"[포토]박단유,버디위해 강력하게",https://m.sports.naver.com/golf/article/018/0006322428,2026-07-03,m.sports.naver.com,Korean,South Korea,유가,D5_시장지표,2026-07-03,,0,NONE,,
32b981c88a268909b2ccfb4cb27f4e9b,"[포토]박단유,차분하게 홀을 본다",https://m.sports.naver.com/golf/article/018/0006322423,2026-07-03,m.sports.naver.com,Korean,South Korea,유가,D5_시장지표,2026-07-03,,0,NONE,,
dcda7e699bfb8006ba74c7b0ccb5da55,"코스피, 기관 매수에 상승 마감...SK하이닉스, 삼성전자, 삼성물산, SK스...",http://www.econonews.co.kr/news/articleView.html?idxno=440667,2026-07-03,www.econonews.co.kr,Korean,South Korea,유가,D5_시장지표,2026-07-03,,0,NONE,,
910e9f42277a6276aaa79b63dbe8e2ae,"비트코인, 7만 달러 갈까 4만2,000달러 갈까…전문가 전망 엇갈려",http://coinreaders.com/245995,2026-07-03,coinreaders.com,Korean,South Korea,유가,D5_시장지표,2026-07-03,,0,NONE,,
4b0d5768513db99f5667e464eff4e76e,"[증시 진단] 코스피 폭등 이면의 숨은 그림자, 외국인은 왜 상반기 동안...",https://www.businesskorea.co.kr/news/articleView.html?idxno=272475,2026-07-03,www.businesskorea.co.kr,Korean,South Korea,유가,D5_시장지표,2026-07-03,,0,NONE,,
9781cedceedb82d58ee1dd14a9186c07,"Sh수협은행 ""미국 가계 생활비 부담 임계점 근접""…리스크 분석 보고서...",https://www.polinews.co.kr/news/articleView.html?idxno=735934,2026-07-03,www.polinews.co.kr,Korean,South Korea,유가,D5_시장지표,2026-07-03,,0,NONE,,
a712cfa4b9d7ea27d7149a8e62ebed18,"美 고용 둔화에 연준 '숨 고르기'…월가 ""추가 인상 가능성 낮다""",https://www.newspim.com/news/view/20260703000954,2026-07-03,www.newspim.com,Korean,South Korea,유가,D5_시장지표,2026-07-03,,0,NONE,,
d041f8841ff99ed17a09f0657a69f692,6월 소비자물가 3.2%↑ ... 2개월 연속 3%대 상승,https://www.ppss.kr/news/articleView.html?idxno=300926,2026-07-03,www.ppss.kr,Korean,South Korea,유가,D5_시장지표,2026-07-03,,0,NONE,,
25562f56c254505c9cad60d371b41111,"""민생경제 살리겠다"" 춘천시, 민생복지·원도심 회복 추진",https://www.ppss.kr/news/articleView.html?idxno=300963,2026-07-03,www.ppss.kr,Korean,South Korea,유가,D5_시장지표,2026-07-03,,0,NONE,,
5352f6cc6064b8bc21e66717ff6983f4,2026_7_3 오늘의 주요뉴스,https://kjmbc.co.kr/NewsArticle/1525991,2026-07-03,kjmbc.co.kr,Korean,South Korea,유가,D5_시장지표,2026-07-03,,0,NONE,,
a10a74bdb11bf60b1ec7a81f7afca34f,“삼전 5.4만원일 때 5억 올인”…25억 벌고 은퇴 선언한 학원 강사,https://n.news.naver.com/mnews/article/081/0003658305?sid=101,2026-07-03,n.news.naver.com,Korean,South Korea,유가,D5_시장지표,2026-07-03,,0,NONE,,
d1f07e53368e4bd0944a3662cf76fe60,"금호건설, 공매도 과열종목 지정 연장→공매도 거래 하루 금지",https://www.topstarnews.net/news/articleView.html?idxno=16122836,2026-07-03,www.topstarnews.net,Korean,South Korea,유가,D5_시장지표,2026-07-03,,0,NONE,,
f75435d2ede02e238dd28e806b22b64b,"현대로템, 투자주의종목 지정→단기 주가변동에 경고",https://www.topstarnews.net/news/articleView.html?idxno=16122829,2026-07-03,www.topstarnews.net,Korean,South Korea,유가,D5_시장지표,2026-07-03,,0,NONE,,
84ee3eb23e62cc71d55e49a67e71407e,"코스피, 역대급 급등락 끝에 8,000선 회복",https://www.viewsnnews.com/article?q=236942,2026-07-03,www.viewsnnews.com,Korean,South Korea,유가,D5_시장지표,2026-07-03,,0,NONE,,
527e42a7bd67b2d290899e1db5b63c1a,부동산 PF 금융규제 연장...정상 사업장 지원 강화,https://www.tokenpost.kr/news/economy/374871,2026-07-03,www.tokenpost.kr,Korean,South Korea,유가,D5_시장지표,2026-07-03,,0,NONE,,
220c4fd3167cbe1ac9f16676907aa846,"한국거래소, 우주테크·K방산 ETF 신규 상장...7일부터 거래 개시",https://www.pinpointnews.co.kr/news/articleView.html?idxno=465432,2026-07-03,www.pinpointnews.co.kr,Korean,South Korea,유가,D5_시장지표,2026-07-03,,0,NONE,,
e0554974ed77dc0c8594196751297a5f,[금융픽] 하나금융그룹·KB국민은행·신한은행·Sh수협은행·NH농협은행...,http://www.newsian.co.kr/news/articleView.html?idxno=91800,2026-07-03,www.newsian.co.kr,Korean,South Korea,유가,D5_시장지표,2026-07-03,,0,NONE,,
0f68e15c1a68fe950b6f80513bdfdb13,"비트코인, 고용 둔화에 6만2000달러 회복…바닥 신호 주목된다",https://www.tokenpost.kr/news/cryptocurrency/374862,2026-07-03,www.tokenpost.kr,Korean,South Korea,유가,D5_시장지표,2026-07-03,,0,NONE,,
a08953d6554d3d985d7867a67c22ef93,“월 770만원 번다” 학업·직장 관두고 세차창업 美 20대,https://n.news.naver.com/mnews/article/021/0002802259?sid=104,2026-07-03,n.news.naver.com,Korean,South Korea,유가,D5_시장지표,2026-07-03,,0,NONE,,
0b7ddee59dc3f125248c9b8ba9ee1c6f,"[ECM] 빅딜 가뭄에 상반기 IPO '한파', NH증권 선두…하반기 턴어라운드...",https://www.fntimes.com/html/view.php?ud=2026070316181682990f4390e77d_18,2026-07-03,www.fntimes.com,Korean,South Korea,유가,D5_시장지표,2026-07-03,,0,NONE,,
12aaa618271abcc98f50ebe2e995195a,유로존 6월 서비스업 PMI 49.4…비용압력 둔화(상보),https://news.einfomax.co.kr/news/articleView.html?idxno=4423344,2026-07-03,news.einfomax.co.kr,Korean,South Korea,유가,D5_시장지표,2026-07-03,,0,NONE,,
30d5e26229272f2dffff5c291278c561,[ngo칼럼]동학농민혁명 역사를 당진의 정체성으로,http://www.djtimes.co.kr/news/articleView.html?idxno=112532,2026-07-03,www.djtimes.co.kr,Korean,South Korea,유가,D5_시장지표,2026-07-03,,0,NONE,,
e9f23f015fef447f02111c95be2bbf3c,"전쟁없는 세상, 노동자가 만들자! 2026 대구노동자 자주평화학교",http://worknworld.kctu.org/news/articleView.html?idxno=509614,2026-07-03,worknworld.kctu.org,Korean,South Korea,유가,D5_시장지표,2026-07-03,,0,NONE,,
8e48ba9aabfacbdb6c5afdeb6aea8190,코리아 그랜드 페스티벌···10월 29일부터 18일간 개최,https://www.ktv.go.kr/content/view?content_id=757440,2026-07-03,www.ktv.go.kr,Korean,South Korea,유가,D5_시장지표,2026-07-03,,0,NONE,,
3731c950713b16e643ac53dc2c359b05,"""추석 전 지원금 드려요""…30만원 지급하는 이곳, 어디?",https://n.news.naver.com/mnews/article/018/0006322122?sid=102,2026-07-03,n.news.naver.com,Korean,South Korea,유가,D5_시장지표,2026-07-03,,0,NONE,,
870f1e597bdb6be26a9496f1ab17bfff,태국·필리핀·베트남도 재정 악화…통화가치 내리막,https://n.news.naver.com/mnews/article/015/0005306107?sid=104,2026-07-03,n.news.naver.com,Korean,South Korea,유가,D5_시장지표,2026-07-03,,0,NONE,,
074613977596c1161273c814c7ded6eb,"코스피, 사이드카 하루 만에 'V자' 반등...삼성전자·SK하이닉스 동반 폭...",http://coinreaders.com/245999,2026-07-03,coinreaders.com,Korean,South Korea,코스피,D5_시장지표,2026-07-03,,0,NONE,,
c265b2ab1f868a338166eadeed357fa9,"""별의별 생각 다했다""…15% 추락→11% 상승 개미 '어리둥절'",https://n.news.naver.com/mnews/article/215/0001257563?sid=101,2026-07-03,n.news.naver.com,Korean,South Korea,코스피,D5_시장지표,2026-07-03,,0,NONE,,
b4944c61a13d7ea6c07427ae3d8942df,"코스피, 하루 만에 반등하며 8,000선 회복… 대형 반도체주 영향",https://www.tokenpost.kr/news/market/374890,2026-07-03,www.tokenpost.kr,Korean,South Korea,코스피,D5_시장지표,2026-07-03,,0,NONE,,
3f0ab6bbf89a412fa6ac5acac7e20a44,[상한가 종목] 삼화전자-동원개발 이어 민테크-져스텍 등 마감,http://www.econonews.co.kr/news/articleView.html?idxno=440666,2026-07-03,www.econonews.co.kr,Korean,South Korea,코스피,D5_시장지표,2026-07-03,,0,NONE,,
d321a234c264370a6b040198508f58a3,"""코스피 요동쳐도 2배로 간다""…삼전·닉스 레버리지에 212조 몰려",https://n.news.naver.com/mnews/article/018/0006322153?sid=101,2026-07-03,n.news.naver.com,Korean,South Korea,코스피,D5_시장지표,2026-07-03,,0,NONE,,
8cd2b2eecc542b1d1cfadaf85911d2bf,금감원장의 황당한 뒷북 경고 [취재수첩],https://n.news.naver.com/mnews/article/024/0000106655?sid=110,2026-07-03,n.news.naver.com,Korean,South Korea,코스피,D5_시장지표,2026-07-03,,0,NONE,,
080757db523d32ae87a9e5e0e2a684f2,"금·은 → 반도체 주식, 다음은 비트코인? [홍익희의 비트코인 이야기]",https://n.news.naver.com/mnews/article/024/0000106653?sid=110,2026-07-03,n.news.naver.com,Korean,South Korea,코스피,D5_시장지표,2026-07-03,,0,NONE,,
2b68d1162ca9bf26178b151027275632,"단 3분 만에 ‘7% 폭락장’으로, 진짜 범인은 따로 있다…주가 폭락의 ...",https://n.news.naver.com/mnews/article/016/0002665592?sid=101,2026-07-03,n.news.naver.com,Korean,South Korea,코스피,D5_시장지표,2026-07-03,,0,NONE,,
6af5b20926d1d5b87d1bfc1971f6a7a9,하루 만에 8천 복귀…본주 뒤쫓는 '레버리지',https://n.news.naver.com/mnews/article/055/0001369557?sid=101,2026-07-03,n.news.naver.com,Korean,South Korea,코스피,D5_시장지표,2026-07-03,,0,NONE,,
68e24507f41243ed0acd215a48bfc79b,"화장품주, 롤러코스터 장세에도 주간 11.8% 상승…수출 호조 기대감 지...",https://www.thebk.co.kr/news/articleView.html?idxno=310416,2026-07-03,www.thebk.co.kr,Korean,South Korea,코스피,D5_시장지표,2026-07-03,,0,NONE,,
2672a7f00020508a8ffca2797c174a01,[뉴스인사이드_뉴스톡톡]홈플러스 법정관리 종료…회생 무산 위기,https://www.newsinside.kr/news/articleView.html?idxno=4811267,2026-07-03,www.newsinside.kr,Korean,South Korea,코스피,D5_시장지표,2026-07-03,,0,NONE,,
46f109008418042dfa6da2f0d4821cc0,코스피 5.76% ‘급반등’…하루 만에 ‘8천 선 회복’,https://n.news.naver.com/mnews/article/056/0012211362?sid=101,2026-07-03,n.news.naver.com,Korean,South Korea,코스피,D5_시장지표,2026-07-03,,0,NONE,,
5b67835de0f1757d588e518ada2c274c,주식부자 늘고 수억 성과급도 받고…부자 많아지니 백화점 주가 신나겠...,https://n.news.naver.com/mnews/article/016/0002665574?sid=101,2026-07-03,n.news.naver.com,Korean,South Korea,코스피,D5_시장지표,2026-07-03,,0,NONE,,
2226b33f0c401de11d5723fee40b4624,[집중진단] 삼전닉스 반등에 코스피 8000 탈환…금융투자 매수가 구원투...,https://n.news.naver.com/mnews/article/374/0000519913?sid=101,2026-07-03,n.news.naver.com,Korean,South Korea,코스피,D5_시장지표,2026-07-03,,0,NONE,,
f881b867713f5917e6962ecf7fe03879,"그래도 삼전·닉스 2배로…‘불개미’, 레버리지 ETF로 ‘우르르’",https://n.news.naver.com/mnews/article/024/0000106650?sid=101,2026-07-03,n.news.naver.com,Korean,South Korea,코스피,D5_시장지표,2026-07-03,,0,NONE,,
7e3727896059013365c19c3c25c7a34a,"'고점 대비 30%↓' 삼전닉스, 향방 최대 관심사 부상",http://www.hansbiz.co.kr/news/articleView.html?idxno=848132,2026-07-03,www.hansbiz.co.kr,Korean,South Korea,코스피,D5_시장지표,2026-07-03,,0,NONE,,
6bb402077aa286117efac49fc221cd74,삼성화재 목표주가가 91만원으로 치솟은 이유는,https://www.the-pr.co.kr/news/articleView.html?idxno=61809,2026-07-03,www.the-pr.co.kr,Korean,South Korea,코스피,D5_시장지표,2026-07-03,,0,NONE,,
d30eb9dcdd69b3e4cb85778f6fd90a1a,[주식도락] 태평양 건넌 불나방…서학개미 '국장 3배' KORU에 꽂혔다,http://www.newsdream.kr/news/articleView.html?idxno=113991,2026-07-03,www.newsdream.kr,Korean,South Korea,코스피,D5_시장지표,2026-07-03,,0,NONE,,
077e338673b00be8cdea10f37e782728,"거래소, 첨단로봇·K-콘텐츠도 맞춤형 심사···특례상장사는 관리 강화...",https://www.womaneconomy.co.kr/news/articleView.html?idxno=255723,2026-07-03,www.womaneconomy.co.kr,Korean,South Korea,코스피,D5_시장지표,2026-07-03,,0,NONE,,
f1e58882736f877f6b626e9bc6f3f9cb,"[오늘의 주목주] '반도체 반등' SK하이닉스 주가 10%대 올라, 코스피 기...",https://www.businesspost.co.kr/BP?command=article_view&num=441561,2026-07-03,www.businesspost.co.kr,Korean,South Korea,코스피,D5_시장지표,2026-07-03,,0,NONE,,
857602780ada22839a3b5f96c02f87be,[연합뉴스 이 시각 헤드라인] - 18:00,https://n.news.naver.com/mnews/article/001/0016175412?sid=101,2026-07-03,n.news.naver.com,Korean,South Korea,코스피,D5_시장지표,2026-07-03,,0,NONE,,
6a3c607d61e9778e67d37ca72f182cb9,코스피 반등했지만… 레버리지 개미들 눈덩이 손실,https://n.news.naver.com/mnews/article/037/0000038446?sid=101,2026-07-03,n.news.naver.com,Korean,South Korea,코스피,D5_시장지표,2026-07-03,,0,NONE,,
94c4f964b6283b0806367764a9af0ff8,"NH투자증권, 그룹 기여도 30% 넘기나…효자 계열사 ‘우뚝’",https://www.ceoscoredaily.com/page/view/2026070313454235542,2026-07-03,www.ceoscoredaily.com,Korean,South Korea,코스피,D5_시장지표,2026-07-03,,0,NONE,,
86bdd8f82eaacb8895f3182a006f0f46,하루 758P 출렁…210조 몰린 단일종목 레버리지의 그림자,https://n.news.naver.com/mnews/article/011/0004637970?sid=101,2026-07-03,n.news.naver.com,Korean,South Korea,코스피,D5_시장지표,2026-07-03,,0,NONE,,
c94f0a9e54e01ff028ac534e360535fa,'아찔 코스피' 이번엔 급반등 … 8천 붕괴후 세 번째 재돌파,https://n.news.naver.com/mnews/article/009/0005702564?sid=101,2026-07-03,n.news.naver.com,Korean,South Korea,코스피,D5_시장지표,2026-07-03,,0,NONE,,
6bbfcacaf9f22bd8930d55c54fe4a276,"LIG넥스원 주가, 7월 3일 800,000원 4.99% 상승 마감",https://www.joongangenews.com/news/articleView.html?idxno=530463,2026-07-03,www.joongangenews.com,Korean,South Korea,코스피,D5_시장지표,2026-07-03,,0,NONE,,
23fd27e895c4117409485a9c867a20e2,"현대로템 주가, 7월 3일 200,500원 1.57% 상승 마감",https://www.joongangenews.com/news/articleView.html?idxno=530464,2026-07-03,www.joongangenews.com,Korean,South Korea,코스피,D5_시장지표,2026-07-03,,0,NONE,,
75dc540274a3b9bb424fc351106f4fc5,"삼전닉스 레버리지 ETF, '음의 복리효과' 주의보",https://n.news.naver.com/mnews/article/015/0005306071?sid=101,2026-07-03,n.news.naver.com,Korean,South Korea,코스피,D5_시장지표,2026-07-03,,0,NONE,,
abd58928b11a80e762adf77f7866b8c6,"SK오션플랜트 주가, 7월 3일 15,320원 1.73% 하락 마감",https://www.joongangenews.com/news/articleView.html?idxno=530472,2026-07-03,www.joongangenews.com,Korean,South Korea,코스피,D5_시장지표,2026-07-03,,0,NONE,,
44cc671ed741314d93e4a61ecba7d175,"한국항공우주 주가, 7월 3일 156,600원 1.56% 상승 마감",https://www.joongangenews.com/news/articleView.html?idxno=530466,2026-07-03,www.joongangenews.com,Korean,South Korea,코스피,D5_시장지표,2026-07-03,,0,NONE,,
7a3dcd4ad00405e7e99915c0312d295d,"HD현대중공업 주가, 7월 3일 577,000원 2.20% 하락 마감",https://www.joongangenews.com/news/articleView.html?idxno=530471,2026-07-03,www.joongangenews.com,Korean,South Korea,코스피,D5_시장지표,2026-07-03,,0,NONE,,
c38c01551d5961fca213682c63b9b031,"한화시스템 주가, 7월 3일 75,500원 1.89% 상승 마감",https://www.joongangenews.com/news/articleView.html?idxno=530467,2026-07-03,www.joongangenews.com,Korean,South Korea,코스피,D5_시장지표,2026-07-03,,0,NONE,,
5429b39e17402cbb60a5e415af8325fc,"HD한국조선해양 주가, 7월 3일 359,500원 0.83% 하락 마감",https://www.joongangenews.com/news/articleView.html?idxno=530468,2026-07-03,www.joongangenews.com,Korean,South Korea,코스피,D5_시장지표,2026-07-03,,0,NONE,,
37707113a8be2e985d9f52553732e45e,"HD현대일렉트릭 주가, 7월 3일 945,000원 2.48% 하락 마감",https://www.joongangenews.com/news/articleView.html?idxno=530457,2026-07-03,www.joongangenews.com,Korean,South Korea,코스피,D5_시장지표,2026-07-03,,0,NONE,,
8c5c1c5a2edc8e86e0c4881703879a2f,"디아이 주가, 7월 3일 24,700원 1.65% 상승 마감",https://www.joongangenews.com/news/articleView.html?idxno=530449,2026-07-03,www.joongangenews.com,Korean,South Korea,코스피,D5_시장지표,2026-07-03,,0,NONE,,
7e082533c9d5b9ba58fc57744c27aa6e,"산일전기 주가, 7월 3일 221,000원 7.14% 하락 마감",https://www.joongangenews.com/news/articleView.html?idxno=530458,2026-07-03,www.joongangenews.com,Korean,South Korea,코스피,D5_시장지표,2026-07-03,,0,NONE,,
b1141dd838d304019d21f705bc9d5f5a,"[3일 특징주] 증권株, 거래대금 상승·호실적 기대에 '강세'",https://www.newsworks.co.kr/news/articleView.html?idxno=846088,2026-07-03,www.newsworks.co.kr,Korean,South Korea,코스피,D5_시장지표,2026-07-03,,0,NONE,,
64abe095025bf5569dfc9f1a095aa363,"이언주 “단일종목 레버리지, 투기 수단 키운 것 아닌지”",https://n.news.naver.com/mnews/article/021/0002802246?sid=100,2026-07-03,n.news.naver.com,Korean,South Korea,코스피,D5_시장지표,2026-07-03,,0,NONE,,
2be0f5784cf87e5dc2932e0974976475,"섬유·패션·뷰티, 종목별 차별화…중소형주 강세, 대형주는 혼조",http://okfashion.co.kr/detail.php?number=63786&thread=62r04,2026-07-03,okfashion.co.kr,Korean,South Korea,코스피,D5_시장지표,2026-07-03,,0,NONE,,
262980fe2907ae95f92b3ef6415594f2,"'서준혁 숙원' 소노인터내셔널 상장 가는 길 '잡음', 티웨이홀딩스 소액...",https://www.businesspost.co.kr/BP?command=article_view&num=441531,2026-07-03,www.businesspost.co.kr,Korean,South Korea,코스피,D5_시장지표,2026-07-03,,0,NONE,,
60df04de8c0de808405099d3ab229be4,"코스피 8,088.34 코스닥 868.41",https://n.news.naver.com/mnews/article/056/0012211338?sid=101,2026-07-03,n.news.naver.com,Korean,South Korea,코스피,D5_시장지표,2026-07-03,,0,NONE,,
59e90aff05d2ea2d457951d215911320,"증시 변동성 키운 단일종목 레버리지, 특단 대책 내놓아야 [사설]",https://n.news.naver.com/mnews/article/009/0005702516?sid=110,2026-07-03,n.news.naver.com,Korean,South Korea,코스피,D5_시장지표,2026-07-03,,0,NONE,,
ff61c7e776e60211a2f5cbd99938d2da,게임주 침체기에도 엔씨는 달렸다...국민연금이 반년간 67만주 담은 이유,https://www.techm.kr/news/articleView.html?idxno=153115,2026-07-03,www.techm.kr,Korean,South Korea,코스피,D5_시장지표,2026-07-03,,0,NONE,,
d42da6bab81e64cf550f73eecdedec65,급락 딛고 8000선 회복한 코스피…'삼전·닉스' 급반등에 안도,https://n.news.naver.com/mnews/article/469/0000940262?sid=101,2026-07-03,n.news.naver.com,Korean,South Korea,코스피,D5_시장지표,2026-07-03,,0,NONE,,
836b903d831a86f3867ed48f1815a895,다시 고개 든 반도체 고점 논란…삼성전자·SK하이닉스 향방은,http://www.srtimes.kr/news/articleView.html?idxno=206720,2026-07-03,www.srtimes.kr,Korean,South Korea,코스피,D5_시장지표,2026-07-03,,0,NONE,,
78cff84aaea9592c09d4abc9d4946a4f,"코스닥 바이오 31곳, 시총·주가 ‘상폐 기준선’ 아래",https://n.news.naver.com/mnews/article/296/0000102215?sid=101,2026-07-03,n.news.naver.com,Korean,South Korea,코스피,D5_시장지표,2026-07-03,,0,NONE,,
8b8ad791b280a700fd421bfeb5160abe,[업앤다운] 게임주 하락…엠게임↑·위메이드맥스↓,https://www.nspna.com/news/?mode=view&newsid=819291,2026-07-03,www.nspna.com,Korean,South Korea,코스피,D5_시장지표,2026-07-03,,0,NONE,,
8f99c261b3b296ba4e241dc8ce482125,"[업앤다운]증권주 7% 상승, 삼성증권↑·NH투자증권↑",https://www.nspna.com/news/?mode=view&newsid=819322,2026-07-03,www.nspna.com,Korean,South Korea,코스피,D5_시장지표,2026-07-03,,0,NONE,,
602a653bd8ba91b8852dc6e012f89600,"배재고 6일 '방문 사과'…""광주일고와 5.18묘지 참배"" [짤e몽땅]",https://n.news.naver.com/mnews/article/057/0001956828?sid=102,2026-07-03,n.news.naver.com,Korean,South Korea,코스피,D5_시장지표,2026-07-03,,0,NONE,,
357d62407c813a938486e75925eb716b,코스피 또 역대급 ‘롤러코스피’…장중 변동폭 역대 2위,https://n.news.naver.com/mnews/article/025/0003535219?sid=101,2026-07-03,n.news.naver.com,Korean,South Korea,코스피,D5_시장지표,2026-07-03,,0,NONE,,
c0f6218eb5c360cbc3ba8b69fe073670,"[이준희 만평] 검은 목요일, 2개월 동안의 일장춘몽(一場春夢)?",https://www.womaneconomy.co.kr/news/articleView.html?idxno=255762,2026-07-03,www.womaneconomy.co.kr,Korean,South Korea,코스피,D5_시장지표,2026-07-03,,0,NONE,,
6519179209c295ae77326b53aa16e18f,"[마감시황] 대형 반도체주 반등…코스피, 8000선 회복",http://www.hansbiz.co.kr/news/articleView.html?idxno=848172,2026-07-03,www.hansbiz.co.kr,Korean,South Korea,코스피,D5_시장지표,2026-07-03,,0,NONE,,
f0c2dc1f823f84536885c6300088b461,"도약계좌 2년 걸렸는데···미래적금, 신청 2주만에 200만명 돌파",https://www.seoulfn.com/news/articleView.html?idxno=632639,2026-07-03,www.seoulfn.com,Korean,South Korea,코스피,D5_시장지표,2026-07-03,,0,NONE,,
b500ead994dc489246457510c23310a0,"아시아증시, 美 고용지표 효과⋯日 닛케이 1.47%↑",https://www.etoday.co.kr/news/view/2600153,2026-07-03,www.etoday.co.kr,Korean,South Korea,코스피,D5_시장지표,2026-07-03,,0,NONE,,
faa797684e60b9e7e22d184e56e3eaa3,"코스피 8,000선 회복…장중 변동폭 역대 2위",https://www.obsnews.co.kr/news/articleView.html?idxno=1529502,2026-07-03,www.obsnews.co.kr,Korean,South Korea,코스피,D5_시장지표,2026-07-03,,0,NONE,,
8509bf1429237e27334c3bdfe27eabc1,"김성훈 DS운용 대표 ""액티브 ETF·싱가포르 진출로 운용자산 10兆 달성 목...",https://n.news.naver.com/mnews/article/015/0005306018?sid=101,2026-07-03,n.news.naver.com,Korean,South Korea,코스피,D5_시장지표,2026-07-03,,0,NONE,,
35d1d95c3b8eb681d1dc77c4e57ad626,코스피 8800선 회복…반도체주 중심 반발매수세에 반등,http://www.sisafocus.co.kr/news/articleView.html?idxno=362108,2026-07-03,www.sisafocus.co.kr,Korean,South Korea,코스피,D5_시장지표,2026-07-03,,0,NONE,,
4d70dcfa1e46e7ca0f2b951ce15bbee4,[위클리오늘] 코스피 폭락은 '기술적 숨고르기'···반도체 수출단가 최...,http://www.weeklytoday.com/news/articleView.html?idxno=783434,2026-07-03,www.weeklytoday.com,Korean,South Korea,코스피,D5_시장지표,2026-07-03,,0,NONE,,
6ffbaccf34ad735fe9887b1226a8abf6,"반등 성공한 코스피…차주 증시, 삼성전자 실적에 쏠린 눈",https://n.news.naver.com/mnews/article/243/0000099983?sid=101,2026-07-03,n.news.naver.com,Korean,South Korea,코스피,D5_시장지표,2026-07-03,,0,NONE,,
5f123b8affc776762e4f7f797cab0331,"韓서 149조 판 외국인, 日선 104조 샀다…아시아 반도체 머니무브",https://n.news.naver.com/mnews/article/025/0003535217?sid=101,2026-07-03,n.news.naver.com,Korean,South Korea,코스피,D5_시장지표,2026-07-03,,0,NONE,,
f198806c635c2abf1d4d54355e46ea57,[애프터마켓 브리핑] 코스피 급락 하루 만에 급반등…8000선 회복,https://n.news.naver.com/mnews/article/374/0000519878?sid=101,2026-07-03,n.news.naver.com,Korean,South Korea,코스피,D5_시장지표,2026-07-03,,0,NONE,,
481d69f5cd4d2bc1f935f67b3753a8dd,"SK하이닉스 27% 급락에도…""목표가 420만원 상향 나왔다""",https://www.thepublic.kr/news/articleView.html?idxno=310021,2026-07-03,www.thepublic.kr,Korean,South Korea,공급부족,D6_교란행위,2026-07-03,,0,NONE,,
8a0d33c5059a08f36cf0a217b601814c,"[이슈+] AI 열풍에 일본 반도체 시장도 들떴다...""성장은 확실하지만 메...",http://www.biztribune.co.kr/news/articleView.html?idxno=355524,2026-07-03,www.biztribune.co.kr,Korean,South Korea,공급부족,D6_교란행위,2026-07-03,,0,NONE,,
a54c55d28198f2b9a6ba3d5e4927e7da,"AI 메모리 공급난에… 반도체 업계 ""정부 가격·생산 개입 자제해야""",https://it.chosun.com/news/articleView.html?idxno=2023092165096,2026-07-03,it.chosun.com,Korean,South Korea,공급부족,D6_교란행위,2026-07-03,,0,NONE,,
3dfc4ac37f5de9a45e77856c0310c53a,중산층 구매가능 서울 주택 13년새 32→7%로 뚝,https://n.news.naver.com/mnews/article/011/0004637989?sid=101,2026-07-03,n.news.naver.com,Korean,South Korea,공급부족,D6_교란행위,2026-07-03,,0,NONE,,
aa682fa6192803f57c061a9fe3ffdc76,"中 메모리 검토 애플…""삼전닉스 경쟁력 더 부각될 수도""",https://www.dizzotv.com/site/data/html_dir/2026/07/03/2026070380162.html,2026-07-03,www.dizzotv.com,Korean,South Korea,공급부족,D6_교란행위,2026-07-03,,0,NONE,,
2eae207c870ed021a9fc291378122f97,"TSMCㆍ피터틸 연합군 뭉쳤다, 엔비디아칩에 도전하는 에치드에 투자",http://www.impacton.net/news/articleView.html?idxno=19481,2026-07-03,www.impacton.net,Korean,South Korea,공급부족,D6_교란행위,2026-07-03,,0,NONE,,
f2d2e5824b6c6c3fc00bd91e8b134a77,"[함영진의 부동산화수분] '초양극화' 시대, 상반기 주택시장 10대 이슈",https://weekly.hankooki.com/news/articleView.html?idxno=7172567,2026-07-03,weekly.hankooki.com,Korean,South Korea,공급부족,D6_교란행위,2026-07-03,,0,NONE,,
0c37942ccf0710b6c9e1c05bc8de09c6,30억 분양가에도 흥행…서울 청약 잇단 완판,https://n.news.naver.com/mnews/article/024/0000106643?sid=101,2026-07-03,n.news.naver.com,Korean,South Korea,공급부족,D6_교란행위,2026-07-03,,0,NONE,,
0d53de62b0823b8ba3f6ccd2221ca5c5,"""美정부, 생산 개입땐 반도체 공급난 악화""",https://n.news.naver.com/mnews/article/009/0005702574?sid=104,2026-07-03,n.news.naver.com,Korean,South Korea,공급부족,D6_교란행위,2026-07-03,,0,NONE,,
ce8ef25dc2373ecfa72a8176c3f654b8,“그래도 믿을건 삼전닉스” 여전히 더 오른다…“2분기 합산 매출만 2...,https://n.news.naver.com/mnews/article/016/0002665559?sid=101,2026-07-03,n.news.naver.com,Korean,South Korea,공급부족,D6_교란행위,2026-07-03,,0,NONE,,
945a915b0e9502a40f72bbfa292aefc7,"""애플, 내년 상반기까지 아이폰 5종 출시""",https://n.news.naver.com/mnews/article/018/0006321991?sid=101,2026-07-03,n.news.naver.com,Korean,South Korea,공급부족,D6_교란행위,2026-07-03,,0,NONE,,
227804a2d1e98f09c9380b8bd2359701,반도체 인재 못키우는 韓대학 … 이대론 5년뒤 5만4천명 부족,https://n.news.naver.com/mnews/article/009/0005702548?sid=102,2026-07-03,n.news.naver.com,Korean,South Korea,공급부족,D6_교란행위,2026-07-03,,0,NONE,,
11d4615a32a622a36237cb0f1e4afa4c,이번엔 앤트로픽…삼성 파운드리 '수주 행진',https://n.news.naver.com/mnews/article/015/0005306064?sid=101,2026-07-03,n.news.naver.com,Korean,South Korea,공급부족,D6_교란행위,2026-07-03,,0,NONE,,
03fda70ea19e93663b6d6779bf571445,[이로운분석] 집값 상승 전망 55%로 급반전…'아파트 일변도' 공급 해법...,https://www.eroun.net/news/articleView.html?idxno=84622,2026-07-03,www.eroun.net,Korean,South Korea,공급부족,D6_교란행위,2026-07-03,,0,NONE,,
3aec115694bea9f76ffd720f765f571d,"""2분기 글로벌 메모리 시장 350조""",https://n.news.naver.com/mnews/article/015/0005306061?sid=101,2026-07-03,n.news.naver.com,Korean,South Korea,공급부족,D6_교란행위,2026-07-03,,0,NONE,,
970becd98cb10ad41bdaeccbd9c96333,"믿음의 삼성전자, 목표주가 59만원…조정장에도 메모리 슈퍼사이클 기대...",https://www.etoday.co.kr/news/view/2600118,2026-07-03,www.etoday.co.kr,Korean,South Korea,공급부족,D6_교란행위,2026-07-03,,0,NONE,,
8b57c1b6edd06effc96a1e1f041c660d,"""420만닉스 간다""...목표가 상향에 레버리지 ETF로 몰려든 개미",https://www.ntoday.co.kr/news/articleView.html?idxno=127998,2026-07-03,www.ntoday.co.kr,Korean,South Korea,공급부족,D6_교란행위,2026-07-03,,0,NONE,,
c6c35b8bf70be29bbb9b4f6e57361667,[위클리 IT뷰] 구글의 과징금 7조 원 확정과 애플 기기 가격 인상,https://www.gamevu.co.kr/news/articleView.html?idxno=59138,2026-07-03,www.gamevu.co.kr,Korean,South Korea,공급부족,D6_교란행위,2026-07-03,,0,NONE,,
2ae755229fdc59d1586ed415f408fe8f,"[A 주간 서머리] 경제·산업계 ""삼성·SK, 역대급 투자 발표...법원, 홈플...",https://www.asiaa.co.kr/news/articleView.html?idxno=254056,2026-07-03,www.asiaa.co.kr,Korean,South Korea,공급부족,D6_교란행위,2026-07-03,,0,NONE,,
1766669678a820632f349d8cb6621c06,독립기념일 연휴… ‘고물가에도 지갑 연다’,http://www.koreatimes.com/article/1619935,2026-07-03,www.koreatimes.com,Korean,South Korea,공급부족,D6_교란행위,2026-07-03,,0,NONE,,
42616721cf7677092b213b838d8b77f9,월세 내느니 차라리 집을 살까요?,https://www.rcast.co.kr/news/articleView.html?idxno=31162,2026-07-03,www.rcast.co.kr,Korean,South Korea,공급부족,D6_교란행위,2026-07-03,,0,NONE,,
a36c826f77c2f21163375bd6a904f4ee,[오늘의 건설 브리핑] AI부터 미국 개발사업까지···공기업·건설·레...,https://www.smartbizn.com/news/articleView.html?idxno=147746,2026-07-03,www.smartbizn.com,Korean,South Korea,공급부족,D6_교란행위,2026-07-03,,0,NONE,,
887fe4a826ccdfd4c02ea4af121c5738,"[대한민국 대도약⑤] 수천조 베팅의 명암, 속도와 수요 사이에서",https://www.econovill.com/news/articleView.html?idxno=744236,2026-07-03,www.econovill.com,Korean,South Korea,공급부족,D6_교란행위,2026-07-03,,0,NONE,,
e462caaaae33b18656a30eda42c22ad5,[1% 초고수의 선택] '삼성전기' 사고 '코리아써키트' 팔았다,https://www.ebn.co.kr/news/articleView.html?idxno=1715035,2026-07-03,www.ebn.co.kr,Korean,South Korea,공급부족,D6_교란행위,2026-07-03,,0,NONE,,
dd833867237f8799ba0b78f3a7a0410d,"[대한민국 대도약①] 호남 800조 반도체 승부수, 서남권 제2의 기흥 될까",https://www.econovill.com/news/articleView.html?idxno=744232,2026-07-03,www.econovill.com,Korean,South Korea,공급부족,D6_교란행위,2026-07-03,,0,NONE,,
3113ae3d50339612e1f5566d9302ccba,"전기료 폭등·대규모 정전···독립기념일 연휴 앞둔 미국, 열돔에 전력...",https://n.news.naver.com/mnews/article/032/0003455985?sid=104,2026-07-03,n.news.naver.com,Korean,South Korea,공급부족,D6_교란행위,2026-07-03,,0,NONE,,
af1747d92d58943bbdc85de84ba26902,"'반도체 물 부족' 논란, 사실과 달랐다…전남광주특별시, 하루 65만톤 추...",http://www.newsprime.co.kr/news/article.html?no=739080,2026-07-03,www.newsprime.co.kr,Korean,South Korea,공급부족,D6_교란행위,2026-07-03,,0,NONE,,
d1733e2ebdcdc9fc19a15d9211a3a96b,2분기 메모리 시장 350조 전망…D램·낸드 가격 급등에 '역대급 호황',https://n.news.naver.com/mnews/article/018/0006321857?sid=101,2026-07-03,n.news.naver.com,Korean,South Korea,공급부족,D6_교란행위,2026-07-03,,0,NONE,,
592148db4054434d974680b03d7eef45,AI 공급망 부각에…소부장도 장기계약 시대,http://www.newstomato.com/ReadNews.aspx?no=1306095&inflow=N,2026-07-03,www.newstomato.com,Korean,South Korea,공급부족,D6_교란행위,2026-07-03,,0,NONE,,
2d6195a9fa62f6dd5ef75ca8659ccb83,"반도체업계 ""美정부, 메모리 직접 개입하지 말아야""…생산 확대 촉구""",https://n.news.naver.com/mnews/article/277/0005785312?sid=101,2026-07-03,n.news.naver.com,Korean,South Korea,공급부족,D6_교란행위,2026-07-03,,0,NONE,,
501d90350a023d2ef0f2f8de5fed4308,"소프트뱅크, 미국서 10GW AI 클라우드 서비스 게획…""제2의 창업""",https://www.aitimes.com/news/articleView.html?idxno=212407,2026-07-03,www.aitimes.com,Korean,South Korea,공급부족,D6_교란행위,2026-07-03,,0,NONE,,
c48f3e6bf5bc63b96897c36944c26c45,"""중국 메모리, 더 이상 변방 아니다""…마이크론, 중국 메모리 굴기 인정",https://www.epnc.co.kr/news/articleView.html?idxno=403855,2026-07-03,www.epnc.co.kr,Korean,South Korea,공급부족,D6_교란행위,2026-07-03,,0,NONE,,
981b31081a5598141131e909b2c8ddbc,"""430만원 간다""⋯주가 흔들려도 SK하이닉스 증권가 목표가는 고공행진",https://www.etoday.co.kr/news/view/2600106,2026-07-03,www.etoday.co.kr,Korean,South Korea,공급부족,D6_교란행위,2026-07-03,,0,NONE,,
89cdf4e2444999007fd9a77075c53f4a,"50조 넘게 '팔자' 외국인, 이 종목은 3조 사들였는데…""AI 최대 수혜""",https://n.news.naver.com/mnews/article/014/0005543493?sid=101,2026-07-03,n.news.naver.com,Korean,South Korea,공급부족,D6_교란행위,2026-07-03,,0,NONE,,
0ced51ce04a5981c30e1bb91ab03bf5a,상반기 800% 뛴 샌디스크의 독주… 월가가 하반기 엔비디아를 찍은 이유...,http://coinreaders.com/245945,2026-07-03,coinreaders.com,Korean,South Korea,공급부족,D6_교란행위,2026-07-03,,0,NONE,,
86c73617af83956ebca1ee3e2b021003,"SEMI ""반도체 개입 자제""···美 정부에 서한",https://www.seoulfn.com/news/articleView.html?idxno=632625,2026-07-03,www.seoulfn.com,Korean,South Korea,공급부족,D6_교란행위,2026-07-03,,0,NONE,,
d380f51a2a0f8ee6e8577e1d0dfad65d,삼성전자에 연달아 쏟아지는 악재? 성장 궤도는 바뀌지 않았다,http://www.opinionnews.co.kr/news/articleView.html?idxno=141035,2026-07-03,www.opinionnews.co.kr,Korean,South Korea,공급부족,D6_교란행위,2026-07-03,,0,NONE,,
5339785749c579b1d31ebfaa9af254d5,AI가 키우는 차세대 기판…유리기판·FO-PLP 선점 경쟁 본격화,https://n.news.naver.com/mnews/article/018/0006321824?sid=101,2026-07-03,n.news.naver.com,Korean,South Korea,공급부족,D6_교란행위,2026-07-03,,0,NONE,,
7f80dd3af3a61cb5ca61eaae3fd19d60,강남도 아닌데 30억 분양가…그래도 청약열기 후끈,https://n.news.naver.com/mnews/article/374/0000519866?sid=101,2026-07-03,n.news.naver.com,Korean,South Korea,공급부족,D6_교란행위,2026-07-03,,0,NONE,,
7c6e953cac3261c5debdc11bbf0e7b3f,[월가 톡톡] 미·중 텅스텐 전쟁 최전선 된 강원도,https://news.einfomax.co.kr/news/articleView.html?idxno=4423305,2026-07-03,news.einfomax.co.kr,Korean,South Korea,공급부족,D6_교란행위,2026-07-03,,0,NONE,,
87000d9150b7ddee2ce6d3f8f7af15d9,"삼성전자, 'AI 버블' 우려 씻어낼까…2분기 실적 발표가 분기점",https://n.news.naver.com/mnews/article/417/0001150201?sid=101,2026-07-03,n.news.naver.com,Korean,South Korea,공급부족,D6_교란행위,2026-07-03,,0,NONE,,
94badf5f3f18cb28ad6cf9eddd8960a4,"수협銀 ""美 가계 생활비 압박 커진다…소비 둔화 전조""",https://www.sentv.co.kr/article/view/sentv202607030101,2026-07-03,www.sentv.co.kr,Korean,South Korea,공급부족,D6_교란행위,2026-07-03,,0,NONE,,
5927d1fb323be4302369446d07fc11b0,"서울 ‘분양=완판’ 공식, 흥행 릴레이 이어갈 쌍용건설 ‘쌍용 더 플래...",https://n.news.naver.com/mnews/article/029/0003035147?sid=101,2026-07-03,n.news.naver.com,Korean,South Korea,공급부족,D6_교란행위,2026-07-03,,0,NONE,,
e410683f911f07cf48974b1bbc49954b,삼성전기 고성능 MLCC '제2의 HBM' 부상 : 장덕현 세계 유일 'AI 서버 부품...,https://www.huffingtonpost.kr/article/258446,2026-07-03,www.huffingtonpost.kr,Korean,South Korea,공급부족,D6_교란행위,2026-07-03,,0,NONE,,
c965e646ca076188dac4bd48e6d872d6,삼성전자 2분기 실적발표 앞두고 글로벌 변수 예의주시 : 애플과 메타가...,https://www.huffingtonpost.kr/article/258442,2026-07-03,www.huffingtonpost.kr,Korean,South Korea,공급부족,D6_교란행위,2026-07-03,,0,NONE,,
4793d4fdefef8967023c35f5495875fc,"애플, 아이폰18 프로 고용량 모델 QLC 탑재설 다시 등장",https://kbench.com/?q=node/280131,2026-07-03,kbench.com,Korean,South Korea,공급부족,D6_교란행위,2026-07-03,,0,NONE,,
90e0c211ec3902f15009ba33ebbc32ac,"양계협회, 여름 산란계 방역 교육",https://www.chukkyung.co.kr/news/articleView.html?idxno=81776,2026-07-03,www.chukkyung.co.kr,Korean,South Korea,공급부족,D6_교란행위,2026-07-03,,0,NONE,,
6a317aef14840ddc6afe6f3371ae39d4,"KB證, SK하이닉스 목표가 420만원으로 올려…""AI 메모리 공급부족 장기화...",https://www.econovill.com/news/articleView.html?idxno=744211,2026-07-03,www.econovill.com,Korean,South Korea,공급부족,D6_교란행위,2026-07-03,,0,NONE,,
5b0e8ac5abccdcd3d9f72a48141e5a7c,정부 부동산정책 부정평가 46%…집값 상승 전망 55%,https://www.ziksir.com/news/articleView.html?idxno=139018,2026-07-03,www.ziksir.com,Korean,South Korea,공급부족,D6_교란행위,2026-07-03,,0,NONE,,
2ebfdf4bc99692e53b79fc83cb49090d,앤트로픽의 러브콜… 삼성 2나노 초대형 수주 뜬다,https://www.mhns.co.kr/news/articleView.html?idxno=752229,2026-07-03,www.mhns.co.kr,Korean,South Korea,공급부족,D6_교란행위,2026-07-03,,0,NONE,,
f5ad2b17e9834ee03b4adb3daa5e4218,"아주재활의학과 이종빈 원장, 소아재활·발달의학회서 바우처 제도 개선...",https://www.mdtoday.co.kr/news/articleView.html?idxno=603597,2026-07-03,www.mdtoday.co.kr,Korean,South Korea,공급부족,D6_교란행위,2026-07-03,,0,NONE,,
9a4a2f2ed079f77de932415b9ed4fd60,이성훈 국토교통비서관 LH 새 수장으로…8개월 리더십 공백 해소,https://www.1conomynews.co.kr/news/articleView.html?idxno=49397,2026-07-03,www.1conomynews.co.kr,Korean,South Korea,공급부족,D6_교란행위,2026-07-03,,0,NONE,,
e9e16e888ebd6ca61911e2799ade9a1f,"SEMI, 미국 정부 메모리 반도체 가격 개입 경고... AI 수요 급증 대응책...",https://www.tokenpost.kr/news/economy/374815,2026-07-03,www.tokenpost.kr,Korean,South Korea,공급부족,D6_교란행위,2026-07-03,,0,NONE,,
a35eb486d2f7d7bbd9469d54ba56a883,[한국갤럽] 李 정부 부동산 정책 '잘못하고 있다' 46%…'집값 오른다' 5...,http://www.iminju.net/news/articleView.html?idxno=166185,2026-07-03,www.iminju.net,Korean,South Korea,공급부족,D6_교란행위,2026-07-03,,0,NONE,,
d621bd9101e0da378af9f14d643f57fa,"이성훈 LH 신임 사장, '공급 확대·재무 안정' 두 과제 안고 출범",https://www.ebn.co.kr/news/articleView.html?idxno=1715022,2026-07-03,www.ebn.co.kr,Korean,South Korea,공급부족,D6_교란행위,2026-07-03,,0,NONE,,
ae6359fade8f5cc455ce6636cb0539f6,삼성전자·SK하이닉스 경기권 공장 조기 완공에 반도체 장비도 품귀?,https://www.sisajournal-e.com/news/articleView.html?idxno=422156,2026-07-03,www.sisajournal-e.com,Korean,South Korea,공급부족,D6_교란행위,2026-07-03,,0,NONE,,
74295dc8ba65e0039169c4ab006443ad,"'中 손잡으려는' 애플의 변심…삼성·SK하닉, 서남권 메가 벨트로 '정면...",https://n.news.naver.com/mnews/article/003/0014045346?sid=101,2026-07-03,n.news.naver.com,Korean,South Korea,공급부족,D6_교란행위,2026-07-03,,0,NONE,,
06799da0aca67013f164d1cd943c8cee,"[뉴욕 돋보기] 아마존, 위성 인터넷 뜬다…'레오' 연내 서비스",https://news.dealsitetv.com/articles/172817,2026-07-03,news.dealsitetv.com,Korean,South Korea,공급부족,D6_교란행위,2026-07-03,,0,NONE,,
3c64268a252c661fc85c84dbd393c797,"3000만원대 볼보 전기차 'EX30', 6월 수입 컴팩트 EV '1위'",https://www.newsworks.co.kr/news/articleView.html?idxno=846107,2026-07-03,www.newsworks.co.kr,Korean,South Korea,한국 수입,D9_한국,2026-07-03,,0,NONE,,
b43f4a03370a81408437513d0f9874cb,"노이즈 마스터버즈 맥스·마스터버즈 2 국내 출시, 가격보다 사운드로 ...",https://www.autodaily.co.kr/news/articleView.html?idxno=545470,2026-07-03,www.autodaily.co.kr,Korean,South Korea,한국 수입,D9_한국,2026-07-03,,0,NONE,,
6a658690eb3f170eebee7b2eb639e419,테슬라·BYD 상반기 전기차 폭풍 질주…수입차 시장 지각변동,https://www.gpkorea.com/news/articleView.html?idxno=144360,2026-07-03,www.gpkorea.com,Korean,South Korea,한국 수입,D9_한국,2026-07-03,,0,NONE,,
411c2ee614c32794d2f50a4cd3be85e0,중국서 70억 원대 가짜 공기청정기 필터 밀수입한 일당 적발…제품선 유...,https://n.news.naver.com/mnews/article/656/0000180630?sid=102,2026-07-03,n.news.naver.com,Korean,South Korea,한국 수입,D9_한국,2026-07-03,,0,NONE,,
056e93840697793475be85e5ce2718d0,"서울지방세무사회 회직자 워크숍...이종탁 회장, '지방회 독립' 역설",http://www.intn.co.kr/news/articleView.html?idxno=2051728,2026-07-03,www.intn.co.kr,Korean,South Korea,한국 수입,D9_한국,2026-07-03,,0,NONE,,
1cb994a87db5613a3c9f30509b838aab,"[이로운주목]세계 일회용 비닐봉투 없는 날...정부는 제도 개편, 시민사...",https://www.eroun.net/news/articleView.html?idxno=84630,2026-07-03,www.eroun.net,Korean,South Korea,한국 수입,D9_한국,2026-07-03,,0,NONE,,
edca6d94d2bae11baeafd570a7020f98,"‘파리의 초콜릿’ 품은 강릉…알랭 뒤카스, 테라로사와 한국 첫발 [현...",https://www.kukinews.com/article/view/kuk202607030148,2026-07-03,www.kukinews.com,Korean,South Korea,한국 수입,D9_한국,2026-07-03,,0,NONE,,
023de263314510a0f85289849261ad3b,"'3000만원대' 볼보 EX30, 4년 만에 최다 판매량 기록",https://www.m-i.kr/news/articleView.html?idxno=1388143,2026-07-03,www.m-i.kr,Korean,South Korea,한국 수입,D9_한국,2026-07-03,,0,NONE,,
5cccd759071d2a2a59f0a8df6598162b,70억대 위조 공기청정기 필터 중국서 밀수…‘박스갈이’ 30대 구속 송치,https://n.news.naver.com/mnews/article/666/0000113840?sid=102,2026-07-03,n.news.naver.com,Korean,South Korea,한국 수입,D9_한국,2026-07-03,,0,NONE,,
569bcad14e2c38808cc035b05d3716e4,"BYD, 반년 만에 1만대 판매 돌파…807% '폭발적 성장'",https://www.newsway.co.kr/news/view?ud=2026070319111040498,2026-07-03,www.newsway.co.kr,Korean,South Korea,한국 수입,D9_한국,2026-07-03,,0,NONE,,
25cf745d274be03369bd92cd9b2d8c9b,"볼보 EX30, 6월 고급 소형 전기차 판매 1위 달성",https://evlounge.donga.com/FOREV/3/all/20260703/134233555/3,2026-07-03,evlounge.donga.com,Korean,South Korea,한국 수입,D9_한국,2026-07-03,,0,NONE,,
60712a7b9c5de47e214195b970b9603f,홈플러스 파산 초읽기…건설사 PF보증 7163억원 '촉각' [fn마켓워치],https://n.news.naver.com/mnews/article/014/0005543549?sid=101,2026-07-03,n.news.naver.com,Korean,South Korea,한국 수입,D9_한국,2026-07-03,,0,NONE,,
dd4a2a2eba63919e4b1f22c52fbd6ebb,"볼보 EX30, 월 946대 판매…전기차 판매 첫 내연기관 앞질러",https://www.shinailbo.co.kr/news/articleView.html?idxno=5037298,2026-07-03,www.shinailbo.co.kr,Korean,South Korea,한국 수입,D9_한국,2026-07-03,,0,NONE,,
44ef86d0fc706077bc62126315dfbcfa,수입차 시장서 ‘돌풍’ 일으킨 BYD 전기 해치백 ‘돌핀’..왜?,https://www.dailycar.co.kr/content/news.html?type=view&autoId=61964,2026-07-03,www.dailycar.co.kr,Korean,South Korea,한국 수입,D9_한국,2026-07-03,,0,NONE,,
f6e8106459275e936f97d29f0f63fbe7,70억원 상당 중국산 짝퉁 공기청정기 필터 밀수조직 적발,https://n.news.naver.com/mnews/article/123/0002385913?sid=101,2026-07-03,n.news.naver.com,Korean,South Korea,한국 수입,D9_한국,2026-07-03,,0,NONE,,
b401fe804728bb4203c18281a8e83be4,"비만약이 바꾼 바이오의약품 수입 지형…위고비, 키트루다 밀어냈다",https://www.econovill.com/news/articleView.html?idxno=744228,2026-07-03,www.econovill.com,Korean,South Korea,한국 수입,D9_한국,2026-07-03,,0,NONE,,
d2971f60543d27ee41a776308aec48fc,비만 약 수입만 530% 껑충···흔들리는 K바이오 무역 판도,https://www.womaneconomy.co.kr/news/articleView.html?idxno=255753,2026-07-03,www.womaneconomy.co.kr,Korean,South Korea,한국 수입,D9_한국,2026-07-03,,0,NONE,,
ae173d0c8218318527fd3179bb33d3c7,정품처럼 속여 판매한 가짜 공기청정기 필터 6만9000점 적발,https://www.factin.co.kr/news/articleView.html?idxno=6618,2026-07-03,www.factin.co.kr,Korean,South Korea,한국 수입,D9_한국,2026-07-03,,0,NONE,,
de9315bc29812aecc850b3c4d624fd61,가격 기습인상 '미운털' 테슬라 … 하반기엔 판매량 독주 꺾이나,https://n.news.naver.com/mnews/article/009/0005702575?sid=103,2026-07-03,n.news.naver.com,Korean,South Korea,한국 수입,D9_한국,2026-07-03,,0,NONE,,
9f29e9b9259e077ad800020e299d4380,테슬라가 끌고 BYD가 밀었다… 6월 수입차 37% 급증,https://it.chosun.com/news/articleView.html?idxno=2023092165103,2026-07-03,it.chosun.com,Korean,South Korea,한국 수입,D9_한국,2026-07-03,,0,NONE,,
fdefac2b8ad10a8bd7c34ef5c2faf7c4,정품 80~90% 가격에 짝퉁 공기청정 필터 유통 일당 적발… 6만 9천 점 밀...,https://n.news.naver.com/mnews/article/055/0001369536?sid=101,2026-07-03,n.news.naver.com,Korean,South Korea,한국 수입,D9_한국,2026-07-03,,0,NONE,,
f0a5921c205320b9b8965e4a134bd15b,"BYD, 상반기 1만대 판매 돌파…단숨에 수입차 4위로",https://n.news.naver.com/mnews/article/015/0005306058?sid=101,2026-07-03,n.news.naver.com,Korean,South Korea,한국 수입,D9_한국,2026-07-03,,0,NONE,,
de74e85f4a8031eb7059bf9d2a26a729,"""독 뿜는 가짜 필터"" 70억 상당 짝퉁 공기청정기 밀수 조직 검거, 가습기...",https://theopiniontimes.news/%eb%8f%85-%eb%bf%9c%eb%8a%94-%ea%b0%80%ec%a7%9c-%ed%95%84%ed%84%b0-70%ec%96%b5-%ec%83%81%eb%8b%b9-%ec%a7%9d%ed%89%81-%ea%b3%b5%ea%b8%b0%ec%b2%ad%ec%a0%95%ea%b8%b0-%eb%b0%80%ec%88%98-%ec%a1%b0/,2026-07-03,theopiniontimes.news,Korean,South Korea,한국 수입,D9_한국,2026-07-03,,0,NONE,,
bda113b50a7eb98ad79c1913a9571342,“‘벤츠’가 속였다”…‘전기차 배터리 정보 왜곡’ 집단분쟁조정 개...,https://n.news.naver.com/mnews/article/662/0000098896?sid=102,2026-07-03,n.news.naver.com,Korean,South Korea,한국 수입,D9_한국,2026-07-03,,0,NONE,,
159886c4d003cb47cf6c47dacda807a7,"""변호사강제주의, 재판받을 권리 보호 위한 제도… 보수·소송구조·보험...",https://news.koreanbar.or.kr/news/articleView.html?idxno=35833,2026-07-03,news.koreanbar.or.kr,Korean,South Korea,한국 수입,D9_한국,2026-07-03,,0,NONE,,
8fe34bf61546bdb607696d45b2e672d4,짝퉁 공기청정 필터 6만9천점 밀수해 정품값 80∼90%에 판매,https://n.news.naver.com/mnews/article/001/0016175385?sid=101,2026-07-03,n.news.naver.com,Korean,South Korea,한국 수입,D9_한국,2026-07-03,,0,NONE,,
b5b098cc2d8fcd2d6e01324d8c626cab,“벤츠 EQE 배터리 제조사 속여” 집단분쟁조정 개시,https://n.news.naver.com/mnews/article/020/0003731407?sid=103,2026-07-03,n.news.naver.com,Korean,South Korea,한국 수입,D9_한국,2026-07-03,,0,NONE,,
a7185ed8ffad5493245e2845e6322b1c,"소비자원, 벤츠 '전기차 배터리 눈속임 판매' 집단분쟁조정 개시",http://www.koreastocknews.com/news/articleView.html?idxno=119548,2026-07-03,www.koreastocknews.com,Korean,South Korea,한국 수입,D9_한국,2026-07-03,,0,NONE,,
19202281025881c03f9a8da457044b00,"볼보 EX30, 6월 프리미엄 컴팩트 EV 1위…3천만원대 가격 통했나?",https://www.wolyo.co.kr/news/articleView.html?idxno=314550,2026-07-03,www.wolyo.co.kr,Korean,South Korea,한국 수입,D9_한국,2026-07-03,,0,NONE,,
b638e792fd5534fd3c2514eceb82ea18,수입차 시장판 흔든 전기차…6월 신규등록 3만8000대 돌파,https://www.wolyo.co.kr/news/articleView.html?idxno=314549,2026-07-03,www.wolyo.co.kr,Korean,South Korea,한국 수입,D9_한국,2026-07-03,,0,NONE,,
967f133272e47d545071f981ba19414d,[車산업 HOT 뉴스] 680마력·800V 무장한 '폴스타 3' 출격…'캐즘·중국산...,http://www.bizwnews.com/news/articleView.html?idxno=139992,2026-07-03,www.bizwnews.com,Korean,South Korea,한국 수입,D9_한국,2026-07-03,,0,NONE,,
16f19f7df51fdc6a70d37e20d66dc387,"'최고의 옵션은 가격!'...볼보 EX30, 3천만원대로 수입 소형 전기차 1위",https://www.gpkorea.com/news/articleView.html?idxno=144348,2026-07-03,www.gpkorea.com,Korean,South Korea,한국 수입,D9_한국,2026-07-03,,0,NONE,,
d2f9e9ede4afd3523d377df612667e1f,"관세청, 70억 원대 짝퉁 공기청정기 필터 불법 유통한 일당 적발",https://n.news.naver.com/mnews/article/214/0001509452?sid=101,2026-07-03,n.news.naver.com,Korean,South Korea,한국 수입,D9_한국,2026-07-03,,0,NONE,,
e4fd8921374fb98bc74a5feb2d9b0334,6월 수입차 등록 절반 '전기차'…테슬라 판매 1만1천대 1위,https://weekly.hankooki.com/news/articleView.html?idxno=7172856,2026-07-03,weekly.hankooki.com,Korean,South Korea,한국 수입,D9_한국,2026-07-03,,0,NONE,,
1720d87390231bd7c9be5811bb2d1b85,"볼보 EX30, 6월 946대 판매…""프리미엄 콤팩트 전기차 1위""",https://n.news.naver.com/mnews/article/629/0000513069?sid=103,2026-07-03,n.news.naver.com,Korean,South Korea,한국 수입,D9_한국,2026-07-03,,0,NONE,,
1059ac51bc91e41b865ea193a842d653,"나이트 크로우, 외자 판호 획득…中 시장 노린다",https://m.sports.naver.com/esports/article/347/0000194354,2026-07-03,m.sports.naver.com,Korean,South Korea,한국 수입,D9_한국,2026-07-03,,0,NONE,,
da9caed8ba5eee76149cd5d455fec003,"LF, 이자벨마랑 2026 겨울 컬렉션 국내 첫 공개…'마이아 백'·베켓 스니...",https://www.megaeconomy.co.kr/news/newsview.php?ncode=1065598212438504,2026-07-03,www.megaeconomy.co.kr,Korean,South Korea,한국 수입,D9_한국,2026-07-03,,0,NONE,,
76b624745a5d65a1f9c4d99ea7a60192,"테슬라, 6월 수입차 1위…‘모델Y’, 그랜저 위협",https://n.news.naver.com/mnews/article/025/0003535216?sid=101,2026-07-03,n.news.naver.com,Korean,South Korea,한국 수입,D9_한국,2026-07-03,,0,NONE,,
d34c13ae577c0b22fbc8fe4423a6415d,"삼천리 모터스, 지역 고객 확보위한 발빠른 행보",https://www.kfenews.co.kr/news/articleView.html?idxno=659759,2026-07-03,www.kfenews.co.kr,Korean,South Korea,한국 수입,D9_한국,2026-07-03,,0,NONE,,
a492989f1b0a7ee06b0478b55f72bb9c,정품인 줄 알았는데 '짝퉁'…가짜 공기청정기 필터 유통조직 적발,https://idsn.co.kr/news/view/1065598221584583,2026-07-03,idsn.co.kr,Korean,South Korea,한국 수입,D9_한국,2026-07-03,,0,NONE,,
e3fbbf22a05e77fc16718dd0d817622e,"엠케이하이드, 메인비즈·이노비즈 동시 획득",http://www.sisunnews.co.kr/news/articleView.html?idxno=241871,2026-07-03,www.sisunnews.co.kr,Korean,South Korea,한국 수입,D9_한국,2026-07-03,,0,NONE,,
0125096d70b4d53a7085b48ef3a09275,"""콘텐츠가 경쟁력"" KOVO 이호진 체제 출범, V-리그 중계 플랫폼 확대 나...",https://m.sports.naver.com/volleyball/article/109/0005565137,2026-07-03,m.sports.naver.com,Korean,South Korea,한국 수입,D9_한국,2026-07-03,,0,NONE,,
a762fe0861d2d8efa9bd019b4d1a3f3d,"볼보자동차코리아, 가격 경쟁력의 'EX30' 프리미엄 컴팩트 EV 판매 1위",http://www.updownnews.co.kr/news/articleView.html?idxno=317830,2026-07-03,www.updownnews.co.kr,Korean,South Korea,한국 수입,D9_한국,2026-07-03,,0,NONE,,
e7cb44dc38b5c129760fac97c718555a,"테슬라, 점유율 30.51%로 상반기 수입차 판매 1위",https://www.goodkyung.com/news/articleView.html?idxno=288846,2026-07-03,www.goodkyung.com,Korean,South Korea,한국 수입,D9_한국,2026-07-03,,0,NONE,,
3421d961411b4f4d5b06351e8635682d,"판빙빙 ""부천영화제처럼 30년 연기…희로애락 AI가 대체 못해""",https://n.news.naver.com/mnews/article/001/0016175270?sid=103,2026-07-03,n.news.naver.com,Korean,South Korea,한국 수입,D9_한국,2026-07-03,,0,NONE,,
ff05108c9d2396a114961e416f25eed6,"볼보 EX30, 6월 946대 팔려…프리미엄 컴팩트 EV 1위",https://n.news.naver.com/mnews/article/014/0005543508?sid=101,2026-07-03,n.news.naver.com,Korean,South Korea,한국 수입,D9_한국,2026-07-03,,0,NONE,,
8d03a26092170dd654de907c41c001df,인천 부평구 지방재정 건전성 확보 위해 지방세입 체납관리단 운영,https://kpenews.com/View.aspx?No=4136219,2026-07-03,kpenews.com,Korean,South Korea,한국 수입,D9_한국,2026-07-03,,0,NONE,,
7145beb617e240fcc9e767cf7ae260fe,"강인한 파리지엔..이자벨마랑, 겨울 컬렉션 국내 첫 공개",http://www.4th.kr/news/articleView.html?idxno=2114181,2026-07-03,www.4th.kr,Korean,South Korea,한국 수입,D9_한국,2026-07-03,,0,NONE,,
6febf6bb82fe874b6e7a79c871ee18fa,"볼보 EX30·EX30CC, 6월 프리미엄 컴팩트 EV 정상...946대 판매",http://www.paxetv.com/news/articleView.html?idxno=276352,2026-07-03,www.paxetv.com,Korean,South Korea,한국 수입,D9_한국,2026-07-03,,0,NONE,,
6f1e63cd957b79ba6dab17b22513dff9,볼보 EX30 프리미엄 전기차 시장 판매 1위,https://www.newsclaim.co.kr/news/articleView.html?idxno=3068423,2026-07-03,www.newsclaim.co.kr,Korean,South Korea,한국 수입,D9_한국,2026-07-03,,0,NONE,,
3f0e2511934b0f0aa49f6bd2b6f1e6f7,"'모델 YL' 상륙에 수입차, 6월 3.8만대 판매…전년비 37%↑",https://n.news.naver.com/mnews/article/629/0000513040?sid=103,2026-07-03,n.news.naver.com,Korean,South Korea,한국 수입,D9_한국,2026-07-03,,0,NONE,,
e693c00101c6e5b69b87c02b82bb2b99,전기차 배터리 제조사 속인 벤츠…EQE 차주 53명 집단분쟁조정 개시,https://www.abcn.kr/news/articleView.html?idxno=89103,2026-07-03,www.abcn.kr,Korean,South Korea,한국 수입,D9_한국,2026-07-03,,0,NONE,,
faa7d4d63ef5b0823eeafe3b3e395a55,"세관, 해외 유명브랜드 짝퉁 공기청정기 필터 등 밀수·유통조직 검거",https://n.news.naver.com/mnews/article/092/0002429234?sid=105,2026-07-03,n.news.naver.com,Korean,South Korea,한국 수입,D9_한국,2026-07-03,,0,NONE,,
9ef6a8f27fec2602e021b27b67df6036,"동작구, 지방세입 체납관리단 10명 공개 모집",https://www.fntimes.com/html/view.php?ud=202607031544232643b372994c95_18,2026-07-03,www.fntimes.com,Korean,South Korea,한국 수입,D9_한국,2026-07-03,,0,NONE,,
506d8b9c3ea9b72fae49c69abffa1698,"70억원대 짝퉁 공기청정기 필터 밀수조직, 세관서 덜미",https://n.news.naver.com/mnews/article/018/0006321819?sid=101,2026-07-03,n.news.naver.com,Korean,South Korea,한국 수입,D9_한국,2026-07-03,,0,NONE,,
444cda759c9c827b152098232199c734,테슬라가 끌고 BYD가 밀고⋯상반기 수입차 절반은 전기차,https://www.etoday.co.kr/news/view/2600101,2026-07-03,www.etoday.co.kr,Korean,South Korea,한국 수입,D9_한국,2026-07-03,,0,NONE,,
082383b2a009ccd658469795134a73e7,"[Editorial-우리 생각엔…] OECD의 부동산세제 권고안, 왜곡 없이 수용해...",http://www.niceeconomy.co.kr/news/articleView.html?idxno=90179,2026-07-03,www.niceeconomy.co.kr,Korean,South Korea,한국 수입,D9_한국,2026-07-03,,0,NONE,,
a98d985184f41f9948e248b612599e0c,"볼보 'EX30', 프리미엄 콤팩트 수입 전기차 판매 1위 달성",https://n.news.naver.com/mnews/article/030/0003444316?sid=103,2026-07-03,n.news.naver.com,Korean,South Korea,한국 수입,D9_한국,2026-07-03,,0,NONE,,
998d2df7f184758bb72f10a40636e20b,‘獨’주 끝냈다…이젠 테슬라 천하,https://n.news.naver.com/mnews/article/011/0004637910?sid=101,2026-07-03,n.news.naver.com,Korean,South Korea,한국 수입,D9_한국,2026-07-03,,0,NONE,,
b469596dde84ecaef07a0ac7c0a8a2b9,"고향사랑기부 3년 만에 1515억 원, 세수 역차별 논란도 커진다",https://bizhankook.com/articles/139205.html,2026-07-03,bizhankook.com,Korean,South Korea,한국 수입,D9_한국,2026-07-03,,0,NONE,,
49ef628717039e15ebfe357c9e123121,"빨라지고, 많아지고…해수욕장 해파리 ‘비상’",https://n.news.naver.com/mnews/article/056/0012211566?sid=102,2026-07-03,n.news.naver.com,Korean,South Korea,선박,D4_운송,2026-07-03,,0,NONE,,
f8820eed4add472e646132a1bca12601,AI 인프라·RWA로 재편되는 크립토 시장…다음 사이클 핵심 축 되나,https://www.tokenpost.kr/news/blockchain/374891,2026-07-03,www.tokenpost.kr,Korean,South Korea,선박,D4_운송,2026-07-03,,0,NONE,,
b268947dac7e6c83e288de74c5e3b24c,"""구미 로봇·울산 배터리·거제 조선""…삼성 60조가 바꾸는 영남 산업지...",https://www.gpkorea.com/news/articleView.html?idxno=144358,2026-07-03,www.gpkorea.com,Korean,South Korea,선박,D4_운송,2026-07-03,,0,NONE,,
83784d34e2f315d43cad8bbf8a8c6a4f,"영남, ‘피지컬 AI’ 심장 된다…6대 기업 312조원 투자",https://www.ekn.kr/web/view.php?key=20260703028339179,2026-07-03,www.ekn.kr,Korean,South Korea,선박,D4_운송,2026-07-03,,0,NONE,,
8df5248f7fd6776e9b533b6b969c264a,[제주날씨] 당분간 장맛비 이어져...해상 안개 주의,https://n.news.naver.com/mnews/article/661/0000079282?sid=103,2026-07-03,n.news.naver.com,Korean,South Korea,선박,D4_운송,2026-07-03,,0,NONE,,
0d330102428447f5ffd38008835bf633,남방큰돌고래가 나 홀로 강릉 앞바다에…'안목이' 구조 들어간다,https://n.news.naver.com/mnews/article/057/0001956873?sid=101,2026-07-03,n.news.naver.com,Korean,South Korea,선박,D4_운송,2026-07-03,,0,NONE,,
f5ea9b194174f04eef6c8eafc08fd0e7,"삼성, 영남권에 60조원 투자-휴머노이드·전고체 배터리·AI 제조 거점 육...",https://www.mediafine.co.kr/news/articleView.html?idxno=82575,2026-07-03,www.mediafine.co.kr,Korean,South Korea,선박,D4_운송,2026-07-03,,0,NONE,,
81cb686d7c652fb941c45b1559c158ee,사람 따라 졸졸…다친 돌고래 ‘안목이’ 구조한다,https://n.news.naver.com/mnews/article/449/0000351550?sid=102,2026-07-03,n.news.naver.com,Korean,South Korea,선박,D4_운송,2026-07-03,,0,NONE,,
f5de90e53abcbbec66678edd69a22947,"[전국 오늘의 날씨 및 주말날씨]내일 충청권-남부지방-제주도 비,9호 태...",http://www.economytalk.kr/news/articleView.html?idxno=422445,2026-07-03,www.economytalk.kr,Korean,South Korea,선박,D4_운송,2026-07-03,,0,NONE,,
2361b865be560cd445d90ce8833b3335,호남·충청·영남 찍은 삼성…JY ‘미래산업 지도’ 재편,https://www.asiatime.co.kr/article/20260703500331,2026-07-03,www.asiatime.co.kr,Korean,South Korea,선박,D4_운송,2026-07-03,,0,NONE,,
465d095c0fcf5cf19cf50760bbd9ba0a,[내일 날씨] 전남남부·제주 최대 150mm 호우…충청·경남·전북 비 확대,https://www.mhns.co.kr/news/articleView.html?idxno=752257,2026-07-03,www.mhns.co.kr,Korean,South Korea,선박,D4_운송,2026-07-03,,0,NONE,,
19598b09ddc59aa1eca7225d9e9ad59b,"사람이 너무 좋아 위험해진 '안목이'…해수부, 이달 중 구조작업 돌입",https://n.news.naver.com/mnews/article/421/0009040194?sid=101,2026-07-03,n.news.naver.com,Korean,South Korea,선박,D4_운송,2026-07-03,,0,NONE,,
41659be26927232f7a3f541826015fa1,"영남권 312조 투자에 전재수·김상욱·박완수 ""행정 신속 지원""",https://n.news.naver.com/mnews/article/469/0000940275?sid=102,2026-07-03,n.news.naver.com,Korean,South Korea,선박,D4_운송,2026-07-03,,0,NONE,,
698a6a6ad16b21fb8bac4cb709fd64b6,반도체 효과에…“2분기 영업익 249% 증가”,https://n.news.naver.com/mnews/article/011/0004637990?sid=101,2026-07-03,n.news.naver.com,Korean,South Korea,선박,D4_운송,2026-07-03,,0,NONE,,
8cd2756d6c73885171e5d16bf6059b6c,"[주간핫이슈] 삼성·SK, 4700조 통 큰 투자...전국이 '들썩'",https://weekly.hankooki.com/news/articleView.html?idxno=7172691,2026-07-03,weekly.hankooki.com,Korean,South Korea,선박,D4_운송,2026-07-03,,0,NONE,,
24136ec6bf35d1bea7480aceea543cee,박완수 지사 “기업 투자 성과로 이어지도록 행정 지원 총력”,https://n.news.naver.com/mnews/article/082/0001388243?sid=102,2026-07-03,n.news.naver.com,Korean,South Korea,선박,D4_운송,2026-07-03,,0,NONE,,
b162d353a3b5f6429a1992e761a5f581,"""영남권에 312조 투입""…삼성·SK·현대차 등 팔걷는다",https://magazine.hankyung.com/money/article/202607034989c,2026-07-03,magazine.hankyung.com,Korean,South Korea,선박,D4_운송,2026-07-03,,0,NONE,,
d0da135a8fc45ce92ace8482a35b0cdc,"경남도 ""대규모 투자결정 기업에 감사…속도감있게 실행 뒷받침""",https://n.news.naver.com/mnews/article/001/0016175403?sid=101,2026-07-03,n.news.naver.com,Korean,South Korea,선박,D4_운송,2026-07-03,,0,NONE,,
6010b1b9270275d6ca921ae46dd5cb51,"삼성, 영남권에 60조원 투자…'글로벌 피지컬 AI 혁신 클러스터' 구축",https://www.pointe.co.kr/news/articleView.html?idxno=81400,2026-07-03,www.pointe.co.kr,Korean,South Korea,선박,D4_운송,2026-07-03,,0,NONE,,
b344ad3da656184099edf7dab86f6c10,크루즈선서 집단 ‘설사병’ 발생… 승객·승무원 125명 감염,https://n.news.naver.com/mnews/article/346/0000112302?sid=004,2026-07-03,n.news.naver.com,Korean,South Korea,선박,D4_운송,2026-07-03,,0,NONE,,
f29b6cd6252a3722e9d7013d34c8d2bf,"5대 그룹 영남권에 306조 투자, AI·우주 첨단산업 메카로 키운다",http://www.consumernews.co.kr/news/articleView.html?idxno=758735,2026-07-03,www.consumernews.co.kr,Korean,South Korea,선박,D4_운송,2026-07-03,,0,NONE,,
ec2d3ab65eebd8eebc045856a036cbc0,"삼성·현대차, 영남에 102조원 투자…제조벨트가 '피지컬 AI' 거점으로",https://www.wolyo.co.kr/news/articleView.html?idxno=314554,2026-07-03,www.wolyo.co.kr,Korean,South Korea,선박,D4_운송,2026-07-03,,0,NONE,,
9abbed2c974a329cdfadc3541ed66937,사람만 보면 졸졸 쫓아오더니…상처 발견돼 결국 구조 결정된 '해양보호...,https://www.wikitree.co.kr/articles/1144653,2026-07-03,www.wikitree.co.kr,Korean,South Korea,선박,D4_운송,2026-07-03,,0,NONE,,
d52dabc77f0ed88b3c6c4bd764829d8f,60조 베팅한 삼성…영남에 '로봇·전고체' 심는다,https://news.ifm.kr/news/articleView.html?idxno=474348,2026-07-03,news.ifm.kr,Korean,South Korea,선박,D4_운송,2026-07-03,,0,NONE,,
55b2ce574e52182e6fb98ddcc14fde8f,"삼성, 호남 425조 이어 영남 60조 투자… 권역별 첨단산업 거점 조성",https://n.news.naver.com/mnews/article/020/0003731409?sid=101,2026-07-03,n.news.naver.com,Korean,South Korea,선박,D4_운송,2026-07-03,,0,NONE,,
61b42a87fcd4c127f51b70feff676c1e,"[영남권 국민보고회] 삼성·SK·현대차·한화·LG·두산, 피지컬AI·우주...",https://www.polinews.co.kr/news/articleView.html?idxno=735951,2026-07-03,www.polinews.co.kr,Korean,South Korea,선박,D4_운송,2026-07-03,,0,NONE,,
4953ccd31c7c24df3f40dec430b9f8d3,"[퇴근길포인트] 이재명 대통령, 우주항공 국가 안보 미래 성장 산업 육...",https://www.pointdaily.co.kr/news/articleView.html?idxno=310651,2026-07-03,www.pointdaily.co.kr,Korean,South Korea,선박,D4_운송,2026-07-03,,0,NONE,,
0743432efa78af200b6a8a590c539ba5,[내일 날씨] 전남남부·제주 강한 비…전국 낮 최고 32도 무더위,https://www.ppss.kr/news/articleView.html?idxno=300966,2026-07-03,www.ppss.kr,Korean,South Korea,선박,D4_운송,2026-07-03,,0,NONE,,
7d1c69970911095d8b53e45cf20aec0b,삼성·SK·현대차·LG·한화 등 312조 투자…영남 AI 메가클러스터로,https://n.news.naver.com/mnews/article/119/0003107843?sid=101,2026-07-03,n.news.naver.com,Korean,South Korea,선박,D4_운송,2026-07-03,,0,NONE,,
c7515189313f9e615410afa5316cce60,"노태문 삼성 사장 ""영남에 60조 투자해 제조 AI·로봇 선도지역 육성""",https://www.m-i.kr/news/articleView.html?idxno=1388110,2026-07-03,www.m-i.kr,Korean,South Korea,선박,D4_운송,2026-07-03,,0,NONE,,
52b1ac1d61ef580cd9cc1f4952c85da0,"[3대 메가프로젝트] 삼성, 영남에 60조 투자…'피지컬 AI 클러스터' 만든...",https://www.shinailbo.co.kr/news/articleView.html?idxno=5037278,2026-07-03,www.shinailbo.co.kr,Korean,South Korea,선박,D4_운송,2026-07-03,,0,NONE,,
e43fd60fa204b1586033c351b63d59d6,"고흥군청, 휴가철 앞두고 섬마을 폐기물 30톤 집중 수거",http://www.newsmaker.or.kr/news/articleView.html?idxno=178579,2026-07-03,www.newsmaker.or.kr,Korean,South Korea,선박,D4_운송,2026-07-03,,0,NONE,,
53e7990d368132909fdc782be8daf1c7,"경기만을 가로지르다, OPS마린 하슬라23호 승선기",https://www.hdhy.co.kr/news/articleView.html?idxno=34824,2026-07-03,www.hdhy.co.kr,Korean,South Korea,선박,D4_운송,2026-07-03,,0,NONE,,
b611003b726f7a18eceaf675401fb7ac,"삼성, 영남권에 60조원…피지컬 AI 혁신 클러스터 육성",https://www.g-enews.com/view.php?ud=202607031718523480112616b072_1,2026-07-03,www.g-enews.com,Korean,South Korea,선박,D4_운송,2026-07-03,,0,NONE,,
2d978bbf5ae6cbc6d398a925d93d19ff,"李 ""영남을 세계 제조 1위로""…6대 그룹 312조 투자협약[종합]",https://www.etoday.co.kr/news/view/2600170,2026-07-03,www.etoday.co.kr,Korean,South Korea,선박,D4_운송,2026-07-03,,0,NONE,,
a49ff881f3a676f6fa2fddddadefc236,"BNK금융, 해양금융 강화…해상풍력·신재생E 투자 확대",https://www.esgeconomy.com/news/articleView.html?idxno=15940,2026-07-03,www.esgeconomy.com,Korean,South Korea,선박,D4_운송,2026-07-03,,0,NONE,,
7a11365247d27fe16c3a7c5a6543ca31,"삼성, AX·로봇 분야 60조 투자해 '피지컬 클러스터' 영남권에 조성",http://www.whitepaper.co.kr/news/articleView.html?idxno=264229,2026-07-03,www.whitepaper.co.kr,Korean,South Korea,선박,D4_운송,2026-07-03,,0,NONE,,
59a6943dd7141abb00204114eaba40cd,"삼성·SK, 영남권에 200조 원 투자... 피지컬AI·데이터센터 허브 만든다",https://n.news.naver.com/mnews/article/469/0000940264?sid=105,2026-07-03,n.news.naver.com,Korean,South Korea,선박,D4_운송,2026-07-03,,0,NONE,,
a625701f20691f66ca4230843042095c,롯데손보의 '긴 듀레이션' 최고의 시나리오 찾는다,http://www.finomy.com/news/articleView.html?idxno=256768,2026-07-03,www.finomy.com,Korean,South Korea,선박,D4_운송,2026-07-03,,0,NONE,,
0d6ac1f91f36fa231575ffbe912690f9,"삼성·SK·현대차·한화·LG·두산, 영남에 312조 투자…'첨단산업 심장...",https://n.news.naver.com/mnews/article/629/0000513084?sid=101,2026-07-03,n.news.naver.com,Korean,South Korea,선박,D4_운송,2026-07-03,,0,NONE,,
67b8411248d1042db29e45eef78a01cd,"삼성, 영남에 60조원 투자…휴머노이드·전고체 배터리 육성",http://www.paxetv.com/news/articleView.html?idxno=276373,2026-07-03,www.paxetv.com,Korean,South Korea,선박,D4_운송,2026-07-03,,0,NONE,,
e0d89b6830683e62044ab7ac738a53c3,"삼성, 영남권 60조원 투자…""미래 성장 목적""",https://www.megaeconomy.co.kr/news/newsview.php?ncode=1065600458694749,2026-07-03,www.megaeconomy.co.kr,Korean,South Korea,선박,D4_운송,2026-07-03,,0,NONE,,
c20f3609bdc2e934dfc086c428332525,"정부·대기업, 영남권 첨단산업 육성에 312조 쏜다",http://www.smedaily.co.kr/news/articleView.html?idxno=359778,2026-07-03,www.smedaily.co.kr,Korean,South Korea,선박,D4_운송,2026-07-03,,0,NONE,,
bc5a08b6adb5795ccc8461fe8d1a18da,"삼성·SK·한화, 전국에 수백조 대규모 투자한다!",http://www.marketnews.co.kr/news/articleView.html?idxno=74199,2026-07-03,www.marketnews.co.kr,Korean,South Korea,선박,D4_운송,2026-07-03,,0,NONE,,
b188f8635c62d37ae96455969b67dc9f,"삼성, 영남에 60조원 투자… 노태문 ""제조 AI 선도지역으로 육성""",https://www.newscj.com/news/articleView.html?idxno=3414318,2026-07-03,www.newscj.com,Korean,South Korea,선박,D4_운송,2026-07-03,,0,NONE,,
479280292d8970fa116f480997b5c9da,"[ER편집국에서] 사진 한 장에서 42조원까지...아산이 묻는다 ""이봐, 해봤...",https://www.econovill.com/news/articleView.html?idxno=744239,2026-07-03,www.econovill.com,Korean,South Korea,선박,D4_운송,2026-07-03,,0,NONE,,
6f48af73f432b95a85f371e26c0b8698,"[오늘의 날씨 및 주말날씨]내일 충청권-남부지방-제주도 비,9호 태풍 바...",http://www.economytalk.kr/news/articleView.html?idxno=422442,2026-07-03,www.economytalk.kr,Korean,South Korea,선박,D4_운송,2026-07-03,,0,NONE,,
8ab7d979a6060b01cdf9417db3f37f5c,"삼성, 영남권에 60조원 투자...노태문 ""휴머노이드·AI데이터센터 집중...",http://www.metroseoul.co.kr/article/20260703500134,2026-07-03,www.metroseoul.co.kr,Korean,South Korea,선박,D4_운송,2026-07-03,,0,NONE,,
c97c6cde4542d33248be273aa6896a82,[백세인생] 섬 독거노인 돌봄 사각지대 줄인다…요양서비스 접근성 확대,https://www.1conomynews.co.kr/news/articleView.html?idxno=49402,2026-07-03,www.1conomynews.co.kr,Korean,South Korea,선박,D4_운송,2026-07-03,,0,NONE,,
1752bde8e0da31a7ce4049b2cd8ec77f,"삼성, 영남에 60조 투자…피지컬 AI 혁신 거점 육성",http://www.tjb.co.kr/sub0301/bodo/view/id/100365,2026-07-03,www.tjb.co.kr,Korean,South Korea,선박,D4_운송,2026-07-03,,0,NONE,,
f056b9a7b15da1249fa221dff3f56888,"[내일날씨] 토요일 외출길 비 확대, 체감 31도 더위",https://www.topstarnews.net/news/articleView.html?idxno=16122657,2026-07-03,www.topstarnews.net,Korean,South Korea,선박,D4_운송,2026-07-03,,0,NONE,,
a54e21a76f84c567fec49f932b21a383,삼성 2655조 투자 지도 완성…다음 전장은 '속도',https://www.newsway.co.kr/news/view?ud=2026070314175413831,2026-07-03,www.newsway.co.kr,Korean,South Korea,선박,D4_운송,2026-07-03,,0,NONE,,
908ef632db7d721f9f33051610860c1a,"나토정상회의, 'G7형 외교' 가시화할 기회",https://n.news.naver.com/mnews/article/047/0002521416?sid=104,2026-07-03,n.news.naver.com,Korean,South Korea,호르무즈 해협,D1_초크포인트,2026-07-03,,0,NONE,NATO summit,
8c47f7d757f0fac8dfd5d3467e2ea955,이찬일의 글로벌 경제 브리프 231-1,https://www.woodkorea.co.kr/news/articleView.html?idxno=90089,2026-07-03,www.woodkorea.co.kr,Korean,South Korea,호르무즈 해협,D1_초크포인트,2026-07-03,,0,NONE,Economic commentary,
4ed9dd382912d7bc6d89e2ecaef1d6c8,"거인의 추격 계속된다! 김태형 감독 함박미소 ""김진욱 잘 막았고, 한동...",https://m.sports.naver.com/kbaseball/article/477/0000616537,2026-07-03,m.sports.naver.com,Korean,South Korea,봉쇄,D6_교란행위,2026-07-03,,0,NONE,Baseball sports,
ea7f6bbc86e10251abd298b2ecc77101,"19점 리드 날린 한국 농구, 대만에 대역전패…마줄스호 3연패·2라운드 ...",https://www.dailysportshankook.co.kr/news/articleView.html?idxno=430624,2026-07-03,www.dailysportshankook.co.kr,Korean,South Korea,봉쇄,D6_교란행위,2026-07-03,,0,NONE,Basketball sports,
22235dbc4dcab89a1bbe3e8c3550ae81,"'강백호·노시환 홈런' 한화, 선두 LG 꺾고 5위 탈환…SSG 7연패(종합)",https://m.sports.naver.com/kbaseball/article/003/0014046041,2026-07-03,m.sports.naver.com,Korean,South Korea,봉쇄,D6_교란행위,2026-07-03,,0,NONE,Baseball sports,
c1e835e05c9f36f501e91a5e251ce695,다시 막힌 '잠실 개표소'...봉쇄 장기화에 체육단체 시름,https://n.news.naver.com/mnews/article/052/0002374493?sid=102,2026-07-03,n.news.naver.com,Korean,South Korea,봉쇄,D6_교란행위,2026-07-03,,0,NONE,Sports facility closure,
8b4d0a2eaed12513ce7acdb79137c53a,‘잠실 개표소 봉쇄’ 29일째…국조특위 진입 하루 만에 다시 닫힌 셔터,https://n.news.naver.com/mnews/article/022/0004140364?sid=102,2026-07-03,n.news.naver.com,Korean,South Korea,봉쇄,D6_교란행위,2026-07-03,,0,NONE,Sports facility closure,
ff7a28830e56f2eddd0b9f7566e1f604,"8-1 완승 설계한 한화 장타, LG 상대로 선두팀 제압",https://www.topstarnews.net/news/articleView.html?idxno=16122915,2026-07-03,www.topstarnews.net,Korean,South Korea,봉쇄,D6_교란행위,2026-07-03,,0,NONE,Baseball sports,
e3f4d31b92ea8413b700e00dcbb11e17,"[AI상보] '강백호+노시환 3홈런 합작' 한화, 선두 LG 꺾고 2연승",https://www.newspim.com/news/view/20260703000958,2026-07-03,www.newspim.com,Korean,South Korea,봉쇄,D6_교란행위,2026-07-03,,0,NONE,Baseball sports,
722acb2cd3e3156d608ce8cfa003e754,"'화이트 역투+강백호 2홈런' 한화, 선두 LG 잡고 2연승",http://www.stoo.com/article.php?aid=107539336764,2026-07-03,www.stoo.com,Korean,South Korea,봉쇄,D6_교란행위,2026-07-03,,0,NONE,Baseball sports,
3e56838fdad2a079615d30154a9c5097,"'강백호·노시환 홈런쇼' 한화, 선두 LG 꺾고 2연승…화이트 7이닝 무실...",https://m.sports.naver.com/kbaseball/article/003/0014046022,2026-07-03,m.sports.naver.com,Korean,South Korea,봉쇄,D6_교란행위,2026-07-03,,0,NONE,Baseball game,
9e32a0e31cd9ea1318c1e0e0baaefeac,"'강백호 홈런 또 홈런!' 한화, LG 8-1 완파하고 연승…화이트 7이닝 무실...",https://m.sports.naver.com/kbaseball/article/311/0002029681,2026-07-03,m.sports.naver.com,Korean,South Korea,봉쇄,D6_교란행위,2026-07-03,,0,NONE,Baseball game,
26533ffb102b2c8f89eb56e091027a03,"'김진욱 5승+한동희 멀티 홈런' 롯데, KT에 4-0 완승",http://www.stoo.com/article.php?aid=107539289634,2026-07-03,www.stoo.com,Korean,South Korea,봉쇄,D6_교란행위,2026-07-03,,0,NONE,Baseball game,
f39f5e1ff0d8f2727125490285bd4c86,"'쾅, 쾅!' 한동희 2185일 만에 멀티홈런+김진욱 개인 최다 5승 확보…거...",https://m.sports.naver.com/kbaseball/article/477/0000616531,2026-07-03,m.sports.naver.com,Korean,South Korea,봉쇄,D6_교란행위,2026-07-03,,0,NONE,Baseball game,
5b7173a8c6eff664c770c832c1d58eee,"K-아트·K-컬처의 화려한 돛, 과연 누구를 태우고 달리는가",https://www.dailyt.co.kr/newsView/dlt202607030019,2026-07-03,www.dailyt.co.kr,Korean,South Korea,봉쇄,D6_교란행위,2026-07-03,,0,NONE,Cultural content,
5ace5be5036dc206358021ecaaab5b61,"[월드컵 아스트로] ‘519분 철벽’ 스페인 수문장 시몬, 월드컵 최장 무...",https://m.sports.naver.com/worldcup2026/article/396/0000748649,2026-07-03,m.sports.naver.com,Korean,South Korea,봉쇄,D6_교란행위,2026-07-03,,0,NONE,World Cup sports,
c93f7b4d9747a1e3c455468d00ed9eb9,'믿을맨' 삼전닉스 반등…메타발 업황 우려 이겨낼까 [종목+],https://n.news.naver.com/mnews/article/015/0005306144?sid=101,2026-07-03,n.news.naver.com,Korean,South Korea,봉쇄,D6_교란행위,2026-07-03,,0,NONE,Stock market,
ade252d457c56b02751a4feeb336a97a,"7년 만에 해냈다! 한국 리틀야구 U-12, 대만 꺾고 월드시리즈 진출",https://m.sports.naver.com/kbaseball/article/109/0005565249,2026-07-03,m.sports.naver.com,Korean,South Korea,봉쇄,D6_교란행위,2026-07-03,,0,NONE,Youth baseball,
e4f7da9fa63d0efc5281287f37d4b4f9,[당진 소수정당 낙선자 인터뷰④] 전상미 기본소득당 충남도당 부위원장...,http://www.djtimes.co.kr/news/articleView.html?idxno=112523,2026-07-03,www.djtimes.co.kr,Korean,South Korea,봉쇄,D6_교란행위,2026-07-03,,0,NONE,Political interview,
40a60448da17e54206c31d367d747cef,"[AI프리뷰] 월드컵 4일 32강 콜롬비아-가나전, 콜롬비아 '무패' 기세 이...",https://www.newspim.com/news/view/20260703000926,2026-07-03,www.newspim.com,Korean,South Korea,봉쇄,D6_교란행위,2026-07-03,,0,NONE,World Cup preview,
0f54e9f4b985773d8547c2bb5d8c1ebd,"종합특검, '군 철수 건의 묵살' 김명수 기소…수사기한 연장 요청도",https://n.news.naver.com/mnews/article/422/0000881285?sid=102,2026-07-03,n.news.naver.com,Korean,South Korea,봉쇄,D6_교란행위,2026-07-03,,0,NONE,Political prosecution,
74ec8fdbf570d19d5686208d54c728b9,“국회 병력 빼야” 참모 건의에도 김명수 “내개 권한 없다” 묵살,https://n.news.naver.com/mnews/article/011/0004638003?sid=102,2026-07-03,n.news.naver.com,Korean,South Korea,봉쇄,D6_교란행위,2026-07-03,,0,NONE,Political dispute,
8ae41671678e16e404a68ee1d5c10dd7,"""표현의 자유 침해"" vs ""피해자 방지""…가짜뉴스 규제법 시행 앞두고 논...",https://n.news.naver.com/mnews/article/417/0001150248?sid=100,2026-07-03,n.news.naver.com,Korean,South Korea,봉쇄,D6_교란행위,2026-07-03,,0,NONE,Fake news regulation,
1ed87762d5d914f89ca7b39b32aabca3,"특검 “尹, ‘계엄 그냥 선포만 했다’ 진술”… 반란 혐의는 불기소",https://n.news.naver.com/mnews/article/022/0004140349?sid=102,2026-07-03,n.news.naver.com,Korean,South Korea,봉쇄,D6_교란행위,2026-07-03,,0,NONE,Political investigation,
c36f5b0577467419c18e583223594a70,"[2026WC] 스페인 철벽 GK 시몬, 월드컵 최장 시간 무실점 행진",https://www.newspim.com/news/view/20260703000921,2026-07-03,www.newspim.com,Korean,South Korea,봉쇄,D6_교란행위,2026-07-03,,0,NONE,World Cup sports,
2d8566947260514f3cf588233885908c,"[김만흠 칼럼] 집권 2년차, 지지도 급락과 패권 카르텔 균열",https://weekly.hankooki.com/news/articleView.html?idxno=7172563,2026-07-03,weekly.hankooki.com,Korean,South Korea,봉쇄,D6_교란행위,2026-07-03,,0,NONE,Political opinion,
f1d2d0d40754fc1a665fb4ee97231c93,[콘텐츠 인사이트]구글 앱마켓에 칼 빼든 공정위...쟁점은 게임 유통권,https://n.news.naver.com/mnews/article/293/0000087208?sid=105,2026-07-03,n.news.naver.com,Korean,South Korea,봉쇄,D6_교란행위,2026-07-03,,0,NONE,Tech regulation,
f9cb440ed50dd508d9dda225a099f913,<단독> 조성현 대령 ‘12·3 내란’ 협력했나 안 했나,https://www.ilyosisa.co.kr/news/article.html?no=256720,2026-07-03,www.ilyosisa.co.kr,Korean,South Korea,봉쇄,D6_교란행위,2026-07-03,,0,NONE,Political investigation,
8baf60d137b664313a983595d1c57bc9,‘트럼프 축제’된 美 건국기념일…하메네이 국장엔 수천만명 동원,https://n.news.naver.com/mnews/article/011/0004637964?sid=104,2026-07-03,n.news.naver.com,Korean,South Korea,봉쇄,D6_교란행위,2026-07-03,,0,NONE,Political event,
971f91b274c438a5baeea24f0c2d6dc2,"尹 ""선포만 하려 했다""""…특검 ""메시지 계엄 주장 터무니없어""",https://n.news.naver.com/mnews/article/015/0005306063?sid=102,2026-07-03,n.news.naver.com,Korean,South Korea,봉쇄,D6_교란행위,2026-07-03,,0,NONE,Political statement,
68ad1d69202abda15890ad0c131f511c,"신현빈, 올블랙 시사회 룩으로 '군체' 공설희 변신 예고",https://www.topstarnews.net/news/articleView.html?idxno=16122697,2026-07-03,www.topstarnews.net,Korean,South Korea,봉쇄,D6_교란행위,2026-07-03,,0,NONE,,
2305f0ccb03875c79251c756b253669d,"구글, EU 반독점 소송 최종 패소…7조원대 과징금 확정",https://byline.network/?p=9004111222610779,2026-07-03,byline.network,Korean,South Korea,봉쇄,D6_교란행위,2026-07-03,,0,NONE,,
24e28611dd991b2e4cf3d7bfa7f65a2b,"종합특검 ""尹, '계엄, 마스터플랜 없이 선포만 하는 거였다' 진술""",https://n.news.naver.com/mnews/article/079/0004164736?sid=102,2026-07-03,n.news.naver.com,Korean,South Korea,봉쇄,D6_교란행위,2026-07-03,,0,NONE,,
f82bfac3eb532c243f721b533009d098,"종합특검 ""尹, 계엄 마스터플랜 없었다 진술""",https://n.news.naver.com/mnews/article/119/0003107838?sid=102,2026-07-03,n.news.naver.com,Korean,South Korea,봉쇄,D6_교란행위,2026-07-03,,0,NONE,,
deab6d8612ea779d3c9ec7bfad29f9d0,"대한체육회 ""회원단체 업무 마비, 체육인 피해 커져""",http://www.hansbiz.co.kr/news/articleView.html?idxno=848174,2026-07-03,www.hansbiz.co.kr,Korean,South Korea,봉쇄,D6_교란행위,2026-07-03,,0,NONE,,
597043da019810ae942e1f4e892a7b66,국조특위 검증 뒤 썰렁해진 잠실개표소 집회 … 인파 눈에 띄게 줄어,https://www.newdaily.co.kr/site/data/html/2026/07/03/2026070300187.html,2026-07-03,www.newdaily.co.kr,Korean,South Korea,봉쇄,D6_교란행위,2026-07-03,,0,NONE,,
0745e26aa34f60ff36fe15cbdc4ee0b9,"'李 명예훼손' 모스탄 ""출국정지, 미국 시민 대한 불법 조치""",https://n.news.naver.com/mnews/article/018/0006321887?sid=102,2026-07-03,n.news.naver.com,Korean,South Korea,봉쇄,D6_교란행위,2026-07-03,,0,NONE,,
687e61979e3615dc8fb9922d3f62af8c,"스트레스가 암 성장 부추길 수 있다… ""장내 세균 변화가 면역 반응 약...",https://news.hidoc.co.kr/news/articleView.html?idxno=64484,2026-07-03,news.hidoc.co.kr,Korean,South Korea,봉쇄,D6_교란행위,2026-07-03,,0,NONE,,
e39710f0974f62f224c68f147678ae8a,"‘자해하고, 침 뱉고, 때리고’ 139명이 수사 받는다…우성아파트에서 ...",https://n.news.naver.com/mnews/article/016/0002665549?sid=102,2026-07-03,n.news.naver.com,Korean,South Korea,봉쇄,D6_교란행위,2026-07-03,,0,NONE,,
01a2cacfa5274f316f3029df28671a03,"특검 ""尹, 계엄 마스터플랜 없었다 진술…국회 해산이 목적""",https://n.news.naver.com/mnews/article/374/0000519881?sid=101,2026-07-03,n.news.naver.com,Korean,South Korea,봉쇄,D6_교란행위,2026-07-03,,0,NONE,,
4f5684137cd9156c898b821f23876ff3,"공정위, 구글 앱마켓 '시장지배적 지위 남용' 사건 심의 개시",http://www.srtimes.kr/news/articleView.html?idxno=206730,2026-07-03,www.srtimes.kr,Korean,South Korea,봉쇄,D6_교란행위,2026-07-03,,0,NONE,,
46a87782f3c80f19668f308f802260a1,"정점식 ""민주당 장악한 법사위, 법치주의 사망한 '법사(死)위' 전락""",https://www.idaegu.co.kr/news/articleView.html?idxno=552881,2026-07-03,www.idaegu.co.kr,Korean,South Korea,봉쇄,D6_교란행위,2026-07-03,,0,NONE,,
e9e9f72138ce15482f0539066b289910,"“김명수, 참모들 ‘국회 병력 철수’ 건의 묵살”",https://n.news.naver.com/mnews/article/020/0003731398?sid=102,2026-07-03,n.news.naver.com,Korean,South Korea,봉쇄,D6_교란행위,2026-07-03,,0,NONE,,
ad5c7107f1c092e69adfb111619d254c,"정보통신망법 7일 시행... 국힘 ""온라인 입틀막법, 카톡도 감시받을 것...",https://n.news.naver.com/mnews/article/469/0000940249?sid=100,2026-07-03,n.news.naver.com,Korean,South Korea,봉쇄,D6_교란행위,2026-07-03,,0,NONE,,
9bd98d3be5d8b49ea1ef461767b3c60a,"중앙일보, 새 정통망법에 '7·7법 포비아' 보도… 방미통위 반박은",https://n.news.naver.com/mnews/article/006/0000136558?sid=100,2026-07-03,n.news.naver.com,Korean,South Korea,봉쇄,D6_교란행위,2026-07-03,,0,NONE,,
9c4fd2be68dca12e6b5fe9e5b09e2eea,"[국회라이브1/집중토론] 설훈 ""국힘 보이콧 장기화 불가…결국 타협 예...",https://www.natv.go.kr/natv/news/newsView.do?newsId=513674,2026-07-03,www.natv.go.kr,Korean,South Korea,봉쇄,D6_교란행위,2026-07-03,,0,NONE,,
06f7ca70f9c1b9f016028628c959fb51,“선거부실 놓고 정치적 세 대결 양상...국정조사든 특검이든 산으로 가...,https://n.news.naver.com/mnews/article/660/0000112447?sid=100,2026-07-03,n.news.naver.com,Korean,South Korea,봉쇄,D6_교란행위,2026-07-03,,0,NONE,,
70f24b4565a28a4108dcd40d4fabadbd,"특검 ""尹, 계엄 마스터플랜 없었다 진술…국회 해산이 목적""(종합)",https://n.news.naver.com/mnews/article/001/0016175267?sid=102,2026-07-03,n.news.naver.com,Korean,South Korea,봉쇄,D6_교란행위,2026-07-03,,0,NONE,,
810976ed94677edc5649fcf9fd93a4b4,"삼성 김백산, ‘KBO 역대 두 번째’ 육성 출신 데뷔전 선발승",https://www.bntnews.co.kr/article/view/bnt202607030221,2026-07-03,www.bntnews.co.kr,Korean,South Korea,봉쇄,D6_교란행위,2026-07-03,,0,NONE,,
515eafc7d1219e37f654893191dc6ad2,"종합특검 ""김명수, 참모들 병력 철수 건의 묵살""…수사기간 추가 연장 ...",https://n.news.naver.com/mnews/article/469/0000940243?sid=102,2026-07-03,n.news.naver.com,Korean,South Korea,봉쇄,D6_교란행위,2026-07-03,,0,NONE,,
6e0aae64e87185f12eb96cc88395fffc,"중국 AI, 더는 ‘추격자’가 아니다 [신간]",https://n.news.naver.com/mnews/article/024/0000106638?sid=102,2026-07-03,n.news.naver.com,Korean,South Korea,봉쇄,D6_교란행위,2026-07-03,,0,NONE,,
10bf49eb054e996d9fed92288c173435,"위성락 실장 ""쿠팡 정보유출, 미국이었다면 심각한 이슈…표적조사 아냐...",https://www.delighti.co.kr/news/articleView.html?idxno=118569,2026-07-03,www.delighti.co.kr,Korean,South Korea,봉쇄,D6_교란행위,2026-07-03,,0,NONE,,
42c9846e19f0ed303c484564577ac350,정점식 “노란봉투·상법이 호남 반도체 발목…도끼가 제발등 찍은 것”,https://n.news.naver.com/mnews/article/009/0005702447?sid=101,2026-07-03,n.news.naver.com,Korean,South Korea,봉쇄,D6_교란행위,2026-07-03,,0,NONE,,
9e05ede67c0a85a36254705512a45693,"尹, 비상계엄 마스터플랜 없었나…""그냥 선포만 했다"" 진술",https://n.news.naver.com/mnews/article/421/0009039923?sid=102,2026-07-03,n.news.naver.com,Korean,South Korea,봉쇄,D6_교란행위,2026-07-03,,0,NONE,,
b63ae0b396d85f3efb7b50c718733e0a,"[역사속 오늘·7.4] 유럽입자물리연구소(CERN), 힉스입자 발견 발표(2012...",http://kor.theasian.asia/archives/408649,2026-07-03,kor.theasian.asia,Korean,South Korea,수출규제,D6_교란행위,2026-07-03,,0,NONE,,
155ff22acf306705a1ced147d13d0636,"한미약품, 혁신 신약 경쟁력 재조명…""R&D 성과 글로벌서 주목""",http://www.bizwnews.com/news/articleView.html?idxno=139971,2026-07-03,www.bizwnews.com,Korean,South Korea,수출규제,D6_교란행위,2026-07-03,,0,NONE,,
eb7ac6b4a416661bb42413fa890c8352,주류 규제 풀린다... 하이볼 보존료 허용 추진,https://www.ppss.kr/news/articleView.html?idxno=300927,2026-07-03,www.ppss.kr,Korean,South Korea,수출규제,D6_교란행위,2026-07-03,,0,NONE,,
f8077cbda8414477d8b503f73f34ecc4,"[월드 e 브리핑] 독일, 경제개혁 승부수…부자 증세·노동 유연화",https://www.obsnews.co.kr/news/articleView.html?idxno=1529554,2026-07-03,www.obsnews.co.kr,Korean,South Korea,수출규제,D6_교란행위,2026-07-03,,0,NONE,,
2a0c5776377381fec013156a0f09dacb,"[창간 기념 정책토론회] ""농업4법부터 농지·농협 개혁까지···농업의 ...",https://www.agrinet.co.kr/news/articleView.html?idxno=405436,2026-07-03,www.agrinet.co.kr,Korean,South Korea,수출규제,D6_교란행위,2026-07-03,,0,NONE,,
03bd0367bb88f5a045a7d4560aba51f5,[통일로에서] 반도체 훈풍의 역설…'양극화의 늪'에 빠진 한국경제,https://www.straightnews.co.kr/news/articleView.html?idxno=306281,2026-07-03,www.straightnews.co.kr,Korean,South Korea,수출규제,D6_교란행위,2026-07-03,,0,NONE,,
2d72d9b15d8a49e7fbe2d7ccfa421d39,4대 금융 ESG보고서에 AI '존재감'…활용 넘어 리스크 관리로,http://www.whitepaper.co.kr/news/articleView.html?idxno=264223,2026-07-03,www.whitepaper.co.kr,Korean,South Korea,수출규제,D6_교란행위,2026-07-03,,0,NONE,,
0313c4d75cc03b3b6a9cbda305aeca3e,2026 메디엑스포 코리아 대구서 화려한 개막,https://www.newsclaim.co.kr/news/articleView.html?idxno=3068457,2026-07-03,www.newsclaim.co.kr,Korean,South Korea,수출규제,D6_교란행위,2026-07-03,,0,NONE,,
be841c9687b5db7ea46d60be525a0edd,"[정인호 객원기자칼럼] 3대 메가프로젝트, 산업 정책 출발점으로",https://weekly.hankooki.com/news/articleView.html?idxno=7172538,2026-07-03,weekly.hankooki.com,Korean,South Korea,수출규제,D6_교란행위,2026-07-03,,0,NONE,,
a158daa62a6615e91b35b6776a694dd5,[이미화 칼럼] 미래를 보다-제1편: 상하이에서 목격한 미래 도시,https://www.idjnews.kr/news/articleView.html?idxno=301387,2026-07-03,www.idjnews.kr,Korean,South Korea,수출규제,D6_교란행위,2026-07-03,,0,NONE,,
026295bc8bf31b4dde2b50c8129318a7,올 상반기 화장품 수출 70억 달러…'역대 최대' 달성,https://www.korea.kr/news/policyNewsView.do?newsId=148967608&call_from=naver_news,2026-07-03,www.korea.kr,Korean,South Korea,수출규제,D6_교란행위,2026-07-03,,0,NONE,,
96e9126be91a6f21d62984575781a2b1,[인터뷰] 고성균 한국승강기안전공단 이사장,https://www.energydaily.co.kr/news/articleView.html?idxno=201115,2026-07-03,www.energydaily.co.kr,Korean,South Korea,수출규제,D6_교란행위,2026-07-03,,0,NONE,,
e3318de157d4583fad184f3cd4ded6a3,양식 산업 확대로 도약하는 브라질 수산물 시장,http://dream.kotra.or.kr/kotranews/cms/news/actionKotraBoardDetail.do?SITE_NO=3&MENU_ID=180&CONTENTS_NO=1&bbsGbn=243&bbsSn=243&pNttSn=242465,2026-07-03,dream.kotra.or.kr,Korean,South Korea,수출규제,D6_교란행위,2026-07-03,,0,NONE,,
ae2b66095be03451b194d030f5575f44,한화·현대차·삼성·SK 등 영남권 312조 투자 정부 “국가 역량 총동원...,https://vop.co.kr/A00001695685.html,2026-07-03,vop.co.kr,Korean,South Korea,수출규제,D6_교란행위,2026-07-03,,0,NONE,,
fa8afa927f307b985a91509eaa5c916e,"한화·현대자동차·삼성·SK·두산·LG그룹, 영남권에 312조원 투자",http://www.efnews.co.kr/news/articleView.html?idxno=130739,2026-07-03,www.efnews.co.kr,Korean,South Korea,수출규제,D6_교란행위,2026-07-03,,0,NONE,,
b3f625a966461ceac25506db94ebeb73,"한화·현대차, 영남권에 통 큰 투자…李 ""우주항공, 韓 새 먹거리 산업...",https://n.news.naver.com/mnews/article/138/0002233109?sid=101,2026-07-03,n.news.naver.com,Korean,South Korea,수출규제,D6_교란행위,2026-07-03,,0,NONE,,
9a0e1e1400f170039dc7728317ec7c34,[메가프로젝트] 산업지도 대개편..호남 반도체·충청 패키징·영남 피지...,http://www.4th.kr/news/articleView.html?idxno=2114207,2026-07-03,www.4th.kr,Korean,South Korea,수출규제,D6_교란행위,2026-07-03,,0,NONE,,
34102022f59e390fc369ddea1f1f2474,"국민의힘 “미 ‘쿠팡 차별’ 주장에 통상 갈등 우려…정부, 실질 대책...",https://n.news.naver.com/mnews/article/056/0012211316?sid=100,2026-07-03,n.news.naver.com,Korean,South Korea,수출규제,D6_교란행위,2026-07-03,,0,NONE,,
74b36e56c35f92ca261f1c29ca8a0aeb,[DD퇴근길] 역대급 실적 삼성전자·SK하이닉스…그런데 왜 웃질 못하니,https://n.news.naver.com/mnews/article/138/0002233105?sid=105,2026-07-03,n.news.naver.com,Korean,South Korea,수출규제,D6_교란행위,2026-07-03,,0,NONE,,
463ce0e0ee63ffb6338f6b7eca2e6690,"[인터뷰] 재선 성공 이현재 하남시장 ""중앙정부 생리 모르면 규제 못 풀...",https://daily.hankooki.com/news/articleView.html?idxno=1382751,2026-07-03,daily.hankooki.com,Korean,South Korea,수출규제,D6_교란행위,2026-07-03,,0,NONE,,
645a5f9b1e13c575495a8d7f9c6a5856,"""AI 도움 돼야 동맹""...트럼프 '선별 동맹' 파장",https://science.ytn.co.kr/program/view.php?mcd=0082&hcd=&key=202607031623250303,2026-07-03,science.ytn.co.kr,Korean,South Korea,수출규제,D6_교란행위,2026-07-03,,0,NONE,,
3ba676c898283a212646a6df46f48bff,"""영남을 첨단산업 거점으로""…SK·현대차·한화 등 312조원 투자",http://www.seouleconews.com/news/articleView.html?idxno=92205,2026-07-03,www.seouleconews.com,Korean,South Korea,수출규제,D6_교란행위,2026-07-03,,0,NONE,,
6eb4048a976554f96431e31d4834ee98,"구윤철 ""6개 기업 312조 원 투자…영남권, AI·반도체 핵심축""",http://www.iminju.net/news/articleView.html?idxno=166217,2026-07-03,www.iminju.net,Korean,South Korea,수출규제,D6_교란행위,2026-07-03,,0,NONE,,
95d225cd44e7178084dbd3b576c5a377,"K-제약, 멕시코를 '기회의 땅'으로…중남미 핵심 거점 부상",https://www.sisaon.co.kr/news/articleView.html?idxno=202418,2026-07-03,www.sisaon.co.kr,Korean,South Korea,수출규제,D6_교란행위,2026-07-03,,0,NONE,,
a6bf05c55e975b7eab2c9c52c1971031,"김상욱 울산시장 ""인허가 등 모든 행정 적극 지원"" 영남권 투자 환영",https://n.news.naver.com/mnews/article/014/0005543524?sid=102,2026-07-03,n.news.naver.com,Korean,South Korea,수출규제,D6_교란행위,2026-07-03,,0,NONE,,
1feb33411066b7995445e31d16861735,"[이로운논의]기후재난 시대 원전은 안전한가…환경운동연합, 아시아 사...",https://www.eroun.net/news/articleView.html?idxno=84603,2026-07-03,www.eroun.net,Korean,South Korea,수출규제,D6_교란행위,2026-07-03,,0,NONE,,
64011527a9e040432858bdbbe50babd9,AI 의료혁신 한눈에…‘2026 메디엑스포 코리아’ 대구 개막,https://n.news.naver.com/mnews/article/382/0001281491?sid=102,2026-07-03,n.news.naver.com,Korean,South Korea,수출규제,D6_교란행위,2026-07-03,,0,NONE,,
abebba139cb259e4fc8d1ba9a2c985c9,4년 만에 돌아온 美 주파수 경매… 버라이즌 ‘싹쓸이’에 파트너 삼성...,https://n.news.naver.com/mnews/article/366/0001176598?sid=105,2026-07-03,n.news.naver.com,Korean,South Korea,수출규제,D6_교란행위,2026-07-03,,0,NONE,,
b40660cd149cbbef236002478fe5d988,SMR '국가전략기술' 지정 검토…부산 원전생태계 활성화 기대,https://n.news.naver.com/mnews/article/658/0000148547?sid=101,2026-07-03,n.news.naver.com,Korean,South Korea,수출규제,D6_교란행위,2026-07-03,,0,NONE,,
21252b9971bd7947ff3b2b4c9a18e72c,"정부, 영남권 첨단산업 뒷받침… SMR 국가전략기술 지정, 세제 지원",https://n.news.naver.com/mnews/article/016/0002665533?sid=101,2026-07-03,n.news.naver.com,Korean,South Korea,수출규제,D6_교란행위,2026-07-03,,0,NONE,,
a664b8f690fb4aeb60ce3973f96dcec5,영남권 첨단산업에 한화·현대차·삼성·SK 등 312조 원 투자,https://www.korea.kr/news/policyNewsView.do?newsId=148967584&call_from=naver_news,2026-07-03,www.korea.kr,Korean,South Korea,수출규제,D6_교란행위,2026-07-03,,0,NONE,,
cbb9fae9d77a9d276825d791d5771630,'2026 메디엑스포 코리아' 개막…AI 의료기술·글로벌 비즈니스 한자리...,http://www.breaknews.com/1219054,2026-07-03,www.breaknews.com,Korean,South Korea,수출규제,D6_교란행위,2026-07-03,,0,NONE,,
82aaec38f3d742cb6b9318007e02654a,"정부, SMR 국가전략기술 지정 추진…세제지원 등 영남권 첨단사업 강화",https://n.news.naver.com/mnews/article/082/0001388224?sid=101,2026-07-03,n.news.naver.com,Korean,South Korea,수출규제,D6_교란행위,2026-07-03,,0,NONE,,
b2acf4b66d580518b1176c808b0e7fab,인도네시아인 개별 관광객도 무비자 한국 입국 허용할까..윤순구 주인니...,https://n.news.naver.com/mnews/article/014/0005543509?sid=104,2026-07-03,n.news.naver.com,Korean,South Korea,수출규제,D6_교란행위,2026-07-03,,0,NONE,,
a69533072b03b028be25a10bc83a294b,"구윤철 ""영남권에 6개 기업이 312조원+α 투자할 것""",https://n.news.naver.com/mnews/article/003/0014045772?sid=101,2026-07-03,n.news.naver.com,Korean,South Korea,수출규제,D6_교란행위,2026-07-03,,0,NONE,,
ec9bbad2605661297b3dbe0628a82f27,"구윤철 ""물 들어올 때 노 저어야…영남권 세계 1등 산업화 지역으로""",https://news.einfomax.co.kr/news/articleView.html?idxno=4423315,2026-07-03,news.einfomax.co.kr,Korean,South Korea,수출규제,D6_교란행위,2026-07-03,,0,NONE,,
426d52771e39d19c43dad5745acabf0e,최유철 의성군수 취임식 개최,https://www.m-i.kr/news/articleView.html?idxno=1388079,2026-07-03,www.m-i.kr,Korean,South Korea,수출규제,D6_교란행위,2026-07-03,,0,NONE,,
b055224ca89e555604b34027a4426085,"정부, SMR 국가전략기술 지정 검토…영남권 첨단산업 지원",https://n.news.naver.com/mnews/article/001/0016175201?sid=101,2026-07-03,n.news.naver.com,Korean,South Korea,수출규제,D6_교란행위,2026-07-03,,0,NONE,,
70a3abf54f3b69bc8219106d16af8c13,"백악관, AI '출시 가이드라인' 다음 주 발표…오픈AI·앤트로픽과 최종...",https://www.aitimes.com/news/articleView.html?idxno=212388,2026-07-03,www.aitimes.com,Korean,South Korea,수출규제,D6_교란행위,2026-07-03,,0,NONE,,
98fa2edc284f6989db4aaece59dcc69f,"靑 ""'쿠팡 차별' 美 주장 사실과 달라""…李, NATO·몽골 4박5일 순방",https://n.news.naver.com/mnews/article/014/0005543482?sid=100,2026-07-03,n.news.naver.com,Korean,South Korea,수출규제,D6_교란행위,2026-07-03,,0,NONE,,
04f2ec4b89214cd088f898b5380cdc12,K뷰티 신화 다시 쓴다…'세계 1등 화장품 강국' 현실되나,https://www.newsway.co.kr/news/view?ud=2026070314402341722,2026-07-03,www.newsway.co.kr,Korean,South Korea,수출규제,D6_교란행위,2026-07-03,,0,NONE,,
52b3f130192bbff5faf006a4ecc1ab14,"엘앤씨바이오, '메가디비엠 에스' 미국 특허 품고 북미 근골격계 시장 ...",https://www.bosa.co.kr/news/articleView.html?idxno=3007651,2026-07-03,www.bosa.co.kr,Korean,South Korea,수출규제,D6_교란행위,2026-07-03,,0,NONE,,
201fcc98e7d3ce24de9f300aa0cead33,"추경호 대구시장 ""세계 잇는 디지털 헬스 허브로""···메디엑스포 코리...",https://www.cnbnews.com/news/articleView.html?idxno=1006885,2026-07-03,www.cnbnews.com,Korean,South Korea,수출규제,D6_교란행위,2026-07-03,,0,NONE,,
50f4b165ff8212794f3922d0d2c70255,"가격 올리고 또 올리는 테슬라, 비싸도 잘 팔릴까",http://www.press9.kr/news/articleView.html?idxno=78869,2026-07-03,www.press9.kr,Korean,South Korea,원달러환율,D9_한국,2026-07-03,,0,NONE,,
734df95e901e7ff07a33115f5194015c,"[전혜은 시선] 외국인 150조 팔고 연기금도 리밸런싱…한국 증시, 하반기...",http://www.weeklytoday.com/news/articleView.html?idxno=783311,2026-07-03,www.weeklytoday.com,Korean,South Korea,원달러환율,D9_한국,2026-07-03,,0,NONE,,
2fe0f4a2a1e9081332b9ef8ab5027e5b,오늘(3일) 금시세 급등세...순금 24K 한 돈 금값시세 90만원대 회복,https://www.thefairnews.co.kr/news/articleView.html?idxno=81189,2026-07-03,www.thefairnews.co.kr,Korean,South Korea,원달러환율,D9_한국,2026-07-03,,0,NONE,,
8629ced80b1a061fa8dc1932f3d379b1,"코스피·코스닥, 외인 매도에 동반 약세…7600선·850선 위태",https://n.news.naver.com/mnews/article/138/0002233017?sid=101,2026-07-03,n.news.naver.com,Korean,South Korea,원달러환율,D9_한국,2026-07-03,,0,NONE,,
c20f347d78dcf904764fd9f220c07530,美 고용지표에 환율 상승 ‘제동’…11원 내린 1540원대,https://n.news.naver.com/mnews/article/022/0004140244?sid=101,2026-07-03,n.news.naver.com,Korean,South Korea,원달러환율,D9_한국,2026-07-03,,0,NONE,,
16ab40a9a8d89914a9ad0fd57eaf1396,"""싱가포르에도 밀렸다"" 외환보유액 '환율 방어'에 세계 13위로 하락",http://www.newsprime.co.kr/news/article.html?no=739005,2026-07-03,www.newsprime.co.kr,Korean,South Korea,원달러환율,D9_한국,2026-07-03,,0,NONE,,
d22bd9941680cfcc5b1ab97d42eb554e,"초저금리 상생대출 신설…환변동보험, 사치재 제외 전 수입기업으로 확...",https://n.news.naver.com/mnews/article/015/0005305898?sid=101,2026-07-03,n.news.naver.com,Korean,South Korea,원달러환율,D9_한국,2026-07-03,,0,NONE,,
262fc6f3e7741b0502620ce4426896b1,"고환율에 중소기업 비상…정부, 15조 긴급경영자금 지원",https://www.jnilbo.com/news/articleView.html?idxno=90000047392,2026-07-03,www.jnilbo.com,Korean,South Korea,원달러환율,D9_한국,2026-07-03,,0,NONE,,
b297e118489eb37fe21ed7f728660ef3,"코스피, AI 과잉 우려 지속에 2%대↓…외국인 1조 매도",http://www.the-biz.co.kr/news/articleView.html?idxno=723753,2026-07-03,www.the-biz.co.kr,Korean,South Korea,원달러환율,D9_한국,2026-07-03,,0,NONE,,
f4fe43e8b79fd247645c25e123aa206d,"코스피, 7,700선에서 상승 출발‥원·달러 환율 1,550원 아래로",https://n.news.naver.com/mnews/article/214/0001509355?sid=101,2026-07-03,n.news.naver.com,Korean,South Korea,원달러환율,D9_한국,2026-07-03,,0,NONE,,
f58ce29599c587341055f7da636d4049,"[개장시황] 코스피, 반도체주 급락 속 개인 저가매수에 7739 출발",https://www.joongangenews.com/news/articleView.html?idxno=530275,2026-07-03,www.joongangenews.com,Korean,South Korea,원달러환율,D9_한국,2026-07-03,,0,NONE,,
c0faba6758ff252b80c54d95ce224427,원/달러 환율 11.3원 급락 출발…1544.5원 개장,https://www.cstimes.com/news/articleView.html?idxno=712139,2026-07-03,www.cstimes.com,Korean,South Korea,원달러환율,D9_한국,2026-07-03,,0,NONE,,
ed41218a140372224689ba0fd01dacca,환율 1540원대로 하락…美 고용 부진에 달러 약세,https://www.news2day.co.kr/article/20260703500072,2026-07-03,www.news2day.co.kr,Korean,South Korea,원달러환율,D9_한국,2026-07-03,,0,NONE,,
dedfaf909c6e356aead6d8b5136b75ef,"구윤철 ""중소기업 '고환율 애로'에 14조9000억 긴급 지원""",https://www.newsworks.co.kr/news/articleView.html?idxno=845974,2026-07-03,www.newsworks.co.kr,Korean,South Korea,원달러환율,D9_한국,2026-07-03,,0,NONE,,
0525d5b703d3ecd4cea27c79fe34cecb,"코스피, 상승 출발 후 약세 전환…7500선 후퇴",http://www.newsian.co.kr/news/articleView.html?idxno=91770,2026-07-03,www.newsian.co.kr,Korean,South Korea,원달러환율,D9_한국,2026-07-03,,0,NONE,,
3d30b14c18a8403eff5b1cd2131f1558,상승 출발한 코스피 하락세로...장 초반 삼성전자 '강세',https://n.news.naver.com/mnews/article/052/0002374169?sid=101,2026-07-03,n.news.naver.com,Korean,South Korea,원달러환율,D9_한국,2026-07-03,,0,NONE,,
da39948d901c00f8272837e721c6743c,코스피 5.76% 급반등…하루 만에 8천 선 회복,https://n.news.naver.com/mnews/article/056/0012211031?sid=101,2026-07-03,n.news.naver.com,Korean,South Korea,원달러환율,D9_한국,2026-07-03,,0,NONE,,
d9a2a26506383e484c8a141d53120ca9,환율 하락 출발,https://n.news.naver.com/mnews/article/001/0016174118?sid=101,2026-07-03,n.news.naver.com,Korean,South Korea,원달러환율,D9_한국,2026-07-03,,0,NONE,,
38065e8fdc5f3c20f6248cc88015e7b4,"코스피 오르고, 환율 내리고",https://n.news.naver.com/mnews/article/001/0016174117?sid=101,2026-07-03,n.news.naver.com,Korean,South Korea,원달러환율,D9_한국,2026-07-03,,0,NONE,,
95c2d01df0dd5dac8f0d5754ea6ec314,"수은, 고환율 부담 중기에 3000억 초저금리 대출…조달원가 수준",https://n.news.naver.com/mnews/article/417/0001150120?sid=101,2026-07-03,n.news.naver.com,Korean,South Korea,원달러환율,D9_한국,2026-07-03,,0,NONE,,
c0f456439a301a7da4e10e97c7e2b954,1년 사이 200원 오른 환율…파생상품시장이 보는 방향은,https://news.einfomax.co.kr/news/articleView.html?idxno=4423225,2026-07-03,news.einfomax.co.kr,Korean,South Korea,원달러환율,D9_한국,2026-07-03,,0,NONE,,
d6fcfcb601ad7808248b1caf5fabc80b,킹 달러와 달러 폭망론으로 본 원·달러 환율 전망ㅣ하반기엔 외국인 이...,https://n.news.naver.com/mnews/article/215/0001257460?sid=101,2026-07-03,n.news.naver.com,Korean,South Korea,원달러환율,D9_한국,2026-07-03,,0,NONE,,
60e4eb306358e2f6e0c77d211e45fd11,오늘 개장 시황은?,https://www.newspim.com/news/view/20260703000214,2026-07-03,www.newspim.com,Korean,South Korea,원달러환율,D9_한국,2026-07-03,,0,NONE,,
f2e5d363013e425704659791d2aaf33b,"권정열, 성시경의 '갱년기 의혹'에 발끈 ""원래 예전부터 자주 울었다"" 해...",https://m.entertain.naver.com/article/445/0000434645,2026-07-03,m.entertain.naver.com,Korean,South Korea,선사,D4_운송,2026-07-03,,0,NONE,,
e9f257e221f380c52d2357433f2f4465,[패트롤] 과천시-군포시-부천시-안양시-의왕시,https://www.ekn.kr/web/view.php?key=20260703024449226,2026-07-03,www.ekn.kr,Korean,South Korea,선사,D4_운송,2026-07-03,,0,NONE,,
f765a344dd2120985f8ec5f883c417ce,"[옥탑방의 문제아들] 장항준, ""소품 컬러, 신발 각도까지 하루 100가지 결...",https://m.entertain.naver.com/article/438/0000080542,2026-07-03,m.entertain.naver.com,Korean,South Korea,선사,D4_운송,2026-07-03,,0,NONE,,
c6f0809e36faacf87ef1e4da1337694f,"'붉은 노을처럼 황홀한 가창력' 트롯거성 이찬원, '2026 태화강 런셋페...",https://www.topstarnews.net/news/articleView.html?idxno=16122989,2026-07-03,www.topstarnews.net,Korean,South Korea,선사,D4_운송,2026-07-03,,0,NONE,,
318d1f7aa51b9d21c856853ebef243d3,"[옥탑방의 문제아들] 윤종신, “첫 음악방송 출연 후 음반 판매 꺾였다...",https://m.entertain.naver.com/article/438/0000080541,2026-07-03,m.entertain.naver.com,Korean,South Korea,선사,D4_운송,2026-07-03,,0,NONE,,
aa556ce11694c8e623beaba8810ce337,[옥탑방의 문제아들] 015B 객원보컬로 데뷔하기까지~ 수업 땡땡이치고 ...,https://m.entertain.naver.com/article/438/0000080540,2026-07-03,m.entertain.naver.com,Korean,South Korea,선사,D4_운송,2026-07-03,,0,NONE,,
ed13d9b9abef6be4a278b4f3b48a5194,"효민, 차 안 셀카로 전한 근황…편스토랑 선행까지",https://www.topstarnews.net/news/articleView.html?idxno=16122970,2026-07-03,www.topstarnews.net,Korean,South Korea,선사,D4_운송,2026-07-03,,0,NONE,,
6ee36603d05791a1563a1023c5083bc5,[옥탑방의 문제아들] “라이벌 굳이 꼽자면…신성우?” 자기객관화 버린...,https://m.entertain.naver.com/article/438/0000080539,2026-07-03,m.entertain.naver.com,Korean,South Korea,선사,D4_운송,2026-07-03,,0,NONE,,
27291d848e8f2465219e06ab9b058030,"김재환, 스톤뮤직 첫 오리지널 뮤직 팟캐스트 콘텐츠 호스트 발탁",https://m.entertain.naver.com/article/144/0001124328,2026-07-03,m.entertain.naver.com,Korean,South Korea,선사,D4_운송,2026-07-03,,0,NONE,,
768771a3938b928f7986e4a020ab38c9,'나혼자산다' 김신영 반전 달리기(나혼산),https://www.bntnews.co.kr/article/view/bnt202607030258,2026-07-03,www.bntnews.co.kr,Korean,South Korea,선사,D4_운송,2026-07-03,,0,NONE,,
2766dd672455d86708ec3268132245aa,"안산, 후반기 대반격 노린다… 미스터트롯2 안성훈과 '연장전 콘서트'까...",https://m.sports.naver.com/kfootball/article/343/0000144659,2026-07-03,m.sports.naver.com,Korean,South Korea,선사,D4_운송,2026-07-03,,0,NONE,,
1afeae5eb90cb79e9ce56e6787bcd90a,'나혼자산다' 랜덤 비빔밥 만들기(나혼산),https://www.bntnews.co.kr/article/view/bnt202607030237,2026-07-03,www.bntnews.co.kr,Korean,South Korea,선사,D4_운송,2026-07-03,,0,NONE,,
597a7042cc10fb7561485ba62de4fd19,"포항 영일대해수욕장, 동화 속 마법 같은 대형 모래조각 축제 개최",http://www.newstown.co.kr/news/articleView.html?idxno=708141,2026-07-03,www.newstown.co.kr,Korean,South Korea,선사,D4_운송,2026-07-03,,0,NONE,,
6c241d101a1956e307960d39be971766,음악 소리도 뚫은 김효주의 버디…압도적 몰입감 선사한 18번 홀 '롯데 ...,https://m.sports.naver.com/golf/article/435/0000015965,2026-07-03,m.sports.naver.com,Korean,South Korea,선사,D4_운송,2026-07-03,,0,NONE,,
7ba8d7e07ead2cbeb08d6a61457ca615,"“난 실패만 하는 사람” 선우정아, 슬럼프 솔직 고백 (더 시즌즈)",https://m.entertain.naver.com/article/408/0000313768,2026-07-03,m.entertain.naver.com,Korean,South Korea,선사,D4_운송,2026-07-03,,0,NONE,,
802de3e60e2f173599a350b228010765,"박수현 충남도지사, ""연일 불야성 이룰 수 있는 '야간경제' 만들어야 한...",http://www.newstown.co.kr/news/articleView.html?idxno=708160,2026-07-03,www.newstown.co.kr,Korean,South Korea,선사,D4_운송,2026-07-03,,0,NONE,,
b07c8db55182969669d89c7e8ccafdf6,"지역 예술과 극장의 뜨거운 동행, '2026 지역민간교향악축제' 개막",https://n.news.naver.com/mnews/article/082/0001388252?sid=103,2026-07-03,n.news.naver.com,Korean,South Korea,선사,D4_운송,2026-07-03,,0,NONE,,
8dd20a16d3774053dd091450e651a4cf,"[비평의 온도] 안경 뒤의 초인, 거울 속의 나 — 두 명의 '김부장'과 결...",https://www.ilemonde.com/news/articleView.html?idxno=30288,2026-07-03,www.ilemonde.com,Korean,South Korea,선사,D4_운송,2026-07-03,,0,NONE,,
ee6125f2de5f0cd417d053b020eb228f,"홍조 메이크업, 파운데이션보다 먼저 그린 베이스를 쓰세요",https://www.harpersbazaar.co.kr/article/1905649,2026-07-03,www.harpersbazaar.co.kr,Korean,South Korea,선사,D4_운송,2026-07-03,,0,NONE,,
2d290d603775c71ba5a850e4d88271fa,"경서, 5일 데뷔 첫 시구 나선다…야구장서 미발매 신곡 최초 공개",https://m.entertain.naver.com/article/382/0001281540,2026-07-03,m.entertain.naver.com,Korean,South Korea,선사,D4_운송,2026-07-03,,0,NONE,,
8a4728674e8e812534dc375788176f9e,"김신영, 전현무·구성환 다 제쳤다…민호도 “신영이 형!” (‘나혼산’...",https://m.entertain.naver.com/article/241/0003518179,2026-07-03,m.entertain.naver.com,Korean,South Korea,선사,D4_운송,2026-07-03,,0,NONE,,
399fc33b7891ebd8cd4eaced09f3e13f,"‘김부장’ 소지섭-최대훈, ‘무법 중년’의 짜릿한 브로맨스",https://m.entertain.naver.com/article/408/0000313764,2026-07-03,m.entertain.naver.com,Korean,South Korea,선사,D4_운송,2026-07-03,,0,NONE,,
db08bf65d81c6fcd8ffc643be0161aa4,“와! 여름이다!” 강원 동해안 해수욕장 개장 본격…행사도 풍성,https://n.news.naver.com/mnews/article/056/0012211556?sid=102,2026-07-03,n.news.naver.com,Korean,South Korea,선사,D4_운송,2026-07-03,,0,NONE,,
f62b32bfd5e5b81346acb36855570155,[패트롤] 구리시-남양주시-시흥시-양평군-하남시,https://www.ekn.kr/web/view.php?key=20260703026199205,2026-07-03,www.ekn.kr,Korean,South Korea,선사,D4_운송,2026-07-03,,0,NONE,,
11847e5a167af52c57559e1eb72a9afc,역대급 실사화…30000:1 경쟁률 뚫은 캐스팅→실제 하와이 촬영으로 입...,https://m.entertain.naver.com/article/213/0001393100,2026-07-03,m.entertain.naver.com,Korean,South Korea,선사,D4_운송,2026-07-03,,0,NONE,,
ebe763d9c2d4b804a1da6a09e76b09b6,샌프란시스코 출항 크루즈서 노로바이러스 집단감염…125명 증상,https://www.radiokorea.com/news/article.php?uid=498599,2026-07-03,www.radiokorea.com,Korean,South Korea,선사,D4_운송,2026-07-03,,0,NONE,,
34d06146dbeca0e28efd92ae48596ba2,"'사랑의 시작, 연꽃향기에 물들다'…부여서동연꽃축제 개막",https://n.news.naver.com/mnews/article/629/0000513116?sid=102,2026-07-03,n.news.naver.com,Korean,South Korea,선사,D4_운송,2026-07-03,,0,NONE,,
a38e4104eef9a5f65d7de5f930af1d0a,"신예 엠비오(AmbiO), 청량한 여름 감성 담은 개인 콘셉트 포토 공개로 컴...",https://m.entertain.naver.com/article/144/0001124320,2026-07-03,m.entertain.naver.com,Korean,South Korea,선사,D4_운송,2026-07-03,,0,NONE,,
54d84f704d9d49fc25b914ff97120699,17-18일 여수세계섬박람회 D-50 K-POP 행사 개최,https://ysmbc.co.kr/NewsArticle/1526005,2026-07-03,ysmbc.co.kr,Korean,South Korea,선사,D4_운송,2026-07-03,,0,NONE,,
7705a76a6f8f47eb4f9244562b3e26b5,"'김부장' 소지섭·최대훈, 중년 권총액션 선보인다...몇부작일까",https://www.gukjenews.com/news/articleView.html?idxno=3625960,2026-07-03,www.gukjenews.com,Korean,South Korea,선사,D4_운송,2026-07-03,,0,NONE,,
fee8f6959e304aae71614e94203be036,아비뇽 앞둔 이자벨 위페르 “한강 소설로 5·18 광주민주화운동 인지”,https://n.news.naver.com/mnews/article/310/0000138069?sid=103,2026-07-03,n.news.naver.com,Korean,South Korea,선사,D4_운송,2026-07-03,,0,NONE,,
f52e811ac768c3c060513ff233f7dce9,"박수현 충남지사 ""머무는 관광이 지역경제 살린다…부여, 야간경제 중심...",https://www.ajunews.com/view/20260703125312001,2026-07-03,www.ajunews.com,Korean,South Korea,선사,D4_운송,2026-07-03,,0,NONE,,
5974b9b44c74d34792bf0882e0e0523d,"여름 겨드랑이 관리, 데오드란트만 바르면 부족한 이유",https://www.harpersbazaar.co.kr/article/1905642,2026-07-03,www.harpersbazaar.co.kr,Korean,South Korea,선사,D4_운송,2026-07-03,,0,NONE,,
2f6d25c82b365cbd3b1c64b51b704510,트와이스 나연이 “이것 아니면 못 쓴다”는 구강관리템 5,https://www.harpersbazaar.co.kr/article/1905630,2026-07-03,www.harpersbazaar.co.kr,Korean,South Korea,선사,D4_운송,2026-07-03,,0,NONE,,
874c8215350aabd259d896a68d2f3aab,獨 나겔스만 감독 전격 사퇴…차기 사령탑은 클롭?,https://m.sports.naver.com/worldcup2026/article/018/0006322145,2026-07-03,m.sports.naver.com,Korean,South Korea,선사,D4_운송,2026-07-03,,0,NONE,,
1ed473521b94f854353bf82149a9996a,"[유통레이더] 에이피알 메디큐브, 美·유럽 아마존 프라임데이서 1위 휩...",https://n.news.naver.com/mnews/article/117/0004081273?sid=103,2026-07-03,n.news.naver.com,Korean,South Korea,선사,D4_운송,2026-07-03,,0,NONE,,
7e4e07c09455b84791397bf6d171e1de,"성진코스메틱 포미셀(FORMECELL), 인터참코리아서 차세대 세포 기반 고기...",https://kr.aving.net/news/articleView.html?idxno=1812210,2026-07-03,kr.aving.net,Korean,South Korea,선사,D4_운송,2026-07-03,,0,NONE,,
0d3aadf6196be8fbc4f28ec621f677bc,"'맛있는 녀석들' 여수 관문동 아귀탕·아귀대창 맛집 위치는? ""극강의 칼...",https://www.topstarnews.net/news/articleView.html?idxno=16121727,2026-07-03,www.topstarnews.net,Korean,South Korea,선사,D4_운송,2026-07-03,,0,NONE,,
bb2f9f6005f8659c3156e2091a13de33,마침내 한국 상륙…55회 연속 매진→각종 영화제 휩쓸며 작품성 인정 받...,https://m.entertain.naver.com/article/213/0001393095,2026-07-03,m.entertain.naver.com,Korean,South Korea,선사,D4_운송,2026-07-03,,0,NONE,,
1850770b69b6f2a6f58fd8b18fdd655d,"3회 만에 20% 돌파 조짐…소지섭, 최대훈과 공조 시작 ""액션 가속화"" ('김...",https://m.entertain.naver.com/article/312/0000766292,2026-07-03,m.entertain.naver.com,Korean,South Korea,선사,D4_운송,2026-07-03,,0,NONE,,
3b6476152b45cfbce6e10eb68445afb4,"문진섭 서울우유 조합장 ""가격 경쟁보다 품질 차별화 집중···프리미엄...",https://www.agrinet.co.kr/news/articleView.html?idxno=405412,2026-07-03,www.agrinet.co.kr,Korean,South Korea,원유,D2_품목,2026-07-03,,0,NONE,,
9a8fef4681c4b7ea0e65f0091f2fd4da,AI주 흔들리자 자금 이동…비트코인 바닥 신호 켜졌다,https://www.digitaltoday.co.kr/news/articleView.html?idxno=681179,2026-07-03,www.digitaltoday.co.kr,Korean,South Korea,원유,D2_품목,2026-07-03,,0,NONE,,
4bfc5de0286df19cf1b90e1c84c8870a,日 장기금리 장중 30년 만에 최고…다카이치 적극재정에 시장 경고,https://www.ajunews.com/view/20260703174301520,2026-07-03,www.ajunews.com,Korean,South Korea,원유,D2_품목,2026-07-03,,0,NONE,,
641683f33b6f9d2a0616b2d04cc1ae8b,'한끼식사 데일리케어' 모델 개그우먼 이수지 발탁,http://www.amnews.co.kr/news/articleView.html?idxno=73339,2026-07-03,www.amnews.co.kr,Korean,South Korea,원유,D2_품목,2026-07-03,,0,NONE,,
08a37ae1471ef54578f12f3eb554735f,"서울우유협동조합, 코미디언 이수지 내세운 '한끼식사 데일리케어' 광고...",https://www.businesspost.co.kr/BP?command=article_view&num=441555,2026-07-03,www.businesspost.co.kr,Korean,South Korea,원유,D2_품목,2026-07-03,,0,NONE,,
904307b73371e803e6f938d7a6b471dd,"충주시시설관리공단, 7월 1일부터 금릉·연수1 공영주차장 차량 5부제 종...",https://www.gukjenews.com/news/articleView.html?idxno=3625618,2026-07-03,www.gukjenews.com,Korean,South Korea,원유,D2_품목,2026-07-03,,0,NONE,,
839816f80257c6df091eca6042dec04f,[신간산책] '피타고라스 생각 수업' - 수학자는 어떻게 발견하고 분석하...,https://www.veritas-a.com/news/articleView.html?idxno=617968,2026-07-03,www.veritas-a.com,Korean,South Korea,원유,D2_품목,2026-07-03,,0,NONE,,
ed899254db011938f970a27a765e229f,삼전닉스 폭락 이튿날 급반등…코스피 7378→8088 [시황종합],https://n.news.naver.com/mnews/article/421/0009040074?sid=101,2026-07-03,n.news.naver.com,Korean,South Korea,원유,D2_품목,2026-07-03,,0,NONE,,
6150f45b38187586b7ca5c2ce3058684,돈줄 마르고 진격 멈췄다… 파산 위기 놓인 푸틴식 전쟁 모델,https://www.fortunekorea.co.kr/news/articleView.html?idxno=53097,2026-07-03,www.fortunekorea.co.kr,Korean,South Korea,원유,D2_품목,2026-07-03,,0,NONE,,
5cc42bc41dcf8c6b34e771a698514ab8,"3조원 케어푸드 시장 정조준···서울우유, A2 영양식으로 미래 먹거리...",https://www.smartbizn.com/news/articleView.html?idxno=147735,2026-07-03,www.smartbizn.com,Korean,South Korea,원유,D2_품목,2026-07-03,,0,NONE,,
e4e3ca2f58bf25b80834c9e3c1dfcf39,"[마감시황] 코스피, 5.76% 폭등 8088선 마감…올해 16번째 매수 사이드카",https://www.m-i.kr/news/articleView.html?idxno=1388082,2026-07-03,www.m-i.kr,Korean,South Korea,원유,D2_품목,2026-07-03,,0,NONE,,
5e16b5f42578b17986511f94f4776faf,"'멈추지 않는 시장'의 시대… 하이퍼리퀴드, 24시간 글로벌 금융 새 표준...",http://coinreaders.com/245940,2026-07-03,coinreaders.com,Korean,South Korea,원유,D2_품목,2026-07-03,,0,NONE,Financial markets,
c90f716b82581dd08b2352121bb7b513,떠나는 낙농가도 국가가 책임져야,https://www.chukkyung.co.kr/news/articleView.html?idxno=81875,2026-07-03,www.chukkyung.co.kr,Korean,South Korea,원유,D2_품목,2026-07-03,,0,NONE,Dairy farming,
fba7be9baa5163af879bbd5fca3cb0c7,[새의자] 유기엽 임실치즈농협 상임이사,https://www.chukkyung.co.kr/news/articleView.html?idxno=81871,2026-07-03,www.chukkyung.co.kr,Korean,South Korea,원유,D2_품목,2026-07-03,,0,NONE,Dairy cooperative,
68ef7a249761126986649ba7e8ec1ebd,"[신제품] 서울우유, 케어푸드 시장 공략",https://www.chukkyung.co.kr/news/articleView.html?idxno=81787,2026-07-03,www.chukkyung.co.kr,Korean,South Korea,원유,D2_품목,2026-07-03,,0,NONE,Dairy product launch,
94bc441853f0837934049f38eeabd98f,"럼피스킨 음성, 끝이 아니다",https://www.chukkyung.co.kr/news/articleView.html?idxno=81806,2026-07-03,www.chukkyung.co.kr,Korean,South Korea,원유,D2_품목,2026-07-03,,0,NONE,Livestock disease,
ec1eaa5f0ffe67839deb1011c968eb2a,"[문진섭 서울우유협동조합장] ""품질·수출로 유업 위기 돌파""",https://www.chukkyung.co.kr/news/articleView.html?idxno=81843,2026-07-03,www.chukkyung.co.kr,Korean,South Korea,원유,D2_품목,2026-07-03,,0,NONE,Dairy cooperative,
ebfea709c88ec64f7d34f61579a9735e,"서울우유, '한끼식사 데일리케어' 모델에 이수지 선정",https://www.seoultimes.news/news/article.html?no=2000097382,2026-07-03,www.seoultimes.news,Korean,South Korea,원유,D2_품목,2026-07-03,,0,NONE,Dairy marketing,
769f1f3ad985de996aee5432c110fd4c,"서울우유, '한끼식사 데일리케어' 모델에 이수지 발탁",https://www.megaeconomy.co.kr/news/newsview.php?ncode=1065593013653757,2026-07-03,www.megaeconomy.co.kr,Korean,South Korea,원유,D2_품목,2026-07-03,,0,NONE,Dairy marketing,
fa8872c5e2b8f958df81f514ad949c63,"""바쁜 일상 겨냥""... 서울우유협동조합, 이수지와 함께 '한끼식사' 알린...",http://www.thefirstmedia.net/news/articleView.html?idxno=202975,2026-07-03,www.thefirstmedia.net,Korean,South Korea,원유,D2_품목,2026-07-03,,0,NONE,Dairy marketing,
1a6038321d8d97ad5f0a3d07e3c7c786,"서울우유협동조합, 이수지 앞세워 '한끼식사 데일리케어' 알린다",https://www.ezyeconomy.com/news/articleView.html?idxno=237081,2026-07-03,www.ezyeconomy.com,Korean,South Korea,원유,D2_품목,2026-07-03,,0,NONE,Dairy marketing,
650687a8fd9bddc5e032abae2654b747,"서울우유, '한끼식사 데일리케어' 출시…이수지 앞세워 마케팅 강화",https://www.industrynews.co.kr/news/articleView.html?idxno=82893,2026-07-03,www.industrynews.co.kr,Korean,South Korea,원유,D2_품목,2026-07-03,,0,NONE,Dairy marketing,
b5c6def09ffdf06daaee56a4b3f8d204,“달 착륙 2년 앞당겨 2030년”…‘한국판 스타링크’ 2035년 완성,https://n.news.naver.com/mnews/article/021/0002802272?sid=100,2026-07-03,n.news.naver.com,Korean,South Korea,한국 건설/인프라,D9_한국,2026-07-03,,0,NONE,Space program,
1d20ec58b097987034a60c2bfd723460,‘한국판 스타링크’ 2030년 완성…달 착륙 목표 2030년으로 앞당겨,https://n.news.naver.com/mnews/article/082/0001388250?sid=101,2026-07-03,n.news.naver.com,Korean,South Korea,한국 건설/인프라,D9_한국,2026-07-03,,0,NONE,Space program,
7fd7f506bd7a59ef8553dce8abbad28d,서울 분양가 상승세 속 하이엔드 브랜드 단지 관심,https://www.nextdaily.co.kr/news/articleView.html?idxno=251017,2026-07-03,www.nextdaily.co.kr,Korean,South Korea,한국 건설/인프라,D9_한국,2026-07-03,,0,NONE,Real estate,
0cd49eb4d8ac92330d0b6206c1196c7e,위성 수백기 띄워 '한국판 스타링크' 구축한다…2035년 세계 시장점유율...,https://www.livebiz.today/news/articleView.html?idxno=203080,2026-07-03,www.livebiz.today,Korean,South Korea,한국 건설/인프라,D9_한국,2026-07-03,,0,NONE,Space program,
837cfc2911cd5b5bb956301dad728af2,"안산시&김남국 국회의원, 경제자유구역 개발 등 주요현안 간담회",https://www.gukjenews.com/news/articleView.html?idxno=3625902,2026-07-03,www.gukjenews.com,Korean,South Korea,한국 건설/인프라,D9_한국,2026-07-03,,0,NONE,Regional development,
fe0156ce238834c08cdb481344a0c141,한국판 스타링크 만든다…'35년 저궤도 위성망 완성·'30년 달 착륙,https://www.ebn.co.kr/news/articleView.html?idxno=1715078,2026-07-03,www.ebn.co.kr,Korean,South Korea,한국 건설/인프라,D9_한국,2026-07-03,,0,NONE,Space program,
699a843bec09548886f93e29ef5b0eef,정부-대기업 영남권 첨단산업 312조 투자…한화·두산·LG 경남 사업장 ...,https://www.idomin.com/news/articleView.html?idxno=2009321,2026-07-03,www.idomin.com,Korean,South Korea,한국 건설/인프라,D9_한국,2026-07-03,,0,NONE,,
d15140efa5bc5af06de771dcebd4bb65,"기계설비협회, 한국기술교육대학교와 업무협약 체결",https://www.dnews.co.kr/uhtml/view.jsp?idxno=202607031806066640896,2026-07-03,www.dnews.co.kr,Korean,South Korea,한국 건설/인프라,D9_한국,2026-07-03,,0,NONE,,
9404607f8cfccb1a0f5921634bc4327a,"정부, 312조원 기업 영남 투자 뒷받침…세계 1위 첨단 제조업 거점으로...",https://www.viva100.com/article/20260703500577,2026-07-03,www.viva100.com,Korean,South Korea,한국 건설/인프라,D9_한국,2026-07-03,,0,NONE,,
4c0f00962da267b76623606b8008b3fb,"삼성 SK 현대차 LG 한화, 영남에 312조 투자…우주·로봇 허브로",https://n.news.naver.com/mnews/article/015/0005306106?sid=101,2026-07-03,n.news.naver.com,Korean,South Korea,한국 건설/인프라,D9_한국,2026-07-03,,0,NONE,,
66db1794737dc807ef6ba4e1cddd5b2c,"강원도, 체외진단의료기기 성능평가센터 국비 150억 확보",https://www.gukjenews.com/news/articleView.html?idxno=3625707,2026-07-03,www.gukjenews.com,Korean,South Korea,한국 건설/인프라,D9_한국,2026-07-03,,0,NONE,,
f4c9c2f0a94c14630a42b85b81a07ce1,"우리은행, ESG 채권 발행 시중은행 '1위'...친환경으로 큰 돈 번다",https://www.insightkorea.co.kr/news/articleView.html?idxno=249528,2026-07-03,www.insightkorea.co.kr,Korean,South Korea,한국 건설/인프라,D9_한국,2026-07-03,,0,NONE,,
536b85b6926216e5fb9ff50541fb4bb8,“영광·울주에 원전 4기 더 지을 땅 있다”,https://n.news.naver.com/mnews/article/011/0004637959?sid=101,2026-07-03,n.news.naver.com,Korean,South Korea,한국 건설/인프라,D9_한국,2026-07-03,,0,NONE,,
fc4ee4f5ef5d0442b44e38872afe9cf6,"한화 김동관 ""우주 발사체·국방 AI 등에 55조 원 투자""",https://n.news.naver.com/mnews/article/052/0002374421?sid=101,2026-07-03,n.news.naver.com,Korean,South Korea,한국 건설/인프라,D9_한국,2026-07-03,,0,NONE,,
de66be502a1352092648c4b6be107128,한국판 스타링크 띄운다…2035년 세계 시장점유율 3% 확보(종합),https://n.news.naver.com/mnews/article/001/0016175393?sid=105,2026-07-03,n.news.naver.com,Korean,South Korea,한국 건설/인프라,D9_한국,2026-07-03,,0,NONE,,
a6b03cbb9fc193c8a5be0284a7a56a83,"창원시, 지역 최초의 광역철도 '부울경 GTX' 서명운동",http://www.hansbiz.co.kr/news/articleView.html?idxno=848117,2026-07-03,www.hansbiz.co.kr,Korean,South Korea,한국 건설/인프라,D9_한국,2026-07-03,,0,NONE,,
082ccbf22a37fd1d6c94bb1a44e3f495,"기계설비협회, 한기대와 '맞손'ⵈ 기계설비 분야 실무형 온라인 교육 확...",http://www.ikld.kr/news/articleView.html?idxno=337061,2026-07-03,www.ikld.kr,Korean,South Korea,한국 건설/인프라,D9_한국,2026-07-03,,0,NONE,,
68bf3b7c2ae023645ed3555d5a517554,"딥엑스, 日 AI 반도체 시장 공략",https://n.news.naver.com/mnews/article/015/0005306054?sid=105,2026-07-03,n.news.naver.com,Korean,South Korea,한국 건설/인프라,D9_한국,2026-07-03,,0,NONE,,
ed5e8f4436d1b1955a14e654a3e327a5,"한화, 영남에 55조원 투자···우주주권 확보 총력",https://www.ziksir.com/news/articleView.html?idxno=139064,2026-07-03,www.ziksir.com,Korean,South Korea,한국 건설/인프라,D9_한국,2026-07-03,,0,NONE,,
73247a212881313fc01a132b3037cd05,[김시덕의 도시 발견] 추풍령의 하루는 쓸쓸하지 않다,https://n.news.naver.com/mnews/article/009/0005702518?sid=110,2026-07-03,n.news.naver.com,Korean,South Korea,한국 건설/인프라,D9_한국,2026-07-03,,0,NONE,,
8a730e12f4fa2927d9ff0e4da1f26c50,"""비싸도 완판""...서울 분양시장, 하이엔드 브랜드 쏠림 현상 뚜렷",https://www.joongangenews.com/news/articleView.html?idxno=530443,2026-07-03,www.joongangenews.com,Korean,South Korea,한국 건설/인프라,D9_한국,2026-07-03,,0,NONE,,
0c687e1f74ec0d02f4d4bcb95cdcfe22,기계설비 유지관리·성능점검 분야 실무형 온라인 교육 콘텐츠 확대,https://www.kmecnews.co.kr/news/articleView.html?idxno=50642,2026-07-03,www.kmecnews.co.kr,Korean,South Korea,한국 건설/인프라,D9_한국,2026-07-03,,0,NONE,,
3758c97918388460d2e6294fc46dc8cb,"""데이터센터는 환호, SMR은 기피""···AI 전력 전쟁에서 한국만 '님비 역...",https://www.womaneconomy.co.kr/news/articleView.html?idxno=255787,2026-07-03,www.womaneconomy.co.kr,Korean,South Korea,한국 건설/인프라,D9_한국,2026-07-03,,0,NONE,,
a3c2f12f6abab4c5a47539debb0e0719,"정부, 2035년 저궤도 위성망 구축…우주 경제 영토 확장",http://www.iminju.net/news/articleView.html?idxno=166218,2026-07-03,www.iminju.net,Korean,South Korea,한국 건설/인프라,D9_한국,2026-07-03,,0,NONE,,
c1021cf5260222c2ced843d973715fbc,"한화, AI 우주강국 도약에 55조원 투자…창원에 국방AI 데이터센터",https://n.news.naver.com/mnews/article/079/0004164722?sid=102,2026-07-03,n.news.naver.com,Korean,South Korea,한국 건설/인프라,D9_한국,2026-07-03,,0,NONE,,
f74a8bd415e95fea708456652b17ed20,"김동관 한화 부회장 ""2040년까지 우주항공·AI 분야 55조 투입-영남권 중...",http://www.techholic.co.kr/news/articleView.html?idxno=221973,2026-07-03,www.techholic.co.kr,Korean,South Korea,한국 건설/인프라,D9_한국,2026-07-03,,0,NONE,,
f13f56dbadf9d77b8a9a06c8977ceb0a,"[대한민국 대도약③] 영남 312조, 제조업의 심장에 로봇과 우주를 심는...",https://www.econovill.com/news/articleView.html?idxno=744234,2026-07-03,www.econovill.com,Korean,South Korea,한국 건설/인프라,D9_한국,2026-07-03,,0,NONE,,
5bd9bad0b6d995bf95aa73077d98c617,"한화, 영남권 55조 투자...김동관 ""우주로 한국 AI 영토 확장""",https://n.news.naver.com/mnews/article/215/0001257532?sid=101,2026-07-03,n.news.naver.com,Korean,South Korea,한국 건설/인프라,D9_한국,2026-07-03,,0,NONE,,
810c498e3785563f633fd7327060b5b9,"딥엑스, 일본 고시다테크와 전략적 파트너십 체결",https://byline.network/?p=9004111222610708,2026-07-03,byline.network,Korean,South Korea,한국 건설/인프라,D9_한국,2026-07-03,,0,NONE,,
6d644bbce611452f80713f4126a1b23e,"SK, 영남권에 140조 투자…'AI 데이터센터 허브' 구축 시동",https://www.ebn.co.kr/news/articleView.html?idxno=1715062,2026-07-03,www.ebn.co.kr,Korean,South Korea,한국 건설/인프라,D9_한국,2026-07-03,,0,NONE,,
ab71cf324c3f5664421efa71decafa90,"중흥그룹, 전남광주 AI·반도체 메가 프로젝트 지원 나선다",http://www.beyondpost.co.kr/view.php?ud=20260703161919703205868f676_30,2026-07-03,www.beyondpost.co.kr,Korean,South Korea,한국 건설/인프라,D9_한국,2026-07-03,,0,NONE,,
143b9baa8fc92ac4067dbfccb42c4295,"정부, 영남권에 312조 투자…'첨단 제조벨트' 만든다",https://www.newspim.com/news/view/20260703000810,2026-07-03,www.newspim.com,Korean,South Korea,한국 건설/인프라,D9_한국,2026-07-03,,0,NONE,,
7b556af985e5b88c14d810a9274e62ac,"기계설비건설協-한기大, 기계설비 실무 전문성 강화 공동행보",http://www.e2news.com/news/articleView.html?idxno=331974,2026-07-03,www.e2news.com,Korean,South Korea,한국 건설/인프라,D9_한국,2026-07-03,,0,NONE,,
bf750bc3fa36065ac694d41cc347bfe6,"[위클리오늘] 강원도, '체외진단의료기기 종합 성능평가센터 구축사업'...",http://www.weeklytoday.com/news/articleView.html?idxno=783470,2026-07-03,www.weeklytoday.com,Korean,South Korea,한국 건설/인프라,D9_한국,2026-07-03,,0,NONE,,
06f5ab234ab01d55692b26dd56cec112,"김동관 한화 부회장 ""우주항공·AI에 55조원 투자""",https://www.smarttoday.co.kr/ko-kr/articles/109206,2026-07-03,www.smarttoday.co.kr,Korean,South Korea,한국 건설/인프라,D9_한국,2026-07-03,,0,NONE,,
aecff58e42b9eb42fa21184fc4105c60,"한화, 이재명 정부 부응 'AI 우주강국'에 55조 투자",https://dealsite.co.kr/articles/164745,2026-07-03,dealsite.co.kr,Korean,South Korea,한국 건설/인프라,D9_한국,2026-07-03,,0,NONE,,
5b477fabb8ab07e5990419e46d4d28c2,"""군대 급식에 랍스터가?""···본우리집밥, 특수전학교서 프리미엄 특식...",http://www.enewstoday.co.kr/news/articleView.html?idxno=2445479,2026-07-03,www.enewstoday.co.kr,Korean,South Korea,양식,D8_수산물,2026-07-03,,0,NONE,,
81e4b8a6c1c78f305a5c41d9d28b8023,"충남 금산 신안사 대광전, ""국가지정문화유산 보물 지정 예고""",https://www.gukjenews.com/news/articleView.html?idxno=3625498,2026-07-03,www.gukjenews.com,Korean,South Korea,양식,D8_수산물,2026-07-03,,0,NONE,,
a0d0772a1dc18071c85ba073cd13a708,[Review] 말년의 여자들은 조용히 사라지지 않는다 - 피날레,https://www.artinsight.co.kr/news/view.php?no=81516,2026-07-03,www.artinsight.co.kr,Korean,South Korea,양식,D8_수산물,2026-07-03,,0,NONE,,
8303d23976c15bdfe04abde06dd60884,[Opinion] 우리는 왜 더 좋은 음악을 찾아다닐까 [음악],https://www.artinsight.co.kr/news/view.php?no=81517,2026-07-03,www.artinsight.co.kr,Korean,South Korea,양식,D8_수산물,2026-07-03,,0,NONE,,
fe885aec0d37e60bf7a78304b56b2e25,"2017년 6월, 청와대 앞에 펼쳐진 '경호사'의 상징적 장면",https://n.news.naver.com/mnews/article/047/0002521453?sid=102,2026-07-03,n.news.naver.com,Korean,South Korea,양식,D8_수산물,2026-07-03,,0,NONE,,
14c9c2e942ee8830be09558194a79763,장항준 “과거로 돌아가면 삼성전자”…김은희 “돈 벌더니 돈 얘기만 ...,https://m.entertain.naver.com/article/241/0003518166,2026-07-03,m.entertain.naver.com,Korean,South Korea,양식,D8_수산물,2026-07-03,,0,NONE,,
90a6f74d033852e47f194552f55bff99,"국립부경대 신현호 교수 연구팀, 한국생명공학연구원 이준 박사 연구팀...",https://n.news.naver.com/mnews/article/658/0000148558?sid=102,2026-07-03,n.news.naver.com,Korean,South Korea,양식,D8_수산물,2026-07-03,,0,NONE,,
eeedba43ad5f6a2654063536b4d8487e,"도난 차량 위치 알고도 놓쳤다…英언론 ""기아차 추적 대응 미흡""",https://n.news.naver.com/mnews/article/003/0014045935?sid=104,2026-07-03,n.news.naver.com,Korean,South Korea,양식,D8_수산물,2026-07-03,,0,NONE,,
ada14fe6b3196ba127f322b6dac5e8a7,'생방송투데이' 망원동 면 맛집,https://www.bntnews.co.kr/article/view/bnt202607030239,2026-07-03,www.bntnews.co.kr,Korean,South Korea,양식,D8_수산물,2026-07-03,,0,NONE,,
bd658ac632e3da82cd224303e62ca3fa,"대전도시공사, 2026 사회공헌 아이디어 공모전 개최",http://www.gocj.net/news/articleView.html?idxno=149878,2026-07-03,www.gocj.net,Korean,South Korea,양식,D8_수산물,2026-07-03,,0,NONE,,
9b24788355cbd3087a64831965ce60e7,"펄펄 끓는 유럽, '에어컨'이 없는 이유",https://www.sisaweek.com/news/articleView.html?idxno=236515,2026-07-03,www.sisaweek.com,Korean,South Korea,양식,D8_수산물,2026-07-03,,0,NONE,,
edc98e695aaa5c488e0b63c0565ee628,유방암 절제 수술 최소화…글로벌 치료 표준 만든다,https://n.news.naver.com/mnews/article/015/0005306056?sid=103,2026-07-03,n.news.naver.com,Korean,South Korea,양식,D8_수산물,2026-07-03,,0,NONE,,
2571a731caa4ec17e14f8decf0699cd7,"질병청-예방의학회, '지역사회건강조사 결과 활용 우수논문 공모전' 개...",https://www.rapportian.com/news/articleView.html?idxno=237859,2026-07-03,www.rapportian.com,Korean,South Korea,양식,D8_수산물,2026-07-03,,0,NONE,,
813508bd5e287e0105d474bae5b974ca,"본우리집밥, 특수전학교 병사 위한 ‘랍스터’ 특식 배식",http://www.beyondpost.co.kr/view.php?ud=202607031710284319aeda69934_30,2026-07-03,www.beyondpost.co.kr,Korean,South Korea,양식,D8_수산물,2026-07-03,,0,NONE,,
574d157ff6a9c2dc17fa788a93b3166b,"장항준♥김은희, 결혼식 사진 공개…""헤어스타일에 둘 다 놀랐다"" 웃음...",https://m.entertain.naver.com/article/311/0002029608,2026-07-03,m.entertain.naver.com,Korean,South Korea,양식,D8_수산물,2026-07-03,,0,NONE,,
847f9312985333b597846e5521fdc4f9,"NHN두레이, 오스템임플란트에 올인원 AI 협업 툴 공급",https://weekly.hankooki.com/news/articleView.html?idxno=7172865,2026-07-03,weekly.hankooki.com,Korean,South Korea,양식,D8_수산물,2026-07-03,,0,NONE,,
2b8809ef52f691394774757612f5ab12,"경북문화관광공사, 빛을 따라 떠나는 여정 '경북여행 MVTI' 7월호 발행",https://www.cnbnews.com/news/articleView.html?idxno=1006922,2026-07-03,www.cnbnews.com,Korean,South Korea,양식,D8_수산물,2026-07-03,,0,NONE,,
6b5b3034b246d7ad299e439f1c99ce53,"'실패를 기록해 학습의 기회로' 생명공학연, 실패사례 모은 교재 발간",https://www.joongdo.co.kr/web/view.php?key=20260703010000981,2026-07-03,www.joongdo.co.kr,Korean,South Korea,양식,D8_수산물,2026-07-03,,0,NONE,,
367e6852d82d797cc29f3df05bff0486,EU 택소노미 공시 더 단순해진다…감독당국 추가 간소화 제안,https://www.esgeconomy.com/news/articleView.html?idxno=15941,2026-07-03,www.esgeconomy.com,Korean,South Korea,양식,D8_수산물,2026-07-03,,0,NONE,,
ea7ac29c50d6fef1946e1cf0a03b9bb4,[인문학 여행 역사의 길을 걷다 152] 객사(客舍)에서 무슨 일들이 있었나...,https://www.100ssd.co.kr/news/articleView.html?idxno=210847,2026-07-03,www.100ssd.co.kr,Korean,South Korea,양식,D8_수산물,2026-07-03,,0,NONE,,
31567236892f086b07502e0ea97d70fa,"본우리집밥, 특수전학교 창설 기념 랍스터 특식 지원",http://www.enewstoday.co.kr/news/articleView.html?idxno=2445373,2026-07-03,www.enewstoday.co.kr,Korean,South Korea,양식,D8_수산물,2026-07-03,,0,NONE,,
f82df558dcc02ed7529fa24784f189e0,"경복대학교, 경기도 'G-고숙련 전문기술석사' 과제 선정으로 미래 지식...",https://www.cnbnews.com/news/articleView.html?idxno=1006914,2026-07-03,www.cnbnews.com,Korean,South Korea,양식,D8_수산물,2026-07-03,,0,NONE,,
1423b069c90752c6f101653e5c483e80,"쏠비치 남해, 1주년 마케팅 전개…남해안 관광 활성화 효과 기대",https://www.lcnews.co.kr/news/articleView.html?idxno=204425,2026-07-03,www.lcnews.co.kr,Korean,South Korea,양식,D8_수산물,2026-07-03,,0,NONE,,
7bcd3de922aad58d06f4b64eb9d7a557,"""세상 모든 귀한 것의 내력을 찾는다""…경기도무용단 '귀귀내력'",https://n.news.naver.com/mnews/article/003/0014045831?sid=102,2026-07-03,n.news.naver.com,Korean,South Korea,양식,D8_수산물,2026-07-03,,0,NONE,,
103026fc6536b7dece5fc868d518bd39,중간선거 넉 달 앞 '아이 1000달러 계좌'…트럼프표 가족정책 4일 출범,https://n.news.naver.com/mnews/article/003/0014045816?sid=104,2026-07-03,n.news.naver.com,Korean,South Korea,양식,D8_수산물,2026-07-03,,0,NONE,,
50b173527330d1f31aeae6b46c57e8b7,우리사찰 성보 탐방 <22> - 달성 유가사 영산회 괘불도,http://www.ibulgyo.com/news/articleView.html?idxno=439836,2026-07-03,www.ibulgyo.com,Korean,South Korea,양식,D8_수산물,2026-07-03,,0,NONE,,
2d9ab144625299031ee945b060da2a89,[뉴컬 웰니스] 고단백 음료 전성기… 꼭 운동하는 사람만 마실까?,https://www.nc.press/news/articleView.html?idxno=619739,2026-07-03,www.nc.press,Korean,South Korea,양식,D8_수산물,2026-07-03,,0,NONE,,
a624c378e27305f7234a75d39b435967,'모두'에게 사랑받겠다는 착각……글로벌 스탠다드 '소수의 연대',http://www.ktnews.com/news/articleView.html?idxno=146994,2026-07-03,www.ktnews.com,Korean,South Korea,양식,D8_수산물,2026-07-03,,0,NONE,,
f4868b12fcd44665504bf2d924141e06,"478년 전통 드레스덴 슈타츠카펠레 체임버, 예술의전당 무대",https://n.news.naver.com/mnews/article/277/0005785323?sid=103,2026-07-03,n.news.naver.com,Korean,South Korea,양식,D8_수산물,2026-07-03,,0,NONE,,
30f99b628ea32726791a546f8804d7ab,신안사 대광전 '보물',https://www.thereport.co.kr/news/articleView.html?idxno=89317,2026-07-03,www.thereport.co.kr,Korean,South Korea,양식,D8_수산물,2026-07-03,,0,NONE,,
dcf0510611e37a0c4c15b5123be4cde7,징그럽다는 인식 너머로...먹거리로 진화하는 식용곤충,https://www.nc.press/news/articleView.html?idxno=619748,2026-07-03,www.nc.press,Korean,South Korea,양식,D8_수산물,2026-07-03,,0,NONE,,
0fd90284c0ac1f14b2c6058c94be7c6a,"60년 역사 구옥 문화공간 '그린캔버스', 개발 물결에 사라질 위기",https://n.news.naver.com/mnews/article/047/0002521430?sid=102,2026-07-03,n.news.naver.com,Korean,South Korea,양식,D8_수산물,2026-07-03,,0,NONE,,
b393d69453e8255a059c2709d4d0c514,뜨거운 여름날 시원한 바람 따라 영광 가볼 만한 곳,https://www.cbci.co.kr/news/articleView.html?idxno=586478,2026-07-03,www.cbci.co.kr,Korean,South Korea,양식,D8_수산물,2026-07-03,,0,NONE,,
8ff6510886dc99fb83c686a3ef86c7e1,"본우리집밥, 특수전학교 65주년 창설일 맞아 ‘랍스터 치즈구이’ 특식...",https://www.asiatoday.co.kr/kn/view.php?key=20260703001606012,2026-07-03,www.asiatoday.co.kr,Korean,South Korea,양식,D8_수산물,2026-07-03,,0,NONE,,
817114abd7b91ead4ade7082fb7bc5e0,"나이테가 밝힌 비밀…16세기 '금산 신안사 대광전', 보물 되다",https://n.news.naver.com/mnews/article/014/0005543498?sid=103,2026-07-03,n.news.naver.com,Korean,South Korea,양식,D8_수산물,2026-07-03,,0,NONE,,
b391adcb5ea2a2ff6fdc0f15a082e469,"이 대통령 ""영남, 첨단산업 초격차 선도 지역으로 우뚝 설 것""",https://n.news.naver.com/mnews/article/437/0000499435?sid=100,2026-07-03,n.news.naver.com,Korean,South Korea,석유화학,D2_품목,2026-07-03,,0,NONE,,
4712d31048407a9fecd33c526800ccfb,"李대통령 ""영남권, 우주항공 등 선도 지역으로 만들 것""",https://www.viewsnnews.com/article?q=236940,2026-07-03,www.viewsnnews.com,Korean,South Korea,석유화학,D2_품목,2026-07-03,,0,NONE,,
3678547cba292cbe737429485be79cda,"'대한민국 산업의 산실 영남, 초격차 첨단산업의 태동지로‘ [뉴시스 Pi...",https://n.news.naver.com/mnews/article/003/0014046001?sid=100,2026-07-03,n.news.naver.com,Korean,South Korea,석유화학,D2_품목,2026-07-03,,0,NONE,,
addde0de1f7545fc233ad3c4fa7772f0,"[올댓차이나] 대만 증시, 전통산업주 매수로 소폭 반등 마감…0.08%↑",https://n.news.naver.com/mnews/article/003/0014045999?sid=104,2026-07-03,n.news.naver.com,Korean,South Korea,석유화학,D2_품목,2026-07-03,,0,NONE,,
de5de46b883cd2de0a5485afa51fa5a9,"에코크레이션, CB 상환 일정 최종 합의…하반기 국내외 프로젝트 가동",https://n.news.naver.com/mnews/article/008/0005381272?sid=101,2026-07-03,n.news.naver.com,Korean,South Korea,석유화학,D2_품목,2026-07-03,,0,NONE,,
7bb15cc4856f86d93f9bfff0aca00a14,"이재명 대통령 ""영남, 대한민국 첨단산업 초격차 선도 지역 만들 것""",http://www.breaknews.com/1219100,2026-07-03,www.breaknews.com,Korean,South Korea,석유화학,D2_품목,2026-07-03,,0,NONE,,
de5ceb376704b99288c99e0e37e94e20,李 “영남권 제조업 세계 1위로”…312兆 투자 발표한 기업들,https://n.news.naver.com/mnews/article/366/0001176625?sid=100,2026-07-03,n.news.naver.com,Korean,South Korea,석유화학,D2_품목,2026-07-03,,0,NONE,,
8d6cd87dcf188faa14ef06ad106152a3,"‘노봉법발 하투’ 현실화, 입법 보완 시급하다 [논설실의 관점]",https://n.news.naver.com/mnews/article/022/0004140338?sid=110,2026-07-03,n.news.naver.com,Korean,South Korea,석유화학,D2_품목,2026-07-03,,0,NONE,,
e71f9d7e9c3693b66fbfbbefee8614b9,李대통령 지적에 공공생리대 도입···생리대 가격 경쟁 본격화,https://www.sisajournal-e.com/news/articleView.html?idxno=422183,2026-07-03,www.sisajournal-e.com,Korean,South Korea,석유화학,D2_품목,2026-07-03,,0,NONE,,
f77b452a488427f4e4aa3f1637255417,"李대통령 ""영남, 첨단산업 초격차 거점으로 키우겠다""",https://www.ziksir.com/news/articleView.html?idxno=139056,2026-07-03,www.ziksir.com,Korean,South Korea,석유화학,D2_품목,2026-07-03,,0,NONE,,
056097f88752078b1183f09377d21dfb,"이 대통령 ""국가 운명 가를 '초격차 국가 총력전'의 시대 열려""",https://n.news.naver.com/mnews/article/123/0002385908?sid=100,2026-07-03,n.news.naver.com,Korean,South Korea,석유화학,D2_품목,2026-07-03,,0,NONE,,
4ed2e791e2f2e5a0ee35553ffa884aee,"李 ""남해안 우주항공 산업벨트 구축...국가적 역량 총동원""",http://www.newsian.co.kr/news/articleView.html?idxno=91796,2026-07-03,www.newsian.co.kr,Korean,South Korea,석유화학,D2_품목,2026-07-03,,0,NONE,,
6f3841a6fd50a7c6b26386c1ab977324,'한미家 분쟁' 종결의 퍼즐…나우아이비는 어떤 곳?,https://www.newsway.co.kr/news/view?ud=2026070311250989285,2026-07-03,www.newsway.co.kr,Korean,South Korea,석유화학,D2_품목,2026-07-03,,0,NONE,,
63425092abf16ffe5161f77ae860b93c,"이 대통령 ""남해안 우주항공 산업벨트 본격 구축…영남 차세대 첨단산업...",https://n.news.naver.com/mnews/article/003/0014045872?sid=100,2026-07-03,n.news.naver.com,Korean,South Korea,석유화학,D2_품목,2026-07-03,,0,NONE,,
1eb91dfffbeefa6466ea410169fb9a10,"李대통령 ""남해안 우주항공 벨트 본격 가동… 영남 기업 글로벌 탑 키울...",https://www.fntoday.co.kr/news/articleView.html?idxno=387548,2026-07-03,www.fntoday.co.kr,Korean,South Korea,석유화학,D2_품목,2026-07-03,,0,NONE,,
43189d04d1c32cc46709b6dfecf28b6a,"이 대통령 ""우주항공, 영남이 키울 새 먹거리 산업""",https://n.news.naver.com/mnews/article/057/0001956825?sid=100,2026-07-03,n.news.naver.com,Korean,South Korea,석유화학,D2_품목,2026-07-03,,0,NONE,,
1f6a4d058d1c759ea1ed868028ac6dbd,"李대통령 ""영남, 국내 제조업 1위 넘어 세계 제조업 1위로 키울 것""",https://www.newsworks.co.kr/news/articleView.html?idxno=846073,2026-07-03,www.newsworks.co.kr,Korean,South Korea,석유화학,D2_품목,2026-07-03,,0,NONE,,
51c7b16bb839ab410f0bb568a7cf040e,이재명 대통령 “영남·세계 제조업 1위 거점으로 육성”..AI·우주항공...,https://kpenews.com/View.aspx?No=4136445,2026-07-03,kpenews.com,Korean,South Korea,석유화학,D2_품목,2026-07-03,,0,NONE,,
12f2cbddf650f019fb08a62bde8eb9cb,"스페이스X(SPCX), 225달러 고점서 '반토막'... IPO 약발 2주 만에 종료",http://coinreaders.com/245975,2026-07-03,coinreaders.com,Korean,South Korea,머스크,D7_행위자,2026-07-03,,0,NONE,,
468b2b89c546c8ea856801df08b43a53,"[김대호 인물] 마이클 버리 ""외눈박이 공매도 저승사자""",https://www.g-enews.com/view.php?ud=202607021631567938906806b77b_1,2026-07-03,www.g-enews.com,Korean,South Korea,머스크,D7_행위자,2026-07-03,,0,NONE,,
db4be8d93bca5760d79826a3585563e4,"해피바스 금목서 바디워시 추가, 오리지널 컬렉션 구성 확대",http://www.lawissue.co.kr/view.php?ud=20260703181621153204ead0791_12,2026-07-03,www.lawissue.co.kr,Korean,South Korea,머스크,D7_행위자,2026-07-03,,0,NONE,,
4d5912499a38f81a99052c8d56e5fcbf,"머스크가 흔든 우주 통신판…한국, 독자 위성망 승부수",https://n.news.naver.com/mnews/article/001/0016175416?sid=105,2026-07-03,n.news.naver.com,Korean,South Korea,머스크,D7_행위자,2026-07-03,,0,NONE,,
247d7133e663e25784ca6e539ec9fc14,한국판 '스타링크' 2035년 띄우고 달 간다…2030년 민간 착륙선 추진,https://n.news.naver.com/mnews/article/584/0000038348?sid=105,2026-07-03,n.news.naver.com,Korean,South Korea,머스크,D7_행위자,2026-07-03,,0,NONE,,
bbc76543968c78baf9edb5faa54bda12,영남에 SK 140조·삼성 60조·현대차 42조·한화 55조 투자,https://www.koreareport.co.kr/news/articleView.html?idxno=51269,2026-07-03,www.koreareport.co.kr,Korean,South Korea,머스크,D7_행위자,2026-07-03,,0,NONE,,
ad75a5f31f711c30c564d83d94557ca7,"AI 시대, 일본 스타트업이 지향해야 할 방향은?",https://www.gamevu.co.kr/news/articleView.html?idxno=59139,2026-07-03,www.gamevu.co.kr,Korean,South Korea,머스크,D7_행위자,2026-07-03,,0,NONE,,
d35903aeeb3025b46abffb5fd355ceb2,2주 만에 수천억 달러 증발… 스페이스X '폭등과 폭락'을 만든 결정적 변...,http://coinreaders.com/245959,2026-07-03,coinreaders.com,Korean,South Korea,머스크,D7_행위자,2026-07-03,,0,NONE,,
ea09142c951fe4579dd38799731adf7b,테슬라 2분기 인도량 예상치 웃돌아…유럽 판매 회복 영향,https://it.chosun.com/news/articleView.html?idxno=2023092165151,2026-07-03,it.chosun.com,Korean,South Korea,머스크,D7_행위자,2026-07-03,,0,NONE,,
c247acc6d1f5fe62c08cd18905efda84,달착륙선 2030년 누리호로 쏜다....李 대통령 임기 중 '달착륙' 목표,https://www.kgnews.co.kr/news/article.html?no=902506,2026-07-03,www.kgnews.co.kr,Korean,South Korea,머스크,D7_행위자,2026-07-03,,0,NONE,,
069eae63ff3d926ca895ad1edbb84dbd,"창의력 강조하는 AI시대, 창의력은 어떻게 만들어지는데?",http://www.dtnews24.com/news/articleView.html?idxno=812960,2026-07-03,www.dtnews24.com,Korean,South Korea,머스크,D7_행위자,2026-07-03,,0,NONE,,
90ac0e280b5564276b93027f5fa138ae,한국도 2030년 달에 착륙선 보낸다...우주항공 산업 70조 육성 목표,https://n.news.naver.com/mnews/article/023/0003985574?sid=105,2026-07-03,n.news.naver.com,Korean,South Korea,머스크,D7_행위자,2026-07-03,,0,NONE,,
e0ab12c4314e64870213cd90618e66df,"유럽 강타한 폭염, 미국 거쳐 한국에 올 수 있다 : 영화 '돈 룩 업'의 혜...",https://www.huffingtonpost.kr/article/258445,2026-07-03,www.huffingtonpost.kr,Korean,South Korea,머스크,D7_행위자,2026-07-03,,0,NONE,,
4ca8e3febbf2d610aeec91265beadcee,깊이가 다른 글로벌 투자 정보 GAM - 맛보기편 (7/3),https://www.newspim.com/news/view/20260703000613,2026-07-03,www.newspim.com,Korean,South Korea,머스크,D7_행위자,2026-07-03,,0,NONE,,
50b7e562ff926d851cca244e067c2777,"해피바스, 글로벌서 사랑받는 '금목서 향' 바디워시 출시",https://www.womentimes.co.kr/news/articleView.html?idxno=104126,2026-07-03,www.womentimes.co.kr,Korean,South Korea,머스크,D7_행위자,2026-07-03,,0,NONE,,
fcedf8fc33cd9d19596de1505402312c,[신간산책] '박정호의 기술예보' - 새로운 시장의 기회를 선점하는 넥스...,https://www.veritas-a.com/news/articleView.html?idxno=617958,2026-07-03,www.veritas-a.com,Korean,South Korea,머스크,D7_행위자,2026-07-03,,0,NONE,,
891ec2c34e581022ea909d0e30c27dce,"""아마존 쪼개자""던 트럼프, 베이조스와 웃었다…블루오리진 계약 177%↑",https://n.news.naver.com/mnews/article/003/0014045742?sid=104,2026-07-03,n.news.naver.com,Korean,South Korea,머스크,D7_행위자,2026-07-03,,0,NONE,,
6fa409dad4fd60b624df47190e0de667,"헤어플러스, 다이소 전용 ‘단백질 본드’ 6종 출시",https://n.news.naver.com/mnews/article/022/0004140315?sid=101,2026-07-03,n.news.naver.com,Korean,South Korea,머스크,D7_행위자,2026-07-03,,0,NONE,,
a380d4a42ec64b5585c88485a6374ad2,"값싼 드론 잡자고 200만달러 미사일?…美, 드론 전쟁 컨트롤타워 세웠다",https://n.news.naver.com/mnews/article/003/0014045643?sid=104,2026-07-03,n.news.naver.com,Korean,South Korea,머스크,D7_행위자,2026-07-03,,0,NONE,,
eb145c29afa5f661dbad67340500ec9a,“남는 AI 연산 자원 판매” 시장 뒤흔든 메타 AI 속 사정은? [고든 정의...,https://n.news.naver.com/mnews/article/081/0003658233?sid=105,2026-07-03,n.news.naver.com,Korean,South Korea,머스크,D7_행위자,2026-07-03,,0,NONE,,
86cd12e8f8223121207c1d31f50ec437,"아모레퍼시픽 해피바스, '금목서' 바디워시 공개... ""향 라인업 확대""",http://www.thefirstmedia.net/news/articleView.html?idxno=202995,2026-07-03,www.thefirstmedia.net,Korean,South Korea,머스크,D7_행위자,2026-07-03,,0,NONE,,
cbfe1199affd6775e600f89b0eeca6ba,"엑스, 라이브 생태계 재시동…15억원 보상에 제작 도구까지 공개",https://www.digitaltoday.co.kr/news/articleView.html?idxno=681142,2026-07-03,www.digitaltoday.co.kr,Korean,South Korea,머스크,D7_행위자,2026-07-03,,0,NONE,,
d963b8bd5e76c5e1730d8ffc963a4bdd,"테슬라, 직원 AI 사용비 주당 200달러로 묶었다…그록만 '무제한' 예외",https://www.digitaltoday.co.kr/news/articleView.html?idxno=681151,2026-07-03,www.digitaltoday.co.kr,Korean,South Korea,머스크,D7_행위자,2026-07-03,,0,NONE,,
d223693b9f953226a336391d960c40ff,"아모레·에이피알, 아마존 프라임데이서 글로벌 성과…신제품 출시도 잇...",http://www.kdfnews.com/news/articleView.html?idxno=184846,2026-07-03,www.kdfnews.com,Korean,South Korea,머스크,D7_행위자,2026-07-03,,0,NONE,,
6e26341861ea305505daac2882d15a72,"점점 가시화되는 테라팹...머스크, 이번엔 인텔 공정 전문가 영입",https://n.news.naver.com/mnews/article/092/0002429201?sid=105,2026-07-03,n.news.naver.com,Korean,South Korea,머스크,D7_행위자,2026-07-03,,0,NONE,,
87b484eaeb5c0d24abb3258b221de8c9,"[미국 특징주] 테슬라, 3열 모델 Y 미국 출시…주력 SUV 라인업 확대",https://www.newspim.com/news/view/20260703000555,2026-07-03,www.newspim.com,Korean,South Korea,머스크,D7_행위자,2026-07-03,,0,NONE,,
abfc15217c6260f5d7494c19025f0521,"[미국 특징주] 트럼프 ""머스크, 스페이스X 지분 '트럼프 계좌' 기부 기대...",https://www.newspim.com/news/view/20260703000538,2026-07-03,www.newspim.com,Korean,South Korea,머스크,D7_행위자,2026-07-03,,0,NONE,,
af6d8e020f93d03375f82892f4c9aaf8,"테슬라 주택 돌진해 70대 사망…운전자 ""FSD 켰다"" 사측 ""불가능""",https://n.news.naver.com/mnews/article/421/0009039404?sid=104,2026-07-03,n.news.naver.com,Korean,South Korea,머스크,D7_행위자,2026-07-03,,0,NONE,,
aed5fe4dc737ebe505b76f70ced2f70f,"[유통소식] ""부동산 거래 단계부터""…롯데하이마트, 프롭티어와 맞손",http://www.4th.kr/news/articleView.html?idxno=2114168,2026-07-03,www.4th.kr,Korean,South Korea,머스크,D7_행위자,2026-07-03,,0,NONE,,
73b72bc10730c94adeee017cd4270c61,삼우산기 ‘올인원 D급 소화기’ 개발,https://n.news.naver.com/mnews/article/016/0002665608?sid=101,2026-07-03,n.news.naver.com,Korean,South Korea,공급 차단,D6_교란행위,2026-07-03,,0,NONE,,
045da41b7c8a9464b203b65a99e23137,"[금주의 통신 톡톡] LG유플러스, ‘데이터센터 인프라’ 협력... SKT·KT, ...",https://www.mediawatch.kr/news/article.html?no=260286,2026-07-03,www.mediawatch.kr,Korean,South Korea,공급 차단,D6_교란행위,2026-07-03,,0,NONE,,
781fc0e676ce94906801a950bfeaace9,"[이슈] 독립성은 있었지만 통제는 없었다…선관위 개혁, 무엇을 바꿔야...",https://www.polinews.co.kr/news/articleView.html?idxno=735819,2026-07-03,www.polinews.co.kr,Korean,South Korea,공급 차단,D6_교란행위,2026-07-03,,0,NONE,,
fcbcb19cbf83994d5257fc43e3d2c94a,'국민안전24'와 '안전디딤돌' 앱으로 올여름 무더위쉼터에서 폭염 대비,https://www.korea.kr/news/reporterView.do?newsId=148967231&call_from=naver_news,2026-07-03,www.korea.kr,Korean,South Korea,공급 차단,D6_교란행위,2026-07-03,,0,NONE,,
ac5246151ae1d4d3005dc263b8fc4ff5,"한화, 2040년까지 55조원 투자…영남에 'AI·우주 인프라' 전초기지 구축",https://www.kfenews.co.kr/news/articleView.html?idxno=659790,2026-07-03,www.kfenews.co.kr,Korean,South Korea,공급 차단,D6_교란행위,2026-07-03,,0,NONE,,
4c701b683f9b1d3f5d08ded12a015dbc,"정부, 홈플 임금체불 직원에 1인당 최대 2100만원 지급",https://n.news.naver.com/mnews/article/011/0004637961?sid=101,2026-07-03,n.news.naver.com,Korean,South Korea,공급 차단,D6_교란행위,2026-07-03,,0,NONE,,
576c3dfb2b1a1e413159c7e090e36b43,"나투젠, 인터참 코리아 2026서 '미니셀 프로페셔널 라인업' 선보여…""전...",https://kr.aving.net/news/articleView.html?idxno=1812163,2026-07-03,kr.aving.net,Korean,South Korea,공급 차단,D6_교란행위,2026-07-03,,0,NONE,,
ba9c25bc9bb493083b0ce6f61c1d2469,"규제는 묶고, 브랜드는 쏠리고···하반기 분양시장 승자는 '비규제'와...",https://www.smartbizn.com/news/articleView.html?idxno=147756,2026-07-03,www.smartbizn.com,Korean,South Korea,공급 차단,D6_교란행위,2026-07-03,,0,NONE,,
0ded85aed65ba5d75374f97eb85aa205,"정부, 홈플러스 사태 피해 차단 나섰다…협력사에 4400억 긴급 지원",https://daily.hankooki.com/news/articleView.html?idxno=1382785,2026-07-03,daily.hankooki.com,Korean,South Korea,공급 차단,D6_교란행위,2026-07-03,,0,NONE,,
a79597a6d7eb2ef51bcde839ae550aa2,홈플러스 파산 위기에 정부 긴급 지원…근로자·협력사 피해 차단 총력,https://www.m-i.kr/news/articleView.html?idxno=1388103,2026-07-03,www.m-i.kr,Korean,South Korea,공급 차단,D6_교란행위,2026-07-03,,0,NONE,,
6ee0de0df33eb8ab9d302c4754b32974,생명연장 실패…홈플러스 회생절차 폐지 후폭풍,http://www.newstomato.com/ReadNews.aspx?no=1306090&inflow=N,2026-07-03,www.newstomato.com,Korean,South Korea,공급 차단,D6_교란행위,2026-07-03,,0,NONE,,
26aa0be6bd31d9e40c2397578e94ff9c,믿었던 당심도 장담 못한다? ‘고립무원 정청래’ 민주당 전대는 어디로,https://ilyo.co.kr/?ac=article_view&entry_id=511728,2026-07-03,ilyo.co.kr,Korean,South Korea,공급 차단,D6_교란행위,2026-07-03,,0,NONE,,
a93d34d78fe0903103c81c4ff3279b22,"삼우산기, 차세대 올인원 D급 금속화재 소화기 개발",https://www.thefairnews.co.kr/news/articleView.html?idxno=81247,2026-07-03,www.thefairnews.co.kr,Korean,South Korea,공급 차단,D6_교란행위,2026-07-03,,0,NONE,,
c12c768cf8eac4e4be0d321baf6c7822,"[아웃도어 트렌드] 아이더, 시원한 바람길 품은 여름 웨어 '윈드 서커' ...",https://www.ibabynews.com/news/articleView.html?idxno=152598,2026-07-03,www.ibabynews.com,Korean,South Korea,공급 차단,D6_교란행위,2026-07-03,,0,NONE,,
b9f7d61f56969b170e8ebcd26c9b9160,"리튬도 나트륨도 하나로 끈다…삼우산기, 차세대 ‘D급 화재’ 소화기 ...",https://n.news.naver.com/mnews/article/005/0001858810?sid=101,2026-07-03,n.news.naver.com,Korean,South Korea,공급 차단,D6_교란행위,2026-07-03,,0,NONE,,
81e6d100eb5f08e8f422370f07ca699f,"양자컴퓨터 해킹도 방어…래티스, 양자내성암호 FPGA 기술력 인정",https://www.thelec.kr/news/articleView.html?idxno=58988,2026-07-03,www.thelec.kr,Korean,South Korea,공급 차단,D6_교란행위,2026-07-03,,0,NONE,,
f2bd61cc351c984c575acfea44297f58,"[기획] 쿠알라룸푸르로 날아간 CEO, 홍범식 사장의 'AI 수출' 승부수...내...",https://www.betanews.net/article/view/beta202607030063,2026-07-03,www.betanews.net,Korean,South Korea,공급 차단,D6_교란행위,2026-07-03,,0,NONE,,
5fcb869c8ddf1f28fd48c93e0de1e70d,"폭염에 녹조 확산…광양시, 수돗물 '흙냄새' 차단 총력",https://www.newswhoplus.com/news/articleView.html?idxno=63832,2026-07-03,www.newswhoplus.com,Korean,South Korea,공급 차단,D6_교란행위,2026-07-03,,0,NONE,,
edf2873349c7cb291122eed4ab2b839d,"전력 더 쓰는 AI 시대··· 한전 DC 전략, 산업 현장으로",https://www.greenpostkorea.co.kr/news/articleView.html?idxno=307036,2026-07-03,www.greenpostkorea.co.kr,Korean,South Korea,공급 차단,D6_교란행위,2026-07-03,,0,NONE,,
001c386784a659e09c774fedefca2f54,"'800조 반도체 메가프로젝트' 속도전… 민형배 호, 대한민국 산업지도 ...",https://www.straightnews.co.kr/news/articleView.html?idxno=306241,2026-07-03,www.straightnews.co.kr,Korean,South Korea,공급 차단,D6_교란행위,2026-07-03,,0,NONE,,
9a6e949ad7c80f4dd5974e9fca162656,[하반기 달라지는 정책②] 소상공인 재기 돕고 노후 자산 지킨다,http://www.00news.co.kr/news/articleView.html?idxno=104907,2026-07-03,www.00news.co.kr,Korean,South Korea,공급 차단,D6_교란행위,2026-07-03,,0,NONE,,
3d78892137aa49e3b331944edaa8b4c8,"""AI·IoT 결합한 24시간 시설물 상시 감시망 구축""...한국마사회, 첨단 정...",https://www.g-enews.com/view.php?ud=202607031335309875a9fc143920_1,2026-07-03,www.g-enews.com,Korean,South Korea,공급 차단,D6_교란행위,2026-07-03,,0,NONE,,
ad97902421a62dcf1550e5080c383a2a,"군산시, 장자도에 '3배체 굴' 양식장 조성",https://jtv.co.kr/news/article.php?id=69941,2026-07-03,jtv.co.kr,Korean,South Korea,수산물,D8_수산물,2026-07-03,,0,NONE,,
5c0dd52958510faab447109df34e65db,농수산물 판매장 절도범 잡고보니…전 직원 소행,https://n.news.naver.com/mnews/article/056/0012211507?sid=102,2026-07-03,n.news.naver.com,Korean,South Korea,수산물,D8_수산물,2026-07-03,,0,NONE,,
37c0afdc0ee09944d88cf454b5b70283,'코리아 그랜드 페스티벌' 오는 10월 개최...디지털온누리 할인율 10%까...,http://www.econonews.co.kr/news/articleView.html?idxno=440658,2026-07-03,www.econonews.co.kr,Korean,South Korea,수산물,D8_수산물,2026-07-03,,0,NONE,,
c1c4f05a5a904661fc82aaf73e9d2347,마을어장 해삼 도둑에…어민들 ‘골머리’,https://n.news.naver.com/mnews/article/056/0012211476?sid=102,2026-07-03,n.news.naver.com,Korean,South Korea,수산물,D8_수산물,2026-07-03,,0,NONE,,
ef44a96d9c69c7518e93bf12f487ebd8,‘동탄 SMR’ 설치…주민들이 수용할까 [강양구의 ‘사이언스 인사이트...,https://n.news.naver.com/mnews/article/024/0000106652?sid=110,2026-07-03,n.news.naver.com,Korean,South Korea,수산물,D8_수산물,2026-07-03,,0,NONE,,
643393550245e18aebb24be3e4f0e9f2,"경북 해녀 채취 수산물, 첫 온라인 직거래 시범 판매",http://www.phmbc.co.kr/www/news/desk_news?idx=203373&mode=view,2026-07-03,www.phmbc.co.kr,Korean,South Korea,수산물,D8_수산물,2026-07-03,,0,NONE,,
34ffbabbf095a3efd8c714736351b1cd,"남동구, '소래포구 수산물 음식 경연대회' 참가자 모집",https://www.gukjenews.com/news/articleView.html?idxno=3625948,2026-07-03,www.gukjenews.com,Korean,South Korea,수산물,D8_수산물,2026-07-03,,0,NONE,,
2e027b6fa8723f0545a5a55213abd6f3,"[영덕군정, 미래 4년을 묻다] 조주홍 영덕군수",https://www.kbsm.net/news/view.php?idx=525456,2026-07-03,www.kbsm.net,Korean,South Korea,수산물,D8_수산물,2026-07-03,,0,NONE,,
4917c9c07c014cfb7fdc59aa7bb7e258,[기자의 시각] 물가 관리 앞에 무너진 원칙,https://www.aflnews.co.kr/news/articleView.html?idxno=323750,2026-07-03,www.aflnews.co.kr,Korean,South Korea,수산물,D8_수산물,2026-07-03,,0,NONE,,
061858c10524d2738b268a5e83f11342,홈플러스 회생중단 '후폭풍'…직·간접 10만 명 피해 우려[CBS뉴스룸],https://n.news.naver.com/mnews/article/079/0004164764?sid=101,2026-07-03,n.news.naver.com,Korean,South Korea,수산물,D8_수산물,2026-07-03,,0,NONE,,
65069f4ff2c6858df8a788621665b84c,"파산땐 1만3천명 일자리 잃고, 납품사 1곳당 7.7억 못받을 판",https://n.news.naver.com/mnews/article/009/0005702534?sid=103,2026-07-03,n.news.naver.com,Korean,South Korea,수산물,D8_수산물,2026-07-03,,0,NONE,,
41fabd5c75171d1bf5656181a626958f,영덕주민 '절박함'이 원전 '재유치'…군민 모두에 '원전연금' 줘야,https://n.news.naver.com/mnews/article/079/0004164738?sid=102,2026-07-03,n.news.naver.com,Korean,South Korea,수산물,D8_수산물,2026-07-03,,0,NONE,,
d0ab72c794e9ece1dccebb84d579dbf9,"최동민 동대문구청장, 취임 후 첫 현장행보로 청량리시장 찾아",https://www.siminilbo.co.kr/news/newsview.php?ncode=1160282417112448,2026-07-03,www.siminilbo.co.kr,Korean,South Korea,수산물,D8_수산물,2026-07-03,,0,NONE,,
00ada6824b683969b253d717b835b49c,"한국임업진흥원, 농·임·수산 R&D 성과 확산 위해 3개 기관 MOU 체결",https://www.pointdaily.co.kr/news/articleView.html?idxno=310653,2026-07-03,www.pointdaily.co.kr,Korean,South Korea,수산물,D8_수산물,2026-07-03,,0,NONE,,
9b6e69fdd1d03aa70f0bc23aaf65dce9,부산 중기인 한자리에… 석탑훈장 등 32점 포상 수여,https://n.news.naver.com/mnews/article/658/0000148551?sid=101,2026-07-03,n.news.naver.com,Korean,South Korea,수산물,D8_수산물,2026-07-03,,0,NONE,,
fa6f8e60136508d0faba6f21bac15965,홈플러스 회생절차 폐지…파산 기로에 2만명 고용 타격 우려,https://n.news.naver.com/mnews/article/022/0004140326?sid=101,2026-07-03,n.news.naver.com,Korean,South Korea,수산물,D8_수산물,2026-07-03,,0,NONE,,
ded6a78dbcb93c0b84d0ddb6e8e49714,홈플러스 파산땐 협력사·직원 피해 '직격탄'...정부 4400억 긴급지원,https://www.ajunews.com/view/20260703155726335,2026-07-03,www.ajunews.com,Korean,South Korea,수산물,D8_수산물,2026-07-03,,0,NONE,,
9a441001389ef79706543aa9504304aa,"소방청 ""완도 소방관 순직, 위험정보 전파·대응 체계 미흡 등 겹쳐 발생...",https://n.news.naver.com/mnews/article/119/0003107814?sid=102,2026-07-03,n.news.naver.com,Korean,South Korea,수산물,D8_수산물,2026-07-03,,0,NONE,,
d58d76fd50d369957b76589f0a42b5e7,'IMF 이후 최대 실직' 공포 마주한 홈플러스…파산 문턱,https://n.news.naver.com/mnews/article/079/0004164691?sid=101,2026-07-03,n.news.naver.com,Korean,South Korea,수산물,D8_수산물,2026-07-03,,0,NONE,,
23088cd1370d5cb8728669b39b22254e,"한화, 2040년까지 55조원 투자해 우주항공·AI 통합 인프라 구축",https://www.tokenpost.kr/news/ai/374904,2026-07-03,www.tokenpost.kr,Korean,South Korea,에너지안보,D9_한국,2026-07-03,,0,NONE,,
b5c0b3c2902b7f086090709e6e03136a,"[울진군정, 미래 4년을 묻다] 황이주 울진군수",https://www.kbsm.net/news/view.php?idx=525462,2026-07-03,www.kbsm.net,Korean,South Korea,에너지안보,D9_한국,2026-07-03,,0,NONE,,
2ad5a2ef18126b9a388b5f7beca85f1e,"삼성·SK·한화 등 6대 그룹, 영남권 미래 지형도 바꾼다",http://www.00news.co.kr/news/articleView.html?idxno=104922,2026-07-03,www.00news.co.kr,Korean,South Korea,에너지안보,D9_한국,2026-07-03,,0,NONE,,
b1caa1c62e10847ecf96bd74e1e33925,반도체도 중요하지만 농업용수는 식량안보다,https://www.agrinet.co.kr/news/articleView.html?idxno=405445,2026-07-03,www.agrinet.co.kr,Korean,South Korea,에너지안보,D9_한국,2026-07-03,,0,NONE,,
39e1b78f325bd2c4dac0c774215b6c16,"서남권 반도체 농업용수 활용···""농업계와 협의해야""",https://www.agrinet.co.kr/news/articleView.html?idxno=405428,2026-07-03,www.agrinet.co.kr,Korean,South Korea,에너지안보,D9_한국,2026-07-03,,0,NONE,,
129b1adc14d1fe7a7746af157d3d2109,"""우주항공에 나라의 명운""···영남에 312조 투자 몰린다",https://www.thereport.co.kr/news/articleView.html?idxno=89327,2026-07-03,www.thereport.co.kr,Korean,South Korea,에너지안보,D9_한국,2026-07-03,,0,NONE,,
cefd7cfa7dece4e58a8ad2cdea8e25a6,"SK, 영남에 140조 투자…울산 시작으로 ‘아시아 최대 AI 허브’ 구축",https://www.dnews.co.kr/uhtml/view.jsp?idxno=202607031754061540895,2026-07-03,www.dnews.co.kr,Korean,South Korea,에너지안보,D9_한국,2026-07-03,,0,NONE,,
7803aea9fcd3e9d4165d2339483867c2,親서방 몰도바 총리 사임…대통령 친척 특혜 의혹에 집권당 궁지,https://n.news.naver.com/mnews/article/421/0009040206?sid=104,2026-07-03,n.news.naver.com,Korean,South Korea,에너지안보,D9_한국,2026-07-03,,0,NONE,,
e50a2a1e9cd6a7cb6436b6c5e20550c7,"[e사람] 함일한 에이치에너지 대표 ""K재생에너지 해외 자본에 내줄 판인...",http://www.enewstoday.co.kr/news/articleView.html?idxno=2445441,2026-07-03,www.enewstoday.co.kr,Korean,South Korea,에너지안보,D9_한국,2026-07-03,,0,NONE,,
b1dc67b9d96c0855246608b8966b7ebe,삼성·SK·현대차·한화 등 영남권에 312조원 투자… AI·반도체·우주산...,https://www.newscj.com/news/articleView.html?idxno=3414336,2026-07-03,www.newscj.com,Korean,South Korea,에너지안보,D9_한국,2026-07-03,,0,NONE,,
df05dce051a04debd7ab39be39e89f66,"李 ""韓 제조업 1위 영남 … 세계 1위 향해 나아갈것""",https://n.news.naver.com/mnews/article/009/0005702558?sid=100,2026-07-03,n.news.naver.com,Korean,South Korea,에너지안보,D9_한국,2026-07-03,,0,NONE,,
643afb45ec6386df872fbcf7967cd1af,"""일본, 인도와 밀월 배경엔 '中견제'…일부 온도차도""(종합)",https://n.news.naver.com/mnews/article/003/0014045931?sid=104,2026-07-03,n.news.naver.com,Korean,South Korea,에너지안보,D9_한국,2026-07-03,,0,NONE,,
e4a3dd6f923b10862b595338ee8c0c13,이 대통령 “영남 ‘첨단산업 초격차 선도지역’으로…반드시 국토공간...,https://www.viva100.com/article/20260703500562,2026-07-03,www.viva100.com,Korean,South Korea,에너지안보,D9_한국,2026-07-03,,0,NONE,,
a92ba9e731c71c23658ed9c1a8228d89,"포항시, 수소특화단지 전용 웹사이트 오픈···글로벌 기업 유치 본격...",http://www.newsprime.co.kr/news/article.html?no=739088,2026-07-03,www.newsprime.co.kr,Korean,South Korea,에너지안보,D9_한국,2026-07-03,,0,NONE,,
ec6c0d71b4c11dcb90e967ec027d8268,"李 대통령 ""영남, 첨단산업 핵심 거점으로 육성"" [청와대오늘]",https://www.sisaon.co.kr/news/articleView.html?idxno=202417,2026-07-03,www.sisaon.co.kr,Korean,South Korea,에너지안보,D9_한국,2026-07-03,,0,NONE,,
ba286f7f4c0fe7105ae444205d64673a,"SK, 영남권에 ‘AI 경부고속도로’ 구축…140조원 투입",https://www.news2day.co.kr/article/20260703500233,2026-07-03,www.news2day.co.kr,Korean,South Korea,에너지안보,D9_한국,2026-07-03,,0,NONE,,
90b06b0d854eeb3dcffa9cb6230a0e78,“기후위기 대응에는 여야 없어”…재생에너지 확대에 공감,https://www.ekn.kr/web/view.php?key=20260703020179035,2026-07-03,www.ekn.kr,Korean,South Korea,에너지안보,D9_한국,2026-07-03,,0,NONE,,
3d8608aa912dc7e0e91d74c6918e12b2,"영남, 첨단산업 초격차 선도지로…李대통령 ""삼성·SK·현대차·한화·L...",https://www.financialpost.co.kr/news/articleView.html?idxno=265064,2026-07-03,www.financialpost.co.kr,Korean,South Korea,에너지안보,D9_한국,2026-07-03,,0,NONE,,
27fa8b34ff63305323e79e0d63d9ba05,SK 140조·삼성 60조 영남 투자…“AI로 새 경부고속도로 만들 것”,https://n.news.naver.com/mnews/article/028/0002812606?sid=101,2026-07-03,n.news.naver.com,Korean,South Korea,에너지안보,D9_한국,2026-07-03,,0,NONE,,
3d36b398b86c63f55353ba64f72342cf,"정부, SMR 국가전략기술로 지정해 세제혜택 검토...""5극 3특 성장엔진 신...",https://www.livebiz.today/news/articleView.html?idxno=203075,2026-07-03,www.livebiz.today,Korean,South Korea,에너지안보,D9_한국,2026-07-03,,0,NONE,,
efbf7bed9ca7373d72de92fdad467cb5,"정재헌 SKT 대표 ""140조 투자해 영남에 2GW AI 데이터센터 완성""",https://www.newsworks.co.kr/news/articleView.html?idxno=846069,2026-07-03,www.newsworks.co.kr,Korean,South Korea,에너지안보,D9_한국,2026-07-03,,0,NONE,,
91b2021252559fddfeed72250687a600,"정재헌 SKT 대표 ""영남에 초대형 AI DC 구축… 140조원 투입""",https://www.newscj.com/news/articleView.html?idxno=3414299,2026-07-03,www.newscj.com,Korean,South Korea,에너지안보,D9_한국,2026-07-03,,0,NONE,,
2a8c3504844c128ab7cbd6216e480d70,"에너지이용 합리화계획 법정주기 명문화 추진… ""5년 기본계획·매년 시...",https://www.energydaily.co.kr/news/articleView.html?idxno=201114,2026-07-03,www.energydaily.co.kr,Korean,South Korea,에너지안보,D9_한국,2026-07-03,,0,NONE,,
fd65cdd7a8ee9d84b695128ad2971da6,"김동관 한화 부회장, 55조 투자 'AI 우주' 시대 연다",https://n.news.naver.com/mnews/article/293/0000087198?sid=101,2026-07-03,n.news.naver.com,Korean,South Korea,에너지안보,D9_한국,2026-07-03,,0,NONE,,
7121fbe49b811af2f2fd4455abc10556,‘탈원전’ 접더니 더 가는 정부…원전 추가 건설 공식 검토,https://n.news.naver.com/mnews/article/009/0005702606?sid=100,2026-07-03,n.news.naver.com,Korean,South Korea,천연가스,D2_품목,2026-07-03,,0,NONE,,
9ce88a4fdc993ae2d89b28a6266409b2,"반도체·AI 전력 폭증에…김성환 장관 ""원전 추가 건설 검토""",https://n.news.naver.com/mnews/article/015/0005306137?sid=100,2026-07-03,n.news.naver.com,Korean,South Korea,천연가스,D2_품목,2026-07-03,,0,NONE,,
302ca752b22c964f225a4073f91fb7c9,"서남권 반도체發 '원전 추가' 가능성…정부 ""영광·울주 부지 여유""",https://n.news.naver.com/mnews/article/658/0000148565?sid=101,2026-07-03,n.news.naver.com,Korean,South Korea,천연가스,D2_품목,2026-07-03,,0,NONE,,
c4bff0d6fd60d96ec3955d982c68a5e1,"[사설] 3대 메가프로젝트, 기후대응 등에 미칠 부작용 최소화해야",https://n.news.naver.com/mnews/article/032/0003456000?sid=110,2026-07-03,n.news.naver.com,Korean,South Korea,천연가스,D2_품목,2026-07-03,,0,NONE,,
78929c1b9420a58df24c2afa370c06ae,반도체 전력수요에 원전 카드…김성환 장관 “추가건설 조속 검토”,https://www.ekn.kr/web/view.php?key=20260703029489142,2026-07-03,www.ekn.kr,Korean,South Korea,천연가스,D2_품목,2026-07-03,,0,NONE,,
5d089d27cd1497fa3d97bd9eb9f9e7da,"동서발전, '2026 베트남 엔텍 전시회' 참가…참여 국내 기업 적극 지원",https://sports.hankooki.com/news/articleView.html?idxno=6935893,2026-07-03,sports.hankooki.com,Korean,South Korea,천연가스,D2_품목,2026-07-03,,0,NONE,,
5b558fa99cbe3f1448b37eba5d372ff0,"한국동서발전, 협력기업 베트남 시장 진출 지원",https://n.news.naver.com/mnews/article/030/0003444347?sid=100,2026-07-03,n.news.naver.com,Korean,South Korea,천연가스,D2_품목,2026-07-03,,0,NONE,,
eeeb34c3aa65b0814c9646963699a34f,반도체 핑계로 '원전 추가'…송전망·환경 대책은 쏙 빠진 반쪽짜리 계...,https://www.jnilbo.com/news/articleView.html?idxno=90000047513,2026-07-03,www.jnilbo.com,Korean,South Korea,천연가스,D2_품목,2026-07-03,,0,NONE,,
25bb91f89354ed179ae48d98bc0a38f7,"'3대 메가' 업고 '脫탈원전'서 더 가는 정부…""원전 추가 검토""",https://n.news.naver.com/mnews/article/001/0016175241?sid=105,2026-07-03,n.news.naver.com,Korean,South Korea,천연가스,D2_품목,2026-07-03,,0,NONE,,
0379c51f82125958f48a7aa2a13d1f58,"첨단 반도체의 '화석연료 딜레마'…K-태양광, 무탄소 돌파구 되나",https://www.mediapen.com/news/view/1108046,2026-07-03,www.mediapen.com,Korean,South Korea,천연가스,D2_품목,2026-07-03,,0,NONE,,
5f8dd7110193d7507a040988e2d77849,"현대건설, CO2 저장·운송 인프라 기술 국산화 참여",https://www.asiatime.co.kr/article/20260703500268,2026-07-03,www.asiatime.co.kr,Korean,South Korea,천연가스,D2_품목,2026-07-03,,0,NONE,,
07c9ec0fa9f98a772ea11b7b195994b4,"동서발전, 베트남 전시회서 1억 달러 수출 계약... 협력 중소기업 17사 ...",https://weeklytrade.co.kr/news/view.html?section=1&category=5&item=&no=100470,2026-07-03,weeklytrade.co.kr,Korean,South Korea,천연가스,D2_품목,2026-07-03,,0,NONE,,
a09b5311af50c0f8e0f06d760f0f1d03,"인공지능 데이터센터, 자급자족 발전으로 에너지 돌파구 찾는다",https://www.tokenpost.kr/news/tech/374823,2026-07-03,www.tokenpost.kr,Korean,South Korea,천연가스,D2_품목,2026-07-03,,0,NONE,,
56db4edaeda165fa692fd8a9463abd61,"""중소기업 해외 판로 지원""...동서발전, 베트남 에너지 전시회서 1억300...",http://www.thefirstmedia.net/news/articleView.html?idxno=203010,2026-07-03,www.thefirstmedia.net,Korean,South Korea,천연가스,D2_품목,2026-07-03,,0,NONE,,
dce9221fee8bafdee612a4507b401616,"동서발전, 베트남서 中企 수출 교두보…1억300만달러 계약 추진",https://www.pinpointnews.co.kr/news/articleView.html?idxno=465357,2026-07-03,www.pinpointnews.co.kr,Korean,South Korea,천연가스,D2_품목,2026-07-03,,0,NONE,,
2f40a50859d222cd56d846a0aa395114,"애경산업, 공장 가동 '줄고' 온실가스 배출 '늘고'",https://www.topdaily.kr/articles/110821,2026-07-03,www.topdaily.kr,Korean,South Korea,천연가스,D2_품목,2026-07-03,,0,NONE,,
b1bac27d2b352e99687147003dc06459,"삼성중공업, 오후 들어 상승 탄력 둔화…23,000원대 안착하며 방향성 탐...",https://www.job-post.co.kr/news/articleView.html?idxno=220003,2026-07-03,www.job-post.co.kr,Korean,South Korea,천연가스,D2_품목,2026-07-03,,0,NONE,,
3c1c6b21caba1bba0954471088ea3d39,"한화오션, 장중 10만5천 원선 재도전…관망 속 방산·조선 기대감 지속",https://www.job-post.co.kr/news/articleView.html?idxno=219999,2026-07-03,www.job-post.co.kr,Korean,South Korea,천연가스,D2_품목,2026-07-03,,0,NONE,,
bf230210c71fa0131af38ea17ec2ad32,ESG 지표 '빨간불'…네이버 '윤리·탄소·다양성' 후퇴,https://www.pointdaily.co.kr/news/articleView.html?idxno=310632,2026-07-03,www.pointdaily.co.kr,Korean,South Korea,공급망 위기,D6_교란행위,2026-07-03,,0,NONE,,
6d5f233eda54252d7beccdff06443d3e,"다산제약, 창립 30주년 '비전 2030' 선포",https://www.the-stock.kr/news/articleView.html?idxno=32884,2026-07-03,www.the-stock.kr,Korean,South Korea,공급망 위기,D6_교란행위,2026-07-03,,0,NONE,,
4cef65626b1bd3d372f1eb566f87bbe0,"창립 30주년 다산제약, 비전 2030 선포 ""글로벌 CDMO 도약""",https://www.medicaltimes.com/Main/News/NewsView.html?ID=1169598&ref=naverpc,2026-07-03,www.medicaltimes.com,Korean,South Korea,공급망 위기,D6_교란행위,2026-07-03,,0,NONE,,
71f2ad6d2f2a2dab47c9849f448b479c,홈플러스 기업회생절차 폐지 확정…사실상 파산 수순,https://www.jnilbo.com/news/articleView.html?idxno=90000047545,2026-07-03,www.jnilbo.com,Korean,South Korea,공급망 위기,D6_교란행위,2026-07-03,,0,NONE,,
7f658293ef4be40ece7fd928e381bd17,"국힘 양향자 ""AI 패권국가 되려면 HBM 주권 지켜야""",https://n.news.naver.com/mnews/article/015/0005306115?sid=100,2026-07-03,n.news.naver.com,Korean,South Korea,공급망 위기,D6_교란행위,2026-07-03,,0,NONE,,
aeeff87e60a6c316a9d113a1e2a8952a,"LIG D&A, 사명 변경 후 첫 지속가능경영보고서 발간…글로벌 ESG 기준 맞...",https://www.news2day.co.kr/article/20260703500251,2026-07-03,www.news2day.co.kr,Korean,South Korea,공급망 위기,D6_교란행위,2026-07-03,,0,NONE,,
ccd5efd494c4d988ee71cdd4407721ac,"월 수출 1000억달러 돌파… 언론 ""반도체 호황 착시"" ""체감경기 냉랭""",https://n.news.naver.com/mnews/article/006/0000136561?sid=102,2026-07-03,n.news.naver.com,Korean,South Korea,공급망 위기,D6_교란행위,2026-07-03,,0,NONE,,
7a74e3a9207de116e73e79b6d9c85f4c,"고려아연, WEF '산업경쟁력을 위한 탈탄소·순환성 포럼' 참가",http://www.ferrotimes.com/news/articleView.html?idxno=48943,2026-07-03,www.ferrotimes.com,Korean,South Korea,공급망 위기,D6_교란행위,2026-07-03,,0,NONE,,
cced8b49043f88a5ad04d13fcdf4dd21,"고려아연, WEF '산업경쟁력 위한 탈탄소·순환성 포럼' 참가",https://n.news.naver.com/mnews/article/031/0001039710?sid=101,2026-07-03,n.news.naver.com,Korean,South Korea,공급망 위기,D6_교란행위,2026-07-03,,0,NONE,,
c013735e38fe2d4ab4f6be51d64dce7e,"""시장경제에 中 편입시켜 민주주의 수출""… 美의 헛된 기대였다",https://n.news.naver.com/mnews/article/009/0005702480?sid=103,2026-07-03,n.news.naver.com,Korean,South Korea,공급망 위기,D6_교란행위,2026-07-03,,0,NONE,,
43ff0e775273a530c4adbb6a72bc521b,"고려아연, 세계경제포럼서 '자원순환·탈탄소' 미래 비전 제시",http://www.newslock.co.kr/news/articleView.html?idxno=132651,2026-07-03,www.newslock.co.kr,Korean,South Korea,공급망 위기,D6_교란행위,2026-07-03,,0,NONE,,
beb542569d3f6431784fbcb78a868d93,"LIG D&A, 창립 50주년 기념 '2025 지속가능경영보고서' 발간",http://www.newslock.co.kr/news/articleView.html?idxno=132626,2026-07-03,www.newslock.co.kr,Korean,South Korea,공급망 위기,D6_교란행위,2026-07-03,,0,NONE,,
2941ccbdf15520529f7d62cbe0e5c800,[백세시대 금요칼럼] AI 시대의 양극화 현상:진단과 해법 / 서상목,https://www.100ssd.co.kr/news/articleView.html?idxno=210843,2026-07-03,www.100ssd.co.kr,Korean,South Korea,공급망 위기,D6_교란행위,2026-07-03,,0,NONE,,
8e8c6698f2beefaf406a004f4f6d1812,"여야 한목소리… “기후위기·에너지 전환, 이제 정쟁 멈춰야”",http://www.breaknews.com/1219068,2026-07-03,www.breaknews.com,Korean,South Korea,공급망 위기,D6_교란행위,2026-07-03,,0,NONE,,
442e85f9e19195aa4d4a7ef93ce8fdb0,대체인력·긴급자금 지원…소상공인·中企 숨통 틔울 ‘안전망 법안’ ...,https://n.news.naver.com/mnews/article/016/0002665524?sid=101,2026-07-03,n.news.naver.com,Korean,South Korea,공급망 위기,D6_교란행위,2026-07-03,,0,NONE,,
36ffc85c83febfb5c843388a39ea4985,"LIG D&A, '지속가능경영보고서'에 천리안 5호 담아…기후위기 대응 기여",https://www.m-i.kr/news/articleView.html?idxno=1388081,2026-07-03,www.m-i.kr,Korean,South Korea,공급망 위기,D6_교란행위,2026-07-03,,0,NONE,,
0a787d9a782bd94613b8d9bfe5a3b4d3,[신간산책] '이순신의 위대한 경영',https://www.veritas-a.com/news/articleView.html?idxno=617953,2026-07-03,www.veritas-a.com,Korean,South Korea,공급망 위기,D6_교란행위,2026-07-03,,0,NONE,,
eea69b1325d668f621a657b20275f066,"고려아연, 핵심광물 공급망 ‘자원순환 기여’ 강조",https://n.news.naver.com/mnews/article/029/0003035152?sid=101,2026-07-03,n.news.naver.com,Korean,South Korea,공급망 위기,D6_교란행위,2026-07-03,,0,NONE,,
cd41840f0f486f248ea98b69609857fd,"다산제약, 글로벌 CDMO 도약…'VISION 2030' 공개",https://www.dailypharm.com/user/news/340115?REFERER=NP,2026-07-03,www.dailypharm.com,Korean,South Korea,공급망 위기,D6_교란행위,2026-07-03,,0,NONE,,
050dae092f64eeef7aa649c7954d3eb5,"대신증권, AI 개발보다 보안 먼저...정보보호 투자 20% 늘렸다",https://www.insightkorea.co.kr/news/articleView.html?idxno=249511,2026-07-03,www.insightkorea.co.kr,Korean,South Korea,공급망 위기,D6_교란행위,2026-07-03,,0,NONE,,
150022c16f1f1d15f61fd3d9e26f82cc,"다산제약, 비전 2030 선포...글로벌 CDMO기업 도약 추진",http://www.medisobizanews.com/news/articleView.html?idxno=139930,2026-07-03,www.medisobizanews.com,Korean,South Korea,공급망 위기,D6_교란행위,2026-07-03,,0,NONE,,
5ca6257732ce4066bf3d2499910e8a51,"고려아연, WEF 포럼서 청정에너지 프로젝트 소개…자원순환 중요성 강조",https://www.socialvalue.kr/news/view/1065592805325443,2026-07-03,www.socialvalue.kr,Korean,South Korea,공급망 위기,D6_교란행위,2026-07-03,,0,NONE,,
c559709f9f0d9488430fe998c06bc529,"미국인 60% ""美 황금기 이미 끝나""…정치·경제 불신 커졌다",https://n.news.naver.com/mnews/article/015/0005306116?sid=104,2026-07-03,n.news.naver.com,Korean,South Korea,물가상승,D9_한국,2026-07-03,,0,NONE,,
4232f1882303672784379e37dbd7eacf,"전국연합회, 제91회 정기총회 준비 박차",http://www.pckworld.com/article.php?aid=11145748554,2026-07-03,www.pckworld.com,Korean,South Korea,물가상승,D9_한국,2026-07-03,,0,NONE,,
325a6910e5c6535c7ac9e18f078d0414,"인천 남동시니어클럽, 미래행복재단 후원 감자 100상자 경로당 전달",https://www.kmaeil.com/news/articleView.html?idxno=644350,2026-07-03,www.kmaeil.com,Korean,South Korea,물가상승,D9_한국,2026-07-03,,0,NONE,,
3bb68465e08cb627359d61a72e19cbd7,美 고용 부진에 꺾인 금리 인상론...달러↓ 금·코인↑,https://n.news.naver.com/mnews/article/050/0000108150?sid=101,2026-07-03,n.news.naver.com,Korean,South Korea,물가상승,D9_한국,2026-07-03,,0,NONE,,
820685343cd1aa3e23a216cb0b468af1,"글로벌 반도체업계, 트럼프에 ""메모리값 잡으려면 시장개입 말고 세제혜...",https://www.ajunews.com/view/20260703162344386,2026-07-03,www.ajunews.com,Korean,South Korea,물가상승,D9_한국,2026-07-03,,0,NONE,,
68271dacd876f237c5086173277837a7,농협은행의 끝없는 상생 행보… 바다 건너 울릉도에 울려 퍼진 ‘사랑의...,https://www.g-enews.com/view.php?ud=2026070316350320792f84f79c2_1,2026-07-03,www.g-enews.com,Korean,South Korea,물가상승,D9_한국,2026-07-03,,0,NONE,,
d31fa9e48fcb33fefcdd88377e73227f,"반도체 호황 최대 수혜…""상당 기간 이어질 것""",https://n.news.naver.com/mnews/article/079/0004164708?sid=102,2026-07-03,n.news.naver.com,Korean,South Korea,물가상승,D9_한국,2026-07-03,,0,NONE,,
f25a4f8d64fb6e8384364d44029e196c,"고객 입맛도 데이터로…애슐리, 델리 경쟁력 '고도화'",https://n.news.naver.com/mnews/article/648/0000048606?sid=101,2026-07-03,n.news.naver.com,Korean,South Korea,물가상승,D9_한국,2026-07-03,,0,NONE,,
c788dd055063dccbe69415b809d17d0a,"소진공, 경북 경산센터 개소…지역 소상공인 지원 거점 다변화",https://www.lcnews.co.kr/news/articleView.html?idxno=204369,2026-07-03,www.lcnews.co.kr,Korean,South Korea,물가상승,D9_한국,2026-07-03,,0,NONE,,
53eefab515628125b16ad322bb832dba,日 세수 첫 84조엔 돌파…기업 호실적에 법인세 '역대 최대',https://n.news.naver.com/mnews/article/014/0005543486?sid=104,2026-07-03,n.news.naver.com,Korean,South Korea,물가상승,D9_한국,2026-07-03,,0,NONE,,
141e1e3ee17d03ae94535b87115e2399,"대우건설 vs 롯데건설, 성수4지구 경쟁입찰 수주전 막판 '총력전'",https://www.industrynews.co.kr/news/articleView.html?idxno=82899,2026-07-03,www.industrynews.co.kr,Korean,South Korea,물가상승,D9_한국,2026-07-03,,0,NONE,,
dc205e7ff49fff958b5e0e2b229e7a46,"춘천시, 민생경제정책협의회 개최…원도심 활성화·소상공인 지원 점검",https://www.shinailbo.co.kr/news/articleView.html?idxno=5037221,2026-07-03,www.shinailbo.co.kr,Korean,South Korea,물가상승,D9_한국,2026-07-03,,0,NONE,,
d24caafa86316f00add66079491837ed,"희망친구 기아대책-㈜예람, 취약계층 여름철 식생활 지원",https://www.eroun.net/news/articleView.html?idxno=84593,2026-07-03,www.eroun.net,Korean,South Korea,물가상승,D9_한국,2026-07-03,,0,NONE,,
c38aa46da603f72fd4053d8de3c2b5b7,"30대 직장인, 얼마나 모아야 조기은퇴 가능할까...연봉별로 따져봤다 [파...",http://www.dailypop.kr/news/articleView.html?idxno=99782,2026-07-03,www.dailypop.kr,Korean,South Korea,물가상승,D9_한국,2026-07-03,,0,NONE,,
255f6e07ff040043cf544f0a761de803,한돈자조금 300원 인상론 확산,https://www.chukkyung.co.kr/news/articleView.html?idxno=81865,2026-07-03,www.chukkyung.co.kr,Korean,South Korea,물가상승,D9_한국,2026-07-03,,0,NONE,,
3e9256bdec55ec4ebe8a8dbc09146e82,"전북자치도·순창군자원봉사센터, 취약계층에 여름나기 물품 전달",http://www.domin.co.kr/news/articleView.html?idxno=1560706,2026-07-03,www.domin.co.kr,Korean,South Korea,물가상승,D9_한국,2026-07-03,,0,NONE,,
bb029401d22f72767c9636c58a27bed5,"OECD 경고, 한국 연금 68세부터…재정개혁 없다면 “2050년 나랏빚 200%”",https://www.ekn.kr/web/view.php?key=20260703026529042,2026-07-03,www.ekn.kr,Korean,South Korea,물가상승,D9_한국,2026-07-03,,0,NONE,,
3f451194336f5a97ae478ccce8c6c919,하루 새 7% 뛴 하이퍼리퀴드…상승 랠리 재개될까?,https://www.asiatoday.co.kr/kn/view.php?key=20260703010001283,2026-07-03,www.asiatoday.co.kr,Korean,South Korea,물가상승,D9_한국,2026-07-03,,0,NONE,,
1d53cafb7bb1505ca7b584c334dc0a11,"""장바구니 들고 광화문 갑시다""…사상 첫 '평화 농민대회' 열린다",https://www.aflnews.co.kr/news/articleView.html?idxno=323690,2026-07-03,www.aflnews.co.kr,Korean,South Korea,물가상승,D9_한국,2026-07-03,,0,NONE,,
fd77325d32da6ed5ca25b1bf81560dad,"포항시, 소상공인 금융지원 확대…전통시장 활성화 본격 추진",https://www.gukjenews.com/news/articleView.html?idxno=3625594,2026-07-03,www.gukjenews.com,Korean,South Korea,물가상승,D9_한국,2026-07-03,,0,NONE,,
523d7f8fafb8363d903984f741cf876b,"툰슐랭, 예비 창업자 지원 강화",https://www.vegannews.co.kr/news/article.html?no=383776,2026-07-03,www.vegannews.co.kr,Korean,South Korea,물가상승,D9_한국,2026-07-03,,0,NONE,,
49abe077ffc9e603301ad7ccfe5cd869,"KAI, 민·군 수리온 운용정보 공유 협약···부품 공동활용도 추진",https://www.smartbizn.com/news/articleView.html?idxno=147755,2026-07-03,www.smartbizn.com,Korean,South Korea,수출 제한,D6_교란행위,2026-07-03,,0,NONE,,
b2a718df64d619eb742f7ed6007a8e49,"한국항공우주산업(KAI), 민·군 감항협력 MOU 체결... 국산 헬기 안전성...",https://www.g-enews.com/view.php?ud=202607031904141646ea14faf6f5_1,2026-07-03,www.g-enews.com,Korean,South Korea,수출 제한,D6_교란행위,2026-07-03,,0,NONE,,
ce0a52ed3aedd27492bde4274eff830c,"[분석] ""설계도만 그린다고 자립할 수 있나""···中 AI칩 독립 선언의 ...",https://www.womaneconomy.co.kr/news/articleView.html?idxno=255752,2026-07-03,www.womaneconomy.co.kr,Korean,South Korea,수출 제한,D6_교란행위,2026-07-03,,0,NONE,,
b408c8e84f94ece30ea185ca4472d770,"KAI, 민·군 헬기 안전관리 협력 체계 구축",https://www.thelec.kr/news/articleView.html?idxno=59079,2026-07-03,www.thelec.kr,Korean,South Korea,수출 제한,D6_교란행위,2026-07-03,,0,NONE,,
043d8e54b36b4fa070d4d9113fdbbda0,"군이 쌓은 비행안전 데이터 민간과 공유…KAI, 국산 헬기 운영체계 고도...",https://www.news2day.co.kr/article/20260703500254,2026-07-03,www.news2day.co.kr,Korean,South Korea,수출 제한,D6_교란행위,2026-07-03,,0,NONE,,
2a09062ab1bb860d4390ec2d94885a4a,"KAI, 민·군 감항협력 고도화 업무협약 체결…수리온 안전성 ↑",https://n.news.naver.com/mnews/article/277/0005785356?sid=101,2026-07-03,n.news.naver.com,Korean,South Korea,수출 제한,D6_교란행위,2026-07-03,,0,NONE,,
b966cb169fcc6f2990a6a7a7874c8253,[#클라우드 월드] 카카오 '가천대 클라우드 현장 실습'·딥엑스-고시다...,https://www.newsworks.co.kr/news/articleView.html?idxno=846094,2026-07-03,www.newsworks.co.kr,Korean,South Korea,수출 제한,D6_교란행위,2026-07-03,,0,NONE,,
6e970365c7adfbc48efb90792177c295,"KAI, 민·군 헬기 데이터 공유로 수리온 안전관리 강화",https://www.ziksir.com/news/articleView.html?idxno=139075,2026-07-03,www.ziksir.com,Korean,South Korea,수출 제한,D6_교란행위,2026-07-03,,0,NONE,,
cc777c5f4cabf71f8061230ab0c19a02,"KAI, 민·군 감항 협력 강화…수리온 안전관리 제고",https://www.fetv.co.kr/news/articleView.html?idxno=305779,2026-07-03,www.fetv.co.kr,Korean,South Korea,수출 제한,D6_교란행위,2026-07-03,,0,NONE,,
b1b1ae573baf45648b74c045b4da5921,"KAI-항공안전기술원, 민·군 지속 감항 체계 강화 업무협약",https://www.businesspost.co.kr/BP?command=article_view&num=441548,2026-07-03,www.businesspost.co.kr,Korean,South Korea,수출 제한,D6_교란행위,2026-07-03,,0,NONE,,
3b4a11053180ea4b91b1c697ff7429fd,"KAI, 민·군 헬기 감항협력 고도화 MOU 체결",https://www.cnbizm.com/news/articleView.html?idxno=307585,2026-07-03,www.cnbizm.com,Korean,South Korea,수출 제한,D6_교란행위,2026-07-03,,0,NONE,,
184c4616bab76979c4c9a359124d1fd1,"[집중분석] 현대차그룹 42조원, 다시 짜이는 영남권 자동차 지도",http://www.newsprime.co.kr/news/article.html?no=739083,2026-07-03,www.newsprime.co.kr,Korean,South Korea,수출 제한,D6_교란행위,2026-07-03,,0,NONE,,
993ddcb182eb4cfef464f242dbb541f9,"KAI, 민·군 감항협력 업무협약 체결…수리온 안전관리 체계 고도화",http://www.datanews.co.kr/news/article.html?no=145432,2026-07-03,www.datanews.co.kr,Korean,South Korea,수출 제한,D6_교란행위,2026-07-03,,0,NONE,,
89a15ab5a5fa7fd7482482dea7a175e0,"현대차그룹, 영남권에 10년간 42조 투자…""첨단산업 핵심 거점 육성""",https://n.news.naver.com/mnews/article/123/0002385909?sid=101,2026-07-03,n.news.naver.com,Korean,South Korea,수출 제한,D6_교란행위,2026-07-03,,0,NONE,,
847a89e3fd4ab8bc6b1db9970edbcb71,民·軍 손잡고 첨단 과학기술 기반 강군 육성 나선다,http://www.newsian.co.kr/news/articleView.html?idxno=91797,2026-07-03,www.newsian.co.kr,Korean,South Korea,수출 제한,D6_교란행위,2026-07-03,,0,NONE,,
ab5e83933cb9ac45b5d48bcf96168eaa,"[방산 & Now] KAI, 민·군 '수리온 감항 데이터' 공유 등",https://www.ebn.co.kr/news/articleView.html?idxno=1715073,2026-07-03,www.ebn.co.kr,Korean,South Korea,수출 제한,D6_교란행위,2026-07-03,,0,NONE,,
bb0fb1f2ab22e08700f4d55f081ef782,"[스타트업리뷰] ""피부 관리도 올인원 시대""... 피부관리 전문가가 써본...",https://it.donga.com/109135/,2026-07-03,it.donga.com,Korean,South Korea,수출 제한,D6_교란행위,2026-07-03,,0,NONE,,
6d11a705d7c615d44805ad9389931d91,"KAI, 수리온 지속감항체계 강화…민·군 운용 데이터 공유",https://n.news.naver.com/mnews/article/008/0005381248?sid=101,2026-07-03,n.news.naver.com,Korean,South Korea,수출 제한,D6_교란행위,2026-07-03,,0,NONE,,
1842604d900335181d27f0fcc66107bb,"KAI, 민·군 감항협력 체계 구축…수리온 안전성·수출 경쟁력 강화",https://n.news.naver.com/mnews/article/629/0000513068?sid=101,2026-07-03,n.news.naver.com,Korean,South Korea,수출 제한,D6_교란행위,2026-07-03,,0,NONE,,
d3e927501c49e743179cf2a40be5e4c0,부산시 건설본부 ′건설사업 관리 소홀′ 감사 적발,https://busanmbc.co.kr/01_new/new01_view.asp?idx=286770,2026-07-03,busanmbc.co.kr,Korean,South Korea,운임,D4_운송,2026-07-03,,0,NONE,,
ade709f4271df71f9a201de38700b550,"티웨이항공, 연말까지 국제선 62개 노선 운영",https://www.fetv.co.kr/news/articleView.html?idxno=305766,2026-07-03,www.fetv.co.kr,Korean,South Korea,운임,D4_운송,2026-07-03,,0,NONE,,
77f64baeecb336c32f5e9969f4bf5a70,"AI 오답 검증 책임, 사용자 아닌 플랫폼에",https://n.news.naver.com/mnews/article/009/0005702501?sid=004,2026-07-03,n.news.naver.com,Korean,South Korea,운임,D4_운송,2026-07-03,,0,NONE,,
bd244ef98313a26c01b3828482b0fbb3,"[항공 & Now] 제주항공, 지역 ESG 협력 확대 등",https://www.ebn.co.kr/news/articleView.html?idxno=1715068,2026-07-03,www.ebn.co.kr,Korean,South Korea,운임,D4_운송,2026-07-03,,0,NONE,,
cfd78bb0ea862a08262c15e5a5424ed0,"노랑풍선, AI로 항공권 환불 수수료 날짜별 안내…네이버·카약도 연동",https://www.ekn.kr/web/view.php?key=20260703029199141,2026-07-03,www.ekn.kr,Korean,South Korea,운임,D4_운송,2026-07-03,,0,NONE,,
aa6c2788c9476bd9a3d7702f5caef6e6,[에어 라이브] 제주항공ㆍ티웨이항공,https://www.dnews.co.kr/uhtml/view.jsp?idxno=202607031337016100852,2026-07-03,www.dnews.co.kr,Korean,South Korea,운임,D4_운송,2026-07-03,,0,NONE,,
a8f704e5345ec1766392b3213e1a2dfd,"티웨이항공, 국제선 62개 노선 '7월 트레블 페스타' 진행",https://www.megaeconomy.co.kr/news/newsview.php?ncode=1065599854833224,2026-07-03,www.megaeconomy.co.kr,Korean,South Korea,운임,D4_운송,2026-07-03,,0,NONE,,
7a0cbcb06e702833ca9bb25655f41545,"노랑풍선, AI 기반 환불 안내 도입…항공권 취소 수수료 달력으로 제공",http://www.lawissue.co.kr/view.php?ud=202607031657358278204ead0791_12,2026-07-03,www.lawissue.co.kr,Korean,South Korea,운임,D4_운송,2026-07-03,,0,NONE,,
bd88be54a8ce0f964691a916ed41ec87,"노랑풍선, 'AI 환불캘린더' 서비스 도입",https://weekly.hankooki.com/news/articleView.html?idxno=7172728,2026-07-03,weekly.hankooki.com,Korean,South Korea,운임,D4_운송,2026-07-03,,0,NONE,,
68e87791e3d58e88fca8d7d54da1c0d0,"하늘길 수요는 뚫렸는데, '띄울 비행기'가 없다...항공권 싸지지 않는 이...",https://www.wolyo.co.kr/news/articleView.html?idxno=314496,2026-07-03,www.wolyo.co.kr,Korean,South Korea,운임,D4_운송,2026-07-03,,0,NONE,,
1dc3824405740b6f6581b067186bfd2a,"티웨이항공, '7월 국제선 트래블 페스타' 진행...여름·하반기 여행 수요...",https://www.pinpointnews.co.kr/news/articleView.html?idxno=465401,2026-07-03,www.pinpointnews.co.kr,Korean,South Korea,운임,D4_운송,2026-07-03,,0,NONE,,
e4a412db18fb5f7ee1394ea6fa25263f,[산업계 동향] 기아·티웨이항공·유진그룹,http://www.iminju.net/news/articleView.html?idxno=166199,2026-07-03,www.iminju.net,Korean,South Korea,운임,D4_운송,2026-07-03,,0,NONE,,
d94c6c40985f6f813691bcb1961dd71f,"티웨이항공, 62개 국제선 프로모션…성수기 승객 수요 정조준",https://www.m-i.kr/news/articleView.html?idxno=1388069,2026-07-03,www.m-i.kr,Korean,South Korea,운임,D4_운송,2026-07-03,,0,NONE,,
9046235aea55a4ad580ae028252c2aef,"트럼프, 관세 유예 직전 '수상한 매수'…""애플·버크셔 수백만달러 담았...",https://n.news.naver.com/mnews/article/119/0003107876?sid=104,2026-07-03,n.news.naver.com,Korean,South Korea,희토류,D2_품목,2026-07-03,,0,NONE,,
88a231c0455d7dca3508aefaeff0e6fd,"[이슈] 李 대통령, 7~8일 첫 나토 정상회의 참석 '방산 외교'…9~11일 몽...",https://www.polinews.co.kr/news/articleView.html?idxno=735965,2026-07-03,www.polinews.co.kr,Korean,South Korea,희토류,D2_품목,2026-07-03,,0,NONE,,
975fda269fd00fd1c24464157f816388,‘갓끈’ 또 고쳐맨 트럼프…‘상호관세 유예’ 직전 우량주 360만달러...,https://n.news.naver.com/mnews/article/028/0002812619?sid=104,2026-07-03,n.news.naver.com,Korean,South Korea,희토류,D2_품목,2026-07-03,,0,NONE,,
fbe7cec28b3c8fefa131f74c2a342e2f,[급등락주 짚어보기] 삼화전자ㆍ져스텍 등 11개 종목 上⋯‘과열’ 금호...,https://www.etoday.co.kr/news/view/2600179,2026-07-03,www.etoday.co.kr,Korean,South Korea,희토류,D2_품목,2026-07-03,,0,NONE,,
ca899fac5943dbb853e41e6b5769f896,'관세유예' 발표 직전 풀매수... 트럼프의 수상한 주식거래,https://n.news.naver.com/mnews/article/469/0000940272?sid=104,2026-07-03,n.news.naver.com,Korean,South Korea,희토류,D2_품목,2026-07-03,,0,NONE,,
ff7f9e8e5b184bfe53f140cd2ef55943,"관세 유예 직전 '집중 매수'…트럼프, 이해충돌 의혹에 ""관여한 적 없다...",https://n.news.naver.com/mnews/article/437/0000499387?sid=104,2026-07-03,n.news.naver.com,Korean,South Korea,희토류,D2_품목,2026-07-03,,0,NONE,,
611cc8f9f340f3cda76f13d0b5017dcf,"관세 유예 전 우량주 쓸어담았다?…""투자 맡겼다""는데",https://n.news.naver.com/mnews/article/215/0001257541?sid=104,2026-07-03,n.news.naver.com,Korean,South Korea,희토류,D2_품목,2026-07-03,,0,NONE,,
65d40b74cb0a90a37cee578c217ae26e,‘관세유예’ 직전 매수…트럼프의 절묘한 주식거래 타이밍,https://n.news.naver.com/mnews/article/056/0012211309?sid=104,2026-07-03,n.news.naver.com,Korean,South Korea,희토류,D2_품목,2026-07-03,,0,NONE,,
75c506791956ab24f2f06baeaa1b355b,'관세 유예' 직전 대량 매수…트럼프의 수상한 주식거래,https://n.news.naver.com/mnews/article/055/0001369520?sid=104,2026-07-03,n.news.naver.com,Korean,South Korea,희토류,D2_품목,2026-07-03,,0,NONE,,
2de2f2a805174056103dc9834330cd97,"[신간산책] '중국이라는 역설' - 역동과 통제, 첨단과 소외가 공존하는...",https://www.veritas-a.com/news/articleView.html?idxno=617965,2026-07-03,www.veritas-a.com,Korean,South Korea,희토류,D2_품목,2026-07-03,,0,NONE,,
a926c6ecfd9767de4da8cbcc9d2a50f7,"주중 日 대사관, ‘7·7 사변’ 기념일 앞 교민에 안전 주의보",https://n.news.naver.com/mnews/article/003/0014045786?sid=104,2026-07-03,n.news.naver.com,Korean,South Korea,희토류,D2_품목,2026-07-03,,0,NONE,,
46774206e9c7c7808362751c9f074151,"트럼프 계좌, '관세 유예' 발표 직전 주식 대거 매수‥발표 뒤 주가 급등",https://n.news.naver.com/mnews/article/214/0001509447?sid=104,2026-07-03,n.news.naver.com,Korean,South Korea,희토류,D2_품목,2026-07-03,,0,NONE,,
511c9f1e2cec25080e2e6b495ac92211,관세 유예 하루 전 '폭풍 매수'...트럼프 수상한 주식 거래,https://n.news.naver.com/mnews/article/052/0002374392?sid=104,2026-07-03,n.news.naver.com,Korean,South Korea,희토류,D2_품목,2026-07-03,,0,NONE,,
04839ee6c476cd62a972b2a2483452a8,[시사천국] 4700조 청사진의 숙제…전력·용수·송전망,https://news.cpbc.co.kr/article/1174119?division=NAVER,2026-07-03,news.cpbc.co.kr,Korean,South Korea,석탄,D2_품목,2026-07-03,,0,NONE,,
a9b5f2a47609c7136bf00697604a54d3,‘스케일론’ “전력·용수 풀자”…기조 변화 시사?,https://n.news.naver.com/mnews/article/056/0012211437?sid=100,2026-07-03,n.news.naver.com,Korean,South Korea,석탄,D2_품목,2026-07-03,,0,NONE,,
e3eadc64611b3ceb80a9106cb1f8940f,잊혀진 폐광마을..예술로 재탄생,https://www.g1tv.co.kr/news?mid=1_207_6&newsid=345540,2026-07-03,www.g1tv.co.kr,Korean,South Korea,석탄,D2_품목,2026-07-03,,0,NONE,,
19b3b27c37d53073784adb1e8e387b87,"현대건설, CCS부터 친환경 연료·SMR까지… 탄소중립 에너지 기술 개발 ...",http://www.biztribune.co.kr/news/articleView.html?idxno=355516,2026-07-03,www.biztribune.co.kr,Korean,South Korea,석탄,D2_품목,2026-07-03,,0,NONE,,
171fbe1a49387589725598016c40af6d,'통합 한국발전공사' 본사는 왜 충남 보령이어야 하나…'전력 생산 1번지...,https://www.greened.kr/news/articleView.html?idxno=344194,2026-07-03,www.greened.kr,Korean,South Korea,석탄,D2_품목,2026-07-03,,0,NONE,,
47c6ed3be551e841de0d30d4f23d353c,"[이슈] 한국중부발전, 생성형 AI 넘어 '액셔너블 AI'로…26개 업무 자동...",http://www.paxetv.com/news/articleView.html?idxno=276387,2026-07-03,www.paxetv.com,Korean,South Korea,석탄,D2_품목,2026-07-03,,0,NONE,,
2222817994af79d431234bb6b0b99e74,"""정의로운 전환 버스에 탑승권 없자"" 노동자들이 직접 버스 만들었다",https://n.news.naver.com/mnews/article/047/0002521446?sid=102,2026-07-03,n.news.naver.com,Korean,South Korea,석탄,D2_품목,2026-07-03,,0,NONE,,
61286b40630cefeb2afae093ba1dc0b4,"[오늘의 ABC 뉴스룸] ""미치지 않고서야 이럴 수가 있습니까?"" 연초 20만 ...",https://www.ajunews.com/view/20260701164335254,2026-07-03,www.ajunews.com,Korean,South Korea,석탄,D2_품목,2026-07-03,,0,NONE,,
dc1087384a7fc4bfb8307cf5f11a9e29,"""47년 전력 생산 책임진 충남, 이제는 보상받아야""…통합 한국발전공사...",http://www.newsprime.co.kr/news/article.html?no=738975,2026-07-03,www.newsprime.co.kr,Korean,South Korea,석탄,D2_품목,2026-07-03,,0,NONE,,
10de14906ec10ffba838a2a0861055bc,"AI데이터센터 유치 광풍과 탄소중립, 양립 불가능하다",https://www.esgeconomy.com/news/articleView.html?idxno=15942,2026-07-03,www.esgeconomy.com,Korean,South Korea,석탄,D2_품목,2026-07-03,,0,NONE,,
36a660ae81f380cad44e1d563f98ae9a,[책마을] 英보다 700년 앞서 석탄썼는데…송나라에선 왜 산업혁명 없었...,https://n.news.naver.com/mnews/article/015/0005306034?sid=103,2026-07-03,n.news.naver.com,Korean,South Korea,석탄,D2_품목,2026-07-03,,0,NONE,,
6445a78a53729f487bf3d41784755f8b,‘검은 황금’ 캐던 삶…그 시절 태백을 만나다,https://n.news.naver.com/mnews/article/011/0004637948?sid=103,2026-07-03,n.news.naver.com,Korean,South Korea,석탄,D2_품목,2026-07-03,,0,NONE,,
d679485904984731ec090fbaf44a9a6a,"남부발전·5사, 석탄화력 폐지 후 지역경제 대책 공동 용역 착수",http://www.hansbiz.co.kr/news/articleView.html?idxno=848128,2026-07-03,www.hansbiz.co.kr,Korean,South Korea,석탄,D2_품목,2026-07-03,,0,NONE,,
f58861a8fdbfc224168d7b74e727be44,"""재생에너지 확대는 단순한 기후 정책이 아니라 에너지 안보 정책이다""",https://www.energydaily.co.kr/news/articleView.html?idxno=201112,2026-07-03,www.energydaily.co.kr,Korean,South Korea,석탄,D2_품목,2026-07-03,,0,NONE,,
b5d2a3a112d22c32d3826fc1f8fa8351,"국악방송-태백시문화재단, '전통문화 확산·지역 진흥'을 위한 MOU 체결",http://www.beyondpost.co.kr/view.php?ud=20260703162747646392e75d13a3_30,2026-07-03,www.beyondpost.co.kr,Korean,South Korea,석탄,D2_품목,2026-07-03,,0,NONE,,
fba18348dea66378b6559b54018cb448,"광명시, 폭염 대비 '노동자 온열질환 예방' 긴급 합동캠페인 전개",https://www.cnbnews.com/news/articleView.html?idxno=1006753,2026-07-03,www.cnbnews.com,Korean,South Korea,컨테이너,D2_품목,2026-07-03,,0,NONE,,
1edae6c7fe170cefe9385b2fa17f5012,"테이텀시큐리티 CNAPP, '2026 우수 정보보호 기술' 선정",http://www.itdaily.kr/news/articleView.html?idxno=240222,2026-07-03,www.itdaily.kr,Korean,South Korea,컨테이너,D2_품목,2026-07-03,,0,NONE,,
de28a1952c953d9cd5f813086ac5c4e8,[#시큐리티 포커스] 시민단체 '개보법 개정안 폐기' 요구·안쿠팡 공동행...,https://www.newsworks.co.kr/news/articleView.html?idxno=846097,2026-07-03,www.newsworks.co.kr,Korean,South Korea,컨테이너,D2_품목,2026-07-03,,0,NONE,,
d3359811927993ab563d6ffa39ba3729,"삼성SDI, AI 데이터센터용 배터리 '잭팟'",https://www.thelec.kr/news/articleView.html?idxno=59047,2026-07-03,www.thelec.kr,Korean,South Korea,컨테이너,D2_품목,2026-07-03,,0,NONE,,
4b57217ddcf6a8d5bc6c6dedfb46b651,"논산 단팥빵, 부산 컨테이너 식빵, 종로 화덕빵…EBS 극한직업,  명물 빵...",https://www.lecturernews.com/news/articleView.html?idxno=205487,2026-07-03,www.lecturernews.com,Korean,South Korea,컨테이너,D2_품목,2026-07-03,,0,NONE,,
43e18b1794cb21c68ec291adb008b826,경주시 내년도 유기질 비료 지원 사업 신청 접수,http://www.phmbc.co.kr/www/news/desk_news?idx=203381&mode=view,2026-07-03,www.phmbc.co.kr,Korean,South Korea,비료,D2_품목,2026-07-03,,0,NONE,,
4d650a9079de2432829c4a625b806ad5,"팜한농, 저항성 멸구 살충제 '헬리캅 액상수화제' 추천",https://www.agrinet.co.kr/news/articleView.html?idxno=405357,2026-07-03,www.agrinet.co.kr,Korean,South Korea,비료,D2_품목,2026-07-03,,0,NONE,,
dbd0382d407ea05bdc09df6a39f0b12b,"조비, 벼 생육 중기 등숙·후기 생육관리 비료 제안",https://www.agrinet.co.kr/news/articleView.html?idxno=405356,2026-07-03,www.agrinet.co.kr,Korean,South Korea,비료,D2_품목,2026-07-03,,0,NONE,,
00706dcd6aeef88ae5dcc00d1efedf69,"[창간 46주년 기념식] ""국민과 농어업을 잇는 든든한 가교가 되겠습니다...",https://www.agrinet.co.kr/news/articleView.html?idxno=405423,2026-07-03,www.agrinet.co.kr,Korean,South Korea,비료,D2_품목,2026-07-03,,0,NONE,,
b39fd1f7527557ed5952481f4f58ae3b,한농연 “농업경영비 부담 고려해 최저임금 동결 필요”,https://n.news.naver.com/mnews/article/662/0000098913?sid=102,2026-07-03,n.news.naver.com,Korean,South Korea,비료,D2_품목,2026-07-03,,0,NONE,,
d29a1617b23314783a13f8e2cb598221,"농진청, 주말 장맛비 대비 농작물·시설물 관리 당부",https://www.farmnmarket.com/news/article.html?no=26972,2026-07-03,www.farmnmarket.com,Korean,South Korea,비료,D2_품목,2026-07-03,,0,NONE,,
d446124222550bfaa278c723c841e54f,"국민연금, DL이앤씨·GS건설·삼성E&A 등 건설주 지분 확대…‘미래 먹거...",https://www.ceoscoredaily.com/page/view/2026070315104453034,2026-07-03,www.ceoscoredaily.com,Korean,South Korea,비료,D2_품목,2026-07-03,,0,NONE,,
fb24a03ba787231d6d5b683ac3485ff5,"[포천소식]시, ""지방세 납부기한 추가 연장""…7일까지 등",https://n.news.naver.com/mnews/article/003/0014045550?sid=102,2026-07-03,n.news.naver.com,Korean,South Korea,비료,D2_품목,2026-07-03,,0,NONE,,
e6964602e7e8f7838f4d5909405576b6,가축분뇨 비료 활용 문턱 낮춘다,https://www.chukkyung.co.kr/news/articleView.html?idxno=81860,2026-07-03,www.chukkyung.co.kr,Korean,South Korea,비료,D2_품목,2026-07-03,,0,NONE,,
cd6866665783ed3f1ff353345386f862,"한수원, AI 스타트업 지원 공간 '아이누리' 개소",https://www.gukjenews.com/news/articleView.html?idxno=3626055,2026-07-03,www.gukjenews.com,Korean,South Korea,한국 에너지,D9_한국,2026-07-03,,0,NONE,,
1aa98663b7ab8f7c787630fc2a1b0978,"“4Q 통제력 잃어, 이정현 부상까지” 마줄스 감독, ‘안방 참사’에 침...",https://m.sports.naver.com/basketball/article/468/0001251650,2026-07-03,m.sports.naver.com,Korean,South Korea,한국 에너지,D9_한국,2026-07-03,,0,NONE,,
15f5825da782d8d225541349f4c020c6,"김희재, 뮤직뱅크 무대 마친 뒤 셀카로 전한 활기",https://www.topstarnews.net/news/articleView.html?idxno=16122992,2026-07-03,www.topstarnews.net,Korean,South Korea,한국 에너지,D9_한국,2026-07-03,,0,NONE,,
c415fb7830abcfa849ce374e5f9fc11c,"히카루, 흑백 티저 속 강렬 시선…'CRACK CODE'로 변신 예고",https://www.topstarnews.net/news/articleView.html?idxno=16122986,2026-07-03,www.topstarnews.net,Korean,South Korea,한국 에너지,D9_한국,2026-07-03,,0,NONE,,
6f3d43ea77112dffea38ed73303eed71,"사쿠라, 딸기 시리즈 화보로 근황…PUREFLOW 투어 앞두고 활발 행보",https://www.topstarnews.net/news/articleView.html?idxno=16122982,2026-07-03,www.topstarnews.net,Korean,South Korea,한국 에너지,D9_한국,2026-07-03,,0,NONE,,
31e08e462ba79dd87c93ceac601c1b87,"윤도현, 제주 무대서 메탈 행보 잇는 라이브…YB 30주년 이후 변신 예고",https://www.topstarnews.net/news/articleView.html?idxno=16122974,2026-07-03,www.topstarnews.net,Korean,South Korea,한국 에너지,D9_한국,2026-07-03,,0,NONE,,
01be1fee43c6ef96ea9a99ec3acab5a3,"'해줘 축구'에 이은 '해줘 농구', 농구 '월드컵'에서도 경우의 수 따져야...",https://m.sports.naver.com/basketball/article/117/0004081319,2026-07-03,m.sports.naver.com,Korean,South Korea,한국 에너지,D9_한국,2026-07-03,,0,NONE,,
f3dec93979e0963bcebcba450f83476c,"'4쿼터 와르르' 한국, 대만에 재역전패로 3연패",https://www.topstarnews.net/news/articleView.html?idxno=16122959,2026-07-03,www.topstarnews.net,Korean,South Korea,한국 에너지,D9_한국,2026-07-03,,0,NONE,,
eaf86ff27d09b9ffd702256df4514f1f,"'대만에 충격패' 마줄스 감독 ""아쉬운 경기…일본전 필승""",https://m.sports.naver.com/basketball/article/421/0009040358,2026-07-03,m.sports.naver.com,Korean,South Korea,한국 에너지,D9_한국,2026-07-03,,0,NONE,,
9dd5f3dbaa202abf45cd83814dc40373,"'3연패' 농구대표팀 마줄스 감독 ""월드컵 진출 기회 남았다""",https://m.sports.naver.com/basketball/article/001/0016175523,2026-07-03,m.sports.naver.com,Korean,South Korea,한국 에너지,D9_한국,2026-07-03,,0,NONE,,
640c775c1fda0475a4bea81be41a9603,"[WC예선] 다 잡은 승리 놓친 男대표팀, 가장 큰 문제는 빅맨 부재? 니콜...",https://m.sports.naver.com/basketball/article/398/0000100798,2026-07-03,m.sports.naver.com,Korean,South Korea,한국 에너지,D9_한국,2026-07-03,,0,NONE,,
0b9a5f5903950bf83aa665730227908f,"비수도권 혁신 스타트업 베트남 진출 지원…남부발전, ‘스스로 프로젝...",https://n.news.naver.com/mnews/article/082/0001388251?sid=101,2026-07-03,n.news.naver.com,Korean,South Korea,한국 에너지,D9_한국,2026-07-03,,0,NONE,,
dd7a73c34edd395124eff3f73719d74f,동해선 타고 울진으로…파크골프 특별열차 첫 운행,https://www.kbmaeil.com/article/20260703500213,2026-07-03,www.kbmaeil.com,Korean,South Korea,옥수수,D2_품목,2026-07-03,,0,NONE,,
e8404ba6e700d5e7afb5a103860def59,[리포트]'탈모 완화' 새 천연물질 찾았다⋯식약처 승인,https://tjmbc.co.kr/NewsArticle/849206,2026-07-03,tjmbc.co.kr,Korean,South Korea,옥수수,D2_품목,2026-07-03,,0,NONE,,
c566e0252cc8d387d997f545043b3c09,"괴산 옥수수 본격 출하…괴산군지부, 출하 현장 격려",https://n.news.naver.com/mnews/article/662/0000098922?sid=102,2026-07-03,n.news.naver.com,Korean,South Korea,옥수수,D2_품목,2026-07-03,,0,NONE,,
1105403c4100ac0751e176181f61e52d,"괴산군 스마트 유기농사업단, 농산물 기부",https://www.ccreview.co.kr/news/articleView.html?idxno=351931,2026-07-03,www.ccreview.co.kr,Korean,South Korea,옥수수,D2_품목,2026-07-03,,0,NONE,,
f0c115679d591793658bd8b18c295283,저당 메뉴도 있다! 떡처럼 늘어나는 전국 쫀득빵 맛집 3,https://www.elle.co.kr/article/1905631,2026-07-03,www.elle.co.kr,Korean,South Korea,옥수수,D2_품목,2026-07-03,,0,NONE,,
4bd02cfef76bed6760a7f2ef3c2e7f0e,"'6시 내고향' 완주 동상면 한방백숙 맛집 위치는? ""자연이 살아 숨 쉬는...",https://www.topstarnews.net/news/articleView.html?idxno=16122612,2026-07-03,www.topstarnews.net,Korean,South Korea,옥수수,D2_품목,2026-07-03,,0,NONE,,
c0a0da13a05cc475f6d68c88f47c44c1,"'6시 내고향' 파주 법원읍 속초식 회냉면 & 한우곰탕 맛집 위치는? ""정직...",https://www.topstarnews.net/news/articleView.html?idxno=16122607,2026-07-03,www.topstarnews.net,Korean,South Korea,옥수수,D2_품목,2026-07-03,,0,NONE,,
63408e0423145430fc73f8d1ae92e510,"사찰음식 국가유산 지정 1주년, 명장 스님들 특강 펼쳐진다",https://www.beopbo.com/news/articleView.html?idxno=336421,2026-07-03,www.beopbo.com,Korean,South Korea,옥수수,D2_품목,2026-07-03,,0,NONE,,
25c43998198f7b75f2ee8ec0ebdee569,"친환경자조금, 국내 최대 식품 판매전 '팔도밥상페어' 참가",http://www.ikpnews.net/news/articleView.html?idxno=70870,2026-07-03,www.ikpnews.net,Korean,South Korea,옥수수,D2_품목,2026-07-03,,0,NONE,,
24de6bbc22b9bf890cfcef757f5e0161,넷플릭스·TV 속 스타 스님 눈앞에...사찰음식 명장들 강연,http://www.ibulgyo.com/news/articleView.html?idxno=439838,2026-07-03,www.ibulgyo.com,Korean,South Korea,옥수수,D2_품목,2026-07-03,,0,NONE,,
69e51e11002cf4a7a04aeb1d7f0a4718,"우크라, 러시아 본토·점령지 타격…러 '키이우 맹폭' 하루 만에",https://n.news.naver.com/mnews/article/421/0009040350?sid=104,2026-07-03,n.news.naver.com,Korean,South Korea,정유산업,D9_한국,2026-07-03,,0,NONE,,
e6b537c88c437b756141f9ea56648b07,"""12년 동안 지지·신뢰 받아""…HD현대오일뱅크, 'KS-SQI' 주유소 부문 최...",https://www.financialpost.co.kr/news/articleView.html?idxno=264999,2026-07-03,www.financialpost.co.kr,Korean,South Korea,정유산업,D9_한국,2026-07-03,,0,NONE,,
41ebfd7628110eb60604710827d07980,"HD현대오일뱅크, 한국서비스품질지수 주유소 부문 1위…""12년 연속""",https://n.news.naver.com/mnews/article/117/0004081224?sid=103,2026-07-03,n.news.naver.com,Korean,South Korea,정유산업,D9_한국,2026-07-03,,0,NONE,,
0c6be643bb521c5c5dce58bb9ee3c458,"[비즈&] NH농협은행, 상반기 포용금융에 1.9조원 지원 外",https://n.news.naver.com/mnews/article/422/0000881257?sid=101,2026-07-03,n.news.naver.com,Korean,South Korea,정유산업,D9_한국,2026-07-03,,0,NONE,,
b2fc3542d4cb7513e5f4ebe62c90b001,[산업계 동향] LIG D&A·HD현대오일뱅크·고려아연,http://www.iminju.net/news/articleView.html?idxno=166205,2026-07-03,www.iminju.net,Korean,South Korea,정유산업,D9_한국,2026-07-03,,0,NONE,,
7eecdee8024dab16ab6257fe63215fd4,"에스넷시스템, AIDC 데모센터 구축 참여",https://www.thelec.kr/news/articleView.html?idxno=59066,2026-07-03,www.thelec.kr,Korean,South Korea,정유산업,D9_한국,2026-07-03,,0,NONE,,
6d716b367267791aa950f68aa5d9d7ba,"에스넷시스템, AI 데이터센터 데모센터 구축 참여",https://byline.network/?p=9004111222610738,2026-07-03,byline.network,Korean,South Korea,정유산업,D9_한국,2026-07-03,,0,NONE,,
40831493298fa0becf1186f563f3b5c4,"가스공사 지역발전 우수사례 장관상 수상…고려아연, WEF 포럼서 자원순...",https://www.sisaon.co.kr/news/articleView.html?idxno=202404,2026-07-03,www.sisaon.co.kr,Korean,South Korea,정유산업,D9_한국,2026-07-03,,0,NONE,,
d632314de245472e23d49aacc0d95f93,"HD현대오일뱅크, 12년 연속 KS-SQI 주유소 부문 1위",http://www.thebigdata.co.kr/view.php?ud=202607031459529835570d99e4c8_23,2026-07-03,www.thebigdata.co.kr,Korean,South Korea,정유산업,D9_한국,2026-07-03,,0,NONE,,
a50d85e05b8e8c609c64eea52a8dd8e6,HD현대오뱅 12년연속 서비스지수 1위,https://www.naeil.com/news/read/594079?ref=naver,2026-07-03,www.naeil.com,Korean,South Korea,정유산업,D9_한국,2026-07-03,,0,NONE,,
87eb6583660ffa84786279923a7ac276,"2026 한우 심포지엄 개최, 디지털 정보·생산성 전략 한자리에",http://www.ttlnews.com/news/articleView.html?idxno=3122585,2026-07-03,www.ttlnews.com,Korean,South Korea,곡물,D2_품목,2026-07-03,,0,NONE,,
5e4feb163fc759b2b592cc8857e7ad7d,"""반복되는 혈변, 단순 치질 아닐 수도""…병원에 가야할 신호는?",https://news.hidoc.co.kr/news/articleView.html?idxno=64523,2026-07-03,news.hidoc.co.kr,Korean,South Korea,곡물,D2_품목,2026-07-03,,0,NONE,,
2f03257680792f52fc95dd81ac865ec7,"패션이 식탁 위에 놓이다, 우영미 X 알랭 뒤카스의 '사피드 서울'",https://www.marieclairekorea.com/culture/lifestyle/2026/07/sapidseoul-wooyoungmi/?utm_source=naver&utm_medium=partnership,2026-07-03,www.marieclairekorea.com,Korean,South Korea,곡물,D2_품목,2026-07-03,,0,NONE,,
5fd49d16c2508fa7be6760dd98d8aa3b,"""네고왕 효과 통했다""…옳곡, 7일 만에 반년치 물량 완판",https://wemakenews.co.kr/news/view.php?no=25685,2026-07-03,wemakenews.co.kr,Korean,South Korea,곡물,D2_품목,2026-07-03,,0,NONE,,
2255a90a789230a0653e84484d9fbe9b,"나주시, 영산강 들풀로 조사료 만든다…축산농가 사료비 절감 기대",https://n.news.naver.com/mnews/article/382/0001281521?sid=102,2026-07-03,n.news.naver.com,Korean,South Korea,곡물,D2_품목,2026-07-03,,0,NONE,,
7086aa4d95613b377526fd3a62a210a0,초가공식품 10%만 줄여도...우리 아이 뇌가 ‘이렇게’ 바뀐다?,https://n.news.naver.com/mnews/article/296/0000102217?sid=103,2026-07-03,n.news.naver.com,Korean,South Korea,곡물,D2_품목,2026-07-03,,0,NONE,,
671c027cce9da5d61f946b148d0471b9,"물회에 리슬링, 백숙엔 하이볼! 여름 휴가지 메뉴 페어링 맵 6",https://www.gqkorea.co.kr/2026/07/03/%eb%ac%bc%ed%9a%8c%ec%97%90-%eb%a6%ac%ec%8a%ac%eb%a7%81-%eb%b0%b1%ec%88%99%ec%97%94-%ed%95%98%ec%9d%b4%eb%b3%bc-%ec%97%ac%eb%a6%84-%ed%9c%b4%ea%b0%80%ec%a7%80-%eb%a9%94%eb%89%b4-%ed%8e%98%ec%96%b4/?utm_source=naver&utm_medium=partnership,2026-07-03,www.gqkorea.co.kr,Korean,South Korea,곡물,D2_품목,2026-07-03,,0,NONE,,
115d44a8da8c616facfa2b2167f2becc,"""뇌는 잠잘 때 노폐물 제거…깊은 수면이 치매 예방의 시작""",https://n.news.naver.com/mnews/article/003/0014045917?sid=102,2026-07-03,n.news.naver.com,Korean,South Korea,곡물,D2_품목,2026-07-03,,0,NONE,,
0a1796296b9d94aebb4b6fff0a7ac8a8,"옳곡, 할인 프로모션 성료…국내산 땅콩 제품 관심 확대",https://www.megaeconomy.co.kr/news/newsview.php?ncode=1065601368250083,2026-07-03,www.megaeconomy.co.kr,Korean,South Korea,곡물,D2_품목,2026-07-03,,0,NONE,,
d447a9840eb5141bb6ae39a2440ccd8a,"""섬유질 섭취 늘리고 규칙적인 운동 중요""",https://www.100ssd.co.kr/news/articleView.html?idxno=210849,2026-07-03,www.100ssd.co.kr,Korean,South Korea,곡물,D2_품목,2026-07-03,,0,NONE,,
91770aed037266f565061b5d4d27a06c,[위클립] 7월 1주,https://www.laborplus.co.kr/news/articleView.html?idxno=41094,2026-07-03,www.laborplus.co.kr,Korean,South Korea,해운,D4_운송,2026-07-03,,0,NONE,,
a2d545aafebb7ce761c2f8020a737189,"한국 ‘50만 드론 전사’ 의식했나…일본, 군용 드론 공장 세운다 [밀리...",https://n.news.naver.com/mnews/article/081/0003658313?sid=104,2026-07-03,n.news.naver.com,Korean,South Korea,수입의존,D9_한국,2026-07-03,,0,NONE,,
788fb80577a0e04109ed8e06052f0500,"한농연 ""농업 경영비 부담 가중···내년도 최저임금 동결해야""",https://www.agrinet.co.kr/news/articleView.html?idxno=405442,2026-07-03,www.agrinet.co.kr,Korean,South Korea,수입의존,D9_한국,2026-07-03,,0,NONE,,
be8b8be1f94ca6ed90c46ca4db93fdf9,"""홈플러스 파산 임박…건설사 PF보증 규모 7163억""",https://www.asiatime.co.kr/article/20260703500365,2026-07-03,www.asiatime.co.kr,Korean,South Korea,수입의존,D9_한국,2026-07-03,,0,NONE,,
6e5f3b09f652438ac63e8f8b9333c0a2,[인천 소식] 인천시 '조직개편'-'통합돌봄 신청률' 해명-'영종~신도 평화...,https://www.newsworks.co.kr/news/articleView.html?idxno=846098,2026-07-03,www.newsworks.co.kr,Korean,South Korea,수입의존,D9_한국,2026-07-03,,0,NONE,,
a006cea11d89db1a0f821b87af71b947,"농협, 영산강 들풀 조사료 활용 시연…축산농가 생산비 절감 추진",https://n.news.naver.com/mnews/article/020/0003731395?sid=101,2026-07-03,n.news.naver.com,Korean,South Korea,수입의존,D9_한국,2026-07-03,,0,NONE,,
210dfc6242d1ce3ffd57b368fda2b534,Pneushow 2026 참관기 – 순환경제와 디지털 기술이 이끄는 브라질 타이...,http://dream.kotra.or.kr/kotranews/cms/news/actionKotraBoardDetail.do?SITE_NO=3&MENU_ID=110&CONTENTS_NO=1&bbsGbn=245&bbsSn=245&pNttSn=242578,2026-07-03,dream.kotra.or.kr,Korean,South Korea,수입의존,D9_한국,2026-07-03,,0,NONE,,
6dc7089c379d8e35fa3e81d5bdc2a8d2,"산림청, 7월 '이달의 임업인' 충주 병풀재배농 김종광 대표 선정",http://www.tjb.co.kr/sub0301/bodo/view/id/100357,2026-07-03,www.tjb.co.kr,Korean,South Korea,수입의존,D9_한국,2026-07-03,,0,NONE,,
355734d8725c72af875c767bcc79490f,"""AS 불편하다?""… 르노코리아, 투명 가격·접근성 강화로 편견 깬다",http://digitalchosun.dizzo.com/site/data/html_dir/2026/07/03/2026070380131.html,2026-07-03,digitalchosun.dizzo.com,Korean,South Korea,수입의존,D9_한국,2026-07-03,,0,NONE,,
78c1d46a344c42f171ad5633b866b671,"OECD ""한국경제 회복세""...내년 성장률 2.6% 전망",http://www.hansbiz.co.kr/news/articleView.html?idxno=848034,2026-07-03,www.hansbiz.co.kr,Korean,South Korea,수입의존,D9_한국,2026-07-03,,0,NONE,,
3b9a923f116fdac445614225c5dca98a,"[2026 혁신 바이오 기술대상] 부경하이텍, 폐커피박 활용 친환경 단열 신...",https://n.news.naver.com/mnews/article/025/0003535187?sid=102,2026-07-03,n.news.naver.com,Korean,South Korea,수입의존,D9_한국,2026-07-03,,0,NONE,,
bfcf4a07de88ee5df83998b9413295b0,"이병래 남동구청장 취임 ""내 삶이 바뀌는 남동 대전환 … 4대 목표로 도...",https://news.ifm.kr/news/articleView.html?idxno=474297,2026-07-03,news.ifm.kr,Korean,South Korea,수입 차질,D6_교란행위,2026-07-03,,0,NONE,,
2e0e2480aefd627b76be35fedc2d0510,복경기 닭·오리고기 산지값 강세,https://www.chukkyung.co.kr/news/articleView.html?idxno=81786,2026-07-03,www.chukkyung.co.kr,Korean,South Korea,수입 차질,D6_교란행위,2026-07-03,,0,NONE,,
93cb440b42204e736b2d997adf4cb789,염소고기 FTA 직불금 첫 지원,https://www.chukkyung.co.kr/news/articleView.html?idxno=81859,2026-07-03,www.chukkyung.co.kr,Korean,South Korea,수입 차질,D6_교란행위,2026-07-03,,0,NONE,,
3a7b8135bd4bdcea3c48273416c2a9c4,"정부, 홈플러스 전담반 가동…협력업체에 4400억 유동성 지원",http://www.newsfc.co.kr/news/articleView.html?idxno=79704,2026-07-03,www.newsfc.co.kr,Korean,South Korea,수입 차질,D6_교란행위,2026-07-03,,0,NONE,,
3086cbd9b9e634eb87be22c3b4213175,"홈플러스 회생절차 폐지…정부, 협력업체 등 4400억 긴급지원",https://n.news.naver.com/mnews/article/658/0000148531?sid=101,2026-07-03,n.news.naver.com,Korean,South Korea,수입 차질,D6_교란행위,2026-07-03,,0,NONE,,
5672c6756c247c5a8e2e9a754a9972d5,[재계 인사이드] ‘AI 거품론’과 삼성전자·SK하이닉스의 ‘보험’,https://www.news2day.co.kr/article/20260703500021,2026-07-03,www.news2day.co.kr,Korean,South Korea,수입 차질,D6_교란행위,2026-07-03,,0,NONE,,
79a40a576c176b4eecb30cae429dd906,김지훈 국세청 기획조정관 중부국세청장 임명,https://n.news.naver.com/mnews/article/654/0000188765?sid=101,2026-07-03,n.news.naver.com,Korean,South Korea,수입 차질,D6_교란행위,2026-07-03,,0,NONE,,
7335bcf488b2d167f6fdffcb63f813a8,"서울국세청장 안덕수…국세청, 고위급 인사 단행",https://n.news.naver.com/mnews/article/016/0002665388?sid=101,2026-07-03,n.news.naver.com,Korean,South Korea,수입 차질,D6_교란행위,2026-07-03,,0,NONE,,
df5af6bfa5ea982b99cc4e322aff8f73,국세청 차장에 박해영·서울청장 안덕수·중부 김지훈·부산 오상훈 임...,https://n.news.naver.com/mnews/article/008/0005381087?sid=101,2026-07-03,n.news.naver.com,Korean,South Korea,수입 차질,D6_교란행위,2026-07-03,,0,NONE,,
d94bf5f1be1860ab9836a87246436844,"더본코리아 빽보이피자, 플랫브레드 샌드위치 라인업 확대",https://www.autodaily.co.kr/news/articleView.html?idxno=545471,2026-07-03,www.autodaily.co.kr,Korean,South Korea,새우,D8_수산물,2026-07-03,,0,NONE,,
e726386e4939d33191ec24bd2ffc958d,"[현장] '스타트업, 한 편의 영화' 씨엔티테크 C포럼 성료",http://www.newsprime.co.kr/news/article.html?no=739094,2026-07-03,www.newsprime.co.kr,Korean,South Korea,새우,D8_수산물,2026-07-03,,0,NONE,,
468853eb41dfb06c2dfcb55cd2bf34f9,"[단독] “KLPGA투어 선수 출전, 막을 이유 없어” LPGA ‘오만’에 입 연...",https://m.sports.naver.com/golf/article/468/0001251629,2026-07-03,m.sports.naver.com,Korean,South Korea,새우,D8_수산물,2026-07-03,,0,NONE,,
80747df34ad43925b4722406540e603c,"빽보이피자, 플랫브레드 활용한 샌드위치 4종 추가",http://www.lawissue.co.kr/view.php?ud=202607031700349883204ead0791_12,2026-07-03,www.lawissue.co.kr,Korean,South Korea,새우,D8_수산물,2026-07-03,,0,NONE,,
cded3509162e48b05fba95e04332a468,"팀홀튼, 여름 한정 ‘리얼 랍스터롤’ 2종 선보여",http://www.lawissue.co.kr/view.php?ud=202607031653194837204ead0791_12,2026-07-03,www.lawissue.co.kr,Korean,South Korea,새우,D8_수산물,2026-07-03,,0,NONE,,
4b23b537e3ab216e166cdf827b76724d,허기 채우기보단 마음의 정을 담기,https://cooknchefnews.com/news/view/1065593825440840,2026-07-03,cooknchefnews.com,Korean,South Korea,새우,D8_수산물,2026-07-03,,0,NONE,,
66fc9e49207406339abd68862cf87289,[A 오늘의 유통] 시몬스·제니퍼룸·코리아나화장품·빙그레·동아오츠...,https://www.asiaa.co.kr/news/articleView.html?idxno=254216,2026-07-03,www.asiaa.co.kr,Korean,South Korea,새우,D8_수산물,2026-07-03,,0,NONE,,
dcf47ef3895edd6b59d1b80c37912453,"강원을 특별하게, 도민을 행복하게'···우상호 제40대 강원특별자치도...",https://www.agrinet.co.kr/news/articleView.html?idxno=405371,2026-07-03,www.agrinet.co.kr,Korean,South Korea,어업,D8_수산물,2026-07-03,,0,NONE,,
7d9cbec007e7cda7a59cc9659f9bc046,"충남도의회 농수산해양위 출범…""농어촌 위기, 현장 해법으로 넘는다""",https://www.aflnews.co.kr/news/articleView.html?idxno=323693,2026-07-03,www.aflnews.co.kr,Korean,South Korea,어업,D8_수산물,2026-07-03,,0,NONE,,
51f02db05c5750a7614cd584b5fb2653,'제주의 숨결 직접 느끼다' 만장굴 전 구간 탐험대 모집,https://www.jejumaeil.net/news/articleView.html?idxno=402442,2026-07-03,www.jejumaeil.net,Korean,South Korea,어업,D8_수산물,2026-07-03,,0,NONE,,
642dbcd316ad2f2a784b206cbb2c6eb9,‘30년 누더기’ 카드 소득공제 5조 눈앞…이대로 놔두면 재정절벽[리셋...,https://n.news.naver.com/mnews/article/011/0004637963?sid=101,2026-07-03,n.news.naver.com,Korean,South Korea,어업,D8_수산물,2026-07-03,,0,NONE,,
3270c4d8a9f42259e6bd963111ea5531,"“외국인 나가!” 외치더니…일본, 400만명 더 없으면 못 버틴다 [핫이슈...",https://n.news.naver.com/mnews/article/081/0003658278?sid=104,2026-07-03,n.news.naver.com,Korean,South Korea,어업,D8_수산물,2026-07-03,,0,NONE,,
2f22ed18ff0ff16f355b3331a7a0ca7e,"김정중 양양군수 취임…""하나 되는 양양 만들 것""",https://www.m-i.kr/news/articleView.html?idxno=1388063,2026-07-03,www.m-i.kr,Korean,South Korea,어업,D8_수산물,2026-07-03,,0,NONE,,
bca37a137408ec59fe68ddc87eb88be5,"[교육소식]한밭대 홍기하 교수팀, BRL 지원사업 선정 등",https://n.news.naver.com/mnews/article/003/0014045909?sid=102,2026-07-03,n.news.naver.com,Korean,South Korea,한국 소재/화학,D9_한국,2026-07-03,,0,NONE,,
bbeef686f73e841f5f5252641043eb13,[대학 뉴스브리핑] 덕성여대·동국대·숭실대,https://www.asiatime.co.kr/article/20260703500318,2026-07-03,www.asiatime.co.kr,Korean,South Korea,한국 소재/화학,D9_한국,2026-07-03,,0,NONE,,
8d4a797568aa8eb85cd34c78437d62b6,"[POP!대학가] 동국대학교 서울RISE사업단, '한일 리빙랩 네트워크 포럼'...",http://www.popcornnews.net/news/articleView.html?idxno=125571,2026-07-03,www.popcornnews.net,Korean,South Korea,한국 소재/화학,D9_한국,2026-07-03,,0,NONE,,
43c24be6916f70eafa3989272b0639cf,[대학 뉴스브리핑] 고려대·이화여대·성신여대,https://www.asiatime.co.kr/article/20260703500257,2026-07-03,www.asiatime.co.kr,Korean,South Korea,한국 소재/화학,D9_한국,2026-07-03,,0,NONE,,
b9571d2f16f09889d9f1ddcee584c4de,"충북에너지산학융합원, 차세대 배터리 소재 분석 실습 교육 성료",https://www.jbnews.com/news/articleView.html?idxno=1507026,2026-07-03,www.jbnews.com,Korean,South Korea,한국 소재/화학,D9_한국,2026-07-03,,0,NONE,,
c79b14ab80dfa3f40b130533e87d3ab6,"부평구, '짚풀공예와 여치집 특별전' 진행",https://www.discoverynews.kr/news/articleView.html?idxno=1095170,2026-07-03,www.discoverynews.kr,Korean,South Korea,한국 소재/화학,D9_한국,2026-07-03,,0,NONE,,
b18c4ba440ca9da01b47caac04824915,"극한 직업, 지휘관- Ⅶ",http://fpn119.co.kr/253376,2026-07-03,fpn119.co.kr,Korean,South Korea,한국 소재/화학,D9_한국,2026-07-03,,0,NONE,,
96fb2eeba04544e0559305c30393e781,"[이주의 모빌리티] 현대차, '썸머 페스타' 프로모션 실시 外",https://dealsite.co.kr/articles/164713,2026-07-03,dealsite.co.kr,Korean,South Korea,한국 소재/화학,D9_한국,2026-07-03,,0,NONE,,
bc2b2c05f3f2b317f597c941b0140da2,"충남 어선 구명조끼 착용 의무화…""갑판 위에서는 반드시""",https://www.aflnews.co.kr/news/articleView.html?idxno=323671,2026-07-03,www.aflnews.co.kr,Korean,South Korea,어선,D8_수산물,2026-07-03,,0,NONE,,
ac4a3d462b9f4219fce18fa95cd885b6,"aT, 농산물꾸러미사업자 역량강화 나서",http://www.ccnnews.co.kr/news/articleView.html?idxno=411615,2026-07-03,www.ccnnews.co.kr,Korean,South Korea,물류기업,D9_한국,2026-07-03,,0,NONE,,
344220cbf0537c04f41b3cb9fe6b6e9b,[패트롤]대구시의회-영천시-영천시의회-경산시-대구북구-대구가톨릭대...,https://www.ekn.kr/web/view.php?key=20260703025439195,2026-07-03,www.ekn.kr,Korean,South Korea,물류기업,D9_한국,2026-07-03,,0,NONE,,
e4017c8796745a7a069bb3aae7125c95,“AX 시대 물류 경쟁력은 로봇이 아니라 데이터 연결”…박종한 아이니...,https://www.venturesquare.net/1095365/,2026-07-03,www.venturesquare.net,Korean,South Korea,물류기업,D9_한국,2026-07-03,,0,NONE,,
bf8d134dc65d50f3d9bf524c867da995,"한국형 저궤도망 최대 512기 검토…우주청 ""3.9조~14.2조원 추산""",https://n.news.naver.com/mnews/article/138/0002233113?sid=105,2026-07-03,n.news.naver.com,Korean,South Korea,물류기업,D9_한국,2026-07-03,,0,NONE,,
93cf773ab545e4435327e245b85af4be,"""세계인이 즐기는 'K토이' 만들어갑니다""",https://n.news.naver.com/mnews/article/009/0005702504?sid=101,2026-07-03,n.news.naver.com,Korean,South Korea,물류기업,D9_한국,2026-07-03,,0,NONE,,
7df855afdc789a06bf6df4e47a95ac8e,"자화전자, 구미에 5000억 추가 투자",https://www.kyongbuk.co.kr/news/articleView.html?idxno=4077331,2026-07-03,www.kyongbuk.co.kr,Korean,South Korea,물류기업,D9_한국,2026-07-03,,0,NONE,,
5aa96764b77621d957f354281266d3ea,김학홍 문경시장 취임…일자리·관광 앞세운 민선9기 청사진 제시,https://www.ajunews.com/view/20260703162204384,2026-07-03,www.ajunews.com,Korean,South Korea,물류기업,D9_한국,2026-07-03,,0,NONE,,
31bd96de31e5b3c5d14b064cdaa82e9f,"법원, '메리츠, 1000억 이상 대여 못해 vs MBK, 2000억 대출 시, 절반 MBK...",http://www.thevaluenews.co.kr/news/view.php?idx=199859,2026-07-03,www.thevaluenews.co.kr,Korean,South Korea,물류비,D9_한국,2026-07-03,,0,NONE,,
29e186a82eefe4519a97cb5f07e483db,KT&G 더 담은 캐피털그룹…외국계가 본 건 담뱃값 아닌 주주환원,https://n.news.naver.com/mnews/article/293/0000087203?sid=101,2026-07-03,n.news.naver.com,Korean,South Korea,물류비,D9_한국,2026-07-03,,0,NONE,,
16d06659de4583bb6c3d27248fb720b3,조직을 보면 제주도정 우선순위가 보인다… 위성곤표 실행력 첫 시험대,https://n.news.naver.com/mnews/article/014/0005543491?sid=102,2026-07-03,n.news.naver.com,Korean,South Korea,물류비,D9_한국,2026-07-03,,0,NONE,,
722534cc7fa894b6b67c20b3195177fb,"1997년 삼성서 출발해 테스코·MBK까지 … 홈플러스, 30년 유통史 기로에...",https://biz.newdaily.co.kr/site/data/html/2026/07/03/2026070300150.html,2026-07-03,biz.newdaily.co.kr,Korean,South Korea,물류비,D9_한국,2026-07-03,,0,NONE,,
fc26b648e1c9ad9df7e705d79fa1c40a,"일양약품, 중국 자회사에 첫 출자…8000만위안 투자 공정 가동",https://www.ziksir.com/news/articleView.html?idxno=139000,2026-07-03,www.ziksir.com,Korean,South Korea,물류비,D9_한국,2026-07-03,,0,NONE,,
60cc28099753ffdd0c671f0bf8a01bbe,"온라인 활용도 높은 가구, 식품지출액도 증가",https://www.agrinet.co.kr/news/articleView.html?idxno=405421,2026-07-03,www.agrinet.co.kr,Korean,South Korea,한국 경제 영향,D9_한국,2026-07-03,,0,NONE,,
35576f5f3d2aa03912fe52845c71962c,"""한국 탈출"" 팔아치우더니…2000억 '폭풍매수'한 종목",https://n.news.naver.com/mnews/article/015/0005306070?sid=101,2026-07-03,n.news.naver.com,Korean,South Korea,한국 경제 영향,D9_한국,2026-07-03,,0,NONE,,
bb14362c1b5141dfab2e63ec7234acba,"신라모노그램 다낭, 여름 휴가철 공식 홈페이지 패키지 출시",https://www.kfenews.co.kr/news/articleView.html?idxno=659780,2026-07-03,www.kfenews.co.kr,Korean,South Korea,한국 경제 영향,D9_한국,2026-07-03,,0,NONE,,
afc4a80943bd532b3c7e03818fbf6de7,"코맥스 스마트 도어락, 국내 첫 '100분 내화시험' 통과",https://www.kfenews.co.kr/news/articleView.html?idxno=659764,2026-07-03,www.kfenews.co.kr,Korean,South Korea,한국 경제 영향,D9_한국,2026-07-03,,0,NONE,,
0b05e94b4df27eb217da01e76f81cbb8,"""대학은 갔지만 배움은 멈췄다""...OECD가 본 한국 교육",https://www.etoday.co.kr/news/view/2600133,2026-07-03,www.etoday.co.kr,Korean,South Korea,한국 경제 영향,D9_한국,2026-07-03,,0,NONE,,
7d4ceea5316ea42e99623171a51838a9,[김재섭의 뒤집어보기] SK 회장 최태원 '3대 메가프로젝트 보고회'서 유...,https://www.businesspost.co.kr/BP?command=article_view&num=441469,2026-07-03,www.businesspost.co.kr,Korean,South Korea,한국 경제 영향,D9_한국,2026-07-03,,0,NONE,,
60b19b20a62232c0e81ba02031168418,"대한민국 국제관광박람회, 제주여행 여름철 혜택 집중 소개",https://www.gukjenews.com/news/articleView.html?idxno=3626041,2026-07-03,www.gukjenews.com,Korean,South Korea,할증료,D6_교란행위,2026-07-03,,0,NONE,,
4090d3e64d329fc495b52085e711ae03,"외국인 북적이는 일본, 현지인들은 ""해외여행 안 가요""",https://n.news.naver.com/mnews/article/015/0005306139?sid=104,2026-07-03,n.news.naver.com,Korean,South Korea,할증료,D6_교란행위,2026-07-03,,0,NONE,,
677dab02c8572c416f731e86c4536420,"제주도, 킨텍스서 역대급 여름 휴가 마케팅 돌입 ... ""가성비에 힐링을...",http://www.ttlnews.com/news/articleView.html?idxno=3122684,2026-07-03,www.ttlnews.com,Korean,South Korea,할증료,D6_교란행위,2026-07-03,,0,NONE,,
ee61bfffd1711981b1c1ab810865f541,엔저·고물가에 지갑 닫은 일본인... 올여름 해외여행 줄고 국내여행도...,https://www.insight.co.kr/news/561437,2026-07-03,www.insight.co.kr,Korean,South Korea,할증료,D6_교란행위,2026-07-03,,0,NONE,,
4b3c2e64daf1c11326078d5a4a6e7778,"제주도관광협회, 킨텍스 관광박람회서 여름 제주여행 혜택 알린다",https://www.ajunews.com/view/20260703153313265,2026-07-03,www.ajunews.com,Korean,South Korea,할증료,D6_교란행위,2026-07-03,,0,NONE,,
a05f7f7a7187ff68ea37151fd4fa3039,"[포토] 용산구선관위, 사전투표운용장비 반출",https://www.newscj.com/news/articleView.html?idxno=3414321,2026-07-03,www.newscj.com,Korean,South Korea,CJ대한통운,D7_행위자,2026-07-03,,0,NONE,,
8a749b5ced79ef957585f3b57a93c7cf,"레이싱모델 곽하윤, 핑크빛 화보 공개…사랑스러운 매력 발산",https://idsn.co.kr/news/view/1065593155245573,2026-07-03,idsn.co.kr,Korean,South Korea,CJ대한통운,D7_행위자,2026-07-03,,0,NONE,,
ef4e0894ba6b93f5028753b20e079cdc,장례식 앞두고 출현한 매파 실세...모즈타바는 어디에?,https://n.news.naver.com/mnews/article/052/0002374521?sid=104,2026-07-03,n.news.naver.com,Korean,South Korea,혁명수비대,D7_행위자,2026-07-03,,0,NONE,,
937b52f42386c727cc5c0558a2fb8204,"최고 보안 속 하메네이 장례 준비…이스라엘, 갈리바프 암살 노렸다",https://n.news.naver.com/mnews/article/057/0001956871?sid=104,2026-07-03,n.news.naver.com,Korean,South Korea,혁명수비대,D7_행위자,2026-07-03,,0,NONE,,
60d41a67e05aca870893d9bf0ab7f625,하메네이 장례 절차 개시···이란 신정체제 결속력 시험대,https://n.news.naver.com/mnews/article/032/0003456007?sid=104,2026-07-03,n.news.naver.com,Korean,South Korea,혁명수비대,D7_행위자,2026-07-03,,0,NONE,,
c72f3d914a2a57c7ce18b5fc995eb682,"이란 혁명수비대 사령관, 전쟁 이후 첫 공개 석상",https://n.news.naver.com/mnews/article/422/0000881282?sid=104,2026-07-03,n.news.naver.com,Korean,South Korea,혁명수비대,D7_행위자,2026-07-03,,0,NONE,,
975c90a13d3dfcbd25f5e7a2b9724966,"[기자수첩] 피지컬 AI 강국?...""데이터에 투자하라""는 탄식",https://n.news.naver.com/mnews/article/031/0001039709?sid=105,2026-07-03,n.news.naver.com,Korean,South Korea,한국 제조/조립,D9_한국,2026-07-03,,0,NONE,,
39574ceb35e3393f71d0f76364b83697,"발달장애인 월평균 임금 107만원, ""계속 회사 다니고 싶다""",https://www.ablenews.co.kr/news/articleView.html?idxno=231838,2026-07-03,www.ablenews.co.kr,Korean,South Korea,한국 제조/조립,D9_한국,2026-07-03,,0,NONE,,
742e325adc8510e137a8e2d3b5d82a2e,"삼성·현대차·한화, 영남에 '피지컬 AI 벨트' 만든다",https://www.enetnews.co.kr/news/articleView.html?idxno=52041,2026-07-03,www.enetnews.co.kr,Korean,South Korea,한국 제조/조립,D9_한국,2026-07-03,,0,NONE,,
9aa78437b6f4ac0e1afd52107943977a,"[그룹 레이더] 한화·현대차그룹, 영남권 미래산업에 97조원 투자…AI·...",http://www.thevaluenews.co.kr/news/view.php?idx=199858,2026-07-03,www.thevaluenews.co.kr,Korean,South Korea,한국 제조/조립,D9_한국,2026-07-03,,0,NONE,,
2afacffaf45fa5075eac478e46e35dd5,"김찬진 제물포구청장 ""통합 넘어 미래로 도약""",https://www.gukjenews.com/news/articleView.html?idxno=3625943,2026-07-03,www.gukjenews.com,Korean,South Korea,부두,D3_인프라,2026-07-03,,0,NONE,,
8d3acdcffc1a78fc71f136b40ffe2338,"동해해경청, 고속단정 운용역량 경연대회 개최",https://n.news.naver.com/mnews/article/087/0001202990?sid=102,2026-07-03,n.news.naver.com,Korean,South Korea,부두,D3_인프라,2026-07-03,,0,NONE,,
7ad8f870f340d7228049741b587811c3,김찬진 제물포구청장 “통합 넘어 미래로”…원도심 대도약 청사진 제시,https://www.viva100.com/article/20260703500559,2026-07-03,www.viva100.com,Korean,South Korea,부두,D3_인프라,2026-07-03,,0,NONE,,
1f6fac016e599cf06948371ce0912d59,예산군 농어촌도로 확포장 완료…주민 이동 편의 대폭 개선,https://www.gukjenews.com/news/articleView.html?idxno=3626008,2026-07-03,www.gukjenews.com,Korean,South Korea,운송지연,D6_교란행위,2026-07-03,,0,NONE,,
e50300c3d9a82915432beacbea0fd2a6,인천시 영종도∼신도 해상교량 '신도평화대교' 14일 개통,https://ic.newdaily.co.kr/site/data/html/2026/07/03/2026070300188.html,2026-07-03,ic.newdaily.co.kr,Korean,South Korea,운송지연,D6_교란행위,2026-07-03,,0,NONE,,
55d5b2f94a2c9e46af42f67f1a94e698,"김우빈 ""사람이 4명인데""…문상훈, 고기 3인분 주문에 '핀잔' ('콩콩팜팜...",https://m.entertain.naver.com/article/445/0000434553,2026-07-03,m.entertain.naver.com,Korean,South Korea,참치,D8_수산물,2026-07-03,,0,NONE,,
a45c297b1cf5e66f0e7511d5c8ac9ed0,복잡한 칼질 없이 냄비 하나로 끝…누룽지를 '이것'과 함께 먹어보세요,https://www.wikitree.co.kr/articles/1144183,2026-07-03,www.wikitree.co.kr,Korean,South Korea,참치,D8_수산물,2026-07-03,,0,NONE,,
40dfe57bfe796daac089a6505eb1cf4f,"참치김치찌개, 냉장고를 비울수록 더 맛있어진다.",https://cooknchefnews.com/news/view/1065597059405955,2026-07-03,cooknchefnews.com,Korean,South Korea,참치,D8_수산물,2026-07-03,,0,NONE,,
ad1868cb4288c16f2e9ddf4459200eec,"안전보건공단 하형소 이사, 경기남부지사 현장경영…“비상경영체제 전...",http://www.beyondpost.co.kr/view.php?ud=202607032157115998be44c0aacd_30,2026-07-03,www.beyondpost.co.kr,Korean,South Korea,비상경영,D9_한국,2026-07-03,,0,NONE,,
863b47c60101ba019f4362e32e3d1238,[7월4일자] 비즈니스포스트 아침의 주요기사,https://www.businesspost.co.kr/BP?command=article_view&num=441568,2026-07-03,www.businesspost.co.kr,Korean,South Korea,비상경영,D9_한국,2026-07-03,,0,NONE,,
721024bb03bfba5e222a27b20328112b,"도로공사, 휴게소 음식값 모니터링 '유야무야'…도성회 전관예우 수면 ...",https://www.1conomynews.co.kr/news/articleView.html?idxno=49394,2026-07-03,www.1conomynews.co.kr,Korean,South Korea,비상경영,D9_한국,2026-07-03,,0,NONE,,
25b7871f40ed0b463aaaf2116545c9f2,산업 폐기물이 암석 됐다...지구에 새겨지는 인류세 기록,https://www.newspenguin.com/news/articleView.html?idxno=21819,2026-07-03,www.newspenguin.com,Korean,South Korea,철광석,D2_품목,2026-07-03,,0,NONE,,
a3b8199099fee9e7c2a983ae85552544,페로타임즈 손바닥뉴스 7월 3일(금),http://www.ferrotimes.com/news/articleView.html?idxno=48929,2026-07-03,www.ferrotimes.com,Korean,South Korea,철광석,D2_품목,2026-07-03,,0,NONE,,
d39e348f650ef118e335fff970b22fca,중국 지방정부도 북한과 경제협력?…국제사회 대북제재 넘나,https://www.dailynk.com/20260703-2,2026-07-03,www.dailynk.com,Korean,South Korea,철광석,D2_품목,2026-07-03,,0,NONE,,
b07e179069645a3c16529b9acb347881,"[굿모닝 마켓] 애플, 비용 절감 위해 中 창신·양쯔 칩 구매 추진",https://n.news.naver.com/mnews/article/374/0000519748?sid=101,2026-07-03,n.news.naver.com,Korean,South Korea,브렌트유,D5_시장지표,2026-07-03,,0,NONE,,
f386907292b27fd8b191a719d5715e0b,반도체 이틀째 조정…'업종 순환매' 다우 사상 최고치-[글로벌 마감 시...,https://n.news.naver.com/mnews/article/215/0001257441?sid=101,2026-07-03,n.news.naver.com,Korean,South Korea,브렌트유,D5_시장지표,2026-07-03,,0,NONE,,
58e8c8ddcde2c01585a1e1b034b571c9,미국증시 고용 둔화에도 혼조…반도체주·테슬라 약세,https://www.topstarnews.net/news/articleView.html?idxno=16121912,2026-07-03,www.topstarnews.net,Korean,South Korea,브렌트유,D5_시장지표,2026-07-03,,0,NONE,,
4ba6571434a6eb7789eb2a55c2d4fc31,"中, 트럭 3대 잇자 발사대로... 활주로 없이도 무인기 날린다",https://n.news.naver.com/mnews/article/023/0003985559?sid=104,2026-07-03,n.news.naver.com,Korean,South Korea,대만 해협,D1_초크포인트,2026-07-03,,0,NONE,,
ba527bbe30503db0ce6bddd710e0f806,중국공산당 창당 105주년 시진핑 연설의 전략적 함의와 한·중 협력의 방...,http://www.tongilnews.com/news/articleView.html?idxno=216891,2026-07-03,www.tongilnews.com,Korean,South Korea,대만 해협,D1_초크포인트,2026-07-03,,0,NONE,,
bf30c9cf670fbc704051811f68eb4189,"""대통령, 농업에 진심···현장이 체감하는 농정 만들겠다""",https://www.agrinet.co.kr/news/articleView.html?idxno=405435,2026-07-03,www.agrinet.co.kr,Korean,South Korea,한국 식량/식품,D9_한국,2026-07-03,,0,NONE,Agricultural policy,
30e8cb17d764bea114e6691f5b8b0302,"농진청, 우리 농산물 활용 양조기술 지원 확대",https://www.farmnmarket.com/news/article.html?no=26980,2026-07-03,www.farmnmarket.com,Korean,South Korea,한국 식량/식품,D9_한국,2026-07-03,,0,NONE,Agricultural technology,
b3314c98f79a9af21d3445541b63a040,식용곤충 생산단계 안전관리인증 시범사업 실시,https://www.aflnews.co.kr/news/articleView.html?idxno=323703,2026-07-03,www.aflnews.co.kr,Korean,South Korea,한국 식량/식품,D9_한국,2026-07-03,,0,NONE,Insect production,
ba88c46a66377e79de8753624381e52c,Will Swift and Kelce Match the Grandest Weddings of Them All?,https://www.nytimes.com/2026/07/03/style/lavish-celebrity-weddings-taylor-swift-travis-kelce.html?partner=naver,2026-07-03,www.nytimes.com,Korean,South Korea,HMM,D7_행위자,2026-07-03,,0,NONE,Celebrity wedding,
a704578260c69dbc92dfb3501e8a10f0,"[알립니다] AI가 바꾸는 제조의 미래 … 무역협회, 9일 포럼 개최",https://n.news.naver.com/mnews/article/009/0005702578?sid=102,2026-07-03,n.news.naver.com,Korean,South Korea,현대글로비스,D7_행위자,2026-07-03,,0,NONE,AI manufacturing,
f1559faa97fd9ef776d273a9428b6b4a,"현대건설 이산화탄소 액화·운송 인프라 기술 확보 나서, 탄소중립 경쟁...",https://www.businesspost.co.kr/BP?command=article_view&num=441543,2026-07-03,www.businesspost.co.kr,Korean,South Korea,현대글로비스,D7_행위자,2026-07-03,,0,NONE,Carbon capture tech,
c649b155cd815ede14aed723c90d33d5,"[건설오늘] 대우건설, 미국 주거개발 재진출 본격화 外 현대건설·DL이앤...",https://www.newscj.com/news/articleView.html?idxno=3414317,2026-07-03,www.newscj.com,Korean,South Korea,현대글로비스,D7_행위자,2026-07-03,,0,NONE,Construction projects,
122f24d09ef3aca7f6bcf2b5f4ae3463,[핫클릭] 홀로 지낸 남방큰돌고래 '안목이'…정부 구조 착수 外,https://n.news.naver.com/mnews/article/422/0000881134?sid=102,2026-07-03,n.news.naver.com,Korean,South Korea,파나마 운하,D1_초크포인트,2026-07-03,,0,NONE,Marine animal rescue,
8264cacaf00d0fb4ddfcf06d00239914,건국 250돌에 불꽃 85만발-해군 사열식… 美가치보다 ‘트럼프 쇼’,https://n.news.naver.com/mnews/article/020/0003731268?sid=104,2026-07-03,n.news.naver.com,Korean,South Korea,파나마 운하,D1_초크포인트,2026-07-03,,0,NONE,US independence event,
221fd7a978a0e606523818d93a4b90ee,"[겜츄라이] 워해머 40,000 PC·콘솔 게임, 어떤 것을 즐겨볼까?",https://www.gamechosun.co.kr/webzine/article/view.php?no=223193,2026-07-03,www.gamechosun.co.kr,Korean,South Korea,탱커,D4_운송,2026-07-03,,0,NONE,Video game release,
8a2117b5b7bd23244020a2c99c142a3d,"넷마블 '일곱 개의 대죄:그랜드 크로스', 웹툰 '나락도 락이다 - 가치아...",https://www.gamechosun.co.kr/webzine/article/view.php?no=223181,2026-07-03,www.gamechosun.co.kr,Korean,South Korea,탱커,D4_운송,2026-07-03,,0,NONE,Game webtoon content,
780d3ee68c43e613a0acf2b44c790b51,"영국군이 압수한 미 독립선언서 희귀본, 250년 만에 발견",https://n.news.naver.com/mnews/article/052/0002374455?sid=104,2026-07-03,n.news.naver.com,Korean,South Korea,나포,D6_교란행위,2026-07-03,,0,NONE,Historical document,
328a0f55ab449183110e3cfb95537827,"英 해군 압수 미 독립선언서 희귀본, 250년 만에 발견",https://n.news.naver.com/mnews/article/277/0005785359?sid=104,2026-07-03,n.news.naver.com,Korean,South Korea,나포,D6_교란행위,2026-07-03,,0,NONE,Historical document,
adcfa446b9313df006e45537b50189d1,"미 독립선언서 희귀본, 영국 해군 압수 250년 만에 발견",https://n.news.naver.com/mnews/article/374/0000519896?sid=104,2026-07-03,n.news.naver.com,Korean,South Korea,나포,D6_교란행위,2026-07-03,,0,NONE,Historical document,
63e325accfec5050a5cefccae1a9f0e3,"미사일 70발·드론 500대 동원…러, ‘키이우’ 대규모 공습",https://n.news.naver.com/mnews/article/449/0000351548?sid=104,2026-07-03,n.news.naver.com,Korean,South Korea,정유소,D3_인프라,2026-07-03,,0,NONE,Russia-Ukraine conflict,
360b3dec33767351cc1e0425e9cafa1b,"키이우 대공습에 30명 사망…""개전 이후 최악 공격""",https://n.news.naver.com/mnews/article/422/0000881246?sid=104,2026-07-03,n.news.naver.com,Korean,South Korea,정유소,D3_인프라,2026-07-03,,0,NONE,Russia-Ukraine conflict,
4410eb289d91659641621a57d2d1c6f3,"키이우 대공습에 27명 사망…""개전 이후 최악 공격""",https://n.news.naver.com/mnews/article/422/0000881178?sid=104,2026-07-03,n.news.naver.com,Korean,South Korea,정유소,D3_인프라,2026-07-03,,0,NONE,Ukraine conflict,
fb2c685d68eeca657ad36618fe933302,"中 전기차 4000만대, 움직이는 AI 인프라 되나",https://www.wolyo.co.kr/news/articleView.html?idxno=314497,2026-07-03,www.wolyo.co.kr,Korean,South Korea,석유저장,D3_인프라,2026-07-03,,0,NONE,China EV,
12b9adfd3b36adc74a2d388fcef8b5e4,"“인도·아세안 AI 고속도로 뚫는다”… MS 연합, 3600km 초대형 해저 케...",https://www.g-enews.com/view.php?ud=2026070219444112950c8c1c064d_1,2026-07-03,www.g-enews.com,Korean,South Korea,말라카 해협,D1_초크포인트,2026-07-03,,0,NONE,Submarine cable,
14f7cef3324ad48b7c977e16787525ce,"브릭스, 스위프트 우회 인프라 구축…XRP 최적 브릿지 자산 평가",https://www.g-enews.com/view.php?ud=202607031052302236e250e8e188_1,2026-07-03,www.g-enews.com,Korean,South Korea,페르시아만,D1_초크포인트,2026-07-03,,0,NONE,BRICS finance,
560344594eede7f73a7a7c270fa63bf0,"해양수산개발원, 방콕서 '2026 캡피쉬 여름 아카데미' 개최",https://n.news.naver.com/mnews/article/001/0016174870?sid=101,2026-07-03,n.news.naver.com,Korean,South Korea,해사안전,D6_교란행위,2026-07-03,,0,NONE,Academic conference,
f9eff74b247adc4ffd693b082f4e09f6,"KMI, 태국서 '캡피쉬 여름 아카데미' 개최…""해양수산 국제교육 강화""",https://www.gukjenews.com/news/articleView.html?idxno=3625593,2026-07-03,www.gukjenews.com,Korean,South Korea,해사안전,D6_교란행위,2026-07-03,,0,NONE,Academic conference,
96387ed4976aa98d0430270528593724,"14억 중국 인구 감소 대응해 '로봇 국가' 전환 가속, 한국도 정책적 대응...",https://www.businesspost.co.kr/BP?command=article_view&num=441519,2026-07-03,www.businesspost.co.kr,Korean,South Korea,화주서비스,D9_한국,2026-07-03,,0,NONE,China robotics policy,
0465ace0201018d796e907aa60ac5c4a,[딜 인사이드] '화이브오션' 구원투수…거래재개 분수령 | 삼영이엔씨②,https://n.news.naver.com/mnews/article/293/0000087158?sid=101,2026-07-03,n.news.naver.com,Korean,South Korea,벌크선,D4_운송,2026-07-03,,0,NONE,Corporate M&A deal,
7ddf6bf6f9f9102b868636705e30cf20,"캐나다 잠수함 사업, 한국 쪽으로…단독 수주 두고 '막판 조율'",https://www.ajunews.com/view/20260703193748583,2026-07-03,www.ajunews.com,Korean,South Korea,대체항로,D6_교란행위,2026-07-03,,0,NONE,Canadian submarine procurement,
cb447a1bdbff2130e70f54b13eb8e1e1,"호반그룹, 투자 '묘책'…본업보다 든든한 수익 효자",https://www.topdaily.kr/articles/110816,2026-07-03,www.topdaily.kr,Korean,South Korea,팬오션,D7_행위자,2026-07-03,,0,NONE,Real estate investment strategy,
