url,url_hash,title,seendate,domain,language,sourcecountry,query_keyword,query_group,collect_date
https://www.dailypolitical.com/2026/07/25/world-kinect-nysewkc-issues-earnings-results.html,bf799101b8314879da44ac05008ed865,World Kinect ( NYSE : WKC ) Issues Earnings Results,20260725T141500Z,dailypolitical.com,English,United States,bunker fuel,D2_품목,2026-07-25
https://www.newsnow.co.uk/h/Industry+Sectors/Agriculture/Fertilisers~Chemicals,0b70a2817708875bded4f215998bf5a3,Fertilisers / Chemicals news | Breaking News,20260725T081500Z,newsnow.co.uk,English,United Kingdom,fertilizer,D2_품목,2026-07-25
https://www.thereporterethiopia.com/52030/,e7d5221e5f45a0fab9366bc9a4fe6647,When Two Chokepoints Close : Ethiopia Reckoning With A Red Sea In Turmoil,20260725T113000Z,thereporterethiopia.com,English,Ethiopia,fertilizer,D2_품목,2026-07-25
https://www.thedailystar.net/news/bangladesh/news/gas-crisis-deepens-countrys-reliance-fertiliser-imports-4231716,b10f1da21629584742c32b91147c951e,Gas crisis deepens country reliance on fertiliser imports,20260725T053000Z,thedailystar.net,English,Bangladesh,fertilizer,D2_품목,2026-07-25
https://www.rfdtv.com/farm-bureau-examines-fertilizer-market-volatility-and-options-to-strengthen-supply-chain,3a8ec96fa5fee4df226641363edaa7a3,Farm Bureau Examines Fertilizer Market Volatility and Options to Strengthen Supply Chain,20260725T020000Z,rfdtv.com,English,United States,fertilizer,D2_품목,2026-07-25
https://ifdc.org/solutions/,89088906dc5ec0dddf1da1ea2116d94e,Solutions - IFDC,20260725T013000Z,ifdc.org,English,United States,fertilizer,D2_품목,2026-07-25
https://ifdc.org/about-us/timeline/,8facf3acfef06b686d809f04f05fe7b7,Our History,20260725T013000Z,ifdc.org,English,United States,fertilizer,D2_품목,2026-07-25
https://finance.yahoo.com/small-business/articles/replenish-nutrients-secures-15m-strategic-140000696.html,bcca993cf93852e7f91c2a16784caa4d,Replenish Nutrients secures $15M strategic investment for Alberta expansion,20260725T144500Z,finance.yahoo.com,English,United States,fertilizer,D2_품목,2026-07-25
https://www.themarketsdaily.com/2026/07/25/best-fertilizer-stocks-to-add-to-your-watchlist-july-22nd.html,85f7c10c8318e74f55fb1330286a509a,Best Fertilizer Stocks To Add to Your Watchlist – July 22nd,20260725T113000Z,themarketsdaily.com,English,United States,fertilizer,D2_품목,2026-07-25
https://www.philstar.com/opinion/2026/07/26/2544702/editorial-sona-wish-list,e50aa35a7bba3afd2bb2e1079d544acf,EDITORIAL - SONA wish list,20260725T171500Z,philstar.com,English,Philippines,fertilizer,D2_품목,2026-07-25
https://ifdc.org/solutions/our-approach/,26b5f503d1ccc8dd5883ecde0fcdaf07,Our Approach,20260725T013000Z,ifdc.org,English,United States,fertilizer,D2_품목,2026-07-25
https://www.thereporterethiopia.com/52019/,ce55a66fcedef63cb5e97cf50e0389d2,"Global Hunger Falls For Third Year , Africa Remains Hardest Hit : UN Report",20260725T113000Z,thereporterethiopia.com,English,Ethiopia,fertilizer,D2_품목,2026-07-25
https://ifdc.org/media-kit/,51ab0fdc4b145cb7eb297d99f1b2bee7,Media Kit - IFDC,20260725T013000Z,ifdc.org,English,United States,fertilizer,D2_품목,2026-07-25
https://www.zerohedge.com/military/not-giving-pentagon-15-trillion-greatest-threat-facing-us-hegseth-claims,9f6973b78f63622700b7d6bef0a7dfb7,"Not Giving The Pentagon $1 . 5 Trillion Is the  Greatest Threat  Facing The US , Hegseth Claims",20260725T021500Z,zerohedge.com,English,United States,fertilizer,D2_품목,2026-07-25
http://europe.chinadaily.com.cn/a/202607/25/WS6a640360a310986e2b46738e.html,139369465dc258f45dbe04cec97b4047,Race to save autumn grain harvest amid disaster risks,20260725T021500Z,europe.chinadaily.com.cn,English,China,fertilizer,D2_품목,2026-07-25
http://usa.chinadaily.com.cn/a/202607/25/WS6a640360a310986e2b46738e.html,6f8237656723fdbfef66ff0bc02a6536,Race to save autumn grain harvest amid disaster risks,20260725T013000Z,usa.chinadaily.com.cn,English,China,fertilizer,D2_품목,2026-07-25
https://ifdc.org/solutions/our-impact/,71752d01ec90a537852c4630a1153cdf,Our Impact - IFDC,20260725T013000Z,ifdc.org,English,United States,fertilizer,D2_품목,2026-07-25
https://ifdc.org/partnerships/,640d4da7257b3f628ec0f600aa4839ef,Partnerships,20260725T013000Z,ifdc.org,English,United States,fertilizer,D2_품목,2026-07-25
https://tribune.com.pk/story/2620167/pak-goods-to-face-10-us-tariff,2aa6da49eebf67933ef7e5c884797bf8,Pak goods to face 10 % US tariff,20260725T021500Z,tribune.com.pk,English,Pakistan,fertilizer,D2_품목,2026-07-25
https://www.americanthinker.com/articles/2026/07/a-face-in-the-crowd/,e38229e8ceb0c828adbf28c0b25402c8,A Face in the Crowd,20260725T113000Z,americanthinker.com,English,United States,fertilizer,D2_품목,2026-07-25
https://timesofindia.indiatimes.com/world/us/a-proposed-330-megawatt-ai-data-centre-in-california-promised-not-to-use-colorado-river-water-now-it-wants-260-million-gallons-a-year/articleshow/132625027.cms,2930aef739eb1029609cd962149e5894,A proposed 330 - megawatt AI data centre in California promised not to use Colorado River water . Now it wants 260 million gallons a year,20260725T123000Z,timesofindia.indiatimes.com,English,India,fertilizer,D2_품목,2026-07-25
https://www.stcatharinesstandard.ca/life/home-and-garden/forte-garden-column-world-chaos-garden-peace/article_b1075723-d81f-5f74-bedf-acc0b0464320.html,81ffe4debe7a4b3d52653a9951a9cdde,Finding peace in a chaotic world,20260725T123000Z,stcatharinesstandard.ca,English,Canada,fertilizer,D2_품목,2026-07-25
https://www.latimes.com/world-nation/story/2026-07-23/trump-imposes-double-digit-tariffs-on-dozens-of-countries,c9377340c30fdf0d7837b8e33193afe9,Trump imposes double - digit tariffs on dozens of countries,20260725T124500Z,latimes.com,English,United States,fertilizer,D2_품목,2026-07-25
https://www.timesrepublican.com/opinion/columnists/2026/07/futures-files-5/,e51a9fbdd517ccb1d89c2829ffcda22a,"FUTURES FILES | News , Sports , Jobs - Times Republican",20260725T081500Z,timesrepublican.com,English,United States,fertilizer,D2_품목,2026-07-25
https://www.hawaiitribune-herald.com/2026/07/25/features/tropical-gardening-bamboo-potential-high-thanks-to-quindembo-nursery/,793b7741bd35d6e866371998a37282a7,Tropical Gardening : Bamboo potential high thanks to Quindembo Nursery,20260725T123000Z,hawaiitribune-herald.com,English,United States,fertilizer,D2_품목,2026-07-25
https://www.wvgazettemail.com/life/good-2-grow-keep-those-baskets-hanging-and-healthy/article_fb82bad1-6079-45c7-be66-b1644961c973.html,eac66ad7e2f0a8e390ba0b67d7ef71d9,Good 2 Grow : Keep those baskets hanging and healthy,20260725T123000Z,wvgazettemail.com,English,United States,fertilizer,D2_품목,2026-07-25
https://www.manilatimes.net/2026/07/26/opinion/columns/we-need-renewables-evs-and-child-safety-online/2391485,254ebc1e01a3781eb0cfb2fce44e11ea,"We need renewables , EVs and child safety online",20260725T171500Z,manilatimes.net,English,Philippines,fertilizer,D2_품목,2026-07-25
https://herald-zeitung.com/life/gardening-calendar-for-august-2026/article_bb4bface-c019-4a96-84a2-2d5a39da2254.html,0dbef18b3ca0bb7bd674c1658b33aff5,Gardening calendar for August 2026,20260725T090000Z,herald-zeitung.com,English,United States,fertilizer,D2_품목,2026-07-25
https://www.hawaiitribune-herald.com/2026/07/25/nation-world-news/war-and-tariffs-threaten-a-resilient-us-economy-again/,29afbccd9345efadad5bcdee5226d7ba,War and tariffs threaten a resilient US economy again - Hawaii Tribune - Herald,20260725T123000Z,hawaiitribune-herald.com,English,United States,fertilizer,D2_품목,2026-07-25
https://www.agri-pulse.com/articles/25037-ag-groups-react-favorably-to-section-301-tariff-exemptions,f6b9e9abd037cee683cc64ed7a2ffddc,"Ag groups react favorably to Section 301 tariff exemptions | Agri - Pulse Communications , Inc . ",20260725T021500Z,agri-pulse.com,English,United States,fertilizer,D2_품목,2026-07-25
https://www.dailypolitical.com/2026/07/25/cvr-partners-nyseuan-share-price-passes-above-200-day-moving-average-should-you-sell.html,bf0f9aaa8606217d26751fe36b0447a6,CVR Partners ( NYSE : UAN ) Share Price Passes Above 200 - Day Moving Average – Should You Sell ? ,20260725T144500Z,dailypolitical.com,English,United States,fertilizer,D2_품목,2026-07-25
https://www.newsday.com/business/grocery-shopping-prices-food-affordability-x87180,28e182d24c6c51f5a1eff709fd801114,Americans rewire their grocery shopping routines while digesting the biggest price jump in 50 years,20260725T114500Z,newsday.com,English,United States,fertilizer,D2_품목,2026-07-25
http://www.thegazette.com/news/national/ap-news-in-brief-at-6-04-a-m-edt/article_8207b549-d9d3-5646-80e3-0dd2e08c8fb7.html,ad46a4e4776482511bbbe01e8a218bc1,AP News in Brief at 6 : 04 a . m . EDT,20260725T113000Z,thegazette.com,English,United States,fertilizer,D2_품목,2026-07-25
https://www.therecord.com/business/americans-rewire-their-grocery-shopping-routines-while-digesting-the-biggest-price-jump-in-50-years/article_523b9dc4-b846-5fa6-a90d-a397443fb0ef.html,6da6c62e2a18522431f5c5e7b5a833b8,Americans rewire their grocery shopping routines while digesting the biggest price jump in 50 years,20260725T144500Z,therecord.com,English,Canada,fertilizer,D2_품목,2026-07-25
https://www.bangordailynews.com/2026/07/25/nation/americans-rewire-their-grocery-shopping-routines-while-digesting-the-biggest-price-jump-in-50-years/,47984a1ad2bad6fb67c9ecf01584530a,Americans rewire their grocery shopping routines while digesting the biggest price jump in 50 years,20260725T110000Z,bangordailynews.com,English,United States,fertilizer,D2_품목,2026-07-25
https://www.gx94radio.com/2026/07/24/sharpes-crop-services-celebrates-50-years-with-family-focused-event/,67af3fd57983e7557a6cfcc5c013dba4,Sharpe Crop Services celebrates 50 years with family - focused event | GX94 Radio - Now That Country ! ,20260725T010000Z,gx94radio.com,English,Canada,fertilizer,D2_품목,2026-07-25
https://abcnews.com/US/wireStory/americans-rewire-grocery-shopping-routines-digesting-biggest-price-135077702,2991ed5d3e040f54ba1b9e38ea52ad45,Shoppers rewire grocery routines while digesting the biggest price jump in 50 years,20260725T130000Z,abcnews.com,English,United States,fertilizer,D2_품목,2026-07-25
https://www.smdailyjournal.com/business/americans-rewire-their-grocery-shopping-routines-while-digesting-the-biggest-price-jump-in-50-years/article_b692d6db-cf25-584b-9652-b094c392806d.html,7bf7de545cdcefbe9fc0318d7d8b18d4,Americans rewire their grocery shopping routines while digesting the biggest price jump in 50 years,20260725T113000Z,smdailyjournal.com,English,United States,fertilizer,D2_품목,2026-07-25
https://www.stcatharinesstandard.ca/business/americans-rewire-their-grocery-shopping-routines-while-digesting-the-biggest-price-jump-in-50-years/article_03f508bc-43cc-5499-96d0-c2bcc3e03e7c.html,d22949fd38d8790b08297b889f12264c,Americans rewire their grocery shopping routines while digesting the biggest price jump in 50 years,20260725T123000Z,stcatharinesstandard.ca,English,Canada,fertilizer,D2_품목,2026-07-25
https://ifdc.org/privacy-policy/,027cebf01f7195a0afee00c4a05306b0,Privacy Policy,20260725T013000Z,ifdc.org,English,United States,fertilizer,D2_품목,2026-07-25
https://www.yakimaherald.com/news/local/government/elections/candidates-for-congress-in-central-wa-share-plans-to-address-rising-costs-and-affordability/article_aff09dad-79b6-409b-be32-907327558860.html,043444c8a2e224729ea811c83be6466d,Candidates for Congress in Central WA share plans to address rising costs and affordability,20260725T180000Z,yakimaherald.com,English,United States,fertilizer,D2_품목,2026-07-25
http://www.rnanews.com/rwanda-agricultural-show-2026-stakeholders-urged-to-leverage-innovation-and-strategic-partnerships-for-agri-food-systems-transformation/,72378f76a80ad277bda51318e4d6fb4d,Rwanda Agricultural Show 2026 : Stakeholders urged to leverage innovation and strategic partnerships for agri - food systems transformation,20260725T151500Z,rnanews.com,English,Rwanda,fertilizer,D2_품목,2026-07-25
https://dailygalaxy.com/2026/07/titan-moon-resources-future-space-network/,c9e0bb247d48cdcfbb75ad1036a09143,"Scientists Found a Moon Packed With Fuel , Water , and Materials They Could Use to Build a Future Space Network",20260725T144500Z,dailygalaxy.com,English,United States,fertilizer,D2_품목,2026-07-25
"http://www.baxterbulletin.com/stories/and-the-readers-say-,154313",5db915faa12d6dc269ffc743b8a67eb1,And the readers say … | Baxter Bulletin,20260725T060000Z,baxterbulletin.com,English,United States,fertilizer,D2_품목,2026-07-25
https://www.wlj.net/stable-meat-prices-expected-this-summer/,c6f56d851cb71374e55502c96daa3409,Stable meat prices expected this summer,20260725T121500Z,wlj.net,English,United States,fertilizer,D2_품목,2026-07-25
https://www.mantecabulletin.com/news/local-news/the-big-q-for-naven-is-public-safety-job-one/,82d3199735f0343558916580c052b7d6,THE BIG  Q  FOR NAVEN : IS PUBLIC SAFETY JOB ONE ? - Manteca Bulletin,20260725T121500Z,mantecabulletin.com,English,United States,fertilizer,D2_품목,2026-07-25
https://www.timesrepublican.com/news/todays-news/2026/07/researchers-identify-thousands-more-iowa-livestock-facilities-than-state-database-shows/,150b55b42b2a94596acae1a313e3ed3a,"Researchers identify thousands more Iowa livestock facilities than state database shows | News , Sports , Jobs",20260725T081500Z,timesrepublican.com,English,United States,fertilizer,D2_품목,2026-07-25
https://www.superiortelegram.com/news/local/community-calendar-july-25-to-aug-7,3c3c6a6e07de4176f3595c6e615be12b,Community Calendar : July 25 to Aug . 7,20260725T154500Z,superiortelegram.com,English,United States,fertilizer,D2_품목,2026-07-25
https://www.riotimesonline.com/grains-soy-corn-latam-saturday-july-25-2026/,39ce0a4721ab6da6243ba3da17059b3b,Soybeans edge higher as wheat slides,20260725T081500Z,riotimesonline.com,English,Brazil,fertilizer,D2_품목,2026-07-25
https://www.mankatofreepress.com/news/state_national_news/americans-rewire-their-grocery-shopping-routines-while-digesting-the-biggest-price-jump-in-50-years/article_f652a01d-f27a-5da5-80fe-1cb80d13a2d3.html,30e985689e3d4041524a2693d770c94d,Americans rewire their grocery shopping routines while digesting the biggest price jump in 50 years,20260725T114500Z,mankatofreepress.com,English,United States,fertilizer,D2_품목,2026-07-25
https://taylorvilledailynews.com/local-news/srn-us-news/d8552f29bce9743b547de932e9505c14,a522059658efbbb0e83c7e08360b745a,SRN - US News - Taylorville Daily News,20260725T113000Z,taylorvilledailynews.com,English,United States,fertilizer,D2_품목,2026-07-25
"http://www.sitkasentinel.com/stories/americans-rewire-their-grocery-shopping-routines-while-digesting-the-biggest-price-jump-in-50-years,158859",519830ddb8f27cd7aa4d988704e60cb6,Americans rewire their grocery shopping routines while digesting the biggest price jump in 50 years,20260725T130000Z,sitkasentinel.com,English,United States,fertilizer,D2_품목,2026-07-25
http://www.thedailytimes.com/ap/business/americans-rewire-their-grocery-shopping-routines-while-digesting-the-biggest-price-jump-in-50-years/article_ca77f7b3-0f4c-5eb0-a802-7cc926e11748.html,c1eb653229fdfab105e5352e95ede86c,Americans rewire their grocery shopping routines while digesting the biggest price jump in 50 years,20260725T163000Z,thedailytimes.com,English,United States,fertilizer,D2_품목,2026-07-25
https://thestarphoenix.com/news/saskatchewan-news/traffic-restrictions-in-place-after-truck-carrying-grain-bin-hits-overpass/,a4d8e0e27658c3eaf05f46cb83c1d366,Traffic restrictions in place after truck with grain bin hits Saskatoon overpass,20260725T023000Z,thestarphoenix.com,English,Canada,grain,D2_품목,2026-07-25
https://www.themoscowtimes.com/2026/07/25/major-russian-black-sea-oil-terminal-halts-operations-amid-ukrainian-drone-threat-a93337,42b228f68e5ff89590398538ec214777,Major Russian Black Sea Oil Terminal Halts Operations Amid Ukrainian Drone Threat,20260725T081500Z,themoscowtimes.com,English,Russia,grain,D2_품목,2026-07-25
https://timesofindia.indiatimes.com/city/ahmedabad/receding-waters-uncover-flood-devastation-31-dead-in-gujarat/articleshow/132614181.cms,6bf9e11b3359853a53bff5697ef8304c,"Receding waters uncover flood devastation , 31 dead in Gujarat",20260725T021500Z,timesofindia.indiatimes.com,English,India,grain,D2_품목,2026-07-25
https://www.abc.net.au/news/rural/2026-07-25/syngenta-stops-sales-of-paraquat-after-apvma-review/106956466,cf5697a0d3d2142b486a9610dda7799d,Syngenta ends paraquat sales in Australia after new restrictions imposed on controversial weed killer,20260725T010000Z,abc.net.au,English,Australia,grain,D2_품목,2026-07-25
https://www.aol.co.uk/articles/jeremy-clarkson-admits-impossible-diddly-081100000.html,d570f95ea8ec7658089454466ec88938,Jeremy Clarkson admits  impossible  Diddly Squat Farm issue will get  even worse  ,20260725T083000Z,aol.co.uk,English,United Kingdom,grain,D2_품목,2026-07-25
https://www.kcci.com/article/two-tornadoes-confirmed-in-iowa-from-mondays-storms/73260935,2540e790e4a78bb8159055352602a7c5,Two tornadoes confirmed in Iowa from Monday storms,20260725T043000Z,kcci.com,English,United States,grain,D2_품목,2026-07-25
https://www.chch.com/chch-news/local-volunteer-group-refurbishes-historic-morningstar-mill-in-st-catharines/,cf53ce1d3501ccec60580e34209a31fc,Local volunteer group refurbishes historic Morningstar Mill in St . Catharines,20260725T050000Z,chch.com,English,Canada,grain,D2_품목,2026-07-25
https://www.prevention.com/food-nutrition/a73175654/potatoes-vs-corn-for-blood-sugar/,e210413932fde590b8011bc892f598d5,"Potatoes Vs . Corn for Blood Sugar , According to a Dietitian",20260725T150000Z,prevention.com,English,United States,grain,D2_품목,2026-07-25
https://www.kten.com/news/business/how-one-grayson-county-business-benefits-from-state-ag-aid/article_20e1b849-2507-4099-a098-da1fd70f85b4.html,5271139c576e088c811094a117d5de45,How one Grayson County business benefits from state ag aid,20260725T001500Z,kten.com,English,United States,grain,D2_품목,2026-07-25
https://www.superherohype.com/movies/681586-x-men-avengers-doomsday-death-toll-rumor-trailer,cedf82c4f22238098388ebc774eba65d,X - Men Massive Avengers : Doomsday Death Toll Rumor Gains More Support From MCU Trailer - Comic Book Movies and Superhero Movie News,20260725T010000Z,superherohype.com,English,United States,grain,D2_품목,2026-07-25
https://www.cjme.com/2026/07/24/51st-street-overpass-becomes-fifth-hit-in-saskatoon-this-year/,de7b99e1d6e178313ccf7d1500893a8b,VIDEO : 51st Street overpass becomes fifth hit in Saskatoon this year,20260725T013000Z,cjme.com,English,Canada,grain,D2_품목,2026-07-25
https://www.aol.co.uk/articles/inside-zara-mike-tindalls-trip-044200000.html,9ab5b462fef3b77aaa906fef56e2dc2a,Inside Zara and Mike Tindall trip theyve been planning for  ages  ,20260725T053000Z,aol.co.uk,English,United Kingdom,grain,D2_품목,2026-07-25
https://www.asiaone.com/lifestyle/new-mercedes-maybach-gls680-promises-refinements-design-comfort-technology-and-driving,3c3343e8535f037f8c6efba96a750350,"New Mercedes Maybach GLS680 promises refinements in design , comfort , technology and driving dynamics",20260725T143000Z,asiaone.com,English,Singapore,grain,D2_품목,2026-07-25
https://www.fool.com/investing/2026/07/25/should-you-forget-spacex-stock/?source=iedfolrf0000001,566ccf83dd9f6434ccd74c8619c0a061,Should You Forget SpaceX Stock ? | The Motley Fool,20260725T151500Z,fool.com,English,United States,grain,D2_품목,2026-07-25
https://www.windowscentral.com/gaming/rumors-of-a-world-of-warcraft-x-dungeon-and-dungeons-crossover-planned-to-be-announced-next-week-have-supposedly-leaked-and-been-quickly-removed,eb10ce842f18cd2657bf13d4d04518d9,Rumors of a World of Warcraft x Dungeon & Dungeons crossover planned to be announced next week have supposedly leaked and been quickly removed,20260725T004500Z,windowscentral.com,English,United States,grain,D2_품목,2026-07-25
https://www.theage.com.au/national/victoria/people-should-not-be-neglected-in-planning-developments-20260725-p60ihy.html,12b5a9a3562e0ff2c8f91f37ccfea522,People should not be neglected in planning developments,20260725T104500Z,theage.com.au,English,Australia,grain,D2_품목,2026-07-25
https://cdapress.com/news/2026/jul/25/idaho-grain-crops-fare-better-than-expected-following-harsh-winter/,83511936c40812c799011b1f849cf95c,Idaho grain crops fare better than expected following harsh winter,20260725T101500Z,cdapress.com,English,United States,grain,D2_품목,2026-07-25
https://www.swindonadvertiser.co.uk/news/26403206.swindon-studio-brings-new-life-cotswolds-tired-furniture/,823d5d9f09eba9e96f8cee9691581cce,Swindon studio brings new life to the Cotswold tired furniture,20260725T133000Z,swindonadvertiser.co.uk,English,United Kingdom,grain,D2_품목,2026-07-25
https://www.theguardian.com/environment/2026/jul/25/herbicide-parkinsons-disease-paraquat-pulled-from-sale-australia-syngenta,ce64cb762ee391dc45e6526e38c37fea,Herbicide banned in 70 countries to be pulled from sale in Australia by chemical maker,20260725T053000Z,theguardian.com,English,United Kingdom,grain,D2_품목,2026-07-25
https://www.fool.com/earnings/call-transcripts/2026/07/24/cni-cni-q2-2026-earnings-call-transcript/?source=iedfolrf0000001,2ea508b0bcc92535b84154a19b540d60,CNI ( CNI ) Q2 2026 Earnings Call Transcript,20260725T013000Z,fool.com,English,United States,grain,D2_품목,2026-07-25
https://island.lk/softlogic-life-insurance-acquires-controlling-stake-in-bangladesh-based-insurance-company/,0bed3c7d7d795b9d71ff267f3c91217a,Softlogic Life Insurance acquires controlling stake in Bangladesh - based insurance company,20260725T021500Z,island.lk,English,Sri Lanka,grain,D2_품목,2026-07-25
https://www.fool.com/investing/2026/07/25/what-greg-abel-might-do-berkshire-hathaway-cash/,71a88bdd5a1055ca42cae131490a3fc3,What Greg Abel Might Do With Berkshire Hathaway Massive Cash Pile,20260725T113000Z,fool.com,English,United States,grain,D2_품목,2026-07-25
https://www.fool.com/investing/2026/07/25/what-greg-abel-might-do-berkshire-hathaway-cash/?source=iedfolrf0000001,57300abeebfd5644d685f00b18532f89,What Greg Abel Might Do With Berkshire Hathaway Massive Cash Pile,20260725T151500Z,fool.com,English,United States,grain,D2_품목,2026-07-25
https://www.bucksfreepress.co.uk/news/26402671.buckinghamshire-planning-round-chesham-station-wycombe-house/,0f4b18bab29103f982209f5634812242,Buckinghamshire planning round up : Chesham Station and Wycombe house,20260725T084500Z,bucksfreepress.co.uk,English,United Kingdom,grain,D2_품목,2026-07-25
https://www.lancasterfarming.com/farming-news/news/20-year-old-dies-in-grain-bin/article_b3721bd7-9f97-4ebe-b482-8ca48ad3b8b7.html,141143a7b457d63442d82303ebff2130,20 - Year - Old Dies in Grain Bin,20260725T171500Z,lancasterfarming.com,English,United States,grain,D2_품목,2026-07-25
https://www.hindustantimes.com/lifestyle/art-culture/hues-in-the-kitchen-the-intriguing-role-that-colour-plays-in-food-101784984408170.html,9386c2c208819d34684293066d7d780a,Hue in the kitchen : The intriguing role that colour plays in food,20260725T144500Z,hindustantimes.com,English,India,grain,D2_품목,2026-07-25
https://www.kyivpost.com/post/81063,9330bb78a0ca8cf9dfe86602237da8df,EU Allows Member States to Sell Confiscated Russian Oil in 21st Sanctions Package,20260725T170000Z,kyivpost.com,English,Ukraine,grain,D2_품목,2026-07-25
https://www.makeuseof.com/6-shows-where-the-better-quality-version-is-actually-worse/,d97e176e432c9403ec06dfef1e6de2a0,6 shows where the  better quality  version is actually worse,20260725T174500Z,makeuseof.com,English,United States,grain,D2_품목,2026-07-25
https://www.newsbusters.org/blogs/nb/jeffrey-lord/2026/07/25/knives-are-out-vance-media-targeting-gop-2028-begins,07cfa8612265ce6896a50ae7002d46b5,The Media Targeting of GOP 2028 Begins,20260725T190000Z,newsbusters.org,English,United States,grain,D2_품목,2026-07-25
https://www.hindustantimes.com/india-news/another-indian-seafarer-killed-in-black-sea-strike-lpg-carrier-comes-under-fire-near-iran-101784941451279.html,409b89a47d9086d832dd31e46fc9cc1e,Another Indian seafarer killed in Black Sea strike ; LPG carrier comes under fire near Iran,20260725T021500Z,hindustantimes.com,English,India,grain,D2_품목,2026-07-25
https://www.queenslandcountrylife.com.au/story/9317360/central-queensland-carcase-classic-sees-historic-win-by-producer/,addcb72a35ccfced7d68a3882151127d,Central Queensland Carcase Classic sees historic win by producer | Queensland Country Life,20260725T034500Z,queenslandcountrylife.com.au,English,Australia,grain,D2_품목,2026-07-25
https://www.northqueenslandregister.com.au/story/9317360/central-queensland-carcase-classic-sees-historic-win-by-producer/,2ecd78f0e9d0a6d4bebabe5c84c4b78d,Central Queensland Carcase Classic sees historic win by producer | North Queensland Register,20260725T054500Z,northqueenslandregister.com.au,English,Australia,grain,D2_품목,2026-07-25
http://www.crescent-news.com/news/local_farm/many-attend-butterflies-blooms-5k-run-and-other-family-oriented-activities/article_ac498a82-fb8c-4c48-8929-f172aa297c71.html,8d395c059c6583767f178361b1dcae27,Many attend Butterflies & Blooms 5K run and other family - oriented activities,20260725T034500Z,crescent-news.com,English,United States,grain,D2_품목,2026-07-25
https://www.gratefulweb.com/articles/ben-vaughn-and-deer-tick-announce-collaborative-album-magnetic-east-the-deer-tick-sessions/,c098dad6e70c608c112b43514e8f5b9d,Ben Vaughn and Deer Tick Announce Collaborative Album Magnetic East : The Deer Tick Sessions,20260725T171500Z,gratefulweb.com,English,United States,grain,D2_품목,2026-07-25
https://foreignpolicy.com/2026/07/24/andy-burnham-britain-manchester-economics/,b445011e1b9b3866fcfd064740d1707a,The Economic Philosophy of Britain Andy Burnham,20260725T010000Z,foreignpolicy.com,English,United States,grain,D2_품목,2026-07-25
https://www.cambridge-news.co.uk/news/health/sainsburys-confirms-new-food-rule-34349641,ac297ba8860cdc60347f066217f90fe3,Sainsbury confirms new food rule  now in force  in July across 600 stores,20260725T110000Z,cambridge-news.co.uk,English,United Kingdom,grain,D2_품목,2026-07-25
https://www.aol.com/articles/ate-grapes-every-day-week-133649000.html,b109da53b5ddb87170b90fdadd639ab4,I Ate Grapes Every Day for a Week . Here Are the Benefits I Didnt Expect . ,20260725T133000Z,aol.com,English,United States,grain,D2_품목,2026-07-25
https://www.cnn.com/2026/07/24/health/maxxing-health-wellness,330b832462e99e78495e8d49a6ce2a7a,Are the healthiest people really  maxxing ? Experts weigh in,20260725T150000Z,cnn.com,English,United States,grain,D2_품목,2026-07-25
https://www.dailypolitical.com/2026/07/25/agriculture-stocks-worth-watching-july-22nd.html,c5df467c8d0202a312424442969a22b7,Agriculture Stocks Worth Watching – July 22nd,20260725T123000Z,dailypolitical.com,English,United States,grain,D2_품목,2026-07-25
https://www.digitaltrends.com/phones/back-to-school-phone-shopping-on-a-tight-budget-heres-the-one-phone-id-recommend-without-hesitation/,62b5ade821d9e23f5e5d9dc4b6546234,Back - to - school phone shopping on a tight budget ? Here the one phone Id recommend without hesitation,20260725T171500Z,digitaltrends.com,English,United States,grain,D2_품목,2026-07-25
https://saharareporters.com/2026/07/24/repentant-bandits-arrested-after-hajj-released-katsina-after-police-interrogation,8f33ae2e326644018fafec5a4b7e3b15,  Repentant  Bandits Arrested After Hajj Released In Katsina After Police Interrogation,20260725T091500Z,saharareporters.com,English,Nigeria,grain,D2_품목,2026-07-25
https://www.guitarworld.com/gear/acoustic-guitars/cort-gold-a-10-cocobolo-review,d04a356ffed24a1fe277c6a43bc2b848,  A step towards the upper echelon of acoustic guitar lutherie at a very reasonable price : Cort Gold - A10 Cocobolo review,20260725T150000Z,guitarworld.com,English,United States,grain,D2_품목,2026-07-25
https://indianexpress.com/article/upsc-current-affairs/upsc-essentials/upsc-weekly-current-affairs-quiz-july-19-july-25-prelims-2027-10803574/,1fc7606c94f3375701d38cda3fd6140e,UPSC Weekly Current Affairs Quiz ( July 19 – July 25 ) ,20260725T163000Z,indianexpress.com,English,India,grain,D2_품목,2026-07-25
https://www.cnn.com/2026/07/25/style/emmett-till-photography-mocp,2876c8a0020dffaaf6d39943a52db994,"If Emmett Till had lived , what might he have seen ? ",20260725T123000Z,cnn.com,English,United States,grain,D2_품목,2026-07-25
https://kvia.com/entertainment/cnn-style/2026/07/25/if-emmett-till-had-lived-what-might-he-have-seen/,1e1760d7d72e2a0cbc9990ca46a151dd,"If Emmett Till had lived , what might he have seen ? ",20260725T171500Z,kvia.com,English,United States,grain,D2_품목,2026-07-25
https://jcpost.com/posts/a2f0aafd-e1ed-41b9-9122-90bfb39283a8,d197a1d755e3bbce231f5b927e4371c7,High equipment costs weigh on farmers despite tariff changes,20260725T154500Z,jcpost.com,English,United States,grain,D2_품목,2026-07-25
https://littleapplepost.com/posts/a2f0aafd-e1ed-41b9-9122-90bfb39283a8,620d55c652e3d754e52b3f2a4c8ab85f,High equipment costs weigh on farmers despite tariff changes,20260725T154500Z,littleapplepost.com,English,United States,grain,D2_품목,2026-07-25
https://aninews.in/news/business/et-industry-leaders-north-2026-celebrating-innovators-powering-indias-growth-story20260725184758/,70ddff20b3c9b7697a29a02ca2df45df,ET Industry Leaders North 2026 - Celebrating Innovators Powering India Growth Story,20260725T150000Z,aninews.in,English,India,grain,D2_품목,2026-07-25
https://krdo.com/entertainment/cnn-style/2026/07/25/if-emmett-till-had-lived-what-might-he-have-seen/,6e8fb1968f7e8f97e5ad21bda203c314,"If Emmett Till had lived , what might he have seen ? ",20260725T153000Z,krdo.com,English,United States,grain,D2_품목,2026-07-25
http://science20.com/hank_campbell/vegetarians_are_even_more_okay_with_eating_insects_than_omnivores_are-236411,543ba31b7fc91f3c099f82afd1d9512e,Vegetarians Are Even More Okay With Eating Insects Than Omnivores Are,20260725T001500Z,science20.com,English,United States,grain,D2_품목,2026-07-25
https://www.themarketsdaily.com/2026/07/25/pacific-basin-shipping-limited-otcmktspcfbf-sees-large-growth-in-short-interest.html,260ffdf823e75259969bce23d25262f2,Pacific Basin Shipping Limited ( OTCMKTS : PCFBF ) Sees Large Growth in Short Interest,20260725T123000Z,themarketsdaily.com,English,United States,grain,D2_품목,2026-07-25
"http://sedaliademocrat.com/stories/beard-earns-bronze-at-jaguar-slam,53569",8812b098ad8c90b615cd0f9772820a71,Beard earns bronze at Jaguar Slam | Sedalia Democrat,20260725T001500Z,sedaliademocrat.com,English,United States,grain,D2_품목,2026-07-25
https://www.tomshardware.com/monitors/gaming-monitors/aoc-u32g4-32-inch-4k-dual-refresh-gaming-monitor-review,74e6d53da71a6e3de7ae1637d09e73c2,AOC U32G4 32 - inch 4K Dual - Refresh gaming monitor review : Solid performance and value,20260725T150000Z,tomshardware.com,English,United States,grain,D2_품목,2026-07-25
https://www.rfdtv.com/usda-looks-to-expand-ag-exports-through-strategic-port-investments,07c11a9801ddb839d8cfcfba98aae52d,USDA Looks to Expand Ag Exports Through Strategic Port Investments,20260725T020000Z,rfdtv.com,English,United States,grain,D2_품목,2026-07-25
https://www.tickerreport.com/banking-finance/13515744/farmmi-inc-nasdaqfami-short-interest-update-2.html,64910c2b25604827491bb2e9e3b69503,"Farmmi , Inc . ( NASDAQ : FAMI ) Short Interest Update",20260725T181500Z,tickerreport.com,English,United States,grain,D2_품목,2026-07-25
https://www.dailypolitical.com/2026/07/25/farmmi-inc-nasdaqfami-short-interest-update.html,ccf4d6167d3666e0c3f6c218d37a1519,"Farmmi , Inc . ( NASDAQ : FAMI ) Short Interest Update",20260725T181500Z,dailypolitical.com,English,United States,grain,D2_품목,2026-07-25
https://www.pcmag.com/opinions/i-picked-up-the-camera-that-made-me-a-photographer-20-years-later-heres,c53ebfe0d660e515330b62814ce943c2,I Picked Up the Camera That Made Me a Photographer 20 Years Later . Here What I Learned,20260725T110000Z,pcmag.com,English,United States,grain,D2_품목,2026-07-25
https://ksfa860.com/ixp/152/p/perseid-meteor-shower-peak-viewing/,bc1861c37ffce65ca2e38119ce8fe198,How to Watch the 2026 Perseid Meteor Shower in Texarkana,20260725T004500Z,ksfa860.com,English,United States,grain,D2_품목,2026-07-25
https://kesq.com/entertainment/cnn-style/2026/07/25/if-emmett-till-had-lived-what-might-he-have-seen/,0e58737b67c67b22f3087868976cc3ae,"If Emmett Till had lived , what might he have seen ? ",20260725T153000Z,kesq.com,English,United States,grain,D2_품목,2026-07-25
https://www.brownwoodnews.com/2026/07/25/luke-clayton-summer-doldrums/,884a82de4d7247b67d6fda468b896688,LUKE CLAYTON : Summer Doldrums ! ,20260725T121500Z,brownwoodnews.com,English,United States,grain,D2_품목,2026-07-25
https://www.northumberlandnews.com/news/cooking-rice-arsenic-levels/article_20e228c9-210f-5a34-92d0-1857c3439630.html,6446a874d6bed8e4caa6da2a7861c4b4,How the way you cook your rice can cut arsenic levels,20260725T123000Z,northumberlandnews.com,English,Canada,grain,D2_품목,2026-07-25
https://www.guelphmercury.com/news/cooking-rice-arsenic-levels/article_e4481295-f4fc-5b15-9a38-1ccc822a38f4.html,74305e548f731daf1e70ea65034faae9,How the way you cook your rice can cut arsenic levels,20260725T121500Z,guelphmercury.com,English,Canada,grain,D2_품목,2026-07-25
https://www.muskokaregion.com/news/cooking-rice-arsenic-levels/article_d4241a47-a913-5b72-88a3-eb4f12c00195.html,e8770241853089e67567c88d137063e0,How the way you cook your rice can cut arsenic levels,20260725T150000Z,muskokaregion.com,English,Canada,grain,D2_품목,2026-07-25
https://www.cambridgetimes.ca/news/cooking-rice-arsenic-levels/article_61ec0f79-bb6e-5f00-b3f3-c923f07609cd.html,30152429850585b15b0da8089a160e91,How the way you cook your rice can cut arsenic levels,20260725T140000Z,cambridgetimes.ca,English,Canada,grain,D2_품목,2026-07-25
https://greatbendpost.com/posts/5d0a9528-5422-4656-8eee-f245eb2c860c,02e0599dd8b4eaedaabde748e2666748,Kansas Wheat to host free Wheat Rx programs in Hays and Wichita,20260725T013000Z,greatbendpost.com,English,United States,grain,D2_품목,2026-07-25
https://yanksgoyard.com/george-lombard-jr-luis-arraez-rumors-foreshadow-massive-yankees-trade-deadline,a0405e43a17d864a2657158b5fc299fe,"George Lombard Jr ., Luis Arráez rumors foreshadow massive Yankee trade deadline",20260725T010000Z,yanksgoyard.com,English,United States,grain,D2_품목,2026-07-25
https://www.tsln.com/news/karen-schwaller-seeking-the-bolt-2/,bfc89a178b9ead3140ad2df16b5ce4f3,Karen Schwaller : Seeking the bolt,20260725T040000Z,tsln.com,English,United States,grain,D2_품목,2026-07-25
https://www.manitobacooperator.ca/news-opinion/news/manitoba-farm-groups-welcome-agristability-flood-aid-changes-2026/,0d0c48feefa2ffc0cc57765b78c45000,Manitoba farm groups embrace AgriStability flood aid tune up,20260725T040000Z,manitobacooperator.ca,English,Canada,grain,D2_품목,2026-07-25
https://lestimes.com/?p=91080,6f176f803ff1f27028bcac850d526db6,"Job creation , agriculture top pre - budget priorities",20260725T151500Z,lestimes.com,English,Lesotho,grain,D2_품목,2026-07-25
https://www.wgnsradio.com/article/100352/op-ed-school-lunches-in-tennessee,70acf49faf0f7fc8023ec3206ba6e88d,Op - Ed : School Lunches in Tennessee,20260725T153000Z,wgnsradio.com,English,United States,grain,D2_품목,2026-07-25
https://www.ksal.com/new-kansas-wheat-perfect-for-pasta/,c12cf1d2c7ed2b4f1745dff2a8e53df2,New Kansas Wheat Perfect For Pasta,20260725T143000Z,ksal.com,English,United States,grain,D2_품목,2026-07-25
https://dailytrust.com/in-niger-bandits-give-farmers-condition/,0d46be59d959dc31f7d23a29d5a98500,"In Niger , bandits give farmers condition",20260725T113000Z,dailytrust.com,English,Niger,grain,D2_품목,2026-07-25
https://www.hometownregister.com/news/national/17-pool-snacks-that-got-a-rare-compliment-out-of-your-mother-in-law/article_0f9e1831-246e-557a-b37b-68d3293307f9.html,b3f2258357aa07afac8e47f2afc79bfd,17 pool snacks that got a rare compliment out of your Mother - in - law,20260725T141500Z,hometownregister.com,English,,grain,D2_품목,2026-07-25
https://www.elpasoinc.com/news/national/17-pool-snacks-that-got-a-rare-compliment-out-of-your-mother-in-law/article_4d4def03-453a-528a-b6d6-39ebd1c7a7e2.html,09544f65e4948a00472b26020da1e985,17 pool snacks that got a rare compliment out of your Mother - in - law,20260725T153000Z,elpasoinc.com,English,United States,grain,D2_품목,2026-07-25
https://keyt.com/lifestyle/entertainment/cnn-style/2026/07/25/if-emmett-till-had-lived-what-might-he-have-seen/,cefcf55204407c0eb658eb011dc27e61,"If Emmett Till had lived , what might he have seen ? ",20260725T154500Z,keyt.com,English,United States,grain,D2_품목,2026-07-25
https://www.sanfordherald.com/news/national/17-pool-snacks-that-got-a-rare-compliment-out-of-your-mother-in-law/article_f0079601-6063-55a9-9622-7bc6dc6a0c02.html,2da070c8c1e7a5ca51467044c26afc1e,17 pool snacks that got a rare compliment out of your Mother - in - law,20260725T171500Z,sanfordherald.com,English,United States,grain,D2_품목,2026-07-25
https://www.unitaid.eu/photo-2pac-final-glimpse-music-30mm.html,8bf7490a8695687796ee38ff8a4396d0,The Mystery And Legacy Behind The Last Photo Of 2pac : A Final Glimpse Into Music History,20260725T144500Z,unitaid.eu,English,,grain,D2_품목,2026-07-25
http://www.southernminn.com/around_the_web/community/17-pool-snacks-that-got-a-rare-compliment-out-of-your-mother-in-law/article_6cd9b89d-5347-59ba-85d7-5f1f15210194.html,0a40f0a018042d6321c03c19053e2c6a,17 pool snacks that got a rare compliment out of your Mother - in - law,20260725T153000Z,southernminn.com,English,United States,grain,D2_품목,2026-07-25
http://www.indiagazette.com/news/279209502/et-industry-leaders-north-2026-celebrating-innovators-powering-india-growth-story,7f6bf4f5db7d974f979c41e0bd527498,ET Industry Leaders North 2026 - Celebrating Innovators Powering India Growth Story,20260725T174500Z,indiagazette.com,English,India,grain,D2_품목,2026-07-25
http://science20.com/scott_beers/asthma_and_alcohol_consumption-247371,e2b2e55cc078a99b80cd27c64be87495,Asthma And Alcohol Consumption,20260725T001500Z,science20.com,English,United States,grain,D2_품목,2026-07-25
https://www.geneamusings.com/search?updated-max=2026-07-24T11:44:00-07:00&max-results=10,4b9f66a2f77ceea53daa3fa8b79b1a0a,Genea - Musings,20260725T184500Z,geneamusings.com,English,United States,grain,D2_품목,2026-07-25
https://links.org.au/frustration-and-anger-syrias-streets,5e9e372f726b824529fd020546fcac6a,Frustration and anger on Syria streets,20260725T043000Z,links.org.au,English,Australia,grain,D2_품목,2026-07-25
https://links.org.au/who-inherits-gen-z-uprisings,a73a7382c9ab939aa8ef63a410a8c82d,Who inherits the Gen Z uprisings ? ,20260725T093000Z,links.org.au,English,Australia,grain,D2_품목,2026-07-25
https://www.freemalaysiatoday.com/category/nation/2026/07/25/govt-earmarks-rm5mil-to-spur-bumiputra-participation-in-chipmaking,1dbf96d3fbd8e2ff8427e19e3396b026,Govt earmarks RM5mil to spur Bumiputera participation in chipmaking,20260725T113000Z,freemalaysiatoday.com,English,Malaysia,semiconductor,D2_품목,2026-07-25
https://finance.yahoo.com/markets/stocks/articles/expect-applied-materials-next-quarterly-174405444.html,887dab39b73771ee1c34262dbfce74f8,What to Expect From Applied Material Next Quarterly Earnings Report,20260725T004500Z,finance.yahoo.com,English,United States,semiconductor,D2_품목,2026-07-25
https://www.sammobile.com/news/samsung-gets-200-billion-to-make-chips-for-broadcom/,a2ab2dcd18342b3a70ab46529d398cca,Samsung gets $200 billion to make chips for Broadcom,20260725T170000Z,sammobile.com,English,South Korea,semiconductor,D2_품목,2026-07-25
https://www.proactiveinvestors.com/companies/news/1096028/trust-stamp-joins-eu-semiconductor-initiative-to-advance-digital-identity-1096028.html,ce5583636cb3671567444ed51f0ba2ad,Trust Stamp joins EU semiconductor initiative to advance digital identity,20260725T170000Z,proactiveinvestors.com,English,United States,semiconductor,D2_품목,2026-07-25
https://www.proactiveinvestors.co.uk/companies/news/1096028/trust-stamp-joins-eu-semiconductor-initiative-to-advance-digital-identity-1096028.html,b4d7e6f3dd4d3d50b909a0c03d27fd6b,Trust Stamp joins EU semiconductor initiative to advance digital identity,20260725T163000Z,proactiveinvestors.co.uk,English,United Kingdom,semiconductor,D2_품목,2026-07-25
https://finance.yahoo.com/markets/stocks/articles/got-100-1-artificial-intelligence-173100111.html,15d513088b991f3cd3ee6f35758dfdf0,Got $100 ? 1 Artificial Intelligence ( AI ) Memory ETF to Buy Right Now . ,20260725T180000Z,finance.yahoo.com,English,United States,semiconductor,D2_품목,2026-07-25
https://news.webindia123.com/news/Articles/Business/20260725/4479109.html,a84b29f54b8d4e4c1ff6acbd0add2ce0,"Samsung , Broadcom expand AI semiconductor partnership ; collaboration estimated at over $200 bn through 2030",20260725T114500Z,news.webindia123.com,English,India,semiconductor,D2_품목,2026-07-25
https://aninews.in/news/business/samsung-broadcom-expand-ai-semiconductor-partnership-collaboration-estimated-at-over-200-bn-through-203020260725160048/,8c48f38840e2ff9cc7463f7e2ba9aa20,"Samsung , Broadcom expand AI semiconductor partnership ; collaboration estimated at over $200 bn through 2030",20260725T113000Z,aninews.in,English,India,semiconductor,D2_품목,2026-07-25
https://www.wamc.org/news/2026-07-24/uvm-opens-new-facility-for-commercial-development-of-advanced-semiconductors,456c994aed33025fa6cc58c43155cb4d,UVM opens new facility for commercial development of advanced semiconductors,20260725T040000Z,wamc.org,English,United States,semiconductor,D2_품목,2026-07-25
https://finance.yahoo.com/technology/ai/articles/intel-rises-strong-forecasts-signal-103424987.html,6b401c27ab6b53ab9edf505d8310da26,Intel rises as strong forecasts signal AI boost for turnaround,20260725T120000Z,finance.yahoo.com,English,United States,semiconductor,D2_품목,2026-07-25
https://www.bssnews.net/news/408889,8a9dc8613d7005d0477d0afa3108f128,"Govt to build trilateral ecosystem linking universities , industries , expatriates : Mahdi",20260725T153000Z,bssnews.net,English,Bangladesh,semiconductor,D2_품목,2026-07-25
https://www.naturalnews.com/2026-07-25-china-mulls-tighter-controls-ai-models-chips.html,d955fc70ae1c4526133a63915bf4600b,Financial Times : China Mulls Tighter Export Controls on AI Models and Chips – NaturalNews . com,20260725T161500Z,naturalnews.com,English,United States,semiconductor,D2_품목,2026-07-25
https://finance.yahoo.com/technology/ai/articles/alphabets-projected-205-billion-capex-080300011.html,75f2a5ad18774d03f4f501bbde79030c,Alphabet Projected $205 Billion Capex Can Lift These 3 AI Stocks,20260725T084500Z,finance.yahoo.com,English,United States,semiconductor,D2_품목,2026-07-25
https://aninews.in/news/business/nvidia-sk-group-announce-ai-semiconductor-partnership-worth-over-500-billion20260725154236/,a1bd98eb63d31337ed9db166e0ba2748,"NVIDIA , SK Group announce AI , semiconductor partnership worth over $500 billion",20260725T113000Z,aninews.in,English,India,semiconductor,D2_품목,2026-07-25
https://www.fool.com/coverage/stock-market-today/2026/07/24/stock-market-today-july-24-intel-reverses-gains-on-foundry-and-ai-spending-concerns/?source=iedfolrf0000001,658b1c990c7416236b33816f404cd5a7,"Stock Market Today , July 24 : Intel Reverses Gains on Foundry and AI Spending Concerns",20260725T013000Z,fool.com,English,United States,semiconductor,D2_품목,2026-07-25
https://www.prokerala.com/news/articles/a1792270.html,2dabfe32e9793cb605a9fb34e37422ba,MosChip Technologies Q1 net profit plunges nearly 78 pc in FY27,20260725T084500Z,prokerala.com,English,India,semiconductor,D2_품목,2026-07-25
https://www.sandiegouniontribune.com/2026/07/24/qualcomm-powers-samsungs-new-devices-price-increases-follow/,b22beea81c5c45a167ca1cf9d9e9521d,"Qualcomm powers Samsung new devices , price increases follow – San Diego Union - Tribune",20260725T001500Z,sandiegouniontribune.com,English,United States,semiconductor,D2_품목,2026-07-25
http://www.econotimes.com/Intel-Stock-Slips-After-Earnings-Rally-Despite-Strong-AI-Driven-Revenue-Growth-1747714,5a95a53ca2474f24442a7681ae8ea422,Intel Stock Slips After Earnings Rally Despite Strong AI - Driven Revenue Growth,20260725T013000Z,econotimes.com,English,United States,semiconductor,D2_품목,2026-07-25
http://www.econotimes.com/Wall-Street-Ends-Mixed-as-Fed-Decision-Earnings-and-Tariffs-Keep-Investors-on-Edge-1747712,ee00125a2b7439e7b28ddb20e0f53c5f,"Wall Street Ends Mixed as Fed Decision , Earnings and Tariffs Keep Investors on Edge",20260725T013000Z,econotimes.com,English,United States,semiconductor,D2_품목,2026-07-25
https://en.shafaqna.com/466258/samsung-broadcom-join-forces-to-lead-ai-chip-market/,536ae99ff264f4405d206a9bc540f113,"Samsung , Broadcom join forces to lead AI chip market – Shafaqna English | International Shia News & Fatwas",20260725T180000Z,en.shafaqna.com,English,Saudi Arabia,semiconductor,D2_품목,2026-07-25
https://en.shafaqna.com/466261/south-koreas-huge-investment-in-ai-projects/,b47c93bceec678c2fcc892d894c68b2b,South Korea huge investment in AI projects – Shafaqna English | International Shia News & Fatwas,20260725T180000Z,en.shafaqna.com,English,Saudi Arabia,semiconductor,D2_품목,2026-07-25
https://wccftech.com/samsung-foundry-2nm-advantage-tsmc-chip-deals-worth-billions/,b6ad5c4b3acc56bf63dbbf1a4d064a4b,"Samsung Advantage Over TSMC As A Foundry Rival Expands Beyond The 2nm Process , Helping It Ink Multi - Billion - Dollar Agreements ; Has Potential To Outgrow Its Competitor",20260725T174500Z,wccftech.com,English,United States,semiconductor,D2_품목,2026-07-25
https://www.fool.com/investing/2026/07/25/alphabets-projected-205-billion-capex-can-lift-the/?source=iedfolrf0000001,e5b00e381d26bbba2bb39c6bada28529,Alphabet Projected $205 Billion Capex Can Lift These 3 AI Stocks,20260725T091500Z,fool.com,English,United States,semiconductor,D2_품목,2026-07-25
https://www.insidermonkey.com/blog/microns-ai-repricing-is-real-but-the-market-still-isnt-sure-it-can-last-1803858/,334521586bdd2186d6507707f4579d97,Micron AI Repricing Is Real But the Market Still Isnt Sure It Can Last,20260725T130000Z,insidermonkey.com,English,United States,semiconductor,D2_품목,2026-07-25
https://www.freemalaysiatoday.com/category/nation/2026/07/25/pn-adopts-bn-manifesto-for-negeri-sembilan-polls-adds-14-pledges,dab19e14c2258547ebc1e2505bcbe43f,"PN adopts BN manifesto for Negeri Sembilan polls , adds 14 pledges",20260725T153000Z,freemalaysiatoday.com,English,Malaysia,semiconductor,D2_품목,2026-07-25
https://www.tickerreport.com/banking-finance/13515534/taiwan-semiconductor-manufacturing-company-ltd-tsm-stake-lessened-by-cumberland-partners-ltd.html,f4c526476af7054d2beb747a6cf8cb32,Taiwan Semiconductor Manufacturing Company Ltd . $TSM Stake Lessened by Cumberland Partners Ltd,20260725T114500Z,tickerreport.com,English,United States,semiconductor,D2_품목,2026-07-25
https://www.moneycontrol.com/news/business/bengaluru-india-nano-2026-to-spotlight-ai-semiconductors-and-nanotech-commercialisation-from-august-3-5-13983428.html,05c1111c54328b77843107768aab23fc,"Bengaluru India Nano 2026 to spotlight AI , semiconductors and nanotech commercialisation from August 3 - 5",20260725T113000Z,moneycontrol.com,English,India,semiconductor,D2_품목,2026-07-25
https://www.fool.com/investing/2026/07/24/missed-out-on-nvidias-historic-run-these-2-tech-wi/?source=iedfolrf0000001,f329990ec545439a4593fd8fb51e73d8,Missed Out on Nvidia Historic Run ? These 2 Tech Winners Are Just Getting Started . ,20260725T013000Z,fool.com,English,United States,semiconductor,D2_품목,2026-07-25
https://www.asiaone.com/asia/south-korea-president-lee-jae-myung-hosts-us-tech-summit-calls-new-ai-era,9d652e8f17450b63b159989e8359a39f,"South Korea President Lee hosts US tech summit , calls for new AI era",20260725T043000Z,asiaone.com,English,Singapore,semiconductor,D2_품목,2026-07-25
https://www.asiaone.com:443/asia/south-korea-president-lee-jae-myung-hosts-us-tech-summit-calls-new-ai-era,c827d77f29d43aecc6d9d79047b4e172,"South Korea President Lee hosts US tech summit , calls for new AI era",20260725T050000Z,asiaone.com,English,Singapore,semiconductor,D2_품목,2026-07-25
https://aninews.in/news/business/after-s-korean-presidents-us-visit-tech-giants-to-pursue-950-billion-semiconductor-and-ai-partnerships20260725132004/,61da915b71e4deaba35405a4cd08896d,"After S Korean President US visit , tech giants to pursue $950 billion semiconductor and AI partnerships",20260725T081500Z,aninews.in,English,India,semiconductor,D2_품목,2026-07-25
https://timesofindia.indiatimes.com/technology/tech-news/qualcomm-sends-letter-to-customers-on-price-increase-cannot-absorb-rising-costs/articleshow/132627928.cms,e404c06922287e86bb1258be3d4d743d,Qualcomm sends letter to customers on price increase :  Cannot absorb rising costs  ,20260725T144500Z,timesofindia.indiatimes.com,English,India,semiconductor,D2_품목,2026-07-25
https://finance.yahoo.com/markets/stocks/articles/nordson-quarterly-earnings-preview-know-110016993.html,08ac196e2615448476557fbf8135a606,Nordson Quarterly Earnings Preview : What You Need to Know,20260725T124500Z,finance.yahoo.com,English,United States,semiconductor,D2_품목,2026-07-25
https://www.thestar.com.my/tech/tech-news/2026/07/25/samsung-elec-wins-200-billion-broadcom-ai-chip-partnership-boosting-foundry-push,5d82446dba22e323380587d9eee9291a,"Samsung Elec wins $200 billion Broadcom AI chip partnership , boosting foundry push",20260725T101500Z,thestar.com.my,English,Malaysia,semiconductor,D2_품목,2026-07-25
https://targetednews.com/pr_disp.php?pr_id=9687829,18f3edb5361c7e894284f4ad4dbd0f91,Targeted News Service,20260725T184500Z,targetednews.com,English,United States,semiconductor,D2_품목,2026-07-25
https://finance.yahoo.com/markets/stocks/articles/micron-ai-repricing-real-market-114136142.html,1b34bf047afff8a65088d75fa79d355e,Micron AI Repricing Is Real But the Market Still Isnt Sure It Can Last,20260725T133000Z,finance.yahoo.com,English,United States,semiconductor,D2_품목,2026-07-25
https://finance.yahoo.com/markets/stocks/articles/teslas-revenue-beat-hid-number-144356290.html,db329781f9c8fd822a44fcffb3287c0d,Tesla Revenue Beat Hid The Number That Actually Sank The Stock,20260725T153000Z,finance.yahoo.com,English,United States,semiconductor,D2_품목,2026-07-25
https://finance.yahoo.com/markets/stocks/articles/citi-warns-u-equity-positioning-153000651.html,9159f353afd400073dfcd9aa9fcf87f6,Citi Warns U . S . Equity Positioning May Face Further Pressure,20260725T161500Z,finance.yahoo.com,English,United States,semiconductor,D2_품목,2026-07-25
https://www.dailyexcelsior.com/japanese-delegation-visits-gu-to-explore-academic-and-research-collaborations/,afa0afdbc67b82b2f666443d8218dba0,Japanese delegation visits GU to explore academic and research collaborations,20260725T004500Z,dailyexcelsior.com,English,India,semiconductor,D2_품목,2026-07-25
https://www.thenews.com.pk/latest/1410183-micron-presses-trump-to-block-apples-china-chip-plan,76433ee0d368e7364870c7f9d89a18bb,Micron presses Trump to block Apple China chip plan,20260725T081500Z,thenews.com.pk,English,Pakistan,semiconductor,D2_품목,2026-07-25
https://www.thehindu.com/news/national/karnataka/chalking-out-plans-for-nanotechs-quick-growth-in-karnataka-says-minister-priyank-kharge/article71266765.ece,7b62396054ce2d04cb38d1317d6800f2,"Chalking out plans for nanotech quick growth in Karnataka , says Minister Priyank Kharge",20260725T171500Z,thehindu.com,English,India,semiconductor,D2_품목,2026-07-25
https://www.koreaherald.com/article/10819973,45a032b175d4598221514db4c2681076,"Korea , US tech giants forge $950 billion in chip partnerships : Cheong Wa Dae",20260725T053000Z,koreaherald.com,English,South Korea,semiconductor,D2_품목,2026-07-25
https://finance.yahoo.com/technology/ai/articles/70-teradyne-revenue-tied-ai-155237835.html,6b86340f8a8b0460fd5adeecbcdeaf13,70 % of Teradyne Revenue Is Tied to AI . Should You Buy Before July 29 Q2 Earnings ? ,20260725T163000Z,finance.yahoo.com,English,United States,semiconductor,D2_품목,2026-07-25
https://www.prokerala.com/news/articles/a1792176.html,7095c3545617e5232981d494846b8c8f,"Lee meets OpenAI and Nvidia CEOs , calls for greater roles in AI projects",20260725T050000Z,prokerala.com,English,India,semiconductor,D2_품목,2026-07-25
https://focustaiwan.tw:443/politics/202607250011,fbeef727e07ed12d838fd46f6d8546c9,KMT rallies candidates ahead of 2026 local elections,20260725T124500Z,focustaiwan.tw,English,Taiwan,semiconductor,D2_품목,2026-07-25
https://www.koreatimes.co.kr/business/20260725/lee-meets-openai-nvidia-ceos-calls-for-greater-roles-in-koreas-ai-investment-projects,62d41580fba9dc9df3cc761572f62d2b,"Lee meets OpenAI , Nvidia CEOs , calls for greater roles in Korea AI investment projects",20260725T081500Z,koreatimes.co.kr,English,South Korea,semiconductor,D2_품목,2026-07-25
https://finance.yahoo.com/markets/options/articles/etf-zoo-leveraged-lunacy-surpasses-053335683.html,1dccd1abe9a33bf86bffb9ff8c0e25fa,ETF Zoo : Leveraged Lunacy Surpasses $65B in Gains,20260725T060000Z,finance.yahoo.com,English,United States,semiconductor,D2_품목,2026-07-25
https://finance.yahoo.com/markets/stocks/articles/etf-down-7-high-history-155000264.html,b3a9284c21b0b1ee2ec35b4aa7720a2f,This ETF Is Down 7 % From Its High . History Says Now Is a Smart Time to Invest . ,20260725T163000Z,finance.yahoo.com,English,United States,semiconductor,D2_품목,2026-07-25
https://economictimes.indiatimes.com/markets/us-stocks/news/european-shares-gain-as-sap-lifts-tech-stocks-middle-east-on-watch/articleshow/132618864.cms,a3318c2b24c0c7bc50d668ed6a21399a,European shares gain as SAP lifts tech stocks ; Middle East on watch,20260725T050000Z,economictimes.indiatimes.com,English,India,semiconductor,D2_품목,2026-07-25
https://www.fool.com/investing/2026/07/25/huang-japanese-industrial-nvidia-ai-demand/,fc49c0f47aa2a9bb8edce95d579cb1df,"Jensen Huang Signed Toyota , Fanuc , Kioxia , and 5 Other Japanese Industrial Giants Into Nvidia Physical AI Coalition This Week . Nvidia Has $1 Trillion in Confirmed Demand Through 2027 . ",20260725T113000Z,fool.com,English,United States,semiconductor,D2_품목,2026-07-25
https://wccftech.com/moonshot-ceo-says-openai-didnt-invent-anything-new-as-sam-altman-signs-the-letter-calling-for-open-weight-ai-models-after-the-fact-and-under-pressure/,db7641f990c9db564094f236bfecba68,"MoonShot CEO Says  OpenAI Didnt Invent Anything New , As Sam Altman Signs The Letter Calling For Open - Weight AI Models After The Fact And Under Pressure",20260725T174500Z,wccftech.com,English,United States,semiconductor,D2_품목,2026-07-25
https://www.dailypolitical.com/2026/07/25/amtech-systems-nasdaqasys-shares-pass-above-200-day-moving-average-on-analyst-downgrade.html,9460ac45509d32bb4048eebe772accf5,Amtech Systems ( NASDAQ : ASYS ) Shares Pass Above 200 - Day Moving Average on Analyst Downgrade,20260725T153000Z,dailypolitical.com,English,United States,semiconductor,D2_품목,2026-07-25
https://www.thestar.com.my/news/nation/2026/07/25/malaysia-must-not-be-defined-by-colonial-era-says-pm,beb464b389c83b7ad2d23bbdf2e52545,"Malaysia must not be defined by colonial era , says PM",20260725T123000Z,thestar.com.my,English,Malaysia,semiconductor,D2_품목,2026-07-25
https://wccftech.com/micron-ceo-sanjay-mehrotras-bad-blood-with-apple-traces-back-years-report-reveals-amid-chip-standoff-efforts-to-procure-from-chinas-cxmt/,1ca7eeb3a667708f73751d7a2969b090,"Micron CEO Sanjay Mehrotra Bad Blood With Apple Traces Back Years , Report Reveals Amid Chip Standoff & Efforts To Procure From China CXMT",20260725T130000Z,wccftech.com,English,United States,semiconductor,D2_품목,2026-07-25
https://www.koreatimes.co.kr/business/companies/20260725/korean-global-tech-firms-agree-on-950-bil-cooperation-projects-official,ff3f0a86da36e93aca7c0e3939283c9b,"Korean , global tech firms agree on $950 bil . cooperation projects : official",20260725T123000Z,koreatimes.co.kr,English,South Korea,semiconductor,D2_품목,2026-07-25
https://www.businesstimes.com.sg/companies-markets/europe-shares-gain-sap-lifts-tech-stocks-middle-east-watch,c8a916b93bcdf8131a31e1d02633a336,Europe : Shares gain as SAP lifts tech stocks ; Middle East on watch,20260725T040000Z,businesstimes.com.sg,English,Singapore,semiconductor,D2_품목,2026-07-25
https://www.dailypolitical.com/2026/07/25/maplelane-capital-llc-increases-stock-position-in-synopsys-inc-snps.html,0a38618dbecde3f05c16944fc4dea39b,"Maplelane Capital LLC Increases Stock Position in Synopsys , Inc . $SNPS",20260725T120000Z,dailypolitical.com,English,United States,semiconductor,D2_품목,2026-07-25
https://wccftech.com/asus-vivobook-s16-snapdragon-x2-elite-deal-amazon-170-off/,dd6fd57cf2deaf2f56877725a897ee48,"The Lightweight And Robust ASUS Vivobook S16 Packs Sufficient Firepower Underneath The Hood With Its Snapdragon X2 Elite , Now $170 Off Amazon",20260725T174500Z,wccftech.com,English,United States,semiconductor,D2_품목,2026-07-25
https://www.themarketsdaily.com/2026/07/25/dje-kapital-ag-makes-new-30-21-million-investment-in-broadcom-inc-avgo.html,4fa77d1fecabb9aec84eb90532ac1298,DJE Kapital AG Makes New $30 . 21 Million Investment in Broadcom Inc . $AVGO,20260725T084500Z,themarketsdaily.com,English,United States,semiconductor,D2_품목,2026-07-25
https://www.themarketsdaily.com/2026/07/25/chase-investment-counsel-corp-sells-6084-shares-of-broadcom-inc-avgo.html,257037fc0958a9f0bbcba6307e44d202,"Chase Investment Counsel Corp Sells 6 , 084 Shares of Broadcom Inc . $AVGO",20260725T084500Z,themarketsdaily.com,English,United States,semiconductor,D2_품목,2026-07-25
https://www.dailypolitical.com/2026/07/25/first-trust-advisors-lp-acquires-420851-shares-of-broadcom-inc-avgo.html,89cd73241f771ceb9aa5d42c7b0f6257,"First Trust Advisors LP Acquires 420 , 851 Shares of Broadcom Inc . $AVGO",20260725T084500Z,dailypolitical.com,English,United States,semiconductor,D2_품목,2026-07-25
https://www.taipeitimes.com/News/taiwan/archives/2026/07/26/2003861399,2b1724cafed25bca468c94be1de84406,DPP lawmakers speak on war resilience in US,20260725T170000Z,taipeitimes.com,English,Taiwan,semiconductor,D2_품목,2026-07-25
https://www.dailypolitical.com/2026/07/25/advanced-micro-devices-inc-amd-shares-sold-by-state-of-wyoming.html,95c15edd3cf925dd3d52d670394df310,"Advanced Micro Devices , Inc . $AMD Shares Sold by State of Wyoming",20260725T114500Z,dailypolitical.com,English,United States,semiconductor,D2_품목,2026-07-25
https://www.newkerala.com/news/a/korean-global-tech-firms-agree-950-bn-cooperation-498.htm,068f5953dad36799776720247f9cf236,"S . Korea , Nvidia , OpenAI in $950B AI Deal",20260725T153000Z,newkerala.com,English,India,semiconductor,D2_품목,2026-07-25
https://blog.wenxuecity.com/myblog/72696/202607/17998.html,b3d37e4f4eb7f07c75852079e9a0078a,在支离破碎的世界中竞争的新蓝图 - 博客,20260725T021500Z,blog.wenxuecity.com,English,China,semiconductor,D2_품목,2026-07-25
https://www.manilatimes.net/2026/07/26/world/asia-oceania/skoreas-lee-calls-for-new-ai-era-at-tech-meet/2391481,5d354748feb48737486bf3ce3194eec6,SKorea Lee calls for new AI era at tech meet,20260725T163000Z,manilatimes.net,English,Philippines,semiconductor,D2_품목,2026-07-25
https://www.dailypolitical.com/2026/07/25/5g-stocks-to-consider-july-25th.html,766dac6125fb30a4c8ee878c5cd7f255,5G Stocks To Consider – July 25th,20260725T163000Z,dailypolitical.com,English,United States,semiconductor,D2_품목,2026-07-25
https://www.moneycontrol.com/news/business/markets/nasdaq-lags-on-angst-over-ai-spending-ahead-of-earnings-reports-13983251.html,d62c496fff06ab4ec96709d381747f5a,Nasdaq lags on angst over AI spending ahead of earnings reports,20260725T040000Z,moneycontrol.com,English,India,semiconductor,D2_품목,2026-07-25
https://www.fool.com/investing/2026/07/25/i-want-exposure-to-the-ai-boom-without-buying-nvid/?source=iedfolrf0000001,fec56f06d5fbdf2da3b4bb1a0a27baf8,I Want Exposure to the AI Boom Without Buying Nvidia . Here Why Bloom Energy Is My Pick . ,20260725T174500Z,fool.com,English,United States,semiconductor,D2_품목,2026-07-25
https://www.tickerreport.com/banking-finance/13514872/micron-technology-inc-mu-shares-purchased-by-cannell-spears-llc.html,c31f36706a8516d0f260b134743cbb8d,"Micron Technology , Inc . $MU Shares Purchased by Cannell & Spears LLC",20260725T083000Z,tickerreport.com,English,United States,semiconductor,D2_품목,2026-07-25
https://www.businesstimes.com.sg/companies-markets/us-nasdaq-lags-angst-over-ai-spending-ahead-earnings-reports,6f469b89c9bff912acddf9c5286d0b95,US : Nasdaq lags on angst over AI spending ahead of earnings reports,20260725T040000Z,businesstimes.com.sg,English,Singapore,semiconductor,D2_품목,2026-07-25
https://www.themarketsdaily.com/2026/07/25/aixtron-se-adr-otcmktsaiixy-trading-3-8-higher-time-to-buy.html,1e5b7d80ed1035ad2619236bbd93d7c8,Aixtron SE / ADR ( OTCMKTS : AIIXY ) Trading 3 . 8 % Higher – Time to Buy ? ,20260725T054500Z,themarketsdaily.com,English,United States,semiconductor,D2_품목,2026-07-25
https://finance.yahoo.com/technology/articles/apple-fight-micron-just-took-120238763.html,7e3320b6ce104b1a9cad5961fb09ff67,Apple Fight With Micron Just Took a Wild Turn And It Could Reshape the Memory Market,20260725T123000Z,finance.yahoo.com,English,United States,semiconductor,D2_품목,2026-07-25
https://ianslive.in/moschip-technologies-q1-net-profit-plunges-nearly-78-pc-in-fy27--20260725133447,f689c067c8935b413433a5f0b448ee42,MosChip Technologies Q1 net profit plunges nearly 78 pc in FY27,20260725T084500Z,ianslive.in,English,India,semiconductor,D2_품목,2026-07-25
https://targetednews.com/pr_disp.php?pr_id=9688194,5881d0ca4a59ff0d902e6028c13cab0b,Targeted News Service,20260725T184500Z,targetednews.com,English,United States,semiconductor,D2_품목,2026-07-25
https://finance.yahoo.com/markets/stocks/articles/nvidia-stock-could-biggest-winner-171233159.html,153af96d08a8749cb3adf26a3f9e0e22,How Nvidia Stock Could Be the Biggest Winner from Super Micro Preliminary Results,20260725T001500Z,finance.yahoo.com,English,United States,semiconductor,D2_품목,2026-07-25
https://www.themarketsdaily.com/2026/07/25/cumberland-partners-ltd-buys-shares-of-6900-micron-technology-inc-mu.html,99288939f984f38f7df46b3ef6fe1e30,"Cumberland Partners Ltd Buys Shares of 6 , 900 Micron Technology , Inc . $MU",20260725T131500Z,themarketsdaily.com,English,United States,semiconductor,D2_품목,2026-07-25
https://www.themarketsdaily.com/2026/07/25/maxlinear-nasdaqmxl-issues-quarterly-earnings-results.html,36a2428a669865b675128014140563e3,MaxLinear ( NASDAQ : MXL ) Issues Quarterly Earnings Results,20260725T113000Z,themarketsdaily.com,English,United States,semiconductor,D2_품목,2026-07-25
https://www.dailypolitical.com/2026/07/25/applied-materials-inc-amat-is-epoch-investment-partners-inc-s-8th-largest-position.html,165f7ed4e66771bf3549816d0d8366db,"Applied Materials , Inc . $AMAT is Epoch Investment Partners Inc . 8th Largest Position",20260725T093000Z,dailypolitical.com,English,United States,semiconductor,D2_품목,2026-07-25
https://www.niagarafallsreview.ca/business/trumps-slave-labour-tariff-a-revamped-liberation-day-that-experts-say-canada-largely-avoids/article_1f876081-5b17-5e9e-9f9c-c9946b9b361e.html,fff1c01b1afae5cf57ce04955fd54f81,Experts says Trump new tariff same at the old tariff,20260725T143000Z,niagarafallsreview.ca,English,Canada,semiconductor,D2_품목,2026-07-25
https://www.tickerreport.com/banking-finance/13515568/healthcare-of-ontario-pension-plan-trust-fund-lowers-stake-in-applied-materials-inc-amat.html,1470bff2004bad218518da028d2071c0,"Healthcare of Ontario Pension Plan Trust Fund Lowers Stake in Applied Materials , Inc . $AMAT",20260725T121500Z,tickerreport.com,English,United States,semiconductor,D2_품목,2026-07-25
https://www.tickerreport.com/banking-finance/13515587/shin-etsu-chemical-otcmktsshecy-announces-quarterly-earnings-results.html,bc0df5b192d2faf19639a95e9bb88b0f,Shin - Etsu Chemical ( OTCMKTS : SHECY ) Announces Quarterly Earnings Results,20260725T123000Z,tickerreport.com,English,United States,semiconductor,D2_품목,2026-07-25
https://www.dailypolitical.com/2026/07/25/top-solar-stocks-to-consider-july-22nd.html,884a4444bf158d739a51dbaa0aa1ec2f,Top Solar Stocks To Consider – July 22nd,20260725T113000Z,dailypolitical.com,English,United States,semiconductor,D2_품목,2026-07-25
https://www.theatlantic.com/international/2026/07/iran-war-hormuz-strait/688062/,5a4d44590ffe7edffece2ab921d80d88,The Ticking Clock on the Strait of Hormuz,20260725T144500Z,theatlantic.com,English,United States,semiconductor,D2_품목,2026-07-25
https://www.tickerreport.com/banking-finance/13514690/veeco-instruments-nasdaqveco-stock-price-passes-above-200-day-moving-average-whats-next.html,0b1b4f2d3a545d93247adb593b331072,Veeco Instruments ( NASDAQ : VECO ) Stock Price Passes Above 200 Day Moving Average – What Next ? ,20260725T053000Z,tickerreport.com,English,United States,semiconductor,D2_품목,2026-07-25
https://www.tickerreport.com/banking-finance/13515523/advanced-micro-devices-inc-amd-shares-sold-by-state-of-wyoming.html,bba793f99d5847caefba5f2d479296fc,"Advanced Micro Devices , Inc . $AMD Shares Sold by State of Wyoming",20260725T114500Z,tickerreport.com,English,United States,semiconductor,D2_품목,2026-07-25
https://www.thepeterboroughexaminer.com/business/trumps-slave-labour-tariff-a-revamped-liberation-day-that-experts-say-canada-largely-avoids/article_4b68c33e-739a-5eb0-8f17-24bc4dc40cc7.html,5141a942f3808a7f48b1c381b2afd499,Experts says Trump new tariff same at the old tariff,20260725T150000Z,thepeterboroughexaminer.com,English,Canada,semiconductor,D2_품목,2026-07-25
https://circuitcellar.com/newsletter/gigadevice-expands-optical-communication-portfolio/,747b5c88fdbb325ef41b4be518110e90,GigaDevice Expands Optical Communication Portfolio,20260725T181500Z,circuitcellar.com,English,United States,semiconductor,D2_품목,2026-07-25
https://www.themarketsdaily.com/2026/07/25/sk-hynix-nasdaqskhy-trading-2-6-higher-time-to-buy.html,3c6f7f539c3e4a336b09fb6c8e1bd0f0,SK hynix ( NASDAQ : SKHY ) Trading 2 . 6 % Higher – Time to Buy ? ,20260725T123000Z,themarketsdaily.com,English,United States,semiconductor,D2_품목,2026-07-25
https://wallstreetpit.com/129098-the-20-billion-gamble-why-intel-stock-fell-despite-crushing-earnings/,8608b6eb5911a14d1164b2964a6789ab,The $20 Billion Gamble : Why Intel Stock Fell Despite Crushing Earnings,20260725T181500Z,wallstreetpit.com,English,United States,semiconductor,D2_품목,2026-07-25
https://www.dailypolitical.com/2026/07/24/veeco-instruments-nasdaqveco-share-price-passes-above-two-hundred-day-moving-average-heres-what-happened.html,ab36d2301ad81685ecc2c5885a5e9f35,Veeco Instruments ( NASDAQ : VECO ) Share Price Passes Above Two Hundred Day Moving Average – Here What Happened,20260725T054500Z,dailypolitical.com,English,United States,semiconductor,D2_품목,2026-07-25
https://stockhouse.com/news/press-releases/2026/07/25/naver-nvidia-and-brookfield-to-expand-korea-s-national-ai-factory-infrastructure,a8d14d5c7c77bd33ace26e54de805531,"2026 - 07 - 25 | NAVER , NVIDIA and Brookfield to Expand Korea National AI Factory Infrastructure Buildout | TSX : NVDA",20260725T064500Z,stockhouse.com,English,United States,semiconductor,D2_품목,2026-07-25
https://www.manilatimes.net/2026/07/25/tmt-newswire/globenewswire/naver-nvidia-and-brookfield-to-expand-koreas-national-ai-factory-infrastructure-buildout/2391373,f45d36acc25104ae41b681a24e3a4fb9,"NAVER , NVIDIA and Brookfield to Expand Korea National AI Factory Infrastructure Buildout",20260725T060000Z,manilatimes.net,English,Philippines,semiconductor,D2_품목,2026-07-25
http://www.haitisun.com/news/279209085/after-s-korean-president-us-visit-tech-giants-to-pursue-950-billion-semiconductor-and-ai-partnerships,0368404e55a91bf08438219028c85c51,"After S Korean President US visit , tech giants to pursue $950 billion semiconductor and AI partnerships",20260725T120000Z,haitisun.com,English,United States,semiconductor,D2_품목,2026-07-25
http://www.californiatelegraph.com/news/279209085/after-s-korean-president-us-visit-tech-giants-to-pursue-950-billion-semiconductor-and-ai-partnerships,a1f6ad789254a9dd1df8e1c0b6aa85c2,"After S Korean President US visit , tech giants to pursue $950 billion semiconductor and AI partnerships",20260725T144500Z,californiatelegraph.com,English,United States,semiconductor,D2_품목,2026-07-25
http://www.northkoreatimes.com/news/279209085/after-s-korean-president-us-visit-tech-giants-to-pursue-950-billion-semiconductor-and-ai-partnerships,8fac0cad5a1c0ec20807905f9e6146eb,"After S Korean President US visit , tech giants to pursue $950 billion semiconductor and AI partnerships",20260725T143000Z,northkoreatimes.com,English,North Korea,semiconductor,D2_품목,2026-07-25
http://www.caribbeanherald.com/news/279209085/after-s-korean-president-us-visit-tech-giants-to-pursue-950-billion-semiconductor-and-ai-partnerships,623d92db6f002366c97cd1b4e09ac327,"After S Korean President US visit , tech giants to pursue $950 billion semiconductor and AI partnerships",20260725T140000Z,caribbeanherald.com,English,United States,semiconductor,D2_품목,2026-07-25
https://www.tickerreport.com/banking-finance/13515584/graniteshares-yieldboost-nvda-etf-nvyy-to-distribute-dividend-of-0-11-on-july-28th.html,f9de2518badd0461a4b393fc5564742e,GraniteShares YieldBOOST NVDA ETF ( NVYY ) to Distribute Dividend of $0 . 11 on July 28th,20260725T123000Z,tickerreport.com,English,United States,semiconductor,D2_품목,2026-07-25
https://www.zerohedge.com/markets/stocks-mixed-tech-weakness-after-earnings-while-oil-slides-ahead-weekend-newsquawk-us,35455c7998c50e3c641c82a622056b5b,Stocks mixed on tech weakness after earnings while oil slides ahead of weekend - Newsquawk US Market Wrap,20260725T001500Z,zerohedge.com,English,United States,semiconductor,D2_품목,2026-07-25
https://www.dailypolitical.com/2026/07/25/renesas-electronics-co-otcmktsrnecy-short-interest-update.html,50f4ac6e9b354d7a28358182173f8e3e,Renesas Electronics Co . ( OTCMKTS : RNECY ) Short Interest Update,20260725T123000Z,dailypolitical.com,English,United States,semiconductor,D2_품목,2026-07-25
https://www.tickerreport.com/banking-finance/13515580/short-interest-in-renesas-electronics-co-otcmktsrnecy-drops-by-85-4.html,93481ec85332d3327e6dc69d46ca9dad,Short Interest in Renesas Electronics Co . ( OTCMKTS : RNECY ) Drops By 85 . 4 % ,20260725T123000Z,tickerreport.com,English,United States,semiconductor,D2_품목,2026-07-25
https://www.tickerreport.com/banking-finance/13514624/sci-engineered-materials-inc-otcmktsscia-sees-large-decrease-in-short-interest.html,93add81e9e2c8de4f9173fa7c487a360,SCI Engineered Materials Inc . ( OTCMKTS : SCIA ) Sees Large Decrease in Short Interest,20260725T020000Z,tickerreport.com,English,United States,semiconductor,D2_품목,2026-07-25
https://memeburn.com/trumps-american-ai-chip-push-starts-squeezing-tsmcs-margins/,720c7b76914523954f1e9ead026c93e9,Trump American AI chip push starts squeezing TSMC margins,20260725T153000Z,memeburn.com,English,South Africa,semiconductor,D2_품목,2026-07-25
https://www.themarketsdaily.com/2026/07/25/short-interest-in-creative-global-technology-holdings-limited-nasdaqcgtl-declines-by-95-4.html,bc1688129be6d4250e45fabe6ae2ac09,Short Interest in Creative Global Technology Holdings Limited ( NASDAQ : CGTL ) Declines By 95 . 4 % ,20260725T171500Z,themarketsdaily.com,English,United States,semiconductor,D2_품목,2026-07-25
https://www.dailypolitical.com/2026/07/25/tesla-q2-earnings-call-highlights.html,c17f550391ae48347cbe0d635bbdc35f,Tesla Q2 Earnings Call Highlights,20260725T150000Z,dailypolitical.com,English,United States,semiconductor,D2_품목,2026-07-25
https://www.themarketsdaily.com/2026/07/25/cadence-design-systems-cdns-expected-to-post-earnings-on-monday.html,03684f98232edc4e57b532b9c6d92dd0,Cadence Design Systems ( CDNS ) Expected to Post Earnings on Monday,20260725T060000Z,themarketsdaily.com,English,United States,semiconductor,D2_품목,2026-07-25
https://ianslive.in/us-pushes-ai-science-race-against-china--20260725024203,7fb210c96f6fe946c001ec9765d1f268,US pushes AI science race against China,20260725T021500Z,ianslive.in,English,India,semiconductor,D2_품목,2026-07-25
https://udaipurkiran.com/us-advances-in-ai-race-against-china/,1816b8f8c508f25203b972f0e0a0529f,US Advances in AI Race Against China,20260725T050000Z,udaipurkiran.com,English,India,semiconductor,D2_품목,2026-07-25
https://www.tickerreport.com/banking-finance/13514694/cvd-equipment-nasdaqcvv-stock-crosses-above-200-day-moving-average-heres-what-happened-2.html,d1a991f428fdf2f3e8aa1b1ac03506e9,CVD Equipment ( NASDAQ : CVV ) Stock Crosses Above 200 - Day Moving Average – Here What Happened,20260725T053000Z,tickerreport.com,English,United States,semiconductor,D2_품목,2026-07-25
https://gcn.com/agent-toolkit-nvidia-releases-major-collection/20023/,94208730879fb816e6b19e4a7a1fd8c6,"NVIDIA releases major collection of open - source physical AI skills for robots , AVs and factories through Agent Toolkit",20260725T133000Z,gcn.com,English,United States,semiconductor,D2_품목,2026-07-25
https://ianslive.in/trump-nominee-vows-tougher-ai-export-controls--20260725050303,e729da3e438a7760e404e1f825c2bbb5,Trump nominee vows tougher AI export controls,20260725T023000Z,ianslive.in,English,India,semiconductor,D2_품목,2026-07-25
https://www.themarketsdaily.com/2026/07/25/st-louis-trust-co-cuts-position-in-vanguard-sp-500-etf-voo.html,8f7d73e79723d9f33657c9b571ab6f0f,St . Louis Trust Co Cuts Position in Vanguard S & P 500 ETF $VOO,20260725T114500Z,themarketsdaily.com,English,United States,semiconductor,D2_품목,2026-07-25
http://www.sandiegosun.com/news/279208281/wall-street-divided-at-week-s-end-dow-gains-235-points,b62da44a48f234e1679423ebac0690cd,"Wall Street divided at week end , Dow gains 235 points",20260725T001500Z,sandiegosun.com,English,United States,semiconductor,D2_품목,2026-07-25
http://www.nigeriasun.com/news/279208281/wall-street-divided-at-week-s-end-dow-gains-235-points,e66919c30c25c3988c60f14a57b4803a,"Wall Street divided at week end , Dow gains 235 points",20260725T001500Z,nigeriasun.com,English,Nigeria,semiconductor,D2_품목,2026-07-25
http://www.pittsburghstar.com/news/279208281/wall-street-divided-at-week-s-end-dow-gains-235-points,5c0bfbc5a5a188353b20657a4da4512e,"Wall Street divided at week end , Dow gains 235 points",20260725T001500Z,pittsburghstar.com,English,United States,semiconductor,D2_품목,2026-07-25
http://www.bostonstar.com/news/279208281/wall-street-divided-at-week-s-end-dow-gains-235-points,c95cc126b29286c8b75f14ac9fb92378,"Wall Street divided at week end , Dow gains 235 points",20260725T013000Z,bostonstar.com,English,United States,semiconductor,D2_품목,2026-07-25
http://www.afghanistansun.com/news/279208281/wall-street-divided-at-week-s-end-dow-gains-235-points,8ded4f4d94302a04e3f45b70d50e14a6,"Wall Street divided at week end , Dow gains 235 points",20260725T010000Z,afghanistansun.com,English,Afghanistan,semiconductor,D2_품목,2026-07-25
http://www.europesun.com/news/279208281/wall-street-divided-at-week-s-end-dow-gains-235-points,4a12211d635de082402b24876ce2e540,"Wall Street divided at week end , Dow gains 235 points",20260725T001500Z,europesun.com,English,Russia,semiconductor,D2_품목,2026-07-25
http://www.srilankasource.com/news/279208281/wall-street-divided-at-week-s-end-dow-gains-235-points,8d53596fe4fa09e676bd5331b3d0b105,"Wall Street divided at week end , Dow gains 235 points",20260725T001500Z,srilankasource.com,English,Sri Lanka,semiconductor,D2_품목,2026-07-25
http://www.sydneysun.com/news/279208281/wall-street-divided-at-week-s-end-dow-gains-235-points,c679a62d45b8a9723b52510bd4deb479,"Wall Street divided at week end , Dow gains 235 points",20260725T004500Z,sydneysun.com,English,Australia,semiconductor,D2_품목,2026-07-25
https://www.tickerreport.com/banking-finance/13515021/kbc-group-nv-increases-stake-in-credo-technology-group-holding-ltd-crdo.html,19724df19d4a62ce722c33f299b051dc,KBC Group NV Increases Stake in Credo Technology Group Holding Ltd . $CRDO,20260725T091500Z,tickerreport.com,English,United States,semiconductor,D2_품목,2026-07-25
https://www.themarketsdaily.com/2026/07/25/intel-corporation-intc-position-reduced-by-renaissance-technologies-llc.html,4a54a3888c2e89d17444177b53d9a0bf,Intel Corporation $INTC Position Reduced by Renaissance Technologies LLC,20260725T120000Z,themarketsdaily.com,English,United States,semiconductor,D2_품목,2026-07-25
https://www.dailypolitical.com/2026/07/25/kbc-group-nv-acquires-5377-shares-of-credo-technology-group-holding-ltd-crdo.html,235b668718ba8fa8fa5f35409b0918b5,"KBC Group NV Acquires 5 , 377 Shares of Credo Technology Group Holding Ltd . $CRDO",20260725T091500Z,dailypolitical.com,English,United States,semiconductor,D2_품목,2026-07-25
https://www.themarketsdaily.com/2026/07/25/newedge-wealth-llc-reduces-stake-in-citigroup-inc-c.html,dfab45624dd082d99122592ddd822575,NewEdge Wealth LLC Reduces Stake in Citigroup Inc . $C,20260725T093000Z,themarketsdaily.com,English,United States,semiconductor,D2_품목,2026-07-25
https://www.dailypolitical.com/2026/07/25/entropy-technologies-lp-increases-stock-holdings-in-teradyne-inc-ter.html,1fd22d3cc1ab651519386c1dafc4c229,"Entropy Technologies LP Increases Stock Holdings in Teradyne , Inc . $TER",20260725T101500Z,dailypolitical.com,English,United States,semiconductor,D2_품목,2026-07-25
https://www.themarketsdaily.com/2026/07/25/intel-nasdaqintc-releases-quarterly-earnings-results-beats-estimates-by-0-21-eps.html,dcd29f8f0d77b88f6a4458b9a7f0d0fc,"Intel ( NASDAQ : INTC ) Releases Quarterly Earnings Results , Beats Estimates By $0 . 21 EPS",20260725T153000Z,themarketsdaily.com,English,United States,semiconductor,D2_품목,2026-07-25
https://dailynews.co.tz/new-diplomatic-era-tanzania-courts-seouls-technology-capital-and-innovation/,afa9ae7d4760d7b9bac68c7a0925fb34,"New diplomatic era : Tanzania courts Seoul technology , capital and innovation",20260725T163000Z,dailynews.co.tz,English,Tanzania,semiconductor,D2_품목,2026-07-25
https://www.unitaid.eu/unr-sem-building-hub-innovation-eg8q.html,fa86f990a9bc22cc896a2d913175c488,The Future Of Engineering : Why The Unr Sem Building Is A Hub For Innovation,20260725T174500Z,unitaid.eu,English,,semiconductor,D2_품목,2026-07-25
https://nltimes.nl/2026/07/25/unknown-drones-entered-borssele-nuclear-plant-fly-zone-last-year,f02d2c4d76d35d88ed3823c980fc0cfb,Unknown drones entered Borssele nuclear plant no - fly zone last year,20260725T153000Z,nltimes.nl,English,Netherlands,container ship,D4_운송,2026-07-25
https://www.shtfplan.com/economics/u-s-gasoline-prices-climb-back-above-4-per-gallon-amid-middle-east-conflict,cf61692658ad673ad76b414dd3ee0de4,U . S . Gasoline Prices Climb Back Above $4 Per Gallon Amid Middle East Conflict,20260725T021500Z,shtfplan.com,English,United States,container ship,D4_운송,2026-07-25
https://www.countypress.co.uk/news/26409117.gang-convicted-40m-cocaine-plot-off-isle-wight/,70009d84bfa9c6f449a73c60bb773a57,Gang convicted after £40m cocaine plot off the Isle of Wight | Isle of Wight County Press,20260725T050000Z,countypress.co.uk,English,,container ship,D4_운송,2026-07-25
https://www.theatlantic.com/technology/2026/07/trump-iran-war-social-media/688065/,fcc193ec0439cd859f33a61b1dff79ba,Even Trump Cant Spin This One - The Atlantic,20260725T144500Z,theatlantic.com,English,United States,container ship,D4_운송,2026-07-25
https://www.ocregister.com/2026/07/24/us-coast-guard-growing-its-service-narwhal-visit-this-weekend-showcases-opportunities/,13ed991a749ac18552e2e91c9fab584b,US Coast Guard growing its service ; Narwhal visit this weekend showcases opportunities,20260725T013000Z,ocregister.com,English,United States,container ship,D4_운송,2026-07-25
https://www.natureworldnews.com/articles/73102/20260724/one-billion-plastic-nurdles-river-tyne-spill-marine-wildlife.htm,5a0dd6f0d0fce459603497ed8df28aa5,"A Billion Plastic Pellets Flood River Tyne , Threatening Seabirds and Marine Life in a Growing Environmental Crisis",20260725T080000Z,natureworldnews.com,English,United States,container ship,D4_운송,2026-07-25
https://seekingalpha.com/news/4618412-crude-oil-turns-lower-as-reports-say-china-pushing-to-resume-us-iran-talks,8e8134ad846ca774a6fb9f835240eefc,Crude oil turns lower as reports say China pushing to resume U . S .- Iran talks ( USO : NYSEARCA ) ,20260725T021500Z,seekingalpha.com,English,United States,oil price,D5_시장지표,2026-07-25
https://finance.yahoo.com/markets/stocks/articles/newmont-corporation-q2-2026-earnings-123000188.html,016147301a43562df16dddb61c3cede7,Newmont Corporation Q2 2026 Earnings Call Summary,20260725T144500Z,finance.yahoo.com,English,United States,oil price,D5_시장지표,2026-07-25
https://www.prokerala.com/news/articles/a1792179.html,45f5c6fc2669a5d3a604a375c60da670,FII outflows in India markets continue this week amid escalating global tensions,20260725T050000Z,prokerala.com,English,India,oil price,D5_시장지표,2026-07-25
https://www.nbclosangeles.com/news/local/southern-california-gas-prices-rise-for-11-consecutive-days/3921728/,6fe149b605f4f3c81d4d415d1bce6497,Gas prices rise for 11 consecutive days – NBC Los Angeles,20260725T174500Z,nbclosangeles.com,English,United States,oil price,D5_시장지표,2026-07-25
https://www.morningstar.com/news/marketwatch/2026072566/the-bond-market-hasnt-been-this-calm-since-the-dot-com-bust-and-the-financial-crisis-history-warns-of-a-rude-awakening,2f60631b1aae24c64105c45763b52103,The bond market hasnt been this calm since the dot - com bust and the financial crisis . History warns of a rude awakening . ,20260725T171500Z,morningstar.com,English,China,oil price,D5_시장지표,2026-07-25
https://www.morningstar.com/markets/smart-investor-float-woes-spacex-where-invest-stocks-revival-sustainable-strategies,2f705ea49aee387b0364cbebbfa0aa80,"Smart Investor : Float Woes for SpaceX , Where to Invest in Stocks , and a Revival for Sustainable Strategies",20260725T171500Z,morningstar.com,English,China,oil price,D5_시장지표,2026-07-25
https://economictimes.indiatimes.com/markets/commodities/news/crude-oil-prices-rise-10-this-week-but-china-enters-fray-to-push-for-end-to-iran-war-whats-next/articleshow/132619080.cms,72a7331596b84b5ef6c1ffc1b70bcbae,Crude oil prices rise 10 % this week but China enters fray to push for end to Iran war . What next ? ,20260725T054500Z,economictimes.indiatimes.com,English,India,oil price,D5_시장지표,2026-07-25
https://nypost.com/2026/07/25/us-news/as-california-gas-prices-surge-experts-warn-this-spike-is-different/,65e1c11af9b1b720b98ca2e3d18effd7,"As California gas prices surge , experts warn this spike is different",20260725T143000Z,nypost.com,English,United States,oil price,D5_시장지표,2026-07-25
https://www.philstar.com/opinion/2026/07/26/2544696/earth-shaking-sona,ad9b14b615cdbebb7b64d841dccfaffe,An  earth - shaking  SONA ? | Philstar . com,20260725T171500Z,philstar.com,English,Philippines,oil price,D5_시장지표,2026-07-25
https://www.middleeastmonitor.com/20260725-trust-before-pipelines-why-credibility-has-become-the-middle-easts-most-valuable-energy-asset/,2ac2621d69153db9665059c15b824edf,Trust before pipelines : Why credibility has become the Middle East most valuable energy asset – Middle East Monitor,20260725T101500Z,middleeastmonitor.com,English,Israel,oil price,D5_시장지표,2026-07-25
https://ianslive.in/fii-outflows-in-india-markets-continue-this-week-amid-escalating-global-tensions--20260725092955,fd06826f63221fc8c1ef6bfa07520220,FII outflows in India markets continue this week amid escalating global tensions,20260725T053000Z,ianslive.in,English,India,oil price,D5_시장지표,2026-07-25
https://www.oilandgas360.com/saudi-red-sea-crude-exports-have-sank-41-since-march-peak/,579a656ad499aadc0b1df7188e29897d,Saudi Red Sea crude exports have Sank 41 % since March peak,20260725T001500Z,oilandgas360.com,English,United States,oil price,D5_시장지표,2026-07-25
https://ianslive.in/nifty-sensex-dip-over-23-pc-on-weekly-basis-over-global-inflation-fears--20260725103441,3f471cd22baea3b813a85baaa147e844,"Nifty , Sensex dip over 2 . 3 pc on weekly basis over global inflation fears",20260725T053000Z,ianslive.in,English,India,oil price,D5_시장지표,2026-07-25
https://www.riotimesonline.com/sao-paulo-daily-brief-for-saturday-july-25-2026/,4449ab0e0dcb292bfbdf549b5b8adcb4,São Paulo Daily Brief Saturday 25 July 2026,20260725T081500Z,riotimesonline.com,English,Brazil,oil price,D5_시장지표,2026-07-25
https://www.businesstimes.com.sg/companies-markets/big-asia-stock-funds-turn-laggards-cut-risk-ai-swings,9943f87b45092287194413e64ab0fa78,Big Asia stock funds turn to laggards to cut risk from AI swings,20260725T090000Z,businesstimes.com.sg,English,Singapore,KOSPI,D5_시장지표,2026-07-25
https://indianexpress.com/article/india/customs-nod-puts-keralasvizhinjam-seaport-customs-port-notification-exim-operations-august-18-vizhinjam-on-course-to-become-another-gateway-for-indias-exports-and-imports-10802959/,0aea1fe7bafaa6303b6c4a1531c8a1ec,Customs nod puts Kerala Vizhinjam on course to become another gateway for India exports and imports | India News,20260725T070000Z,indianexpress.com,English,India,container freight,D5_시장지표,2026-07-25
https://finance.yahoo.com/economy/policy/articles/ira-donation-trick-lowers-tax-150231074.html,a07c84fd04c88a7e27f400692efb507a,The IRA Donation Trick That Lowers Your Tax Bill and Never Touches Your Medicare Premium,20260725T153000Z,finance.yahoo.com,English,United States,surcharge,D6_교란행위,2026-07-25
https://www.yahoo.com/news/us/articles/world-cups-lesson-invest-americas-104813856.html,3c28602c05987a9360fe831fb51531ce,The World Cup Lesson : Invest in America Greatest Attractions,20260725T113000Z,yahoo.com,English,United States,surcharge,D6_교란행위,2026-07-25
https://www.stokesentinel.co.uk/news/stoke-on-trent-news/four-bad-drivers-north-staffordshire-11049502,ab798a136ab7309b4c526e23fa9d5632,Four bad drivers in North Staffordshire magistrates,20260725T154500Z,stokesentinel.co.uk,English,United Kingdom,surcharge,D6_교란행위,2026-07-25
https://www.forbes.com/sites/davidnikel/2026/07/25/barcelonas-cruise-tax-plan-targets-short-port-calls/,178fc2b4468d0663b01606f0d4f259b7,Barcelona Cruise Tax Plan Targets Short Port Calls,20260725T091500Z,forbes.com,English,United States,surcharge,D6_교란행위,2026-07-25
https://www.lancashiretelegraph.co.uk/news/26405169.nelson-takeaway-owner-fined-court-hygiene-offences/,37096aed4bc0f2b042f21aed58db6784,Nelson takeaway owner fined in court over hygiene offences,20260725T074500Z,lancashiretelegraph.co.uk,English,United Kingdom,surcharge,D6_교란행위,2026-07-25
https://www.thenorthernecho.co.uk/news/26401842.county-durham-man-banned-drink-driving-village-street/,ac0d45f645e6e1355aa7d223433f9b32,County Durham man banned for drink ‑ driving on village street,20260725T121500Z,thenorthernecho.co.uk,English,United Kingdom,surcharge,D6_교란행위,2026-07-25
https://nltimes.nl/2026/07/25/netherlands-set-miss-target-125000-disabled-workers-fines-possible-2027,6e89efd82f46ee5e88bd7bf5ef9a77c3,"Netherlands set to miss target of 125 , 000 disabled workers ; Fines possible from 2027",20260725T153000Z,nltimes.nl,English,Netherlands,surcharge,D6_교란행위,2026-07-25
https://finance.yahoo.com/markets/articles/first-rmd-73-sure-1-220309675.html,49f89beaecca7711633288b78a0472d2,"Before Your First RMD at 73 , Make Sure Your $1 . 4 Million 401 ( k ) Isnt Costing You $52 , 000 in Taxes",20260725T053000Z,finance.yahoo.com,English,United States,surcharge,D6_교란행위,2026-07-25
https://www.eadt.co.uk/news/26407361.raf-mildenhall-service-caught-drink-driving-suffolk/,2e3dc3df98fec33ca035c11c1ce89235,RAF Mildenhall serviceman caught drink - driving in Suffolk | East Anglian Daily Times,20260725T163000Z,eadt.co.uk,English,United Kingdom,surcharge,D6_교란행위,2026-07-25
https://www.kiplinger.com/taxes/tax-planning/how-to-avoid-overpaying-taxes-in-retirement,f4dfc60e362b40123c7ca8daee9ef64e,How to Avoid Overpaying Taxes in Retirement,20260725T150000Z,kiplinger.com,English,United States,surcharge,D6_교란행위,2026-07-25
https://www.moneycontrol.com/news/trends/that-s-only-possible-when-zohran-mamdani-faces-backlash-over-new-york-s-luxury-second-home-tax-13983255.html,4f4e33bdf0d845eba6a7cf17c762543f,  That only possible when ...: Zohran Mamdani faces backlash over New York luxury second - home tax,20260725T040000Z,moneycontrol.com,English,India,surcharge,D6_교란행위,2026-07-25
https://www.asiaone.com/lifestyle/how-dashcam-reporting-has-redefined-traffic-enforcement-singapore,fc11ab8e006e85f991d89086bf448832,How dashcam reporting has redefined traffic enforcement in Singapore,20260725T093000Z,asiaone.com,English,Singapore,surcharge,D6_교란행위,2026-07-25
https://www.mankatofreepress.com/news/local_news/mankato-zero-waste-calls-for-10-plastic-bag-surcharge/article_b09d125d-d6e2-438a-b2e4-4aad684b51ab.html,cdbcc0cb068d488bc85616d30347e02f,Mankato Zero Waste calls for 10¢ plastic - bag surcharge,20260725T114500Z,mankatofreepress.com,English,United States,surcharge,D6_교란행위,2026-07-25
https://www.theglobeandmail.com/life/style/travel/article-bc-ecotourism-outer-shores/,616eea1695d095de82dbc49752a0efeb,"Watch , learn and wonder while sailing B . C . Inside Passage",20260725T153000Z,theglobeandmail.com,English,Canada,surcharge,D6_교란행위,2026-07-25
https://www.stroudnewsandjournal.co.uk/news/26406271.parents-court-son-skips-primary-school-one-week/,9206e8552023c2e58246ca80dfcf89a4,Parents in court after son skips primary school for one week,20260725T070000Z,stroudnewsandjournal.co.uk,English,United Kingdom,surcharge,D6_교란행위,2026-07-25
https://www.witneygazette.co.uk/news/26400459.scales-justice-results-oxford-magistrates-court/,ac8d2351841364a2926f9c443061b586,Scales of Justice results from Oxford Magistrate Court,20260725T050000Z,witneygazette.co.uk,English,United Kingdom,surcharge,D6_교란행위,2026-07-25
https://www.heraldseries.co.uk/news/26400459.scales-justice-results-oxford-magistrates-court/,b01cd6f10400f7c1f2e4bfe7f44858c8,Scales of Justice results from Oxford Magistrate Court,20260725T081500Z,heraldseries.co.uk,English,United Kingdom,surcharge,D6_교란행위,2026-07-25
https://www.worcesternews.co.uk/news/26409238.kidderminster-motorist-banned-driving-given-7000-fine/,5a9eaa24881c358e8aa4f7489d83020d,Motorist banned from driving and given £7000 fine,20260725T084500Z,worcesternews.co.uk,English,United Kingdom,surcharge,D6_교란행위,2026-07-25
https://www.wirralglobe.co.uk/news/26405028.new-ferry-sex-offender-jailed-hundreds-child-sex-images/,5fdb013a2fcb96fd4eb15b185f83ec4d,New Ferry sex offender jailed for hundreds of child abuse images,20260725T053000Z,wirralglobe.co.uk,English,United Kingdom,surcharge,D6_교란행위,2026-07-25
https://www.southwalesargus.co.uk/news/26409531.man-outrages-public-decency-morrisons-abergavenny/,7f72d28ead3cdfa067852f2ef20375f4,Man outrages public decency at Morrisons in Abergavenny,20260725T113000Z,southwalesargus.co.uk,English,United Kingdom,surcharge,D6_교란행위,2026-07-25
https://www.ludlowadvertiser.co.uk/news/26402682.driver-caught-cannabis-tollgate-road-ludlow/,2191488f2be674e120519f1421074a0b,"Driver caught with cannabis in Tollgate Road , Ludlow",20260725T050000Z,ludlowadvertiser.co.uk,English,United Kingdom,surcharge,D6_교란행위,2026-07-25
https://www.lynnnews.co.uk/news/21-year-old-drug-dealer-had-phone-full-of-evidence-9475660/,f5c03e1f5912bba7899e0ffed61d5a20,Watlington man Dylan Morgan guilty of possessing and being concerned in the supply of class B drugs,20260725T064500Z,lynnnews.co.uk,English,United Kingdom,surcharge,D6_교란행위,2026-07-25
https://www.countypress.co.uk/news/26400763.isle-wight-drink-driver-avoids-jail-m25-service-sting/,bdf7c9ca12206f96777d837e8668bc09,Isle of Wight drink driver avoids jail after M25 service sting | Isle of Wight County Press,20260725T050000Z,countypress.co.uk,English,,surcharge,D6_교란행위,2026-07-25
https://politicaldog101.com/2026/07/trumps-new-tariff-offence-already-has-the-first-lawsuit-filed-against-it/,2ecc791d5a846b976889ef185ac9886f,Trump New tariff offence already has the first Lawsuit filed against it …. ,20260725T190000Z,politicaldog101.com,English,United States,surcharge,D6_교란행위,2026-07-25
https://www.cravenherald.co.uk/news/26408834.bmw-driver-banned-drink-driving-near-gargrave/,0fc75a2fcafcdeb2331436a2179fec69,BMW driver banned for drink driving near Gargrave,20260725T123000Z,cravenherald.co.uk,English,United Kingdom,surcharge,D6_교란행위,2026-07-25
https://www.southwalesargus.co.uk/news/26409409.man-limit-charge-van-cwmbran-hospital/,43b7371d430591f03c94e112b4a92601,Man over limit while in charge of van at Cwmbran hospital,20260725T181500Z,southwalesargus.co.uk,English,United Kingdom,surcharge,D6_교란행위,2026-07-25
https://www.thewestmorlandgazette.co.uk/news/26404084.windermere-man-caught-drug-driving-flipping-bmw-a593-crash/,2e2294282b0025a513f395950f7e0ac4,Windermere man caught drug driving after flipping BMW in A593 crash,20260725T053000Z,thewestmorlandgazette.co.uk,English,United Kingdom,surcharge,D6_교란행위,2026-07-25
https://www.nwemail.co.uk/news/26404084.windermere-man-caught-drug-driving-flipping-bmw-a593-crash/,eb25bc1838a13f18f1cd9d3d5c375908,Windermere man caught drug driving after flipping BMW in A593 crash,20260725T074500Z,nwemail.co.uk,English,United Kingdom,surcharge,D6_교란행위,2026-07-25
https://en.mercopress.com/2026/07/25/brazilian-industry-estimates-nearly-half-its-us-exports-will-face-additional-tariffs,41c18afa45f3e395200d7adc706673c1,Brazilian industry estimates nearly half its US exports will face additional tariffs,20260725T144500Z,en.mercopress.com,English,Argentina,surcharge,D6_교란행위,2026-07-25
https://www.dailypolitical.com/2026/07/25/csx-q2-earnings-call-highlights.html,472eec6ff7831e944fd5c49bbc1c6b8f,CSX Q2 Earnings Call Highlights,20260725T123000Z,dailypolitical.com,English,United States,surcharge,D6_교란행위,2026-07-25
https://www.southwalesargus.co.uk/news/26409629.caerphilly-pub-ordered-pay-9-571-noise-complaints/,b1bee15b2cfae2a5adf22980c8766bba,"Caerphilly pub ordered to pay £9 , 571 over noise complaints",20260725T144500Z,southwalesargus.co.uk,English,United Kingdom,surcharge,D6_교란행위,2026-07-25
https://www.warringtonguardian.co.uk/news/26402570.mum-daughter-sentenced-fight-involvement-lymm/,6d58c276b51e6a5364674ade13118f86,Mum and daughter sentenced for fight involvement in Lymm,20260725T054500Z,warringtonguardian.co.uk,English,United Kingdom,surcharge,D6_교란행위,2026-07-25
https://www.elciudadano.com/en/government-pushes-for-40-hour-workweek-changes-amid-warnings-of-labor-precarization-in-tourism-and-other-sectors/07/25/,351db0c8daf8fa12f2f199e3c5f4f013,Government Pushes for 40 - Hour Workweek Changes Amid Warnings of Labor Precarization in Tourism and Other Sectors,20260725T154500Z,elciudadano.com,English,,surcharge,D6_교란행위,2026-07-25
https://www.wilmslow.co.uk/news/article/25770/plan-for-168-new-homes-in-wilmslow-deferred-over-flooding-concerns,2ee927408de0def189092021615c7e25,Plan for 168 new homes in Wilmslow deferred over flooding concerns,20260725T153000Z,wilmslow.co.uk,English,United Kingdom,surcharge,D6_교란행위,2026-07-25
https://www.unitaid.eu/union-pacific-north-line-2024-9ybu.html,6dc4fc06c3f762e3af76d489a7b8244f,Metra UP - N Schedule : The Ultimate Guide To Navigating The Union Pacific North Line In 2024,20260725T174500Z,unitaid.eu,English,,surcharge,D6_교란행위,2026-07-25
https://timesofindia.indiatimes.com/city/bhubaneswar/sambalpur-family-donates-fifth-body-to-vimsar-in-8-years-amid-cadaver-shortage/articleshow/132625228.cms,e9d50c5b2b3b7ccf0dacb8cf80e175ff,Sambalpur family donates fifth body to Vimsar in 8 years amid cadaver shortage,20260725T123000Z,timesofindia.indiatimes.com,English,India,shortage,D6_교란행위,2026-07-25
https://www.freepressjournal.in/indore/heart-cancer-surgeries-at-ssh-take-a-hit-due-to-anaesthesia-drug-shortage-in-indore,7de90471641c5908cc9d75e4b006a2d6,"Heart , Cancer Surgeries At SSH Take A Hit Due To Anaesthesia Drug Shortage In Indore",20260725T001500Z,freepressjournal.in,English,India,shortage,D6_교란행위,2026-07-25
https://timesofindia.indiatimes.com/city/hubballi/cadaver-shortage-hits-medical-training-in-ballari/articleshow/132625698.cms,d63539adb74b19d0750e7eee32012216,Cadaver shortage hits medical training in Ballari,20260725T131500Z,timesofindia.indiatimes.com,English,India,shortage,D6_교란행위,2026-07-25
https://www.thehindu.com/news/cities/chennai/metrowater-makes-alternate-arrangements-to-improve-water-supply-in-south-chennai/article71266446.ece,2154c5d7ab9a52d664395ac627fc8ef2,Metrowater makes alternate arrangements to improve water supply in south Chennai,20260725T143000Z,thehindu.com,English,India,shortage,D6_교란행위,2026-07-25
https://timesofindia.indiatimes.com/real-estate/news/ghost-flats-explained-why-some-fully-built-homes-remain-empty-despite-indias-housing-shortage/articleshow/132621816.cms,cc34faa2bc33a6540bae2dafc9863e37,Ghost flats explained : Why some fully built homes remain empty despite India housing shortage,20260725T093000Z,timesofindia.indiatimes.com,English,India,shortage,D6_교란행위,2026-07-25
https://www.wibw.com/2026/07/24/riley-county-ems-wins-23rd-battle-badges-blood-drive/,3d40f24e44ff7dbbca45abb57c03f544,Riley County EMS wins 23rd Battle of the Badges blood drive,20260725T040000Z,wibw.com,English,United States,shortage,D6_교란행위,2026-07-25
https://finance.yahoo.com/economy/articles/shippers-face-tighter-capacity-trucking-123000391.html,efc0f3554ed6bd90b40706c12f4078ac,Shippers face tighter capacity as trucking rates hold near record highs,20260725T130000Z,finance.yahoo.com,English,United States,shortage,D6_교란행위,2026-07-25
https://www.tmz.com/2026/07/25/celebrity-france-vacation-photos/,b41d2e9eef19c18da8a3c172bd1eb511,"Vacay Hot Spot 2026 : France Is Serving Major Summer Vibes , See Pics",20260725T080000Z,tmz.com,English,United States,shortage,D6_교란행위,2026-07-25
https://timesofindia.indiatimes.com/city/hubballi/sugarcane-boom-turns-bitter-as-drought-deepens-in-kalaburagi/articleshow/132624588.cms,d227111af733ad1d6bcafbbdd3f095cb,Sugarcane boom turns bitter as drought deepens in Kalaburagi,20260725T121500Z,timesofindia.indiatimes.com,English,India,shortage,D6_교란행위,2026-07-25
https://radio.foxnews.com/2026/07/25/evening-edition-donors-needed-as-the-red-cross-declares-emergency-blood-shortage/,36f5a23840f385696f0ac1897e4286bf,Evening Edition : Donors Needed as the Red Cross Declares Emergency Blood Shortage,20260725T114500Z,radio.foxnews.com,English,United States,shortage,D6_교란행위,2026-07-25
https://economictimes.indiatimes.com/news/india/cm-shivakumar-reviews-drought-preparedness-in-central-karnataka-assures-water-availability/articleshow/132621585.cms,fda38b2727a2dbbbc4ae236c61143fa0,"CM Shivakumar reviews drought preparedness in central Karnataka , assures water availability",20260725T084500Z,economictimes.indiatimes.com,English,India,shortage,D6_교란행위,2026-07-25
https://en.dailypakistan.com.pk/25-Jul-2026/lpg-prices-surge-to-rs410-per-kg-amid-supply-concerns,aa292ab53064a9d3f0deee365b08e71d,LPG prices surge to Rs410 per kg amid supply concerns,20260725T091500Z,en.dailypakistan.com.pk,English,Pakistan,shortage,D6_교란행위,2026-07-25
https://www.scmp.com/week-asia/lifestyle-culture/article/3361778/why-japans-scenic-tohoku-region-still-tourist-outlier,1bbdc5a975709811256aa2656847d109,Why Japan scenic Tohoku region is still a tourist outlier | South China Morning Post,20260725T040000Z,scmp.com,English,China,shortage,D6_교란행위,2026-07-25
https://timesofindia.indiatimes.com/world/us/america-is-committing-trillions-to-rebuild-ai-must-help-people-build-it-/articleshow/132617483.cms,3e45cea6cec32f9b104993dbffdb1da9,America is committing trillions to rebuild . AI must help people build it . ,20260725T021500Z,timesofindia.indiatimes.com,English,India,shortage,D6_교란행위,2026-07-25
https://www.inforum.com/opinion/columns/port-north-dakotans-against-north-dakota,577cf054ca93a7d489c2addb21b0692d,Port : North Dakotans against North Dakota,20260725T144500Z,inforum.com,English,United States,shortage,D6_교란행위,2026-07-25
https://www.thehindubusinessline.com/economy/small-truckers-face-survival-crisis-even-as-they-move-70-of-indias-freight/article71263969.ece,aeca7b25087c6fef735cdbcdb2f74cd9,Small truckers face survival crisis even as they move 70 % of India freight,20260725T114500Z,thehindubusinessline.com,English,India,shortage,D6_교란행위,2026-07-25
https://www.aol.co.uk/articles/climate-change-exacerbating-drought-across-085815000.html,7ad342fa87948834b8c1840b42a3201b,"Climate change  exacerbating  drought across Europe , scientists say",20260725T093000Z,aol.co.uk,English,United Kingdom,shortage,D6_교란행위,2026-07-25
https://www.freemalaysiatoday.com/category/highlight/2026/07/25/resort-developer-pledges-decade-long-effort-to-restore-coral-reefs,12ed051818158c513066ac4a24011646,Resort developer pledges decade - long effort to restore coral reefs,20260725T153000Z,freemalaysiatoday.com,English,Malaysia,shortage,D6_교란행위,2026-07-25
https://www.kbtx.com/2026/07/25/red-cross-declares-national-blood-shortage-brazos-valley-feeling-impact/,a12ed4b4068582fe04cca59e2effafa7,Red Cross Declares National Blood Shortage ; Brazos Valley Feeling the Impact,20260725T081500Z,kbtx.com,English,United States,shortage,D6_교란행위,2026-07-25
https://www.hindustantimes.com/technology/trump-caught-between-apple-and-micron-in-fight-over-chinese-chips-101784984721189.html,04364afadd26eb2003763adb60d18435,Trump caught between Apple and Micron in fight over Chinese chips,20260725T144500Z,hindustantimes.com,English,India,shortage,D6_교란행위,2026-07-25
https://www.polygon.com/god-of-war-laufey-release-date/,ea9e3535fb4f4ca1baf66f0d4fde4a0f,God of War Laufey release date adds to a crowded February 2027 game lineup,20260725T163000Z,polygon.com,English,United States,shortage,D6_교란행위,2026-07-25
https://www.tribuneindia.com/news/haryana/haryana-roadways-employees-protest-near-anil-vijs-residence-in-ambala-cantonment/,cf6e14cdf50ceb7320287d4c0f91d20a,Haryana Roadways employees protest near Anil Vij residence in Ambala Cantonment,20260725T164500Z,tribuneindia.com,English,India,shortage,D6_교란행위,2026-07-25
https://leadership.ng/nigeria-must-fast-track-diagnostic-policy-for-rural-healthcare/,edd662ea451746f55c462a756a101dfd,  Nigeria Must Fast - Track Diagnostic Policy For Rural Healthcare  ,20260725T123000Z,leadership.ng,English,Nigeria,shortage,D6_교란행위,2026-07-25
https://arynews.tv/anthropic-launches-claude-opus-5-with-performance-upgrades,40ccd9deebb5f55fb73d96bf21a52017,Anthropic launches Claude Opus 5 with performance upgrades,20260725T064500Z,arynews.tv,English,Pakistan,shortage,D6_교란행위,2026-07-25
https://www.aol.co.uk/articles/argentina-president-breaks-silence-world-114100000.html,ee89f18cdd2eac46beefd84603a2df53,Argentina president breaks silence on World Cup controversy after shameful scenes,20260725T121500Z,aol.co.uk,English,United Kingdom,shortage,D6_교란행위,2026-07-25
https://www.echo-news.co.uk/news/26295859.basildon-council-outlines-improvements-c4-rating/,79c28a11c9f16a2855296fc81afdf3bd,Basildon Council outlines improvements after C4 rating,20260725T050000Z,echo-news.co.uk,English,United Kingdom,shortage,D6_교란행위,2026-07-25
https://www.freepressjournal.in/education/brett-lee-visits-mumbais-teach-institute-backs-higher-education-and-jobs-for-deaf-and-hard-of-hearing-youth,734ea752c61633d0f9463e549ccbd060,"Brett Lee Visits Mumbai TEACH Institute , Backs Higher Education And Jobs For Deaf And Hard Of Hearing Youth",20260725T150000Z,freepressjournal.in,English,India,shortage,D6_교란행위,2026-07-25
https://www.grimsbytelegraph.co.uk/news/grimsby-news/licence-revoked-cleethorpes-turkish-restaurant-11075659,394a6fb30b37cd90dfd94715340adcab,Licence revoked for Cleethorpes Turkish Restaurant after illegal worker employed,20260725T050000Z,grimsbytelegraph.co.uk,English,United Kingdom,shortage,D6_교란행위,2026-07-25
https://www.perthnow.com.au/news/petrol-and-diesel-prices-to-climb-as-australias-fuel-tax-relief-ends-and-iran-conflict-escalates-c-22626453,0258ee9efcd5526ccc9d35a9542506a5,Petrol and diesel prices to climb as Australia fuel tax relief ends and Iran conflict escalates,20260725T040000Z,perthnow.com.au,English,Australia,shortage,D6_교란행위,2026-07-25
https://finance.yahoo.com/markets/commodities/articles/etf-uslv-shine-silver-rebounds-121524496.html,86db5181bc266aa12c549377fe036f1b,New ETF USLV Will Shine if Silver Rebounds,20260725T143000Z,finance.yahoo.com,English,United States,shortage,D6_교란행위,2026-07-25
https://www.windowscentral.com/hardware/laptops/global-pc-shipments-fall-q2-2026,f9dc34719bfeb56e9770a28989174b43,"The memory crisis just broke PC sale growth streak shipments dropped globally in Q2 2026 , and only one PC brand saw any improvement",20260725T150000Z,windowscentral.com,English,United States,shortage,D6_교란행위,2026-07-25
https://www.thestar.com.my/business/insight/2026/07/25/time-to-rein-in-supply,0c549ad84414a508320ac14b87ab1171,Time to rein in supply,20260725T011500Z,thestar.com.my,English,Malaysia,shortage,D6_교란행위,2026-07-25
https://www.independent.com.mt/articles/2026-07-25/business-news/BOV-and-ASA-launch-the-BOV-Girls-Water-Polo-Academy-6736291668,a27f6d23e35cc1b7c326b9d97b87875d,BOV and ASA launch the BOV Girls Water Polo Academy - The Malta Independent,20260725T171500Z,independent.com.mt,English,Malta,shortage,D6_교란행위,2026-07-25
https://www.wwaytv3.com/north-carolina-encourages-water-conservation-despite-recent-rainfall/,f8bcac5bf2a0888f6cb0cbf678aeefe5,North Carolina encourages water conservation despite recent rainfall,20260725T020000Z,wwaytv3.com,English,United States,shortage,D6_교란행위,2026-07-25
https://www.vanguardngr.com/2026/07/tinubu-unveils-diaspora-health-plan-hails-nigerians-abroad-as-greatest-asset/,cbce1af694d9d8b5f396048bc4800ac0,"Tinubu unveils diaspora health plan , hails Nigerians abroad as greatest asset",20260725T083000Z,vanguardngr.com,English,Nigeria,shortage,D6_교란행위,2026-07-25
https://tribune.com.pk/story/2620145/govt-to-import-1m-tonnes-of-wheat,9e83a32d564bed893fa5c87aa269fc1b,Govt to import 1m tonnes of wheat,20260725T021500Z,tribune.com.pk,English,Pakistan,shortage,D6_교란행위,2026-07-25
https://www.prokerala.com/news/articles/a1792160.html,0f5f7394bfbd2d1c3062fc5ab4e26420,TN Chief Minister office to shift from historic Fort St . George after six decades,20260725T050000Z,prokerala.com,English,India,shortage,D6_교란행위,2026-07-25
https://ktul.com/news/local/tulsa-county-bar-partners-with-tulsa-boys-home-to-bring-street-law-program-for-first-time,5f96a811da9feaefde3788571e35a118,Tulsa County Bar partners with Tulsa Boy Home to bring Street Law program for first time,20260725T001500Z,ktul.com,English,United States,shortage,D6_교란행위,2026-07-25
https://www.14news.com/2026/07/25/indiana-daycare-staffing-rules-relaxed-under-gov-braun/,442f3b6fb8bd49b3849c872726375be5,Indiana daycare staffing rules relaxed under Gov . Braun,20260725T150000Z,14news.com,English,United States,shortage,D6_교란행위,2026-07-25
https://www.livemint.com/focus/birla-corporation-q1-profit-down-3-2-pc-to-rs-115-7-cr-on-lower-cement-prices-surge-in-fuel-costs-11784979742782.html,0a2676fb31c974965786d2df691d32d7,"Birla Corporation Q1 profit down 3 . 2 pc to ₹115 . 7 cr on lower cement prices , surge in fuel costs",20260725T143000Z,livemint.com,English,India,shortage,D6_교란행위,2026-07-25
https://www.mirror.co.uk/film/fans-uncut-gems-glued-screens-37469052,2c33b848c85bac4f4e1264b1232efb79,Fans of Uncut Gems will be glued to screens for  best film  now on Prime Video,20260725T150000Z,mirror.co.uk,English,United Kingdom,shortage,D6_교란행위,2026-07-25
https://www.thehindubusinessline.com/companies/birla-corporation-q1-results-profit-dips-32-to-1157-cr-on-lower-cement-prices-fuel-cost-surge/article71266208.ece,b8160af758458874899ec309eaeb998f,"Birla Corporation Q1 results : Profit dips 3 . 2 % to ₹115 . 7 cr on lower cement prices , fuel cost surge",20260725T151500Z,thehindubusinessline.com,English,India,shortage,D6_교란행위,2026-07-25
https://www.bangkokpost.com/opinion/opinion/3291552/giving-cautious-credit-where-credit-is-due,4abf1b8427354508e3f34090f1265f50,Bangkok Post - Giving ( cautious ) credit where credit is due,20260725T054500Z,bangkokpost.com,English,Thailand,shortage,D6_교란행위,2026-07-25
https://www.stokesentinel.co.uk/news/stoke-on-trent-news/stoke-trent-city-council-course-11064099,a35f0c98a484710fd98c7a151dd5dc44,"1 , 057 Stoke - on - Trent children in care",20260725T154500Z,stokesentinel.co.uk,English,United Kingdom,shortage,D6_교란행위,2026-07-25
https://www.bssnews.net/news/408873,2fd04fd217bb1a9d53e29b47b9c31d2a,Govt committed for balanced development : Iqbal,20260725T153000Z,bssnews.net,English,Bangladesh,shortage,D6_교란행위,2026-07-25
https://wtov9.com/news/local/american-red-cross-warns-summer-blood-shortage-is-straining-hospital-supplies-american-red-cross-blood-shortage-hospital-supplies-blood-donations-type-o-blood-drives-donor-appointments-summer,b5f6f6edbec7c6e818dc2138fa1e3c6a,American Red Cross warns summer blood shortage is straining hospital supplies,20260725T034500Z,wtov9.com,English,United States,shortage,D6_교란행위,2026-07-25
https://www.standardmedia.co.ke/business/article/2001553713/developer-breaks-ground-for-sh4-2-billion-purpose-built-student-hotels-development-in-lukenya,a269e2036234413d1ba5f63d88efe713,Developer breaks ground for Sh4 . 2 billion purpose - built student hotels development in Lukenya,20260725T110000Z,standardmedia.co.ke,English,Kenya,shortage,D6_교란행위,2026-07-25
https://www.theblaze.com/lifestyle/shane-gillis-philly-record-breaking,267a36a31527ce681caf4d205f15eaf4,Boys will be boys : Shane Gilli record - breaking Philadelphia show was more than just a comedy set,20260725T121500Z,theblaze.com,English,United States,shortage,D6_교란행위,2026-07-25
https://www.prokerala.com/news/articles/a1792483.html,c7e53b85e2fd841cd4a275fa190dbb60,"Cabinet expansion likely next week , all Ministers must focus on drought relief : Karnataka CM Shivakumar",20260725T174500Z,prokerala.com,English,India,shortage,D6_교란행위,2026-07-25
https://www.jamaicaobserver.com/2026/07/25/no-ease-honey-shortage/,6a810165cfc744630097c5d1e86ea29f,No ease in honey shortage - Jamaica Observer,20260725T070000Z,jamaicaobserver.com,English,Jamaica,shortage,D6_교란행위,2026-07-25
https://www.yahoo.com/news/us/articles/unm-medical-students-5m-tuition-030300855.html,f17afa603e8c08bd84a059ccd1c6d27c,UNM medical students get $5M tuition break to keep doctors in New Mexico,20260725T034500Z,yahoo.com,English,United States,shortage,D6_교란행위,2026-07-25
https://punchng.com/nigeria-israel-strengthen-research-collaboration-boost-startup-devt/,e785f23b8a96a9a05ac2c83ccaffab78,"Nigeria , Israel Strengthen Research Collaboration , Boost Sta",20260725T001500Z,punchng.com,English,Nigeria,shortage,D6_교란행위,2026-07-25
https://www.thehindu.com/news/cities/bangalore/greater-bengaluru-authority-revisits-orr-revamp-proposes-wider-footpaths-seeks-public-opinion-on-white-topping/article71266528.ece,329ce264d644598dd4e482656d818821,"Greater Bengaluru Authority revisits ORR revamp , proposes wider footpaths ; seeks public opinion on white - topping",20260725T144500Z,thehindu.com,English,India,shortage,D6_교란행위,2026-07-25
https://www.thehindu.com/business/agri-business/indias-policy-on-urea-explained/article71265519.ece,e7292d03e6cb6d0bfa3dea1929bbac6d,India policy on urea | Explained,20260725T081500Z,thehindu.com,English,India,shortage,D6_교란행위,2026-07-25
https://www.cosmopolitan.com/lifestyle/a71728157/aries-monthly-horoscope-august-2026/,9bacd040479fc27b2608e64855bc5aa8,Aries Monthly Horoscope for August 2026,20260725T150000Z,cosmopolitan.com,English,United States,shortage,D6_교란행위,2026-07-25
https://www.theblaze.com/columns/opinion/the-socialists-are-coming-for-the-senate,2b055679f0cf1cdfe3cf18b1c20f588e,The socialists are coming for the Senate,20260725T170000Z,theblaze.com,English,United States,shortage,D6_교란행위,2026-07-25
https://www.rte.ie/gaeilge/2026/0722/1238737-gaeltacht-gems-48-hours-in-west-kerry/,2d59299bcd8bdb749d57364f38c01210,Gaeltacht Gems : 48 hours in West Kerry,20260725T180000Z,rte.ie,English,Ireland,shortage,D6_교란행위,2026-07-25
https://www.catholicworldreport.com/2026/07/24/7-crookston-minnesota-parishes-to-lose-sunday-masses-in-reorganization-plan-citing-priest-shortage/,61f29bf0e266602b34224c6d3d318635,"7 Crookston , Minnesota , parishes to lose Sunday Masses in reorganization plan citing priest shortage",20260725T001500Z,catholicworldreport.com,English,United States,shortage,D6_교란행위,2026-07-25
https://www.countryliving.com/life/kids-pets/a73247866/odyssey-dog-breed-portuguese-podengo/,3a6ba32af55f27a96d0c9c5c7bad7379,"Portuguese Podengo : The 2 , 700 - Year - Old Dog Breed Stealing Hearts in The Odyssey",20260725T181500Z,countryliving.com,English,United States,shortage,D6_교란행위,2026-07-25
https://www.abqjournal.com/news/unm-medical-students-get-5m-tuition-break-to-keep-doctors-in-new-mexico/3089000,008806f45f95041ddbab8e3ee4297d90,NM Legislature gives UNM medical students $5M in tuition relief to keep doctors in state,20260725T021500Z,abqjournal.com,English,United States,shortage,D6_교란행위,2026-07-25
https://www.express.co.uk/showbiz/tv-radio/2231522/masterpiece-netflix-period-drama-series,aa7085937bd4aa3a9e44c88673be38bc,Netflix period drama is  excellent masterpiece  | TV & Radio | Showbiz & TV,20260725T070000Z,express.co.uk,English,United Kingdom,shortage,D6_교란행위,2026-07-25
https://www.abc.net.au/news/2026-07-26/australia-diamonds-tonga-commonwealth-games-netball-uneeq-palavi/106958488,a5b1e147b1b5732bea4dc35eb6bb263b,Diamonds go up against Tonga and the crowd in opening Commonwealth Games netball win in Glasgow,20260725T154500Z,abc.net.au,English,Australia,shortage,D6_교란행위,2026-07-25
https://www.thestar.com.my/lifestyle/culture/2026/07/25/permit-barriers-shortage-of-successors-threaten-kelantan039s-wayang-kulit,9413b72c88e5088e1b10edaad334fb4e,"Permit barriers , shortage of successors threaten Kelantan wayang kulit",20260725T181500Z,thestar.com.my,English,Malaysia,shortage,D6_교란행위,2026-07-25
https://tribuneonlineng.com/fg-tetfund-move-to-commercialise-research-deepen-innovation-ecosystem-in-north-east/,1664477fc08c9ede10c970d5e73c6fed,"FG , TETFund move to commercialise research , deepen innovation ecosystem in North - East",20260725T121500Z,tribuneonlineng.com,English,Nigeria,shortage,D6_교란행위,2026-07-25
https://timesofindia.indiatimes.com/city/bareilly/orphaned-once-dudhwa-elephant-now-faces-separation-from-surrogate-family/articleshow/132630677.cms,d08a3df05ddd1f550b32d24d39f93d04,"Orphaned once , Dudhwa elephant now faces separation from surrogate family",20260725T180000Z,timesofindia.indiatimes.com,English,India,shortage,D6_교란행위,2026-07-25
https://www.geo.tv/latest/674689-betrayal-the-young-victims-of-indias-exam-leak-scandal,e3c1cd3721b529f9e703de32abd587fb,  Betrayal : The young victims of India exam leak scandal,20260725T053000Z,geo.tv,English,Pakistan,shortage,D6_교란행위,2026-07-25
https://www.denverpost.com/2026/07/24/lebron-james-philadelphia-76ers/,60d01ea8beca80dd11c9ab4ff510d9d0,"LeBron James to play for Philadelphia 76ers , says it will be his  last decision  – The Denver Post",20260725T061500Z,denverpost.com,English,United States,shortage,D6_교란행위,2026-07-25
https://www.rigzone.com/news/wire/global_inflation_angst_is_back-25-jul-2026-184211-article/,9d0f2211d8a24724967943a454a8f61a,Global Inflation Angst Is Back,20260725T123000Z,rigzone.com,English,United States,shortage,D6_교란행위,2026-07-25
http://www.minnpost.com/community-voices/2026/07/foster-literacy-music-education-sing-today-read-forever/,5b203591d2b9b8e12bab5547cf9f7d0c,"Foster literacy through music education : Sing today , read forever",20260725T060000Z,minnpost.com,English,United States,shortage,D6_교란행위,2026-07-25
https://www.standard.net.au/story/9317314/fuel-supply-secure-despite-price-alert-as-war-grinds-on/,f27804df926b0f97d87652c6f380948c,Fuel supply secure despite price alert as war grinds on,20260725T084500Z,standard.net.au,English,Australia,shortage,D6_교란행위,2026-07-25
https://www.examiner.com.au/story/9317314/fuel-supply-secure-despite-price-alert-as-war-grinds-on/,9bda10ae5e5adc78b41bb75a283c06fc,Fuel supply secure despite price alert as war grinds on,20260725T081500Z,examiner.com.au,English,Australia,shortage,D6_교란행위,2026-07-25
https://www.manilatimes.net/2026/07/26/news/national/sona-to-track-anti-graft-efforts-economic-gains/2391523,958ec43c43127d615c0f7ea9f62fe769,"SONA to track anti - graft efforts , economic gains",20260725T171500Z,manilatimes.net,English,Philippines,shortage,D6_교란행위,2026-07-25
https://www.zmescience.com/medicine/viagras-next-act-could-be-stopping-cancer-from-spreading/,0581ad93abc7b296984b5f10140d61b5,Viagra Next Act Could Be Stopping Cancer From Spreading,20260725T010000Z,zmescience.com,English,United States,shortage,D6_교란행위,2026-07-25
https://www.philstar.com/opinion/2026/07/26/2544694/two-go,1473fb1cd69d9ddf73653da5a34ed079,Two to go | Philstar . com,20260725T171500Z,philstar.com,English,Philippines,shortage,D6_교란행위,2026-07-25
https://www.quintenews.com/2026/07/24/388200/,844289b17c5a04b64dd600ab6e6e0cc0,New child care options in Prince Edward County,20260725T001500Z,quintenews.com,English,Canada,shortage,D6_교란행위,2026-07-25
https://www.theepochtimes.com/business/young-middle-income-buyers-frustrated-as-us-home-costs-rise-faster-than-incomes-6055677,d4e9f649609c6606a4e2a41b22649bd1,Young Middle - Income Buyers Frustrated as US Home Costs Rise Faster Than Incomes,20260725T114500Z,theepochtimes.com,English,United States,shortage,D6_교란행위,2026-07-25
https://www.vanguardngr.com/2026/07/kwara-govt-builds-1600-housing-units-for-residents/,bc63b8c86d3d441355e832b9b78d5134,"Kwara govt builds 1 , 600 housing units for residents",20260725T114500Z,vanguardngr.com,English,Nigeria,shortage,D6_교란행위,2026-07-25
https://www.hindustantimes.com/india-news/dharmendra-pradhan-resignation-reasons-for-indian-ministers-cm-quitting-in-the-past-101784985507058.html,25729e5678e6e53b9d9ec781defcc457,"Rail accidents , wars , terror , corruption and onions : Why Indian ministers , even a CM , have quit in the past",20260725T151500Z,hindustantimes.com,English,India,shortage,D6_교란행위,2026-07-25
https://www.quintenews.com/2026/07/25/388109/,4771807cd3611517b6f7f6ed3b5ca92e,Blood needed and how you can help,20260725T093000Z,quintenews.com,English,Canada,shortage,D6_교란행위,2026-07-25
https://urbanmilwaukee.com/2026/07/25/urban-reads-did-the-usdot-just-prioritize-speed-over-safety/,9d1ee851889d5f18e94e54da6da82106,Urban Reads : Did the USDOT Just Prioritize Speed Over Safety ? ,20260725T174500Z,urbanmilwaukee.com,English,United States,shortage,D6_교란행위,2026-07-25
https://www.rappler.com/voices/thought-leaders/vantage-point-oil-prices-false-prophets-wrong-forecast-economist/,e166d1b55f77de7f4902fd042d7b58c6, [ Vantage Point ] Oil false prophets,20260725T010000Z,rappler.com,English,Philippines,shortage,D6_교란행위,2026-07-25
https://mashable.com/tech/vegas-loop-interview,331adca6021fde7fa0d78a24808661c2,"Elon Musk Boring Company Vegas Loop falls short , says YouTuber",20260725T021500Z,mashable.com,English,United States,shortage,D6_교란행위,2026-07-25
https://www.hindustantimes.com/world-news/the-return-of-the-african-megaproject-101784987044563.html,f8556a00b55ab86a06a0d3536bf4298b,The return of the African megaproject,20260725T144500Z,hindustantimes.com,English,India,shortage,D6_교란행위,2026-07-25
http://www.prnewswire.com/news-releases/blackrock-carhartt-ford-and-google-launch-new-alliance-to-expand-skilled-workforce-training-302830349.html,8bb4774105093f199d97629eefa451c8,"BlackRock , Carhartt , Ford and Google Launch New Alliance to Expand Skilled Workforce Training",20260725T113000Z,prnewswire.com,English,United States,shortage,D6_교란행위,2026-07-25
https://www.newkerala.com/news/a/america-building-again-trump-hails-us-nuclear-power-523.htm,884d7508644a76878909ce617fc87982,Trump : 4 Companies Meet Nuclear Reactor Deadline,20260725T153000Z,newkerala.com,English,India,shortage,D6_교란행위,2026-07-25
https://www.timesfreepress.com/news/2026/jul/25/personal-finance-thank-spain-for-the-us-dollar/,afe55d3e37a4e7038f9e51bc2b01cfc2,Personal Finance : Thank Spain for the U . S . dollar | Chattanooga Times Free Press,20260725T173000Z,timesfreepress.com,English,United States,shortage,D6_교란행위,2026-07-25
https://www.yahoo.com/news/us/articles/feds-set-unveil-colorado-river-120251942.html,1e2f01b8a3ab5d8dc8adb7f5f7056f9e,Feds set to unveil Colorado River plan . How it could hit Arizona,20260725T123000Z,yahoo.com,English,United States,shortage,D6_교란행위,2026-07-25
http://www.jpost.com/opinion/article-903283,95561c8882d8334ef063b6e18da8920e,Tisha BAv calls on Israel to restore its culture of responsibility,20260725T150000Z,jpost.com,English,Israel,shortage,D6_교란행위,2026-07-25
https://www.tvline.com/2218684/stars-fired-own-sitcoms/,bf32b13886bab0fa8c7675503acb6929,5 Stars Who Were Fired From Their Own Sitcoms,20260725T184500Z,tvline.com,English,United States,shortage,D6_교란행위,2026-07-25
https://www.prokerala.com/news/articles/a1792377.html,34095ccb03de787985f76f06894c7bad,Poverty in Pakistan : A deepening crisis in a lower - middle - income state,20260725T140000Z,prokerala.com,English,India,shortage,D6_교란행위,2026-07-25
https://www.theadvocate.com.au/story/9317314/fuel-supply-secure-despite-price-alert-as-war-grinds-on/,8e4739a53a4948729d34b2948785fa9c,Fuel supply secure despite price alert as war grinds on,20260725T070000Z,theadvocate.com.au,English,Australia,shortage,D6_교란행위,2026-07-25
https://www.howtogeek.com/the-best-motorola-smartphones-of-all-time-ranked/,02c84cd9b57ced6002ffe574bab046a3,"The 6 best Motorola smartphones of all time , ranked",20260725T180000Z,howtogeek.com,English,United States,shortage,D6_교란행위,2026-07-25
https://mondoweiss.net/2026/07/why-israel-needs-to-continue-its-genocidal-war-on-gaza/,1ef022d56e535a1b49c882971ef8df74,Why Israel needs to continue its genocidal war on Gaza,20260725T153000Z,mondoweiss.net,English,Israel,shortage,D6_교란행위,2026-07-25
https://www.swissinfo.ch/eng/demographics/why-traditional-family-gender-roles-are-slow-to-change-in-switzerland/79522474,fe55bad5170205aab75d7a170edd934b,"Mum in the kitchen , dad in the shed : why roles are slow to change in Switzerland",20260725T091500Z,swissinfo.ch,English,Switzerland,shortage,D6_교란행위,2026-07-25
https://www.wahpetondailynews.com/opinion/columns/port-north-dakotans-against-north-dakota,65380d0625e49908c217aef0fc79efb6,Port : North Dakotans against North Dakota,20260725T120000Z,wahpetondailynews.com,English,United States,shortage,D6_교란행위,2026-07-25
https://www.jamestownsun.com/opinion/columns/port-north-dakotans-against-north-dakota,4df307ce87e2198776f9f33f4c740357,Port : North Dakotans against North Dakota,20260725T113000Z,jamestownsun.com,English,United States,shortage,D6_교란행위,2026-07-25
https://www.ketv.com/article/nebraska-blood-bank-battles-shortages/73258987,55693433a50378b891f1d100e60b2506,Nebraska blood bank battles donation shortages,20260725T001500Z,ketv.com,English,United States,shortage,D6_교란행위,2026-07-25
https://collider.com/greatest-dc-tv-villain-on-tv-deathstroke-arrow-series/,540bdb09664494e4ea57b77f1a256287,One of DC Greatest Villains Was Perfected on This Binge - Worthy 8 - Part TV Series,20260725T123000Z,collider.com,English,United States,shortage,D6_교란행위,2026-07-25
https://www.kezi.com/news/local/eugene-chamber-earns-top-us-honor-for-housing-jobs-push/article_b0938449-9060-4e0a-a032-e38d0ff74da4.html,a664043cd8b43f4a93e885dfcb923c54,"Eugene chamber earns top US honor for housing , jobs push",20260725T010000Z,kezi.com,English,United States,shortage,D6_교란행위,2026-07-25
https://www.carptalk-online.co.uk/t/simon-crow-vinny-pritchard-show-us-how-to-make-the-most-of-the-post-spawn-window/270,2ae13d193d7278901ea8167a0603ab91,Simon Crow & Vinny Pritchard Show Us How to Make the Most of the Post - Spawn Window,20260725T040000Z,carptalk-online.co.uk,English,United Kingdom,shortage,D6_교란행위,2026-07-25
https://www.parkrecord.com/2026/07/25/open-to-all/,c210d8e915454620b5720bbde7fc4b6b,Open to all - Park Record,20260725T121500Z,parkrecord.com,English,United States,shortage,D6_교란행위,2026-07-25
http://www.greekherald.com/news/279209005/climate-change-exacerbating-drought-across-europe-scientists-say,45e436190aa61c038e91f57ea68613ac,"Climate change  exacerbating  drought across Europe , scientists say",20260725T144500Z,greekherald.com,English,Greece,shortage,D6_교란행위,2026-07-25
https://www.middleeasteye.net/opinion/why-cair-urging-us-muslims-seek-security-from-dhs,2c0b86a0c91bfde14c3875260d25d8d5,Why is Cair urging US Muslims to seek security from DHS ? ,20260725T090000Z,middleeasteye.net,English,Israel,shortage,D6_교란행위,2026-07-25
https://www.npr.org/2026/07/25/g-s1-133450/sexual-violence-women-clean-water-nairobi-kenya,f3a68dce6c9310f4b9d78a6fea30b78e,These women risk sextortion as they seek clean water : NPR,20260725T150000Z,npr.org,English,United States,shortage,D6_교란행위,2026-07-25
https://www.wmdt.com/2026/07/delaware-state-fairgoers-share-their-memories/,411a943a38b634f589100a33868042af,Delaware State Fairgoers Share Their Memories,20260725T021500Z,wmdt.com,English,United States,shortage,D6_교란행위,2026-07-25
https://www.thereporterethiopia.com/52006/,668ff3d2d1f52a7e186b3c6438455f3b,The Future Of Freight : What Will Liberalization Mean For Ethiopia Fledging Logistics Sector ? ,20260725T113000Z,thereporterethiopia.com,English,Ethiopia,shortage,D6_교란행위,2026-07-25
https://knpr.org/npr/2026-07-25/some-women-who-cant-afford-water-are-often-pressured-to-provide-sex-for-it,bd641fd19445ff9cca26c1be687ee0a7,Some women who cant afford water are often pressured to provide sex for it,20260725T180000Z,knpr.org,English,United States,shortage,D6_교란행위,2026-07-25
https://www.mynbc5.com/article/st-albans-blood-drive-100-pints/73259418,a3a511c11b007255dd84ee94a76b1da9,St . Albans blood drive sees over 100 pints donated,20260725T013000Z,mynbc5.com,English,United States,shortage,D6_교란행위,2026-07-25
https://www.tpr.org/news/2026-07-25/some-women-who-cant-afford-water-are-often-pressured-to-provide-sex-for-it,44ee03245cdc17e7058dcd4fa35a7ca3,Some women who cant afford water are often pressured to provide sex for it,20260725T184500Z,tpr.org,English,United States,shortage,D6_교란행위,2026-07-25
https://cnynews.com/ixp/10/p/schools-start-time-new-york-state/,afe68110ffcb1fafc969ca457eafdb80,Public Schools Starting EARLIER School Days 2026 - 2027 in New York,20260725T121500Z,cnynews.com,English,United States,shortage,D6_교란행위,2026-07-25
https://www.burytimes.co.uk/news/26285083.lancashire-village-canal-walks-cosy-pubs-stunning-views/,4d0c5a5fd6a3d402728dc2e7eb5f21a8,"The Lancashire village with canal walks , cosy pubs and stunning views",20260725T084500Z,burytimes.co.uk,English,United Kingdom,shortage,D6_교란행위,2026-07-25
https://vernonmorningstar.com/2026/07/24/photos-new-group-brings-rebooted-ribfest-to-downtown-penticton/,97a847b6834e35ba4d97278bd6d11c2a,PHOTOS : New group brings rebooted Ribfest to downtown Penticton,20260725T001500Z,vernonmorningstar.com,English,Canada,shortage,D6_교란행위,2026-07-25
https://www.wamc.org/2026-07-25/some-women-who-cant-afford-water-are-often-pressured-to-provide-sex-for-it,b46c4746bab776a2e136693526c2da9a,Some women who cant afford water are often pressured to provide sex for it,20260725T153000Z,wamc.org,English,United States,shortage,D6_교란행위,2026-07-25
https://www.madinamerica.com/2026/07/how-the-moral-panic-on-psychiatric-bed-shortages-is-fueling-a-competency-crisis-in-the-u-s/,16a418779b3916bfb86693b2bf675ba3,How the Moral Panic on Psychiatric Bed Shortages is Fueling a  Competency Crisi in the U . S . ,20260725T113000Z,madinamerica.com,English,United States,shortage,D6_교란행위,2026-07-25
https://www.readingchronicle.co.uk/news/around/26299538.reading-council-forging-ahead-newbuild-homes-project/,728e78bbaab8719a1237512264d3c70e,Reading council forging ahead with newbuild homes project,20260725T114500Z,readingchronicle.co.uk,English,United Kingdom,shortage,D6_교란행위,2026-07-25
https://www.orissapost.com/kandhamal-minor-rape-nhrc-seeks-fresh-report-widens-probe-into-public-healthcare-gaps/,bcc552c69418e0489e90aabccbbeafee,"Kandhamal minor rape : NHRC seeks fresh report , widens probe into public healthcare gaps",20260725T053000Z,orissapost.com,English,India,shortage,D6_교란행위,2026-07-25
https://www.miragenews.com/western-australian-bees-on-road-to-south-1716213/,bdebcc936a01638d5570c00cf8163425,Western Australian Bees On Road To South Australia,20260725T040000Z,miragenews.com,English,United States,shortage,D6_교란행위,2026-07-25
https://www.sakshipost.com/news/ott/weekend-ott-watchlist-july-2526-new-movies-and-web-series-stream-481312,c533a33f35ea98cf959f24a703176210,"Weekend OTT Watchlist ( July 25 , 26 ): New Movies and Web Series to Stream",20260725T061500Z,sakshipost.com,English,India,shortage,D6_교란행위,2026-07-25
https://www.thereporterethiopia.com/52010/,91b0d5b29a55672f04d59b40c2f67efb,"The Leaky Bucket Of Global Peace : How Multilateral Defunding Is Starving The Horn Humanitarian , Peacekeeping Operations",20260725T113000Z,thereporterethiopia.com,English,Ethiopia,shortage,D6_교란행위,2026-07-25
https://www.alaskasnewssource.com/2026/07/25/sullivan-talks-alaska-trade-jobs-with-dirty-jobs-host-mike-rowe/,2e5c493ee2cfd0cda2bdfc604400edb9,Sullivan talks Alaska trade jobs with  Dirty Job host Mike Rowe,20260725T040000Z,alaskasnewssource.com,English,,shortage,D6_교란행위,2026-07-25
http://www.sandiegosun.com/news/279209245/oil-back-at-100-time-to-worry,3f6b856be5d7521febe907ba9d758d96,Oil back at $100 : Time to worry,20260725T144500Z,sandiegosun.com,English,United States,shortage,D6_교란행위,2026-07-25
http://www.bruneinews.net/news/279209245/oil-back-at-100-time-to-worry,a27ff8bb1d629500e06ead84d418e6e0,Oil back at $100 : Time to worry,20260725T144500Z,bruneinews.net,English,Malaysia,shortage,D6_교란행위,2026-07-25
http://www.jamaicantimes.com/news/279209245/oil-back-at-100-time-to-worry,6917861c35a6a99cd347549b10f37e04,Oil back at $100 : Time to worry,20260725T144500Z,jamaicantimes.com,English,Jamaica,shortage,D6_교란행위,2026-07-25
http://www.bignewsnetwork.com/news/279209245/oil-back-at-100-time-to-worry,c4625e2f85d4bc95d2ba801becf10510,Oil back at $100 : Time to worry,20260725T144500Z,bignewsnetwork.com,English,United States,shortage,D6_교란행위,2026-07-25
http://www.middleeaststar.com/news/279209245/oil-back-at-100-time-to-worry,c9b7b2093e5a105a1e83371210e9365c,Oil back at $100 : Time to worry,20260725T150000Z,middleeaststar.com,English,Syria,shortage,D6_교란행위,2026-07-25
http://www.middleeaststar.com/news/279209258/oil-back-at-100-time-to-worry,48c261d992dd3ab22818014ac467e48e,Oil back at $100 : Time to worry ? ,20260725T150000Z,middleeaststar.com,English,Syria,shortage,D6_교란행위,2026-07-25
http://www.afghanistansun.com/news/279209245/oil-back-at-100-time-to-worry,135b6988ec3c419e72cb9821568043e0,Oil back at $100 : Time to worry,20260725T150000Z,afghanistansun.com,English,Afghanistan,shortage,D6_교란행위,2026-07-25
http://www.northkoreatimes.com/news/279209245/oil-back-at-100-time-to-worry,a2bda4b271abe63613a3f1062b0204ad,Oil back at $100 : Time to worry,20260725T143000Z,northkoreatimes.com,English,North Korea,shortage,D6_교란행위,2026-07-25
http://www.srilankasource.com/news/279209245/oil-back-at-100-time-to-worry,e43512bf6be5623e313732f212e99f7c,Oil back at $100 : Time to worry,20260725T143000Z,srilankasource.com,English,Sri Lanka,shortage,D6_교란행위,2026-07-25
http://www.oklahomastar.com/news/279209245/oil-back-at-100-time-to-worry,8295330a9a37aed231fa8c89d6b5d699,Oil back at $100 : Time to worry,20260725T143000Z,oklahomastar.com,English,United States,shortage,D6_교란행위,2026-07-25
http://www.nigeriasun.com/news/279209245/oil-back-at-100-time-to-worry,d9cf65acc8cb6435b8f282459ddb9ad8,Oil back at $100 : Time to worry,20260725T141500Z,nigeriasun.com,English,Nigeria,shortage,D6_교란행위,2026-07-25
http://www.dallassun.com/news/279209245/oil-back-at-100-time-to-worry,b2006c588d801c757258b7f73ed456b1,Oil back at $100 : Time to worry,20260725T143000Z,dallassun.com,English,United States,shortage,D6_교란행위,2026-07-25
http://www.birminghamstar.com/news/279209245/oil-back-at-100-time-to-worry,1b5dd1c67c289d1ccac2d63f0d1b4d67,Oil back at $100 : Time to worry,20260725T153000Z,birminghamstar.com,English,United States,shortage,D6_교란행위,2026-07-25
http://www.tucsonpost.com/news/279209245/oil-back-at-100-time-to-worry,1d3e8032e0311f1d48d975c69f2fc7e4,Oil back at $100 : Time to worry,20260725T153000Z,tucsonpost.com,English,United States,shortage,D6_교란행위,2026-07-25
http://www.massachusettssun.com/news/279209245/oil-back-at-100-time-to-worry,52731b0726f109c8da6d2acf1d97e82b,Oil back at $100 : Time to worry,20260725T153000Z,massachusettssun.com,English,United States,shortage,D6_교란행위,2026-07-25
http://www.londonmercury.com/news/279209245/oil-back-at-100-time-to-worry,483d671b89cc7d24e3c250445a7f7090,Oil back at $100 : Time to worry,20260725T153000Z,londonmercury.com,English,United Kingdom,shortage,D6_교란행위,2026-07-25
http://www.cincinnatisun.com/news/279209245/oil-back-at-100-time-to-worry,6e4d05aa89806f0477d920f3260c6d3a,Oil back at $100 : Time to worry,20260725T153000Z,cincinnatisun.com,English,United States,shortage,D6_교란행위,2026-07-25
http://www.calcuttanews.net/news/279209245/oil-back-at-100-time-to-worry,ed83099622dba70193cc4975dbe1d297,Oil back at $100 : Time to worry,20260725T154500Z,calcuttanews.net,English,India,shortage,D6_교란행위,2026-07-25
http://www.chinanationalnews.com/news/279209245/oil-back-at-100-time-to-worry,49dbf95591bfe5070ed70bab16167655,Oil back at $100 : Time to worry,20260725T154500Z,chinanationalnews.com,English,China,shortage,D6_교란행위,2026-07-25
http://www.parisguardian.com/news/279209245/oil-back-at-100-time-to-worry,a0387b4c08b4e7254613e6bb243b77e8,Oil back at $100 : Time to worry,20260725T154500Z,parisguardian.com,English,France,shortage,D6_교란행위,2026-07-25
http://www.israelherald.com/news/279209245/oil-back-at-100-time-to-worry,8432f95428a56244a956af6e6e5aa4f7,Oil back at $100 : Time to worry,20260725T174500Z,israelherald.com,English,Israel,shortage,D6_교란행위,2026-07-25
http://www.nepalnational.com/news/279209245/oil-back-at-100-time-to-worry,2b50ef43730a6324e836ea944f603717,Oil back at $100 : Time to worry,20260725T174500Z,nepalnational.com,English,Nepal,shortage,D6_교란행위,2026-07-25
http://www.sierraleonetimes.com/news/279209245/oil-back-at-100-time-to-worry,c4723598d8c37cb615682724186f0c40,Oil back at $100 : Time to worry,20260725T174500Z,sierraleonetimes.com,English,Sierra Leone,shortage,D6_교란행위,2026-07-25
http://www.floridastatesman.com/news/279209245/oil-back-at-100-time-to-worry,524f810a473218ee8e296740fe4f7ca2,Oil back at $100 : Time to worry,20260725T163000Z,floridastatesman.com,English,United States,shortage,D6_교란행위,2026-07-25
http://www.neworleanssun.com/news/279209245/oil-back-at-100-time-to-worry,54be7c89f8574d489148e5f3c924ce55,Oil back at $100 : Time to worry,20260725T163000Z,neworleanssun.com,English,United States,shortage,D6_교란행위,2026-07-25
http://www.orlandoecho.com/news/279209245/oil-back-at-100-time-to-worry,569bd72f1e82b5ed56c8aee9a8fa0b99,Oil back at $100 : Time to worry,20260725T154500Z,orlandoecho.com,English,United States,shortage,D6_교란행위,2026-07-25
http://www.haitisun.com/news/279209245/oil-back-at-100-time-to-worry,aeaeb479e9f4bba7e3b980bc177fa52b,Oil back at $100 : Time to worry,20260725T164500Z,haitisun.com,English,United States,shortage,D6_교란행위,2026-07-25
http://www.japanherald.com/news/279209245/oil-back-at-100-time-to-worry,30e0cb3974e1459e3822b2902310f8a3,Oil back at $100 : Time to worry,20260725T181500Z,japanherald.com,English,Japan,shortage,D6_교란행위,2026-07-25
http://www.texasguardian.com/news/279209245/oil-back-at-100-time-to-worry,70d4be5449cf2787090277a4e5579558,Oil back at $100 : Time to worry,20260725T170000Z,texasguardian.com,English,United States,shortage,D6_교란행위,2026-07-25
http://www.bangladeshsun.com/news/279209245/oil-back-at-100-time-to-worry,79c6775b0a9d0333051f879a9d650aec,Oil back at $100 : Time to worry,20260725T154500Z,bangladeshsun.com,English,Bangladesh,shortage,D6_교란행위,2026-07-25
http://www.arabherald.com/news/279209258/oil-back-at-100-time-to-worry,4c2f58459441ffc193d5151854a5a8d6,Oil back at $100 : Time to worry ? ,20260725T161500Z,arabherald.com,English,Syria,shortage,D6_교란행위,2026-07-25
http://www.trinidadtimes.com/news/279209245/oil-back-at-100-time-to-worry,1cb83967bb39cf2e6f37d6b161409b6a,Oil back at $100 : Time to worry,20260725T171500Z,trinidadtimes.com,English,Trinidad and Tobago,shortage,D6_교란행위,2026-07-25
http://www.brazilsun.com/news/279209245/oil-back-at-100-time-to-worry,17fee1594a54ea80ea720fa1830ddd85,Oil back at $100 : Time to worry,20260725T171500Z,brazilsun.com,English,Brazil,shortage,D6_교란행위,2026-07-25
http://www.laosnews.net/news/279209245/oil-back-at-100-time-to-worry,32bde60460f4fa632d7d622bb979d72b,Oil back at $100 : Time to worry,20260725T173000Z,laosnews.net,English,United States,shortage,D6_교란행위,2026-07-25
http://www.taiwansun.com/news/279209245/oil-back-at-100-time-to-worry,47cc6eeeb72a13b01841415b459b7e5f,Oil back at $100 : Time to worry,20260725T171500Z,taiwansun.com,English,China,shortage,D6_교란행위,2026-07-25
http://www.newyorktelegraph.com/news/279209245/oil-back-at-100-time-to-worry,4fe69b38d86e0410389e3fc4f5b5eda5,Oil back at $100 : Time to worry,20260725T171500Z,newyorktelegraph.com,English,United States,shortage,D6_교란행위,2026-07-25
http://www.beijingbulletin.com/news/279209245/oil-back-at-100-time-to-worry,c469ad6ffb57305e775437405becf324,Oil back at $100 : Time to worry,20260725T180000Z,beijingbulletin.com,English,China,shortage,D6_교란행위,2026-07-25
http://www.russiaherald.com/news/279209245/oil-back-at-100-time-to-worry,d665775ab6f4ee53f85fcdee35a63dba,Oil back at $100 : Time to worry,20260725T180000Z,russiaherald.com,English,Russia,shortage,D6_교란행위,2026-07-25
http://www.newyorkstatesman.com/news/279209245/oil-back-at-100-time-to-worry,a7470bec03b55a6c166aa25bf5fed517,Oil back at $100 : Time to worry,20260725T180000Z,newyorkstatesman.com,English,United States,shortage,D6_교란행위,2026-07-25
http://www.azerbaijannews.net/news/279209245/oil-back-at-100-time-to-worry,7d5666188c5c81d44fe2a8c0e9c92c2a,Oil back at $100 : Time to worry,20260725T181500Z,azerbaijannews.net,English,Azerbaijan,shortage,D6_교란행위,2026-07-25
https://www.mangalorean.com/tn-chief-ministers-office-to-shift-from-historic-fort-st-george-after-six-decades/,96f0cf4c3e10e0fe74e3d9bc64749dba,TN Chief Minister office to shift from historic Fort St . George after six decades,20260725T060000Z,mangalorean.com,English,India,shortage,D6_교란행위,2026-07-25
https://www.bookreporter.com/reviews/keep-them-close,78c09dd118e233969c780d4e74239125,Keep Them Close | Bookreporter . com,20260725T060000Z,bookreporter.com,English,United States,shortage,D6_교란행위,2026-07-25
https://ipowerrichmond.com/4570303/weekend-watch-list-10-movies-shows-to-stream/,f498da5be9c8df2f875565a2f0eb52ce,Weekend Watch List : 10 Movies & Shows To Stream,20260725T114500Z,ipowerrichmond.com,English,United States,shortage,D6_교란행위,2026-07-25
https://www.burytimes.co.uk/news/26299596.visited-one-uks-best-steakhouses-excels/,662705e7d14d4d9c7539d3a4b2b80e80,I visited one of the united kingdom best steakhouses : Here where it excels,20260725T084500Z,burytimes.co.uk,English,United Kingdom,shortage,D6_교란행위,2026-07-25
https://www.wirralglobe.co.uk/news/26400178.5-best-rated-restaurants-birkenhead-tripadvisor/,f170d8c892cc6d51e2bcd3394f362cee,5 of the best - rated restaurants in Birkenhead on TripAdvisor,20260725T053000Z,wirralglobe.co.uk,English,United Kingdom,shortage,D6_교란행위,2026-07-25
https://www.itnewsonline.com/PRNewswire/Alisira-O-Publishes-Findings-on-Why-Most-Marketing-Dashboards-Miss-the-Metrics-That-Matter/1138889,4a2fcb65e1670f09d478e27eff8fe5f7,Alisira OÜ Publishes Findings on Why Most Marketing Dashboards Miss the Metrics That Matter,20260725T163000Z,itnewsonline.com,English,United States,shortage,D6_교란행위,2026-07-25
http://www.russiaherald.com/news/279209377/drunk-uk-soldiers-steal-armored-vehicle-smash-parked-cars,76a4fce4129c884685bc6142f45eabc7,"drunk united kingdom soldiers steal armored vehicle , smash parked cars",20260725T180000Z,russiaherald.com,English,Russia,shortage,D6_교란행위,2026-07-25
https://www.islands.com/2218397/best-midwest-camping-destinations-visit/,dfb9a4bd1d2ef741c280e5d99bb3bffa,14 Best Midwest Camping Destinations To Visit,20260725T181500Z,islands.com,English,United States,shortage,D6_교란행위,2026-07-25
https://thevwindependent.com/news/2026/07/24/report-shows-how-much-renters-need/,f945a461c92634e98266301a05fdfa4b,Report shows how much renters need « The VW independent,20260725T060000Z,thevwindependent.com,English,United States,shortage,D6_교란행위,2026-07-25
https://www.wvtm13.com/article/alabama-gubernatorial-candidates-weigh-in-on-data-center-issue/73260217,bea31cea29d2dbdcc21a0023f3f39c41,Alabama gubernatorial candidates weigh in on data center issue,20260725T050000Z,wvtm13.com,English,United States,shortage,D6_교란행위,2026-07-25
http://www.heraldglobe.com/news/279208496/america-is-building-again-trump-hails-us-nuclear-power-milestone-as-4-companies-meet-reactor-deadline,8876ff8b8803c66246c193ec3cf2a537,  America is building again : Trump hails US nuclear power milestone as 4 companies meet reactor deadline,20260725T010000Z,heraldglobe.com,English,United States,shortage,D6_교란행위,2026-07-25
http://www.middleeaststar.com/news/279208496/america-is-building-again-trump-hails-us-nuclear-power-milestone-as-4-companies-meet-reactor-deadline,b0161b288001e0b4564177616c0eb98f,  America is building again : Trump hails US nuclear power milestone as 4 companies meet reactor deadline,20260725T004500Z,middleeaststar.com,English,Syria,shortage,D6_교란행위,2026-07-25
https://saiia.org.za/news/mobilising-african-capital-high-level-panel-targets-financial-reform-industrial/,da4631141be7326219b28944e57ca540,Mobilising African Capital : High - Level Panel Targets Financial Reform and Industrial Growth,20260725T131500Z,saiia.org.za,English,South Africa,shortage,D6_교란행위,2026-07-25
https://lestimes.com/?p=91061,e78d6b64aadddcd9cf07fec6bc797104,SLB donates winter clothing to inmate children,20260725T151500Z,lestimes.com,English,Lesotho,shortage,D6_교란행위,2026-07-25
https://www.southcoastregister.com.au/story/9317314/fuel-supply-secure-despite-price-alert-as-war-grinds-on/,8adac2eea0408f64e40162f2cbbabf6b,Fuel supply secure despite price alert as war grinds on,20260725T081500Z,southcoastregister.com.au,English,Australia,shortage,D6_교란행위,2026-07-25
https://www.blayneychronicle.com.au/story/9317314/fuel-supply-secure-despite-price-alert-as-war-grinds-on/,0b1f5168a00cab8c21429ac5d37330ff,Fuel supply secure despite price alert as war grinds on,20260725T081500Z,blayneychronicle.com.au,English,Australia,shortage,D6_교란행위,2026-07-25
https://www.greatlakesadvocate.com.au/story/9317314/fuel-supply-secure-despite-price-alert-as-war-grinds-on/,38bc94a2eafde450de8577cdd86ab2c1,Fuel supply secure despite price alert as war grinds on,20260725T091500Z,greatlakesadvocate.com.au,English,Australia,shortage,D6_교란행위,2026-07-25
https://www.lithgowmercury.com.au/story/9317314/fuel-supply-secure-despite-price-alert-as-war-grinds-on/,caa1622fc2b4740b69d11c67152b7029,Fuel supply secure despite price alert as war grinds on,20260725T091500Z,lithgowmercury.com.au,English,Australia,shortage,D6_교란행위,2026-07-25
https://www.nynganobserver.com.au/story/9317314/fuel-supply-secure-despite-price-alert-as-war-grinds-on/,311dee3f24b66f891c479d36fb5244ff,Fuel supply secure despite price alert as war grinds on,20260725T083000Z,nynganobserver.com.au,English,Australia,shortage,D6_교란행위,2026-07-25
https://www.westernadvocate.com.au/story/9317314/fuel-supply-secure-despite-price-alert-as-war-grinds-on/,aa535ed74508466284b4ebbc76959cb6,Fuel supply secure despite price alert as war grinds on,20260725T083000Z,westernadvocate.com.au,English,Australia,shortage,D6_교란행위,2026-07-25
https://www.armidaleexpress.com.au/story/9317314/fuel-supply-secure-despite-price-alert-as-war-grinds-on/,a8b44dc9c64413902b8d7e96c1bf84a6,Fuel supply secure despite price alert as war grinds on,20260725T083000Z,armidaleexpress.com.au,English,Australia,shortage,D6_교란행위,2026-07-25
https://www.northerndailyleader.com.au/story/9317314/fuel-supply-secure-despite-price-alert-as-war-grinds-on/,f8de63593393c7b768ce4e7118993668,Fuel supply secure despite price alert as war grinds on,20260725T084500Z,northerndailyleader.com.au,English,Australia,shortage,D6_교란행위,2026-07-25
https://www.batemansbaypost.com.au/story/9317314/fuel-supply-secure-despite-price-alert-as-war-grinds-on/,ea1518661fa43dba00f848fa849d0622,Fuel supply secure despite price alert as war grinds on,20260725T084500Z,batemansbaypost.com.au,English,Australia,shortage,D6_교란행위,2026-07-25
https://www.irrigator.com.au/story/9317314/fuel-supply-secure-despite-price-alert-as-war-grinds-on/,b83e6690a3b0a10c2b989c4da6f87c2d,Fuel supply secure despite price alert as war grinds on,20260725T090000Z,irrigator.com.au,English,Australia,shortage,D6_교란행위,2026-07-25
https://www.yasstribune.com.au/story/9317314/fuel-supply-secure-despite-price-alert-as-war-grinds-on/,f18eb663168cad9a4ca21ffbd1dda7ce,Fuel supply secure despite price alert as war grinds on,20260725T091500Z,yasstribune.com.au,English,Australia,shortage,D6_교란행위,2026-07-25
https://www.sconeadvocate.com.au/story/9317314/fuel-supply-secure-despite-price-alert-as-war-grinds-on/,f4f2d3d9ec4b0e56fa4f5b7b3dbd5c83,Fuel supply secure despite price alert as war grinds on,20260725T093000Z,sconeadvocate.com.au,English,Australia,shortage,D6_교란행위,2026-07-25
https://www.naroomanewsonline.com.au/story/9317314/fuel-supply-secure-despite-price-alert-as-war-grinds-on/,9443c7b902857f2ac9632976b8e9613c,Fuel supply secure despite price alert as war grinds on,20260725T093000Z,naroomanewsonline.com.au,English,Australia,shortage,D6_교란행위,2026-07-25
https://www.singletonargus.com.au/story/9317314/fuel-supply-secure-despite-price-alert-as-war-grinds-on/,299da80abd86a83da54b2010417aa8c0,Fuel supply secure despite price alert as war grinds on,20260725T070000Z,singletonargus.com.au,English,Australia,shortage,D6_교란행위,2026-07-25
https://www.redlandcitybulletin.com.au/story/9317314/fuel-supply-secure-despite-price-alert-as-war-grinds-on/,66d7e721087dd996ab14ec61f6fbf5f4,Fuel supply secure despite price alert as war grinds on,20260725T070000Z,redlandcitybulletin.com.au,English,Australia,shortage,D6_교란행위,2026-07-25
https://www.maitlandmercury.com.au/story/9317314/fuel-supply-secure-despite-price-alert-as-war-grinds-on/,4c101591f84949f4f64f856c71f6fa87,Fuel supply secure despite price alert as war grinds on,20260725T070000Z,maitlandmercury.com.au,English,Australia,shortage,D6_교란행위,2026-07-25
https://www.tenterfieldstar.com.au/story/9317314/fuel-supply-secure-despite-price-alert-as-war-grinds-on/,c5c57452ed9d6488a49089a38c9e72b0,Fuel supply secure despite price alert as war grinds on,20260725T074500Z,tenterfieldstar.com.au,English,Australia,shortage,D6_교란행위,2026-07-25
https://www.inverelltimes.com.au/story/9317314/fuel-supply-secure-despite-price-alert-as-war-grinds-on/,98c000291b07cc5d2faab7499050268d,Fuel supply secure despite price alert as war grinds on,20260725T064500Z,inverelltimes.com.au,English,Australia,shortage,D6_교란행위,2026-07-25
https://www.merimbulanewsweekly.com.au/story/9317314/fuel-supply-secure-despite-price-alert-as-war-grinds-on/,1923f262fbe21f77e8360e54fdec9e49,Fuel supply secure despite price alert as war grinds on,20260725T063000Z,merimbulanewsweekly.com.au,English,Australia,shortage,D6_교란행위,2026-07-25
https://www.mandurahmail.com.au/story/9317314/fuel-supply-secure-despite-price-alert-as-war-grinds-on/,ab9b5c6347b127aab571ad7397bbb174,Fuel supply secure despite price alert as war grinds on,20260725T104500Z,mandurahmail.com.au,English,Australia,shortage,D6_교란행위,2026-07-25
https://www.gloucesteradvocate.com.au/story/9317314/fuel-supply-secure-despite-price-alert-as-war-grinds-on/,85fd01643f00824768fb9440668da188,Fuel supply secure despite price alert as war grinds on,20260725T104500Z,gloucesteradvocate.com.au,English,Australia,shortage,D6_교란행위,2026-07-25
https://www.cruisehive.com/carnival-cruise-line-retires-infamous-cruise-ship-fork/213803,03e5b6ef343fe45451d47d3ec41fde60,Carnival Cruise Line Retires Infamous Cruise Ship Fork,20260725T163000Z,cruisehive.com,English,United States,shortage,D6_교란행위,2026-07-25
https://www.thedailyworld.com/2026/07/24/summit-pacific-medical-center-celebrates-expansion/,adc967f612f20c9923b5a29433ca316f,Summit Pacific Medical Center celebrates expansion,20260725T001500Z,thedailyworld.com,English,United States,shortage,D6_교란행위,2026-07-25
https://redpepper.co.ug/unbs-rot-exposed-inside-mega-probe-into-corruption-bribes-fake-goods-sh138bn-mystery/149892/,4317cd16827170321e30177d4ce75bdf,"UNBS ROT EXPOSED ! Inside Mega Probe Into Corruption , Bribes , Fake Goods & Sh138bn Mystery",20260725T143000Z,redpepper.co.ug,English,Uganda,shortage,D6_교란행위,2026-07-25
https://vietnamnews.vn/economy/1796192/large-diameter-forests-key-to-sustainable-growth-of-viet-nam-s-wood-industry.html,de4543997ad5f5be4460d008253bdfcc,Large - diameter forests key to sustainable growth of Việt Nam wood industry,20260725T091500Z,vietnamnews.vn,English,Vietnam,shortage,D6_교란행위,2026-07-25
https://www.cubaheadlines.com/articles/336112,9f1511860592fe2cf4890ac1050f395e,Currency Surge in Cuba Black Market : Dollar and Euro on the Rise,20260725T174500Z,cubaheadlines.com,English,Cuba,shortage,D6_교란행위,2026-07-25
https://news.az/news/indias-youth-revolt-is-becoming-a-test-of-modis-political-order,379009e9aa99c49d4ad699ed3647087c,India youth revolt is becoming a test of Modi political order,20260725T123000Z,news.az,English,Azerbaijan,shortage,D6_교란행위,2026-07-25
https://www.yumasun.com/news/former-bio-family-providers-forced-to-shut-doors-after-funding-cut-off/article_40bd3b56-a0c5-4c20-ae78-ac586a6d834f.html,eb3375ca6a7759e3bd4f5248e54affdf,Former Bio Family providers forced to shut doors after funding cut off,20260725T013000Z,yumasun.com,English,United States,shortage,D6_교란행위,2026-07-25
https://twinsdaily.com/forums/topic/74859-the-twins-drafted-vahn-lackey-not-the-next-joe-mauer/,31dbe5b5d14c902b4d5f3f029e0b3511,"The Twins Drafted Vahn Lackey , Not the Next Joe Mauer",20260725T023000Z,twinsdaily.com,English,United States,shortage,D6_교란행위,2026-07-25
https://www.unitaid.eu/construction-costs-ultimate-guide-2024-g7eb.html,5f1d7607d83914029606f976517e3a67,Understanding The ENR Index For Construction Costs : The Ultimate Guide For 2024 Project Planning,20260725T140000Z,unitaid.eu,English,,shortage,D6_교란행위,2026-07-25
https://signalscv.com/2026/07/the-time-ranger-mucho-rain-in-july-more-moo-moo-banditry/,92518266b27ca836d8e189a8699a83c8,The Time Ranger | Mucho Rain in July & More  Moo - Moo  Banditry,20260725T140000Z,signalscv.com,English,United States,shortage,D6_교란행위,2026-07-25
https://www.canishoopus.com/timberwolves-analysis/67945/nba-minnesota-lineups-wing-stop-josh-green-ayo-dosunmu,4d56f26bbc2d96b0b93db9deca6092fd,NBA : Wolves Wing Stop or Stopgap ? ,20260725T153000Z,canishoopus.com,English,United States,shortage,D6_교란행위,2026-07-25
https://www.insideselfstorage.com/eco-friendly-storage/green-goals-when-considering-sustainability-in-the-self-storage-sector-do-the-benefits-outweigh-the-costs-,60b1fa2dcb5cef1991bf738e341b1ee5,Green Goals : Achieving Sustainability in Self - Storage,20260725T144500Z,insideselfstorage.com,English,United States,shortage,D6_교란행위,2026-07-25
https://www.wyso.org/2026-07-25/sextortion-thats-the-threat-for-women-who-are-simply-trying-to-buy-clean-water,c700ea4eeb1c801a251eefd974487581,Sextortion : That the threat for women who are simply trying to buy clean water,20260725T123000Z,wyso.org,English,United States,shortage,D6_교란행위,2026-07-25
https://www.northernpublicradio.org/2026-07-25/sextortion-thats-the-threat-for-women-who-are-simply-trying-to-buy-clean-water,159c4ce7b7dc59b557e7e7e4d084f73f,Sextortion : That the threat for women who are simply trying to buy clean water,20260725T123000Z,northernpublicradio.org,English,United States,shortage,D6_교란행위,2026-07-25
https://www.waer.org/2026-07-25/sextortion-thats-the-threat-for-women-who-are-simply-trying-to-buy-clean-water,835b06399b50f977f7af45cafeef10d1,Sextortion : That the threat for women who are simply trying to buy clean water,20260725T144500Z,waer.org,English,United States,shortage,D6_교란행위,2026-07-25
https://www.wvtf.org/2026-07-25/sextortion-thats-the-threat-for-women-who-are-simply-trying-to-buy-clean-water,115252b08a1fd14384524f676e847420,Sextortion : That the threat for women who are simply trying to buy clean water,20260725T144500Z,wvtf.org,English,United States,shortage,D6_교란행위,2026-07-25
https://www.ualrpublicradio.org/npr-news/2026-07-25/sextortion-thats-the-threat-for-women-who-are-simply-trying-to-buy-clean-water,d514faa6d52a31635d92145f907c58e5,Sextortion : That the threat for women who are simply trying to buy clean water,20260725T150000Z,ualrpublicradio.org,English,United States,shortage,D6_교란행위,2026-07-25
https://www.wsiu.org/2026-07-25/sextortion-thats-the-threat-for-women-who-are-simply-trying-to-buy-clean-water,ea8e611b72cd89c352b98bca908c902d,Sextortion : That the threat for women who are simply trying to buy clean water,20260725T150000Z,wsiu.org,English,United States,shortage,D6_교란행위,2026-07-25
https://www.wuft.org/2026-07-25/sextortion-thats-the-threat-for-women-who-are-simply-trying-to-buy-clean-water,ea724ba2cda47647af74b50e81bee3ab,Sextortion : That the threat for women who are simply trying to buy clean water,20260725T150000Z,wuft.org,English,United States,shortage,D6_교란행위,2026-07-25
https://www.hppr.org/npr-news/2026-07-25/sextortion-thats-the-threat-for-women-who-are-simply-trying-to-buy-clean-water,dfdb1d9e253da374d9817794bdbe9efe,Sextortion : That the threat for women who are simply trying to buy clean water,20260725T150000Z,hppr.org,English,United States,shortage,D6_교란행위,2026-07-25
https://www.kunm.org/npr-news/2026-07-25/sextortion-thats-the-threat-for-women-who-are-simply-trying-to-buy-clean-water,2971c67605b644e6229b5dd0d896ac25,Sextortion : That the threat for women who are simply trying to buy clean water,20260725T123000Z,kunm.org,English,United States,shortage,D6_교란행위,2026-07-25
https://www.knau.org/npr-news/2026-07-25/sextortion-thats-the-threat-for-women-who-are-simply-trying-to-buy-clean-water,987818f0feac77fc1eba45afdeb2791c,Sextortion : That the threat for women who are simply trying to buy clean water,20260725T143000Z,knau.org,English,United States,shortage,D6_교란행위,2026-07-25
https://www.wwno.org/npr-news/2026-07-25/sextortion-thats-the-threat-for-women-who-are-simply-trying-to-buy-clean-water,57b8ad125c0f285bfae55bc391d2590b,Sextortion : That the threat for women who are simply trying to buy clean water,20260725T143000Z,wwno.org,English,United States,shortage,D6_교란행위,2026-07-25
https://www.wcsufm.org/latest-from-npr/2026-07-25/sextortion-thats-the-threat-for-women-who-are-simply-trying-to-buy-clean-water,06b99a8783e73e597e238381b3e68909,Sextortion : That the threat for women who are simply trying to buy clean water,20260725T144500Z,wcsufm.org,English,United States,shortage,D6_교란행위,2026-07-25
https://www.kunc.org/npr-news/2026-07-25/sextortion-thats-the-threat-for-women-who-are-simply-trying-to-buy-clean-water,79e19fda733f98c9de567c3dd30eadf5,Sextortion : That the threat for women who are simply trying to buy clean water,20260725T141500Z,kunc.org,English,United States,shortage,D6_교란행위,2026-07-25
https://www.wdiy.org/npr-news/2026-07-25/sextortion-thats-the-threat-for-women-who-are-simply-trying-to-buy-clean-water,515b4db8c99074c4428496dc3d4f3594,Sextortion : That the threat for women who are simply trying to buy clean water,20260725T141500Z,wdiy.org,English,United States,shortage,D6_교란행위,2026-07-25
https://www.wfae.org/health/2026-07-25/sextortion-thats-the-threat-for-women-who-are-simply-trying-to-buy-clean-water,27740c2c2cce11ec5520b0ed01a26157,Sextortion : That the threat for women who are simply trying to buy clean water,20260725T140000Z,wfae.org,English,United States,shortage,D6_교란행위,2026-07-25
https://www.publicradiotulsa.org/npr-national-news/2026-07-25/sextortion-thats-the-threat-for-women-who-are-simply-trying-to-buy-clean-water,aeb33e82b477bbf827523ff285b42bb9,Sextortion : That the threat for women who are simply trying to buy clean water,20260725T123000Z,publicradiotulsa.org,English,United States,shortage,D6_교란행위,2026-07-25
https://www.wuwf.org/2026-07-25/sextortion-thats-the-threat-for-women-who-are-simply-trying-to-buy-clean-water,6951e98254edfb9d4ee5d1675ac7d733,Sextortion : That the threat for women who are simply trying to buy clean water,20260725T131500Z,wuwf.org,English,United States,shortage,D6_교란행위,2026-07-25
https://news.wfsu.org/npr-news/2026-07-25/some-women-who-cant-afford-water-are-often-pressured-to-provide-sex-for-it,cde4927646327e426121a9c047546197,Some women who cant afford water are often pressured to provide sex for it,20260725T153000Z,news.wfsu.org,English,United States,shortage,D6_교란행위,2026-07-25
https://www.kvnf.org/npr-news/2026-07-25/some-women-who-cant-afford-water-are-often-pressured-to-provide-sex-for-it,0aeeded53f6d2a35c2a5377c40331500,Some women who cant afford water are often pressured to provide sex for it,20260725T153000Z,kvnf.org,English,United States,shortage,D6_교란행위,2026-07-25
https://www.klcc.org/npr-news/2026-07-25/some-women-who-cant-afford-water-are-often-pressured-to-provide-sex-for-it,e79b47e411517c45f2ede5dcb6800007,Some women who cant afford water are often pressured to provide sex for it,20260725T153000Z,klcc.org,English,United States,shortage,D6_교란행위,2026-07-25
https://www.kacu.org/2026-07-25/some-women-who-cant-afford-water-are-often-pressured-to-provide-sex-for-it,a2d4b4f84596749bc2d38bb077c2f465,Some women who cant afford water are often pressured to provide sex for it,20260725T153000Z,kacu.org,English,United States,shortage,D6_교란행위,2026-07-25
https://www.krwg.org/national-news/2026-07-25/some-women-who-cant-afford-water-are-often-pressured-to-provide-sex-for-it,946430b8a657c7c560ad926f39a2d78d,Some women who cant afford water are often pressured to provide sex for it,20260725T153000Z,krwg.org,English,United States,shortage,D6_교란행위,2026-07-25
https://www.wboi.org/npr-news/2026-07-25/some-women-who-cant-afford-water-are-often-pressured-to-provide-sex-for-it,6b2caa737ee5d108083c41dd03f1c29c,Some women who cant afford water are often pressured to provide sex for it,20260725T154500Z,wboi.org,English,United States,shortage,D6_교란행위,2026-07-25
https://www.kedm.org/npr-news/2026-07-25/some-women-who-cant-afford-water-are-often-pressured-to-provide-sex-for-it,48925f0bb35b9dcd61e006a561e2a3cd,Some women who cant afford water are often pressured to provide sex for it,20260725T184500Z,kedm.org,English,United States,shortage,D6_교란행위,2026-07-25
https://www.wknofm.org/news-from-npr/2026-07-25/some-women-who-cant-afford-water-are-often-pressured-to-provide-sex-for-it,3fd5cfed814222ae89e3e29652db8752,Some women who cant afford water are often pressured to provide sex for it,20260725T184500Z,wknofm.org,English,United States,shortage,D6_교란행위,2026-07-25
https://www.wxxinews.org/npr-news/2026-07-25/some-women-who-cant-afford-water-are-often-pressured-to-provide-sex-for-it,ef90c285b980c7f37a89bf1ffa7c0b6d,Some women who cant afford water are often pressured to provide sex for it,20260725T184500Z,wxxinews.org,English,United States,shortage,D6_교란행위,2026-07-25
https://www.thespec.com/news/burlington-brant-hills-library-closure/article_7d2affd1-30ad-5001-83fb-0fe4922cfbda.html,9aba5e11dcda0803a2c52f8e461c8db2,Burilngton Brant Hills library faces second summer closure,20260725T121500Z,thespec.com,English,Canada,closure,D6_교란행위,2026-07-25
https://www.edp24.co.uk/news/26401369.b1077-road-winfarthing-near-diss-closing-works/,3469eb5de769ec5bd9d4cf0b3c6167e5,B1077 road in Winfarthing near Diss closing for works,20260725T131500Z,edp24.co.uk,English,United Kingdom,closure,D6_교란행위,2026-07-25
https://www.herefordtimes.com/news/26293882.holme-lacy-road-hereford-close-four-weekends/,d2c6be69565cbf68f6525eb8eb0ffab2,Holme Lacy Road in Hereford to close for four weekends,20260725T061500Z,herefordtimes.com,English,United Kingdom,closure,D6_교란행위,2026-07-25
https://www.cbsnews.com/sacramento/news/semi-truck-overturns-i-80-placer-county/,739cd119f6cf1fed243e1f8dec32a2a4,"Semi - truck overturns on I - 80 in Placer County , forcing full westbound closure",20260725T043000Z,cbsnews.com,English,United States,closure,D6_교란행위,2026-07-25
https://www.noozhawk.com/full-overnight-closure-of-hwy-192-on-monday-july-27/,45861250332b2fd04e1bcd1b7f888eb1,"Full Overnight Closure of Hwy . 192 in Carpinteria , July 27",20260725T010000Z,noozhawk.com,English,United States,closure,D6_교란행위,2026-07-25
https://www.aol.co.uk/articles/m60-traffic-live-cars-stopped-114100000.html,391299dab119a5dadf84380ec700f401,M60 traffic LIVE : All cars stopped near Oldham due to incident - huge delays,20260725T121500Z,aol.co.uk,English,United Kingdom,closure,D6_교란행위,2026-07-25
https://cheknews.ca/road-closure-near-pkols-mount-douglas-park-saanich-police-responding-to-crash-1338553/,dff1be587504862ea6ce1b5db1a80936,"Road closure near PKOLS / Mount Douglas Park , Saanich Police investigating crash",20260725T183000Z,cheknews.ca,English,Canada,closure,D6_교란행위,2026-07-25
https://www.sandiegouniontribune.com/2026/07/25/the-community-really-needs-this-barrio-logan-post-office-set-to-close-concerning-residents-and-postal-workers/,246b4a59f11422b2bfd30ed073e31d5f,"  The community really needs thi : Barrio Logan post office set to close , concerning residents and postal workers – San Diego Union - Tribune",20260725T130000Z,sandiegouniontribune.com,English,United States,closure,D6_교란행위,2026-07-25
https://www.ksby.com/santa-barbara-south-coast/full-overnight-closure-on-highway-192-in-carpinteria,c4db5ead98b820a99ed5971a3a5e164d,Full overnight closure on Highway 192 in Carpinteria,20260725T040000Z,ksby.com,English,United States,closure,D6_교란행위,2026-07-25
https://www.kbtx.com/2026/07/25/texas-avenue-exit-ramp-close-friday/,685d35ce622aff6f4187641f2ea57509,Texas Avenue exit ramp to close Friday,20260725T081500Z,kbtx.com,English,United States,closure,D6_교란행위,2026-07-25
https://www.express.co.uk/news/uk/2232862/m60-traffic-live-closed-oldham,e2223d0915cb6e1c3583b089de7ceed3,M60 traffic LIVE : All cars stopped near Oldham due to incident - huge delays | united kingdom | News,20260725T121500Z,express.co.uk,English,United Kingdom,closure,D6_교란행위,2026-07-25
https://www.wowt.com/2026/07/24/tyson-foods-completes-lexington-plant-closure-friday-with-final-round-layoffs/,ba0ac66c907dac398ee342b7b0bb6ed5,Tyson Foods completes Lexington plant closure Friday with final round of layoffs,20260725T004500Z,wowt.com,English,United States,closure,D6_교란행위,2026-07-25
https://news.webindia123.com/news/Articles/India/20260725/4479020.html,f99dfd5466522adc748eaf67c5faa78f,Delhi : Liquor shops to close by 8 pm over weekend amid student protest at Jantar Mantar,20260725T081500Z,news.webindia123.com,English,India,closure,D6_교란행위,2026-07-25
https://aninews.in/news/national/general-news/delhi-liquor-shops-to-close-by-8-pm-over-weekend-amid-student-protest-at-jantar-mantar20260725123528/,28ef2b7ae0b457bfb4ee18a29f2b2fd0,Delhi : Liquor shops to close by 8 pm over weekend amid student protest at Jantar Mantar,20260725T081500Z,aninews.in,English,India,closure,D6_교란행위,2026-07-25
https://www.prokerala.com/news/articles/a1792181.html,5e502a7335f780becfc02a71ca725ed2,NEET protest : 18 Delhi Metro stations to remain closed today,20260725T050000Z,prokerala.com,English,India,closure,D6_교란행위,2026-07-25
https://www.yahoo.com/news/us/articles/u-begin-limited-imports-mexican-013023323.html,e09dee0095d0353cbedd6753752ede71,U . S . will begin limited imports of Mexican cattle as screwworm outbreak continues,20260725T020000Z,yahoo.com,English,United States,closure,D6_교란행위,2026-07-25
https://www.aol.co.uk/articles/m-close-busy-store-august-150700000.html,4f15d87338c7779b9ca76d93a1a24633,M & S to close busy store on August 15 - but locals arent  letting it go without a fight  ,20260725T153000Z,aol.co.uk,English,United Kingdom,closure,D6_교란행위,2026-07-25
https://www.ksat.com/news/texas/2026/07/25/us-will-begin-limited-imports-of-mexican-cattle-as-screwworm-outbreak-continues/,b73fcac712ec2275be2d96898050b04c,U . S . will begin limited imports of Mexican cattle as screwworm outbreak continues,20260725T020000Z,ksat.com,English,United States,closure,D6_교란행위,2026-07-25
https://www.ibtimes.co.in/neet-protest-18-delhi-metro-stations-remain-closed-today-904162,07115f66f43ea81191a44a9ab5ac3aed,NEET protest : 18 Delhi Metro stations to remain closed today,20260725T093000Z,ibtimes.co.in,English,India,closure,D6_교란행위,2026-07-25
https://www.texastribune.org/2026/07/24/united-states-mexico-cattle-industry-imports-resumption-screwworm/,016f19e1347fc7bfa2417d4dcf048a32,U . S . to resume import of Mexican cattle amid parasite outbreak,20260725T023000Z,texastribune.org,English,United States,closure,D6_교란행위,2026-07-25
https://krdo.com/news/2026/07/24/i-25-northbound-closed-crash/,46140bd35cad5dc7cc244cafa9e4afe3,Over 10 miles of I - 25 northbound reopened after crash shut down highway,20260725T054500Z,krdo.com,English,United States,closure,D6_교란행위,2026-07-25
https://www.thenews.com.pk/latest/1410165-sarah-fergusons-charity-removed-from-official-register-after-closure,27cee8223dcdf996eb6a527f8447c732,Sarah Ferguson charity removed from official register after closure,20260725T013000Z,thenews.com.pk,English,Pakistan,closure,D6_교란행위,2026-07-25
https://www.heraldscotland.com/news/26408502.closure-vital-support-service-confirmed-council/,404adf5f58d9a59e230b7ef5bbbe4250,Closure of  vital  support service confirmed by council,20260725T053000Z,heraldscotland.com,English,United Kingdom,closure,D6_교란행위,2026-07-25
https://www.thespec.com/news/hamilton-region/hamilton-community-centre-pool-closures/article_2d42b9bd-82bf-55b2-8492-3c1e7e1d3377.html,68b6f10ae8813c3c4c911758c6749ad8,Two Hamilton recreation centres closing this summer,20260725T001500Z,thespec.com,English,Canada,closure,D6_교란행위,2026-07-25
https://www.fox6now.com/news/i43-shutdown-milwaukee-friday-072426,0873f0be0a31b5919c7489331f3934d8,"I - 43 reopens in Milwaukee ,  incident  near Fond du Lac Avenue",20260725T020000Z,fox6now.com,English,United States,closure,D6_교란행위,2026-07-25
https://www.hindustantimes.com/india-news/metro-stations-shut-internet-suspended-liquor-shops-to-shut-restrictions-on-delhi-amid-jantar-mantar-protests-pradhan-101784966695380.html,e46ea2f35663fdd29b2d3bce1db41263,"Internet , metro , liquor shops : What is restricted in Delhi amid CJP protest",20260725T110000Z,hindustantimes.com,English,India,closure,D6_교란행위,2026-07-25
https://www.tvguide.co.uk/schedule/6e9f8704-c59e-5898-a2a5-0b1c97a12639/a1-britains-longest-road,5a4bd602ab8a51282f29316bb09e702f,A1 : Britain Longest Road,20260725T021500Z,tvguide.co.uk,English,United Kingdom,closure,D6_교란행위,2026-07-25
https://www.duluthnewstribune.com/news/local/matters-of-record-for-july-25-2026,5dcfcc45eea9af823212fa74acdce877,"Matters of Record for July 25 , 2026",20260725T143000Z,duluthnewstribune.com,English,United States,closure,D6_교란행위,2026-07-25
https://www.newsx.com/india/why-are-delhi-liquor-shops-closing-at-8-pm-check-when-normal-timings-will-resume-252409/,9ed52fb1510baaba5eed0c2438282af7,Why Are Delhi Liquor Shops Closing at 8 PM ? Check When Normal Timings Will Resume,20260725T113000Z,newsx.com,English,India,closure,D6_교란행위,2026-07-25
https://www.oxfordmail.co.uk/news/26409878.major-uk-restaurant-chain-shut-almost-4-000-jobs-risk/,2d539c525518699408c796e2802e1bd4,"Major united kingdom restaurant chain to shut down with almost 4 , 000 jobs at risk",20260725T163000Z,oxfordmail.co.uk,English,United Kingdom,closure,D6_교란행위,2026-07-25
https://www.yorkpress.co.uk/news/26409876.whitby-traffic-alert-swing-bridge-weekend-closures/,838f1b9cb65348d822378015d23290ba,Whitby traffic alert over swing bridge weekend closures,20260725T181500Z,yorkpress.co.uk,English,United Kingdom,closure,D6_교란행위,2026-07-25
https://www.actionnewsjax.com/news/local/buckman-bridge-lane-ramp-closures-scheduled-weekend/GPFVZMXX2VHE5NMLJHRS4KDZ5U/,ce5b97ccfc00604da043e4e9f4320298,Buckman Bridge : Northbound lane closures this weekend,20260725T010000Z,actionnewsjax.com,English,United States,closure,D6_교란행위,2026-07-25
https://www.lancashiretelegraph.co.uk/news/26409601.uk-restaurant-chain-shut-106-sites-coming-weeks/,3ff67653fd44d5049b97cbb9270db43b,UK restaurant chain to shut all 106 sites in coming weeks,20260725T121500Z,lancashiretelegraph.co.uk,English,United Kingdom,closure,D6_교란행위,2026-07-25
https://www.wcvb.com/article/chatham-route-28-crash-main-street-closure/73262689,c835038df124c4c2c0dd65210668f9eb,Motor vehicle crash in Chatham prompts hourslong road closure,20260725T184500Z,wcvb.com,English,United States,closure,D6_교란행위,2026-07-25
https://www.thehindu.com/news/cities/Visakhapatnam/traffic-restrictions-announced-for-giri-pradakshina-in-visakhapatnam/article71265965.ece,84699a3bcd743f16267f3757cf90f103,Traffic restrictions announced for  Giri Pradakshina  in Visakhapatnam,20260725T141500Z,thehindu.com,English,India,closure,D6_교란행위,2026-07-25
https://tribune.com.pk/story/2620173/pakistan-iran-explore-new-peace-initiative,7bebbc0e9bbb613dad2c4b883202db2c,"Pakistan , Iran explore new peace initiative",20260725T053000Z,tribune.com.pk,English,Pakistan,closure,D6_교란행위,2026-07-25
https://www.bucksfreepress.co.uk/news/26409468.uk-restaurant-chain-shut-106-sites-coming-weeks/,613636e496245c00c9698ec7e9a590d6,UK restaurant chain to shut all 106 sites in coming weeks,20260725T124500Z,bucksfreepress.co.uk,English,United Kingdom,closure,D6_교란행위,2026-07-25
https://www.kcbd.com/2026/07/25/texas-ag-commissioner-sid-miller-announces-resumption-cattle-importation-mexico/,48e980a8d21cbb42dad56da9a273f4b2,Texas Ag Commissioner Sid Miller announces resumption of cattle importation from Mexico,20260725T021500Z,kcbd.com,English,United States,closure,D6_교란행위,2026-07-25
https://www.newson6.com/tulsa-oklahoma-news/due-to-the-forecasted-extreme-heat-the-tulsa-zoo-is-shortening-its-hours-for-the-next-several-days,7197f1de58f0fb24382765448d4ecd72,"Due to the forecasted extreme heat , the Tulsa Zoo is shortening its hours for the next several days . ",20260725T153000Z,newson6.com,English,United States,closure,D6_교란행위,2026-07-25
https://wsbt.com/news/local/national-dav-discusses-closure-of-goshen-dav-bar-and-gaming-operations,146d54b102eed324ee7d9d8c309e5afa,National DAV discusses closure of Goshen DAV bar and gaming operations,20260725T053000Z,wsbt.com,English,United States,closure,D6_교란행위,2026-07-25
https://www.kltv.com/2026/07/25/bedbugs-cause-temporary-closure-marshall-public-library/,99edc0f9bed01f6afe8ad76cf35ca591,Bedbugs cause temporary closure of Marshall Public Library,20260725T064500Z,kltv.com,English,United States,closure,D6_교란행위,2026-07-25
https://www.thehindubusinessline.com/news/delhi-liquor-shops-to-shut-at-8-pm-over-the-weekend-amid-student-protests/article71265192.ece,ead6794381646690c6fff8b4d5c54563,Delhi liquor shops to shut at 8 pm over the weekend amid student protests,20260725T053000Z,thehindubusinessline.com,English,India,closure,D6_교란행위,2026-07-25
https://www.echo-news.co.uk/news/26293510.southend-brunswick-road-set-close-almost-two-weeks/,e816bec8f035751218a29c7e1253abfd,Southend : Brunswick Road set to close for almost two weeks,20260725T050000Z,echo-news.co.uk,English,United Kingdom,closure,D6_교란행위,2026-07-25
https://economictimes.indiatimes.com/industry/cons-products/liquor/delhi-liquor-shops-to-shut-at-8-pm-over-the-weekend-amid-student-protests/articleshow/132618782.cms,c5233a48cc16cc35a191c35b101f1c15,Delhi liquor shops to shut at 8 pm over the weekend amid student protests,20260725T050000Z,economictimes.indiatimes.com,English,India,closure,D6_교란행위,2026-07-25
https://www.globalsecurity.org/military/library/news/2026/07/mil-260724-rferl02.htm,97489a3a21150863fab00e7a16be71ed,Houthis Say Group Maritime Blockade  Only Affects Saudi Side  ,20260725T111500Z,globalsecurity.org,English,Syria,closure,D6_교란행위,2026-07-25
https://www.koreatimes.co.kr/lifestyle/20260725/when-culture-loses-to-real-estate-what-closure-of-han-kangs-bookstore-says-about-korea,c251eec3476e7e462b253a46a667754a,When culture loses to real estate : What closure of Han Kang bookstore says about Korea,20260725T081500Z,koreatimes.co.kr,English,South Korea,closure,D6_교란행위,2026-07-25
https://saharareporters.com/2026/07/24/osun-apc-tackles-governor-adeleke-over-n20billion-newly-commissioned-lameco-flyover-over,89dd7d2c2f64cc933ba05707cc24e6ec,Osun APC Tackles Governor Adeleke Over N20billion Newly Commissioned LAMECO Flyover Over Signs Of Structural Defects,20260725T091500Z,saharareporters.com,English,Nigeria,closure,D6_교란행위,2026-07-25
https://www.manxradio.com/news/isle-of-man-news/port-st-mary-commissioners-saddened-by-newsagent-closure/,64770e7c5041e183d3a80eaf1eebf045,Port St Mary Commissioners  saddened  by newsagent closure,20260725T084500Z,manxradio.com,English,United Kingdom,closure,D6_교란행위,2026-07-25
https://www.wtae.com/article/pittsburgh-winery-closing/73260266,ba2ee690462ab8fa382adcb66a7f0708,The Original Pittsburgh Winery is closing,20260725T021500Z,wtae.com,English,United States,closure,D6_교란행위,2026-07-25
https://www.timescall.com/2026/07/25/longmont-cone-zones-road-work/,725fa1c5c34363d4dc8d0cac3549a6d4,Longmont - area cone zones for July 25 - 31,20260725T143000Z,timescall.com,English,United States,closure,D6_교란행위,2026-07-25
https://punchng.com/us-to-resume-mexican-cattle-imports-after-year-long-ban/,7e9f3b93965837120dea05d1abd09969,US to Resume Mexican Cattle Imports After Year - Long Ban,20260725T081500Z,punchng.com,English,Nigeria,closure,D6_교란행위,2026-07-25
https://www.tribuneindia.com/news/delhi/bustling-cp-shuts-early-amid-security-clampdown/,03648d439054241504f2f048acdfc785,Delhi bustling Connaught Place shuts early amid security clampdown,20260725T034500Z,tribuneindia.com,English,India,closure,D6_교란행위,2026-07-25
https://www.freemalaysiatoday.com/category/business/2026/07/25/us-to-resume-mexican-cattle-imports-after-yearlong-halt,190df0307d10c98aa275776f6117a225,US to resume Mexican cattle imports after yearlong halt,20260725T053000Z,freemalaysiatoday.com,English,Malaysia,closure,D6_교란행위,2026-07-25
https://www.lbc.co.uk/article/evacuations-continue-after-major-incident-declared-for-cairngorms-wildfire-5Hjdf8r_2/,51522b10af41de737f4079cef28226cf,Evacuations continue after major incident declared for Cairngorms wildfire,20260725T130000Z,lbc.co.uk,English,United Kingdom,closure,D6_교란행위,2026-07-25
https://www.oneindia.com/india/delhi-liquor-shops-to-shut-at-8-pm-over-the-weekend-amid-student-protests-8156545.html,614641b0e02604a8367d6648a431c61c,Delhi Liquor Shops to Shut at 8 pm Over The Weekend Amid Student Protests,20260725T074500Z,oneindia.com,English,India,closure,D6_교란행위,2026-07-25
https://newsradio540.iheart.com/content/2026-07-25-oregon-faces-30-uncontrolled-wildfires-amid-lightning-storms/,4724121981e679f7b365313095440019,Oregon Faces 30 Uncontrolled Wildfires Amid Lightning Storms,20260725T121500Z,newsradio540.iheart.com,English,United States,closure,D6_교란행위,2026-07-25
https://wiod.iheart.com/content/2026-07-25-oregon-faces-30-uncontrolled-wildfires-amid-lightning-storms/,bee16de024b1a18c1322d4dbe915c70a,Oregon Faces 30 Uncontrolled Wildfires Amid Lightning Storms,20260725T121500Z,wiod.iheart.com,English,United States,closure,D6_교란행위,2026-07-25
https://newsradio967.iheart.com/content/2026-07-25-oregon-faces-30-uncontrolled-wildfires-amid-lightning-storms/,30732f817a2946f6434531bb4f0be8d0,Oregon Faces 30 Uncontrolled Wildfires Amid Lightning Storms,20260725T121500Z,newsradio967.iheart.com,English,United States,closure,D6_교란행위,2026-07-25
https://wtkg.iheart.com/content/2026-07-25-oregon-faces-30-uncontrolled-wildfires-amid-lightning-storms/,483afb4a01263699a561f21eb459accf,Oregon Faces 30 Uncontrolled Wildfires Amid Lightning Storms,20260725T121500Z,wtkg.iheart.com,English,United States,closure,D6_교란행위,2026-07-25
https://wlap.iheart.com/content/2026-07-25-oregon-faces-30-uncontrolled-wildfires-amid-lightning-storms/,672498b2ed333e9953b4d983428b369a,Oregon Faces 30 Uncontrolled Wildfires Amid Lightning Storms,20260725T121500Z,wlap.iheart.com,English,United States,closure,D6_교란행위,2026-07-25
https://720thevoice.iheart.com/content/2026-07-25-oregon-faces-30-uncontrolled-wildfires-amid-lightning-storms/,86c637764590e35cc7724433071b179e,Oregon Faces 30 Uncontrolled Wildfires Amid Lightning Storms,20260725T113000Z,720thevoice.iheart.com,English,United States,closure,D6_교란행위,2026-07-25
https://1150wima.iheart.com/content/2026-07-25-oregon-faces-30-uncontrolled-wildfires-amid-lightning-storms/,b557e61b237f9def12e9e7df740626d2,Oregon Faces 30 Uncontrolled Wildfires Amid Lightning Storms,20260725T113000Z,1150wima.iheart.com,English,United States,closure,D6_교란행위,2026-07-25
https://ktok.iheart.com/content/2026-07-25-oregon-faces-30-uncontrolled-wildfires-amid-lightning-storms/,7ce4e7e4a0fc6c5facd138ba21b33eb1,Oregon Faces 30 Uncontrolled Wildfires Amid Lightning Storms,20260725T113000Z,ktok.iheart.com,English,United States,closure,D6_교란행위,2026-07-25
https://790waeb.iheart.com/content/2026-07-25-oregon-faces-30-uncontrolled-wildfires-amid-lightning-storms/,523f63bbdeea7cee67637ca7e073a4d3,Oregon Faces 30 Uncontrolled Wildfires Amid Lightning Storms,20260725T113000Z,790waeb.iheart.com,English,United States,closure,D6_교란행위,2026-07-25
https://newstalk1090.iheart.com/content/2026-07-25-oregon-faces-30-uncontrolled-wildfires-amid-lightning-storms/,3bca93308a2f05f6aa6c7e9607141439,Oregon Faces 30 Uncontrolled Wildfires Amid Lightning Storms,20260725T114500Z,newstalk1090.iheart.com,English,United States,closure,D6_교란행위,2026-07-25
https://woodradio.iheart.com/content/2026-07-25-oregon-faces-30-uncontrolled-wildfires-amid-lightning-storms/,6b2a66a6c9fba8b80f4fa99534a472cb,Oregon Faces 30 Uncontrolled Wildfires Amid Lightning Storms | Newsradio WOOD 1300 and 106 . 9 FM,20260725T114500Z,woodradio.iheart.com,English,United States,closure,D6_교란행위,2026-07-25
https://woc1420.iheart.com/content/2026-07-25-oregon-faces-30-uncontrolled-wildfires-amid-lightning-storms/,877bbe0bfe271a82752ecc237ae0b692,Oregon Faces 30 Uncontrolled Wildfires Amid Lightning Storms,20260725T114500Z,woc1420.iheart.com,English,United States,closure,D6_교란행위,2026-07-25
https://wrak.iheart.com/content/2026-07-25-oregon-faces-30-uncontrolled-wildfires-amid-lightning-storms/,09123623a5cbe9fa6fa285480aeef863,Oregon Faces 30 Uncontrolled Wildfires Amid Lightning Storms,20260725T114500Z,wrak.iheart.com,English,United States,closure,D6_교란행위,2026-07-25
https://1190kex.iheart.com/content/2026-07-25-oregon-faces-30-uncontrolled-wildfires-amid-lightning-storms/,6efa793a95c27ea5c8cee726a3793a80,Oregon Faces 30 Uncontrolled Wildfires Amid Lightning Storms,20260725T120000Z,1190kex.iheart.com,English,United States,closure,D6_교란행위,2026-07-25
https://newstalk1130.iheart.com/content/2026-07-25-oregon-faces-30-uncontrolled-wildfires-amid-lightning-storms/,10c8eb52412b35d2244c525483b5bab8,Oregon Faces 30 Uncontrolled Wildfires Amid Lightning Storms,20260725T123000Z,newstalk1130.iheart.com,English,United States,closure,D6_교란행위,2026-07-25
https://knrs.iheart.com/content/2026-07-25-oregon-faces-30-uncontrolled-wildfires-amid-lightning-storms/,2fb5c7a757b621d253c2eb89ef29c0e5,Oregon Faces 30 Uncontrolled Wildfires Amid Lightning Storms | Talk Radio 105 . 9,20260725T113000Z,knrs.iheart.com,English,United States,closure,D6_교란행위,2026-07-25
https://kogo.iheart.com/content/2026-07-25-oregon-faces-30-uncontrolled-wildfires-amid-lightning-storms/,8b852be21ab671045e007692d1c517c6,Oregon Faces 30 Uncontrolled Wildfires Amid Lightning Storms,20260725T114500Z,kogo.iheart.com,English,United States,closure,D6_교란행위,2026-07-25
https://710wor.iheart.com/content/2026-07-25-oregon-faces-30-uncontrolled-wildfires-amid-lightning-storms/,8fdcfebd0935f948f587085d09a1c97f,Oregon Faces 30 Uncontrolled Wildfires Amid Lightning Storms,20260725T121500Z,710wor.iheart.com,English,United States,closure,D6_교란행위,2026-07-25
https://wdov.iheart.com/content/2026-07-25-oregon-faces-30-uncontrolled-wildfires-amid-lightning-storms/,125e2daa904be38006e1866c9e0f6d71,Oregon Faces 30 Uncontrolled Wildfires Amid Lightning Storms,20260725T121500Z,wdov.iheart.com,English,United States,closure,D6_교란행위,2026-07-25
https://1190talkradio.iheart.com/content/2026-07-25-oregon-faces-30-uncontrolled-wildfires-amid-lightning-storms/,fabf4bc7137e6519b014cfac135be248,Oregon Faces 30 Uncontrolled Wildfires Amid Lightning Storms,20260725T144500Z,1190talkradio.iheart.com,English,United States,closure,D6_교란행위,2026-07-25
https://newsradio710.iheart.com/content/2026-07-25-oregon-faces-30-uncontrolled-wildfires-amid-lightning-storms/,864d5adf99fda633345c67a0ea053877,Oregon Faces 30 Uncontrolled Wildfires Amid Lightning Storms,20260725T144500Z,newsradio710.iheart.com,English,United States,closure,D6_교란행위,2026-07-25
https://1440wgig.iheart.com/content/2026-07-25-oregon-faces-30-uncontrolled-wildfires-amid-lightning-storms/,70e3e171e3375c61d8b2962221515b62,Oregon Faces 30 Uncontrolled Wildfires Amid Lightning Storms,20260725T150000Z,1440wgig.iheart.com,English,United States,closure,D6_교란행위,2026-07-25
https://wtam.iheart.com/content/2026-07-25-oregon-faces-30-uncontrolled-wildfires-amid-lightning-storms/,9a52509000ae8389cd76664e9961c351,Oregon Faces 30 Uncontrolled Wildfires Amid Lightning Storms,20260725T150000Z,wtam.iheart.com,English,United States,closure,D6_교란행위,2026-07-25
https://jetradio1400.iheart.com/content/2026-07-25-oregon-faces-30-uncontrolled-wildfires-amid-lightning-storms/,022937d7018d8dd81be09f7a238c4821,Oregon Faces 30 Uncontrolled Wildfires Amid Lightning Storms,20260725T150000Z,jetradio1400.iheart.com,English,United States,closure,D6_교란행위,2026-07-25
https://wgiram.iheart.com/content/2026-07-25-oregon-faces-30-uncontrolled-wildfires-amid-lightning-storms/,74f456f5ed410f29d8825ebd40b3ec9e,Oregon Faces 30 Uncontrolled Wildfires Amid Lightning Storms,20260725T150000Z,wgiram.iheart.com,English,United States,closure,D6_교란행위,2026-07-25
https://newsradio1410.iheart.com/content/2026-07-25-oregon-faces-30-uncontrolled-wildfires-amid-lightning-storms/,0f63de0824caceda7187ad7e50768407,Oregon Faces 30 Uncontrolled Wildfires Amid Lightning Storms | News Radio 1410 AM & 100 . 9 FM,20260725T150000Z,newsradio1410.iheart.com,English,United States,closure,D6_교란행위,2026-07-25
https://wjno.iheart.com/content/2026-07-25-oregon-faces-30-uncontrolled-wildfires-amid-lightning-storms/,414b51cb7da2c8f05c67ce88548f2e8f,Oregon Faces 30 Uncontrolled Wildfires Amid Lightning Storms,20260725T143000Z,wjno.iheart.com,English,United States,closure,D6_교란행위,2026-07-25
https://1360kktx.iheart.com/content/2026-07-25-oregon-faces-30-uncontrolled-wildfires-amid-lightning-storms/,23d480c8963a4400da89abc795ab5b36,Oregon Faces 30 Uncontrolled Wildfires Amid Lightning Storms,20260725T123000Z,1360kktx.iheart.com,English,United States,closure,D6_교란행위,2026-07-25
https://wspd.iheart.com/content/2026-07-25-oregon-faces-30-uncontrolled-wildfires-amid-lightning-storms/,c4a6ba2070ee8c3f1497aa590f7b4fca,Oregon Faces 30 Uncontrolled Wildfires Amid Lightning Storms | NewsRadio 1370 AM & 92 . 9 FM WSPD,20260725T123000Z,wspd.iheart.com,English,United States,closure,D6_교란행위,2026-07-25
https://newstalk1400online.iheart.com/content/2026-07-25-oregon-faces-30-uncontrolled-wildfires-amid-lightning-storms/,682b5a47225ad86a48d388f1f4656fee,"Oregon Faces 30 Uncontrolled Wildfires Amid Lightning Storms | Newstalk 1400 , 104 . 5 , and 105 . 9 WJMX",20260725T123000Z,newstalk1400online.iheart.com,English,United States,closure,D6_교란행위,2026-07-25
https://wmmbam.iheart.com/content/2026-07-25-oregon-faces-30-uncontrolled-wildfires-amid-lightning-storms/,776a7a9fa521ade2c4dd1d3f3ebc240c,Oregon Faces 30 Uncontrolled Wildfires Amid Lightning Storms,20260725T123000Z,wmmbam.iheart.com,English,United States,closure,D6_교란행위,2026-07-25
https://570wkbn.iheart.com/content/2026-07-25-oregon-faces-30-uncontrolled-wildfires-amid-lightning-storms/,12df628fdc551ebf8b880a8165f01fc7,Oregon Faces 30 Uncontrolled Wildfires Amid Lightning Storms,20260725T141500Z,570wkbn.iheart.com,English,United States,closure,D6_교란행위,2026-07-25
https://wham1180.iheart.com/content/2026-07-25-oregon-faces-30-uncontrolled-wildfires-amid-lightning-storms/,059617d8f966ebd16024543587c2c9ba,Oregon Faces 30 Uncontrolled Wildfires Amid Lightning Storms,20260725T143000Z,wham1180.iheart.com,English,United States,closure,D6_교란행위,2026-07-25
https://newsradio1170.iheart.com/content/2026-07-25-oregon-faces-30-uncontrolled-wildfires-amid-lightning-storms/,ebe7b1967c073376d7d3ad051e9f3c60,Oregon Faces 30 Uncontrolled Wildfires Amid Lightning Storms,20260725T144500Z,newsradio1170.iheart.com,English,United States,closure,D6_교란행위,2026-07-25
https://kfyi.iheart.com/content/2026-07-25-oregon-faces-30-uncontrolled-wildfires-amid-lightning-storms/,3a0b788eebbdd0e3aefa55e1ba0fa303,Oregon Faces 30 Uncontrolled Wildfires Amid Lightning Storms,20260725T141500Z,kfyi.iheart.com,English,United States,closure,D6_교란행위,2026-07-25
https://wilm.iheart.com/content/2026-07-25-oregon-faces-30-uncontrolled-wildfires-amid-lightning-storms/,68a9ef35dea9542ed0d8cdcfa821d141,Oregon Faces 30 Uncontrolled Wildfires Amid Lightning Storms,20260725T151500Z,wilm.iheart.com,English,United States,closure,D6_교란행위,2026-07-25
https://1450wkip.iheart.com/content/2026-07-25-oregon-faces-30-uncontrolled-wildfires-amid-lightning-storms/,b39a261bb9cb460a4c0fa6e82e3338b1,Oregon Faces 30 Uncontrolled Wildfires Amid Lightning Storms,20260725T151500Z,1450wkip.iheart.com,English,United States,closure,D6_교란행위,2026-07-25
https://wmrn.iheart.com/content/2026-07-25-oregon-faces-30-uncontrolled-wildfires-amid-lightning-storms/,91105110f13f0d355ad65e0c25db3194,Oregon Faces 30 Uncontrolled Wildfires Amid Lightning Storms,20260725T151500Z,wmrn.iheart.com,English,United States,closure,D6_교란행위,2026-07-25
https://600kcol.iheart.com/content/2026-07-25-oregon-faces-30-uncontrolled-wildfires-amid-lightning-storms/,9cf317b8c5987160d4994c2fecf5a323,Oregon Faces 30 Uncontrolled Wildfires Amid Lightning Storms,20260725T113000Z,600kcol.iheart.com,English,United States,closure,D6_교란행위,2026-07-25
https://600wrec.iheart.com/content/2026-07-25-oregon-faces-30-uncontrolled-wildfires-amid-lightning-storms/,b39234a7c880a6a00227c71b54d02e6f,Oregon Faces 30 Uncontrolled Wildfires Amid Lightning Storms,20260725T133000Z,600wrec.iheart.com,English,United States,closure,D6_교란행위,2026-07-25
https://wgy.iheart.com/content/2026-07-25-oregon-faces-30-uncontrolled-wildfires-amid-lightning-storms/,8236533533c4cddeb25ce405da5dc2f8,Oregon Faces 30 Uncontrolled Wildfires Amid Lightning Storms | News Radio 103 . 1 and 810 WGY,20260725T124500Z,wgy.iheart.com,English,United States,closure,D6_교란행위,2026-07-25
https://whnz.iheart.com/content/2026-07-25-oregon-faces-30-uncontrolled-wildfires-amid-lightning-storms/,6967af2d8aa54cf5d0982ccd969908d8,Oregon Faces 30 Uncontrolled Wildfires Amid Lightning Storms,20260725T124500Z,whnz.iheart.com,English,United States,closure,D6_교란행위,2026-07-25
https://knst.iheart.com/content/2026-07-25-oregon-faces-30-uncontrolled-wildfires-amid-lightning-storms/,978784eb04d1564592c9369358727fce,Oregon Faces 30 Uncontrolled Wildfires Amid Lightning Storms,20260725T124500Z,knst.iheart.com,English,United States,closure,D6_교란행위,2026-07-25
https://1430kasi.iheart.com/content/2026-07-25-oregon-faces-30-uncontrolled-wildfires-amid-lightning-storms/,6e867bf243bf393dc0be11690be7ebbe,Oregon Faces 30 Uncontrolled Wildfires Amid Lightning Storms,20260725T124500Z,1430kasi.iheart.com,English,United States,closure,D6_교란행위,2026-07-25
https://650keni.iheart.com/content/2026-07-25-oregon-faces-30-uncontrolled-wildfires-amid-lightning-storms/,c8998013104d0d0efa6770114654ed20,Oregon Faces 30 Uncontrolled Wildfires Amid Lightning Storms,20260725T130000Z,650keni.iheart.com,English,United States,closure,D6_교란행위,2026-07-25
https://kwhn.iheart.com/content/2026-07-25-oregon-faces-30-uncontrolled-wildfires-amid-lightning-storms/,11bdf7cf15da08a23e5ce38cf43914f2,Oregon Faces 30 Uncontrolled Wildfires Amid Lightning Storms,20260725T140000Z,kwhn.iheart.com,English,United States,closure,D6_교란행위,2026-07-25
https://wsfcam.iheart.com/content/2026-07-25-oregon-faces-30-uncontrolled-wildfires-amid-lightning-storms/,6088f59201885c3c6717bc6cad9c5a11,Oregon Faces 30 Uncontrolled Wildfires Amid Lightning Storms,20260725T123000Z,wsfcam.iheart.com,English,United States,closure,D6_교란행위,2026-07-25
https://koacolorado.iheart.com/content/2026-07-25-oregon-faces-30-uncontrolled-wildfires-amid-lightning-storms/,63c13a4335d3c84e48b8a1701aaf4dbe,Oregon Faces 30 Uncontrolled Wildfires Amid Lightning Storms,20260725T131500Z,koacolorado.iheart.com,English,United States,closure,D6_교란행위,2026-07-25
https://600wmtradio.iheart.com/content/2026-07-25-oregon-faces-30-uncontrolled-wildfires-amid-lightning-storms/,085ab96456035bfb05c902932778d22a,Oregon Faces 30 Uncontrolled Wildfires Amid Lightning Storms,20260725T121500Z,600wmtradio.iheart.com,English,United States,closure,D6_교란행위,2026-07-25
https://newsradiori.iheart.com/content/2026-07-25-oregon-faces-30-uncontrolled-wildfires-amid-lightning-storms/,aeeb7c0eb6d63380f0263d923c67cc86,Oregon Faces 30 Uncontrolled Wildfires Amid Lightning Storms | News Radio 920 AM & 104 . 7 FM,20260725T153000Z,newsradiori.iheart.com,English,United States,closure,D6_교란행위,2026-07-25
https://newstalk1230.iheart.com/content/2026-07-25-oregon-faces-30-uncontrolled-wildfires-amid-lightning-storms/,947bf9e0c967b5f19e10d166db64cc28,Oregon Faces 30 Uncontrolled Wildfires Amid Lightning Storms,20260725T153000Z,newstalk1230.iheart.com,English,United States,closure,D6_교란행위,2026-07-25
https://800wvhu.iheart.com/content/2026-07-25-oregon-faces-30-uncontrolled-wildfires-amid-lightning-storms/,bab08be17c6a7889d83715dfec98baed,Oregon Faces 30 Uncontrolled Wildfires Amid Lightning Storms,20260725T153000Z,800wvhu.iheart.com,English,United States,closure,D6_교란행위,2026-07-25
https://945wpti.iheart.com/content/2026-07-25-oregon-faces-30-uncontrolled-wildfires-amid-lightning-storms/,5b162fa79766d217101592e4c4a1a56f,Oregon Faces 30 Uncontrolled Wildfires Amid Lightning Storms,20260725T153000Z,945wpti.iheart.com,English,United States,closure,D6_교란행위,2026-07-25
https://talkradio1080.iheart.com/content/2026-07-25-oregon-faces-30-uncontrolled-wildfires-amid-lightning-storms/,6b40eceeba03f08b99c89455893be75a,Oregon Faces 30 Uncontrolled Wildfires Amid Lightning Storms,20260725T153000Z,talkradio1080.iheart.com,English,United States,closure,D6_교란행위,2026-07-25
https://wflanews.iheart.com/content/2026-07-25-oregon-faces-30-uncontrolled-wildfires-amid-lightning-storms/,76b7770e9e3010739136ebfaaca8a25c,Oregon Faces 30 Uncontrolled Wildfires Amid Lightning Storms,20260725T153000Z,wflanews.iheart.com,English,United States,closure,D6_교란행위,2026-07-25
https://wsyr.iheart.com/content/2026-07-25-oregon-faces-30-uncontrolled-wildfires-amid-lightning-storms/,65baf1da8eb54afaf25ba56557d66eff,Oregon Faces 30 Uncontrolled Wildfires Amid Lightning Storms,20260725T154500Z,wsyr.iheart.com,English,United States,closure,D6_교란행위,2026-07-25
https://khow.iheart.com/content/2026-07-25-oregon-faces-30-uncontrolled-wildfires-amid-lightning-storms/,62fc087643ec8a0fd7fe0e15b5a2fac9,Oregon Faces 30 Uncontrolled Wildfires Amid Lightning Storms,20260725T154500Z,khow.iheart.com,English,United States,closure,D6_교란행위,2026-07-25
https://943wsc.iheart.com/content/2026-07-25-oregon-faces-30-uncontrolled-wildfires-amid-lightning-storms/,44556883f1b4acc6a4b161cea56521aa,Oregon Faces 30 Uncontrolled Wildfires Amid Lightning Storms,20260725T154500Z,943wsc.iheart.com,English,United States,closure,D6_교란행위,2026-07-25
https://newsradiowkcy.iheart.com/content/2026-07-25-oregon-faces-30-uncontrolled-wildfires-amid-lightning-storms/,f06bbfd757961a0c3f3d173f0512ef74,Oregon Faces 30 Uncontrolled Wildfires Amid Lightning Storms | NewsRadio WKCY,20260725T154500Z,newsradiowkcy.iheart.com,English,United States,closure,D6_교란행위,2026-07-25
https://wrko.iheart.com/content/2026-07-25-oregon-faces-30-uncontrolled-wildfires-amid-lightning-storms/,6cd60a968dc6c70d931878ebb38f0349,Oregon Faces 30 Uncontrolled Wildfires Amid Lightning Storms,20260725T154500Z,wrko.iheart.com,English,United States,closure,D6_교란행위,2026-07-25
https://www.therecord.com/news/waterloo-region/wine-butlers-abrupt-closure/article_a1c8dcd1-4158-5200-a376-fc062fa8b614.html,296a288cd88fac933f3a2f3eff7f7f07,Wine Butler leaves customers out thousands of dollars,20260725T144500Z,therecord.com,English,Canada,closure,D6_교란행위,2026-07-25
https://www.rawstory.com/screwworm-usda-trump/,1ddb6c98d1f97a1c729044154e056dfa,Flesh - eating  screwworm  has Trump on the run before midterms : report,20260725T153000Z,rawstory.com,English,United States,closure,D6_교란행위,2026-07-25
https://arynews.tv/china-initiates-push-towards-resumption-of-us-iran-talk-reuters,e7f77994b82c7e8e22b1cace663020a4,China initiates push towards resumption of US - Iran talk : Reuters,20260725T083000Z,arynews.tv,English,Pakistan,closure,D6_교란행위,2026-07-25
https://www.irishnews.com/news/northern-ireland/traffic-disruption-expected-as-feile-an-phobail-kicks-off-P3MY5FZ5QBDEHDARNL4W3QOKS4/,3e947bd57c06b9c346bd2361227dc2ac,Road users  should expect delay as Féile an Phobail kicks off – The Irish News,20260725T171500Z,irishnews.com,English,United Kingdom,closure,D6_교란행위,2026-07-25
https://screenrant.com/the-umbrella-academy-netflix-deserve-one-more-season/,405216b4d40cea30097a62f124e0ed2c,Netflix Masterpiece 36 - Episode Fantasy Series Deserved One More Season,20260725T144500Z,screenrant.com,English,United States,closure,D6_교란행위,2026-07-25
https://www.ibtimes.co.in/after-six-day-suspension-amarnath-vaishno-devi-yatras-resume-amid-weather-improvement-904169,6c8b50df7911d406ccbe3941a6e4ed5e,"Amarnath , Vaishno Devi Yatras resume after weather disruption",20260725T150000Z,ibtimes.co.in,English,India,closure,D6_교란행위,2026-07-25
https://www.deccanchronicle.com/nation/current-affairs/amarnath-yatra-resumes-after-6-day-weather-halt-1973757,0dec99d795f45a360fd2b44c4408f2ee,Amarnath Yatra Resumes After 6 - day Weather Halt,20260725T021500Z,deccanchronicle.com,English,India,closure,D6_교란행위,2026-07-25
https://www.wboc.com/news/local/section-of-south-state-street-in-dover-to-be-closed-next-week/article_db14bdb7-99fa-4d5c-a149-088f25b4002c.html,31b471d11198348aa68880b745103c60,Section of South State Street in Dover to be closed next week,20260725T190000Z,wboc.com,English,United States,closure,D6_교란행위,2026-07-25
https://timesofindia.indiatimes.com/city/bengaluru/zero-admissions-in-20-govt-schools-as-students-shift-to-kps-pm-shri/articleshow/132626813.cms,2df6556bcc76b42a9ea1c406d620e85d,"Zero admissions in 20 govt schools as students shift to KPS , PM Shri | Bengaluru News",20260725T140000Z,timesofindia.indiatimes.com,English,India,closure,D6_교란행위,2026-07-25
https://timesofindia.indiatimes.com/city/madurai/hc-closes-plea-on-madurai-gandhi-museum-reopening-as-renovation-nears-completion/articleshow/132630135.cms,ab67b6a7262715274d105e6a1a7bcc26,HC closes plea on Madurai Gandhi Museum reopening as renovation nears completion,20260725T171500Z,timesofindia.indiatimes.com,English,India,closure,D6_교란행위,2026-07-25
https://www.vanguardngr.com/2026/07/osun-election-nans-seeks-campus-closure-over-election-security-concerns/,6134e9996266f2d1180ab45a482bf55a,Osun Election : NANS seeks campus closure over election security concerns,20260725T083000Z,vanguardngr.com,English,Nigeria,closure,D6_교란행위,2026-07-25
https://www.thehindu.com/news/national/jammu-and-kashmir/amarnath-yatra-resumes-after-six-day-weather-halt/article71265111.ece,588129a141011e805dd6eb9f4ab7746a,Amarnath Yatra resumes after six - day weather halt,20260725T021500Z,thehindu.com,English,India,closure,D6_교란행위,2026-07-25
https://globalnews.ca/news/11991104/nose-hill-missing-calgary-boy/,6c2be635b6d684a94c4fea6f653b872b,"Calgary Nose Hill parking lot , pathway closed as search continues for Parker",20260725T163000Z,globalnews.ca,English,Canada,closure,D6_교란행위,2026-07-25
https://www.tribuneindia.com/news/j-k/amarnath-yatra-resumes-after-6-day-weather-halt-over-6000-pilgrims-leave-jammu/,cb1378807945446babac0e0b8df51502,"Amarnath Yatra resumes after 6 - day weather halt ; over 6 , 000 pilgrims leave Jammu",20260725T034500Z,tribuneindia.com,English,India,closure,D6_교란행위,2026-07-25
https://www.durangoherald.com/articles/news/rockslide-closes-red-mountain-pass-on-friday-night/,4b375251add4fb91493ecc66ad597fc9,Rockslide closes Red Mountain Pass on Friday night,20260725T013000Z,durangoherald.com,English,United States,closure,D6_교란행위,2026-07-25
https://www.rediff.com/news/report/customer-ordered-iphone-received-beard-oil-flipkart-seller-fined-rs-18-lakh/20260725.htm,ef297a9bec4ee2801f60d6ee606a20ea,"Customer ordered iPhone , received beard oil , Flipkart , seller fined Rs 1 . 8 lakh",20260725T151500Z,rediff.com,English,India,closure,D6_교란행위,2026-07-25
https://nypost.com/2026/07/25/lifestyle/beloved-dana-point-restaurant-serving-iconic-california-cocktail-to-close-after-50-years/,87a4b0d1c3113b8655888454e5fe77a5,Beloved Dana Point restaurant serving iconic California cocktail to close after 50 years,20260725T184500Z,nypost.com,English,United States,closure,D6_교란행위,2026-07-25
https://www.fox13news.com/news/shooting-plant-city-nightclub-dead,a3cc2e3b5b0245b875d908ea07f2d011,Shooting outside Plant City nightclub leaves 1 dead : HCSO,20260725T133000Z,fox13news.com,English,United States,closure,D6_교란행위,2026-07-25
https://leadership.ng/gene-hackmans-80-million-estate-still-unresolved-as-tax-issues-delay-settlement/,565a6026a6ce1c1c1d4cac0224f9bd30,Gene Hackman $80 Million Estate Still Unresolved As Tax Issues Delay Settlement,20260725T144500Z,leadership.ng,English,Nigeria,closure,D6_교란행위,2026-07-25
https://ktul.com/news/local/tulsa-mayor-orders-closure-of-citys-municipal-lockup-facility-07-24-2026,d3fd0032fd0030fb6ac2f3a1f1ef2f7b,Tulsa mayor orders closure of city municipal lockup facility,20260725T001500Z,ktul.com,English,United States,closure,D6_교란행위,2026-07-25
https://www.durhamregion.com/news/highway-401-in-bowmanville-to-close-for-bridge-work/article_831876c0-cf77-58d1-afa7-a9244b19f4b1.html,518de824e802a183b9e4a48a7d8b5dd4,Highway 401 in Bowmanville to close for bridge work,20260725T120000Z,durhamregion.com,English,Canada,closure,D6_교란행위,2026-07-25
https://www.insidehalton.com/news/burlington-brant-hills-library-closure/article_34b746e5-0d9c-531f-93f4-fd43d60d2c59.html,a78ed6163810046ec23e6bd82df5f70e,Burilngton Brant Hills library faces second summer closure,20260725T121500Z,insidehalton.com,English,Canada,closure,D6_교란행위,2026-07-25
https://www.derbytelegraph.co.uk/news/local-news/big-changes-derbyshire-tip-bid-11076766,8d3d851f4b2ea2bf931644e3fd7b62a4,Big changes for Derbyshire tip in bid to make key site improvements,20260725T113000Z,derbytelegraph.co.uk,English,United Kingdom,closure,D6_교란행위,2026-07-25
https://finance.yahoo.com/markets/crypto/articles/bitmex-faces-lawsuit-alleging-theft-132600230.html,e80851806330fd0734527004f98aab28,BitMEX Faces Lawsuit Alleging Theft And Insider Trading,20260725T153000Z,finance.yahoo.com,English,United States,closure,D6_교란행위,2026-07-25
https://timesofindia.indiatimes.com/india/3-years-on-sit-probe-complete-in-just-10-of-manipur-riot-cases/articleshow/132617420.cms,d2e58500d4c01aa5265ba00fc7dd520d,"3 years on , SIT probe complete in just 10 % of Manipur riot cases",20260725T021500Z,timesofindia.indiatimes.com,English,India,closure,D6_교란행위,2026-07-25
https://www.wnem.com/2026/07/24/saginaw-childrens-zoo-calculating-revenue-loss-after-closing-due-wildfire-smoke/,58a00aaa51951f6b78f689b9a5c28528,Saginaw Children Zoo calculating revenue loss after closing due to wildfire smoke,20260725T023000Z,wnem.com,English,United States,closure,D6_교란행위,2026-07-25
https://www.tribuneindia.com/news/j-k/jammu-srinagar-highway-closed-for-third-day-as-landslides-disrupt-traffic/,5a5e214bd3d584fc6faebc958f455395,Jammu - Srinagar National Highway closed for third day as landslides disrupt traffic,20260725T184500Z,tribuneindia.com,English,India,closure,D6_교란행위,2026-07-25
https://www.walesonline.co.uk/news/wales-news/monster-imprisoned-strangled-raped-woman-34351924,652fd7d7a2b43d27d6c1673d26c6f7a7,"Monster imprisoned , strangled and raped woman",20260725T163000Z,walesonline.co.uk,English,United Kingdom,closure,D6_교란행위,2026-07-25
https://news.webindia123.com/news/Articles/India/20260725/4478950.html,a67e0c82827941202b0a4d43fac0b668,J - K : Amarnath Yatra resumes from Jammu after six - day suspension due to bad weather,20260725T054500Z,news.webindia123.com,English,India,closure,D6_교란행위,2026-07-25
https://www.wnd.com/2026/07/prominent-political-cleavage-irgc-collapse-strait-hormuz-deal/,159171f4144ea592da2c5eb816f0f0a7,"Prominent political cleavage : The IRGC and the collapse of the Strait of Hormuz deal * WorldNetDaily * by Hamza Zaman , Real Clear Wire",20260725T013000Z,wnd.com,English,United States,closure,D6_교란행위,2026-07-25
https://idrw.org/right-of-navigation-through-international-waterways-important/,d07f3efa75a2aabd71bed8615fb475c8,  Right Of Navigation Through International Waterways Important  ,20260725T040000Z,idrw.org,English,India,closure,D6_교란행위,2026-07-25
https://www.gamesradar.com/games/action/former-playstation-head-says-the-rise-of-aaa-games-shut-down-japan-studio-because-sony-wanted-to-drive-hardware-sales-with-games-like-god-of-war-and-uncharted/,225c2845b2631aaf2dd85a974cc89722,Former PlayStation head says the rise of AAA games shut down Japan Studio because Sony  wanted to drive hardware sales with games like God of War and Uncharted  ,20260725T170000Z,gamesradar.com,English,United States,closure,D6_교란행위,2026-07-25
https://www.el-balad.com/17035555,0260e7a4dd06f7d05b9476a95e4b7ed5,Greater Manchester Police closes M60 Traffic between Oldham and Ashton - under - Lyne,20260725T141500Z,el-balad.com,English,Egypt,closure,D6_교란행위,2026-07-25
https://mynewsla.com/weather/2026/07/25/beachgoers-warned-to-avoid-water-at-4-la-county-beaches/,284f05b312ec322ea027d117578b5a9b,Health Officials Warn Beachgoers to Avoid Water at 4 LACo Beaches,20260725T154500Z,mynewsla.com,English,United States,closure,D6_교란행위,2026-07-25
https://www.arabnews.com/node/2652248/world,d1619f1fd5eba2e57212935e67b6de15,India Modi under pressure as youth protest leaders set for more talks,20260725T074500Z,arabnews.com,English,Saudi Arabia,closure,D6_교란행위,2026-07-25
https://www.fooddive.com/?page=2&_sp=2b45b05f-e700-44e3-bd54-62feaf1afab5,3403b42b5ed102ccef2d001854592747,Food Dive : Food Industry News and Analysis,20260725T123000Z,fooddive.com,English,United States,closure,D6_교란행위,2026-07-25
https://www.bangordailynews.com/2026/07/25/bangor/bangor-health/bangor-together-place-recovery-center-members-joam40zk0w/,d4bab5757f2147e353c270c281282d12,Bangor recovery center at risk of closure is  like a family  for its members,20260725T053000Z,bangordailynews.com,English,United States,closure,D6_교란행위,2026-07-25
https://www.ky3.com/2026/07/25/constant-road-construction-creates-an-additional-safety-hazard-one-ozark-neighborhood/,69b5fab634567efab90a8dfaf3464dc7,"Constant road construction creates an additional safety hazard in one Ozark , Mo ., neighborhood",20260725T184500Z,ky3.com,English,United States,closure,D6_교란행위,2026-07-25
https://www.scoop.co.nz/stories/AK2607/S00809/adams-avenue-between-pilot-bay-the-maunganui-road-roundabout-will-be-temporarily-closed-to-vehicles.htm,e1cf5c67a62ad49c6c74e8433c8e19d7,"Adams Avenue , Between Pilot Bay & The Maunganui Road Roundabout , Will Be Temporarily Closed To Vehicles",20260725T053000Z,scoop.co.nz,English,New Zealand,closure,D6_교란행위,2026-07-25
https://www.celebdirtylaundry.com/2026/the-young-and-the-restless-spoilers-dr-markhams-hideout-discovered-panics-as-walls-close-in/,5253ebaeb259565ec5d0784fc8d1efcd,"The Young and the Restless Spoilers : Dr . Markham Hideout Discovered , Panics as Walls Close In ? ",20260725T141500Z,celebdirtylaundry.com,English,United States,closure,D6_교란행위,2026-07-25
https://www.express.co.uk/news/uk/2231873/beloved-uk-restaurant-chain-suddenly,0f672cbe7de18616669129783e0385d9,Beloved united kingdom restaurant chain suddenly closes shop – on high street for 5 years,20260725T081500Z,express.co.uk,English,United Kingdom,closure,D6_교란행위,2026-07-25
https://www.thehindu.com/news/national/jammu-and-kashmir/rains-claim-womans-life-in-jk-rajouri-amarnath-vaishno-devi-pilgrimages-partly-back-on-track/article71266585.ece,9f10a3357c8fef3c9b090583b10ef7ff,"Rains claim woman life in J & K Rajouri ; Amarnath , Vaishno Devi pilgrimages partly back on track",20260725T151500Z,thehindu.com,English,India,closure,D6_교란행위,2026-07-25
"http://www.baxterbulletin.com/stories/local-briefs,154312",52b8c713939a5303f726d735caef96ba,Local Briefs | Baxter Bulletin,20260725T060000Z,baxterbulletin.com,English,United States,closure,D6_교란행위,2026-07-25
https://wset.com/news/local-events/511pa-multi-vehicle-crash-shuts-down-section-of-879w,0cecf947ab26a09ab4cf28af4de864c3,PSP : Retired state trooper charged following multi - fatal crash on Route 879 in Pike Twp . ,20260725T144500Z,wset.com,English,United States,closure,D6_교란행위,2026-07-25
https://www.oneindia.com/india/delhi-metro-shuts-18-stations-amid-neet-protest-at-jantar-mantar-8156537.html,225dc8d78a455e409e4293c363185363,Delhi Metro Shuts 18 Stations Amid NEET Protest At Jantar Mantar,20260725T040000Z,oneindia.com,English,India,closure,D6_교란행위,2026-07-25
http://www.idahostatejournal.com/news/local/bear-attack-on-jogger-at-henrys-lake-state-park-prompts-officials-to-close-trails-for/article_8c40e2e1-aa7e-4cb6-9d21-b6687393cbe2.html,5e6de23683e32d225485f8212ce8242c,Bear attack on jogger at Henrys Lake State Park prompts officials to close trails for a week,20260725T043000Z,idahostatejournal.com,English,United States,closure,D6_교란행위,2026-07-25
https://www.idahostatejournal.com/news/local/bear-attack-on-jogger-at-henrys-lake-state-park-prompts-officials-to-close-trails-for/article_8c40e2e1-aa7e-4cb6-9d21-b6687393cbe2.html,93be9b7778ffed031f5c33e3bbb4a06a,Bear attack on jogger at Henrys Lake State Park prompts officials to close trails for a week,20260725T023000Z,idahostatejournal.com,English,United States,closure,D6_교란행위,2026-07-25
http://www.femalefirst.co.uk/horoscopes/daily-horoscopes-saturday-25th-july-1447337.html,a717013bccd25a1b98685cb068150200,Your Daily Horoscopes for Saturday 25th July,20260725T010000Z,femalefirst.co.uk,English,United Kingdom,closure,D6_교란행위,2026-07-25
https://economictimes.indiatimes.com/markets/us-stocks/news/stocks-mixed-as-oil-prices-pause-climb-but-yields-hover-near-highs/articleshow/132618760.cms,c732f8ed2e01652a2446b2804dcb9b4a,Stocks mixed as oil prices pause climb but yields hover near highs,20260725T050000Z,economictimes.indiatimes.com,English,India,closure,D6_교란행위,2026-07-25
https://www.arkansasonline.com/news/2026/jul/25/vw-searching-ways-to-combat-china/,c63b5504d7ed2ea4024c538d4fd30873,VW searching ways to combat China | The Arkansas Democrat - Gazette - Arkansa Best News Source,20260725T081500Z,arkansasonline.com,English,United States,closure,D6_교란행위,2026-07-25
https://turnto10.com/weather/local-radar-loop/511pa-multi-vehicle-crash-shuts-down-section-of-879w,0094e756cfc10e792d216a052100e0f4,PSP : Retired state trooper charged following multi - fatal crash on Route 879 in Pike Twp . ,20260725T163000Z,turnto10.com,English,United States,closure,D6_교란행위,2026-07-25
https://www.thepeterboroughexaminer.com/news/highway-401-in-bowmanville-to-close-for-bridge-work/article_1bee279c-3abf-5e48-895e-0eea6b19ae64.html,d57d2554f7bc247e0aae7a98d69e93cc,Highway 401 in Bowmanville to close for bridge work,20260725T121500Z,thepeterboroughexaminer.com,English,Canada,closure,D6_교란행위,2026-07-25
https://leadership.ng/petition-seeking-argentinas-world-cup-ban-draws-23-3-million-signatures/,fdf8bc1bd70aced2203384ecd2a01090,Petition Seeking Argentina World Cup Ban Draws 23 . 3 Million Signatures,20260725T121500Z,leadership.ng,English,Nigeria,closure,D6_교란행위,2026-07-25
https://morungexpress.com/entry-gates-of-all-delhi-metro-stations-opened-as-cjp-withdraws-agitation,c2094b12437e1a199c4c5472cd185165,Entry gates of all Delhi Metro stations opened as CJP withdraws agitation,20260725T154500Z,morungexpress.com,English,India,closure,D6_교란행위,2026-07-25
https://economictimes.indiatimes.com/markets/commodities/news/oil-falls-on-report-china-pushing-for-end-us-iran-war/articleshow/132618787.cms,bb21972fbc82f82f192e2e0b39f28f54,Oil falls on report China pushing for end US - Iran war,20260725T050000Z,economictimes.indiatimes.com,English,India,closure,D6_교란행위,2026-07-25
https://foxbaltimore.com/news/local/511pa-multi-vehicle-crash-shuts-down-section-of-879w,e397b241e1769ac4647e9b83ec546e4c,PSP : Retired state trooper charged following multi - fatal crash on Route 879 in Pike Twp . ,20260725T150000Z,foxbaltimore.com,English,United States,closure,D6_교란행위,2026-07-25
https://www.latimes.com/business/story/2026-07-25/this-beloved-orange-county-restaurant-is-closing-after-serving-50-years-of-mai-tais,48adf7c7cb7400e8c8dd164b4d8642c7,This beloved Orange County restaurant is closing after serving 50 years of mai tais,20260725T124500Z,latimes.com,English,United States,closure,D6_교란행위,2026-07-25
https://www.wired.com/story/leatherology-totes-for-carrying-tech/,59b224f8e2a1babdb42036f32e5aac8a,Why Leatherology Makes Some of the Best Totes for Work ( 2026 ) ,20260725T124500Z,wired.com,English,United States,closure,D6_교란행위,2026-07-25
https://www.birminghammail.co.uk/news/money/what-andy-burnhams-business-rates-34349899,9d7ab0d71a77f353bfee7b3594960baa,"What Andy Burnham business rates cut means for pubs , clubs and live music venues",20260725T123000Z,birminghammail.co.uk,English,United Kingdom,closure,D6_교란행위,2026-07-25
https://www.businesstimes.com.sg/companies-markets/oil-falls-report-china-pushing-end-us-iran-war,e476224b0d75a6266ff34d264b45115c,Oil falls on report China pushing for end US - Iran war,20260725T040000Z,businesstimes.com.sg,English,Singapore,closure,D6_교란행위,2026-07-25
https://aninews.in/news/national/general-news/indian-army-rescues-57-people-from-floodwaters-in-gujarats-navsari20260725110528/,e0995e56a1dee7b789a0f944e22ba992,Indian Army rescues 57 people from floodwaters in Gujarat Navsari,20260725T064500Z,aninews.in,English,India,closure,D6_교란행위,2026-07-25
https://www.thehindu.com/news/national/why-did-cci-clear-zomatos-platform-fees-and-delivery-charges-of-abuse-of-dominance-charges-explained/article71263794.ece,b6eb6590e25ff8f212d3f143d16b933c,Why did CCI clear Zomato platform fees and delivery charges of  abuse of dominance  charges ? | Explained,20260725T063000Z,thehindu.com,English,India,closure,D6_교란행위,2026-07-25
https://www.thenorthernecho.co.uk/news/26407172.music-poetry-mark-50th-anniversary-rowley-beamish/,a8b473077ee5fb482652bfeca9156310,Music and poetry mark 50th anniversary of Rowley at Beamish,20260725T074500Z,thenorthernecho.co.uk,English,United Kingdom,closure,D6_교란행위,2026-07-25
https://gearjunkie.com/winter/skiing/dalbello-veloce-space-120-dual-ski-boots-review,2ddcebcef22e6df4b9fe940b5add3f19,Dalbello Veloce Space 120 Dual Ski Boots Review,20260725T034500Z,gearjunkie.com,English,United States,closure,D6_교란행위,2026-07-25
https://www.wsws.org/en/articles/2026/07/25/irwa-j25.html,dc4bfb51bab28a03532df22d61f5a061,Job losses deepen in Australia,20260725T101500Z,wsws.org,English,United States,closure,D6_교란행위,2026-07-25
https://www.knopnews2.com/2026/07/24/tyson-foods-completes-lexington-plant-closure-friday-with-final-round-layoffs/,15a41216846883c4f205609e941fd48f,Tyson Foods completes Lexington plant closure Friday with final round of layoffs,20260725T013000Z,knopnews2.com,English,United States,closure,D6_교란행위,2026-07-25
https://us.cnn.com/2026/07/25/us/cold-case-victim-identified-genetic-genealogy,d9dae6839586a5e962c686da33692daf,Investigative genetic genealogy identifies cold case victim after nearly 26 years,20260725T170000Z,us.cnn.com,English,United States,closure,D6_교란행위,2026-07-25
https://kfiz.com/lakeside-park-bridge-closed-next-week-for-staining/,62c5ea09842ec6c48fe4eea95df26028,Lakeside Park bridge closed next week for staining - KFIZ News - Talk 1450 AM,20260725T120000Z,kfiz.com,English,United States,closure,D6_교란행위,2026-07-25
https://thevwindependent.com/news/2026/07/24/u-s-224-to-close-for-two-big-projects/,843fe05aa2a8b99ef56d56746fc0d882,U . S . 224 to close for two big projects « The VW independent,20260725T060000Z,thevwindependent.com,English,United States,closure,D6_교란행위,2026-07-25
https://www.keighleynews.co.uk/news/26405152.keighley-drivers-warned-temporary-road-closure-next-week/,ed9cd9e7dd8eacf316ff663315f5aab1,Keighley drivers warned of temporary road closure next week,20260725T070000Z,keighleynews.co.uk,English,United Kingdom,closure,D6_교란행위,2026-07-25
https://www.chicagotribune.com/2026/07/25/uchicago-study-shuttered-schools-gun-violence/,cec91771b7575c29c7309df2b568c921,UChicago study shows shuttered schools yield gun violence,20260725T114500Z,chicagotribune.com,English,United States,closure,D6_교란행위,2026-07-25
https://www.asiaone.com/asia/indian-government-seeks-time-youth-protesters-minister-resignation-demand,2db04c5bc09c8d93710357e696997992,Indian government seeks time on youth protester minister resignation demand,20260725T043000Z,asiaone.com,English,Singapore,closure,D6_교란행위,2026-07-25
https://www.thisisoxfordshire.co.uk/news/26409878.major-uk-restaurant-chain-shut-almost-4-000-jobs-risk/,fe44ccef8136f43226faa70b9bc9cf22,"Major united kingdom restaurant chain to shut down with almost 4 , 000 jobs at risk",20260725T173000Z,thisisoxfordshire.co.uk,English,United Kingdom,closure,D6_교란행위,2026-07-25
https://www.wfmz.com/news/ap/ap-national/wisconsins-capital-city-cancels-signature-events-grapples-with-fallout-from-police-shooting/article_a1473a38-cac3-59b2-a6f2-9a143485b047.html,23ad3eee5e3cd007426b50af0ca3791b,"Wisconsin capital city cancels signature events , grapples with fallout from police shooting",20260725T170000Z,wfmz.com,English,United States,closure,D6_교란행위,2026-07-25
https://www.yorkpress.co.uk/news/26409599.york-mazda-layerthorpe-close-july-31-2026/,56b3de8369c42e6702b7a9b545139c33,"York Mazda in Layerthorpe to close on July 31 , 2026",20260725T181500Z,yorkpress.co.uk,English,United Kingdom,closure,D6_교란행위,2026-07-25
https://www.castanetkamloops.net/news/West-Kelowna/625959/Road-closures-expected-in-West-Kelowna-starting-Monday,5b07faf3248fcfc5e30af80007105d37,Road closures expected in West Kelowna starting Monday,20260725T023000Z,castanetkamloops.net,English,,closure,D6_교란행위,2026-07-25
https://economictimes.indiatimes.com/magazines/panache/your-toilet-paper-habit-may-be-spreading-germs-experts-explain-the-cleaner-way/articleshow/132619940.cms,d3c19a6b4e88352d9eef2716005c4e63,What is the right way to hang toilet paper ? Experts explain the hygienic way,20260725T070000Z,economictimes.indiatimes.com,English,India,closure,D6_교란행위,2026-07-25
https://cnycentral.com/news/local/511pa-multi-vehicle-crash-shuts-down-section-of-879w,be0182a0959fc8b638dfb80329d9484c,PSP : Retired state trooper charged following multi - fatal crash on Route 879 in Pike Twp . ,20260725T174500Z,cnycentral.com,English,United States,closure,D6_교란행위,2026-07-25
https://www.manchestereveningnews.co.uk/news/greater-manchester-news/environment-agency-carefully-considering-evidence-34347876,e6c8307f5fc735d9c320cd66c25e157d,"Environment Agency  carefully considering  evidence of toxic chemicals at 25 , 000 tonne Bickershaw illegal dump",20260725T084500Z,manchestereveningnews.co.uk,English,United Kingdom,closure,D6_교란행위,2026-07-25
https://saharareporters.com/2026/07/24/osun-govt-denies-dissolving-nurtw-leadership-says-it-only-suspended-union-activities,4a7a30e14720f2d13e3ac88ea7204175,"Osun Govt Denies Dissolving NURTW Leadership , Says It Only Suspended Union Activities",20260725T091500Z,saharareporters.com,English,Nigeria,closure,D6_교란행위,2026-07-25
https://www.clickondetroit.com/news/national/2026/07/25/wisconsins-capital-city-cancels-signature-events-grapples-with-fallout-from-police-shooting/,a0d1d7bae0b561c9e20bed3c0bfedc30,"Wisconsin capital city cancels signature events , grapples with fallout from police shooting",20260725T181500Z,clickondetroit.com,English,United States,closure,D6_교란행위,2026-07-25
https://www.click2houston.com/news/national/2026/07/25/wisconsins-capital-city-cancels-signature-events-grapples-with-fallout-from-police-shooting/,f1a75cb06b81138264f7f577f756fbeb,"Wisconsin capital city cancels signature events , grapples with fallout from police shooting",20260725T173000Z,click2houston.com,English,United States,closure,D6_교란행위,2026-07-25
http://www.cambodiantimes.com/news/279208990/delhi-liquor-shops-to-close-by-8-pm-over-weekend-amid-student-protest-at-jantar-mantar,201881933936246f5b06fa07b04dcd65,Delhi : Liquor shops to close by 8 pm over weekend amid student protest at Jantar Mantar,20260725T091500Z,cambodiantimes.com,English,Cambodia,closure,D6_교란행위,2026-07-25
https://bilkulonline.com/2026/07/25/neet-protest-18-delhi-metro-stations-to-remain-closed-today/,304a06d1c83cb04546b9dd59db98cd00,NEET protest : 18 Delhi Metro stations to remain closed today,20260725T113000Z,bilkulonline.com,English,India,closure,D6_교란행위,2026-07-25
https://www.standardmedia.co.ke/opinion/article/2001553698/why-conviction-of-sharon-killers-is-a-big-win-against-femicide-impunity,7728c9b110a3c2612b61f16f3ec7af10,"Why conviction of Sharon killers is a big win against femicide , impunity",20260725T053000Z,standardmedia.co.ke,English,Kenya,closure,D6_교란행위,2026-07-25
https://www.dorsetecho.co.uk/news/26409645.man-suffers-life-changing-injuries-crash-a338/,e49ce299cd6a852c0fb3379ae85183a0,Man suffers  life - changing  injuries after Dorset crash,20260725T141500Z,dorsetecho.co.uk,English,United Kingdom,closure,D6_교란행위,2026-07-25
https://www.newsday.com/news/nation/madison-police-shooting-farmers-market-j78347,04b01a8d2f3fc5cefb2ca6f4982a6884,"Wisconsin capital city cancels signature events , grapples with fallout from police shooting",20260725T181500Z,newsday.com,English,United States,closure,D6_교란행위,2026-07-25
https://www.westword.com/food-drink/every-restaurant-opening-and-closing-denver-new-gennaros-tenant-40914879/,0700b31a74b8e329cc09c5620628d277,Every opening and closing this week : Gennaro gets new tenants,20260725T154500Z,westword.com,English,United States,closure,D6_교란행위,2026-07-25
https://www.fox21online.com/news/local/ely-business-owners-discuss-economic-impact-from-wildfires-during-roundtable/article_1ff059fa-9c40-44d7-946a-484bd1c4d067.html,9f081535432a90be678a7e1fe29d411c,Ely business owners discuss economic impact from wildfires during roundtable,20260725T023000Z,fox21online.com,English,United States,closure,D6_교란행위,2026-07-25
https://www.gilmermirror.com/2026/07/25/u-s-will-begin-limited-imports-of-mexican-cattle-as-screwworm-outbreak-continues/,9320027614bb32080b7ead0e5a4bddb4,U . S . will begin limited imports of Mexican cattle as screwworm outbreak continues,20260725T121500Z,gilmermirror.com,English,United States,closure,D6_교란행위,2026-07-25
https://okcfox.com/news/local/moore-parents-speak-out-after-abrupt-daycare-closure-leaves-families-scrambling,5f272d424d7d96b7664dfa39cb14fe13,Moore parents speak out after abrupt daycare closure leaves families scrambling,20260725T040000Z,okcfox.com,English,United States,closure,D6_교란행위,2026-07-25
https://www.therecord.com/news/world/united-states/wisconsins-capital-city-cancels-signature-events-grapples-with-fallout-from-police-shooting/article_60ee435b-3e37-5c7b-b2b2-8a0826824f50.html,86a3697c1213b9119cbca995b8368968,"Wisconsin capital city cancels signature events , grapples with fallout from police shooting",20260725T174500Z,therecord.com,English,Canada,closure,D6_교란행위,2026-07-25
https://www.arkansasonline.com/news/2026/jul/25/oil-markets-face-costs-of-iran-war/,55838c279656e2492d3ec115a14f0cff,Oil markets face costs of Iran war | The Arkansas Democrat - Gazette - Arkansa Best News Source,20260725T081500Z,arkansasonline.com,English,United States,closure,D6_교란행위,2026-07-25
https://www.mountaineagle.com/news/deputy-brandon-pugh-receives-crime-stoppers-myers-mcbee-award/article_e5f67111-992d-597e-879d-da30a484b3db.html,e9a6df8449e128c641417eef6b53b4f6,Deputy Brandon Pugh receives Crime Stoppers Myers - McBee Award,20260725T133000Z,mountaineagle.com,English,United States,closure,D6_교란행위,2026-07-25
https://www.smdailyjournal.com/news/national/wisconsins-capital-city-cancels-signature-events-grapples-with-fallout-from-police-shooting/article_9e74defd-9b86-53c4-a543-d234f072d7f3.html,4694d0b77b4af64c384fd5b07c7b9ef6,"Wisconsin capital city cancels signature events , grapples with fallout from police shooting",20260725T181500Z,smdailyjournal.com,English,United States,closure,D6_교란행위,2026-07-25
https://www.eadt.co.uk/news/26403203.lowestoft-man-lost-262k-stowmarket-scammer-steven-long/,fcc28db6c025a28abb0c2c3fbb9a2958,Lowestoft man lost £262K to Stowmarket scammer Steven Long | East Anglian Daily Times,20260725T053000Z,eadt.co.uk,English,United Kingdom,closure,D6_교란행위,2026-07-25
https://www.fool.com/investing/2026/07/25/prediction-kevin-warsh-and-the-federal-open-market/,905bb7da0dad842db797de057afa038b,Prediction : Kevin Warsh and the Federal Open Market Committee ( FOMC ) Will Not Raise Interest Rates in 2026,20260725T113000Z,fool.com,English,United States,closure,D6_교란행위,2026-07-25
https://www.castanetkamloops.net/news/Kamloops/625953/Trans-Canada-Highway-westbound-lanes-reopened-following-fatal-crash-in-Aberdeen,109ca3f7fe57ca0722b5a4e565a631e2,Trans - Canada Highway westbound lanes reopened following fatal crash in Aberdeen,20260725T023000Z,castanetkamloops.net,English,,closure,D6_교란행위,2026-07-25
https://missioncityrecord.com/2026/07/24/access-to-ross-lake-near-hope-closed-due-to-american-wildfire/,442d6c67b7e908446c81e13525c73cb5,Access to Ross Lake near Hope closed due to American wildfire,20260725T043000Z,missioncityrecord.com,English,Canada,closure,D6_교란행위,2026-07-25
https://agassizharrisonobserver.com/2026/07/24/access-to-ross-lake-near-hope-closed-due-to-american-wildfire/,8b5a75e8a807ba9b60b24620990bf3a4,Access to Ross Lake near Hope closed due to American wildfire | Agassiz Harrison Observer,20260725T034500Z,agassizharrisonobserver.com,English,Canada,closure,D6_교란행위,2026-07-25
https://hopestandard.com/2026/07/24/access-to-ross-lake-near-hope-closed-due-to-american-wildfire/,b6dbfe02f71ac55dc8280cc9601bb4dd,Access to Ross Lake near Hope closed due to American wildfire,20260725T023000Z,hopestandard.com,English,Canada,closure,D6_교란행위,2026-07-25
https://abbynews.com/2026/07/24/access-to-ross-lake-near-hope-closed-due-to-american-wildfire/,eb4a3d2ffae43ce432160ffe4748e0bc,Access to Ross Lake near Hope closed due to American wildfire,20260725T013000Z,abbynews.com,English,Canada,closure,D6_교란행위,2026-07-25
https://www.bramptonguardian.com/news/ontario-gas-price-prediciton-for-july-25-26/article_7f7f9dbb-791b-56fa-8b8d-96b6808d9089.html,d9e27cc635dc266ef499c6cd9d1e3575,Ontario gas prices weekend forecast : GTA spikes Saturday,20260725T001500Z,bramptonguardian.com,English,Canada,closure,D6_교란행위,2026-07-25
https://www.stcatharinesstandard.ca/news/world/united-states/wisconsins-capital-city-cancels-signature-events-grapples-with-fallout-from-police-shooting/article_e2372777-93b2-566d-b2cd-13e09e513269.html,c1f24f7bf2a76c605f386e9e53287893,"Wisconsin capital city cancels signature events , grapples with fallout from police shooting",20260725T184500Z,stcatharinesstandard.ca,English,Canada,closure,D6_교란행위,2026-07-25
https://www.dw.com/en/iran-war-saudi-led-coalition-attacks-yemens-hodeida-port-city/live-78093040,a1729c2caaec8f3ebe6d31e056ccf145,Iran war : Saudi - led coalition attacks Yemen Hodeida,20260725T020000Z,dw.com,English,Germany,closure,D6_교란행위,2026-07-25
https://www.bluemountainsgazette.com.au/story/9316551/victoria-pass-businesses-get-257-million-lifeline-after-closure/,c49a13031620738370d613f0c1a46f97,Victoria Pass : Businesses get $2 . 57 million lifeline after closure | Blue Mountains Gazette,20260725T123000Z,bluemountainsgazette.com.au,English,Australia,closure,D6_교란행위,2026-07-25
https://www.mirror.co.uk/news/uk-news/slain-suzy-lamplughs-brother-begs-37464506,9caaa9e2dc67e9035e7fedaaf4570c56,Slain Suzy Lamplugh brother begs for answers to solve 40 - year riddle over Britain most haunting murder,20260725T114500Z,mirror.co.uk,English,United Kingdom,closure,D6_교란행위,2026-07-25
https://targetednews.com/pr_disp.php?pr_id=9688280,28945e048b017fd280b00c6595101c4b,Targeted News Service,20260725T184500Z,targetednews.com,English,United States,closure,D6_교란행위,2026-07-25
https://www.staradvertiser.com/2026/07/24/breaking-news/oahu-grand-jury-hears-evidence-in-states-political-corruption-probe/,462452c0c0bde8fe9f81bc588e637316,"Lt . Gov . Sylvia Luke , 4 others indicted in state political corruption probe",20260725T013000Z,staradvertiser.com,English,United States,closure,D6_교란행위,2026-07-25
https://www.bracknellnews.co.uk/news/26409468.uk-restaurant-chain-shut-106-sites-coming-weeks/,31d9b2364995b20ea55d50845ae64316,UK restaurant chain to shut all 106 sites in coming weeks,20260725T120000Z,bracknellnews.co.uk,English,United Kingdom,closure,D6_교란행위,2026-07-25
https://www.witneygazette.co.uk/news/26409465.uk-restaurant-chain-shut-106-sites-coming-weeks/,63cf50070bf42c65a10d4056715225ef,UK restaurant chain to shut all 106 sites in coming weeks,20260725T144500Z,witneygazette.co.uk,English,United Kingdom,closure,D6_교란행위,2026-07-25
https://www.braintreeandwithamtimes.co.uk/news/national/uk-today/26409230.uk-restaurant-chain-shut-106-sites-coming-weeks/,5b64cf4d955205b7ec1ef9291070a430,UK restaurant chain to shut all 106 sites in coming weeks | Braintree and Witham Times,20260725T091500Z,braintreeandwithamtimes.co.uk,English,United Kingdom,closure,D6_교란행위,2026-07-25
https://www.chelmsfordweeklynews.co.uk/news/national/uk-today/26409230.uk-restaurant-chain-shut-106-sites-coming-weeks/,ff2abdb1f4386aa38bdc2df738166864,UK restaurant chain to shut all 106 sites in coming weeks,20260725T091500Z,chelmsfordweeklynews.co.uk,English,United Kingdom,closure,D6_교란행위,2026-07-25
https://www.halsteadgazette.co.uk/news/national/uk-today/26409230.uk-restaurant-chain-shut-106-sites-coming-weeks/,089301b9b7857fa45b15e9f45069566d,UK restaurant chain to shut all 106 sites in coming weeks,20260725T091500Z,halsteadgazette.co.uk,English,United Kingdom,closure,D6_교란행위,2026-07-25
https://www.cravenherald.co.uk/news/national/uk-today/26409230.uk-restaurant-chain-shut-106-sites-coming-weeks/,e1f487fc33afa54c84ff96012cd9f1dc,UK restaurant chain to shut all 106 sites in coming weeks,20260725T081500Z,cravenherald.co.uk,English,United Kingdom,closure,D6_교란행위,2026-07-25
https://www.wandsworthguardian.co.uk/news/national/uk-today/26409230.uk-restaurant-chain-shut-106-sites-coming-weeks/,8e26585f63d00f4a41ade77541900d98,UK restaurant chain to shut all 106 sites in coming weeks,20260725T081500Z,wandsworthguardian.co.uk,English,United Kingdom,closure,D6_교란행위,2026-07-25
https://www.heraldseries.co.uk/news/national/uk-today/26409230.uk-restaurant-chain-shut-106-sites-coming-weeks/,f2664bdf8ff77fc121e765b019dd4571,UK restaurant chain to shut all 106 sites in coming weeks,20260725T081500Z,heraldseries.co.uk,English,United Kingdom,closure,D6_교란행위,2026-07-25
https://www.clactonandfrintongazette.co.uk/news/national/uk-today/26409230.uk-restaurant-chain-shut-106-sites-coming-weeks/,38e9ecdbaadc0be2f0f15a875ac36218,UK restaurant chain to shut all 106 sites in coming weeks | Clacton and Frinton Gazette,20260725T101500Z,clactonandfrintongazette.co.uk,English,United Kingdom,closure,D6_교란행위,2026-07-25
https://www.wirralglobe.co.uk/news/national/uk-today/26409230.uk-restaurant-chain-shut-106-sites-coming-weeks/,ccb8aa29d4e5589cba9860b8e672bf6c,UK restaurant chain to shut all 106 sites in coming weeks,20260725T101500Z,wirralglobe.co.uk,English,United Kingdom,closure,D6_교란행위,2026-07-25
https://www.harwichandmanningtreestandard.co.uk/news/national/uk-today/26409230.uk-restaurant-chain-shut-106-sites-coming-weeks/,d070cfbf4e423339f3481713e9b358b8,UK restaurant chain to shut all 106 sites in coming weeks | Harwich and Manningtree Standard,20260725T101500Z,harwichandmanningtreestandard.co.uk,English,United Kingdom,closure,D6_교란행위,2026-07-25
https://www.warringtonguardian.co.uk/news/26409843.uk-restaurant-chain-shut-106-sites-coming-weeks/,4d35212f9c07aa0f51e71fd10408f95a,UK restaurant chain to shut all 106 sites in coming weeks,20260725T153000Z,warringtonguardian.co.uk,English,United Kingdom,closure,D6_교란행위,2026-07-25
https://www.yahoo.com/news/politics/articles/lt-gov-sylvia-luke-4-034800717.html,f3aa048fd7f9e6a5ca04090b115d9dc7,"Lt . Gov . Sylvia Luke , 4 others indicted in state political corruption probe",20260725T043000Z,yahoo.com,English,United States,closure,D6_교란행위,2026-07-25
https://www.express.co.uk/news/uk/2232444/seaside-towns-high-street-39-closed-shops,8252b2dcf14feb81a32d892be66920fd,I walked through a united kingdom seaside town high street and counted 39 closed shops | united kingdom | News,20260725T143000Z,express.co.uk,English,United Kingdom,closure,D6_교란행위,2026-07-25
https://www.okotoksonline.com/articles/group-of-save-employees-working-to-open-independent-veterinary-clinic-in-okotoks-,de4c02bda6f343579a3659f44c2eaebc,"Group of SAVE employees working to open independent veterinary clinic in Okotoks - OkotoksOnline . com - Local news , Weather , Sports , and Job Listings for Okotoks , Alberta , and area . ",20260725T001500Z,okotoksonline.com,English,Canada,closure,D6_교란행위,2026-07-25
https://www.scientificamerican.com/article/the-math-of-traffic-jams-and-how-to-avoid-them/,b0c4b3df55f7ccc1b283b42c523883c9,The math of traffic jams and how to avoid them,20260725T123000Z,scientificamerican.com,English,United States,closure,D6_교란행위,2026-07-25
https://www.pineandlakes.com/news/local/card-games-results-listed-for-pine-river-2,13e627ad55e803f474085169c91fcfd5,Card Games : results listed for Pine River,20260725T170000Z,pineandlakes.com,English,United States,closure,D6_교란행위,2026-07-25
https://www.aol.co.uk/articles/slain-suzy-lamplughs-brother-begs-110454000.html,956b42f520a5b248e6a11e7035436110,Slain Suzy Lamplugh brother begs for answers to solve 40 - year riddle over Britain most haunting murder,20260725T120000Z,aol.co.uk,English,United Kingdom,closure,D6_교란행위,2026-07-25
https://www.aol.co.uk/articles/walked-down-famous-uk-seaside-140000000.html,bfe6162585420a147bb71accdbb78475,I walked down famous united kingdom seaside town high street and counted shocking 39 abandoned shops,20260725T143000Z,aol.co.uk,English,United Kingdom,closure,D6_교란행위,2026-07-25
https://www.macombdaily.com/2026/07/25/road-watch-macomb-and-metro-detroit-construction-week-of-july-25-and-beyond/,5659008f6a971235c93c7d4942d586eb,Road Watch : Macomb and Metro Detroit construction week of July 25 and beyond,20260725T144500Z,macombdaily.com,English,United States,closure,D6_교란행위,2026-07-25
https://www.topspeed.com/subaru-getaway-ev-delay-buyers/,6e24e06066d41124ce6266ba2c26b100,2027 Subaru Getaway EV Delayed : What Buyers Need to Know,20260725T140000Z,topspeed.com,English,United States,supply chain disruption,D6_교란행위,2026-07-25
https://www.moneycontrol.com/news/business/trump-trade-loses-steam-as-iran-war-inflation-dent-market-bets-13983525.html,bc2fd526d6603f3c3e9ad6ce5b33cfa9,"  Trump Trade  loses steam as Iran war , inflation dent market bets",20260725T144500Z,moneycontrol.com,English,India,supply chain disruption,D6_교란행위,2026-07-25
https://www.themarketsdaily.com/2026/07/25/rpm-international-q4-earnings-call-highlights.html,d65f9f96c9a28042c732554cf7fd8b07,RPM International Q4 Earnings Call Highlights,20260725T113000Z,themarketsdaily.com,English,United States,supply chain disruption,D6_교란행위,2026-07-25
https://aninews.in/news/world/middle-east/iran-records-first-peaceful-night-following-13-days-of-us-strikes20260725163410/,156b9623d19d4f574dbb9308febcb942,Iran records first  peaceful night  following 13 days of US strikes,20260725T113000Z,aninews.in,English,India,maritime crisis,D6_교란행위,2026-07-25
http://www.iranherald.com/news/279209432/iran-records-first-peaceful-night-following-13-days-of-us-strikes,599c639176b6a193b25d3ace8e7aae38,Iran records first,20260725T184500Z,iranherald.com,English,Iran,maritime crisis,D6_교란행위,2026-07-25
http://www.iraqsun.com/news/279209432/iran-records-first-peaceful-night-following-13-days-of-us-strikes,b1fc23b1dd64cd49af02b92d68901825,Iran records first,20260725T181500Z,iraqsun.com,English,Iraq,maritime crisis,D6_교란행위,2026-07-25
http://www.middleeaststar.com/news/279209432/iran-records-first-peaceful-night-following-13-days-of-us-strikes,96edce38d34e882d4ac092b92dde1540,Iran records first,20260725T181500Z,middleeaststar.com,English,Syria,maritime crisis,D6_교란행위,2026-07-25
http://www.greekherald.com/news/279209432/iran-records-first-peaceful-night-following-13-days-of-us-strikes,408c27794aa62a4f976d9d92637f3059,Iran records first,20260725T164500Z,greekherald.com,English,Greece,maritime crisis,D6_교란행위,2026-07-25
https://www.globalsecurity.org/wmd/library/news/iran/2026/07/iran-260724-irna02.htm,848b484c6983d6d6d4016a902d5acb4e,Top comdr : One US soldier will die for every Iranian civilian killed,20260725T111500Z,globalsecurity.org,English,Syria,Iran military,D7_행위자,2026-07-25
https://www.middleeasteye.net/live-blog/live-blog-update/iranian-commander-says-one-us-soldier-will-be-killed-every-civilian,c7ced7a138619302c441f36c44e7b7f1,Iranian commander says one US soldier will be killed for every civilian death,20260725T050000Z,middleeasteye.net,English,Israel,Iran military,D7_행위자,2026-07-25
https://www.prokerala.com/news/articles/a1792187.html,8eadb61c1eeaa56c285d85e904891196,"Trump says Iran wants deal , rules out nuclear weapon",20260725T050000Z,prokerala.com,English,India,Iran military,D7_행위자,2026-07-25
https://www.dailyexcelsior.com/rubio-says-iran-not-ready-for-deal-warns-pressure-will-intensify/,3e9fad06bce2a07d45f574fd11249a11,"Rubio says Iran  not ready  for deal , warns pressure will intensify",20260725T004500Z,dailyexcelsior.com,English,India,Iran military,D7_행위자,2026-07-25
https://nypost.com/2026/07/25/world-news/russian-ship-carrying-iran-linked-military-cargo-struck-ukraine-says/,b9ad2a4ce33cc5e4062f36d03a93ca13,"Russian ship carrying Iran - linked military cargo struck in Caspian Sea , Ukraine says",20260725T154500Z,nypost.com,English,United States,Iran military,D7_행위자,2026-07-25
https://www.arabnews.com/node/2652288/middle-east,f982e5588f16a3e7d8448d765d6a79f3,"US  boots on the ground  may be needed to help Lebanon confront Hezbollah , former Iraq commander says",20260725T174500Z,arabnews.com,English,Saudi Arabia,Iran military,D7_행위자,2026-07-25
https://www.theweek.in/news/middle-east/2026/07/25/iran-precision-attacks-russia-china-support.html,0c6273215b3e7002c4758aeec8f3860b,Russia and China shadow war : How Iran precision strikes point to a new axis against Washington,20260725T053000Z,theweek.in,English,India,Iran military,D7_행위자,2026-07-25
https://www.ibtimes.co.in/trump-defends-tariffs-economic-boost-says-iran-wants-deal-wont-get-nuclear-weapon-904161,11b991cbc8ab49b3042982e5095890b7,"Trump defends tariffs as economic boost , says Iran wants deal but wont get nuclear weapon",20260725T093000Z,ibtimes.co.in,English,India,Iran military,D7_행위자,2026-07-25
http://www.jpost.com/international/article-903598,5574fb4591e7720cc51d70766769b1a5,"Ukraine hits Russian warship , Iran - linked cargo vessels , Volodymyr Zelensky says",20260725T150000Z,jpost.com,English,Israel,Iran military,D7_행위자,2026-07-25
https://www.dailykos.com/stories/2026/7/25/800074982/community/a-high-t-low-iq-military-is-the-last-thing-we-need/,cd7a1481e41f594ed071753115a5ea60,"A high T , low IQ military is the last thing we need",20260725T163000Z,dailykos.com,English,United States,Iran military,D7_행위자,2026-07-25
https://timesofindia.indiatimes.com/world/us/trumpiana-2020-is-forever/articleshow/132626641.cms,d2c9a07dba75d5ae2cdd1fa67e0af850,Trumpiana : 2020 is forever ! ,20260725T141500Z,timesofindia.indiatimes.com,English,India,Iran military,D7_행위자,2026-07-25
https://www.gatestoneinstitute.org/22732/liberate-iran-unconditional-surrender,b42da6add5395ee208a56748e3c08a3c,"President Trump , Liberate Iran . Then You Will Truly Be One of History Greatest Heroes",20260725T091500Z,gatestoneinstitute.org,English,Israel,Iran military,D7_행위자,2026-07-25
https://en.apa.az/europe/us-britain-plan-high-level-meeting-on-hormuz-strait-in-london-517530,fe280f8a25fca5e4383f1fe246d50814,"U . S ., Britain plan high - level meeting on Hormuz Strait in London",20260725T050000Z,en.apa.az,English,Azerbaijan,Iran military,D7_행위자,2026-07-25
https://www.washingtonexaminer.com/policy/defense/4662678/us-strikes-iran-weeks-trump-threatening-expansion-inaccurate-death-count/,2f0bb3a8fb05440af3e3822374be57a5,Trump threats to expand Iran strikes come as transparency concerns grow,20260725T001500Z,washingtonexaminer.com,English,United States,Iran military,D7_행위자,2026-07-25
https://en.apa.az/cis-countries/ukraine-says-it-hit-russian-warship-and-ships-used-for-iran-linked-military-cargo-in-caspian-517571,585c6c9ce759252de5f69a24a08e4103,Ukraine says it hit Russian warship and ships used for Iran - linked military cargo in Caspian,20260725T141500Z,en.apa.az,English,Azerbaijan,Iran military,D7_행위자,2026-07-25
https://www.spokanepublicradio.org/2026-07-25/week-in-politics-iran-war-trump-attends-solemn-ritual-nuclear-deal-with-saudi-arabia,f3e15c7be889e395da196a42a3152ee2,Week in Politics : Iran War ; Trump attends solemn ritual ; nuclear deal with Saudi Arabia,20260725T181500Z,spokanepublicradio.org,English,United States,Iran military,D7_행위자,2026-07-25
https://ianslive.in/trump-says-us-locked-and-loaded-on-iran--20260725023302,6f0fd37aba74a6fd227150285b8dd804,Trump says US  locked and loaded  on Iran,20260725T021500Z,ianslive.in,English,India,Iran military,D7_행위자,2026-07-25
https://www.orissapost.com/trump-says-us-locked-and-loaded-on-iran/,9ca732e1d4770cd7c5f2ca913495bd07,Trump says US  locked and loaded  on Iran,20260725T053000Z,orissapost.com,English,India,Iran military,D7_행위자,2026-07-25
https://ianslive.in/trump-says-iran-wants-deal-bars-nuclear-bomb--20260725094503,a470073891978390dc33c60f98311973,"Trump says Iran wants deal , rules out nuclear weapon",20260725T053000Z,ianslive.in,English,India,Iran military,D7_행위자,2026-07-25
https://www.catholicworldreport.com/2026/07/24/catholic-moral-theologians-concerned-by-claims-u-s-iran-struck-civilian-infrastructure/,3556bfc9ec8dedddb9b009cab5a5e337,"Catholic moral theologians concerned by claims U . S ., Iran struck civilian infrastructure",20260725T001500Z,catholicworldreport.com,English,United States,Iran military,D7_행위자,2026-07-25
https://www.presstv.co.uk/Detail/2026/07/25/772947/Heds,cc055b5b61d33271d26449596d5a014d,Press TVs news headlines,20260725T040000Z,presstv.co.uk,English,,Iran military,D7_행위자,2026-07-25
https://www.mankatofreepress.com/opinion/editorials/our-view-require-accountability-on-iran-war-funding/article_ada3bf5d-278e-4d56-b194-3a853d9bfb45.html,3b06576f5d5b123830403fa4366a51a0,Our View : Require accountability on Iran war funding,20260725T114500Z,mankatofreepress.com,English,United States,Iran military,D7_행위자,2026-07-25
https://nuclear-news.net/2026/07/25/3-a-top-israeli-minister-best-for-us-if-us-fights-iran-while-israel-sits-out-new-round-of-war/,0113c12ec9cb25a9411a51eb757324c4,Top Israeli Minister :  Best For U If US Fights Iran While Israel Sits Out New Round of War « nuclear - news,20260725T084500Z,nuclear-news.net,English,Japan,Iran military,D7_행위자,2026-07-25
https://www.presstv.co.uk/Detail/2026/07/24/772942/Iran-IRGC-Army-Operation-Nasr-2-Sa-eqeh-United-States,ed107a799e0fe281e97f1ae4bdeebf0a,Ops . Nasr - 2 and Saeqeh : Iran retaliatory strikes against US military assets on July 24,20260725T040000Z,presstv.co.uk,English,,Iran military,D7_행위자,2026-07-25
http://www.iraqsun.com/news/279208482/us-pummels-iran-as-tehran-targets-regional-bases-stationing-us-forces,332ba5b913b50bdba460f34d39f3c5a4,US pummels Iran as Tehran targets regional bases stationing US forces,20260725T001500Z,iraqsun.com,English,Iraq,Iran military,D7_행위자,2026-07-25
https://finance.yahoo.com/markets/stocks/articles/mid-term-stock-market-curse-163300886.html,5a30f520b960d3cf2d49093b456dae58,Mid - term stock market curse and what comes next,20260725T171500Z,finance.yahoo.com,English,United States,OPEC oil,D7_행위자,2026-07-25
https://arynews.tv/shrimp-internship-program-aims-to-boost-aquaculture-skills,ec9a66721221a9143f93328a70219628,How to get Rs . 1 lac stipend under  Shrimp Internship Program  ,20260725T150000Z,arynews.tv,English,Pakistan,aquaculture,D8_수산물,2026-07-25
https://mb.com.ph/2026/07/25/filipino-architecture-student-wins-global-competition-with-design-for-sama-bajau-community,9ee98963ea430cf996ddc35877412d9b,Manila Bulletin - Filipino architecture student wins global competition with design for Sama - Bajau community,20260725T050000Z,mb.com.ph,English,Philippines,aquaculture,D8_수산물,2026-07-25
https://www.thehindu.com/news/national/andhra-pradesh/water-scarcity-unlikely-in-godavari-delta-of-ap-during-kharif-says-official/article71266036.ece,272663fbe4c0cc4be7676afe250bccf1,"Water scarcity unlikely in Godavari delta of A . P . during kharif , says official",20260725T143000Z,thehindu.com,English,India,aquaculture,D8_수산물,2026-07-25
https://www.wmnf.org/floridas-natural-aquatic-environments-aquaculture-with-angela-collins-and-eric-cassiano/,a70451399545d30c125b20cb0a415b74,Florida natural aquatic environments & aquaculture with Angela Collins and Eric Cassiano,20260725T023000Z,wmnf.org,English,United States,aquaculture,D8_수산물,2026-07-25
https://www.perthnow.com.au/food/food-recall-yumbah-australian-greenlip-abalone-1kg-and-viet-meatballs-chinese-sausage-pulled-form-shelves-c-22627732,c3a4a5196588a68a11b570337cc843ec,Food recall : Yumbah Australian Greenlip Abalone 1kg and Viet Meatballs Chinese Sausage pulled form shelves,20260725T143000Z,perthnow.com.au,English,Australia,aquaculture,D8_수산물,2026-07-25
https://www.uppermichiganssource.com/2026/07/25/mi-fresh-fry-2026-hosts-large-crowd-entering-into-marina-fest/,dea48d800bb30a21a3c9bdaa31039290,MI Fresh Fry 2026 Hosts Large Crowd Entering into Marina Fest,20260725T050000Z,uppermichiganssource.com,English,United States,aquaculture,D8_수산물,2026-07-25
https://www.italpress.com/malta-to-receive-eu-disaster-aid-after-storm-harry/,c75e0289b0b1fd04e35fb24adcf592d2,Malta to receive EU disaster aid after Storm Harry,20260725T091500Z,italpress.com,English,Italy,aquaculture,D8_수산물,2026-07-25
https://abcnews.com/International/scientists-warn-invasive-species-superspreader-event-due-stalling/story?id=135051186,8456f3ce5c8c4e6efa80d0164edeee9f,Scientists warn of possible invasive species superspreader event due to stalling near Strait of Hormuz,20260725T170000Z,abcnews.com,English,United States,aquaculture,D8_수산물,2026-07-25
https://www.noozhawk.com/endangered-sunflower-stars-are-back-at-sea-center-on-stearns-wharf/,7d9ee28d29a0a2b7b8344e945618ca25,Endangered Sunflower Stars are Back at Sea Center on Wharf,20260725T010000Z,noozhawk.com,English,United States,aquaculture,D8_수산물,2026-07-25
https://www.dailypress.net/news/local-news/2026/07/marina-fest-2026-returns-today/,b74767edc8859efa3d3ee51f0fb95cd2,Marina Fest 2026 returns today - Daily Press,20260725T183000Z,dailypress.net,English,United States,aquaculture,D8_수산물,2026-07-25
https://www.themarketsdaily.com/2026/07/25/cpb-q2-earnings-call-highlights.html,b98bbfef8b29a54757bbcac370ddbc13,CPB Q2 Earnings Call Highlights,20260725T153000Z,themarketsdaily.com,English,United States,aquaculture,D8_수산물,2026-07-25
https://waateanews.com/2026/07/25/federated-farmers-should-clean-up-its-own-paddock-before-putting-the-boot-into-maori/,e0dd922c28936b2cfb0c523d01b2b208, # weekendopinion : Federated Farmers Should Clean Up Its Own Paddock Before Putting the Boot into Māori,20260725T013000Z,waateanews.com,English,New Zealand,aquaculture,D8_수산물,2026-07-25
