url,url_hash,title,seendate,domain,language,sourcecountry,query_keyword,query_group,collect_date
https://www.middleeasteye.net/live-blog/live-blog-update/us-says-strait-hormuz-remains-open,b280104f2a3c31fda355ec7775230d04,US says Strait of Hormuz  remains open  ,20260731T193000Z,middleeasteye.net,English,Israel,Strait of Hormuz,D1_초크포인트,2026-07-31
https://www.middleeastmonitor.com/20260731-us-military-rejects-iranian-claim-that-strait-of-hormuz-is-closed/,11c3a61d98d218c96238c242af2d0c82,US military rejects Iranian claim that Strait of Hormuz is closed,20260731T181500Z,middleeastmonitor.com,English,Israel,Strait of Hormuz,D1_초크포인트,2026-07-31
https://gulfnews.com/uae/us-iran-conflict-what-uae-residents-need-to-know-today-july-31-2026-1.500626296,5e2ea6c26936e301e4d38fdae281ff2a,"US - Iran Conflict Impact on UAE : Flight Disruptions , Shipping Risks and What Residents Need to Know Today",20260731T061500Z,gulfnews.com,English,United Arab Emirates,Strait of Hormuz,D1_초크포인트,2026-07-31
https://www.moneycontrol.com/world/trump-is-running-out-of-options-in-iran-how-a-new-strait-of-hormuz-plan-could-help-him-escape-the-deadlock-article-13990191.html,17ed9416b4dc0d9ec95845d777f7a2e8,Trump is running out of options in Iran : How a new Strait of Hormuz plan could help him escape the deadlock,20260731T103000Z,moneycontrol.com,English,India,Strait of Hormuz,D1_초크포인트,2026-07-31
https://finance.yahoo.com/energy/articles/oil-extends-gains-renewed-u-091342396.html,0667d44a3a45236cf6268e8b75ba88f8,Oil Extends Gains as Renewed U . S .- Iran Conflict Fuels Supply Concerns,20260731T193000Z,finance.yahoo.com,English,United States,Strait of Hormuz,D1_초크포인트,2026-07-31
https://www.worldpress.org/article.cfm/the-strait-of-hormuz-quagmire,2be27b98b190ce8079542ab06a63ca8e,The Strait of Hormuz Quagmire - Worldpress . org,20260731T194500Z,worldpress.org,English,United States,Strait of Hormuz,D1_초크포인트,2026-07-31
https://www.moonofalabama.org/2026/07/war-on-iran-u-s-again-blocks-strait-traffic.html,c774dae9cc9c5a1de3fe0d2935da0c42,War On Iran : – U . S . ( Again ) Blocks Strait Traffic – Moon of Alabama,20260731T174500Z,moonofalabama.org,English,Syria,Strait of Hormuz,D1_초크포인트,2026-07-31
https://www.breitbart.com/clips/2026/07/30/dem-sen-murphy-we-should-unilaterally-end-the-war-which-probably-leaves-iran-in-control-of-the-strait/,253875931fc44e3f035218f1aac7494e,"Dem Sen . Murphy : We Should  Unilaterally End the War , Which  Probably Leaves Iran in Control of the Strait  ",20260731T023000Z,breitbart.com,English,United States,Strait of Hormuz,D1_초크포인트,2026-07-31
https://kfanplus.iheart.com/content/2026-07-30-trump-holds-cabinet-meeting-at-camp-david/,b4f9e86fb1d24ab26f0b580e04282ef1,Trump Holds Cabinet Meeting At Camp David,20260731T054500Z,kfanplus.iheart.com,English,United States,Strait of Hormuz,D1_초크포인트,2026-07-31
https://1061fmtalk.iheart.com/content/2026-07-30-trump-holds-cabinet-meeting-at-camp-david/,8ff2529a24bf89597c4b65a2865d813e,Trump Holds Cabinet Meeting At Camp David,20260731T000000Z,1061fmtalk.iheart.com,English,United States,Strait of Hormuz,D1_초크포인트,2026-07-31
https://wiod.iheart.com/content/2026-07-30-trump-holds-cabinet-meeting-at-camp-david/,4e750c65bb8af006708e9bd9655a681e,Trump Holds Cabinet Meeting At Camp David,20260731T000000Z,wiod.iheart.com,English,United States,Strait of Hormuz,D1_초크포인트,2026-07-31
https://hallelujah955.iheart.com/content/2026-07-30-trump-holds-cabinet-meeting-at-camp-david/,e4a2de48bf2de35f9aa538cbb4e55bd9,Trump Holds Cabinet Meeting At Camp David,20260731T051500Z,hallelujah955.iheart.com,English,United States,Strait of Hormuz,D1_초크포인트,2026-07-31
https://newsradio967.iheart.com/content/2026-07-30-trump-holds-cabinet-meeting-at-camp-david/,092c0fa68dc73593983aa5e1f4f25381,Trump Holds Cabinet Meeting At Camp David,20260731T011500Z,newsradio967.iheart.com,English,United States,Strait of Hormuz,D1_초크포인트,2026-07-31
https://55krc.iheart.com/content/2026-07-30-trump-holds-cabinet-meeting-at-camp-david/,2f41b974e63f041d8636496f116d0303,Trump Holds Cabinet Meeting At Camp David,20260731T011500Z,55krc.iheart.com,English,United States,Strait of Hormuz,D1_초크포인트,2026-07-31
https://whnz.iheart.com/content/2026-07-30-trump-holds-cabinet-meeting-at-camp-david/,976af61f85332fc7131d24b8506a351c,Trump Holds Cabinet Meeting At Camp David,20260731T011500Z,whnz.iheart.com,English,United States,Strait of Hormuz,D1_초크포인트,2026-07-31
https://wrko.iheart.com/content/2026-07-30-trump-holds-cabinet-meeting-at-camp-david/,b7baecb38db7b44a6287f1acb6a4e7a8,Trump Holds Cabinet Meeting At Camp David,20260731T020000Z,wrko.iheart.com,English,United States,Strait of Hormuz,D1_초크포인트,2026-07-31
https://moose106.iheart.com/content/2026-07-30-trump-holds-cabinet-meeting-at-camp-david/,dad2b736d860b1a09db86275aa235b0d,Trump Holds Cabinet Meeting At Camp David | Moose Country 106 . 7,20260731T030000Z,moose106.iheart.com,English,United States,Strait of Hormuz,D1_초크포인트,2026-07-31
https://klvi.iheart.com/content/2026-07-30-trump-holds-cabinet-meeting-at-camp-david/,a473a0e05ae1705b87fbac9b4fb5aa60,Trump Holds Cabinet Meeting At Camp David,20260731T023000Z,klvi.iheart.com,English,United States,Strait of Hormuz,D1_초크포인트,2026-07-31
https://wlap.iheart.com/content/2026-07-30-trump-holds-cabinet-meeting-at-camp-david/,d8ef85e5b2e61f2cb8fe5b3ef9aab968,Trump Holds Cabinet Meeting At Camp David | NewsRadio 630 WLAP,20260731T023000Z,wlap.iheart.com,English,United States,Strait of Hormuz,D1_초크포인트,2026-07-31
https://wccfradio.iheart.com/content/2026-07-30-trump-holds-cabinet-meeting-at-camp-david/,d48e643fae0d841a3e8fc74916a06eed,Trump Holds Cabinet Meeting At Camp David,20260731T023000Z,wccfradio.iheart.com,English,United States,Strait of Hormuz,D1_초크포인트,2026-07-31
https://wlac.iheart.com/content/2026-07-30-trump-holds-cabinet-meeting-at-camp-david/,3a9a0cd9e54477aa375377928712c514,Trump Holds Cabinet Meeting At Camp David | Talk Radio 98 . 3 WLAC,20260731T023000Z,wlac.iheart.com,English,United States,Strait of Hormuz,D1_초크포인트,2026-07-31
https://k97fm.iheart.com/content/2026-07-30-trump-holds-cabinet-meeting-at-camp-david/,85aa4d436d6d65f29bdb0e77ab3c5d19,Trump Holds Cabinet Meeting At Camp David,20260731T023000Z,k97fm.iheart.com,English,United States,Strait of Hormuz,D1_초크포인트,2026-07-31
https://1360kktx.iheart.com/content/2026-07-30-trump-holds-cabinet-meeting-at-camp-david/,edc4fd703785b8f370fb8ab32449ed95,Trump Holds Cabinet Meeting At Camp David | NewsRadio 1360 KKTX,20260731T023000Z,1360kktx.iheart.com,English,United States,Strait of Hormuz,D1_초크포인트,2026-07-31
https://kxic.iheart.com/content/2026-07-30-trump-holds-cabinet-meeting-at-camp-david/,a15d7103e8475f97fdbcec5401476287,Trump Holds Cabinet Meeting At Camp David | Sports Radio 800 KXIC,20260731T053000Z,kxic.iheart.com,English,United States,Strait of Hormuz,D1_초크포인트,2026-07-31
https://mywdia.iheart.com/content/2026-07-30-trump-holds-cabinet-meeting-at-camp-david/,28f6cbe04589f8a545270099326f97c6,Trump Holds Cabinet Meeting At Camp David,20260731T053000Z,mywdia.iheart.com,English,United States,Strait of Hormuz,D1_초크포인트,2026-07-31
https://alt1073.iheart.com/content/2026-07-30-trump-holds-cabinet-meeting-at-camp-david/,81c492b8da437d7db4162dd217ac6c7f,Trump Holds Cabinet Meeting At Camp David,20260731T033000Z,alt1073.iheart.com,English,United States,Strait of Hormuz,D1_초크포인트,2026-07-31
https://newsradio1049.iheart.com/content/2026-07-30-trump-holds-cabinet-meeting-at-camp-david/,261336d3c324c293d380a6aa48b2306f,Trump Holds Cabinet Meeting At Camp David | NewsRadio 104 . 9 WBUV,20260731T021500Z,newsradio1049.iheart.com,English,United States,Strait of Hormuz,D1_초크포인트,2026-07-31
https://channel963.iheart.com/content/2026-07-30-trump-holds-cabinet-meeting-at-camp-david/,ae667f4567212edbfc5e9f40377f18dc,Trump Holds Cabinet Meeting At Camp David,20260731T024500Z,channel963.iheart.com,English,United States,Strait of Hormuz,D1_초크포인트,2026-07-31
https://wflanews.iheart.com/content/2026-07-30-trump-holds-cabinet-meeting-at-camp-david/,b0a3c56d486717e361995e492c8e8b41,Trump Holds Cabinet Meeting At Camp David,20260731T013000Z,wflanews.iheart.com,English,United States,Strait of Hormuz,D1_초크포인트,2026-07-31
https://wtkg.iheart.com/content/2026-07-30-trump-holds-cabinet-meeting-at-camp-david/,4446a0e25882db99038b04561133e2c7,Trump Holds Cabinet Meeting At Camp David,20260731T013000Z,wtkg.iheart.com,English,United States,Strait of Hormuz,D1_초크포인트,2026-07-31
https://twincitiesnewstalk.iheart.com/content/2026-07-30-trump-holds-cabinet-meeting-at-camp-david/,59bf5113d2d9e326d04b5d02f52423dd,Trump Holds Cabinet Meeting At Camp David | Twin Cities News Talk,20260731T013000Z,twincitiesnewstalk.iheart.com,English,United States,Strait of Hormuz,D1_초크포인트,2026-07-31
https://b98fm.iheart.com/content/2026-07-30-trump-holds-cabinet-meeting-at-camp-david/,f2c576997aa50d518fc54e90f1c308c9,Trump Holds Cabinet Meeting At Camp David,20260731T021500Z,b98fm.iheart.com,English,United States,Strait of Hormuz,D1_초크포인트,2026-07-31
https://whp580.iheart.com/content/2026-07-30-trump-holds-cabinet-meeting-at-camp-david/,e5f9c2b93b3029de2a7c8c2fd04192d9,Trump Holds Cabinet Meeting At Camp David,20260731T021500Z,whp580.iheart.com,English,United States,Strait of Hormuz,D1_초크포인트,2026-07-31
https://wgy.iheart.com/content/2026-07-30-trump-holds-cabinet-meeting-at-camp-david/,2f5f730b1fc45dc8bda8936ec4851011,Trump Holds Cabinet Meeting At Camp David | News Radio 103 . 1 and 810 WGY,20260731T013000Z,wgy.iheart.com,English,United States,Strait of Hormuz,D1_초크포인트,2026-07-31
https://newstalk1230.iheart.com/content/2026-07-30-trump-holds-cabinet-meeting-at-camp-david/,69764189553e15c7dc9e7f9bafa90c0b,Trump Holds Cabinet Meeting At Camp David,20260731T013000Z,newstalk1230.iheart.com,English,United States,Strait of Hormuz,D1_초크포인트,2026-07-31
https://knrs.iheart.com/content/2026-07-30-trump-holds-cabinet-meeting-at-camp-david/,ac9c97236c28b75ba580f5f441ab1707,Trump Holds Cabinet Meeting At Camp David | Talk Radio 105 . 9,20260731T013000Z,knrs.iheart.com,English,United States,Strait of Hormuz,D1_초크포인트,2026-07-31
https://590kqnt.iheart.com/content/2026-07-30-trump-holds-cabinet-meeting-at-camp-david/,1f5a8d402c83a59871aaed6e26dc839e,Trump Holds Cabinet Meeting At Camp David,20260731T011500Z,590kqnt.iheart.com,English,United States,Strait of Hormuz,D1_초크포인트,2026-07-31
https://wmmbam.iheart.com/content/2026-07-30-trump-holds-cabinet-meeting-at-camp-david/,b2da393907a85d8eb995c5c16b627043,Trump Holds Cabinet Meeting At Camp David,20260731T011500Z,wmmbam.iheart.com,English,United States,Strait of Hormuz,D1_초크포인트,2026-07-31
https://kcjb910.iheart.com/content/2026-07-30-trump-holds-cabinet-meeting-at-camp-david/,3b0ac474c4a5fbfe1824889a68f69e48,Trump Holds Cabinet Meeting At Camp David,20260731T020000Z,kcjb910.iheart.com,English,United States,Strait of Hormuz,D1_초크포인트,2026-07-31
https://knst.iheart.com/content/2026-07-30-trump-holds-cabinet-meeting-at-camp-david/,c7bfb85571ab4101efbcab12173e073b,Trump Holds Cabinet Meeting At Camp David,20260731T014500Z,knst.iheart.com,English,United States,Strait of Hormuz,D1_초크포인트,2026-07-31
https://newstalk1130.iheart.com/content/2026-07-30-trump-holds-cabinet-meeting-at-camp-david/,9710d8ad19e057b14d1ae46c6c6d2a47,Trump Holds Cabinet Meeting At Camp David | News / Talk 1130 WISN,20260731T004500Z,newstalk1130.iheart.com,English,United States,Strait of Hormuz,D1_초크포인트,2026-07-31
https://1190kex.iheart.com/content/2026-07-30-trump-holds-cabinet-meeting-at-camp-david/,6af11053fe06fbdc106731727f98f8ee,Trump Holds Cabinet Meeting At Camp David | News Radio 1190 KEX,20260731T004500Z,1190kex.iheart.com,English,United States,Strait of Hormuz,D1_초크포인트,2026-07-31
https://newsradio1170.iheart.com/content/2026-07-30-trump-holds-cabinet-meeting-at-camp-david/,7bc32c0b6a699f5e074c5b394da33d78,Trump Holds Cabinet Meeting At Camp David | NewsRadio 1170 WWVA,20260731T004500Z,newsradio1170.iheart.com,English,United States,Strait of Hormuz,D1_초크포인트,2026-07-31
https://wmrn.iheart.com/content/2026-07-30-trump-holds-cabinet-meeting-at-camp-david/,061bda3332b54f22af75a883d3928e94,Trump Holds Cabinet Meeting At Camp David,20260731T004500Z,wmrn.iheart.com,English,United States,Strait of Hormuz,D1_초크포인트,2026-07-31
https://wdov.iheart.com/content/2026-07-30-trump-holds-cabinet-meeting-at-camp-david/,4eb3bf8222af147240774d97918eead1,Trump Holds Cabinet Meeting At Camp David | News Radio 1410 WDOV,20260731T004500Z,wdov.iheart.com,English,United States,Strait of Hormuz,D1_초크포인트,2026-07-31
https://powertalk1360.iheart.com/content/2026-07-30-trump-holds-cabinet-meeting-at-camp-david/,58fc52355301ae8cfc57a0d0aa6e0e33,Trump Holds Cabinet Meeting At Camp David | PowerTalk 1360 KFIV,20260731T000000Z,powertalk1360.iheart.com,English,United States,Strait of Hormuz,D1_초크포인트,2026-07-31
https://600wmtradio.iheart.com/content/2026-07-30-trump-holds-cabinet-meeting-at-camp-david/,14d42871f7465f5848e23ad9baa58039,Trump Holds Cabinet Meeting At Camp David | NewsRadio 600 WMT,20260731T000000Z,600wmtradio.iheart.com,English,United States,Strait of Hormuz,D1_초크포인트,2026-07-31
https://wbhpam.iheart.com/content/2026-07-30-trump-holds-cabinet-meeting-at-camp-david/,8c2d08584db7a10fa8b665a2a54f661a,Trump Holds Cabinet Meeting At Camp David,20260731T001500Z,wbhpam.iheart.com,English,United States,Strait of Hormuz,D1_초크포인트,2026-07-31
https://wjbo.iheart.com/content/2026-07-30-trump-holds-cabinet-meeting-at-camp-david/,82e15879f320df2f1a83a2c7585f5879,Trump Holds Cabinet Meeting At Camp David | WJBO Newsradio 1150 AM & 98 . 7 FM,20260731T001500Z,wjbo.iheart.com,English,United States,Strait of Hormuz,D1_초크포인트,2026-07-31
https://wrno.iheart.com/content/2026-07-30-trump-holds-cabinet-meeting-at-camp-david/,cec465a32536d08c80ea05e03c601580,Trump Holds Cabinet Meeting At Camp David | News Talk 99 . 5 WRNO,20260731T001500Z,wrno.iheart.com,English,United States,Strait of Hormuz,D1_초크포인트,2026-07-31
https://woodradio.iheart.com/content/2026-07-30-trump-holds-cabinet-meeting-at-camp-david/,cc916133f421a5e93d27ddf678e23544,Trump Holds Cabinet Meeting At Camp David | Newsradio WOOD 1300 and 106 . 9 FM,20260731T010000Z,woodradio.iheart.com,English,United States,Strait of Hormuz,D1_초크포인트,2026-07-31
https://600kcol.iheart.com/content/2026-07-30-trump-holds-cabinet-meeting-at-camp-david/,79227867e9b0d37a5fd1287abc7c4fd4,Trump Holds Cabinet Meeting At Camp David | NewsTalk 600 KCOL,20260731T011500Z,600kcol.iheart.com,English,United States,Strait of Hormuz,D1_초크포인트,2026-07-31
https://realradio.iheart.com/content/2026-07-30-trump-holds-cabinet-meeting-at-camp-david/,2783fab9ab9200690e7d39c43e09d0bb,Trump Holds Cabinet Meeting At Camp David,20260731T011500Z,realradio.iheart.com,English,United States,Strait of Hormuz,D1_초크포인트,2026-07-31
https://tribune.com.pk/story/2621261/fo-says-negotiations-ongoing,730c9aeab560a9429a08e971cfe1f07e,FO says negotiations  ongoing  ,20260731T021500Z,tribune.com.pk,English,Pakistan,Strait of Hormuz,D1_초크포인트,2026-07-31
https://finance.yahoo.com/news/oil-falls-more-1-greater-030001809.html,20f520e4ca84ed4c63889586e905925c,Oil falls more than $1 on greater flows despite US - Iran war,20260731T044500Z,finance.yahoo.com,English,United States,Strait of Hormuz,D1_초크포인트,2026-07-31
https://tribune.com.pk/story/2621292/oil-falls-more-than-1-on-greater-flows-despite-us-iran-war,cdd6240661dbb8b9227729af7ed2acd6,Oil falls more than $1 on greater flows despite US - Iran war,20260731T094500Z,tribune.com.pk,English,Pakistan,Strait of Hormuz,D1_초크포인트,2026-07-31
https://www.breitbart.com/middle-east/2026/07/30/u-s-saudi-consortium-plans-5-billion-oil-refinery-away-strait-hormuz/,c3a23296ac2105c557b4e4d5c1b6a582,U . S .- Saudi Consortium Plans $5 Billion Oil Refinery Away from Strait of Hormuz,20260731T023000Z,breitbart.com,English,United States,Strait of Hormuz,D1_초크포인트,2026-07-31
https://saharareporters.com/2026/07/30/us-military-denies-iranian-claims-damaged-f-35-american-jets-tanker-escape-naval,cb91ca4dfeb53819608db375b63c962d,"US Military Denies Iranian Claims Of Damaged F - 35 American Jets , Tanker Escape From Naval Blockade",20260731T103000Z,saharareporters.com,English,Nigeria,Strait of Hormuz,D1_초크포인트,2026-07-31
https://www.thehindu.com/news/national/jaishankar-calls-araghchi-as-maritime-risks-persist-in-the-strait-of-hormuz-and-the-black-sea/article71291761.ece,e18266ef0a47c8afbb0db5e74999a2a5,"Jaishankar calls Araghchi , as maritime risks persist in the Strait of Hormuz and the Black Sea",20260731T180000Z,thehindu.com,English,India,Strait of Hormuz,D1_초크포인트,2026-07-31
https://www.geo.tv/latest/675604-oil-price-rises-after-iran-says-it-stops-ships-in-strait-of-hormuz,c621b9bd9158ab33bbeea87996d4896c,Oil price rises after Iran says it stops ships in Strait of Hormuz,20260731T181500Z,geo.tv,English,Pakistan,Strait of Hormuz,D1_초크포인트,2026-07-31
https://arynews.tv/oil-price-rises-after-iran-says-it-stops-ships-in-hormuz,901d0c3027c40afb94aed4f8ef1c80be,Oil price rises after Iran says it stops ships in Hormuz,20260731T194500Z,arynews.tv,English,Pakistan,Strait of Hormuz,D1_초크포인트,2026-07-31
https://www.internazionale.it/ultime-notizie-reuters/2026/07/31/oil-price-rises-after-iran-says-it-stops-ships-in-hormuz,05307e7a9bf57899000a1fac4b8a2227,Oil price rises after Iran says it stops ships in Hormuz,20260731T170000Z,internazionale.it,English,Italy,Strait of Hormuz,D1_초크포인트,2026-07-31
https://www.finanznachrichten.de/nachrichten-2026-07/69188014-crude-oil-surges-as-u-s-iran-conflict-keeps-strait-of-hormuz-crisis-alive-020.htm,71c5da79f9c83b2b339b672b613849b5,Crude Oil Surges As U . S .- Iran Conflict Keeps Strait Of Hormuz Crisis Alive,20260731T193000Z,finanznachrichten.de,English,Germany,Strait of Hormuz,D1_초크포인트,2026-07-31
https://sana.sy/en/economic/2333315/,acb21022629643b84c1c8dd3d624143a,Oil prices fall as supply concerns ease amid increased shipping flows,20260731T140000Z,sana.sy,English,Syria,Strait of Hormuz,D1_초크포인트,2026-07-31
https://www.gdnonline.com:443/Details/1402145,d3fd50fcf2536c2709df6f3aaa569f73,UAE Business : Saudi launches maritime security alliance as conflict threatens Suez shipping,20260731T141500Z,gdnonline.com,English,United States,Strait of Hormuz,D1_초크포인트,2026-07-31
https://www.al-monitor.com/originals/2026/07/oil-price-rises-after-iran-says-it-stops-ships-hormuz,4ecec0bcc2390aa9dd11eaa96a77950f,Oil price rises after Iran says it stops ships in Hormuz,20260731T183000Z,al-monitor.com,English,Israel,Strait of Hormuz,D1_초크포인트,2026-07-31
https://www.rte.ie/news/middle-east/2026/0731/1585912-us-iran/,1efa431c83ae4909f0916dd09562a190,Pakistan says US - Iran talks ongoing amid fresh strikes,20260731T021500Z,rte.ie,English,Ireland,Strait of Hormuz,D1_초크포인트,2026-07-31
https://www.siasat.com/trump-says-iran-being-decimated-vows-us-strikes-will-continue-3516942/,5e4acd48518b52c96f55f56edcf63891,"Trump says Iran  being decimated , vows US strikes will continue",20260731T181500Z,siasat.com,English,India,Strait of Hormuz,D1_초크포인트,2026-07-31
https://www.theepochtimes.com/business/us-gas-prices-remain-elevated-amid-ongoing-middle-east-tensions-6069732,9320e7f95330236e380ddd1cfb4a4492,US Gas Prices Remain Elevated Amid Ongoing Middle East Tensions,20260731T141500Z,theepochtimes.com,English,United States,Strait of Hormuz,D1_초크포인트,2026-07-31
https://www.hurriyetdailynews.com/mediator-pakistan-says-us-iran-talks-continue-despite-renewed-strikes-225039,ef1dd34fe63f126aa94245114595ce58,Mediator Pakistan says US - Iran talks continue despite renewed strikes,20260731T060000Z,hurriyetdailynews.com,English,Turkey,Strait of Hormuz,D1_초크포인트,2026-07-31
https://www.argusmedia.com/en/news-and-insights/latest-market-news/2859744-drone-strikes-spread-across-mideast-energy-sector,8df497527d2d2d0c3362618c6bb68e02,Drone strikes spread across Mideast energy sector,20260731T194500Z,argusmedia.com,English,United States,Strait of Hormuz,D1_초크포인트,2026-07-31
https://timesofindia.indiatimes.com/india/pm-modi-uk-pm-andy-burnham-discuss-ai-defence-strait-of-hormuz-in-first-phone-call/articleshow/132769167.cms,8ea4ddaaccc7223a481028fd646007ac,"PM Modi , united kingdom PM Andy Burnham discuss AI , defence , Strait of Hormuz in first phone call",20260731T141500Z,timesofindia.indiatimes.com,English,India,Strait of Hormuz,D1_초크포인트,2026-07-31
https://asia.nikkei.com/spotlight/iran-tensions/iran-war/indian-families-of-dead-seafarers-each-demand-5m-from-us-iran,e42fc6dcbe7de1dc5312923c48c4605d,"Indian families of dead seafarers each demand $5m from US , Iran",20260731T053000Z,asia.nikkei.com,English,Japan,Strait of Hormuz,D1_초크포인트,2026-07-31
https://www.cnbc.com/2026/07/31/oil-prices-today-brent-wti-hormuz-trump-iran-.html,ba45dbe37347dbeb54318d4bb1c8926e,"Oil price : Strait of Hormuz crude flows recover , Trump Iran tariff push",20260731T043000Z,cnbc.com,English,United States,Strait of Hormuz,D1_초크포인트,2026-07-31
https://www.moneycontrol.com/news/business/ai-boom-powers-global-trade-growth-in-q1-2026-despite-middle-east-conflict-wto-says-13990154.html,86d1e942f1c3647e5d9eef8a7c8ab5da,"AI boom powers global trade growth in Q1 2026 despite Middle East conflict , WTO says",20260731T084500Z,moneycontrol.com,English,India,Strait of Hormuz,D1_초크포인트,2026-07-31
https://gulfnews.com/world/americas/us-navy-tightens-grip-24-ships-turned-back-2-disabled-in-iran-blockade-crackdown-1.500626267,da19adba4408129ebdea404917938cdf,"US Navy Tightens Iran Port Blockade : 24 Ships Redirected , 2 Disabled in Strait of Hormuz Crackdown",20260731T053000Z,gulfnews.com,English,United Arab Emirates,Strait of Hormuz,D1_초크포인트,2026-07-31
https://finance.yahoo.com/energy/articles/guyana-oil-boom-matters-more-170000075.html,a4e2de969421af45d9ca51de3bc03c94,Guyana Oil Boom Matters More Than Ever,20260731T041500Z,finance.yahoo.com,English,United States,Strait of Hormuz,D1_초크포인트,2026-07-31
https://www.asiaone.com/world/drone-strike-near-suez-canal-egypt-raises-new-security-threat-widening-war,2c2f6e2f56def4ced99fda60ba1a3007,Drone strike near Suez Canal in Egypt raises new security threat in widening war,20260731T024500Z,asiaone.com,English,Singapore,Strait of Hormuz,D1_초크포인트,2026-07-31
https://www.ynetnews.com/article/rjb1lj9rmx,e3345c981f920cd52d3b780f507eec31,"After night without US strikes , Iran claims attack on Kuwait base",20260731T123000Z,ynetnews.com,English,Israel,Strait of Hormuz,D1_초크포인트,2026-07-31
https://www.marinelink.com/news/two-oil-supertankers-exit-hormuz-traffic-541679,7e6c3ba78aebc5f2b8edd97d454218c7,Two Oil Supertankers Exit Hormuz As Traffic Remains,20260731T123000Z,marinelink.com,English,United States,Strait of Hormuz,D1_초크포인트,2026-07-31
https://www.independent.co.uk/news/world/europe/hamas-gaza-israel-revolutionary-guard-iran-b3025461.html,ecb8326f66c17e76d3507aba988661d9,"Hamas says a deal has been reached in Gaza , and other developments in the Middle East",20260731T170000Z,independent.co.uk,English,United Kingdom,Strait of Hormuz,D1_초크포인트,2026-07-31
https://www.thestar.com.my/aseanplus/aseanplus-news/2026/07/31/us-sanctions-10-chinese-shipping-companies-over-iranian-oil-trade-claims,223e1265cf4c9d3bb30baf3705d16b17,US sanctions 10 Chinese shipping companies over Iranian oil trade claims,20260731T094500Z,thestar.com.my,English,Malaysia,Strait of Hormuz,D1_초크포인트,2026-07-31
https://www.abc.net.au/listen/programs/abc-news-top-stories/fuel-excise-petrol-prices/106981718,54c2c1fd14d64d0a1478a26b7c4ef5e4,What will happen with petrol prices when the fuel excise ends ? ,20260731T061500Z,abc.net.au,English,Australia,Strait of Hormuz,D1_초크포인트,2026-07-31
https://www.cfr.org/articles/will-iran-turn-into-a-forever-war-2,20f19800b41b44990739e7a324f473e0,Will Iran Turn Into a Forever War ? | Council on Foreign Relations,20260731T190000Z,cfr.org,English,United States,Strait of Hormuz,D1_초크포인트,2026-07-31
https://finance.yahoo.com/economy/policy/articles/reprogramming-fed-reaction-function-171948732.html,ba0647cba8033a2f260c818bc9849303,Reprogramming the Fed Reaction Function,20260731T043000Z,finance.yahoo.com,English,United States,Strait of Hormuz,D1_초크포인트,2026-07-31
https://oilprice.com/Latest-Energy-News/World-News/ADNOC-Buys-Five-Supertankers-as-Hormuz-Crisis-Tightens-Shipping.html,e6649737b4fc6ab74349bd9225638b44,ADNOC Buys Five Supertankers as Hormuz Crisis Tightens Shipping,20260731T140000Z,oilprice.com,English,United States,Strait of Hormuz,D1_초크포인트,2026-07-31
https://www.winnipegfreepress.com/world/2026/07/31/hamas-says-a-deal-has-been-reached-in-gaza-and-other-developments-in-the-middle-east,18e9a4ffa78e3f8eab99fd1e132d0e84,"Hamas says a deal has been reached in Gaza , and other developments in the Middle East – Winnipeg Free Press",20260731T151500Z,winnipegfreepress.com,English,Canada,Strait of Hormuz,D1_초크포인트,2026-07-31
https://www.wsbradio.com/news/world/hamas-says-deal-has/SPSNECBDKEZHBHBMRI5NLMSJSU/,88964718543f7942ed72a6a5fbf47193,"Hamas says deal reached in Gaza , and other developments in the Middle East",20260731T181500Z,wsbradio.com,English,United States,Strait of Hormuz,D1_초크포인트,2026-07-31
https://aninews.in/news/business/hormuz-vessel-transits-hit-two-week-high-as-lng-tanker-traffic-resumes-sampp-global20260731135440/,87b18229968e8d4cdcde2703a162d529,Hormuz vessel transits hit two - week high as LNG tanker traffic resumes : S & P Global,20260731T094500Z,aninews.in,English,India,Strait of Hormuz,D1_초크포인트,2026-07-31
https://isp.netscape.com:443/news/world/story/0001/20260731/9304893b474a48d18913d6f70fae4a8e,86e3fcc32344915710284c7d11a9627b,"Hamas says a deal has been reached in Gaza , and other developments in the Middle East",20260731T180000Z,isp.netscape.com,English,United States,Strait of Hormuz,D1_초크포인트,2026-07-31
https://www.ynetnews.com/article/hkejkg9smx,dd771604e86a178437b200e03a88d463,"Telegraph : Trump , Netanyahu discussed land blockade on Iran",20260731T123000Z,ynetnews.com,English,Israel,Strait of Hormuz,D1_초크포인트,2026-07-31
https://finance.yahoo.com/energy/articles/game-straits-000155105.html,6efdf67a7ae5cb8c39a645ab8fc8beaa,A game of straits,20260731T103000Z,finance.yahoo.com,English,United States,Strait of Hormuz,D1_초크포인트,2026-07-31
https://www.hindustantimes.com/india-news/pm-modi-uk-pm-andy-burnham-discuss-trade-deal-west-asia-crisis-101785515281875.html,bd4c1724aaf6ce6cb5a9c6a29849b22e,"PM Modi , united kingdom PM Andy Burnham discuss trade deal , West Asia crisis",20260731T170000Z,hindustantimes.com,English,India,Strait of Hormuz,D1_초크포인트,2026-07-31
https://www.presstv.co.uk/Detail/2026/07/31/773453/US-aggression-leaves-passage-through-Strait-of-Hormuz-impossible-Strait-Authority,0dc170b81f194c9f9276a0cf3cc2c0ad,Passage through Strait of Hormuz impossible due to US aggression : PGSA,20260731T151500Z,presstv.co.uk,English,,Strait of Hormuz,D1_초크포인트,2026-07-31
https://www.newsday.com/news/nation/mideast-gaza-iran-israel-palestinians-strait-hormuz-d18803,315c991e38580c4c435a4af67e796808,"Hamas says a deal has been reached in Gaza , and other developments in the Middle East",20260731T193000Z,newsday.com,English,United States,Strait of Hormuz,D1_초크포인트,2026-07-31
http://www.strategypage.com/on_point/20260730211349.aspx,2dbbb79201807f0367873a1e26ded295,Austin Bay On PointIran Proxy Fizzle ? ,20260731T054500Z,strategypage.com,English,China,Strait of Hormuz,D1_초크포인트,2026-07-31
https://www.foxnews.com/live-news/us-iran-war-israel-hamas-july-31-2026,2e75682839fa9e761681b610a8623fb3,Trump brokers Hamas disarmament deal as Saudi Arabia plans Houthi offensive,20260731T130000Z,foxnews.com,English,United States,Strait of Hormuz,D1_초크포인트,2026-07-31
https://www.arabnews.com/node/2652947/middle-east,a2caeda0829628fa805bfa46e938e802,"Gaza deal the only good news amid Hormuz collapse and worsening climate crisis , UN chief says",20260731T184500Z,arabnews.com,English,Saudi Arabia,Strait of Hormuz,D1_초크포인트,2026-07-31
https://www.manilatimes.net/2026/07/31/world/us-and-iran-trade-missile-barrages-as-hopes-dim-for-a-quick-resolution-to-the-five-month-conflict/2395640,6df5f0980157dcdd627bb1a60af926ab,US and Iran trade missile barrages as hopes dim for a quick resolution to the five - month conflict,20260731T053000Z,manilatimes.net,English,Philippines,Strait of Hormuz,D1_초크포인트,2026-07-31
https://www.globalsecurity.org/wmd/library/news/iran/2026/07/iran-260730-sputnik02.htm,6c9ce915703fced9120bf83d0c82ee98,IRGC Vows to  Punish  US in Response to Attacks on Iran,20260731T094500Z,globalsecurity.org,English,Syria,Strait of Hormuz,D1_초크포인트,2026-07-31
https://www.globalsecurity.org/military/library/news/2026/07/mil-260730-sputnik01.htm,5b82db2643793b44a191dd963589c1e0,Trump Says Will Resume Full - Scale War Unless Iran Meets All US Demands,20260731T094500Z,globalsecurity.org,English,Syria,Strait of Hormuz,D1_초크포인트,2026-07-31
https://www.wdrb.com/news/national/us-and-iran-trade-missile-barrages-as-hopes-dim-for-a-quick-resolution-to-the/article_2f4ec603-0d2c-51c6-a999-12af08271fef.html,bc02f833ec574bbfdcbc35904b019af7,US and Iran trade missile barrages as hopes dim for a quick resolution to the five - month conflict,20260731T034500Z,wdrb.com,English,United States,Strait of Hormuz,D1_초크포인트,2026-07-31
http://www.afghanistannews.net/news/279215329/middle-east-tensions-send-oil-prices-sharply-higher,2fbf5659544215b9ea26f1903ab0e7d1,Middle East tensions send oil prices sharply higher,20260731T000000Z,afghanistannews.net,English,Afghanistan,Strait of Hormuz,D1_초크포인트,2026-07-31
http://www.memphissun.com/news/279215329/brent-tops-usd90-as-renewed-strikes-rattle-oil-markets,d2778cf193b3cbc0c9c4988ac27379cd,Brent tops $90 as renewed strikes rattle oil markets,20260731T000000Z,memphissun.com,English,United States,Strait of Hormuz,D1_초크포인트,2026-07-31
http://www.neworleanssun.com/news/279215329/brent-tops-usd90-as-renewed-strikes-rattle-oil-markets,d83885eef03736b905c4dbaf4e026a9d,Brent tops $90 as renewed strikes rattle oil markets,20260731T000000Z,neworleanssun.com,English,United States,Strait of Hormuz,D1_초크포인트,2026-07-31
http://www.dallassun.com/news/279215329/brent-tops-usd90-as-renewed-strikes-rattle-oil-markets,a4af60e96a9e2d96bf15c5a9aff2eb31,Brent tops $90 as renewed strikes rattle oil markets,20260731T004500Z,dallassun.com,English,United States,Strait of Hormuz,D1_초크포인트,2026-07-31
http://www.newzealandstar.com/news/279215329/brent-tops-usd90-as-renewed-strikes-rattle-oil-markets,0d5802e75d2b8518067b5e675b4f1d08,Brent tops $90 as renewed strikes rattle oil markets,20260731T000000Z,newzealandstar.com,English,New Zealand,Strait of Hormuz,D1_초크포인트,2026-07-31
https://www.moneycontrol.com/news/india/pm-modi-uk-pm-burnham-commit-to-harnessing-full-potential-of-mega-trade-deal-13990498.html,ab73634fbe9acbf7d7086fe7020c03c9,"PM Modi , united kingdom PM Burnham commit to harnessing full potential of mega trade deal",20260731T151500Z,moneycontrol.com,English,India,Strait of Hormuz,D1_초크포인트,2026-07-31
https://www.globalsecurity.org/wmd/library/news/uk/2026/uk-260730-ukgov03.htm,de9fd6447de5dcdcc7d94efa1456f5a5,PM call with the Sultan of Oman : 30 July 2026,20260731T094500Z,globalsecurity.org,English,Syria,Strait of Hormuz,D1_초크포인트,2026-07-31
https://www.hurriyetdailynews.com/oil-industry-sees-war-windfall-but-girds-for-political-blowback-225036,235b78f13c78ac7292402815dca71d7f,Oil industry sees war windfall but girds for political blowback,20260731T060000Z,hurriyetdailynews.com,English,Turkey,Strait of Hormuz,D1_초크포인트,2026-07-31
https://time.com/article/2026/07/31/republicans-break-ranks-attempt-to-limit-trump-iran-war-powers/,68fc5a4bb103db2f80fda6a43c966601,3 Republicans Break Ranks in Attempt to Limit Trump Iran War Powers,20260731T161500Z,time.com,English,United States,Strait of Hormuz,D1_초크포인트,2026-07-31
https://www.clickondetroit.com/news/world/2026/07/31/hamas-says-a-deal-has-been-reached-in-gaza-and-other-developments-in-the-middle-east/,257c1dd1ade80d8241f9500556bf98d7,"Hamas says a deal has been reached in Gaza , and other developments in the Middle East",20260731T194500Z,clickondetroit.com,English,United States,Strait of Hormuz,D1_초크포인트,2026-07-31
https://arynews.tv/iran-military-targeted-us-base-in-kuwait-with-drones,3a4fdb2a36d5031a807520903add7b32,Iran military targeted US base in Kuwait with drones,20260731T061500Z,arynews.tv,English,Pakistan,Strait of Hormuz,D1_초크포인트,2026-07-31
https://oilprice.com/Energy/Crude-Oil/Saudis-Push-Maritime-Coalition-as-Oil-Finds-Support.html,56b9e45f43aa983521095ba7fa6fd206,Saudis Push Maritime Coalition as Oil Finds Support,20260731T181500Z,oilprice.com,English,United States,Strait of Hormuz,D1_초크포인트,2026-07-31
http://www.thegazette.com/news/world/hamas-says-a-deal-has-been-reached-in-gaza-and-other-developments-in-the-middle/article_9ebb14a8-7c80-5d9e-8174-e8d06e5f9e50.html,b57837f434d1fbfd73dd57908ec938d4,"Hamas says a deal has been reached in Gaza , and other developments in the Middle East",20260731T193000Z,thegazette.com,English,United States,Strait of Hormuz,D1_초크포인트,2026-07-31
https://theshillongtimes.com/2026/07/31/us-iran-trade-missile-barrages-hope-for-quick-resolution-dims/,b8c19d29ba93be44740468ce0d4e4d07,"US , Iran trade missile barrages , hope for quick resolution dims",20260731T051500Z,theshillongtimes.com,English,India,Strait of Hormuz,D1_초크포인트,2026-07-31
https://phnompenhpost.com/international/pakistan-says-it-is-doing-its-utmost-to-bring-us-iran-back-to-islamabad-mou/,78d9eec3e0ff519401f3126472995520,"Pakistan says it is doing its  utmost  to bring US , Iran back to Islamabad MoU",20260731T030000Z,phnompenhpost.com,English,Cambodia,Strait of Hormuz,D1_초크포인트,2026-07-31
https://www.boredpanda.com/life-hormuz-before-war-mykolas-juodele/?cexp_id=158661&_f=homepage_featured&cexp_var=4,a69c00a7273feb5b5320dff7e4d0384d,I Photographed The Strait Of Hormuz To Show The World A Different Side Of Iran,20260731T134500Z,boredpanda.com,English,United States,Strait of Hormuz,D1_초크포인트,2026-07-31
https://www.boredpanda.com/life-hormuz-before-war-mykolas-juodele/?cexp_id=158661&_f=homepage_featured&cexp_var=0,496fb1855dcdda234e7521dc20468db4,I Photographed The Strait Of Hormuz To Show The World A Different Side Of Iran,20260731T140000Z,boredpanda.com,English,United States,Strait of Hormuz,D1_초크포인트,2026-07-31
https://www.globalsecurity.org/military/library/news/2026/07/mil-260730-rferl03.htm,fa37a9ae53667bda5d5cc34a1ee00fbd,US Military Says Latest Strikes Target Iran Revolutionary Guards Corps,20260731T094500Z,globalsecurity.org,English,Syria,Strait of Hormuz,D1_초크포인트,2026-07-31
https://www.aol.co.uk/articles/us-hits-dozens-targets-iran-153033000.html,e970834f743779ac449ccc035f25ed19,US hits dozens of targets in Iran overnight as peace efforts under threat,20260731T051500Z,aol.co.uk,English,United Kingdom,Strait of Hormuz,D1_초크포인트,2026-07-31
https://dailypioneer.com/news/the-seas-need-rules-not-just-warships,73b68f8b0cf83f12dfc283822880152a,Gulf Crisis Highlights Why UNCLOS and a Rules - Based Maritime Order Matter,20260731T041500Z,dailypioneer.com,English,India,Strait of Hormuz,D1_초크포인트,2026-07-31
https://www.globalsecurity.org/wmd/library/news/iran/2026/07/iran-260730-sputnik01.htm,e2a0603eb344564a64940e0a905dd26b,IRGC Says It Struck Kuwait Air Base Hosting US Troops,20260731T094500Z,globalsecurity.org,English,Syria,Strait of Hormuz,D1_초크포인트,2026-07-31
https://gcaptain.com/saudi-ships-shun-red-sea-chokepoint-for-rare-africa-journey/,b24f47f6bfedf535d9efbffeb91765be,Saudi Ships Shun Red Sea Chokepoint for Rare Africa Journey,20260731T140000Z,gcaptain.com,English,United States,Strait of Hormuz,D1_초크포인트,2026-07-31
https://www.newsweek.com/us-iran-war-spreads-to-another-major-sea-risking-new-suez-crisis-for-nato-12266096,319e8caf203d1f6ab76c47d79db02a74,"US - Iran War Spreads to Another Major Sea , Risking New Suez Crisis for NATO",20260731T004500Z,newsweek.com,English,United States,Strait of Hormuz,D1_초크포인트,2026-07-31
https://www.rappler.com/world/middle-east/drone-strike-egypt-port-near-suez-canal-new-shipping-risks/,fd8682a5477c97f4ccb1201337ed54e9,Drone strike at Egypt port near Suez Canal ignites new shipping risks,20260731T050000Z,rappler.com,English,Philippines,Strait of Hormuz,D1_초크포인트,2026-07-31
https://www.internazionale.it/ultime-notizie-reuters/2026/07/31/us-military-says-it-hit-dozens-of-iran-s-irgc-targets,d45e0def149c064cb3068563eb8d0ccb,Drone strike at Egypt port near Suez Canal ignites new shipping risks,20260731T024500Z,internazionale.it,English,Italy,Strait of Hormuz,D1_초크포인트,2026-07-31
https://www.finanznachrichten.de/nachrichten-2026-07/69187776-gold-slumps-amid-diminishing-signs-of-near-term-u-s-iran-truce-profit-taking-020.htm,ed8933b4dd607e0f45c8a041f81001af,"Gold Slumps Amid Diminishing Signs Of Near - Term U . S .- Iran Truce , Profit Taking",20260731T184500Z,finanznachrichten.de,English,Germany,Strait of Hormuz,D1_초크포인트,2026-07-31
https://www.whio.com/news/local/not-seeing-much-drop-yet-gas-prices-continue-climb-across-region/JP2ULHSGQZG4PEJKGNRDMPRHK4/,0a58f3ebf9e7f42dbb974781fdc28b4a,Gas prices reached $4 per gallon at Circle K in Xenia - WHIO TV 7 and WHIO Radio,20260731T103000Z,whio.com,English,United States,Strait of Hormuz,D1_초크포인트,2026-07-31
https://www.azernews.az/region/261832.html,8e91a3bab543c4b1a3bbbd8374c28e1d,IRGC claims action against two oil tankers in Strait of Hormuz,20260731T160000Z,azernews.az,English,Azerbaijan,Strait of Hormuz,D1_초크포인트,2026-07-31
https://www.al-monitor.com/originals/2026/07/drone-strike-egypt-port-near-suez-canal-ignites-new-shipping-risks,e0e829f848d2cdaaf14ba567155e48b9,Drone strike at Egypt port near Suez Canal ignites new shipping risks,20260731T054500Z,al-monitor.com,English,Israel,Strait of Hormuz,D1_초크포인트,2026-07-31
https://www.naharnet.com:443/stories/en/321571-here-s-why-new-fronts-seem-to-be-opening-up-across-the-middle-east,e6a980dc42fe39b81ea4e70450fcfc4a,Here why new fronts seem to be opening up across the Middle East,20260731T081500Z,naharnet.com,English,Syria,Strait of Hormuz,D1_초크포인트,2026-07-31
https://www.asiaone.com/china/can-china-restrain-iran-gulf-states-test-beijings-influence,5007fca05fcd3eb3382cf1419f2686f1,Can China restrain Iran ? Gulf states test Beijing influence,20260731T024500Z,asiaone.com,English,Singapore,Strait of Hormuz,D1_초크포인트,2026-07-31
https://arynews.tv/pakistan-joins-14-nation-saudi-led-alliance-to-secure-red-sea,f0e110c81d19434bbc128714e7f6fa63,Pakistan joins 14 - nation Saudi - led alliance to secure Red Sea,20260731T061500Z,arynews.tv,English,Pakistan,Strait of Hormuz,D1_초크포인트,2026-07-31
https://www.riotimesonline.com/asia-intelligence-brief-friday-july-31-2026/,ce799c10fe0cf3c690d5eb5a63362538,"Asia Intelligence Brief July 31 : Hopes Dashed , Shields Up",20260731T161500Z,riotimesonline.com,English,Brazil,Strait of Hormuz,D1_초크포인트,2026-07-31
https://www.freemalaysiatoday.com/category/world/2026/07/31/saudi-arabia-sets-up-maritime-defence-alliance-to-secure-red-sea,75718e2c5e1542dfc1c1acae3e7efa64,Saudi Arabia sets up maritime defence alliance to secure Red Sea,20260731T013000Z,freemalaysiatoday.com,English,Malaysia,Strait of Hormuz,D1_초크포인트,2026-07-31
https://www.thedailybeast.com/obsessed/trumps-bonkers-question-breaks-seth-meyers-brain/,5a70b86c389ec3bffd97592a9c514863,Trump Bonkers Question Breaks Seth Meyer Brain,20260731T180000Z,thedailybeast.com,English,United States,Strait of Hormuz,D1_초크포인트,2026-07-31
https://www.azernews.az/region/261838.html,51108b5525d548ad8da678e22171e371,Trump says Iran war is  going well  ,20260731T160000Z,azernews.az,English,Azerbaijan,Strait of Hormuz,D1_초크포인트,2026-07-31
https://www.bnnbloomberg.ca/business/company-news/2026/07/31/exxonmobil-misses-second-quarter-profit-estimates/,4c99b9ae8ed05225bf13e14559f3215f,ExxonMobil misses second - quarter profit estimates,20260731T140000Z,bnnbloomberg.ca,English,Canada,Strait of Hormuz,D1_초크포인트,2026-07-31
http://baystreet.ca/articles/commodities/122587/China-Rushes-to-Secure-Russian-Oil-as-Middle-East-Supply-Risks-Escalate,4841d94292f11612b55d96878e84eeb3,Baystreet . ca - China Rushes to Secure Russian Oil as Middle East Supply Risks Escalate,20260731T154500Z,baystreet.ca,English,Canada,Strait of Hormuz,D1_초크포인트,2026-07-31
https://www.globalsecurity.org/wmd/library/news/iran/2026/07/iran-260730-rferl03.htm,5ac97b09137bb1cb85365c0f0dc636a6,Pakistan Says US - Iran Negotiations Ongoing,20260731T094500Z,globalsecurity.org,English,Syria,Strait of Hormuz,D1_초크포인트,2026-07-31
https://economictimes.indiatimes.com/markets/us-stocks/news/south-koreas-kospi-index-jumps-more-than-15-pc-on-a-surge-of-chipmaking-stocks/articleshow/132753299.cms,905ff868621bd146423df25c3d763277,South Korea Kospi index jumps more than 16 % on a surge of chipmaking stocks,20260731T030000Z,economictimes.indiatimes.com,English,India,Strait of Hormuz,D1_초크포인트,2026-07-31
https://www.moneycontrol.com/world/saudi-arabia-unveils-14-nation-naval-coalition-to-protect-red-sea-shipping-amid-houthi-blockade-article-13989458.html,92f4959531f5ffdfd3fcb4636d318501,Saudi Arabia unveils 14 - nation naval coalition to protect Red Sea shipping amid Houthi blockade,20260731T034500Z,moneycontrol.com,English,India,Strait of Hormuz,D1_초크포인트,2026-07-31
https://www.rawstory.com/trump-yelling-at-staffers/,a5c00298512becf09f82418b987f6753,Trump resorting to yelling at White House staffers as his admin  stuck  in neutral : author,20260731T034500Z,rawstory.com,English,United States,Strait of Hormuz,D1_초크포인트,2026-07-31
https://www.newsday.com/business/stock-markets-rates-korea-ai-oil-k41243,59a9b1a0c6436d5b74fe01970e30b485,South Korea Kospi index jumps more than 15 % on a surge of chipmaking stocks,20260731T021500Z,newsday.com,English,United States,Strait of Hormuz,D1_초크포인트,2026-07-31
https://www.durangoherald.com/articles/associated-press/heres-why-new-fronts-seem-to-be-opening-up-across-the-middle-east/,b8aa4017c802e307527bcaf72b5b8746,Here why new fronts seem to be opening up across the Middle East,20260731T034500Z,durangoherald.com,English,United States,Strait of Hormuz,D1_초크포인트,2026-07-31
https://www.globalsecurity.org/wmd/library/news/iran/2026/07/iran-260730-azertac01.htm,7664017175edd6ccdf22c680797e9284,"Pakistan doing  utmost  to bring US , Iran back to negotiations",20260731T094500Z,globalsecurity.org,English,Syria,Strait of Hormuz,D1_초크포인트,2026-07-31
https://www.yakimaherald.com/news/nation_and_world/world/heres-why-new-fronts-seem-to-be-opening-up-across-the-middle-east/article_531104f6-f0ec-585d-a1ed-fcf39c6e16c1.html,3a6baac0c6231a1fd7e61d40c6767a3a,Here why new fronts seem to be opening up across the Middle East,20260731T020000Z,yakimaherald.com,English,United States,Strait of Hormuz,D1_초크포인트,2026-07-31
https://www.breitbart.com/clips/2026/07/30/auchincloss-must-accept-strait-not-going-to-be-free-and-open-to-keep-iran-from-becoming-a-quagmire/,19186b20080986803f63673569d0c788,Auchincloss : Must Accept Strait  Not Going to Be Free and Open  to Keep Iran  From Becoming a Quagmire  ,20260731T054500Z,breitbart.com,English,United States,Strait of Hormuz,D1_초크포인트,2026-07-31
https://www.the-star.co.ke/news/world/2026-07-31-why-limited-war-with-us-may-suit-iran-better-than-peace,a09755d56ac975cb343ccc2ca9ee09b6,Why limited war with the US may suit Iran better than peace,20260731T180000Z,the-star.co.ke,English,Kenya,Strait of Hormuz,D1_초크포인트,2026-07-31
https://www.clickondetroit.com/business/2026/07/31/south-koreas-kospi-index-jumps-more-than-13-on-a-surge-of-chipmaking-stocks/,e3eef73caf6ffbf32244616c82970628,South Korea Kospi index jumps more than 16 % on a surge of chipmaking stocks,20260731T053000Z,clickondetroit.com,English,United States,Strait of Hormuz,D1_초크포인트,2026-07-31
https://www.globalsecurity.org/military/library/news/2026/07/mil-260730-rferl05.htm,2b1549043fb0c4af8728ae7506995fb2,Saudi Arabia Establishes Maritime Defense Alliance To Secure Navigation Through Bab al - Mandab Strait,20260731T094500Z,globalsecurity.org,English,Syria,Strait of Hormuz,D1_초크포인트,2026-07-31
https://www.breitbart.com/clips/2026/07/31/hagerty-irgc-driving-this-they-profit-in-times-of-war/,07708761c67382810d3291fb185eb17b,"Hagerty : IRGC  Driving Thi , They  Profit in Times of War  ",20260731T161500Z,breitbart.com,English,United States,Strait of Hormuz,D1_초크포인트,2026-07-31
https://www.ibtimes.co.in/iran-war-escalates-trump-threatens-retaliation-after-irgc-strikes-jordan-kuwait-904316,977f60e728f02fcade473db0437df302,"Iran War Escalates : Trump Threatens Retaliation After IRGC Strikes on Jordan , Kuwait",20260731T101500Z,ibtimes.co.in,English,India,Strait of Hormuz,D1_초크포인트,2026-07-31
https://oilprice.com/Latest-Energy-News/World-News/Exxon-and-Chevrons-265-Billion-Quarter-Draws-Trumps-Ire.html,5222fd21e49405aeb363cdf822071804,Exxon and Chevron $26 . 5 Billion Quarter Draws Trump Ire,20260731T184500Z,oilprice.com,English,United States,Strait of Hormuz,D1_초크포인트,2026-07-31
http://www.pakistantelegraph.com/news/279216089/1st-ld-writethru-pakistan-says-working-to-bring-us-iran-back-to-islamabad-mou-as-talks-continue,a4fd7f63530cfbbe356870391c9502ea,"1st LD Writethru : Pakistan says working to bring U . S ., Iran back to Islamabad MoU as talks continue",20260731T011500Z,pakistantelegraph.com,English,Pakistan,Strait of Hormuz,D1_초크포인트,2026-07-31
https://www.breitbart.com/middle-east/2026/07/30/iran-bombs-chinese-company-building-kuwait-killing-one/,4024ae695444225af05300990adc24e6,"Iran Bombs Chinese Company Building in Kuwait , Killing One",20260731T024500Z,breitbart.com,English,United States,Strait of Hormuz,D1_초크포인트,2026-07-31
https://www.dailykos.com/stories/2026/7/31/800077693/news/trumps-gaza-deal-will-be-as-successful-as-his-iran-one/,e5d3e350ba352fab67f3e3f2516e342f,Trump Gaza  deal  will be as successful as his Iran one,20260731T173000Z,dailykos.com,English,United States,Strait of Hormuz,D1_초크포인트,2026-07-31
https://abcnews.com/Business/wireStory/south-koreas-kospi-index-jumps-16-surge-chipmaking-135247652,8b24c48058928a8e4aadff97779de074,South Korea Kospi index jumps more than 16 % on a surge of chipmaking stocks,20260731T064500Z,abcnews.com,English,United States,Strait of Hormuz,D1_초크포인트,2026-07-31
https://www.globalsecurity.org/wmd/library/news/iran/2026/07/iran-260730-unnews01.htm,53331ed250ec146657be66e6b6d0bc2c,Middle East crisis : Humanitarian fallout  worsening by the day  ,20260731T094500Z,globalsecurity.org,English,Syria,Strait of Hormuz,D1_초크포인트,2026-07-31
https://www.globalsecurity.org/wmd/library/news/iran/2026/07/iran-260730-azertac02.htm,8738f1eaebc0cdfd420e6ab381d98670,Trump  exasperated  on Iran with officials lacking consensus on strategy : Report,20260731T094500Z,globalsecurity.org,English,Syria,Strait of Hormuz,D1_초크포인트,2026-07-31
https://www.khaama.com/iran-says-it-targeted-us-base-in-kuwait-with-drones/,691222dede56c4e0bdc2697d061aae0f,Iran Says It Targeted US Base in Kuwait With Drones,20260731T083000Z,khaama.com,English,Afghanistan,Strait of Hormuz,D1_초크포인트,2026-07-31
https://news.az/news/iran-says-it-struck-two-oil-tankers-attempting-to-transit-strait-of-hormuz,7139a9f7e1e5fe78b19f3355b84ecf1c,Iran says it struck two oil tankers attempting to transit Strait of Hormuz,20260731T151500Z,news.az,English,Azerbaijan,Strait of Hormuz,D1_초크포인트,2026-07-31
https://www.kpbs.org/news/economy/2026/07/31/average-san-diego-county-gas-price-rises-for-16th-time-in-17-days,3c87ed8a964d40251400f23352ea3342,Average San Diego County gas price rises for 16th time in 17 days,20260731T193000Z,kpbs.org,English,United States,Strait of Hormuz,D1_초크포인트,2026-07-31
https://tribune.com.pk/story/2621182/time-to-de-escalate-2,ae9d0a529bb791f3bc686ff3e3943196,Time to de - escalate,20260731T061500Z,tribune.com.pk,English,Pakistan,Strait of Hormuz,D1_초크포인트,2026-07-31
https://oilprice.com/Latest-Energy-News/World-News/Oil-Prices-Inch-Higher-as-Iran-Strikes-US-Bases-in-Kuwait-and-Bahrain.html,432f076c076067cb19c071a1ca6f58d3,Oil Prices Inch Higher as Iran Strikes U . S . Bases in Kuwait and Bahrain,20260731T140000Z,oilprice.com,English,United States,Strait of Hormuz,D1_초크포인트,2026-07-31
https://mideast-times.com/home_news.php?newsid=17154,67770e4eb9e35ad6d6e266d1293e656f,The Middle East Times - International,20260731T054500Z,mideast-times.com,English,Australia,Strait of Hormuz,D1_초크포인트,2026-07-31
https://www.gdnonline.com:443/Details/1402105,a0c64424042284bab584a2a0a494a95b,KSA Business : Saudi announces $9 . 14 billion deficit in Q2,20260731T000000Z,gdnonline.com,English,United States,Strait of Hormuz,D1_초크포인트,2026-07-31
https://www.finanzen.ch/nachrichten/aktien/indonesia-stock-market-may-see-additional-support-on-friday-1036388928,6baceb2d3bb3c561d9073758281ec05a,Indonesia Stock Market May See Additional Support On Friday,20260731T024500Z,finanzen.ch,English,Switzerland,Strait of Hormuz,D1_초크포인트,2026-07-31
https://www.finanzen.ch/nachrichten/aktien/singapore-stock-market-may-reverse-thursdays-losses-1036388823,6fef55bd674360487be87f42afc35716,Singapore Stock Market May Reverse Thursday Losses,20260731T013000Z,finanzen.ch,English,Switzerland,Strait of Hormuz,D1_초크포인트,2026-07-31
https://www.finanzen.ch/nachrichten/aktien/taiwan-stock-market-may-find-traction-on-friday-1036388845,8c72bcf63a79a089fbe94d70118ef3d3,Taiwan Stock Market May Find Traction On Friday,20260731T013000Z,finanzen.ch,English,Switzerland,Strait of Hormuz,D1_초크포인트,2026-07-31
https://www.hurriyetdailynews.com/saudi-arabia-sets-up-maritime-defense-alliance-to-secure-red-sea-225062,71a7603739f97f9004436d8fe445aa62,Saudi Arabia sets up maritime defense alliance to secure Red Sea,20260731T160000Z,hurriyetdailynews.com,English,Turkey,Strait of Hormuz,D1_초크포인트,2026-07-31
https://news.az/news/why-did-trump-decide-to-halt-the-conflict-with-iran,a494591ad3a416dbb6ea580f9fb1ba78,Why did Trump decide to halt the conflict with Iran ? ,20260731T054500Z,news.az,English,Azerbaijan,Strait of Hormuz,D1_초크포인트,2026-07-31
https://www.canberratimes.com.au/story/9321164/us-iran-trade-barrages-as-quick-resolution-hopes-dim/,d9cfdf6282c9d4e7e4b72010160d888c,"US , Iran trade barrages as quick resolution hopes dim",20260731T024500Z,canberratimes.com.au,English,Australia,Strait of Hormuz,D1_초크포인트,2026-07-31
https://www.bankingnews.gr/diethni/articles/891486/iran-shocks-with-strategic-shift-to-strike-us-first-as-hormuz-bottleneck-threatens-to-wreck-trump-presidency,c0378ce296f9641a0dc7d8e23fd8fe10,Iran shocks with strategic shift to strike US first as Hormuz bottleneck threatens to wreck Trump presidency,20260731T094500Z,bankingnews.gr,English,Greece,Strait of Hormuz,D1_초크포인트,2026-07-31
https://www.spokesman.com/stories/2026/jul/30/us-strikes-iran-again-as-conflict-widens-across-mi/,497f7701265cbec1d8ca862d90875779,US strikes Iran again as conflict widens across Middle East,20260731T001500Z,spokesman.com,English,United States,Strait of Hormuz,D1_초크포인트,2026-07-31
https://www.presstv.co.uk/Detail/2026/07/31/773462/Press-TV-s-news-headlines-,2f8666651baa66f14e19f3ff5186ba1d,Press TVs news headlines,20260731T193000Z,presstv.co.uk,English,,Strait of Hormuz,D1_초크포인트,2026-07-31
https://www.breitbart.com/clips/2026/07/30/cotton-irans-negotiators-coordinated-with-those-who-attacked-us-need-2-3-weeks-more-of-bombing/,98834395623cbf310f525dd5e1588879,"Cotton : Iran Negotiators Coordinated with Those Who Attacked Us , Need 2 , 3 Weeks More of Bombing",20260731T161500Z,breitbart.com,English,United States,Strait of Hormuz,D1_초크포인트,2026-07-31
https://www.insurancejournal.com/news/international/2026/07/31/879844.htm,069cbe08229c12d1312d148376d45340,Supply Chain Insurance Is  Must - Have  Cover During Geopolitical Tensions : GlobalData,20260731T174500Z,insurancejournal.com,English,United States,Strait of Hormuz,D1_초크포인트,2026-07-31
https://www.krwg.org/shows/newshour/clip/wider-war-dis-1785449061,52c4b511471e7e3e0e1ddd0d93fd6e75,How shipping risks from Ukraine and Iran wars are converging,20260731T084500Z,krwg.org,English,United States,Strait of Hormuz,D1_초크포인트,2026-07-31
https://news.webindia123.com/news/Articles/World/20260731/4481712.html,ee4b2201f9d72799eeff1695cbe22a2d,"EAM  strongly urged  to avoid attacks on commercial vessels , seafarers during call with Iranian FM",20260731T184500Z,news.webindia123.com,English,India,Strait of Hormuz,D1_초크포인트,2026-07-31
https://tribuneonlineng.com/72-of-world-trade-still-under-wto-okonjo-iweala/,8004ad2b633f6e1d2cc0b0a2b805d8bc,72 % of world trade still under WTO Okonjo - Iweala,20260731T094500Z,tribuneonlineng.com,English,Nigeria,Strait of Hormuz,D1_초크포인트,2026-07-31
https://www.hurriyetdailynews.com/turkiye-targets-2026-start-for-development-road-225032,043bf7893d8317ca799e2a2a1ffbf2cd,Türkiye targets 2026 start for Development Road,20260731T060000Z,hurriyetdailynews.com,English,Turkey,Strait of Hormuz,D1_초크포인트,2026-07-31
http://www.mainemirror.com/news/279215330/us-saudis-strike-iran-s-allies-in-iraq-as-fighting-resumes,5f23a7c7bba0ba7285b100bb071274ff,"Fighting restarts as US , Saudis strike Iran allies in Iraq",20260731T060000Z,mainemirror.com,English,United States,Strait of Hormuz,D1_초크포인트,2026-07-31
http://www.sierraleonetimes.com/news/279215330/us-saudis-strike-iran-s-allies-in-iraq-as-fighting-resumes,af14522cbb1c106d9cadeec35065ffc8,"Fighting restarts as US , Saudis strike Iran allies in Iraq",20260731T060000Z,sierraleonetimes.com,English,Sierra Leone,Strait of Hormuz,D1_초크포인트,2026-07-31
http://www.hawaiitelegraph.com/news/279215330/us-saudis-strike-iran-s-allies-in-iraq-as-fighting-resumes,632f76b601d713153fb33f54a279a22f,"Fighting restarts as US , Saudis strike Iran allies in Iraq",20260731T061500Z,hawaiitelegraph.com,English,United States,Strait of Hormuz,D1_초크포인트,2026-07-31
http://www.nepalnational.com/news/279215330/us-saudis-strike-iran-s-allies-in-iraq-as-fighting-resumes,c49f1d9e5a90d3c69212b6e1237d8deb,"Fighting restarts as US , Saudis strike Iran allies in Iraq",20260731T061500Z,nepalnational.com,English,Nepal,Strait of Hormuz,D1_초크포인트,2026-07-31
http://www.australiannews.net/news/279215330/attacks-resume-in-the-middle-east-as-us-saudis-hit-iraq,0f69ca517aa2c887c6e1ac83fdaa4984,"Fighting restarts as US , Saudis strike Iran allies in Iraq",20260731T054500Z,australiannews.net,English,Australia,Strait of Hormuz,D1_초크포인트,2026-07-31
http://www.greekherald.com/news/279215330/us-saudis-strike-iran-s-allies-in-iraq-as-fighting-resumes,d99d70a926da973de2d16f98b8ed4a37,"Fighting restarts as US , Saudis strike Iran allies in Iraq",20260731T054500Z,greekherald.com,English,Greece,Strait of Hormuz,D1_초크포인트,2026-07-31
http://www.thailandnews.net/news/279215330/attacks-resume-in-the-middle-east-as-us-saudis-hit-iraq,c409bf20db46d374076c9e9964a907b6,"Fighting restarts as US , Saudis strike Iran allies in Iraq",20260731T060000Z,thailandnews.net,English,Thailand,Strait of Hormuz,D1_초크포인트,2026-07-31
http://www.ohiostandard.com/news/279215330/us-saudis-strike-iran-s-allies-in-iraq-as-fighting-resumes,382b673d437a4500aa87ccd0240176da,"Fighting restarts as US , Saudis strike Iran allies in Iraq",20260731T060000Z,ohiostandard.com,English,United States,Strait of Hormuz,D1_초크포인트,2026-07-31
http://www.dallassun.com/news/279215330/us-saudis-strike-iran-s-allies-in-iraq-as-fighting-resumes,9aa408ff1632b8c4422e18cb0c649513,"Fighting restarts as US , Saudis strike Iran allies in Iraq",20260731T054500Z,dallassun.com,English,United States,Strait of Hormuz,D1_초크포인트,2026-07-31
http://www.massachusettssun.com/news/279215330/us-saudis-strike-iran-s-allies-in-iraq-as-fighting-resumes,b526da4b7421eadbb42eadc5b3833555,"Fighting restarts as US , Saudis strike Iran allies in Iraq",20260731T054500Z,massachusettssun.com,English,United States,Strait of Hormuz,D1_초크포인트,2026-07-31
http://www.orlandoecho.com/news/279215330/us-saudis-strike-iran-s-allies-in-iraq-as-fighting-resumes,f5d2fdae69897bb56e53387b6558eb80,"Fighting restarts as US , Saudis strike Iran allies in Iraq",20260731T054500Z,orlandoecho.com,English,United States,Strait of Hormuz,D1_초크포인트,2026-07-31
http://www.newjerseytelegraph.com/news/279215330/us-saudis-strike-iran-s-allies-in-iraq-as-fighting-resumes,85e82738beeb22afa3eb645805327b65,"Fighting restarts as US , Saudis strike Iran allies in Iraq",20260731T061500Z,newjerseytelegraph.com,English,United States,Strait of Hormuz,D1_초크포인트,2026-07-31
http://www.birminghamstar.com/news/279215330/us-saudis-strike-iran-s-allies-in-iraq-as-fighting-resumes,7c8faf055e8ef37ffb8878919bae995c,"Fighting restarts as US , Saudis strike Iran allies in Iraq",20260731T051500Z,birminghamstar.com,English,United States,Strait of Hormuz,D1_초크포인트,2026-07-31
http://www.japanherald.com/news/279215330/us-saudis-strike-iran-s-allies-in-iraq-as-fighting-resumes,658e07c158e03e273a29779993907be4,"Fighting restarts as US , Saudis strike Iran allies in Iraq",20260731T051500Z,japanherald.com,English,Japan,Strait of Hormuz,D1_초크포인트,2026-07-31
http://www.asiabulletin.com/news/279215330/us-saudis-strike-iran-s-allies-in-iraq-as-fighting-resumes,f2aa8a6388845b14dda989aaab59b114,"Fighting restarts as US , Saudis strike Iran allies in Iraq",20260731T053000Z,asiabulletin.com,English,China,Strait of Hormuz,D1_초크포인트,2026-07-31
http://www.sanantoniopost.com/news/279215330/us-saudis-strike-iran-s-allies-in-iraq-as-fighting-resumes,8b06055d0be791414b522dd2b3218ec3,"Fighting restarts as US , Saudis strike Iran allies in Iraq",20260731T053000Z,sanantoniopost.com,English,United States,Strait of Hormuz,D1_초크포인트,2026-07-31
http://www.phoenixherald.com/news/279215330/us-saudis-strike-iran-s-allies-in-iraq-as-fighting-resumes,b5dae8437527ca9010d5b6d7469e0b47,"Fighting restarts as US , Saudis strike Iran allies in Iraq",20260731T053000Z,phoenixherald.com,English,United States,Strait of Hormuz,D1_초크포인트,2026-07-31
http://www.bignewsnetwork.com/news/279215330/fighting-restarts-as-us-saudis-strike-irans-allies-in-iraq,2815202e8d63340513765cf705278ab9,"Fighting restarts as US , Saudis strike Iran allies in Iraq",20260731T053000Z,bignewsnetwork.com,English,United States,Strait of Hormuz,D1_초크포인트,2026-07-31
http://www.jamaicantimes.com/news/279215330/us-saudis-strike-iran-s-allies-in-iraq-as-fighting-resumes,586bd5ed0b2d03479dede2da0f99e7cf,"Fighting restarts as US , Saudis strike Iran allies in Iraq",20260731T053000Z,jamaicantimes.com,English,Jamaica,Strait of Hormuz,D1_초크포인트,2026-07-31
http://www.newyorkstatesman.com/news/279215330/us-saudis-strike-iran-s-allies-in-iraq-as-fighting-resumes,87882016d1d58f271d295a2d6e4281ad,"Fighting restarts as US , Saudis strike Iran allies in Iraq",20260731T053000Z,newyorkstatesman.com,English,United States,Strait of Hormuz,D1_초크포인트,2026-07-31
http://www.bostonstar.com/news/279215330/us-saudis-strike-iran-s-allies-in-iraq-as-fighting-resumes,a1f83d34dca9ce88960bd97c700bc7ec,"Fighting restarts as US , Saudis strike Iran allies in Iraq",20260731T053000Z,bostonstar.com,English,United States,Strait of Hormuz,D1_초크포인트,2026-07-31
http://www.nigeriasun.com/news/279215330/us-saudis-strike-iran-s-allies-in-iraq-as-fighting-resumes,dc189e3af1e18dff92ec4c33b47de42e,"Fighting restarts as US , Saudis strike Iran allies in Iraq",20260731T083000Z,nigeriasun.com,English,Nigeria,Strait of Hormuz,D1_초크포인트,2026-07-31
http://www.africaleader.com/news/279215330/us-saudis-strike-iran-s-allies-in-iraq-as-fighting-resumes,bdc1bea75e63aad5dc48d4aedda702f0,"Fighting restarts as US , Saudis strike Iran allies in Iraq",20260731T083000Z,africaleader.com,English,South Africa,Strait of Hormuz,D1_초크포인트,2026-07-31
http://www.coloradostar.com/news/279215330/us-saudis-strike-iran-s-allies-in-iraq-as-fighting-resumes,92199d1b8c3fc866c1ca4245ccaeff22,"Fighting restarts as US , Saudis strike Iran allies in Iraq",20260731T084500Z,coloradostar.com,English,United States,Strait of Hormuz,D1_초크포인트,2026-07-31
http://www.londonmercury.com/news/279215330/us-saudis-strike-iran-s-allies-in-iraq-as-fighting-resumes,49961c820a8c1d65d4c65f8aedb7e97e,"Fighting restarts as US , Saudis strike Iran allies in Iraq",20260731T080000Z,londonmercury.com,English,United Kingdom,Strait of Hormuz,D1_초크포인트,2026-07-31
http://www.northkoreatimes.com/news/279215330/us-saudis-strike-iran-s-allies-in-iraq-as-fighting-resumes,097fe1b9c1a25d296d5e8bd8c03bfd06,"Fighting restarts as US , Saudis strike Iran allies in Iraq",20260731T080000Z,northkoreatimes.com,English,North Korea,Strait of Hormuz,D1_초크포인트,2026-07-31
http://www.milwaukeesun.com/news/279215330/us-saudis-strike-iran-s-allies-in-iraq-as-fighting-resumes,b8635cdeb1744c70f43c64513a718f54,"Fighting restarts as US , Saudis strike Iran allies in Iraq",20260731T083000Z,milwaukeesun.com,English,United States,Strait of Hormuz,D1_초크포인트,2026-07-31
https://www.semissourian.com/world/heres-why-new-fronts-seem-to-be-opening-up-across-the-middle-east-8eb7f90f,e190ad68fe1cb7fb097778d8b51adaeb,Here why new fronts seem to be opening up across the Middl ... ,20260731T021500Z,semissourian.com,English,United States,Strait of Hormuz,D1_초크포인트,2026-07-31
http://www.calcuttanews.net/news/279215330/attacks-resume-in-the-middle-east-as-us-saudis-hit-iraq,91836e3f53d7afe5357036b745bec0a9,"Fighting restarts as US , Saudis strike Iran allies in Iraq",20260731T064500Z,calcuttanews.net,English,India,Strait of Hormuz,D1_초크포인트,2026-07-31
http://www.zimbabwestar.com/news/279215330/us-saudis-strike-iran-s-allies-in-iraq-as-fighting-resumes,bbe00b909955371a8acbb62965c8a088,"Fighting restarts as US , Saudis strike Iran allies in Iraq",20260731T064500Z,zimbabwestar.com,English,Zimbabwe,Strait of Hormuz,D1_초크포인트,2026-07-31
http://www.iraqsun.com/news/279215330/us-saudis-strike-iran-s-allies-in-iraq-as-fighting-resumes,7a285592c5d187445f0515b63d068912,"Fighting restarts as US , Saudis strike Iran allies in Iraq",20260731T064500Z,iraqsun.com,English,Iraq,Strait of Hormuz,D1_초크포인트,2026-07-31
http://www.bangladeshsun.com/news/279215330/us-saudis-strike-iran-s-allies-in-iraq-as-fighting-resumes,347d1f1b5fe6a4f4c347f288f63a9572,"Fighting restarts as US , Saudis strike Iran allies in Iraq",20260731T061500Z,bangladeshsun.com,English,Bangladesh,Strait of Hormuz,D1_초크포인트,2026-07-31
http://www.indiagazette.com/news/279215330/us-saudis-strike-iran-s-allies-in-iraq-as-fighting-resumes,e00bb73875c8eb390bfc58f4195bd4b1,"Fighting restarts as US , Saudis strike Iran allies in Iraq",20260731T061500Z,indiagazette.com,English,India,Strait of Hormuz,D1_초크포인트,2026-07-31
http://www.israelherald.com/news/279215330/us-saudis-strike-iran-s-allies-in-iraq-as-fighting-resumes,c46521b77a90827d476ad6b225a3e497,"Fighting restarts as US , Saudis strike Iran allies in Iraq",20260731T061500Z,israelherald.com,English,Israel,Strait of Hormuz,D1_초크포인트,2026-07-31
http://www.californiatelegraph.com/news/279215330/us-saudis-strike-iran-s-allies-in-iraq-as-fighting-resumes,b07a54c94ebbbda9787acb3fe27b76d1,"Fighting restarts as US , Saudis strike Iran allies in Iraq",20260731T064500Z,californiatelegraph.com,English,United States,Strait of Hormuz,D1_초크포인트,2026-07-31
http://www.shanghainews.net/news/279215330/attacks-resume-in-the-middle-east-as-us-saudis-hit-iraq,290c2015ab0c3835a1eabef85acb489d,"Fighting restarts as US , Saudis strike Iran allies in Iraq",20260731T071500Z,shanghainews.net,English,China,Strait of Hormuz,D1_초크포인트,2026-07-31
http://www.clevelandstar.com/news/279215330/us-saudis-strike-iran-s-allies-in-iraq-as-fighting-resumes,106cd82fa2077511a44d8bf3114077ca,"Fighting restarts as US , Saudis strike Iran allies in Iraq",20260731T074500Z,clevelandstar.com,English,United States,Strait of Hormuz,D1_초크포인트,2026-07-31
http://www.taiwansun.com/news/279215330/us-saudis-strike-iran-s-allies-in-iraq-as-fighting-resumes,e0f9cde15c98ec5b759122fda880de86,"Fighting restarts as US , Saudis strike Iran allies in Iraq",20260731T074500Z,taiwansun.com,English,China,Strait of Hormuz,D1_초크포인트,2026-07-31
http://www.torontotelegraph.com/news/279215330/us-saudis-strike-iran-s-allies-in-iraq-as-fighting-resumes,87a6c34a5024bc41b500dd53b69f1fbe,"Fighting restarts as US , Saudis strike Iran allies in Iraq",20260731T053000Z,torontotelegraph.com,English,Canada,Strait of Hormuz,D1_초크포인트,2026-07-31
http://www.malaysiasun.com/news/279215330/us-saudis-strike-iran-s-allies-in-iraq-as-fighting-resumes,b0977fed83992fa04daa490b04a00abd,"Fighting restarts as US , Saudis strike Iran allies in Iraq",20260731T090000Z,malaysiasun.com,English,Malaysia,Strait of Hormuz,D1_초크포인트,2026-07-31
http://www.bruneinews.net/news/279215330/attacks-resume-in-the-middle-east-as-us-saudis-hit-iraq,192fc534e23b15fba18b619bc2e71e3c,"Fighting restarts as US , Saudis strike Iran allies in Iraq",20260731T090000Z,bruneinews.net,English,Malaysia,Strait of Hormuz,D1_초크포인트,2026-07-31
http://www.myanmarnews.net/news/279215330/attacks-resume-in-the-middle-east-as-us-saudis-hit-iraq,09fccca8dad33bc946354c6ca97fd12b,"Fighting restarts as US , Saudis strike Iran allies in Iraq",20260731T090000Z,myanmarnews.net,English,Myanmar,Strait of Hormuz,D1_초크포인트,2026-07-31
https://www.examiner.com.au/story/9321164/us-iran-trade-barrages-as-quick-resolution-hopes-dim/,ad4d7010e42855868aa729d9ae9b30af,"US , Iran trade barrages as quick resolution hopes dim",20260731T024500Z,examiner.com.au,English,Australia,Strait of Hormuz,D1_초크포인트,2026-07-31
https://www.arkansasonline.com/news/2026/jul/31/tariff-riff/,d9bb77af5ccb74f4c6aa70428f82b88b,Tariff riff | The Arkansas Democrat - Gazette - Arkansa Best News Source,20260731T081500Z,arkansasonline.com,English,United States,Strait of Hormuz,D1_초크포인트,2026-07-31
https://finance.yahoo.com/economy/articles/accounting-finance-pros-hold-dim-084957918.html,b1bf99874559d28e4d1aecb3e0799734,Accounting and finance pros hold dim view of global economic conditions,20260731T190000Z,finance.yahoo.com,English,United States,Strait of Hormuz,D1_초크포인트,2026-07-31
https://finance.yahoo.com/economy/policy/articles/forget-fed-meeting-most-important-082600849.html,3ec53c4c7680827536e2f3d9e9afc9ca,Forget the Fed Meeting ! The Most Important Inflation Metric Is Being Released Today . ,20260731T184500Z,finance.yahoo.com,English,United States,Strait of Hormuz,D1_초크포인트,2026-07-31
https://www.theguardian.com/world/live/2026/jul/31/us-iran-war-live-updates-trump-claims-gaza-hamas-deal-middle-east-crisis-latest-news,25d6c3660b4df34a83fb1e228df4d6b4,Middle East crisis live : Trump claims Gaza deal reached ; Iran targets US bases in Kuwait,20260731T060000Z,theguardian.com,English,United Kingdom,Strait of Hormuz,D1_초크포인트,2026-07-31
https://www.manchestereveningnews.co.uk/news/motoring/motoring-news/fuel-price-new-high-uk-34386582,3e6b7f5650bedcf1fa6fc1c580173bf3,Motorists warned price of fuel has hit  new high  as families issued £88 warning,20260731T170000Z,manchestereveningnews.co.uk,English,United Kingdom,Strait of Hormuz,D1_초크포인트,2026-07-31
https://www.prokerala.com/news/articles/a1794601.html,3dc6ca2879ab04283880cfe152db34ef,"CENTCOM says US forces redirected 24 vessels , boarded two as Iran blockade tightens",20260731T024500Z,prokerala.com,English,India,Strait of Hormuz,D1_초크포인트,2026-07-31
https://www.upi.com/Top_News/World-News/2026/07/31/saudiarabia-maritime-colation-Houthi-defense/3631785473200/,387ce631cfda00d433d3e4f19b7320b6,14 nations back Saudi - led alliance against Houthi Red Sea threats,20260731T061500Z,upi.com,English,United States,Strait of Hormuz,D1_초크포인트,2026-07-31
https://www.cnbcafrica.com/2026/oil-prices-ease-as-recovering-hormuz-strait-traffic-tempers-war-premium,4f058ba7131fe067ef87549413cfa64d,Oil prices ease as recovering Hormuz Strait traffic tempers war premium,20260731T100000Z,cnbcafrica.com,English,South Africa,Strait of Hormuz,D1_초크포인트,2026-07-31
https://www.ibtimes.com/oil-companies-see-record-profits-q2-exxon-mobil-chevron-are-among-those-benefiting-iran-war-3805935,c8a32e4261ae4bacbb03ac18658312d3,Oil Companies See Record Profits In Q2 . Exxon Mobil And Chevron Are Among Those Benefiting From Iran War,20260731T161500Z,ibtimes.com,English,United States,Strait of Hormuz,D1_초크포인트,2026-07-31
https://www.yahoo.com/news/politics/articles/few-signs-talks-between-us-132343671.html,2c0a14b98daa7fb4f49ec83d229fb40f,Trump gets conflicting messages as he seeks an exit ramp from the Iran war,20260731T180000Z,yahoo.com,English,United States,Strait of Hormuz,D1_초크포인트,2026-07-31
https://www.illawarramercury.com.au/story/9321164/us-iran-trade-barrages-as-quick-resolution-hopes-dim/,3cbd1beb5cf30e5204552a7fdb2c9abf,"US , Iran trade barrages as quick resolution hopes dim",20260731T024500Z,illawarramercury.com.au,English,Australia,Strait of Hormuz,D1_초크포인트,2026-07-31
https://www.finanzen.ch/nachrichten/aktien/bargain-hunting-may-boost-thai-stock-market-1036388955,e93407bce3d8a0ad206608fced3a3bd3,Bargain Hunting May Boost Thai Stock Market,20260731T024500Z,finanzen.ch,English,Switzerland,Strait of Hormuz,D1_초크포인트,2026-07-31
https://www.finanzen.ch/nachrichten/aktien/china-stock-market-may-remain-rangebound-on-friday-1036388876,54a1773778e4730c225d67426af4e91c,China Stock Market May Remain Rangebound On Friday,20260731T013000Z,finanzen.ch,English,Switzerland,Strait of Hormuz,D1_초크포인트,2026-07-31
https://www.ibtimes.com.au/trump-camp-david-cabinet-meeting-iran-conflict-1873311,30beb1b3852e59e850719ee71cc6085f,Trump Holds Cabinet Meeting at Camp David as Widening Iran War Shows No Sign of Ending Any Time Soon,20260731T170000Z,ibtimes.com.au,English,Australia,Strait of Hormuz,D1_초크포인트,2026-07-31
https://timesofindia.indiatimes.com/business/india-business/samudra-manthan-cabinet-approves-rs-84084-cr-scheme-for-oil-gas-exploration-top-things-to-know/articleshow/132765198.cms,204b6699bcad046f121433e4de0e6d24,"  Samudra Manthan : Cabinet approves Rs 84 , 084 cr scheme for oil & gas exploration - top things to know",20260731T114500Z,timesofindia.indiatimes.com,English,India,Strait of Hormuz,D1_초크포인트,2026-07-31
https://www.ibtimes.co.in/pm-modi-directs-all-out-efforts-safeguard-interests-indian-citizens-amid-west-asia-conflict-904318,1424a8fdd49161176fab831bb32fb335,PM Modi directs all - out efforts to safeguard interests of Indian citizens amid West Asia conflict,20260731T101500Z,ibtimes.co.in,English,India,Strait of Hormuz,D1_초크포인트,2026-07-31
https://wnyc.org/npr/nx-s1-5913851,03582b76d1171b6f2af34f6f9b3170a0,"Mortgage rates hit their highest level in a year , driven by war and inflation concerns",20260731T000000Z,wnyc.org,English,United States,Strait of Hormuz,D1_초크포인트,2026-07-31
https://www.finanznachrichten.de/nachrichten-2026-07/69177074-china-stock-market-may-remain-rangebound-on-friday-020.htm,9459bc27c97467daba13de1bcc50ecc1,China Stock Market May Remain Rangebound On Friday,20260731T021500Z,finanznachrichten.de,English,Germany,Strait of Hormuz,D1_초크포인트,2026-07-31
https://katu.com/news/nation-world/report-iran-to-buy-60m-70m-in-chinese-shoulder-fired-air-defense-missiles-oil-strait-hormuz-pete-hegseth-nato-president-xi-jinping,bf67c8c9d86906a9d6323cfc1d6f5635,REPORT | Iran to buy $60M - $70M in Chinese shoulder - fired air defense missiles,20260731T014500Z,katu.com,English,United States,Strait of Hormuz,D1_초크포인트,2026-07-31
https://english.news.cn/20260731/f8a80051eef24fdd943665f94f3ebba3/c.html,efc19881c8d573aa88b3c9248754e8af,WTO says global goods trade growth exceeds expectations in Q1 - Xinhua,20260731T150000Z,english.news.cn,English,,Strait of Hormuz,D1_초크포인트,2026-07-31
https://wwmt.com/news/nation-world/report-iran-to-buy-60m-70m-in-chinese-shoulder-fired-air-defense-missiles-oil-strait-hormuz-pete-hegseth-nato-president-xi-jinping,ef638afb3835afddc1d98990e7f44d75,REPORT | Iran to buy $60M - $70M in Chinese shoulder - fired air defense missiles,20260731T013000Z,wwmt.com,English,United States,Strait of Hormuz,D1_초크포인트,2026-07-31
https://www.moneycontrol.com/news/business/earnings/ioc-raises-500-million-under-rbi-s-concessional-swap-window-eyes-more-overseas-borrowing-13990558.html,9fda835c8d09b754cd41417583faf3e6,"IOC raises $500 million under RBI concessional swap window , eyes more overseas borrowing",20260731T174500Z,moneycontrol.com,English,India,Strait of Hormuz,D1_초크포인트,2026-07-31
https://www.theepochtimes.com/world/us-sanctions-global-network-supporting-irans-mahan-air-and-irgc-6069616,6923ca7f008205a13a6ea4c475370c25,US Sanctions Global Network Supporting Iran Mahan Air and IRGC,20260731T023000Z,theepochtimes.com,English,United States,Strait of Hormuz,D1_초크포인트,2026-07-31
https://abc6onyourside.com/news/nation-world/report-iran-to-buy-60m-70m-in-chinese-shoulder-fired-air-defense-missiles-oil-strait-hormuz-pete-hegseth-nato-president-xi-jinping,2a2147b7d2847435cca27dd261db43ee,REPORT | Iran to buy $60M - $70M in Chinese shoulder - fired air defense missiles,20260731T000000Z,abc6onyourside.com,English,United States,Strait of Hormuz,D1_초크포인트,2026-07-31
https://www.prokerala.com/news/articles/a1794741.html,dad6b0bb0ec0bb9d79aa4afc867d1b79,"Without ethanol blending , petrol price could have hit Rs 125 per litre : Govt",20260731T103000Z,prokerala.com,English,India,crude oil,D2_품목,2026-07-31
https://news.am/en/news/1052622,a806031f4a49c56c99216eea57e07cc5,Oil prices falling amid signs of crude being extracted in Persian Gulf region continues being supplied to global market despite ongoing US - Iran military conflict,20260731T103000Z,news.am,English,Armenia,crude oil,D2_품목,2026-07-31
https://www.ibtimes.co.in/without-ethanol-blending-petrol-price-could-have-hit-rs-125-per-litre-904334,f563d7398bdf94705b4a22b3fb596393,"Without ethanol blending , petrol price could have hit Rs 125 per litre",20260731T143000Z,ibtimes.co.in,English,India,crude oil,D2_품목,2026-07-31
https://www.finanznachrichten.de/nachrichten-2026-07/69186846-u-s-stocks-lack-direction-as-early-buying-interest-evaporates-020.htm,6048f8ed98a586cef2d07d696e622d3e,U . S . Stocks Lack Direction As Early Buying Interest Evaporates,20260731T161500Z,finanznachrichten.de,English,Germany,crude oil,D2_품목,2026-07-31
https://www.manilatimes.net/2026/07/31/tmt-newswire/globenewswire/parex-resources-announces-q2-2026-results-highlights-strong-july-production-reaffirms-step-change-guidance-and-declares-q3-2026-dividend/2395569,47fbf38371bb698fecfa17f046ccdc56,"Parex Resources Announces Q2 2026 Results , Highlights Strong July Production , Reaffirms Step - Change Guidance , and Declares Q3 2026 Dividend",20260731T010000Z,manilatimes.net,English,Philippines,crude oil,D2_품목,2026-07-31
https://fortune.com/article/price-of-oil-07-31-2026/,52491f2b424728e27d2a9c99a3f00b70,"Current price of oil as of July 31 , 2026",20260731T133000Z,fortune.com,English,United States,crude oil,D2_품목,2026-07-31
https://gcaptain.com/oil-spill-from-shadow-fleet-tanker-spreading-off-oman-satellite-images-show/,2bfc1270923ca75352b78bddf73e51bd,"Oil Spill from Shadow Fleet Tanker Spreading Off Oman , Satellite Images Show",20260731T184500Z,gcaptain.com,English,United States,crude oil,D2_품목,2026-07-31
https://www.nzherald.co.nz/business/us-refiners-see-billions-in-profits-from-global-fuel-crunch/premium/THCGZMT5AVHHHLVTRGTSOI6OQE/,fa1c63c6497eb79781076ed59e4a8a21,US refiners see billions in profits from global fuel crunch,20260731T021500Z,nzherald.co.nz,English,New Zealand,crude oil,D2_품목,2026-07-31
https://seekingalpha.com/news/4622640-chevron-posts-highest-quarterly-profit-in-six-years-topping-analyst-estimates,e2bf970298a265000affc3ec7a0454da,"Chevron posts highest quarterly profit in six years , topping analyst estimates ( CVX : NYSE ) ",20260731T150000Z,seekingalpha.com,English,United States,crude oil,D2_품목,2026-07-31
https://montrealgazette.com/press-releases/globe-newswire/parex-resources-announces-q2-2026-results-highlights-strong-july-production-reaffirms-step-change-guidance-and-declares-q3-2026-dividend/,292b9959358681ece7ae38ac04d26d0e,"Parex Resources Announces Q2 2026 Results , Highlights Strong July Production , Reaffirms Step - Change Guidance , and Declares Q3 2026 Dividend",20260731T010000Z,montrealgazette.com,English,Canada,crude oil,D2_품목,2026-07-31
https://thestarphoenix.com/press-releases/globe-newswire/parex-resources-announces-q2-2026-results-highlights-strong-july-production-reaffirms-step-change-guidance-and-declares-q3-2026-dividend/,6987a1f084283ab42f832df1641eeee2,"Parex Resources Announces Q2 2026 Results , Highlights Strong July Production , Reaffirms Step - Change Guidance , and Declares Q3 2026 Dividend",20260731T023000Z,thestarphoenix.com,English,Canada,crude oil,D2_품목,2026-07-31
https://www.livemint.com/market/stock-market-news/us-stock-market-today-s-p-500-nasdaq-futures-extend-rally-on-strong-tech-earnings-amazon-up-13-11785494861045.html,66059c32c2604a91b266127d8d5b0ea1,"US stock market today : S & P 500 , Nasdaq futures extend rally on strong tech earnings ; Amazon up 13 % ",20260731T130000Z,livemint.com,English,India,crude oil,D2_품목,2026-07-31
https://oilprice.com/Latest-Energy-News/World-News/Six-Saudi-Oil-Tankers-Reroute-Around-Africa-to-Dodge-Houthi-Threat.html,43558f591398a2b92d31147ed53e0e40,Six Saudi Oil Tankers Reroute Around Africa to Dodge Houthi Threat,20260731T140000Z,oilprice.com,English,United States,crude oil,D2_품목,2026-07-31
https://leaderpost.com/press-releases/globe-newswire/parex-resources-announces-q2-2026-results-highlights-strong-july-production-reaffirms-step-change-guidance-and-declares-q3-2026-dividend/,76dedee870adf029a971f51d85beb743,"Parex Resources Announces Q2 2026 Results , Highlights Strong July Production , Reaffirms Step - Change Guidance , and Declares Q3 2026 Dividend",20260731T004500Z,leaderpost.com,English,Canada,crude oil,D2_품목,2026-07-31
https://leadership.ng/nnpc-posts-n535bn-profits-for-june-as-petrol-station-availability-drops-to-53/,73df09571429e6f15191ddf2600cd4fe,"NNPC Posts N535bn Profits For June , As Petrol Station Availability Drops To 53 % ",20260731T124500Z,leadership.ng,English,Nigeria,crude oil,D2_품목,2026-07-31
https://arynews.tv/petrol-price-in-pakistan-for-august-1-2026,0b35d522224c32770391ca1b74e1eee6,"Petrol price in Pakistan for August 1 , 2026",20260731T194500Z,arynews.tv,English,Pakistan,crude oil,D2_품목,2026-07-31
https://finance.yahoo.com/markets/stocks/articles/stocks-tumble-chipmakers-plunge-oil-152555965.html,ddfdce487299c1e440fd46bf1b7b5b3d,"Stocks Tumble as Chipmakers Plunge , Oil Spikes",20260731T030000Z,finance.yahoo.com,English,United States,crude oil,D2_품목,2026-07-31
https://www.finanznachrichten.de/nachrichten-2026-07/69185478-chip-giants-lead-market-rally-020.htm,b7603bd5e6c710a536c35a04b83df7c0,Chip Giants Lead Market Rally,20260731T140000Z,finanznachrichten.de,English,Germany,crude oil,D2_품목,2026-07-31
https://www.bnnbloomberg.ca/business/2026/07/31/tech-basic-materials-weigh-on-sptsx-composite-us-markets-up/,4496cb9dc4743eb8c19bb6ac02135004,"Tech , basic materials weigh on S & P / TSX composite ; U . S . markets up",20260731T184500Z,bnnbloomberg.ca,English,Canada,crude oil,D2_품목,2026-07-31
https://finance.yahoo.com/markets/commodities/articles/cotton-falling-lower-wednesday-172057314.html,6037396923320411dd27add200e1b923,Cotton Falling Lower on Wednesday,20260731T043000Z,finance.yahoo.com,English,United States,crude oil,D2_품목,2026-07-31
https://www.bnnbloomberg.ca/business/2026/07/31/enbridge-beats-second-quarter-profit-estimates-on-higher-mainline-volumes/,ea65bd0077cf15470fad9ce3661ea99f,Enbridge beats second - quarter profit estimates,20260731T140000Z,bnnbloomberg.ca,English,Canada,crude oil,D2_품목,2026-07-31
http://www.bignewsnetwork.com/news/279217635/us-canada-energy-trade-value-falls-11-in-2025-to-usd-137-billion-eia,80decea92d3d957d5e67e40fc045ac1b,US - Canada energy trade value falls 11 % in 2025 to USD 137 billion : EIA,20260731T140000Z,bignewsnetwork.com,English,United States,crude oil,D2_품목,2026-07-31
https://gulfnews.com/world/mena/iran-says-tanker-broke-the-us-blockade-washington-says-not-true-1.500626133,62503718de872371be43ac49fc117a23,Iran says tanker  broke  the US blockade . Washington says  not true  ,20260731T020000Z,gulfnews.com,English,United Arab Emirates,crude oil,D2_품목,2026-07-31
https://montrealgazette.com/press-releases/business-wire/imperial-declares-third-quarter-2026-dividend/,f018d37a3f321a1b0fd2d3cf2c1bdc11,Imperial declares third quarter 2026 dividend,20260731T140000Z,montrealgazette.com,English,Canada,crude oil,D2_품목,2026-07-31
https://thestarphoenix.com/press-releases/business-wire/imperial-declares-third-quarter-2026-dividend/,8ab315451def4c3be8fa2581edc91867,Imperial declares third quarter 2026 dividend,20260731T123000Z,thestarphoenix.com,English,Canada,crude oil,D2_품목,2026-07-31
https://www.rttnews.com/story.aspx?Id=3674092,21379c8fb22c8e6e1e2887b0ba0f3e5c,Crude Oil Surges As U . S .- Iran Conflict Keeps Strait Of Hormuz Crisis Alive,20260731T193000Z,rttnews.com,English,United States,crude oil,D2_품목,2026-07-31
https://www.hurriyetdailynews.com/turkiyes-energy-import-bill-rises-28-8-percent-in-june-225053,afe46aed22d5db5737fd8a42d5b30ca5,Türkiye energy import bill rises 28 . 8 percent in June,20260731T124500Z,hurriyetdailynews.com,English,Turkey,crude oil,D2_품목,2026-07-31
https://dailypost.ng/2026/07/31/nnpcl-releases-financial-statement-declares-n535bn-profit-after-tax-from-n4-4tn-revenue/,22adaf6540f3c70cd1df3bef8f688c5b,"NNPCL releases financial statement , declares N535bn profit after tax from N4 . 4tn revenue",20260731T133000Z,dailypost.ng,English,Nigeria,crude oil,D2_품목,2026-07-31
https://tribuneonlineng.com/nnpc-records-n535bn-profit-after-tax-for-june-2026/,e844103eef2fe95868a235c0e06ec168,NNPC records N535bn profit after tax for June 2026,20260731T160000Z,tribuneonlineng.com,English,Nigeria,crude oil,D2_품목,2026-07-31
https://pakobserver.net/new-petrol-price-in-pakistan-for-the-weekend-with-little-relief/,9031c50c95d612db3928dd3611f4151e,New Petrol Price in Pakistan for the Weekend with little relief,20260731T193000Z,pakobserver.net,English,Pakistan,crude oil,D2_품목,2026-07-31
https://montrealgazette.com/press-releases/business-wire/imperial-announces-second-quarter-2026-financial-and-operating-results/,4668ec9e286e15134436cde3e0ea9dc9,Imperial announces second quarter 2026 financial and operating results,20260731T140000Z,montrealgazette.com,English,Canada,crude oil,D2_품목,2026-07-31
https://www.thehindubusinessline.com/markets/gift-nifty-signals-100-point-gap-up-amid-strong-global-cues/article71288852.ece,8d2529c14ff3f93553ac30245933e6f9,Stock market today : Gift Nifty signals gap - up opening as global markets rally,20260731T041500Z,thehindubusinessline.com,English,India,crude oil,D2_품목,2026-07-31
https://thestarphoenix.com/press-releases/business-wire/imperial-announces-second-quarter-2026-financial-and-operating-results/,2b9319367266f8f9ede1298cb05115b0,Imperial announces second quarter 2026 financial and operating results,20260731T123000Z,thestarphoenix.com,English,Canada,crude oil,D2_품목,2026-07-31
https://www.yumasun.com/news/aaa-gas-check-arizona-gas-prices-continue-to-climb/article_ed40119d-6b8d-4314-8eb9-d13d672393cc.html,2146896abd3f47a14f4a5ee34e4a2423,AAA Gas Check : Arizona gas prices continue to climb,20260731T061500Z,yumasun.com,English,United States,crude oil,D2_품목,2026-07-31
https://www.orissapost.com/petrol-could-have-hit-rs-125-per-liter-without-ethanol-blending-govt/,7b13b510158c2f587393b61e3bd1b6b0,Petrol could have hit Rs 125 per liter without ethanol blending : Govt,20260731T103000Z,orissapost.com,English,India,crude oil,D2_품목,2026-07-31
https://pragativadi.com/union-cabinet-clears-rs-84084-crore-samudra-manthan-scheme-for-deepwater-oil-gas-exploration/,ad57529928df546950c2ababd4e8c6a9,Samudra Manthan : A New Era for Oil Exploration - Pragativadi I Latest Odisha News in English I Breaking News,20260731T140000Z,pragativadi.com,English,India,crude oil,D2_품목,2026-07-31
https://www.thehindu.com/news/national/markets-trade-higher-in-early-deals-bajaj-finance-surges-over-6/article71289051.ece,53adedaeb41533181b40a99deb24b91e,Markets trade higher in early deals ; Bajaj Finance surges over 6 % ,20260731T054500Z,thehindu.com,English,India,crude oil,D2_품목,2026-07-31
https://economictimes.indiatimes.com/industry/energy/oil-gas/lt-energy-hydrocarbon-onshore-secures-partnership-with-petroleum-development-oman/articleshow/132757241.cms,341ff71a12bd53a48a8af316c7ff0cc0,L & T Energy Hydrocarbon Onshore secures partnership with Petroleum Development Oman,20260731T071500Z,economictimes.indiatimes.com,English,India,crude oil,D2_품목,2026-07-31
https://www.thehindu.com/business/high-taxes-on-cigarettes-hits-itc-q1-net-slips-27-to-3579-crore/article71291010.ece,d09a6daab24f1e6b35f2c09494f85832,"High taxes on cigarettes hits ITC Q1 , net slips 27 % to ₹3 , 579 crore",20260731T150000Z,thehindu.com,English,India,crude oil,D2_품목,2026-07-31
https://www.businesstoday.in/markets/stocks/story/itc-q1-results-profit-slips-16-to-rs-4394-crore-yoy-revenue-climbs-28-546547-2026-07-31,e5a3781bcd50b96ec4366d674334e5ba,"ITC Q1 results : Profit slips 16 % to Rs 4 , 394 crore YoY ; revenue climbs 28 % ",20260731T134500Z,businesstoday.in,English,India,crude oil,D2_품목,2026-07-31
https://www.tribuneindia.com/news/business/markets-trade-higher-in-early-deals-bajaj-finance-surges-over-6-per-cent/,aadb82534c566399856e6aa13a56e689,Markets trade higher in early deals ; Bajaj Finance surges over 6 per cent,20260731T061500Z,tribuneindia.com,English,India,crude oil,D2_품목,2026-07-31
https://www.westernkansasnews.com/little-change-to-national-average-pump-prices-remain-high/,f8b4a5e2fbf12618618d2ef29de261bc,"Little Change to National Average , Pump Prices Remain High – Western Kansas News",20260731T000000Z,westernkansasnews.com,English,United States,crude oil,D2_품목,2026-07-31
https://newsonjapan.com/article/150191.php,c268ea2267ca821e375b80b12aef37d2,BOJ Keeps Policy Rate Steady at Around 1 . 0 % ,20260731T061500Z,newsonjapan.com,English,Japan,crude oil,D2_품목,2026-07-31
https://indianexpress.com/article/india/narendra-modi-reviews-safety-of-seafarers-supply-chain-constraints-in-extended-ccs-meet-10811271/,676db067ca1fb620a4f72f31a63acd46,"Narendra Modi reviews safety of seafarers , supply chain constraints in extended CCS meet",20260731T000000Z,indianexpress.com,English,India,crude oil,D2_품목,2026-07-31
https://www.thehindu.com/business/markets/rupee-rises-20-paise-to-9530-against-us-dollar-in-early-trade/article71289075.ece,e77dbdd64fb1f4a290721dc581d3020d,Rupee rises 20 paise to 95 . 30 against U . S . dollar in early trade,20260731T060000Z,thehindu.com,English,India,crude oil,D2_품목,2026-07-31
https://www.theglobeandmail.com/business/article-enbridge-beats-estimates-for-second-quarter-profit-benefit-from-higher/,4b3ad43e56536f3c8f87f4b411984ff5,"Enbridge beats estimates for second - quarter profit , benefits from higher Mainline volumes",20260731T150000Z,theglobeandmail.com,English,Canada,crude oil,D2_품목,2026-07-31
https://www.prokerala.com/news/articles/a1794760.html,de1bbdecc1ef2376161f8342079a495b,India PE and VC fundraises more than double to $21 . 2 billion in Jan - June : Report,20260731T103000Z,prokerala.com,English,India,crude oil,D2_품목,2026-07-31
https://www.thehindubusinessline.com/markets/forex/rupee-rises-20-paise-to-9530-against-us-dollar-in-early-trade/article71288999.ece,e5e5170d087234879999dece9b793cd1,Rupee rises 20 paise to 95 . 30 against US dollar in early trade,20260731T044500Z,thehindubusinessline.com,English,India,crude oil,D2_품목,2026-07-31
https://www.freepressjournal.in/business/gold-prices-rise-300-to-148-lakh-per-10-gram-in-delhi-on-retail-demand,427501e65c5964e7d2b88bc18d04f8ba,Gold Prices Rise ₹300 To ₹1 . 48 Lakh Per 10 Gram In Delhi On Retail Demand,20260731T151500Z,freepressjournal.in,English,India,crude oil,D2_품목,2026-07-31
https://oilprice.com/Latest-Energy-News/World-News/Ukraine-Strikes-Lukoils-Volgograd-Refinery-as-Drone-Attacks-Resume.html,8acdb59d52813811b44db88b2f618ac5,Ukraine Strikes Lukoil Volgograd Refinery as Drone Attacks Resume,20260731T181500Z,oilprice.com,English,United States,crude oil,D2_품목,2026-07-31
https://timesofoman.com/article/175068-rupee-unlikely-to-breach-100-against-us-dollar-even-if-crude-hits-105barrel,418efa3b25721d4a321c1cddcdfc36a9,Rupee unlikely to breach 100 against US dollar even if crude hits $105 / barrel : Kotak Securities,20260731T083000Z,timesofoman.com,English,Oman,crude oil,D2_품목,2026-07-31
https://aninews.in/news/business/rupee-unlikely-to-breach-100-against-us-dollar-even-if-crude-hits-usd-105barrel-kotak-securities20260731095020/,786b3e15ed5af77c72e6128f3e5de3da,Rupee unlikely to breach 100 against US dollar even if crude hits USD 105 / barrel : Kotak Securities,20260731T061500Z,aninews.in,English,India,crude oil,D2_품목,2026-07-31
https://www.azernews.az/oil_and_gas/261801.html,3896946d8929a5dbb67d894c02a44f34,Azeri Light crude climbs to $98 . 58 per barrel,20260731T071500Z,azernews.az,English,Azerbaijan,crude oil,D2_품목,2026-07-31
https://finance.yahoo.com/markets/articles/market-minute-7-29-26-141500738.html,6906da45eeb838ded5525dd83288a6c5,"Market Minute 7 - 29 - 26 - Wall Street Waits on Warsh , While Oil Spikes",20260731T023000Z,finance.yahoo.com,English,United States,crude oil,D2_품목,2026-07-31
https://economictimes.indiatimes.com/markets/stocks/earnings/itc-q1-results-standalone-profit-falls-27-yoy-to-rs-3579-crore-but-revenue-grows-28/articleshow/132765792.cms,66e6c32db448fbd889af517b1b0c08bd,"ITC Q1 Results : Standalone profit falls 27 % YoY to Rs 3 , 579 crore , but revenue grows 28 % ",20260731T120000Z,economictimes.indiatimes.com,English,India,crude oil,D2_품목,2026-07-31
https://www.thehindu.com/business/markets/markets-extend-rally-to-third-day-bajaj-finance-surges-over-8/article71290071.ece,e19240d062ac0cdf2508fa9155051e68,Markets extend rally to third day ; Bajaj Finance surges over 8 % ,20260731T114500Z,thehindu.com,English,India,crude oil,D2_품목,2026-07-31
https://www.businesstoday.in/india/story/why-bloomberg-isnt-ready-to-add-indian-bonds-yet-despite-sweeping-market-reforms-546625-2026-07-31,c605e527e62b430f2c233d5f296ca47a,Why Bloomberg isnt ready to add Indian bonds yet despite sweeping market reforms,20260731T160000Z,businesstoday.in,English,India,crude oil,D2_품목,2026-07-31
https://www.freepressjournal.in/business/sensex-nifty-trade-marginally-higher-as-financial-stocks-offset-it-sector-decline,686dc6223470e922f2ee6d22338aabb0,"Sensex , Nifty Trade Marginally Higher As Financial Stocks Offset IT Sector Decline",20260731T053000Z,freepressjournal.in,English,India,crude oil,D2_품목,2026-07-31
https://www.thenationalnews.com/business/energy/2026/07/31/adnoc-to-shift-pricing-benchmark-to-platts-dubai-amid-evolving-market-conditions/,0c551e69d5292591ab3e89ebd6f6e402,Adnoc to shift pricing benchmark to Platts Dubai amid evolving market conditions,20260731T181500Z,thenationalnews.com,English,,crude oil,D2_품목,2026-07-31
https://finance.yahoo.com/markets/stocks/articles/u-futures-hold-steady-investors-131748806.html,0a3f834d09d98f52dbdca8bbb82841a3,"U . S . Futures Hold Steady as Investors Await Federal Reserve Decision : Dow Jones , S & P , Nasdaq , Wall Street",20260731T013000Z,finance.yahoo.com,English,United States,crude oil,D2_품목,2026-07-31
https://www.winnipegfreepress.com/business/2026/07/31/tech-basic-materials-weigh-on-sp-tsx-composite-u-s-markets-up,9ef1530f60397b6eb35989437d7fef4b,"Tech , basic materials weigh on S & P / TSX composite ; U . S . markets up – Winnipeg Free Press",20260731T160000Z,winnipegfreepress.com,English,Canada,crude oil,D2_품목,2026-07-31
https://www.thehindubusinessline.com/companies/indian-oil-reports-net-loss-of-1141-crore-in-q1-raises-500-million-under-rbi-swap-window/article71291695.ece,41f8dbad3fc0c77163fa7635a7aebf32,"Indian Oil reports net loss of ₹1 , 141 crore in Q1 ; raises $500 million under RBI swap window",20260731T183000Z,thehindubusinessline.com,English,India,crude oil,D2_품목,2026-07-31
https://www.moneycontrol.com/news/business/markets/daily-voice-will-markets-wait-for-a-us-iran-peace-deal-axis-amc-s-hitesh-zaveri-answers-13989456.html,e0d4e1219bcce9f695ee42776116f74d,Daily Voice : Will markets wait for a US - Iran peace deal ? Axis AMC Hitesh Zaveri answers,20260731T034500Z,moneycontrol.com,English,India,crude oil,D2_품목,2026-07-31
https://www.thehindubusinessline.com/markets/sensex-nifty-open-flat-amid-global-tech-rally-financials-surge-it-bleeds/article71288978.ece,c251143f546643f9ad46faeb82e2c799,"Sensex , Nifty open flat amid global tech rally ; Financials surge , IT bleeds",20260731T044500Z,thehindubusinessline.com,English,India,crude oil,D2_품목,2026-07-31
https://thefrontierpost.com/profits-surge-at-us-oil-giant-amid-iran-war-supply-shock/,7a1017a003d19d88838f146f7c401c2b,Profits surge at US oil giant amid Iran war supply shock,20260731T193000Z,thefrontierpost.com,English,Pakistan,crude oil,D2_품목,2026-07-31
https://www.financialmirror.com/2026/07/31/wti-drifts-lower-to-80-amid-gradual-increase-in-hormuz-traffic/,9d06a9070e56af3083fc37405bcff16e,WTI drifts lower to $80 amid gradual increase in Hormuz traffic,20260731T141500Z,financialmirror.com,English,China,crude oil,D2_품목,2026-07-31
https://aninews.in/news/business/nifty-sensex-open-higher-as-fii-buying-offsets-global-volatility-it-stocks-drag20260731093048/,0f01ef1da20ac0daab6b55b3ed8ecd99,"Nifty , Sensex open higher as FII buying offsets global volatility , IT stocks drag",20260731T061500Z,aninews.in,English,India,crude oil,D2_품목,2026-07-31
https://www.mpoc.org.my/palm-opens-lower-on-weaker-rival-oils-crude-oil-prices/,80c51426cd2d448b3f4810271804e307,"Palm opens lower on weaker rival oils , crude oil prices – MPOC",20260731T033000Z,mpoc.org.my,English,Malaysia,crude oil,D2_품목,2026-07-31
https://www.moneycontrol.com/news/business/cabinet-nod-likely-today-for-rs-84-000-crore-deep-sea-oil-gas-exploration-programme-13990007.html,d6e768ac0916351f980e154cd57c92c0,"Cabinet nod likely today for Rs 84 , 000 - crore deep - sea oil & gas exploration programme",20260731T084500Z,moneycontrol.com,English,India,crude oil,D2_품목,2026-07-31
https://www.newkerala.com/news/a/rupee-unlikely-breach-100-against-us-dollar-even-355.htm,35498ee3a0a969fbcf0c6ab848535b36,Rupee Unlikely to Hit 100 vs USD Even at $105 Crude : Kotak,20260731T050000Z,newkerala.com,English,India,crude oil,D2_품목,2026-07-31
https://www.theyeshivaworld.com/news/general/2580907/average-30-year-us-mortgage-rate-rises-to-highest-level-in-a-year-at-6-66.html,e57b9bf68c60e89a4cb074c9e744b29b,Average 30 - Year US Mortgage Rate Rises To Highest Level In A Year At 6 . 66 % ,20260731T034500Z,theyeshivaworld.com,English,United States,crude oil,D2_품목,2026-07-31
https://www.finanzen.ch/nachrichten/aktien/australian-market-significantly-higher-1036388877,40fc00b80f9df58c8979dce249293278,Australian Market Significantly Higher,20260731T013000Z,finanzen.ch,English,Switzerland,crude oil,D2_품목,2026-07-31
https://www.wral.com/news/ap/9375f-oil-companies-are-expected-to-reap-big-profits-because-of-us-iran-conflict/,f8439230444e2479a2dde9a36bb4ffa8,Oil companies are expected to reap big profits because of US - Iran conflict,20260731T061500Z,wral.com,English,United States,crude oil,D2_품목,2026-07-31
https://www.livemint.com/market/stock-market-news/stock-market-today-gift-nifty-hints-a-flat-to-positive-start-five-day-trading-stocks-to-buy-on-friday-31-july-11785463578854.html,118b32b3da49edd476a25accb860dcea,"Stock market today : Gift Nifty hints a flat - to - positive start ; five day trading stocks to buy on Friday , 31 July",20260731T041500Z,livemint.com,English,India,crude oil,D2_품목,2026-07-31
https://www.newkerala.com/news/a/indian-oil-posts-q1-net-loss-rs-2661-836.htm,625f28e3e5440b97c1668fe468d48d36,"Indian Oil Q1 Net Loss Rs 2 , 661 Cr on Crude Costs",20260731T161500Z,newkerala.com,English,India,crude oil,D2_품목,2026-07-31
https://www.adn.com/business-economy/energy/2026/07/31/major-oil-companies-reap-massive-profits-as-us-and-iran-fighting-drives-energy-prices-higher/,dee19275c883312d255b0eb1c5edcf19,Major oil companies reap massive profits as US and Iran fighting drives energy prices higher,20260731T150000Z,adn.com,English,United States,crude oil,D2_품목,2026-07-31
http://www.thegazette.com/news/national/major-oil-companies-reap-massive-profits-as-us-and-iran-fighting-drives-energy-prices-higher/article_4f0ab690-b983-58b5-a649-59389a96af5f.html,a4153ac38aae9959b817db32f16f1d84,Major oil companies reap massive profits as US and Iran fighting drives energy prices higher,20260731T151500Z,thegazette.com,English,United States,crude oil,D2_품목,2026-07-31
https://www.globalsecurity.org/wmd/library/news/india/2026/india-260730-india-pib01.htm,9976f35347edb66e66709ee4af645cbf,PM chairs CCS Meeting to review the situation in context of ongoing West Asia Conflict,20260731T094500Z,globalsecurity.org,English,Syria,crude oil,D2_품목,2026-07-31
https://www.winnipegfreepress.com/arts-and-life/life/greenpage/2026/07/30/oil-companies-are-expected-to-reap-big-profits-because-of-us-iran-conflict,f08a24d1dee87f5c709e47dd71122547,Oil companies are expected to reap big profits because of US - Iran conflict – Winnipeg Free Press,20260731T080000Z,winnipegfreepress.com,English,Canada,crude oil,D2_품목,2026-07-31
https://www.therecord.com/business/oil-companies-are-expected-to-reap-big-profits-because-of-us-iran-conflict/article_a64ab793-6428-5904-aa96-25f2c17f61b2.html,aa9114a8ffc443bbb2e77ebab395851a,Oil companies are expected to reap big profits because of US - Iran conflict,20260731T053000Z,therecord.com,English,Canada,crude oil,D2_품목,2026-07-31
https://timesofindia.indiatimes.com/defence/international/saudi-arabia-13-other-nations-agree-to-maritime-defence-alliance-amid-houthi-red-sea-attacks/articleshow/132754029.cms,7f8a59a62be44bae06658b579691a7ae,"Saudi Arabia , 13 other nations agree to maritime defence alliance amid Houthi Red Sea attacks",20260731T043000Z,timesofindia.indiatimes.com,English,India,crude oil,D2_품목,2026-07-31
http://global.chinadaily.com.cn/a/202607/31/WS6a6bf447a310986e2b4683ef.html,99c343ee2e1132c42ddc2dd1938d9c42,Australia mulls building new oil refinery,20260731T020000Z,global.chinadaily.com.cn,English,China,crude oil,D2_품목,2026-07-31
http://europe.chinadaily.com.cn/a/202607/31/WS6a6bf447a310986e2b4683ef.html,bcaa6287422f1f5248e8ef8346dc5897,Australia mulls building new oil refinery,20260731T030000Z,europe.chinadaily.com.cn,English,China,crude oil,D2_품목,2026-07-31
http://usa.chinadaily.com.cn/a/202607/31/WS6a6bf447a310986e2b4683ef.html,33313542ef81476ac3331845a2935585,Australia mulls building new oil refinery,20260731T021500Z,usa.chinadaily.com.cn,English,China,crude oil,D2_품목,2026-07-31
https://www.moneycontrol.com/news/business/markets/gift-nifty-rises-signals-positive-start-for-sensex-nifty-as-ai-led-rally-boosts-wall-street-asian-markets-13989609.html,4f602e4a2143be5214b85219d397d79e,"GIFT Nifty rises , signals positive start for Sensex , Nifty as AI - led rally boosts Wall Street , Asian markets",20260731T034500Z,moneycontrol.com,English,India,crude oil,D2_품목,2026-07-31
https://www.news-gazette.com/news/nation-world/major-oil-companies-reap-massive-profits-as-us-and-iran-fighting-drives-energy-prices-higher/article_be532621-e18f-51a8-82d4-56a2d57526e1.html,56f2dd95a329733fb6b8dcbef554810e,Major oil companies reap massive profits as US and Iran fighting drives energy prices higher,20260731T133000Z,news-gazette.com,English,United States,crude oil,D2_품목,2026-07-31
https://www.benzinga.com/news/politics/26/07/60827094/samsung-skhynix-spark-kospi-surge,2f855c98bf4499ec1ba5c0dc56db1a7f,"Iranian Foreign Minister Abbas Araghchi Warns of  Israeli Plot - Apple ( NASDAQ : AAPL ), Amazon . com ( NASDA",20260731T030000Z,benzinga.com,English,United States,crude oil,D2_품목,2026-07-31
https://www.finanznachrichten.de/nachrichten-2026-07/69177179-japanese-market-sharply-higher-up-5-4-020.htm,192e8730df3472387113439d4ef987fb,"Japanese Market Sharply Higher , Up 5 . 4 % ",20260731T021500Z,finanznachrichten.de,English,Germany,crude oil,D2_품목,2026-07-31
https://www.finanznachrichten.de/nachrichten-2026-07/69176652-japan-stock-market-may-extend-thursday-s-gains-020.htm,a813e27e5b0f41ee89e085c64bd8dd5b,Japan Stock Market May Extend Thursday Gains,20260731T000000Z,finanznachrichten.de,English,Germany,crude oil,D2_품목,2026-07-31
https://jp.ibtimes.com/us-mortgage-rates-hit-666-highest-year-oil-prices-stubborn-inflation-squeeze-buyers-103249,8abb436190f0821a14e52e058b1c4274,"US Mortgage Rates Hit 6 . 66 %, the Highest in a Year , as Oil Prices and Stubborn Inflation Squeeze Buyers",20260731T020000Z,jp.ibtimes.com,English,United States,crude oil,D2_품목,2026-07-31
https://www.finanzen.ch/nachrichten/aktien/japanese-market-sharply-higher-up-5-4percent-1036388929,c4e4e28027f65b9265fb8a2d96d5aee0,"Japanese Market Sharply Higher , Up 5 . 4 % ",20260731T024500Z,finanzen.ch,English,Switzerland,crude oil,D2_품목,2026-07-31
https://dailypioneer.com/news/stock-markets-end-higher-for-2nd-day-on-fii-inflows,e3634cfe6372373d32444ac889278c58,"Sensex , Nifty End Higher on Reliance , HDFC Bank Gains and FII Inflows",20260731T041500Z,dailypioneer.com,English,India,crude oil,D2_품목,2026-07-31
https://www.dailyforex.com/forex-news/2026/07/forex-today-30-july-2026/248145,8c5a601d638dc112f65a37dcc1b15ec4,Forex Today 30 / 07 : Federal Reserve Hawkish Hold,20260731T011500Z,dailyforex.com,English,United Kingdom,crude oil,D2_품목,2026-07-31
https://abcnews.com/Business/wireStory/oil-companies-expected-reap-big-profits-us-iran-135250083,88a96facc3e3138e2e6f1f07cb4346d3,Oil companies are expected to reap big profits because of US - Iran conflict,20260731T054500Z,abcnews.com,English,United States,crude oil,D2_품목,2026-07-31
https://abcnews.com/US/wireStory/oil-companies-expected-reap-big-profits-us-iran-135250080,c2f5f9582e5cc23ab357935c10c21feb,Oil companies are expected to reap big profits because of US - Iran conflict,20260731T054500Z,abcnews.com,English,United States,crude oil,D2_품목,2026-07-31
https://www.theglobeandmail.com/business/international-business/article-us-oil-companies-reap-massive-profits-as-iran-war-drives-energy-prices/,10943e2f7416880baef325db1c151c20,"Chevron , Exxon Mobil reap massive profits as Iran war drives energy prices higher",20260731T150000Z,theglobeandmail.com,English,Canada,crude oil,D2_품목,2026-07-31
https://whdh.com/news/major-oil-companies-reap-massive-profits-as-us-and-iran-fighting-drives-energy-prices-higher/,91b7b47a7a14fa775300340bcad9f0b0,"Major oil companies reap massive profits as US and Iran fighting drives energy prices higher - Boston News , Weather , Sports",20260731T123000Z,whdh.com,English,United States,crude oil,D2_품목,2026-07-31
https://www.bnnbloomberg.ca/business/economics/2026/07/31/major-oil-companies-reap-massive-profits-as-us-and-iran-war-drives-energy-prices-higher/,ac4613f69fa2348522247fd391502cb9,Iran war : Major oil companies are reaping profits from disputes,20260731T140000Z,bnnbloomberg.ca,English,Canada,crude oil,D2_품목,2026-07-31
https://www.wxii12.com/article/oil-giants-profit-iran-conflict-fuel-prices/73316594,fd640226bd4908fccae47a2e866f2979,Major oil companies reap massive profits amid US - Iran War,20260731T123000Z,wxii12.com,English,United States,crude oil,D2_품목,2026-07-31
https://finance.yahoo.com/markets/stocks/articles/procter-gamble-company-q4-2026-211020243.html,c822247753b68fbe0138cd0ee04c8ca8,The Procter & Gamble Company Q4 2026 Earnings Call Summary,20260731T084500Z,finance.yahoo.com,English,United States,crude oil,D2_품목,2026-07-31
https://www.forbes.com/sites/williampesek/2026/07/31/feds-hawkish-pivot-is-hitting-asia-hardest/,70605277646e4679d47118fa62bf95df,Fed Hawkish Pivot Is Hitting Asia Hardest,20260731T181500Z,forbes.com,English,United States,crude oil,D2_품목,2026-07-31
https://www.premiumtimesng.com/news/top-news/899806-nigerian-soldiers-killed-102-suspected-terrorists-other-criminals-in-july-rescued-393-hostages-official.html,489cd583bb7a6e59afbb731cfd0f693d,"Nigerian soldiers killed 102 suspected terrorists , other criminals in July , rescued 393 hostages",20260731T184500Z,premiumtimesng.com,English,Nigeria,crude oil,D2_품목,2026-07-31
https://www.kcra.com/article/oil-giants-profit-iran-conflict-fuel-prices/73316594,e3e9337d3061f792fdbd71a50292af8a,Major oil companies reap massive profits amid US - Iran War,20260731T174500Z,kcra.com,English,United States,crude oil,D2_품목,2026-07-31
https://www.hellenicshippingnews.com/u-s-strategic-petroleum-reserve-faces-stress-as-emergency-releases-strain-old-infrastructure/,07317c725f29bdfff3039fa78a6045c2,U . S . Strategic Petroleum Reserve faces stress as emergency releases strain old infrastructure,20260731T140000Z,hellenicshippingnews.com,English,China,crude oil,D2_품목,2026-07-31
https://dailypioneer.com/news/indias-gold-demand-falls-6-in-april-june,61a5de3fc5c98949263f4dc0eecc0505,India Gold Demand Falls 6 % in Q2 2026 Amid High Prices and Duty Hike : WGC,20260731T041500Z,dailypioneer.com,English,India,crude oil,D2_품목,2026-07-31
https://www.weau.com/2026/07/31/major-oil-companies-reap-massive-profits-us-iran-fighting-drives-energy-prices-higher/,4bbfbfd33804904d18492fd517f3531c,Major oil companies reap massive profits as US and Iran fighting drives energy prices higher,20260731T184500Z,weau.com,English,United States,crude oil,D2_품목,2026-07-31
https://www.rttnews.com/3674022/chip-giants-lead-market-rally.aspx,4c1dd67501a5f65216cb7db7182d963e,Chip Giants Lead Market Rally,20260731T151500Z,rttnews.com,English,United States,crude oil,D2_품목,2026-07-31
https://nineoclock.ro/romanian-news-nine-oclocks-top-stories-in-brief-july-30-2026/,5f8def6132c844a5a947dbdb9dc4ce07,"Romanian News : Nine OClock Top Stories in Brief – July 30 , 2026 – Nine O  Clock – first exclusively daily publication to appear in English language in Romania",20260731T184500Z,nineoclock.ro,English,Romania,crude oil,D2_품목,2026-07-31
https://www.rttnews.com/story.aspx?Id=3673448,f2f8fa508cad27822fa8720dc62880eb,Asian Markets Track Wall Street Higher,20260731T080000Z,rttnews.com,English,United States,crude oil,D2_품목,2026-07-31
https://www.rttnews.com/3673448/asian-markets-track-wall-street-higher.aspx,9babfd552b373854841a209b25cd850f,Asian Markets Track Wall Street Higher,20260731T034500Z,rttnews.com,English,United States,crude oil,D2_품목,2026-07-31
https://www.rttnews.com/3674089/gold-slumps-amid-diminishing-signs-of-near-term-u-s-iran-truce-profit-taking.aspx,99c1190cc4ae755eebd2d559206f0280,"Gold Slumps Amid Diminishing Signs Of Near - Term U . S .- Iran Truce , Profit Taking",20260731T180000Z,rttnews.com,English,United States,crude oil,D2_품목,2026-07-31
https://www.rttnews.com/story.aspx?Id=3674089,90bb1d82245b56d53e1f747e2192b0df,"Gold Slumps Amid Diminishing Signs Of Near - Term U . S .- Iran Truce , Profit Taking",20260731T193000Z,rttnews.com,English,United States,crude oil,D2_품목,2026-07-31
https://www.denverpost.com/2026/07/31/oil-companies-profits-iran-war-gas-prices/,1d2f83bbf16b81454924f191433278e9,Major oil companies reap massive profits amid US - Iran fighting,20260731T123000Z,denverpost.com,English,United States,crude oil,D2_품목,2026-07-31
https://www.sun-sentinel.com/2026/07/31/oil-companies-profits-iran-war-gas-prices/,5026ef1e636a11c0854d57a84f7f15fb,Major oil companies reap massive profits amid US - Iran fighting,20260731T114500Z,sun-sentinel.com,English,United States,crude oil,D2_품목,2026-07-31
https://www.pilotonline.com/2026/07/31/oil-companies-profits-iran-war-gas-prices/,c44a3616f07341d0072ac08738fcab1c,Major oil companies reap massive profits amid US - Iran fighting,20260731T154500Z,pilotonline.com,English,United States,crude oil,D2_품목,2026-07-31
https://www.newkerala.com/news/a/nifty-sensex-open-higher-as-fii-buying-offsets-756.htm,e5eed546725df1cf60e109d5bf3069fb,"Sensex , Nifty Rise on FII Buying ; IT Stocks Fall",20260731T050000Z,newkerala.com,English,India,crude oil,D2_품목,2026-07-31
https://www.finanzen.ch/nachrichten/aktien/asian-markets-track-wall-street-higher-1036389213,201df9948053282b3fb72bb4c0b8c86a,Asian Markets Track Wall Street Higher,20260731T041500Z,finanzen.ch,English,Switzerland,crude oil,D2_품목,2026-07-31
https://www.mcall.com/2026/07/31/oil-companies-profits-iran-war-gas-prices/,0be99941743986eec3bc9ade012aadad,Major oil companies reap massive profits amid US - Iran fighting,20260731T183000Z,mcall.com,English,United States,crude oil,D2_품목,2026-07-31
http://europe.chinadaily.com.cn/a/202607/30/WS6a6b700ca310986e2b46836b.html,2a166d284923816f8d7c4b8b85338d57,U unilateral sanctions about leveraging engineered volatility for hegemonic profit : China Daily editorial,20260731T011500Z,europe.chinadaily.com.cn,English,China,crude oil,D2_품목,2026-07-31
http://usa.chinadaily.com.cn/a/202607/30/WS6a6b700ca310986e2b46836b.html,e856307c6a91e80db99eb030b4a97927,U unilateral sanctions about leveraging engineered volatility for hegemonic profit : China Daily editorial,20260731T011500Z,usa.chinadaily.com.cn,English,China,crude oil,D2_품목,2026-07-31
https://www.theepochtimes.com/us/us-homebuying-demand-falls-as-mortgage-rates-hit-one-year-high-6069730,46387e22d1f0b5405c5cc1742615b1e2,US Homebuying Demand Falls as Mortgage Rates Hit One - Year High,20260731T141500Z,theepochtimes.com,English,United States,crude oil,D2_품목,2026-07-31
https://cointelegraph.com/markets/boj-intervenes-to-defend-yen-near-160-holds-rates-steady,2ff86d41588b66eb0893b80a528e50f2,Japan rate pause comes as yen crosses key 160 level,20260731T161500Z,cointelegraph.com,English,China,crude oil,D2_품목,2026-07-31
https://allafrica.com/stories/202607310207.html,d9b3da629e1a4c1d3228ba2550231acc,"Nigeria : Climate Crisis - Aiyetoro Monarch , Residents Seek FG Rescue As Ocean Surge Worsens",20260731T124500Z,allafrica.com,English,Nigeria,crude oil,D2_품목,2026-07-31
https://www.dailynews.com/2026/07/31/oil-companies-profits-iran-war-gas-prices/,70de08ac360d272fe16e4f853c284439,Major oil companies reap massive profits amid US - Iran fighting,20260731T121500Z,dailynews.com,English,United States,crude oil,D2_품목,2026-07-31
https://www.durangoherald.com/articles/associated-press/oil-companies-are-expected-to-reap-big-profits-because-of-us-iran-conflict/,a002c43e2e8aa0c8e11a9267a5daaa18,Major oil companies reap massive profits as US and Iran fighting drives energy prices higher,20260731T130000Z,durangoherald.com,English,United States,crude oil,D2_품목,2026-07-31
https://www.dailypress.com/2026/07/31/oil-companies-profits-iran-war-gas-prices/,0d7915c2214a2e4fdc398224277d9be0,Major oil companies reap massive profits amid US - Iran fighting,20260731T151500Z,dailypress.com,English,United States,crude oil,D2_품목,2026-07-31
https://www.thetimes-tribune.com/2026/07/31/oil-companies-profits-iran-war-gas-prices/,46262c4cbb2ad7610dd7a81855f8b5a6,Major oil companies reap massive profits amid US - Iran fighting,20260731T114500Z,thetimes-tribune.com,English,United States,crude oil,D2_품목,2026-07-31
https://www.shippingtribune.com/news/shipping/Oil+Heads+for+Strong+Monthly+Advance,54a29e5f1c793e0acb660d23a31baf3e,Shipping Tribune,20260731T053000Z,shippingtribune.com,English,India,crude oil,D2_품목,2026-07-31
https://www.moneycontrol.com/news/business/bloomberg-index-inclusion-deferral-reflects-high-operational-bar-not-macro-weakness-economists-13990504.html,c88a27e6ea105b3ee9b68d07123c2da1,"Bloomberg Index inclusion deferral reflects high operational bar , not macro weakness : Economists",20260731T160000Z,moneycontrol.com,English,India,crude oil,D2_품목,2026-07-31
https://punchng.com/imported-petrol-now-costs-more-than-dangote-fuel-report/,a309f19b4696ae4665cbcaa9357218cf,Petrol import cost now higher than Dangote fuel price,20260731T020000Z,punchng.com,English,Nigeria,crude oil,D2_품목,2026-07-31
https://www.theepochtimes.com/us/us-consumer-sentiment-blows-past-expectations-in-july-6069812,c6377c45ccf70f30f36f61797aac73bd,US Consumer Sentiment Blows Past Expectations in July,20260731T160000Z,theepochtimes.com,English,United States,crude oil,D2_품목,2026-07-31
https://www.capitalgazette.com/2026/07/31/oil-companies-profits-iran-war-gas-prices/,95edc6f6c01e5c97a76a7a5f59886094,Major oil companies reap massive profits amid US - Iran fighting,20260731T123000Z,capitalgazette.com,English,United States,crude oil,D2_품목,2026-07-31
https://www.dailypolitical.com/2026/07/31/investment-analysts-weekly-ratings-changes-for-phillips-66-psx.html,ee8c83e41ee81323f346482f825127bf,Investment Analyst Weekly Ratings Changes for Phillips 66 ( PSX ) ,20260731T181500Z,dailypolitical.com,English,United States,crude oil,D2_품목,2026-07-31
https://www.rediff.com/business/report/indias-gold-demand-drops-6-in-q2-2026-due-to-higher-customs-duty-pm-modis-appeal/20260731.htm,3ef1a003d63ec4dfc4233b64d0ee7a2e,"India Gold Demand Drops 6 % in Q2 2026 Due to Higher Customs Duty , PM Modi Appeal",20260731T030000Z,rediff.com,English,India,crude oil,D2_품목,2026-07-31
https://punchng.com/africa-needs-independent-fuel-pricing-benchmark-says-nmdpra/,0f57b4dbea7606246baa58de20610003,"Africa needs independent fuel pricing benchmark , says NMDPRA",20260731T020000Z,punchng.com,English,Nigeria,crude oil,D2_품목,2026-07-31
http://www.kitco.com/news/article/2026-07-31/gold-silver-retreat-dollar-strength-caps-post-fed-rebound-kitco-am-report,d3702cac06879590641e4e0bdea509a8,"Gold , silver retreat as dollar strength caps post - Fed rebound - Kitco AM Report",20260731T161500Z,kitco.com,English,China,crude oil,D2_품목,2026-07-31
https://www.themarketsdaily.com/2026/07/31/jayhawk-energy-otcmktsjyhw-stock-passes-above-50-day-moving-average-heres-why.html,bd2cdcd576a07011ef835483bc0e1d15,Jayhawk Energy ( OTCMKTS : JYHW ) Stock Passes Above 50 Day Moving Average – Here Why,20260731T090000Z,themarketsdaily.com,English,United States,crude oil,D2_품목,2026-07-31
https://www.hellenicshippingnews.com/south-korea-refiners-eye-venezuelan-crude-amid-hormuz-disruptions/,d2c3ddef95cb6b6ecd543b26a3df8d59,South Korea refiners eye Venezuelan crude amid Hormuz disruptions | Hellenic Shipping News Worldwide,20260731T140000Z,hellenicshippingnews.com,English,China,crude oil,D2_품목,2026-07-31
https://www.dailypolitical.com/2026/07/31/mitsubishi-msbhy-and-its-rivals-head-to-head-contrast.html,67c1053d476c98a6fc24d9eb5d6b88f1,Mitsubishi ( MSBHY ) and Its Rivals Head - To - Head Contrast,20260731T183000Z,dailypolitical.com,English,United States,crude oil,D2_품목,2026-07-31
https://www.presstelegram.com/2026/07/30/us-mortgage-rate-highest-level-in-year/,d707da341d715cda5bb676406d8a5e6e,Average 30 - year US mortgage rate rises to highest level in a year,20260731T020000Z,presstelegram.com,English,United States,crude oil,D2_품목,2026-07-31
https://www.manilatimes.net/2026/07/31/tmt-newswire/globenewswire/subsea7-awarded-contract-offshore-brunei/2396017,0556201211a12b948b83d51f07cbfb77,Subsea7 awarded contract offshore Brunei | The Manila Times,20260731T154500Z,manilatimes.net,English,Philippines,crude oil,D2_품목,2026-07-31
https://www.koco.com/article/oil-giants-profit-iran-conflict-fuel-prices/73316594,ef6a84588f9e95cb2db85fbb3dfd5688,Major oil companies reap massive profits amid US - Iran War,20260731T124500Z,koco.com,English,United States,crude oil,D2_품목,2026-07-31
https://www.moneycontrol.com/news/business/earnings/corporate-india-s-june-quarter-revenue-growth-hits-15-quarter-high-despite-surge-in-total-costs-13989487.html,fa1701a77a45e0d7a5e5ff0731ec5a80,Corporate India June - quarter revenue growth hits 15 - quarter high despite surge in total costs,20260731T034500Z,moneycontrol.com,English,India,crude oil,D2_품목,2026-07-31
https://www.moneycontrol.com/news/business/markets/technical-view-holding-above-200-dema-crucial-for-nifty-s-upside-toward-april-high-next-week-vix-falls-below-12-rally-unlikely-until-bank-nifty-decisively-surpasses-20-dema-13990307.html,2d566230960bd8f2a5002a9738f5e7de,"Technical View : Holding above 200 DEMA crucial for Nifty upside toward April high next week ; VIX falls below 12 , rally unlikely until Bank Nifty decisively surpasses 20 DEMA",20260731T123000Z,moneycontrol.com,English,India,crude oil,D2_품목,2026-07-31
https://blueprint.ng/why-nigeria-must-prepare-for-the-global-energy-transition/,c541cebbb0a7c5399995dc30a6eaeea3,Why Nigeria must prepare for the global energy transition - Blueprint Newspapers Limited,20260731T170000Z,blueprint.ng,English,Nigeria,crude oil,D2_품목,2026-07-31
https://www.rappler.com/business/maharlika-fund-top-taxpayer-billions-barely-invested/,dcfb63c8299732ec9793120f2b522f88,Maharlika Fund : A top taxpayer with billions barely invested,20260731T000000Z,rappler.com,English,Philippines,crude oil,D2_품목,2026-07-31
https://www.thehitavada.com/Encyc/2026/7/31/pm-modi-holds-high-level-cabinet-meet-on-geo-political-situation.html,b28ca9d02455a4590bd708bb650db94b,PM Modi holds high - level Cabinetmeet on geo - political situation,20260731T064500Z,thehitavada.com,English,India,crude oil,D2_품목,2026-07-31
http://www.arabherald.com/news/279217090/saudi-arabia-announces-maritime-defence-alliance-to-secure-vital-waterways,c87ec3db1f3dfaf3596e7c0690c9b7aa,Saudi Arabia announces maritime defence alliance to secure vital waterways,20260731T030000Z,arabherald.com,English,Syria,crude oil,D2_품목,2026-07-31
https://blueprint.ng/seplat-sells-10-interest-in-nnpcl-sepnu-assets-in-281m-strategic-deal/,00b45590302deff289577ee76e05d365,Seplat sells 10 % interest in NNPCL / SEPNU assets in $281m strategic deal - Blueprint Newspapers Limited,20260731T083000Z,blueprint.ng,English,Nigeria,crude oil,D2_품목,2026-07-31
https://www.dailypolitical.com/2026/07/31/royal-vopak-otcmktsvopky-announces-earnings-results.html,a54935eb780a4eddbdaee26f9f916f2b,Royal Vopak ( OTCMKTS : VOPKY ) Announces Earnings Results,20260731T123000Z,dailypolitical.com,English,United States,crude oil,D2_품목,2026-07-31
https://markets.financialcontent.com/stocks/article/stockstory-2026-7-31-exxonmobil-nysexom-exceeds-q2-cy2026-revenue-expectations,3b4cce10b3da03f083efde503ec87ae0,FinancialContent - ExxonMobil ( NYSE : XOM ) Exceeds Q2 CY2026 Revenue Expectations,20260731T121500Z,markets.financialcontent.com,English,United States,crude oil,D2_품목,2026-07-31
https://www.pbs.org/newshour/economy/major-oil-companies-reap-massive-profits-as-u-s-and-iran-fighting-drives-energy-prices-higher,3a647bfbdce123c90b0f90fb07404ecb,Major oil companies reap massive profits as U . S . and Iran fighting drives energy prices higher,20260731T181500Z,pbs.org,English,United States,crude oil,D2_품목,2026-07-31
https://www.coindesk.com/opinion/2026/07/28/everything-is-becoming-a-perp,a659ef6356b84500e280c90b1235d6a6,Everything is becoming a perp,20260731T001500Z,coindesk.com,English,United States,crude oil,D2_품목,2026-07-31
https://www.livemint.com/money/personal-finance/kenneth-andrade-india-equity-outlook-pharma-auto-it-11785338572879.html,7a0ff471295ea7ee245760dd961aab14,Why Old Bridge Kenneth Andrade is avoiding IT despite attractive valuations,20260731T041500Z,livemint.com,English,India,crude oil,D2_품목,2026-07-31
https://www.mpoc.org.my/el-nino-onset-to-drive-cpo-price-trajectory/,14c1fc6daa28e5ca933e16d44256ff7b,El Nino onset to drive CPO price trajectory – MPOC,20260731T033000Z,mpoc.org.my,English,Malaysia,crude oil,D2_품목,2026-07-31
https://www.rttnews.com/story.aspx?Id=3674000,eee9fd943f9a7893c18875ec1be45ccc,U . S . Stocks May See Further Upside On Upbeat Amazon Results,20260731T140000Z,rttnews.com,English,United States,crude oil,D2_품목,2026-07-31
http://www.arabherald.com/news/279217382/rupee-unlikely-to-breach-100-against-us-dollar-even-if-crude-hits-usd-105barrel-kotak-securities,cd7e4036eeaaa74b7c816192dc38c5b6,Rupee unlikely to breach 100 against US dollar even if crude hits USD 105 / barrel : Kotak Securities,20260731T071500Z,arabherald.com,English,Syria,crude oil,D2_품목,2026-07-31
https://timesca.com/tajikistan-holds-talks-on-fuel-imports-from-china/,2bd159beedd4bf27e22c48dca8e42961,Tajikistan Holds Talks on Fuel Imports from China - The Times Of Central Asia,20260731T141500Z,timesca.com,English,Kyrgyzstan,crude oil,D2_품목,2026-07-31
https://thefrontierpost.com/india-approves-us8-81-billion-offshore-oil-and-gas-exploration-plan/,10597d36f4b74b2e7f03d4db3121c1c7,India approves US$8 . 81 billion offshore oil and gas exploration plan,20260731T150000Z,thefrontierpost.com,English,Pakistan,crude oil,D2_품목,2026-07-31
https://www.thestar.com.my/business/insight/2026/07/31/the-real-harvest-from-the-ipc,31034e383cf527145faa9fe376c49d6f,The real harvest from the IPC,20260731T043000Z,thestar.com.my,English,Malaysia,crude oil,D2_품목,2026-07-31
https://aa.com.tr/en/world/morning-briefing-july-31-2026/4014472,b0331b70c0e855f1e63a7cd1a869966d,"Morning Briefing : July 31 , 2026",20260731T084500Z,aa.com.tr,English,Turkey,crude oil,D2_품목,2026-07-31
https://tribuneonlineng.com/nigerias-methane-burden-the-hidden-pollution-in-oil-producing-communities/,52a96430bae1f0efee31f4584deae8dc,Nigeria methane burden : The hidden pollution in oil - producing communities,20260731T160000Z,tribuneonlineng.com,English,Nigeria,crude oil,D2_품목,2026-07-31
https://www.moneycontrol.com/news/business/markets/first-tick-top-global-cues-to-watch-in-today-s-trade-198-13988657.html,8e7ef13d835fcc7e99253b4895cb95f1,First Tick : Top global cues to watch in today trade,20260731T034500Z,moneycontrol.com,English,India,crude oil,D2_품목,2026-07-31
https://www.dailypolitical.com/2026/07/31/vermilion-energy-nysevet-announces-quarterly-earnings-results.html,0328f82dae5cecb429dbab2894adaef0,Vermilion Energy ( NYSE : VET ) Announces Quarterly Earnings Results,20260731T180000Z,dailypolitical.com,English,United States,crude oil,D2_품목,2026-07-31
https://orissadiary.com/pm-chairs-ccs-meeting-to-review-the-situation-in-context-of-ongoing-west-asia-conflict/,2fa2775ac5b499dc677b54b80005d287,PM chairs CCS Meeting to review the situation in context of ongoing West Asia Conflict,20260731T080000Z,orissadiary.com,English,India,crude oil,D2_품목,2026-07-31
https://thebftonline.com/article/gh-4-1trn-transactions-fuel-mtn-momo-s-digital-push,3496ff6649fdd7c5c88633923dabdc01,GH¢4 . 1trn transactions fuel MTN MoMo digital push,20260731T040000Z,thebftonline.com,English,Ghana,crude oil,D2_품목,2026-07-31
https://quicknews-africa.net/army-raids-illegal-oil-camp-in-lagos-recovers-trucks-and-arrests-six-suspects/,6f632894be1bd7b90cb70b09e9c874f5,"Army Raids Illegal Oil Camp in Lagos , Recovers Trucks and Arrests Six Suspects",20260731T094500Z,quicknews-africa.net,English,Nigeria,crude oil,D2_품목,2026-07-31
https://www.themarketsdaily.com/2026/07/31/weekly-investment-analysts-ratings-changes-for-pembina-pipeline-pba.html,51629581d041821084e14f7d701e2237,Weekly Investment Analyst Ratings Changes for Pembina Pipeline ( PBA ) ,20260731T181500Z,themarketsdaily.com,English,United States,crude oil,D2_품목,2026-07-31
https://pakobserver.net/gwadars-hormuz-dividend-geography-finally-gets-priced/,ae3663ad98c04ce4545ea39ad590eb2d,Gwadar hormuz dividend : Geography finally gets priced,20260731T044500Z,pakobserver.net,English,Pakistan,crude oil,D2_품목,2026-07-31
https://www.680kfeq.com/2026/07/28/closing-markets-tuesday-july-28-2026/,93f2a8060ae04c0387f9b79fa0577e89,"Closing Markets Tuesday , July 28 , 2026",20260731T034500Z,680kfeq.com,English,United States,crude oil,D2_품목,2026-07-31
https://nineoclock.ro/romania-news-todays-nine-oclock-digital-edition-top-headlines-31-july-2026/,a4b9ce00f193c9ef3e8c12072481dd10,Romania News | Today Nine OClock Digital Edition : Top Headlines – 31 July 2026 – Nine O  Clock – first exclusively daily publication to appear in English language in Romania,20260731T184500Z,nineoclock.ro,English,Romania,crude oil,D2_품목,2026-07-31
https://matangitonga.to/2026/07/31/tongas-fuel-gas-prices-decreasing-monday,2de95cf9e34ce467e9ea55c23f1448bc,"Tonga fuel , gas prices decreasing from Monday",20260731T044500Z,matangitonga.to,English,Tonga,crude oil,D2_품목,2026-07-31
http://www.japanherald.com/news/279217359/nifty-sensex-open-higher-as-fii-buying-offsets-global-volatility-it-stocks-drag,3f559352d995a58b8d3c90e42260f022,"Nifty , Sensex open higher as FII buying offsets global volatility , IT stocks drag",20260731T051500Z,japanherald.com,English,Japan,crude oil,D2_품목,2026-07-31
http://www.asiabulletin.com/news/279217359/nifty-sensex-open-higher-as-fii-buying-offsets-global-volatility-it-stocks-drag,c3d2f6f015d55cecc441a1a62ec0c6ca,"Nifty , Sensex open higher as FII buying offsets global volatility , IT stocks drag",20260731T053000Z,asiabulletin.com,English,China,crude oil,D2_품목,2026-07-31
http://www.bignewsnetwork.com/news/279217359/nifty-sensex-open-higher-as-fii-buying-offsets-global-volatility-it-stocks-drag,bc3834fc162c9ef96a84e76f73e68952,"Nifty , Sensex open higher as FII buying offsets global volatility , IT stocks drag",20260731T053000Z,bignewsnetwork.com,English,United States,crude oil,D2_품목,2026-07-31
http://www.sanantoniopost.com/news/279217359/nifty-sensex-open-higher-as-fii-buying-offsets-global-volatility-it-stocks-drag,880e0663ef6ad05fb5a559bbc14b13a1,"Nifty , Sensex open higher as FII buying offsets global volatility , IT stocks drag",20260731T053000Z,sanantoniopost.com,English,United States,crude oil,D2_품목,2026-07-31
http://www.southeastasiapost.com/news/279217359/nifty-sensex-open-higher-as-fii-buying-offsets-global-volatility-it-stocks-drag,f832546e235be296b22da2d98df0d80b,"Nifty , Sensex open higher as FII buying offsets global volatility , IT stocks drag",20260731T083000Z,southeastasiapost.com,English,Pakistan,crude oil,D2_품목,2026-07-31
http://www.singaporestar.com/news/279217359/nifty-sensex-open-higher-as-fii-buying-offsets-global-volatility-it-stocks-drag,1d6ba611f2b5b4d44e02c35e120c12b8,"Nifty , Sensex open higher as FII buying offsets global volatility , IT stocks drag",20260731T081500Z,singaporestar.com,English,Singapore,crude oil,D2_품목,2026-07-31
https://navhindtimes.in/national-news/pm-takes-stock-of-geo-political-situation-safety-of-seafarers/,2d998947f17a16b0f6db4a220c903d6e,"PM takes stock of geo - political situation , safety of seafarers",20260731T000000Z,navhindtimes.in,English,India,crude oil,D2_품목,2026-07-31
http://www.nepalnational.com/news/279217359/nifty-sensex-open-higher-as-fii-buying-offsets-global-volatility-it-stocks-drag,550c9b5c5e11dc9d3a0f3cb5b1ecf646,"Nifty , Sensex open higher as FII buying offsets global volatility , IT stocks drag",20260731T061500Z,nepalnational.com,English,Nepal,crude oil,D2_품목,2026-07-31
https://www.mpamag.com/us/mortgage-industry/market-updates/four-weeks-of-rate-increases-send-the-30-year-mortgage-to-a-year-high/584387,5f682982f86964d7f8b0391a68bedee6,Four weeks of rate increases send the 30 - year mortgage to a year - high,20260731T150000Z,mpamag.com,English,United States,crude oil,D2_품목,2026-07-31
https://thestarphoenix.com/press-releases/business-wire/pembina-pipeline-reports-results-for-the-second-quarter-of-2026/,17d00445a44c0a49418969e065f79fa5,Pembina Pipeline Reports Results for the Second Quarter of 2026,20260731T023000Z,thestarphoenix.com,English,Canada,crude oil,D2_품목,2026-07-31
https://www.933thedrive.com/2026/07/30/instant-view-investors-react-to-bojs-decision-to-hold-rates/,eabbc785f74fe94482c938ec4c8165de,Instant View : Investors react to BOJ decision to hold rates,20260731T043000Z,933thedrive.com,English,United States,crude oil,D2_품목,2026-07-31
https://www.rttnews.com/story.aspx?Id=3673415,70eb16c81eec6e44af22acb6022e9148,Australian Market Significantly Higher,20260731T033000Z,rttnews.com,English,United States,crude oil,D2_품목,2026-07-31
https://www.nationalaccordnewspaper.com/troops-rescue-393-kidnap-victims-neutralise-over-100-terrorists-in-july-offensive/,2879e248f8498c6cbc83c9eb4b653348,"Troops rescue 393 kidnap victims , neutralise over 100 terrorists in July offensive",20260731T164500Z,nationalaccordnewspaper.com,English,Nigeria,crude oil,D2_품목,2026-07-31
https://www.jalopnik.com/2227818/ford-ceo-chinese-cars-sold-stateside-10-years/,270ee240be6f5fb16555809c15181b1e,Ford CEO Says Chinese Cars Will Be Sold Stateside Within 10 Years As It Readies Its Own Cheap EVs,20260731T151500Z,jalopnik.com,English,United States,crude oil,D2_품목,2026-07-31
https://www.dailygazette.com/ade/ade/letter-fully-informed-voting/article_e883ba66-7322-4c77-ad4f-ccec1a2c7d1e.html,2eddec1a1a97ef00b9eb699e94f77f55,LETTER : Fully informed voting,20260731T060000Z,dailygazette.com,English,United States,crude oil,D2_품목,2026-07-31
https://www.dailymail.com/money/markets/article-16018893/BP-puts-North-Sea-business-sale-ending-60-years-production.html,72363f6b5672fccf3a03081a8e7c5f87,BP puts North Sea business up for sale ending 60 years of production,20260731T071500Z,dailymail.com,English,United States,crude oil,D2_품목,2026-07-31
http://www.gazettextra.com/news/nation_world/oil-companies-are-expected-to-reap-big-profits-because-of-us-iran-conflict/article_848eeb49-3ff5-5ac0-a4c3-f62d5f9f5fd9.html,b3c9d4b8aab9b4ef9817c02d67e8b573,Oil companies are expected to reap big profits because of US - Iran conflict,20260731T053000Z,gazettextra.com,English,United States,crude oil,D2_품목,2026-07-31
https://taylorvilledailynews.com/local-news/srn-us-news/92587c6cfcf5fd5f12d9bcbb340f07f4,bd02e76b9cbb9f81c91ae71f08d70651,SRN - US News - Taylorville Daily News,20260731T053000Z,taylorvilledailynews.com,English,United States,crude oil,D2_품목,2026-07-31
https://mymotherlode.com/news/national/11030039/oil-companies-are-expected-to-reap-big-profits-because-of-us-iran-conflict.html,dbb72b90558503f9ce41146c6828c29a,Oil companies are expected to reap big profits because of US - Iran conflict,20260731T080000Z,mymotherlode.com,English,United States,crude oil,D2_품목,2026-07-31
https://www.dailygazette.com/ade/ap/business/oil-companies-are-expected-to-reap-big-profits-because-of-us-iran-conflict/article_b97441d3-882b-5e28-a1bf-6b38bbd04ce5.html,2bd885bb6ea139f34d0ebb667b2d2a18,Oil companies are expected to reap big profits because of US - Iran conflict,20260731T083000Z,dailygazette.com,English,United States,crude oil,D2_품목,2026-07-31
http://www.postregister.com/businessreport/healthcare/oil-companies-are-expected-to-reap-big-profits-because-of-us-iran-conflict/article_2627fa3f-c02c-5a23-b4e7-09b9c100a5a7.html,7543d82e84f9429795148be508b6cc4b,Oil companies are expected to reap big profits because of US - Iran conflict,20260731T083000Z,postregister.com,English,United States,crude oil,D2_품목,2026-07-31
"http://www.sitkasentinel.com/stories/oil-companies-are-expected-to-reap-big-profits-because-of-us-iran-conflict,160362",39adc519d480755725e45aa0625b4ba1,Oil companies are expected to reap big profits because of US - Iran conflict,20260731T064500Z,sitkasentinel.com,English,United States,crude oil,D2_품목,2026-07-31
http://www.stardem.com/ap/nation/oil-companies-are-expected-to-reap-big-profits-because-of-us-iran-conflict/article_6c2a5146-7b8d-5aed-ad41-e25744a82014.html,1c5374e2b260f25c776cf7a29227f919,Oil companies are expected to reap big profits because of US - Iran conflict,20260731T071500Z,stardem.com,English,United States,crude oil,D2_품목,2026-07-31
https://www.wgauradio.com/news/oil-companies-are/YKRBUP2TXA5KFD25MF4QISHFTI/,34b51398640a880f0a6a1d9cc70cb0b6,Major oil companies likely booked large profits due to US - Iran conflict,20260731T070000Z,wgauradio.com,English,United States,crude oil,D2_품목,2026-07-31
https://www.mykxlg.com/news/national/oil-companies-are-expected-to-reap-big-profits-because-of-us-iran-conflict/article_705b1ec4-fa65-52d5-a9e2-1dd58027c169.html,6ac75331dfbbec900cf58aea9c32816d,Oil companies are expected to reap big profits because of US - Iran conflict,20260731T074500Z,mykxlg.com,English,United States,crude oil,D2_품목,2026-07-31
https://www.dailygazette.com/hv360/ap/business/oil-companies-are-expected-to-reap-big-profits-because-of-us-iran-conflict/article_b97441d3-882b-5e28-a1bf-6b38bbd04ce5.html,e8b65f40283707890090191865a33477,Oil companies are expected to reap big profits because of US - Iran conflict,20260731T104500Z,dailygazette.com,English,United States,crude oil,D2_품목,2026-07-31
http://www.hngnews.com/nation_world/major-oil-companies-reap-massive-profits-as-us-and-iran-fighting-drives-energy-prices-higher/article_55c27115-c2d5-5f95-aeba-ae8011e39150.html,babeb70ffaee7b4e713ee7296a7b5b94,Major oil companies reap massive profits as US and Iran fighting drives energy prices higher,20260731T114500Z,hngnews.com,English,United States,crude oil,D2_품목,2026-07-31
http://www.cecildaily.com/ap/nation/oil-companies-are-expected-to-reap-big-profits-because-of-us-iran-conflict/article_f606ed0c-1157-5023-b26c-5838997b5ae1.html,7ad58d8dceb33bfc4351e21b718a84d4,Oil companies are expected to reap big profits because of US - Iran conflict,20260731T094500Z,cecildaily.com,English,United States,crude oil,D2_품목,2026-07-31
http://www.postregister.com/businessreport/healthcare/major-oil-companies-reap-massive-profits-as-us-and-iran-fighting-drives-energy-prices-higher/article_2627fa3f-c02c-5a23-b4e7-09b9c100a5a7.html,7c5c84e217481997c2c762517c74ae1e,Major oil companies reap massive profits as US and Iran fighting drives energy prices higher,20260731T133000Z,postregister.com,English,United States,crude oil,D2_품목,2026-07-31
https://www.ksjbam.com/2026/07/31/major-oil-companies-reap-massive-profits-as-us-and-iran-fighting-drives-energy-prices-higher/,ecc26ae20211c80c11d0e1fe7f564759,Major oil companies reap massive profits as US and Iran fighting drives energy prices higher,20260731T170000Z,ksjbam.com,English,United States,crude oil,D2_품목,2026-07-31
https://www.kmvt.com/2026/07/31/major-oil-companies-reap-massive-profits-us-iran-fighting-drives-energy-prices-higher/,ba95a08e4015d6ac171ac3f563fed796,Major oil companies reap massive profits as US and Iran fighting drives energy prices higher,20260731T181500Z,kmvt.com,English,United States,crude oil,D2_품목,2026-07-31
https://www.wthitv.com:443/2026/07/31/major-oil-companies-reap-massive-profits-us-iran-fighting-drives-energy-prices-higher/,1d8de7c974d82f3730f9a9f7a478781c,Major oil companies reap massive profits as US and Iran fighting drives energy prices higher,20260731T181500Z,wthitv.com,English,United States,crude oil,D2_품목,2026-07-31
https://www.kold.com/2026/07/31/major-oil-companies-reap-massive-profits-us-iran-fighting-drives-energy-prices-higher/,0caec40ae4c805c292134fe6822785c9,Major oil companies reap massive profits as US and Iran fighting drives energy prices higher,20260731T193000Z,kold.com,English,United States,crude oil,D2_품목,2026-07-31
https://www.actionforex.com/live-comments/649061-boj-holds-steady-hawkish-dissent-and-outlook-keep-october-hike-in-focus/,d39e7f21e3b907a232ef3b0e5c9928f3,"BoJ Holds Steady , Hawkish Dissent and Outlook Keep October Hike in Focus",20260731T060000Z,actionforex.com,English,United Kingdom,crude oil,D2_품목,2026-07-31
https://www.themarketsdaily.com/2026/07/31/toro-corp-nasdaqtoro-short-interest-update.html,d401961336b5093e80d48cdc7830e26a,Toro Corp . ( NASDAQ : TORO ) Short Interest Update,20260731T120000Z,themarketsdaily.com,English,United States,crude oil,D2_품목,2026-07-31
https://quicknews-africa.net/military-neutralizes-over-102-terrorists-rescues-393-kidnap-victims-in-july-dhq/,106eda6299ec5f2158c0f49cd534a72f,"Military neutralizes over 102 terrorists , rescues 393 kidnap victims in July – DHQ",20260731T150000Z,quicknews-africa.net,English,Nigeria,crude oil,D2_품목,2026-07-31
https://www.castanetkamloops.net/news/Business/626661/Pembina-Pipeline-says-West-Coast-pipeline-stake-fits-into-its-broader-strategy,55eb9a62274a70a28957915ee3902fd0,Pembina Pipeline says West Coast pipeline stake fits into its broader strategy,20260731T193000Z,castanetkamloops.net,English,,crude oil,D2_품목,2026-07-31
https://www.castanetkamloops.net/news/Business/626632/Major-oil-companies-reap-massive-profits-as-US-and-Iran-fighting-drives-energy-prices-higher,cc1d0df4a41ca58c96d20ef446d54441,Major oil companies reap massive profits as US and Iran fighting drives energy prices higher,20260731T160000Z,castanetkamloops.net,English,,crude oil,D2_품목,2026-07-31
https://www.thetrucker.com/trucking-news/business/major-oil-companies-reap-massive-profits-as-us-and-iran-fighting-drives-energy-prices-higher,b027d9c83a433c6ca29f4c13907b2476,Major oil companies reap massive profits as US and Iran fighting drives energy prices higher,20260731T150000Z,thetrucker.com,English,United States,crude oil,D2_품목,2026-07-31
https://www.investmentexecutive.com/news/research-and-markets/canadian-u-s-markets-rise-on-earnings-strength-as-oil-prices-ease-slightly/,2d851da905756df7e07fc2cadd22e1dd,"Canadian , U . S . markets rise on earnings strength , as oil prices ease slightly",20260731T030000Z,investmentexecutive.com,English,Canada,crude oil,D2_품목,2026-07-31
https://www.moneycontrol.com/news/business/markets/stock-market-live-updates-nifty50-share-price-sensex-share-price-crude-fii-gift-nifty-rupee-latest-updates-31-07-2026-alpha-liveblog-13989499.html,1eaa2da7fba7121d6adf375c47a5edb9,"Stock Market Live : GIFT Nifty hints a positive opening ; Tata Steel , Bajaj Finance , Swiggy , Mazagon Dock in focus",20260731T034500Z,moneycontrol.com,English,India,crude oil,D2_품목,2026-07-31
https://www.advocate-news.com/2026/07/31/oil-companies-profits-iran-war-gas-prices/,92db0295c7362ea400acd5035305dfd7,Major oil companies reap massive profits amid US - Iran fighting,20260731T123000Z,advocate-news.com,English,United States,crude oil,D2_품목,2026-07-31
https://www.akronnewsreporter.com/2026/07/31/oil-companies-profits-iran-war-gas-prices/,c2790df5227b1f9946b6e710389ac172,Major oil companies reap massive profits amid US - Iran fighting,20260731T114500Z,akronnewsreporter.com,English,United States,crude oil,D2_품목,2026-07-31
https://www.sentinelandenterprise.com/2026/07/31/oil-companies-profits-iran-war-gas-prices/,777e8df740c75fe8fe1dde7dd45b12f7,Major oil companies reap massive profits amid US - Iran fighting,20260731T114500Z,sentinelandenterprise.com,English,United States,crude oil,D2_품목,2026-07-31
https://www.eptrail.com/2026/07/31/oil-companies-profits-iran-war-gas-prices/,4c5e78fe5539aae4832eed2794d1d39a,Major oil companies reap massive profits amid US - Iran fighting,20260731T123000Z,eptrail.com,English,United States,crude oil,D2_품목,2026-07-31
https://www.record-bee.com/2026/07/31/oil-companies-profits-iran-war-gas-prices/,a52f42ae020c6abc137d101d247ac7b0,Major oil companies reap massive profits amid US - Iran fighting,20260731T121500Z,record-bee.com,English,United States,crude oil,D2_품목,2026-07-31
https://www.republicanherald.com/2026/07/31/oil-companies-profits-iran-war-gas-prices/,20e8b70d7135415879313c45cb8fbd5d,Major oil companies reap massive profits amid US - Iran fighting,20260731T140000Z,republicanherald.com,English,United States,crude oil,D2_품목,2026-07-31
https://www.broomfieldenterprise.com/2026/07/31/oil-companies-profits-iran-war-gas-prices/,297830c4744fd83fdc8ab38cb4a461be,Major oil companies reap massive profits amid US - Iran fighting,20260731T151500Z,broomfieldenterprise.com,English,United States,crude oil,D2_품목,2026-07-31
https://www.canoncitydailyrecord.com/2026/07/31/oil-companies-profits-iran-war-gas-prices/,e9ab0e2cfc673470d9af1cdc29673524,Major oil companies reap massive profits amid US - Iran fighting,20260731T151500Z,canoncitydailyrecord.com,English,United States,crude oil,D2_품목,2026-07-31
https://www.reporterherald.com/2026/07/31/oil-companies-profits-iran-war-gas-prices/,631a06110e2448778f17898f998f853e,Major oil companies reap massive profits amid US - Iran fighting,20260731T150000Z,reporterherald.com,English,United States,crude oil,D2_품목,2026-07-31
https://www.riotimesonline.com/exxonmobil-guyana-record-upstream-q2-2026/,3eac47b3df0c672ed0c8bafb846d0a16,ExxonMobil Guyana Hits 4 . 5M boe / d : Profit Still Misses,20260731T184500Z,riotimesonline.com,English,Brazil,crude oil,D2_품목,2026-07-31
https://punchng.com/fg-reviews-tariffs-on-192-import-product-categories/,4b55fc32f5dcd3571bd25fc363100a62,FG reviews import tariffs on 192 product categories,20260731T000000Z,punchng.com,English,Nigeria,crude oil,D2_품목,2026-07-31
https://oilprice.com/Energy/Crude-Oil/US-Oil-Drillers-Turn-Cautious-as-WTI-Holds-Near-85-per-Barrel.html,945f4c5e7ed9ff48c612acdb85c23256,US Oil Drillers Turn Cautious as WTI Holds Near $85 per Barrel,20260731T181500Z,oilprice.com,English,United States,LNG cargo,D2_품목,2026-07-31
http://www.jpost.com/middle-east/article-904238,9e2e8963c5b5452b222120612d4fc464,Damietta port drone strike proves Egypt cant hide from regional war,20260731T193000Z,jpost.com,English,Israel,LNG cargo,D2_품목,2026-07-31
https://journalnow.com/news/local/business/collection_69ca7380-a168-480d-b6cd-ee2d3c6aa075.html,ca07daf5f7c6207b067bc49e4716b474,Forsyth water main break impact on Kernersville businesses,20260731T013000Z,journalnow.com,English,United States,natural gas,D2_품목,2026-07-31
https://thestarphoenix.com/press-releases/globe-newswire/cavvy-energy-announces-2027-forward-sulphur-price-agreement/,c15b97db57032f3498827c4315a9e815,Cavvy Energy Announces 2027 Forward Sulphur Price Agreement,20260731T170000Z,thestarphoenix.com,English,Canada,natural gas,D2_품목,2026-07-31
https://edmontonjournal.com:443/opinion/columnists/varcoe-natural-gas-flying-under-radar-but-big-growth-coming/wcm/ef72c207-7a53-462f-8c8d-dff278e62ada,700c2a305cd9feecee601d1ca9ce5dbb,"Chris Varcoe : Natural gas  flying under the radar , but big growth is coming",20260731T124500Z,edmontonjournal.com,English,Canada,natural gas,D2_품목,2026-07-31
https://calgaryherald.com:443/opinion/columnists/varcoe-natural-gas-flying-under-radar-but-big-growth-coming,d56bec65163d740e58010d96a1845905,Varcoe : Natural gas  flying under the radar  but big growth is coming,20260731T011500Z,calgaryherald.com,English,Canada,natural gas,D2_품목,2026-07-31
https://www.insidermonkey.com/blog/antero-resources-ar-strategic-role-in-ai-infrastructure-expansion-1806189/,4b141f305cda4cc859382e6a08fd1461,Antero Resource ( AR ) Strategic Role in AI Infrastructure Expansion,20260731T174500Z,insidermonkey.com,English,United States,natural gas,D2_품목,2026-07-31
https://www.wrdw.com/2026/07/31/no-rezoning-no-data-center-mccormick-county-planners-side-with-residents-opposing-development/,a99b26dc8fbaebfedd320dc930b229d9,"  No rezoning , no data center : McCormick County planners side with residents opposing development",20260731T061500Z,wrdw.com,English,United States,natural gas,D2_품목,2026-07-31
https://www.nbcdfw.com/news/local/lawmaker-solutions-oak-cliff-explosion-victims-without-gas/4056549/,817af11a991660b1a05d75ce7a6752cc,Oak Cliff explosion victims go months without gas as lawmaker pushes – NBC 5 Dallas - Fort Worth,20260731T023000Z,nbcdfw.com,English,United States,natural gas,D2_품목,2026-07-31
https://leaderpost.com/press-releases/globe-newswire/cavvy-energy-announces-2027-forward-sulphur-price-agreement/,b0a13933ea3ea506a29a5fa173a2285d,Cavvy Energy Announces 2027 Forward Sulphur Price Agreement,20260731T193000Z,leaderpost.com,English,Canada,natural gas,D2_품목,2026-07-31
https://news.webindia123.com/news/Articles/Business/20260731/4481630.html,e00c466189f85244cc0fcb89d10aeaa3,"GAIL Q1 net profit more than doubles to Rs 4 , 292 crore on higher revenue",20260731T161500Z,news.webindia123.com,English,India,natural gas,D2_품목,2026-07-31
https://finance.yahoo.com/markets/stocks/articles/kinder-morgan-executive-dumps-5-131503689.html,63b4ab0bd5d51cd98c44546e4c1ec9a9,"Kinder Morgan Executive Dumps 5 , 695 Shares for $184k , According to Recent SEC Filing",20260731T013000Z,finance.yahoo.com,English,United States,natural gas,D2_품목,2026-07-31
https://www.rigzone.com/news/industry_groups_welcome_senrc_approval_of_license_to_drill_act-31-jul-2026-184264-article/,c63bebc498678826428b8bd3285e5c2d,Industry Groups Welcome SENRC Approval of License to Drill Act,20260731T141500Z,rigzone.com,English,United States,natural gas,D2_품목,2026-07-31
https://www.manilatimes.net/2026/08/01/tmt-newswire/globenewswire/direct-energy-regulated-services-announces-natural-gas-rates-for-august-2026/2396145,89526af41be1146936418fd183b777f9,Direct Energy Regulated Services Announces Natural Gas Rates for August 2026,20260731T183000Z,manilatimes.net,English,Philippines,natural gas,D2_품목,2026-07-31
http://www.prnewswire.com/news-releases/power-sustainable-infrastructure-credit-closes-135m-project-financing-to-convertus-for-flagship-biofuel-facility-in-york-region-302840297.html,8938d6c207aae966643f15b1cf3568ad,Power Sustainable Infrastructure Credit Closes $135M project financing to Convertus for Flagship Biofuel Facility in York Region,20260731T193000Z,prnewswire.com,English,United States,natural gas,D2_품목,2026-07-31
https://www.smdailyjournal.com/news/bay_area/solano-places-data-center-tax-on-ballot/article_16d67e47-1f8d-4218-8b35-9266b603c395.html,d9d7f2fbfbef075496dca593818d0785,Solano places data center tax on ballot,20260731T023000Z,smdailyjournal.com,English,United States,natural gas,D2_품목,2026-07-31
https://www.dealstreetasia.com/stories/brookfield-infrastructure-explores-5b-sale-of-canadas-northriver-490811,d2584ccfa96d7e2943e87873c1daf090,Brookfield Infrastructure explores $5b sale of Canada NorthRiver,20260731T180000Z,dealstreetasia.com,English,India,natural gas,D2_품목,2026-07-31
https://finance.yahoo.com/energy/articles/cash-flow-without-capex-212010151.html,b6fde26dcc10d703e1842dc0c6bcef2a,Cash flow without the capex,20260731T084500Z,finance.yahoo.com,English,United States,natural gas,D2_품목,2026-07-31
https://leaderpost.com/press-releases/globe-newswire/direct-energy-regulated-services-announces-natural-gas-rates-for-august-2026/,aee1609fab404d98547c06584a8d9ef4,Direct Energy Regulated Services Announces Natural Gas Rates for August 2026,20260731T193000Z,leaderpost.com,English,Canada,natural gas,D2_품목,2026-07-31
https://www.benzinga.com/markets/large-cap/26/07/60838983/shell-cashes-out-of-cyprus-gas-field-in-720-million-deal,a04f5d85442c79eaa88557b03e17a5bf,Shell Cashes Out of Cyprus Gas Field in $720 Million Deal - Shell ( NYSE : SHEL ) ,20260731T154500Z,benzinga.com,English,United States,natural gas,D2_품목,2026-07-31
https://lasvegassun.com/news/2026/jul/31/trump-administration-is-repurposing-federal-land-f/,365efe0b0c9910dd8588e9bd23757fc2,Trump administration is repurposing federal land for AI data centers - Las Vegas Sun News,20260731T124500Z,lasvegassun.com,English,United States,natural gas,D2_품목,2026-07-31
https://www.thisdaylive.com/2026/07/31/idris-nigeria-will-deploy-gas-as-catalyst-for-industrial-growth/,055d9412a2a3e5943b8e8ee9948a3b07,Idris : Nigeria Will Deploy Gas as Catalyst for Industrial Growth – THISDAYLIVE,20260731T041500Z,thisdaylive.com,English,Nigeria,natural gas,D2_품목,2026-07-31
https://www.theglobeandmail.com/business/article-entropy-alberta-carbon-capture-project-credit-policy/,a19266e78a2aa2c5e91d381321549a2f,"Entropy starts up Alberta carbon - capture project , urges credit policy change",20260731T004500Z,theglobeandmail.com,English,Canada,natural gas,D2_품목,2026-07-31
https://www.bnnbloomberg.ca/business/company-news/2026/07/31/pembina-pipeline-reports-512m-second-quarter-profit-rising-from-417m-last-year/,3c632793b143acdb6b2303f3226952d3,"Pembina Pipeline reports $512M second - quarter profit , rising from $417M last year",20260731T184500Z,bnnbloomberg.ca,English,Canada,natural gas,D2_품목,2026-07-31
https://thestarphoenix.com/news/saskatchewan-news/excitement-over-growth-again-a-shift-in-canadas-oilpatch-as-some-players-eye-expansion/,66a2d2594727406326c67dafad043f69,A shift in Canada oilpatch as some players eye expansion,20260731T170000Z,thestarphoenix.com,English,Canada,natural gas,D2_품목,2026-07-31
https://www.wdrb.com/news/national/federal-government-to-turn-a-kentucky-uranium-plant-into-an-ai-data-center-and-gas/article_d96dcc29-20d6-5253-92b8-fa5a2df4d76f.html,2fbd87be6f5fd7195925614384504a6e,Federal government to turn a Kentucky uranium plant into an AI data center and gas power complex,20260731T034500Z,wdrb.com,English,United States,natural gas,D2_품목,2026-07-31
https://www.stcatharinesstandard.ca/business/arc-resources-reports-353m-in-q2-net-income-compared-with-3961m-last-year/article_92a6af39-03e3-5398-a292-cd3ddd1e3f6c.html,cd4975a4b880903bc1cfc97789a1bc29,"ARC Resources reports $353M in Q2 net income , compared with $396 . 1M last year",20260731T013000Z,stcatharinesstandard.ca,English,Canada,natural gas,D2_품목,2026-07-31
https://physicsworld.com/a/from-pit-stop-to-plant-food-how-grand-prix-crowds-urine-becomes-fertilizer/,12ca1988f4543265907e04caffca2e80,From pit stop to plant food : how Grand Prix crowd urine becomes fertilizer – Physics World,20260731T123000Z,physicsworld.com,English,United Kingdom,natural gas,D2_품목,2026-07-31
https://hungarytoday.hu/croatia-and-hungary-to-double-capacity-of-cross-border-gas-interconnector/,818ae4991849025cb7bceabbafef2a7c,Croatia and Hungary to Double Capacity of Cross - Border Gas Interconnector,20260731T084500Z,hungarytoday.hu,English,Hungary,natural gas,D2_품목,2026-07-31
https://www.stcatharinesstandard.ca/business/pembina-pipeline-reports-512m-second-quarter-profit-rising-from-417m-last-year/article_c6298dbd-8769-5bda-89b3-89ce42d3a215.html,d62c1974bc84a50f537fe2bac3ea65a0,"Pembina Pipeline reports $512M second - quarter profit , rising from $417M last year",20260731T180000Z,stcatharinesstandard.ca,English,Canada,natural gas,D2_품목,2026-07-31
https://sbr.com.sg/news/singapore-expands-lng-bunkering-capacity-8-new-licences,3e46aa734c652b4128893b75d32ed5e9,Singapore expands LNG bunkering capacity with 8 new licences,20260731T041500Z,sbr.com.sg,English,Singapore,natural gas,D2_품목,2026-07-31
https://www.fool.com/earnings/call-transcripts/2026/07/30/cnx-resources-cnx-q2-2026-earnings-call-transcript/?source=iedfolrf0000001,5a18544be805361e2b3cd9b81d01824b,CNX Resources ( CNX ) Q2 2026 Earnings Call Transcript,20260731T040000Z,fool.com,English,United States,natural gas,D2_품목,2026-07-31
https://www.africanews.com/2026/07/31/egyptian-pm-announces-investigation-after-damietta-port-drone-attack/,d2ac4df496dcb10e0f46dc71e1a39741,Egyptian PM announces investigation after Damietta port drone attack,20260731T124500Z,africanews.com,English,Nigeria,natural gas,D2_품목,2026-07-31
https://cleantechnica.com/2026/07/30/energy-storage-factory-made-carbon-blocks-us-startup-antora/,bb569ecf1f335e57efcd5bc9435305e7,Energy Storage Startup Nails $550M To Chase Fossil Fuels Away,20260731T030000Z,cleantechnica.com,English,United States,natural gas,D2_품목,2026-07-31
https://www.thetimes-tribune.com/2026/07/30/ppl-corp-blackstone-spend-40-4m-on-possible-luzerne-county-power-plants/,3b77f75b7f88bbf79273179cad378792,"PPL Corp ., Blackstone spend $40 . 4M on possible Luzerne County power plants",20260731T020000Z,thetimes-tribune.com,English,United States,natural gas,D2_품목,2026-07-31
https://aa.com.tr/en/middle-east/egyptian-president-says-gas-vessel-attack-being-probed-urges-regional-de-escalation/4014470,86534d0d47e0bed5dd13f57a6adc7419,"Egyptian president says gas vessel attack being probed , urges regional de - escalation",20260731T043000Z,aa.com.tr,English,Turkey,natural gas,D2_품목,2026-07-31
https://www.winnipegfreepress.com/business/2026/07/31/pembina-pipeline-reports-512m-second-quarter-profit-rising-from-417m-last-year,268311f07cb0cc782d67fc36a21449fd,"Pembina Pipeline reports $512M second - quarter profit , rising from $417M last year – Winnipeg Free Press",20260731T164500Z,winnipegfreepress.com,English,Canada,natural gas,D2_품목,2026-07-31
https://www.newindianexpress.com/india/2026/Jul/31/centre-bets-big-on-farmers-youth-cabinet-extends-pm-kisan-scheme-till-2031-expands-khelo-india,29b210ebaab772ee7e4b330ded4b722b,"Centre bets big on farmers , youth ; Cabinet extends PM - KISAN scheme till 2031 , expands Khelo India",20260731T154500Z,newindianexpress.com,English,India,natural gas,D2_품목,2026-07-31
https://tribuneonlineng.com/frsc-reaffirms-commitment-to-safe-transition-to-evs-cng-mobility/,adfa68e0ea8ccc97099c05898424cc98,"FRSC reaffirms commitment to safe transition to EVs , CNG mobility",20260731T094500Z,tribuneonlineng.com,English,Nigeria,natural gas,D2_품목,2026-07-31
https://theprovince.com/news/local-news/cultus-lake-waterpark-phased-reopening/wcm/c8da123f-7755-476e-9c38-019d353b6a2a,7127e5fa69ba3d41d7d07912617b658b,Cultus Lake Waterpark begins phased reopening after electrical shock incident,20260731T190000Z,theprovince.com,English,Canada,natural gas,D2_품목,2026-07-31
https://oilprice.com/Latest-Energy-News/World-News/Shell-Sells-Cyprus-Gas-Stake-to-MOL-for-720-Million.html,e71d58dc46416fe4f263b8d90ecc99f9,Shell Sells Cyprus Gas Stake to MOL for $720 Million,20260731T140000Z,oilprice.com,English,United States,natural gas,D2_품목,2026-07-31
https://sana.sy/en/middle-east/2333334/,9a25dbe0e87df6b5d3e3a733b9dcfe1c,"Muslim World League and Palestine condemn attacks on Kuwait , Jordan and Egypt",20260731T140000Z,sana.sy,English,Syria,natural gas,D2_품목,2026-07-31
https://www.thepeterboroughexaminer.com/business/arc-resources-reports-353m-in-q2-net-income-compared-with-3961m-last-year/article_d0fcea28-68f2-5fcc-89ed-459ec5b97ab5.html,990a8194755b49d175423b4d3e07da75,"ARC Resources reports $353M in Q2 net income , compared with $396 . 1M last year",20260731T004500Z,thepeterboroughexaminer.com,English,Canada,natural gas,D2_품목,2026-07-31
https://www.tribuneindia.com/news/trending/e20-hatao-row-escalates-why-nitin-gadkari-has-finally-had-enough-of-trolling/,df98d5743a2255a8921e318786fab82e,E20  hatao  row escalates : Why Nitin Gadkari has finally had enough of trolling ? ,20260731T061500Z,tribuneindia.com,English,India,natural gas,D2_품목,2026-07-31
https://www.prokerala.com/news/articles/a1794957.html,49e2027ffc0733d9c282c5e82ca7578b,"Indian Oil piles up Rs 2 , 661 crore loss in Q1 as crude prices soar amid West Asia crisis",20260731T184500Z,prokerala.com,English,India,natural gas,D2_품목,2026-07-31
https://www.dailypolitical.com/2026/07/30/engie-epaengi-shares-cross-above-200-day-moving-average-should-you-sell.html,02e8a3a290acc8e903340587bd412390,Engie ( EPA : ENGI ) Shares Cross Above 200 - Day Moving Average – Should You Sell ? ,20260731T000000Z,dailypolitical.com,English,United States,natural gas,D2_품목,2026-07-31
https://www.themarketsdaily.com/2026/07/31/gulfport-energy-otcmktsgporq-trading-2-2-higher-heres-what-happened.html,7f6879712c0faecd57e34bb96880bfb4,Gulfport Energy ( OTCMKTS : GPORQ ) Trading 2 . 2 % Higher – Here What Happened,20260731T053000Z,themarketsdaily.com,English,United States,natural gas,D2_품목,2026-07-31
https://www.businesstimes.com.sg/companies-markets/singapore-stocks-fall-bucking-regional-trend-sti-down-0-8,0db8e611cfad59a376acc6f9485a238c,"Singapore stocks fall , bucking regional trend ; STI down 0 . 8 % ",20260731T104500Z,businesstimes.com.sg,English,Singapore,natural gas,D2_품목,2026-07-31
https://business.scoop.co.nz/2026/07/31/consumernz-members-ask-tough-questions-on-its-electricity-evangelism/,864a11b5320c47c9c8008ca695c51803,Business . Scoop » ConsumerNZ Members Ask Tough Questions On Its Electricity Evangelism,20260731T013000Z,business.scoop.co.nz,English,New Zealand,natural gas,D2_품목,2026-07-31
https://www.kcrg.com/2026/07/30/our-town-west-union-heated-cooled-by-underground-geothermal-system-more-than-20-years/,4ce19b53a93a7de9cf898fe8f2656b2d,Our Town West Union : heated and cooled by underground geothermal system for more than 20 years,20260731T034500Z,kcrg.com,English,United States,natural gas,D2_품목,2026-07-31
https://dailypioneer.com/news/e20-can-cut-mileage-gadkari,2f9af6e0b122d742569384001f0def8f,"E20 Petrol May Reduce Fuel Economy by Up to 6 %, Gadkari Tells Lok Sabha",20260731T041500Z,dailypioneer.com,English,India,natural gas,D2_품목,2026-07-31
https://www.scoop.co.nz/stories/BU2607/S00452/consumernz-members-ask-tough-questions-on-its-electricity-evangelism.htm,d135cf3cd44ac9449ad366bf8a061865,ConsumerNZ Members Ask Tough Questions On Its Electricity Evangelism,20260731T023000Z,scoop.co.nz,English,New Zealand,natural gas,D2_품목,2026-07-31
https://billingsgazette.com/news/community/article_6f25170e-f68e-571d-8e1f-ed8b39575dbc.html,420e017ba9c03da5c2ae43adc7f0f534,Closure due to harmful algal blooms on Hebgen Reservoir,20260731T030000Z,billingsgazette.com,English,United States,natural gas,D2_품목,2026-07-31
https://www.dailykos.com/stories/2026/7/31/800077190/news/in-pennsylvania-the-data-center-wars-hit-the-ballot-box/,995ff924c0acf2d72a722d92f8d25ce2,"In Pennsylvania , the data center wars hit the ballot box",20260731T150000Z,dailykos.com,English,United States,natural gas,D2_품목,2026-07-31
https://aninews.in/news/business/cabinet-approves-samudra-manthan-scheme-with-rs-84084-crore-outlay-to-boost-offshore-oil-gas-exploration20260731172008/,8c5867856cc94976405daf932cb697a5,"Cabinet approves Samudra Manthan scheme with Rs 84 , 084 crore outlay to boost offshore oil , gas exploration",20260731T124500Z,aninews.in,English,India,natural gas,D2_품목,2026-07-31
https://cleantechnica.com/2026/07/31/germany-hydrogen-gas-system-rescue/,7d9d950b3218573c6edfc2918d62f427,Germany Is Rebuilding Its Failed Russian Gas Strategy With Hydrogen,20260731T124500Z,cleantechnica.com,English,United States,natural gas,D2_품목,2026-07-31
https://www.newscentralasia.net/2026/07/31/new-commercial-flow-of-natural-gas-obtained-in-central-karakum-turkmenistan/,61213c811aebf2aabda3be6dd5de8e06,"New Commercial Flow of Natural Gas Obtained in Central Karakum , Turkmenistan",20260731T050000Z,newscentralasia.net,English,Turkmenistan,natural gas,D2_품목,2026-07-31
https://www.clarksvilleonline.com/2026/07/30/clarksville-gas-and-water-department-plans-martin-street-water-outage-for-water-line-maintenance/,40694ae8a95dfcb9a32fe2aff4bb5f50,"Clarksville Gas and Water Department plans Martin Street Water Outage for Water Line Maintenance - Clarksville Online - Clarksville News , Sports , Events and Information",20260731T011500Z,clarksvilleonline.com,English,United States,natural gas,D2_품목,2026-07-31
https://abc17news.com/news/columbia/2026/07/30/gocomo-secures-additional-funding-for-new-bus-future-operations-facility/,d05430cc2a54b2da7cf963bfd0d2acf4,"GoCOMO secures additional funding for new bus , future operations facility",20260731T023000Z,abc17news.com,English,United States,natural gas,D2_품목,2026-07-31
https://thestarphoenix.com/press-releases/pr-newswire/epcor-announces-quarterly-results/,0066733f83396ea831c139d1107d2cfc,EPCOR Announces Quarterly Results,20260731T023000Z,thestarphoenix.com,English,Canada,natural gas,D2_품목,2026-07-31
https://economictimes.indiatimes.com/industry/energy/oil-gas/e20-petrol-will-reduce-car-mileage-by-how-much-two-ministries-give-two-different-numbers/articleshow/132759725.cms,5d4223ea54335c0b7e1e71d310027c5e,"By how much will E20 petrol reduce your car mileage ? One ministry says one thing , another says another",20260731T083000Z,economictimes.indiatimes.com,English,India,natural gas,D2_품목,2026-07-31
https://wtop.com/virginia/2026/07/spanberger-administration-seeks-public-input-on-virgnias-new-energy-plan/,36e8881b4337a0fdf6a7e8e331046558,Spanberger administration seeks public input on Virgnia new energy plan,20260731T181500Z,wtop.com,English,United States,natural gas,D2_품목,2026-07-31
https://www.themarketsdaily.com/2026/07/31/enn-energy-holdings-ltd-otcmktsxngsy-short-interest-update.html,52883698b37be3a41d29ab2a94535b54,ENN Energy Holdings Ltd . ( OTCMKTS : XNGSY ) Short Interest Update,20260731T061500Z,themarketsdaily.com,English,United States,natural gas,D2_품목,2026-07-31
https://www.offshore-technology.com/news/nyk-targets-midocean-energy-stake/,8559f463914f81d9cbeb2b24eab9d2cb,NYK targets MidOcean Energy stake via Mitsubishi SPV,20260731T114500Z,offshore-technology.com,English,United Kingdom,natural gas,D2_품목,2026-07-31
https://www.thehindu.com/news/national/karnataka/karnataka-rera-registered-projects-to-get-four-month-extension-due-to-west-asia-war/article71290831.ece,f63613732a941cdcc275fb0f4502ef10,Karnataka : RERA - registered projects to get four - month extension due to West Asia war,20260731T151500Z,thehindu.com,English,India,natural gas,D2_품목,2026-07-31
https://arka.am:443/en/news/economy/russian-minister-doubts-armenia-will-receive-comparable-gas-prices-outside-the-eurasian-economic-uni/,b10ee814ee23999f419642039199ded6,Russian Minister Doubts Armenia Will Receive Comparable Gas Prices Outside the Eurasian Economic Union,20260731T144500Z,arka.am,English,Armenia,natural gas,D2_품목,2026-07-31
https://www.express.co.uk/news/uk/2234687/new-warning-25-million-uk,afbf19051531bd38825e181782ae992f,UK households with a gas boiler in warning -  vulnerable  ,20260731T061500Z,express.co.uk,English,United Kingdom,natural gas,D2_품목,2026-07-31
https://www.thehindubusinessline.com/markets/why-these-7-stocks-will-be-in-focus-on-friday/article71288832.ece,017b3c2a0c03a9d126f1b79e38693249,Stocks to watch on Friday : Why these 7 companies are in focus,20260731T041500Z,thehindubusinessline.com,English,India,natural gas,D2_품목,2026-07-31
https://www.benzinga.com/markets/earnings/26/07/60849772/dominion-energy-says-ai-boom-is-fueling-unprecedented-power-demand-across-virginia,277fe84c308918cff217362822ce3059,What Going on With Dominion Energy Stock Friday ? - Dominion Energy ( NYSE : D ) ,20260731T190000Z,benzinga.com,English,United States,natural gas,D2_품목,2026-07-31
https://www.africanews.com/2026/07/31/analysts-believe-us-iran-war-at-critical-point-with-potential-for-further-escalation/,f727a7de157fc3b4e5bbc2d840c69d13,Analysts believe US - Iran war at critical point with potential for further escalation,20260731T124500Z,africanews.com,English,Nigeria,natural gas,D2_품목,2026-07-31
https://indianexpress.com/article/business/government-approves-rs-84000-crore-samurdra-manthan-scheme-offshore-oil-gas-exploration-scheme-10812449/,5c29863005889e45528a276d315c582f,"Government greenlights Rs 84 , 000 - crore scheme to boost offshore oil & gas exploration , production",20260731T150000Z,indianexpress.com,English,India,natural gas,D2_품목,2026-07-31
https://www.euronews.com/business/2026/07/31/eurozone-inflation-hits-29-which-countries-saw-the-biggest-increases,87777aaed45f8e741edef84d60f712e7,Eurozone inflation hits 2 . 9 %: Which countries saw the biggest increases ? ,20260731T100000Z,euronews.com,English,United States,natural gas,D2_품목,2026-07-31
https://www.rigzone.com/news/shell_divests_aphrodite_stake_to_hungarys_mol-31-jul-2026-184263-article/,4365da01cd766d7af5c1a5741a58d0ae,Shell Divests Aphrodite Stake to Hungary MOL,20260731T141500Z,rigzone.com,English,United States,natural gas,D2_품목,2026-07-31
https://gcaptain.com/italy-becomes-eus-top-lng-importer-as-purchases-elsewhere-lag/,1914663a70a92b316e5b7956c18511aa,Italy Becomes EU Top LNG Importer as Purchases Elsewhere Lag,20260731T140000Z,gcaptain.com,English,United States,natural gas,D2_품목,2026-07-31
http://www.idahopress.com/community/banned-book-reports-out-of-darkness/article_34cca39a-c6fa-414b-af36-c41f48cfe1d8.html,d7caab7d5b38c536dc3453d52ab48f9c,"Banned Book Reports :  Out of Darknes tackles tragedy , segregation and forbidden love",20260731T160000Z,idahopress.com,English,United States,natural gas,D2_품목,2026-07-31
https://leaderpost.com/press-releases/pr-newswire/epcor-announces-quarterly-results/,f9001858e75521629d792928d593f23f,EPCOR Announces Quarterly Results,20260731T004500Z,leaderpost.com,English,Canada,natural gas,D2_품목,2026-07-31
https://www.moneycontrol.com/news/business/tata-steel-expects-fy27-margins-to-improve-despite-west-asia-disruptions-t-v-narendran-13990473.html,356fd46f1b7683a0c9ab607ed08207ae,Tata Steel expects FY27 margins to improve despite West Asia disruptions : T . V . Narendran,20260731T160000Z,moneycontrol.com,English,India,natural gas,D2_품목,2026-07-31
https://www.yahoo.com/news/science/articles/good-finished-project-cpv-rogues-114700929.html,a947b1de59c77dd6d9004d50ebdc07e0,  A good finished project : CPV Rogue Wind farm comes online at Rock Run,20260731T123000Z,yahoo.com,English,United States,natural gas,D2_품목,2026-07-31
https://www.globalsecurity.org/wmd/library/news/ukraine/2026/07/ukraine-260729-rferl02.htm,ffd9a100d4c365d2e6653ca1c1d3a860,US Senate Advances Landmark Russia Sanctions Bill After Zelenskyy Capitol Appeal,20260731T094500Z,globalsecurity.org,English,Syria,natural gas,D2_품목,2026-07-31
https://english.pravda.ru/news/world/167579-india-ammonia-production/,52269a3157f77214b3e7d5a1e9ef7561,India Set to Become World Second - Largest Ammonia Producer by 2030,20260731T170000Z,english.pravda.ru,English,Russia,natural gas,D2_품목,2026-07-31
https://www.newscenter1.tv/news/local/black-hills-energy-prepares-for-another-hot-weekend,49d79cfa6c2e1c02e0f175b703d6775d,Black Hills Energy prepares for another hot weekend,20260731T011500Z,newscenter1.tv,English,United States,natural gas,D2_품목,2026-07-31
https://www.thehitavada.com/Encyc/2026/7/31/gail-rcf-sign-mou-for-rs-10000-cr-fertiliser-project-at-saoner-.html,f12b1359f8e02fccab9a9122f81d7fe2,"GAIL , RCF sign MoU for Rs 10 , 000 cr fertiliser project at Saoner",20260731T064500Z,thehitavada.com,English,India,natural gas,D2_품목,2026-07-31
https://www.ibtimes.com/qatar-turned-us-gas-hormuz-closed-emergency-lng-purchases-reached-about-1-billion-3805899,3911c917a46839f10ada06fb8de69dc6,Qatar Turned To U . S . Gas As Hormuz Closed . Emergency LNG Purchases Reached About $1 Billion,20260731T000000Z,ibtimes.com,English,United States,natural gas,D2_품목,2026-07-31
https://www.dailypolitical.com/2026/07/30/citigroup-cuts-eqt-nyseeqt-price-target-to-67-00.html,6548f21a2588aab339f856ac26c465a3,Citigroup Cuts EQT ( NYSE : EQT ) Price Target to $67 . 00,20260731T064500Z,dailypolitical.com,English,United States,natural gas,D2_품목,2026-07-31
https://www.dailypolitical.com/2026/07/31/dominion-energy-q2-earnings-call-highlights.html,751cedc173c2a677f4b94844e9d54f1a,Dominion Energy Q2 Earnings Call Highlights,20260731T183000Z,dailypolitical.com,English,United States,natural gas,D2_품목,2026-07-31
https://fox23.com/news/local/federal-grant-keeps-grda-coal-unit-online,03ab2afd8ad8f813a735b4ee48d632bf,Federal grant keeps GRDA coal unit online,20260731T023000Z,fox23.com,English,United States,natural gas,D2_품목,2026-07-31
https://www.dailypolitical.com/2026/07/30/tourmaline-oil-corp-otcmktstrmlf-receives-65-00-average-target-price-from-analysts.html,5dd0adf4289ba2676b549ec23e828aaa,Tourmaline Oil Corp . ( OTCMKTS : TRMLF ) Receives $65 . 00 Average Target Price from Analysts,20260731T061500Z,dailypolitical.com,English,United States,natural gas,D2_품목,2026-07-31
https://marcellusdrilling.com/2026/07/mdns-energy-stories-of-interest-fri-jul-31-2026/,6a14547f0798902ca2793ee0a28ed7f0,"MDN Energy Stories of Interest : Fri , Jul 31 , 2026 - Marcellus Drilling News",20260731T154500Z,marcellusdrilling.com,English,United States,natural gas,D2_품목,2026-07-31
https://www.newkerala.com/news/a/cabinet-approves-samudra-manthan-scheme-rs-84084-crore-860.htm,d23dbfa9f39748664fabf8d0209d7358,"Samudra Manthan Scheme : Rs 84 , 084 Cr Offshore Exploration Push",20260731T123000Z,newkerala.com,English,India,natural gas,D2_품목,2026-07-31
https://www.nbcdfw.com/news/politics/texas-politics/as-texas-plans-for-massive-growth-in-electric-demand-landowners-challenge-power-projects-impact-on-property-rights/4056546/,a7beff52b47bb95abf4350d45282f233,Texas landowners fight proposed 765 - kV power lines – NBC 5 Dallas - Fort Worth,20260731T023000Z,nbcdfw.com,English,United States,natural gas,D2_품목,2026-07-31
https://www.energy-pedia.com/news/cyprus/shell-agrees-to-sell-bg-cyprus-to-mol-group-for-up-to-usd720-million-204795,400dc12377d970d8039d09e1e8cba47e,Cyprus : Shell agrees to sell BG Cyprus to MOL Group for up to $720 million,20260731T080000Z,energy-pedia.com,English,United Kingdom,natural gas,D2_품목,2026-07-31
https://www.themarketsdaily.com/2026/07/31/snam-s-p-a-otcmktssnmrf-short-interest-update.html,955cda94f2c9247f2cfcff49728fdc0b,Snam S . p . A . ( OTCMKTS : SNMRF ) Short Interest Update,20260731T080000Z,themarketsdaily.com,English,United States,natural gas,D2_품목,2026-07-31
https://aa.com.tr/en/middle-east/fuel-crisis-grips-northern-iraq-after-attacks-halt-energy-production/4014457,14ac7686e9ac84ebf7ba1e56b4abdbf3,Fuel crisis grips northern Iraq after attacks halt energy production,20260731T043000Z,aa.com.tr,English,Turkey,natural gas,D2_품목,2026-07-31
https://www.sbs.com.au/news/podcast-episode/donald-trump-hails-agreement-for-complete-disarmament-of-hamas/l1c73zehe,6eda92363db7541b8baa5de0111a45ee,Donald Trump hails agreement for  complete disarmament  of Hamas,20260731T083000Z,sbs.com.au,English,Australia,natural gas,D2_품목,2026-07-31
https://www.nola.com/news/business/demo-has-started-on-shreveports-libbey-glass/article_28fd0c57-b265-56a1-8aed-e35014618ca6.html,fde468334706ef5d199b3aa9565dba84,Demolition starts on former Libbey Glass plant in Shreveport | Business News,20260731T114500Z,nola.com,English,United States,natural gas,D2_품목,2026-07-31
https://www.clarksvilleonline.com/2026/07/30/clarksville-gas-and-water-department-plans-northwood-terrace-water-outage-road-closure-for-water-valve-replacement/,a5b9bd676ab6159c5c8d363da8b03aa8,"Clarksville Gas and Water Department plans Northwood Terrace Water Outage , Road Closure for Water Valve Replacement - Clarksville Online",20260731T011500Z,clarksvilleonline.com,English,United States,natural gas,D2_품목,2026-07-31
https://wsau.com/2026/07/31/months-after-pemex-gas-well-accident-in-mexico-health-and-pollution-concerns-grow/,9ec0524b42cf452053ec604851f3d632,"Months after Pemex gas well accident in Mexico , health and pollution concerns grow",20260731T134500Z,wsau.com,English,United States,natural gas,D2_품목,2026-07-31
https://kelo.com/2026/07/31/months-after-pemex-gas-well-accident-in-mexico-health-and-pollution-concerns-grow/,d3d39536dbe38935c60e15229b1473a2,"Months after Pemex gas well accident in Mexico , health and pollution concerns grow",20260731T140000Z,kelo.com,English,United States,natural gas,D2_품목,2026-07-31
https://whtc.com/2026/07/31/months-after-pemex-gas-well-accident-in-mexico-health-and-pollution-concerns-grow/,4043a97db0b2064328faf6ade8524ba4,"Months after Pemex gas well accident in Mexico , health and pollution concerns grow",20260731T140000Z,whtc.com,English,United States,natural gas,D2_품목,2026-07-31
https://www.chiangraitimes.com/business/thailand-gas-security/,f93402f4dd0adafdaa3ab8a1cf035279,Thailand Domestic Gas Production Remains Key To Long - Term Energy Security,20260731T054500Z,chiangraitimes.com,English,Thailand,natural gas,D2_품목,2026-07-31
https://www.dailypolitical.com/2026/07/31/recent-investment-analysts-ratings-changes-for-sempra-energy-sre.html,ae4a3db05975f4e2ad041e29eecd489b,Recent Investment Analyst Ratings Changes for Sempra Energy ( SRE ) ,20260731T094500Z,dailypolitical.com,English,United States,natural gas,D2_품목,2026-07-31
https://www.tickerreport.com/banking-finance/13523890/recent-investment-analysts-ratings-changes-for-sempra-energy-sre.html,468e5cb16959f83cb7100c8e1adf3179,Recent Investment Analyst Ratings Changes for Sempra Energy ( SRE ) ,20260731T094500Z,tickerreport.com,English,United States,natural gas,D2_품목,2026-07-31
https://www.theepochtimes.com/opinion/america-is-leaving-a-global-coal-opportunity-on-the-table-6069600,9b1f6ea9426c970b857ece6ed75e27ec,America Is Leaving a Global Coal Opportunity on the Table,20260731T000000Z,theepochtimes.com,English,United States,natural gas,D2_품목,2026-07-31
https://aa.com.tr/en/features/fuel-shortage-grips-northern-iraq-region-after-iran-linked-attacks-disrupt-energy-supplies/4014070,6f6a908d60d8913e38ff26df4a930e52,Fuel shortage grips northern Iraq region after Iran - linked attacks disrupt energy supplies,20260731T084500Z,aa.com.tr,English,Turkey,natural gas,D2_품목,2026-07-31
https://investinglive.com/commodities/u-s-rig-count-edges-higher/,01083e11f67af66f1de684b9183a6071,U . S . Rig Count Edges Higher,20260731T183000Z,investinglive.com,English,,natural gas,D2_품목,2026-07-31
https://www.theglobeandmail.com/business/commentary/article-in-these-times-of-uncertainty-there-is-bright-side-aplenty-for/,b0a020df5bd1627fb2415a79333b2484,"In these times of uncertainty , there is bright side aplenty for businesses",20260731T103000Z,theglobeandmail.com,English,Canada,natural gas,D2_품목,2026-07-31
https://www.thestar.com.my/tech/tech-news/2026/07/31/ai-data-centres-in-space-a-system-to-cool-chips-could-help,fe0092f6fa21842fe5df1656c697e4e5,AI data centres in space ? A system to cool chips could help,20260731T084500Z,thestar.com.my,English,Malaysia,natural gas,D2_품목,2026-07-31
https://www.straitstimes.com/business/aseans-response-to-a-fracturing-world-is-to-move-towards-more-integration-dpm-gan,a4c5401a133fd935c8ff0555daf6af5b,ASEAN response to a fracturing world is to move towards more integration : DPM Gan,20260731T181500Z,straitstimes.com,English,Singapore,natural gas,D2_품목,2026-07-31
https://www.theblaze.com/columns/opinion/your-new-house-comes-with-a-green-surcharge,2862fab0676f0eef1adedda46bb8721a,Your new house comes with a green surcharge,20260731T151500Z,theblaze.com,English,United States,natural gas,D2_품목,2026-07-31
https://ladailypost.com/new-mexico-public-regulation-commission-approves-sale-of-new-mexico-gas-company-to-bernhard-capital-partners/,d901e8295a932de87c9154c6610750ed,New Mexico Public Regulation Commission Approves Sale Of New Mexico Gas Company To Bernhard Capital Partners,20260731T161500Z,ladailypost.com,English,United States,natural gas,D2_품목,2026-07-31
https://www.sej.org/headlines/trump-doe-turn-ky-uranium-plant-gas-powered-ai-data-center,fea03ae06d834db517f8e36a3a62c46b,Trump DOE To Turn Ky . Uranium Plant Into Gas - Powered AI Data Center,20260731T151500Z,sej.org,English,United States,natural gas,D2_품목,2026-07-31
https://www.manilatimes.net/2026/07/31/tmt-newswire/globenewswire/star-group-lp-to-host-fiscal-2026-third-quarter-webcast-and-conference-call-august-6-2026/2395885,83b51a7dca021301def8431b4365a457,"Star Group , L . P . to Host Fiscal 2026 Third Quarter Webcast and Conference Call August 6 , 2026",20260731T124500Z,manilatimes.net,English,Philippines,natural gas,D2_품목,2026-07-31
https://english.news.cn/20260731/18b4b1f1e3204b30a240bb4f2d8ca5b2/c.html,7a0ccb055021f02f36b4db4e7fc15253,Singapore awards 8 LNG bunkering licenses to strengthen multi - fuel hub - Xinhua,20260731T041500Z,english.news.cn,English,,natural gas,D2_품목,2026-07-31
https://www.duluthnewstribune.com/opinion/columns/national-view-we-tried-changing-daylight-saving-everyone-hated-it,0f47ec0c544d28beb4eca37d29f46656,National View : We tried changing daylight saving ; everyone hated it,20260731T183000Z,duluthnewstribune.com,English,United States,natural gas,D2_품목,2026-07-31
http://www.westkentuckystar.com/News/State/Federal-government-to-turn-western-Kentucky-uraniu,7472c306ad0403563f833585704b8247,West Kentucky Star,20260731T051500Z,westkentuckystar.com,English,United States,natural gas,D2_품목,2026-07-31
https://www.themarketsdaily.com/2026/07/31/bull-harbor-capital-llc-invests-579000-in-conocophillips-cop.html,8a3682a4571ea184b4d5296b1917e43e,"Bull Harbor Capital LLC Invests $579 , 000 in ConocoPhillips $COP",20260731T083000Z,themarketsdaily.com,English,United States,natural gas,D2_품목,2026-07-31
http://www.wyomingnews.com/news/local_news/petroleum-association-of-wyoming-endorses-degenfelder-for-governor/article_a2be9869-e246-4ab3-9ace-129286d78bb8.html,de8b94379182beea5e5c1534028dfb85,Petroleum Association of Wyoming endorses Degenfelder for governor,20260731T024500Z,wyomingnews.com,English,United States,natural gas,D2_품목,2026-07-31
https://www.wfae.org/energy-environment/2026-07-31/residents-push-back-against-large-amazon-data-center-project-during-packed-public-meeting,cd5b87e7149342c505a263eae74c493f,Residents push back against large Amazon data center project during packed public meeting,20260731T123000Z,wfae.org,English,United States,natural gas,D2_품목,2026-07-31
https://www.hellenicshippingnews.com/eu-gas-prices-extend-decline/,9f03da477fce0d0451c796d55ab4343c,EU Gas Prices Extend Decline | Hellenic Shipping News Worldwide,20260731T144500Z,hellenicshippingnews.com,English,China,natural gas,D2_품목,2026-07-31
https://cfweradio.ca/2026/07/31/42517/,7feecf4e2ed3111fbb5ae44772c93bca,Heading out for a long weekend camping trip in Alberta ? Check for any fire bans or restrictions at your chosen provincial park,20260731T184500Z,cfweradio.ca,English,Canada,natural gas,D2_품목,2026-07-31
https://www.wtvq.com/federal-government-to-turn-a-kentucky-uranium-plant-into-an-ai-data-center-and-gas-power-complex/,a10c02a6127539cc9164f93c106babdb,Federal government to turn a Kentucky uranium plant into an AI data center and gas power complex,20260731T151500Z,wtvq.com,English,United States,natural gas,D2_품목,2026-07-31
https://www.trucknews.com/equipment/truck-centers-to-sell-battle-motors-vocational-vehicles/1003219149/,985afb142ba02cf99c462ce6b70848d4,Truck Centers to sell Battle Motors vocational vehicles,20260731T123000Z,trucknews.com,English,Canada,natural gas,D2_품목,2026-07-31
https://thenationonlineng.net/e-call-up-exports-boost-onne-ports-revenue/,f5e8d1c967b1b583d8dc32995ec7d611,"  E - call - up , exports boost Onne Port revenue  - The Nation Newspaper",20260731T103000Z,thenationonlineng.net,English,Nigeria,natural gas,D2_품목,2026-07-31
https://www.dailypolitical.com/2026/07/31/recent-analysts-ratings-changes-for-range-resources-rrc.html,0efeab170cc322bf32845e8fb5a29a6c,Recent Analyst Ratings Changes for Range Resources ( RRC ) ,20260731T101500Z,dailypolitical.com,English,United States,natural gas,D2_품목,2026-07-31
https://thediplomat.com/2026/07/for-the-arakan-army-recognition-must-be-earned/,07ed3f0ffed694a8b9ab279628d1e3aa,"For the Arakan Army , Recognition Must Be Earned",20260731T133000Z,thediplomat.com,English,China,natural gas,D2_품목,2026-07-31
https://www.wellandtribune.ca/business/pipeline-company-enbridge-reports-14-billion-second-quarter-profit/article_f0a9c53b-ec53-5a2d-aa4d-a32dd13d78dd.html,5923234f2883349140ba2a54a2da9b49,Pipeline company Enbridge reports $1 . 4 - billion second - quarter profit,20260731T140000Z,wellandtribune.ca,English,Canada,natural gas,D2_품목,2026-07-31
https://www.globalsecurity.org/wmd/library/news/ukraine/2026/07/ukraine-260730-rferl03.htm,f255ecb0a1426964b737acc51a1bb699,"After Zelenskyy Capitol Visit , Senate Sharpens Pressure On Russia And Iran",20260731T094500Z,globalsecurity.org,English,Syria,natural gas,D2_품목,2026-07-31
https://www.cei.int/ansa/178421,a05647e1dbf1499097b126a4e9a53000,News | CEI,20260731T114500Z,cei.int,English,Italy,natural gas,D2_품목,2026-07-31
https://www.wbrc.com/2026/07/31/fultondale-promenade-given-all-clear-after-gas-leak-led-evacuation/,8886965ccd5574a1134b5848c4a53fa1,Fultondale Promenade given all clear after gas leak led to evacuation,20260731T181500Z,wbrc.com,English,United States,natural gas,D2_품목,2026-07-31
https://www.prnewswire.com/news-releases/maryland-businesses-drive-investment-innovation-and-economic-growth-across-the-state-302840157.html,79e98d21c877c91ffd4d7f3d7cb8bee6,"Maryland Businesses Drive Investment , Innovation and Economic Growth Across the State",20260731T183000Z,prnewswire.com,English,United States,natural gas,D2_품목,2026-07-31
http://www.prnewswire.com/news-releases/maryland-businesses-drive-investment-innovation-and-economic-growth-across-the-state-302840157.html,308e08fb5edcae0675ef9efde8de8bdc,"Maryland Businesses Drive Investment , Innovation and Economic Growth Across the State",20260731T184500Z,prnewswire.com,English,United States,natural gas,D2_품목,2026-07-31
https://www.ksat.com/news/texas/2026/07/31/texas-businesses-bracing-for-a-financial-hit-from-us-mexico-canada-trade-limbo/,5bbd59a9c2e045b616f8d52a863e4dc9,Texas businesses bracing for a financial hit from U . S .- Mexico - Canada trade limbo,20260731T130000Z,ksat.com,English,United States,natural gas,D2_품목,2026-07-31
https://www.standardspeaker.com/2026/07/30/ppl-corp-blackstone-spend-40-4m-on-possible-luzerne-county-power-plants/,795dfb67154084c6e12012d7de4470dc,"PPL Corp ., Blackstone spend $40 . 4M on possible Luzerne County power plants",20260731T000000Z,standardspeaker.com,English,United States,natural gas,D2_품목,2026-07-31
https://cbs2iowa.com/news/local/residents-ask-questions-about-proposed-morgan-valley-energy-center-at-open-house,a476af7f7aa6cc71c9a127a4e658ef2e,Residents ask questions about proposed Morgan Valley Energy Center at open house,20260731T033000Z,cbs2iowa.com,English,United States,natural gas,D2_품목,2026-07-31
https://www.dailypolitical.com/2026/07/31/weekly-analysts-ratings-updates-for-cms-energy-cms.html,42da1e5572966a27667105933875a09d,Weekly Analyst Ratings Updates for CMS Energy ( CMS ) ,20260731T164500Z,dailypolitical.com,English,United States,natural gas,D2_품목,2026-07-31
https://www.themarketsdaily.com/2026/07/31/xcel-energy-nasdaqxel-issues-earnings-results-beats-estimates-by-0-14-eps.html,425c1f186a5038b07a01ca255d688b49,"Xcel Energy ( NASDAQ : XEL ) Issues Earnings Results , Beats Estimates By $0 . 14 EPS",20260731T020000Z,themarketsdaily.com,English,United States,natural gas,D2_품목,2026-07-31
https://www.finanznachrichten.de/nachrichten-2026-07/69181758-portland-general-company-portland-general-electric-announces-second-quarter-2026-results-008.htm,49c812e8e26352b2123e9d2afb25897a,Portland General Company : Portland General Electric Announces Second Quarter 2026 Results,20260731T094500Z,finanznachrichten.de,English,Germany,natural gas,D2_품목,2026-07-31
https://kansascityhomes.com/listing/KS/Lenexa/13404-W-84th-Street-66215/231330975,6538351ae2d977a2769ac0c923bda775,"4 bed Lenexa home for sale : 13404 W 84th Street , Lenexa , KS 66215",20260731T183000Z,kansascityhomes.com,English,United States,natural gas,D2_품목,2026-07-31
https://www.investingdaily.com/145750/charge-your-income-stream-with-this-high-yielder/,d1166f25e0f42474d858599c21063593,Charge your Income Stream with this High Yielder,20260731T123000Z,investingdaily.com,English,United States,natural gas,D2_품목,2026-07-31
https://www.themarketsdaily.com/2026/07/31/idacorp-nyseida-announces-quarterly-earnings-results.html,0997edd516fec1f76ac384b2f9540714,IDACORP ( NYSE : IDA ) Announces Quarterly Earnings Results,20260731T034500Z,themarketsdaily.com,English,United States,natural gas,D2_품목,2026-07-31
https://www.theblaze.com/lifestyle/how-a-psychic-new-age-hippie-led-me-to-catholicism,49bdb6a9ce5505dbc5c3e7c782921093,"How a psychic , New Age hippie led me to Catholicism",20260731T151500Z,theblaze.com,English,United States,natural gas,D2_품목,2026-07-31
https://www.baltimoresun.com/2026/07/31/gerald-winegrad-prevent-warming/,984c0c12d4f9aaf6e9da0b9bd08a318d,Gerald Winegrad : How we can prevent a global warming apocalypse,20260731T143000Z,baltimoresun.com,English,United States,natural gas,D2_품목,2026-07-31
https://www.dailypolitical.com/2026/07/31/excelerate-energy-inc-nyseee-increases-dividend-to-0-09-per-share.html,719fd0b70e877abeb95cecb3f5ccb40c,"Excelerate Energy , Inc . ( NYSE : EE ) Increases Dividend to $0 . 09 Per Share",20260731T123000Z,dailypolitical.com,English,United States,natural gas,D2_품목,2026-07-31
https://www.dailypolitical.com/2026/07/31/profrac-nasdaqacdc-trading-7-1-higher-should-you-buy.html,f970c8dd70eefcfb5b0dbaee921fed39,ProFrac ( NASDAQ : ACDC ) Trading 7 . 1 % Higher – Should You Buy ? ,20260731T184500Z,dailypolitical.com,English,United States,natural gas,D2_품목,2026-07-31
https://www.dailypolitical.com/2026/07/31/short-interest-in-huaneng-power-international-inc-otcmktshungf-declines-by-47-6.html,53cf613a525e6c1e1944d2001f32b22b,"Short Interest in Huaneng Power International , Inc . ( OTCMKTS : HUNGF ) Declines By 47 . 6 % ",20260731T184500Z,dailypolitical.com,English,United States,natural gas,D2_품목,2026-07-31
https://www.fool.com/earnings/call-transcripts/2026/07/30/xcel-energy-xel-q2-2026-earnings-call-transcript/?source=iedfolrf0000001,610ad5d077f33526ab2821d54b06ecb3,Xcel Energy ( XEL ) Q2 2026 Earnings Call Transcript,20260731T020000Z,fool.com,English,United States,natural gas,D2_품목,2026-07-31
https://shipandbunker.com/news/am/281889-brazil-moves-to-update-marine-fuel-rules-for-biofuels-and-lng,30b6cbbe7b85fc6901e08951fa3771c5,Brazil Moves to Update Marine Fuel Rules for Biofuels and LNG,20260731T103000Z,shipandbunker.com,English,Singapore,natural gas,D2_품목,2026-07-31
https://www.hellenicshippingnews.com/singapore-awards-new-lng-bunkering-licences-to-strengthen-singapores-multi-fuel-bunkering-hub/,9a4fc16e11d83046e1708a8f49392f18,Singapore Awards New LNG Bunkering Licences to Strengthen Singapore Multi - Fuel Bunkering Hub,20260731T140000Z,hellenicshippingnews.com,English,China,natural gas,D2_품목,2026-07-31
https://www.dailypolitical.com/2026/07/30/nextdecade-nasdaqnext-issues-quarterly-earnings-results.html,cc00c459ffacfc6db1e8c715670e0073,NextDecade ( NASDAQ : NEXT ) Issues Quarterly Earnings Results,20260731T030000Z,dailypolitical.com,English,United States,natural gas,D2_품목,2026-07-31
https://www.dailypolitical.com/2026/07/31/tourmaline-oil-tsetou-issues-earnings-results.html,d57a627cbe8a35ed334ad52de75c3e9b,Tourmaline Oil ( TSE : TOU ) Issues Earnings Results,20260731T123000Z,dailypolitical.com,English,United States,natural gas,D2_품목,2026-07-31
https://theprovince.com/opinion/columnists/vaughn-palmer-architect-of-bc-conservative-revival-bows-out-with-plea-for-unity,6c8a3e67593332db6e0c50b4babb0150,"Architect of B . C . Conservative revival bows out , with plea for unity",20260731T011500Z,theprovince.com,English,Canada,natural gas,D2_품목,2026-07-31
https://www.capitalgazette.com/2026/07/31/gerald-winegrad-prevent-warming/,599ed529e311c939d56c41e131051c3f,Gerald Winegrad : How we can prevent a global warming apocalypse,20260731T123000Z,capitalgazette.com,English,United States,natural gas,D2_품목,2026-07-31
https://www.oberonreview.com.au/story/9319201/kelso-15-brennan-drive-offers-a-heated-pool-and-large-shed/,14b05f6d9bb38f88a74823d9acfc576b,Kelso : 15 Brennan Drive offers a heated pool and large shed | Oberon Review,20260731T000000Z,oberonreview.com.au,English,Australia,natural gas,D2_품목,2026-07-31
https://www.lithgowmercury.com.au/story/9319201/kelso-15-brennan-drive-offers-a-heated-pool-and-large-shed/,08a0d41bc3658f76f97fcc25f33dca25,Kelso : 15 Brennan Drive offers a heated pool and large shed | Lithgow Mercury,20260731T011500Z,lithgowmercury.com.au,English,Australia,natural gas,D2_품목,2026-07-31
https://www.westernadvocate.com.au/story/9319201/kelso-15-brennan-drive-offers-a-heated-pool-and-large-shed/,cd55e92f0e378e916159fea89f89fa74,Kelso : 15 Brennan Drive offers a heated pool and large shed | Western Advocate,20260731T023000Z,westernadvocate.com.au,English,Australia,natural gas,D2_품목,2026-07-31
https://www.blayneychronicle.com.au/story/9319201/kelso-15-brennan-drive-offers-a-heated-pool-and-large-shed/,002af18dd83a69c167bd1e991fc3c8cb,Kelso : 15 Brennan Drive offers a heated pool and large shed | Blayney Chronicle,20260731T024500Z,blayneychronicle.com.au,English,Australia,natural gas,D2_품목,2026-07-31
https://chattooga1180.com/georgia-power-breaks-ground-on-major-plant-bowen-expansion-as-supporters-critics-debate-future-of-energy/,cd40329643e130f708369d6500f11d54,"Georgia Power Breaks Ground On Major Plant Bowen Expansion As Supporters , Critics Debate Future Of Energy",20260731T083000Z,chattooga1180.com,English,United States,natural gas,D2_품목,2026-07-31
https://www.933thedrive.com/2026/07/31/top-us-data-center-serving-utility-dominion-tops-profit-estimates/,6bf8dc94d0df17a04d46d2686da88a9b,Top US data center - serving utility Dominion tops profit estimates,20260731T183000Z,933thedrive.com,English,United States,natural gas,D2_품목,2026-07-31
https://newswithviews.com/jd-rucker-claims-those-who-oppose-data-centers-are-aligned-with-communist-china/,32bf47713af046c8d303bd672bab9fa3,JD Rucker Claims Those Who Oppose Data Centers are Aligned with Communist China,20260731T060000Z,newswithviews.com,English,United States,natural gas,D2_품목,2026-07-31
https://www.thenationalnews.com/business/markets/2026/07/31/2pointzero-group-reports-dh21bn-first-half-net-profit-and-enters-us-energy-market/,57311eaa377ec8ed9ca9beec806a1080,2PointZero Group reports Dh7 . 7bn first - half net profit and enters US energy market,20260731T043000Z,thenationalnews.com,English,,natural gas,D2_품목,2026-07-31
https://www.themarketsdaily.com/2026/07/31/national-fuel-gas-nysenfg-releases-quarterly-earnings-results-beats-expectations-by-0-10-eps.html,96cc31e0938c8be4d3f25d98dce24b14,"National Fuel Gas ( NYSE : NFG ) Releases Quarterly Earnings Results , Beats Expectations By $0 . 10 EPS",20260731T161500Z,themarketsdaily.com,English,United States,natural gas,D2_품목,2026-07-31
https://asianews.network/pakistan-says-it-is-doing-its-utmost-to-bring-us-iran-back-to-islamabad-mou/,7dea1c534918b6b41fb61eca81062866,"Pakistan says it is doing its  utmost  to bring US , Iran back to Islamabad MoU – Asia News Network",20260731T044500Z,asianews.network,English,China,natural gas,D2_품목,2026-07-31
https://www.investmentwatchblog.com/if-iran-was-weaponizing-smallpox-and-other-deadly-pathogens-23-years-ago-how-much-more-advanced-is-their-program-today/,0ddcf7e3766475c1ba816cce9967e363,"If Iran Was Weaponizing Smallpox And Other Deadly Pathogens 23 Years Ago , How Much More Advanced Is Their Program Today ? ",20260731T020000Z,investmentwatchblog.com,English,United States,natural gas,D2_품목,2026-07-31
https://www.manilatimes.net/2026/07/31/tmt-newswire/globenewswire/frontieras-north-america-to-adjust-share-price-following-record-offering-momentum-and-commercial-milestones/2395887,38593c294ded07152d340e26b8dd06c2,Frontieras North America to Adjust Share Price Following Record Offering Momentum and Commercial Milestones,20260731T124500Z,manilatimes.net,English,Philippines,naphtha,D2_품목,2026-07-31
https://www.kjas.com/news/local_news/article_320d483f-d7ee-4e47-81e0-87197298bb82.html,f907dfd3190482ddc6d6ebd962fb6087,Andrews of united states Biochem releases statement concerning proposed facility at Bon Wier,20260731T160000Z,kjas.com,English,United States,naphtha,D2_품목,2026-07-31
https://www.fool.com/earnings/call-transcripts/2026/07/30/valero-energy-vlo-q2-2026-earnings-call-transcript/?source=iedfolrf0000001,963e89923db620f76d31987c771e1358,Valero Energy ( VLO ) Q2 2026 Earnings Call Transcript,20260731T020000Z,fool.com,English,United States,naphtha,D2_품목,2026-07-31
https://timesca.com/kazakhstan-weighs-proposal-to-process-russian-crude/,da84a74afeca2af2f78bbb657efba62b,Kazakhstan Weighs Proposal to Process Russian Crude - The Times Of Central Asia,20260731T141500Z,timesca.com,English,Kyrgyzstan,naphtha,D2_품목,2026-07-31
http://www.iranherald.com/news/279217792/heatwave-burning-europe-triggers-nuclear-powerdown,184b5475fa3e6df3f392c8c68b62bf33,Heatwave burning Europe triggers nuclear powerdown,20260731T170000Z,iranherald.com,English,Iran,naphtha,D2_품목,2026-07-31
http://www.bignewsnetwork.com/news/279217792/heatwave-burning-europe-triggers-nuclear-powerdown,e170861c390601bcce31620f1d7c4712,Heatwave burning Europe triggers nuclear powerdown,20260731T151500Z,bignewsnetwork.com,English,United States,naphtha,D2_품목,2026-07-31
http://www.europesun.com/news/279217792/heatwave-burning-europe-triggers-nuclear-powerdown,f228bbcbbe6715aaf582235e5dfddbde,Heatwave burning Europe triggers nuclear powerdown,20260731T183000Z,europesun.com,English,Russia,naphtha,D2_품목,2026-07-31
https://www.hellenicshippingnews.com/transnet-targets-61m-mt-coal-corridor-throughput-as-maintenance-execution-lifts-export-recovery/,566909823d1595023fabc774193d1bde,Transnet targets 61M mt coal corridor throughput as maintenance execution lifts export recovery,20260731T140000Z,hellenicshippingnews.com,English,China,coal export,D2_품목,2026-07-31
https://finance.yahoo.com/markets/commodities/articles/wheat-posting-mixed-wednesday-trade-172057028.html,2186b744b5ebc078c6592525f6dc27d7,Wheat Posting Mixed Wednesday Trade,20260731T043000Z,finance.yahoo.com,English,United States,wheat,D2_품목,2026-07-31
https://www.leicestermercury.co.uk/news/leicester-news/red-bull-guzzling-thief-leicester-11086021,766822775e966340dd6dbb3d72182722,Red Bull - guzzling thief from Leicester back behind bars after drink cans link him to crimes,20260731T053000Z,leicestermercury.co.uk,English,United Kingdom,wheat,D2_품목,2026-07-31
https://www.fwi.co.uk/arable/harvest-2026-a-spring-crop-disaster-and-poor-straw-yields,d40354d6d15210eae9eda9f2ce311dda,Harvest 2026 : A spring crop disaster and poor straw yields,20260731T140000Z,fwi.co.uk,English,United Kingdom,wheat,D2_품목,2026-07-31
https://www.fwi.co.uk/arable/harvest/report-shows-wheat-yields-below-average-on-90-of-farms,7ad9fac07a3da908fa6076fd2b4701d5,Report shows wheat yields below average on 90 % of farms,20260731T140000Z,fwi.co.uk,English,United Kingdom,wheat,D2_품목,2026-07-31
https://www.theland.com.au/story/9319236/grain-growers-how-put-options-protect-against-price-falls/,c80be8bed76e81d1514b7ad0c7a38202,Grain Growers : How put options protect against price falls | The Land,20260731T020000Z,theland.com.au,English,Australia,wheat,D2_품목,2026-07-31
https://www.fwi.co.uk/news/ensus-support-extended-as-wheat-questions-linger,4eda0f06f72e7ab6476f60d522216e07,Ensus support extended as wheat questions linger,20260731T004500Z,fwi.co.uk,English,United Kingdom,wheat,D2_품목,2026-07-31
https://www.dailypress.com/2026/07/31/quick-fix-summer-corn-soup/,04208694cae1cc44ed9df73c18358f69,Quick Fix : Summer Corn Soup,20260731T151500Z,dailypress.com,English,United States,wheat,D2_품목,2026-07-31
https://www.theoaklandpress.com/2026/07/31/quick-fix-summer-corn-soup/,0ec3f9631b4e7cbf4e0149f4e7ac11da,Quick Fix : Summer Corn Soup,20260731T170000Z,theoaklandpress.com,English,United States,wheat,D2_품목,2026-07-31
https://www.theland.com.au/story/9321240/tuncooey-bonnie-doon-golden-triangle-property-set-for-sale/,9e5e1821d7cdd57b2aa6b7eedbf837fe,Tuncooey & Bonnie Doon : Golden Triangle property set for sale | The Land,20260731T020000Z,theland.com.au,English,Australia,wheat,D2_품목,2026-07-31
https://www.dailyfreeman.com/2026/07/31/quick-fix-summer-corn-soup/,c959b5cb8538df5d1c32da060449bbbb,Quick Fix : Summer Corn Soup,20260731T184500Z,dailyfreeman.com,English,United States,wheat,D2_품목,2026-07-31
https://www.macombdaily.com/2026/07/31/quick-fix-summer-corn-soup/,7d9de3d776b548839e4bf1797b750806,Quick Fix : Summer Corn Soup,20260731T180000Z,macombdaily.com,English,United States,wheat,D2_품목,2026-07-31
https://www.readingeagle.com/2026/07/31/quick-fix-summer-corn-soup/,f68e973a3a299673ebd55bbca3f600a9,Quick Fix : Summer Corn Soup,20260731T160000Z,readingeagle.com,English,United States,wheat,D2_품목,2026-07-31
https://www.kentonline.co.uk/secret-drinker/craft-beer-taps-stretched-as-far-as-the-eye-could-see-and-t-343351/,6fe9e88d1f7370931a1297e0d484d37b,"Secret Drinker reviews Sonder - the pub and bar in Charlotte Street , Broadstairs",20260731T060000Z,kentonline.co.uk,English,United Kingdom,wheat,D2_품목,2026-07-31
https://www.riotimesonline.com/grains-soy-corn-latam-friday-july-31-2026/,d6cb8dd46d0a8e3af11d6235eba3ea39,"Grains Wrap July 31 2026 : Wheat Rises as SOYB , CORN Dip",20260731T071500Z,riotimesonline.com,English,Brazil,wheat,D2_품목,2026-07-31
https://www.news-herald.com/2026/07/31/quick-fix-summer-corn-soup/,b8e5e1eae3a9db65a0a12bcfbc0aa2f0,Quick Fix : Summer Corn Soup,20260731T160000Z,news-herald.com,English,United States,wheat,D2_품목,2026-07-31
https://www.clevelandjewishnews.com/features/religious_life/torah/sustained-by-the-seven-species-of-israel/article_2c106c27-e436-43d6-bad6-0b6c7f9013ee.html,022165f6a6d34591ad467b0e168604d9,Sustained by the seven species of Israel,20260731T140000Z,clevelandjewishnews.com,English,Israel,wheat,D2_품목,2026-07-31
https://powertalk1360.iheart.com/content/2026-07-30-popular-cookies-recalled-due-to-undeclared-allergens/,403f4aec315c0e29cbb3fa6f6c72862c,Popular Cookies Recalled Due To Undeclared Allergens,20260731T000000Z,powertalk1360.iheart.com,English,United States,wheat,D2_품목,2026-07-31
https://600wmtradio.iheart.com/content/2026-07-30-popular-cookies-recalled-due-to-undeclared-allergens/,17ad13498042f62aee9606826a88a7a2,Popular Cookies Recalled Due To Undeclared Allergens,20260731T000000Z,600wmtradio.iheart.com,English,United States,wheat,D2_품목,2026-07-31
https://wiod.iheart.com/content/2026-07-30-popular-cookies-recalled-due-to-undeclared-allergens/,82e327bf9cc4ad936b65e9363a5a5106,Popular Cookies Recalled Due To Undeclared Allergens,20260731T000000Z,wiod.iheart.com,English,United States,wheat,D2_품목,2026-07-31
https://590kqnt.iheart.com/content/2026-07-30-popular-cookies-recalled-due-to-undeclared-allergens/,5c4349b994c02ab58b975d0690460d5d,Popular Cookies Recalled Due To Undeclared Allergens,20260731T011500Z,590kqnt.iheart.com,English,United States,wheat,D2_품목,2026-07-31
https://600kcol.iheart.com/content/2026-07-30-popular-cookies-recalled-due-to-undeclared-allergens/,ce0eff77f98a4764a880d4161f4abba2,Popular Cookies Recalled Due To Undeclared Allergens,20260731T011500Z,600kcol.iheart.com,English,United States,wheat,D2_품목,2026-07-31
https://newsradio967.iheart.com/content/2026-07-30-popular-cookies-recalled-due-to-undeclared-allergens/,4cbd3b168aeeaa20723dbe484c3767d6,Popular Cookies Recalled Due To Undeclared Allergens,20260731T011500Z,newsradio967.iheart.com,English,United States,wheat,D2_품목,2026-07-31
https://whnz.iheart.com/content/2026-07-30-popular-cookies-recalled-due-to-undeclared-allergens/,96b963a0f870f6a40a443035663b6051,Popular Cookies Recalled Due To Undeclared Allergens,20260731T011500Z,whnz.iheart.com,English,United States,wheat,D2_품목,2026-07-31
https://wmmbam.iheart.com/content/2026-07-30-popular-cookies-recalled-due-to-undeclared-allergens/,c1cea14c0a8b9998d48d1d07b3fb1048,Popular Cookies Recalled Due To Undeclared Allergens,20260731T011500Z,wmmbam.iheart.com,English,United States,wheat,D2_품목,2026-07-31
https://wrko.iheart.com/content/2026-07-30-popular-cookies-recalled-due-to-undeclared-allergens/,4856790977b5d1735abbae76bbe9dbf8,Popular Cookies Recalled Due To Undeclared Allergens,20260731T020000Z,wrko.iheart.com,English,United States,wheat,D2_품목,2026-07-31
https://wlac.iheart.com/content/2026-07-30-popular-cookies-recalled-due-to-undeclared-allergens/,883a3925c96ccb5dd73328425e9b292a,Popular Cookies Recalled Due To Undeclared Allergens,20260731T023000Z,wlac.iheart.com,English,United States,wheat,D2_품목,2026-07-31
https://1360kktx.iheart.com/content/2026-07-30-popular-cookies-recalled-due-to-undeclared-allergens/,bd78966fb2c51ff8103ac552db0e85db,Popular Cookies Recalled Due To Undeclared Allergens,20260731T023000Z,1360kktx.iheart.com,English,United States,wheat,D2_품목,2026-07-31
https://kwhn.iheart.com/content/2026-07-30-popular-cookies-recalled-due-to-undeclared-allergens/,2614ea0b63629e1853785350690967a5,Popular Cookies Recalled Due To Undeclared Allergens,20260731T023000Z,kwhn.iheart.com,English,United States,wheat,D2_품목,2026-07-31
https://k97fm.iheart.com/content/2026-07-30-popular-cookies-recalled-due-to-undeclared-allergens/,9fb8cdddd689a620ca9c0f7f1f3b530a,Popular Cookies Recalled Due To Undeclared Allergens,20260731T023000Z,k97fm.iheart.com,English,United States,wheat,D2_품목,2026-07-31
https://klvi.iheart.com/content/2026-07-30-popular-cookies-recalled-due-to-undeclared-allergens/,77c34b8cf27d15e5e73dc1518c24748a,Popular Cookies Recalled Due To Undeclared Allergens,20260731T023000Z,klvi.iheart.com,English,United States,wheat,D2_품목,2026-07-31
https://wccfradio.iheart.com/content/2026-07-30-popular-cookies-recalled-due-to-undeclared-allergens/,958129c016349826df5d658a2ab1b0cb,Popular Cookies Recalled Due To Undeclared Allergens,20260731T023000Z,wccfradio.iheart.com,English,United States,wheat,D2_품목,2026-07-31
https://wlap.iheart.com/content/2026-07-30-popular-cookies-recalled-due-to-undeclared-allergens/,c11025c6017c54cde370546a74cf4ec7,Popular Cookies Recalled Due To Undeclared Allergens,20260731T023000Z,wlap.iheart.com,English,United States,wheat,D2_품목,2026-07-31
https://b98fm.iheart.com/content/2026-07-30-popular-cookies-recalled-due-to-undeclared-allergens/,1a729ee9ff07686e39fe1daafa03651b,Popular Cookies Recalled Due To Undeclared Allergens,20260731T021500Z,b98fm.iheart.com,English,United States,wheat,D2_품목,2026-07-31
https://wflanews.iheart.com/content/2026-07-30-popular-cookies-recalled-due-to-undeclared-allergens/,52c4cc15d8eb747d44263d2643cd1a66,Popular Cookies Recalled Due To Undeclared Allergens,20260731T013000Z,wflanews.iheart.com,English,United States,wheat,D2_품목,2026-07-31
https://wtkg.iheart.com/content/2026-07-30-popular-cookies-recalled-due-to-undeclared-allergens/,998a2175f79ad8f232e4cce10caa39a1,Popular Cookies Recalled Due To Undeclared Allergens,20260731T013000Z,wtkg.iheart.com,English,United States,wheat,D2_품목,2026-07-31
https://newsradio1049.iheart.com/content/2026-07-30-popular-cookies-recalled-due-to-undeclared-allergens/,c901275321dd06eb999635d55d75097b,Popular Cookies Recalled Due To Undeclared Allergens,20260731T021500Z,newsradio1049.iheart.com,English,United States,wheat,D2_품목,2026-07-31
https://wflaorlando.iheart.com/content/2026-07-30-popular-cookies-recalled-due-to-undeclared-allergens/,e28ae8e0c50ffb93990a9198ffa11a4a,Popular Cookies Recalled Due To Undeclared Allergens | Newsradio WFLA Orlando,20260731T021500Z,wflaorlando.iheart.com,English,United States,wheat,D2_품목,2026-07-31
https://whp580.iheart.com/content/2026-07-30-popular-cookies-recalled-due-to-undeclared-allergens/,9930f327460b5af90b2611b6373b4ab2,Popular Cookies Recalled Due To Undeclared Allergens,20260731T021500Z,whp580.iheart.com,English,United States,wheat,D2_품목,2026-07-31
https://twincitiesnewstalk.iheart.com/content/2026-07-30-popular-cookies-recalled-due-to-undeclared-allergens/,d7882ac494394a83c8387df7803ff4b4,Popular Cookies Recalled Due To Undeclared Allergens | Twin Cities News Talk,20260731T013000Z,twincitiesnewstalk.iheart.com,English,United States,wheat,D2_품목,2026-07-31
https://newstalk1230.iheart.com/content/2026-07-30-popular-cookies-recalled-due-to-undeclared-allergens/,22cf25f8e6795fcc1671a13b71484151,Popular Cookies Recalled Due To Undeclared Allergens,20260731T013000Z,newstalk1230.iheart.com,English,United States,wheat,D2_품목,2026-07-31
https://knrs.iheart.com/content/2026-07-30-popular-cookies-recalled-due-to-undeclared-allergens/,928504de80386af88deeb72f29d298da,Popular Cookies Recalled Due To Undeclared Allergens | Talk Radio 105 . 9,20260731T013000Z,knrs.iheart.com,English,United States,wheat,D2_품목,2026-07-31
https://wgy.iheart.com/content/2026-07-30-popular-cookies-recalled-due-to-undeclared-allergens/,9456e975346ef9a978baa8c178836ee5,Popular Cookies Recalled Due To Undeclared Allergens | News Radio 103 . 1 and 810 WGY,20260731T013000Z,wgy.iheart.com,English,United States,wheat,D2_품목,2026-07-31
https://55krc.iheart.com/content/2026-07-30-popular-cookies-recalled-due-to-undeclared-allergens/,dad277b32396fa73af7853b8b226d4dc,Popular Cookies Recalled Due To Undeclared Allergens,20260731T011500Z,55krc.iheart.com,English,United States,wheat,D2_품목,2026-07-31
https://talk1200boston.iheart.com/content/2026-07-30-popular-cookies-recalled-due-to-undeclared-allergens/,c35f977cb105178258375e2117e16096,Popular Cookies Recalled Due To Undeclared Allergens,20260731T014500Z,talk1200boston.iheart.com,English,United States,wheat,D2_품목,2026-07-31
https://wdov.iheart.com/content/2026-07-30-popular-cookies-recalled-due-to-undeclared-allergens/,49143b931ce0b1e22caa3737a3b0d830,Popular Cookies Recalled Due To Undeclared Allergens,20260731T004500Z,wdov.iheart.com,English,United States,wheat,D2_품목,2026-07-31
https://newstalk1130.iheart.com/content/2026-07-30-popular-cookies-recalled-due-to-undeclared-allergens/,c6bcf8fac59501de7c2eae93f8619d2d,Popular Cookies Recalled Due To Undeclared Allergens,20260731T004500Z,newstalk1130.iheart.com,English,United States,wheat,D2_품목,2026-07-31
https://kfbk.iheart.com/content/2026-07-30-popular-cookies-recalled-due-to-undeclared-allergens/,492ef274bc33ad32678a161d96fd3867,Popular Cookies Recalled Due To Undeclared Allergens,20260731T004500Z,kfbk.iheart.com,English,United States,wheat,D2_품목,2026-07-31
https://wiba.iheart.com/content/2026-07-30-popular-cookies-recalled-due-to-undeclared-allergens/,4e69b3f33ac2167fdf4a283463a59806,Popular Cookies Recalled Due To Undeclared Allergens,20260731T004500Z,wiba.iheart.com,English,United States,wheat,D2_품목,2026-07-31
https://newsradio1170.iheart.com/content/2026-07-30-popular-cookies-recalled-due-to-undeclared-allergens/,6d9560fea5b14508ebc61ebf42f54b5f,Popular Cookies Recalled Due To Undeclared Allergens,20260731T004500Z,newsradio1170.iheart.com,English,United States,wheat,D2_품목,2026-07-31
https://woc1420.iheart.com/content/2026-07-30-popular-cookies-recalled-due-to-undeclared-allergens/,ce2d9739c5e7db01ae2fda808fea33ba,Popular Cookies Recalled Due To Undeclared Allergens,20260731T004500Z,woc1420.iheart.com,English,United States,wheat,D2_품목,2026-07-31
https://1061fmtalk.iheart.com/content/2026-07-30-popular-cookies-recalled-due-to-undeclared-allergens/,2bf54bf6ad45bf58809424b73cde907d,Popular Cookies Recalled Due To Undeclared Allergens,20260731T000000Z,1061fmtalk.iheart.com,English,United States,wheat,D2_품목,2026-07-31
https://wbhpam.iheart.com/content/2026-07-30-popular-cookies-recalled-due-to-undeclared-allergens/,f89526404e790576c8aa62ecd96c4125,Popular Cookies Recalled Due To Undeclared Allergens,20260731T001500Z,wbhpam.iheart.com,English,United States,wheat,D2_품목,2026-07-31
https://ktok.iheart.com/content/2026-07-30-popular-cookies-recalled-due-to-undeclared-allergens/,804c089d5bec17647803ef733cb61765,Popular Cookies Recalled Due To Undeclared Allergens,20260731T001500Z,ktok.iheart.com,English,United States,wheat,D2_품목,2026-07-31
https://wrno.iheart.com/content/2026-07-30-popular-cookies-recalled-due-to-undeclared-allergens/,6a5bf6c68e22944ccfca177186ba1a36,Popular Cookies Recalled Due To Undeclared Allergens,20260731T001500Z,wrno.iheart.com,English,United States,wheat,D2_품목,2026-07-31
https://powertalk967.iheart.com/content/2026-07-30-popular-cookies-recalled-due-to-undeclared-allergens/,faf6fe504df2a27bcb6d2c3e3f86a2d6,Popular Cookies Recalled Due To Undeclared Allergens,20260731T010000Z,powertalk967.iheart.com,English,United States,wheat,D2_품목,2026-07-31
https://www.syngenta.com/agriculture/environmental-challenges/five-weeds-impacting-global-food-security,b18198d6084f42aef38401604efc3c7e,Five of the top weeds impacting global food security,20260731T184500Z,syngenta.com,English,United States,wheat,D2_품목,2026-07-31
https://www.gx94radio.com/2026/07/30/july-30-closing-commodity-prices/,4ffe41b4dc0e2f9222c4ac15cbb48091,July 30 Closing Commodity Prices,20260731T000000Z,gx94radio.com,English,Canada,wheat,D2_품목,2026-07-31
https://www.salisburyjournal.co.uk/news/26411400.best-14-julyphotos-salisbury-journal-camera-club/,c55fd60bc34875f9791c2c215a0e40c2,The best 14 Julyphotos from Salisbury Journal Camera Club,20260731T080000Z,salisburyjournal.co.uk,English,United Kingdom,wheat,D2_품목,2026-07-31
https://townhall.com/columnists/michaelbarone/2026/07/31/americas-peak-socialism-abandoned-a-century-ago-n2680431,65202cc160638a272a53cc30e195dc4a,America Peak Socialism Abandoned a Century Ago,20260731T061500Z,townhall.com,English,United States,wheat,D2_품목,2026-07-31
https://www.620ckrm.com/2026/07/31/opening-grain-prices-friday-july-31-2/,60370526d7634d3a8bc8369594933756,"Opening grain prices Friday , July 31",20260731T180000Z,620ckrm.com,English,Canada,wheat,D2_품목,2026-07-31
https://www.stockjournal.com.au/story/9319236/grain-growers-how-put-options-protect-against-price-falls/,c822f3b9ae8ab4fbc14ad202577adfae,Grain Growers : How put options protect against price falls | Stock Journal,20260731T050000Z,stockjournal.com.au,English,Australia,wheat,D2_품목,2026-07-31
https://www.queenslandcountrylife.com.au/story/9319236/grain-growers-how-put-options-protect-against-price-falls/,b01c60187b8f726fb85381eded5e7320,Grain Growers : How put options protect against price falls | Queensland Country Life,20260731T030000Z,queenslandcountrylife.com.au,English,Australia,wheat,D2_품목,2026-07-31
https://hpj.com/2026/07/31/sorghum-futures-get-a-boost-from-cme/,56a2592834c827c68bc66b0ad6d3f59e,Sorghum futures get a boost from CME - High Plains Journal,20260731T134500Z,hpj.com,English,United States,wheat,D2_품목,2026-07-31
http://www.maritimeprofessional.com/news/russian-grain-lobby-warns-black-421653,9cf35d0cbcca44c2dee853d937d1c7c8,Russian Grain Lobby Warns Black Sea Attacks Threaten Grain Security,20260731T183000Z,maritimeprofessional.com,English,United States,wheat,D2_품목,2026-07-31
https://finance.yahoo.com/energy/articles/farmers-spent-1-4b-more-040020373.html,af88c924e5434cb645613d3d2cbdb3ab,Farmers spent $1 . 4B more on diesel during planting season,20260731T043000Z,finance.yahoo.com,English,United States,wheat,D2_품목,2026-07-31
https://www.moneycontrol.com/health-and-fitness/6-indian-foods-to-hit-your-daily-35g-fiber-goal-article-13989077.html,389e30f08719e16aeaa43dfb52a5e3e3,6 Indian foods to hit your daily 35g fiber goal,20260731T034500Z,moneycontrol.com,English,India,wheat,D2_품목,2026-07-31
https://www.herefordtimes.com/news/26412120.whittern-farms-manager-nominated-british-farming-awards/,31748601f2e0c8e987360fb0d5376a62,Whittern Farms manager nominated for British Farming Awards,20260731T050000Z,herefordtimes.com,English,United Kingdom,wheat,D2_품목,2026-07-31
https://www.aljazeera.com/news/2026/7/31/russia-and-ukraine-report-casualties-as-they-continue-to-trade-attacks,7f08a991be278be90f3887b48805d744,Russia and Ukraine report casualties as they continue to trade attacks,20260731T174500Z,aljazeera.com,English,United States,wheat,D2_품목,2026-07-31
https://www.globaltimes.cn/page/202607/1367241.shtml,1638a62411bb7667fcfb028579f120b6,"2 , 300 - year - old liquor residue unearthed in China Ningxia",20260731T033000Z,globaltimes.cn,English,China,wheat,D2_품목,2026-07-31
https://theeagleonline.com.ng/bua-foods-posts-n292b-half-year-profit/,25cdf9d49522f3576fd926fbd996d48d,BUA Foods posts N292b half - year profit,20260731T084500Z,theeagleonline.com.ng,English,Nigeria,wheat,D2_품목,2026-07-31
https://www.techradar.com/pro/desky-coilflex-ergonomic-office-chair-review,52295a5432cfe4ca69435312d7cfe1a5,Desky CoilFlex Ergonomic office chair review : a comfortable cushy seat that can accommodate taller users,20260731T013000Z,techradar.com,English,United Kingdom,wheat,D2_품목,2026-07-31
https://en.tempo.co/read/2116252/israeli-and-palestinian-researchers-develop-new-wheat-variety,e1c39cd63089c2a5242138e02236d8aa,Israeli and Palestinian Researchers Develop New Wheat Variety,20260731T061500Z,en.tempo.co,English,,wheat,D2_품목,2026-07-31
https://www.ibtimes.co.uk/england-record-heat-related-deaths-2023-1811718,d08fb329fbb7135be79f43e65d3cb6e0,"UK Heatwave Deaths Near 3 , 000 as  Heat Dome  Fuels Deadliest Summer in Years",20260731T053000Z,ibtimes.co.uk,English,United Kingdom,wheat,D2_품목,2026-07-31
https://www.romania-insider.com/heat-wave-romania-crops-july-2026,5606561acc54e772851eae854da215de,Heat wave has limited impact on Romania crops,20260731T071500Z,romania-insider.com,English,Romania,wheat,D2_품목,2026-07-31
https://www.ign.com/wikis/disney-dreamlight-valley/How_to_Unlock_Ralph,9f99606baa229c3ea2ed06c2388e333e,How to Unlock Ralph - Disney Dreamlight Valley Guide,20260731T024500Z,ign.com,English,United States,wheat,D2_품목,2026-07-31
https://www.fwi.co.uk/livestock/livestock-farmer-focus/farmer-focus-dry-weather-great-for-site-work-but-not-cows,2bb66650511009fad0b3973180039f0b,Farmer Focus : Dry weather great for site work but not cows,20260731T004500Z,fwi.co.uk,English,United Kingdom,wheat,D2_품목,2026-07-31
https://www.edp24.co.uk/news/26425235.suffolks-elveden-estate-sees-new-3m-reservoir-run-dry/,6cf32d89592632636a797037a6db758e,Suffolk Elveden Estate sees new £3m reservoir run dry,20260731T094500Z,edp24.co.uk,English,United Kingdom,wheat,D2_품목,2026-07-31
https://www.oxfordmail.co.uk/news/26424811.drought-pushing-oxfordshire-farmers-breaking-point/,6d6b35469fa094801c9750ffcd26ed0e,Drought pushing Oxfordshire farmers to breaking point,20260731T123000Z,oxfordmail.co.uk,English,United Kingdom,wheat,D2_품목,2026-07-31
https://www.hellenicshippingnews.com/the-commodities-feed-oil-slips-as-more-crude-flows-out-of-persian-gulf/,b8af4567bc76bf6695e222a830a9668f,The Commodities Feed : Oil slips as more crude flows out of Persian Gulf | Hellenic Shipping News Worldwide,20260731T140000Z,hellenicshippingnews.com,English,China,wheat,D2_품목,2026-07-31
https://www.bizcommunity.com/article/controlling-the-controllable-global-commodity-outlook-for-the-upcoming-planting-season-189056a,dd94804affff30ccd048dc298cbc7714,Controlling the controllable : Global commodity outlook for the upcoming planting season,20260731T130000Z,bizcommunity.com,English,South Africa,wheat,D2_품목,2026-07-31
https://www.daytondailynews.com/lifestyles/food/loose-ends-brewing-medals-at-u-s-open-beer-championship-we-re-very-humbled/article_29e05602-9aaa-5926-9709-a9f55fa63b34.html,14409688d9b9a9bd15858548c32afb27,Loose Ends Brewing medals at U . S . Open Beer Championship :  Were very humbled  | Food & Dining,20260731T180000Z,daytondailynews.com,English,United States,wheat,D2_품목,2026-07-31
https://timesofindia.indiatimes.com/world/pakistan/pakistan-minister-invokes-cockroaches-analogy-says-united-gen-z-can-turn-everything-upside-down/articleshow/132765500.cms,f90a1e68dc1dad06f618d1b2acfc036c,"Pakistan minister invokes  cockroache analogy , says united Gen - Z can  turn everything upside down  ",20260731T124500Z,timesofindia.indiatimes.com,English,India,wheat,D2_품목,2026-07-31
https://www.spokesman.com/stories/2026/jul/31/from-the-streets-of-seoul-to-spokanes-crescent-bui/,f57a7d344370660007bf0d35a6e9e813,"From the streets of Seoul to Spokane Crescent Building : Izzie K - Dogs adds unique twist to beloved , deep - fried dish",20260731T150000Z,spokesman.com,English,United States,wheat,D2_품목,2026-07-31
https://tribune.com.pk/story/2621255/governance-system-has-collapsed-naqvi,f407cea9dd45c3ab087131416b90c560,Governance system has collapsed : Naqvi,20260731T021500Z,tribune.com.pk,English,Pakistan,wheat,D2_품목,2026-07-31
https://asianews.network/harvesting-chinas-history-in-fields-of-stone/,d17a237b678a7c2cc13b05faa78609dd,Harvesting China history in fields of stone – Asia News Network,20260731T044500Z,asianews.network,English,China,wheat,D2_품목,2026-07-31
https://www.timesherald.com/2026/07/31/quick-fix-summer-corn-soup/,32f515e116deb949fbac7735af748168,Quick Fix : Summer Corn Soup,20260731T161500Z,timesherald.com,English,United States,wheat,D2_품목,2026-07-31
https://www.mainlinemedianews.com/2026/07/31/quick-fix-summer-corn-soup/,372d7ef7179aa9cbdca7cfda02bc2b5b,Quick Fix : Summer Corn Soup,20260731T150000Z,mainlinemedianews.com,English,United States,wheat,D2_품목,2026-07-31
https://www.troyrecord.com/2026/07/31/quick-fix-summer-corn-soup/,c8dbdd8ca3ab27964dd7fc6b8327361c,Quick Fix : Summer Corn Soup,20260731T151500Z,troyrecord.com,English,United States,wheat,D2_품목,2026-07-31
https://www.oneidadispatch.com/2026/07/31/quick-fix-summer-corn-soup/,7b9e452c807cdd7bbae30bc26853b4ab,Quick Fix : Summer Corn Soup,20260731T180000Z,oneidadispatch.com,English,United States,wheat,D2_품목,2026-07-31
https://www.thedickinsonpress.com/opinion/columns/hopes-corner-celebrating-bread,6aae6448819168bbcf4e6b40b93d5f8b,Hope Corner : Celebrating bread,20260731T183000Z,thedickinsonpress.com,English,United States,wheat,D2_품목,2026-07-31
https://www.themorningsun.com/2026/07/31/quick-fix-summer-corn-soup/,b597ee4f39696ab66a57e7c51e322887,Quick Fix : Summer Corn Soup,20260731T183000Z,themorningsun.com,English,United States,wheat,D2_품목,2026-07-31
https://www.morningjournal.com/2026/07/31/quick-fix-summer-corn-soup/,21b8a8a348e8361bea6d0bb21f29990b,Quick Fix : Summer Corn Soup,20260731T183000Z,morningjournal.com,English,United States,wheat,D2_품목,2026-07-31
https://www.saratogian.com/2026/07/31/quick-fix-summer-corn-soup/,49895da282dd83d48d73e3d50bc4efa2,Quick Fix : Summer Corn Soup,20260731T181500Z,saratogian.com,English,United States,wheat,D2_품목,2026-07-31
https://discoverestevan.com/articles/research-farm-showcases-data-driven-farming-at-annual-tour,29c08365ff0e79128001023e4fc7130c,"Research farm showcases data - driven farming at annual tour - DiscoverEstevan . com - Local news , Weather , Sports , Free Classifieds and Business Listings for the Estevan , Saskatchewan",20260731T184500Z,discoverestevan.com,English,Canada,wheat,D2_품목,2026-07-31
https://www.republicanherald.com/2026/07/31/quick-fix-summer-corn-soup/,92d6998eb4e5c4ff2f6c58d26d7657d1,Quick Fix : Summer Corn Soup,20260731T184500Z,republicanherald.com,English,United States,wheat,D2_품목,2026-07-31
https://www.israelnationalnews.com/news/431067,451fbbc2289c284b686596b346839ff3,Parashat Eikev : Two Loves for Eretz Yisrael,20260731T153000Z,israelnationalnews.com,English,Israel,wheat,D2_품목,2026-07-31
https://kxel.com/2026/07/30/farmers-spent-1-4b-more-on-diesel-during-planting-season/,750461200790fa3e6c64b9bffb5543da,Farmers spent $1 . 4B more on diesel during planting season,20260731T023000Z,kxel.com,English,United States,wheat,D2_품목,2026-07-31
https://www.etftrends.com/commodities-content-hub/two-measures-inflation-june-2026/,6fdfbc502bcfcc7247caa9135d4fa7f9,Two Measures of Inflation : June 2026,20260731T174500Z,etftrends.com,English,China,wheat,D2_품목,2026-07-31
https://www.berkshireeagle.com/business/columnist/oversold-tech-rebounds-relief-rally/article_2e60e3d1-f8c9-48a3-aec7-c6a3785e460d.html,99cc1876ad85825c073df26c37b3af64,Oversold tech rebounds in a relief rally,20260731T181500Z,berkshireeagle.com,English,United States,wheat,D2_품목,2026-07-31
https://timesofindia.indiatimes.com/life-style/food-news/fda-asks-maharashtra-schools-to-stop-selling-these-foods-loved-by-children-10-healthy-homemade-school-snack-to-carry/articleshow/132757511.cms,84ad78f97c0858202f0a5899b9b016b8,Healthy Indian Lunchbox Ideas : FDA asks Maharashtra schools to stop selling these foods loved by children : 10 healthy homemade school snack to carry,20260731T064500Z,timesofindia.indiatimes.com,English,India,wheat,D2_품목,2026-07-31
https://www.kcbd.com/2026/07/31/food-thought-dead-rodent-sink-restaurant-temporarily-shut-down/,02ebce3e758dea901d37b41ca1d02ad7,Food for Thought : A dead rodent in a sink and a restaurant temporarily shut down,20260731T051500Z,kcbd.com,English,United States,wheat,D2_품목,2026-07-31
https://consortiumnews.com/2026/07/31/common-sense-the-pentagon-budget/,5cb8662a47284f27f52842a94e7ff2fd,Common Sense & the Pentagon Budget,20260731T193000Z,consortiumnews.com,English,United States,wheat,D2_품목,2026-07-31
https://www.eastlothiancourier.com/news/26426164.gullane-games-day-round-off-popular-family-event/,8ca402e69c05a8bcb9e913845781821b,Gullane Games Day to round off popular family event,20260731T133000Z,eastlothiancourier.com,English,United Kingdom,wheat,D2_품목,2026-07-31
https://en.people.cn/n3/2026/0731/c98649-20484237.html,27fb538bd3c0816f094ec6c936804f43,"Bread fuels a 30 - billion - yuan industry in Zixi , E China Jiangxi",20260731T100000Z,en.people.cn,English,China,wheat,D2_품목,2026-07-31
https://westcentralonline.com/articles/west-central-crops-feeling-the-heat-as-moisture-levels-dip,d567330ace599958936f7f40877fba87,"West Central crops feeling the heat as moisture levels dip - WestCentralOnline : West Central Saskatchewan latest news , sports , weather , community events . ",20260731T124500Z,westcentralonline.com,English,Canada,wheat,D2_품목,2026-07-31
https://www.newscientist.com/article/2582512-read-an-extract-from-the-dog-stars-by-peter-heller/,c704934b8a9d80115f93446d71b9bb23,New Scientist Book Club : Read an extract from The Dog Stars by Peter Heller,20260731T094500Z,newscientist.com,English,United States,wheat,D2_품목,2026-07-31
https://www.restaurantmagazine.com/bad-daddys-burger-bar-big-dill-august-monthly-drop/,0fb64d1d7e2e3f1f812004c4086cfc0e,"Bad Daddy Burger Bar Launches Pickle - Packed Monthly Drop # 006 , The Big Dill",20260731T000000Z,restaurantmagazine.com,English,United States,wheat,D2_품목,2026-07-31
https://www.portageonline.com/articles/farmers-showcase-sustainable-potato-production,a70f2749740d27542eb2fe06dae3b08d,"Farmers showcase sustainable potato production - PortageOnline . com - Local news , Weather , Sports , Free Classifieds and Job Listings",20260731T140000Z,portageonline.com,English,Canada,wheat,D2_품목,2026-07-31
https://www.zerohedge.com/geopolitical/fourth-turning-global-war-has-entered-terminal-phase,fdec424ce4f48e4a4a07d295ccd0b985,The Fourth Turning Global War Has Entered The Terminal Phase,20260731T050000Z,zerohedge.com,English,United States,wheat,D2_품목,2026-07-31
https://jewishworldreview.com/michael/barone073126.php,fe70678ea3cc9ab5ca5f4a51a97e7a97,America Peak Socialism -- Abandoned a Century Ago,20260731T141500Z,jewishworldreview.com,English,United States,wheat,D2_품목,2026-07-31
https://www.farminguk.com/news/britain-s-earliest-harvest-in-20-years-hits-cereal-yields_68910.html,ef0443cfbd840fa312a30510605431fe,Britain earliest harvest in 20 years hits cereal yields,20260731T094500Z,farminguk.com,English,United Kingdom,wheat,D2_품목,2026-07-31
https://www.restaurantnewsrelease.com/bad-daddys-turns-up-the-brine-with-the-big-dill-for-august/,0d47991a1b7e6bb8b85f827e4f07f2e9,Bad Daddy Turns Up the Brine with The Big Dill for August | RestaurantNewsRelease . com,20260731T011500Z,restaurantnewsrelease.com,English,United States,wheat,D2_품목,2026-07-31
https://www.restaurantnews.com/bad-daddys-burger-bar-big-dill-burger-073026/,e31261744c48b9c30d519092b8a52036,Bad Daddy Turns Up the Brine with The Big Dill for August,20260731T033000Z,restaurantnews.com,English,United States,wheat,D2_품목,2026-07-31
https://ianslive.in/pakistans-current-governance-system-has-collapsed-interior-minister-naqvi--20260731151608,6fa161f7911f30c3074c367ee4719ae0,Pakistan current governance system has collapsed : Interior Minister Naqvi,20260731T123000Z,ianslive.in,English,India,wheat,D2_품목,2026-07-31
https://www.orissapost.com/pakistans-governance-system-collapsed-mohsin-naqvi/,9648b2cc715ec34ff7eb39a8a0ac546e,Pakistan governance system collapsed : Mohsin Naqvi,20260731T130000Z,orissapost.com,English,India,wheat,D2_품목,2026-07-31
https://www.bicesteradvertiser.net/news/26424811.drought-pushing-oxfordshire-farmers-breaking-point/,4e4128e268a3fe150608117c1e5b0468,Drought pushing Oxfordshire farmers to breaking point,20260731T151500Z,bicesteradvertiser.net,English,United Kingdom,wheat,D2_품목,2026-07-31
https://www.thisisoxfordshire.co.uk/news/26424811.drought-pushing-oxfordshire-farmers-breaking-point/,1260ed5ad61a66b0500ff1971095c2f7,Drought pushing Oxfordshire farmers to breaking point,20260731T151500Z,thisisoxfordshire.co.uk,English,United Kingdom,wheat,D2_품목,2026-07-31
https://www.nvdaily.com/nvdaily/lisa-currie-the-menu-includes-foods-and-flavors-from-around-the-globe/article_6c86ab86-8b73-5170-8c20-fa9b00f40dc0.html,0f32c1f03f54762e24552c81c123ba06,Lisa Currie : The menu includes foods and flavors from around the globe,20260731T051500Z,nvdaily.com,English,United States,wheat,D2_품목,2026-07-31
https://itbusinessnet.com/2026/07/review-of-31-studies-finds-vegan-dog-food-and-vegan-cat-food-are-well-digested/,dac5bbf628f5aa79eaab3b24eb2b1f1c,Review of 31 Studies Finds Vegan Dog Food and Vegan Cat Food Are Well Digested – IT Business Net,20260731T064500Z,itbusinessnet.com,English,United States,wheat,D2_품목,2026-07-31
https://www.hometownregister.com/illinois-crop-conditions-vary-by-rainfall-amounts-in-illinois/article_7bb1cbdc-42cf-52ca-a474-9d3932162ed2.html,777f366a9315ff7de656fd10c0911023,Illinois crop conditions vary by rainfall amounts in Illinois,20260731T013000Z,hometownregister.com,English,,wheat,D2_품목,2026-07-31
https://www.progressiverailroading.com/RailPrime/details/Short-line-traffic-infirsthalf-Mostly-onthepositive-side--77453,a7f56c40434c33954dffd5bbbe1bd847,Short - line traffic in first half ? Mostly on the positive side  - RailPrime | ProgressiveRailroading,20260731T193000Z,progressiverailroading.com,English,United States,wheat,D2_품목,2026-07-31
https://www.wunc.org/2026-07-30/heres-how-parasite-went-from-a-laughing-matter-to-a-serious-biological-threat,277b98df3764226db684a2376f1f122d,Here how  parasite  went from a laughing matter to a serious biological threat,20260731T020000Z,wunc.org,English,United States,wheat,D2_품목,2026-07-31
https://www.wshu.org/arts-culture/2026-07-30/heres-how-parasite-went-from-a-laughing-matter-to-a-serious-biological-threat,aca972e7395c71225ae8c533d9c02544,Here how  parasite  went from a laughing matter to a serious biological threat,20260731T000000Z,wshu.org,English,United States,wheat,D2_품목,2026-07-31
https://www.messenger-inquirer.com/obituaries/william-bill-george-bach/article_bd70bdc6-ef90-5b09-8865-17a82cc2d852.html,2c7cad520719f196f7ef924377f254cc,William ( Bill ) George Bach,20260731T084500Z,messenger-inquirer.com,English,United States,wheat,D2_품목,2026-07-31
https://www.fox34.com/2026/07/31/food-thought-dead-rodent-sink-restaurant-temporarily-shut-down/,c6ec08539fa22439cc4ffa03f25b131c,Food for Thought : A dead rodent in a sink and a restaurant temporarily shut down,20260731T060000Z,fox34.com,English,United States,wheat,D2_품목,2026-07-31
https://blueprint.ng/the-kaduna-july-28-declaration-a-historic-return-to-inclusive-governance/,4aabd1343ef79d0178105fd199f8dde4,The Kaduna July 28 Declaration : A historic return to inclusive governance,20260731T083000Z,blueprint.ng,English,Nigeria,wheat,D2_품목,2026-07-31
https://dailyyonder.com/qa-the-filmmaker-asking-hard-questions-about-wildfires/2026/07/31/,7b69d643255598266afd2c6ff3b47b26,Q & A : The Filmmaker Asking Hard Questions About Wildfires,20260731T161500Z,dailyyonder.com,English,United States,wheat,D2_품목,2026-07-31
https://timesofindia.indiatimes.com/world/us/after-a-2022-study-explored-covering-4000-miles-of-californias-canals-with-solar-panels-a-1-6-megawatt-pilot-was-completed-in-2026/articleshow/132761637.cms,1e2be1e3ac6ee29bf6426e224d0a0a57,"After a 2022 study explored covering 4 , 000 miles of California canals with solar panels , a 1 . 6 - megawatt pilot was completed in 2026 | World News",20260731T130000Z,timesofindia.indiatimes.com,English,India,canal,D3_인프라,2026-07-31
https://timesofindia.indiatimes.com/world/uk/thousands-of-rubber-ducks-raced-through-a-london-canal-to-raise-money-for-critically-ill-children-turning-a-charity-event-into-a-colourful-spectacle/articleshow/132767127.cms,c6c0ef196e0aef8e713f03e7aa4877d9,"Thousands of rubber ducks raced through a London canal to raise money for critically ill children , turning a charity event into a colourful spectacle",20260731T141500Z,timesofindia.indiatimes.com,English,India,canal,D3_인프라,2026-07-31
https://www.toronto.com/things-to-do/music/port-colborne-canal-days-2026-entertainment-lineup-announced/article_451a5c5f-e6c1-5b4d-982e-b3de1dcad180.html,613e5365ec4de1f33526ea93b943c6d6,Port Colborne Canal Days 2026 entertainment lineup announced,20260731T094500Z,toronto.com,English,Canada,canal,D3_인프라,2026-07-31
https://timesofindia.indiatimes.com/city/vadodara/11-year-old-girl-drowns-after-falling-into-canal-near-anand-sp-office/articleshow/132776429.cms,de60286a15c5b5a9bb1a568367a53259,11 - year - old girl drowns after falling into canal near Anand SP office,20260731T200000Z,timesofindia.indiatimes.com,English,India,canal,D3_인프라,2026-07-31
https://www.wafb.com/2026/07/31/man-dead-after-crashing-boat-st-james-parish/,b9e1c9ef8b36733ad9ee075da2dd4d37,Man dead after crashing boat in St . James Parish,20260731T183000Z,wafb.com,English,United States,canal,D3_인프라,2026-07-31
https://www.businesstoday.in/india/story/kanwar-yatra-2026-kicks-off-key-routes-major-highway-closures-diversions-to-avoid-in-delhi-ncr-546398-2026-07-31,f7407c96c0be8b2e255bc97578a5795e,"Kanwar Yatra 2026 kicks off : Key routes , major highway closures & diversions to avoid in Delhi NCR",20260731T041500Z,businesstoday.in,English,India,canal,D3_인프라,2026-07-31
https://www.pilotonline.com/2026/07/30/chesapeake-celebrates-opening-of-historical-village-at-great-dismal-swamp/,7b0743ee772e02d02673098598a3bf8f,Chesapeake celebrates opening of Historical Village at Great Dismal Swamp,20260731T030000Z,pilotonline.com,English,United States,canal,D3_인프라,2026-07-31
https://www.wbrz.com/news/ldwf-agents-investigating-fatal-st-james-parish-boat-crash-that-killed-32-year-old-austin-mckee,95ee0e42fdb3b45ffe6fc9c11a458380,LDWF agents investigating fatal St . James Parish boat crash that killed 32 - year - old Austin McKee,20260731T194500Z,wbrz.com,English,United States,canal,D3_인프라,2026-07-31
https://www.deccanchronicle.com/southern-states/telangana/instant-inflows-continue-in-srsp-nizamsagar-projects-1975647,938150cdf857f1a65db327a30b5b8081,"Instant Inflows Continue in SRSP , Nizamsagar Projects",20260731T193000Z,deccanchronicle.com,English,India,canal,D3_인프라,2026-07-31
https://www.wbrz.com/news/comite-diversion-canal-on-track-for-2028-completion-as-all-23-contracts-awarded,b8cc678c7109c594d761814e7d4043bd,Comite Diversion Canal on track for 2028 completion as all 23 contracts awarded,20260731T061500Z,wbrz.com,English,United States,canal,D3_인프라,2026-07-31
https://www.gsmarena.com/samsung_is_also_working_on_a_pair_of_galaxy_buds_with_an_ear_hook_design-news-73946.php,46492e9d4312f8057068f772842b84b0,Samsung is also working on a pair of Galaxy Buds with an ear hook design,20260731T053000Z,gsmarena.com,English,China,canal,D3_인프라,2026-07-31
https://www.thehindu.com/news/national/karnataka/amid-cauvery-release-order-kabini-farmers-seek-immediate-canal-water-release/article71290299.ece,8eb32792b6e1e2f3b6b33e06f832174d,"Amid Cauvery release order , Kabini farmers seek immediate canal water release",20260731T143000Z,thehindu.com,English,India,canal,D3_인프라,2026-07-31
https://www.wtoc.com/2026/07/31/lightning-strike-suspected-be-cause-woods-fire-colleton-county/,816be43703ae8bbf659972d79782730b,Lightning strike suspected to be cause of woods fire in Colleton County,20260731T154500Z,wtoc.com,English,United States,canal,D3_인프라,2026-07-31
https://www.wdsu.com/article/st-james-boat-crash-one-dead/73318405,5580a9ef5bf451f1c242cb510aecb320,St . James Parish boat crash leaves one man dead,20260731T183000Z,wdsu.com,English,United States,canal,D3_인프라,2026-07-31
https://timesofindia.indiatimes.com/city/aurangabad/forest-officer-held-for-accepting-rs-5-lakh-in-bribe/articleshow/132773346.cms,3d59afd294197f6bef1affd8882e3ef4,Forest officer held for accepting Rs 5 lakh in bribe,20260731T174500Z,timesofindia.indiatimes.com,English,India,canal,D3_인프라,2026-07-31
https://www.riotimesonline.com/panama-canal-draft-cut-el-nino-2026/,78865bb9e325b321fe6cf8a1fafe6ebc,Panama Canal Draft Cut Again as El Niño Threatens Water,20260731T120000Z,riotimesonline.com,English,Brazil,canal,D3_인프라,2026-07-31
https://www.gdnonline.com:443/Details/1402114/Trump-weighs-two-week-expansion-of-military-operations-against-Iran,244fd8fe0c679854e39c40fa39d81548,World News : Trump weighs two - week expansion of military operations against Iran,20260731T000000Z,gdnonline.com,English,United States,canal,D3_인프라,2026-07-31
https://www.gdnonline.com:443/Details/1402114,aee1127e53042cc5e5cdfde115a723d7,World News : Trump weighs two - week expansion of military operations against Iran,20260731T024500Z,gdnonline.com,English,United States,canal,D3_인프라,2026-07-31
https://azbigmedia.com/business/srp-completes-gilbert-road-pipeline-project/,8185326e50288e8c542d4374d3e92c45,SRP completes Gilbert Road Pipeline project,20260731T200000Z,azbigmedia.com,English,United States,canal,D3_인프라,2026-07-31
https://www.dailykos.com/stories/2026/7/30/800077507/community/there-are-no-fetus-baby-parts-in-the-covid-vaccination/,e8c9d3779048ba68d905ad43e6713919,There are NO  fetus baby part in the COVID vaccination,20260731T023000Z,dailykos.com,English,United States,canal,D3_인프라,2026-07-31
https://www.argusmedia.com/en/news-and-insights/latest-market-news/2859479-sonatrach-august-lpg-sps-set-at-c3-540-t-c4-570-t,037e3d2bd30be377574c8f27fb5c2287,"Sonatrach August LPG SPs set at C3 $540 / t , C4 570 / t",20260731T140000Z,argusmedia.com,English,United States,canal,D3_인프라,2026-07-31
https://www.northumberlandnews.com/things-to-do/music/port-colborne-canal-days-2026-entertainment-lineup-announced/article_b7726157-93f8-579e-9602-a53dc4ea56ed.html,7623a2757d65fa5c00b8d302d3c0dc45,Port Colborne Canal Days 2026 entertainment lineup announced,20260731T033000Z,northumberlandnews.com,English,Canada,canal,D3_인프라,2026-07-31
https://www.simcoe.com/things-to-do/music/port-colborne-canal-days-2026-entertainment-lineup-announced/article_4facd708-a77b-5bac-984f-02f9a68783f1.html,1be82f4c99ff7c8f870fefb90afb121f,Port Colborne Canal Days 2026 entertainment lineup announced,20260731T020000Z,simcoe.com,English,Canada,canal,D3_인프라,2026-07-31
https://www.theifp.ca/things-to-do/music/port-colborne-canal-days-2026-entertainment-lineup-announced/article_9b2d985a-d9fe-5cfc-8886-9e6a1d723490.html,ae790c0df1a84f72fe412de8438a4ba2,Port Colborne Canal Days 2026 entertainment lineup announced,20260731T020000Z,theifp.ca,English,Canada,canal,D3_인프라,2026-07-31
https://www.thehindu.com/news/cities/chennai/over-25-environmental-groups-seek-independent-review-panel-halt-to-mamallan-reservoir-work/article71289357.ece,bb9f99052d8a42b88d41c3696eb209a5,"Over 25 environmental groups seek independent review panel , halt to Mamallan reservoir work",20260731T094500Z,thehindu.com,English,India,canal,D3_인프라,2026-07-31
https://www.finanznachrichten.de/nachrichten-2026-07/69185012-industrial-storytelling-and-cross-city-synergy-hangzhou-and-paris-in-dialogue-008.htm,703e1801de0e580d0c159a0cba0ccb60,Industrial Storytelling and Cross - City Synergy : Hangzhou and Paris in Dialogue,20260731T133000Z,finanznachrichten.de,English,Germany,canal,D3_인프라,2026-07-31
https://www.thehindu.com/news/national/telangana/rains-help-reservoirs-build-storage-steadily/article71290989.ece,0290d70cf34051876b0572f6822f4124,Rains help reservoirs build storage steadily,20260731T160000Z,thehindu.com,English,India,canal,D3_인프라,2026-07-31
https://www.thehindubusinessline.com/markets/gold/gold-slips-but-on-track-to-end-four-month-losing-streak/article71288936.ece,2eb8f89a384085defe5c72248bd8a361,Gold slips but on track to end four - month losing streak - The HinduBusinessLine,20260731T044500Z,thehindubusinessline.com,English,India,canal,D3_인프라,2026-07-31
https://www.businesstimes.com.sg/companies-markets/energy-commodities/gold-track-end-four-month-slump-investors-weigh-fed-signals,500e448ea6195819df4de0fd0587aeb2,Gold on track to end four - month slump as investors weigh Fed signals,20260731T040000Z,businesstimes.com.sg,English,Singapore,canal,D3_인프라,2026-07-31
https://www.thetelegraphandargus.co.uk/news/26427016.yorkshire-day-2026-huge-programme-events-planned/,2ec12895e7bf2d315410120b3dede0ed,Yorkshire Day 2026 : Huge programme of events planned | Bradford Telegraph and Argus,20260731T144500Z,thetelegraphandargus.co.uk,English,United Kingdom,canal,D3_인프라,2026-07-31
https://www.businesstimes.com.sg/companies-markets/energy-commodities/gold-slips-track-end-four-month-losing-streak-july-prices-1-7,7b0f2ed975d6e6cedd58241457372d2f,"Gold slips but on track to end four - month losing streak , with July prices up 1 . 7 % ",20260731T041500Z,businesstimes.com.sg,English,Singapore,canal,D3_인프라,2026-07-31
https://nltimes.nl/2026/07/31/national-drought-measures-yet-despite-historically-low-water-levels,0b834cfd54fc8f33ebbd029e233092c2,"No national drought measures yet , despite historically low water levels",20260731T094500Z,nltimes.nl,English,Netherlands,canal,D3_인프라,2026-07-31
https://www.dutchnews.nl/2026/07/amsterdam-steps-up-pride-security-in-wake-of-attack-in-berlin/,7f8f0a7f7d6a1c44bb55d8ee79538942,Amsterdam steps up Pride security in wake of attack in Berlin,20260731T114500Z,dutchnews.nl,English,Netherlands,canal,D3_인프라,2026-07-31
http://global.chinadaily.com.cn/a/202607/31/WS6a6bf274a310986e2b4683da.html,0ba9b866e7b2f5ab0689dcec8705cc68,Blue horizons in Binhai,20260731T020000Z,global.chinadaily.com.cn,English,China,canal,D3_인프라,2026-07-31
http://europe.chinadaily.com.cn/a/202607/31/WS6a6bf274a310986e2b4683da.html,d46a8e7519e8d51b66cc5342f3d4cedd,Blue horizons in Binhai - Chinadaily . com . cn,20260731T030000Z,europe.chinadaily.com.cn,English,China,canal,D3_인프라,2026-07-31
http://usa.chinadaily.com.cn/a/202607/31/WS6a6bf274a310986e2b4683da.html,1039f9d4850566ff7d8b2275d8ac78cc,Blue horizons in Binhai - Chinadaily . com . cn,20260731T021500Z,usa.chinadaily.com.cn,English,China,canal,D3_인프라,2026-07-31
https://www.radio.gov.pk/31-07-2026/armed-forces-committed-to-protecting-citizens-dg-ispr,ebd3d0788b8bf32ee29913bad52b4995,Armed forces committed to protecting citizens : DG ISPR,20260731T141500Z,radio.gov.pk,English,Pakistan,canal,D3_인프라,2026-07-31
https://www.dutchnews.nl/2026/07/more-sluice-gates-close-but-no-national-drought-measures-yet/,4d840fa6034b0e8be90013705b73d2e1,More sluice gates close but no national drought measures yet,20260731T084500Z,dutchnews.nl,English,Netherlands,canal,D3_인프라,2026-07-31
https://www.yahoo.com/news/us/articles/feds-release-long-awaited-plan-154329538.html,4503c7d53ddb294f487fefc0d15eb198,Feds release long - awaited plan to fight Colorado River water crisis,20260731T161500Z,yahoo.com,English,United States,canal,D3_인프라,2026-07-31
https://www.finanznachrichten.de/nachrichten-2026-07/69181594-tedfuel-wrangler-s-roost-expands-availability-of-historic-new-river-property-for-private-gatherings-and-visitor-use-296.htm,c60ac01c7c1e6a91af0ad1e25f5751ff,Tedfuel : Wrangler Roost Expands Availability of Historic New River Property for Private Gatherings and Visitor Use,20260731T094500Z,finanznachrichten.de,English,Germany,canal,D3_인프라,2026-07-31
https://www.finanzen.ch/nachrichten/aktien/indian-shares-seen-higher-at-open-on-firm-global-cues-1036389175,ed46914060bfc73b801d24d0abe896d4,Indian Shares Seen Higher At Open On Firm Global Cues,20260731T041500Z,finanzen.ch,English,Switzerland,canal,D3_인프라,2026-07-31
https://www.fox8live.com/2026/07/31/sam-meyer-patriarch-meyer-hatter-turns-102-is-still-selling-hats/,55dc8f1bcf6d9d6529f71aef2295ea1a,"Sam Meyer , patriarch of Meyer the Hatter , turns 102 and is still selling hats",20260731T083000Z,fox8live.com,English,United States,canal,D3_인프라,2026-07-31
https://www.wfae.org/business/2026-07-31/after-towing-reform-stalls-north-carolina-lawmakers-vow-another-push,23f36fbb7c36910e8f025d9d5fb1d1c3,"After towing reform stalls , North Carolina lawmakers vow another push",20260731T123000Z,wfae.org,English,United States,canal,D3_인프라,2026-07-31
https://tribune.com.pk/story/2621185/pakistans-water-crisis-also-lies-underground-1,1114be61aacba4347b98c0a6d3033664,Pakistan water crisis also lies underground,20260731T061500Z,tribune.com.pk,English,Pakistan,canal,D3_인프라,2026-07-31
https://berkeleyobserver.com/2026/07/30/overton-beach-park-to-close-for-the-season-beginning-aug-3/,690d0c350bca44d0ebcd96fc3df17b1f,Overton Beach Park To Close for the Season Beginning Aug . 3,20260731T041500Z,berkeleyobserver.com,English,United States,canal,D3_인프라,2026-07-31
https://www.freemalaysiatoday.com/category/business/2026/07/31/asian-stocks-surge-yen-in-spotlight-after-suspected-intervention,5d013a6fe08d1da4416690f5681f6ca6,"Asian stocks surge , yen in spotlight after suspected intervention",20260731T033000Z,freemalaysiatoday.com,English,Malaysia,canal,D3_인프라,2026-07-31
https://www.yumasun.com/news/yuma-road-report-july-30/article_819608d6-4073-4a62-87a0-40527ce4166b.html,ac01213c86ebd36dea39ac019e5d2eca,Yuma Road Report July 30,20260731T023000Z,yumasun.com,English,United States,canal,D3_인프라,2026-07-31
https://timesofindia.indiatimes.com/life-style/home-garden/in-1831-the-himalayan-cedar-reached-british-gardens-the-sacred-tree-soon-became-a-prized-ornamental-around-the-world/articleshow/132768317.cms,70b4e2b4cf38fcf2b3137c6fbda19b76,"Deodar Cedar : In 1831 , the Himalayan cedar reached British gardens : The sacred tree soon became a prized ornamental around the world",20260731T133000Z,timesofindia.indiatimes.com,English,India,canal,D3_인프라,2026-07-31
http://usa.chinadaily.com.cn/a/202607/31/WS6a6c0d2aa310986e2b468576.html,ec90f310c8ec21db0761c00822d6137e,Preserve the authenticity and charm of old towns - united states ,20260731T060000Z,usa.chinadaily.com.cn,English,China,canal,D3_인프라,2026-07-31
http://global.chinadaily.com.cn/a/202607/31/WS6a6c0d2aa310986e2b468576.html,e86eed10885282d0b36ab4bdac370fff,Preserve the authenticity and charm of old towns,20260731T094500Z,global.chinadaily.com.cn,English,China,canal,D3_인프라,2026-07-31
https://www.finanznachrichten.de/nachrichten-2026-07/69181452-asian-shares-advance-as-ai-stocks-rebound-020.htm,6dd550021366a1e0d34f73c30718a5c4,Asian Shares Advance As AI Stocks Rebound,20260731T094500Z,finanznachrichten.de,English,Germany,canal,D3_인프라,2026-07-31
https://www.perthnow.com.au/news/business/asia-stocks-surge-japans-yen-in-the-spotlight-c-22656640,c600df4dfc97a49a63c55a13d3743b03,"Asia stocks surge , Japan yen in the spotlight",20260731T023000Z,perthnow.com.au,English,Australia,canal,D3_인프라,2026-07-31
https://aninews.in/news/national/general-news/message-that-injustice-will-be-avenged-uttarakhand-cm-dhami-pays-tribute-to-shaheed-udham-singh20260731190143/,0a1d3e5221e543ac3093df7560ac26c5,"  Symbol of patriotism , fight against injustice : Uttarakhand CM Dhami unveils 9 - foot bronze statue of Shaheed Udham Singh",20260731T141500Z,aninews.in,English,India,canal,D3_인프라,2026-07-31
https://www.santafenewmexican.com/news/local_news/first-of-its-kind-exhibit-in-santa-fe-showcases-indigenous-culture-from-panama/article_d9f70d6c-bd65-46e7-b3e2-e6e7040f3b18.html,e4c3e9440f83d4655647fcd47761fc65,First - of - its - kind exhibit in Santa Fe showcases Indigenous culture from Panama,20260731T060000Z,santafenewmexican.com,English,United States,canal,D3_인프라,2026-07-31
https://economictimes.indiatimes.com/news/india/pm-modi-to-inaugurate-bhogapuram-airport-on-august-1-in-andhra-pradesh/articleshow/132755867.cms,cc06aa01b6e65b335525ae4cee85628f,PM Modi to inaugurate Bhogapuram Airport on August 1 in Andhra Pradesh,20260731T050000Z,economictimes.indiatimes.com,English,India,canal,D3_인프라,2026-07-31
https://www.orissapost.com/kendujhar-temporary-cofferdam-of-kanpur-dam-washed-away/,727bd1439d21bdf41c44681ff155e916,Kendujhar : Temporary cofferdam of Kanpur dam washed away,20260731T041500Z,orissapost.com,English,India,canal,D3_인프라,2026-07-31
https://www.yahoo.com/news/us/articles/arizona-lose-most-proposed-colorado-152556036.html,668a359eff62389adcc4aaec19bf8b3b,Arizona would lose the most in proposed Colorado River drought plan,20260731T160000Z,yahoo.com,English,United States,canal,D3_인프라,2026-07-31
https://wtvbam.com/2026/07/31/romania-declares-state-of-emergency-as-low-danube-levels-hit-power-output/,47c536ae0c3b707dcd319c4d973581da,Romania declares state of emergency as low Danube levels hit power output,20260731T183000Z,wtvbam.com,English,United States,canal,D3_인프라,2026-07-31
https://kelo.com/2026/07/31/romania-declares-state-of-emergency-as-low-danube-levels-hit-power-output/,85a99985b97be25bb9a1cbf7cdd49a7d,Romania declares state of emergency as low Danube levels hit power output,20260731T184500Z,kelo.com,English,United States,canal,D3_인프라,2026-07-31
https://mymixfm.com/2026/07/31/romania-declares-state-of-emergency-as-low-danube-levels-hit-power-output/,f195a70bba7366167d575324fcd9e29c,Romania declares state of emergency as low Danube levels hit power output,20260731T181500Z,mymixfm.com,English,United States,canal,D3_인프라,2026-07-31
https://wkzo.com/2026/07/31/romania-declares-state-of-emergency-as-low-danube-levels-hit-power-output/,123ced4b529965ea4ffb072501445f2d,Romania declares state of emergency as low Danube levels hit power output,20260731T193000Z,wkzo.com,English,United States,canal,D3_인프라,2026-07-31
https://whbl.com/2026/07/31/romania-declares-state-of-emergency-as-low-danube-levels-hit-power-output/,041aca562ac60fc58b65ff0bc715b656,Romania declares state of emergency as low Danube levels hit power output,20260731T200000Z,whbl.com,English,United States,canal,D3_인프라,2026-07-31
https://www.pakistantoday.com.pk/2026/07/31/the-wars-of-future,bf36b434eff9de427b71f4e61ff97033,Indus Waters Treaty at Risk : Future Water Wars,20260731T174500Z,pakistantoday.com.pk,English,Pakistan,canal,D3_인프라,2026-07-31
https://timesofindia.indiatimes.com/city/ahmedabad/gujarat-restores-94-flood-hit-roads-as-imd-warns-of-fresh-spell-ahmedabad-advises-wfh/articleshow/132755582.cms,7ba2ed68bb041a65c9a44abfcdd68741,Gujarat restores 94 % flood - hit roads as IMD warns of fresh spell ; Ahmedabad advises WFH,20260731T044500Z,timesofindia.indiatimes.com,English,India,canal,D3_인프라,2026-07-31
https://thesun.ng/lagos-intensifies-flood-control-efforts-deploys-swamp-buggy/,2496788d8f8cdb4334b8cb10b5d97be4,"Lagos intensifies flood control efforts , deploys swamp buggy",20260731T050000Z,thesun.ng,English,,canal,D3_인프라,2026-07-31
https://www.bostonglobe.com/2026/07/31/arts/yale-sightlines-landfscape-photography/,8e10e679f314e927135449e638f38db4,Sightlines : redefining Landscape Photography at Yale,20260731T144500Z,bostonglobe.com,English,United States,canal,D3_인프라,2026-07-31
https://www.coventrytelegraph.net/news/coventry-news/forgotten-stories-behind-five-unusual-34230646,b8ce326a0c72c2442a8b40058e2b07be,The forgotten stories behind five unusual Coventry pub names,20260731T123000Z,coventrytelegraph.net,English,United Kingdom,canal,D3_인프라,2026-07-31
https://www.zerohedge.com/geopolitical/das-end-american-greatness,1b5e4802a96a79385342a95db1698b2b,Das : The End Of American Greatness ? ,20260731T050000Z,zerohedge.com,English,United States,canal,D3_인프라,2026-07-31
https://www.middle-east-online.com/en/us-hits-network-supporting-irans-mahan-air-new-sanctions,c279735422c51309ebff48c651b156a9,US hits network supporting Iran Mahan Air with new sanctions,20260731T030000Z,middle-east-online.com,English,Iraq,canal,D3_인프라,2026-07-31
https://www.shippingtribune.com/news/shipping/Iran+war+widens+as+Egypt+port+drone+strike+sparks+Suez+route+fears,73953c58b4f79736f5c7ab3148bfb1e4,Shipping Tribune,20260731T053000Z,shippingtribune.com,English,India,canal,D3_인프라,2026-07-31
https://www.shippingtribune.com/index.php/news/shipping/Iran+war+widens+as+Egypt+port+drone+strike+sparks+Suez+route+fears,47d08cd5b091aaddf57a9a03abac5a88,Shipping Tribune,20260731T053000Z,shippingtribune.com,English,India,canal,D3_인프라,2026-07-31
https://abcnews4.com/news/local/lightning-strike-suspected-as-cause-of-remote-colleton-county-woods-fire-rum-gum-rally-road-sc-forestry-commision-scfc-colleton-county-fire-rescue,be0f552a52d2df24c42b73d35835e704,Lightning strike suspected as cause of remote Colleton County woods fire,20260731T184500Z,abcnews4.com,English,United States,canal,D3_인프라,2026-07-31
https://www.dailyfreeman.com/2026/07/31/whats-happening-in-the-mid-hudson-valley-july-31-2026/,eee518b32b2f7298ca9d01c3f59d0230,"What happening in the Mid - Hudson Valley : July 31 , 2026 – Daily Freeman",20260731T043000Z,dailyfreeman.com,English,United States,canal,D3_인프라,2026-07-31
https://lnt.ma/how-one-ai-voice-took-over-tiktok-thanks-to-a-rapper/,2ef779119a8815b0e471712daabd09f1,How One AI Voice Took Over TikTok ... Thanks to a Rapper . ,20260731T130000Z,lnt.ma,English,Morocco,canal,D3_인프라,2026-07-31
https://www.inquirer.com/real-estate/housing/manayunk-venice-island-housing-development-20260731.html,1f3f36f0625f84fda946e9aecfd3b445,807 new homes planned for Manayunk Venice Island,20260731T164500Z,inquirer.com,English,,canal,D3_인프라,2026-07-31
https://www.islands.com/2225256/west-creek-reservation-abandoned-quarries-south-cleveland-ohio-park-gorgeous-trails-scenic-ravines/,00d966e31af5287bb3d3c0aa7eaef581,These Abandoned Quarries South Of Cleveland Are Now A Gorgeous Ohio Park With Trails Through Scenic Ravines,20260731T013000Z,islands.com,English,United States,canal,D3_인프라,2026-07-31
https://www.yahoo.com/lifestyle/articles/concerts-campfires-family-events-bring-100049326.html,09fc5d89f7d14615e229c663bb9f5383,"Concerts , campfires and family events bring neighbors together for the first week of August",20260731T103000Z,yahoo.com,English,United States,canal,D3_인프라,2026-07-31
https://www.washingtonexaminer.com/news/washington-secrets/4670606/white-house-report-card-trump-bad-week-new-job-mike-pence/,6162a71411757c9031ac66804dcac262,Trump  weekus horribli and a new gig for Mike Pence,20260731T161500Z,washingtonexaminer.com,English,United States,canal,D3_인프라,2026-07-31
https://foreignpolicy.com/2026/07/31/us-military-boat-strikes-latin-america-caribbean-deaths-cocaine-drug-trafficking/,832d5566bfba394320839017dfe123cf,U . S . Military Boat Strikes in Latin America Are Shrouded in Secrecy,20260731T170000Z,foreignpolicy.com,English,United States,canal,D3_인프라,2026-07-31
https://www.warringtonguardian.co.uk/news/26419992.inquest-opens-death-grappenhall-man-latchford-docks/,e59dca8d85425b9d3feeb8ee1f3e9842,Inquest opens into death of Grappenhall man at Latchford Docks,20260731T051500Z,warringtonguardian.co.uk,English,United Kingdom,canal,D3_인프라,2026-07-31
https://peoplesreview.com.np/2026/07/31/indefinite-curfew-imposed-in-parts-of-rajbiraj/,157eb6d01fe9f731820c9cf6304b9e2d,Indefinite curfew imposed in parts of Rajbiraj,20260731T103000Z,peoplesreview.com.np,English,Nepal,canal,D3_인프라,2026-07-31
https://www.capenews.net/bourne/news/bourne-board-of-health-finds-tattoo-operation-in-violation-of-town-regulations-refers-to-town/article_78f5487f-736b-4a78-bd6c-9fc3e71a7558.html,17e51a39a329fb597ac71213677c6235,"Bourne Board Of Health Finds Tattoo Operation In Violation Of Town Regulations , Refers To Town Counsel",20260731T134500Z,capenews.net,English,United States,canal,D3_인프라,2026-07-31
http://www.bostonstar.com/news/279218056/rockville-smile-studio-elevates-dental-care-with-modern-technology-and-patient-first-comfort,e7e7ff68f304e8a0f10c7df329936278,Rockville Smile Studio Elevates Dental Care with Modern Technology and Patient - First Comfort,20260731T194500Z,bostonstar.com,English,United States,canal,D3_인프라,2026-07-31
http://www.albuquerqueexpress.com/news/279218056/rockville-smile-studio-elevates-dental-care-with-modern-technology-and-patient-first-comfort,673c564d535a874f2ebe6aca262326ee,Rockville Smile Studio Elevates Dental Care with Modern Technology and Patient - First Comfort,20260731T194500Z,albuquerqueexpress.com,English,United States,canal,D3_인프라,2026-07-31
http://www.phoenixherald.com/news/279218056/rockville-smile-studio-elevates-dental-care-with-modern-technology-and-patient-first-comfort,738a0f8d29e349ce587d1a2e45d43c7c,Rockville Smile Studio Elevates Dental Care with Modern Technology and Patient - First Comfort,20260731T194500Z,phoenixherald.com,English,United States,canal,D3_인프라,2026-07-31
https://www.wmal.com/2026/07/31/middle-east-war-expands-to-egypt/,53fc13f51ed20a9cef36afdb5072fcc4,Middle East War Expands to Egypt,20260731T124500Z,wmal.com,English,United States,canal,D3_인프라,2026-07-31
https://www.keighleynews.co.uk/news/26427031.yorkshire-day-2026-huge-programme-events-planned/,98ab3a28ab50c0126584e2ac05db2ecb,Yorkshire Day 2026 : Huge programme of events planned,20260731T160000Z,keighleynews.co.uk,English,United Kingdom,canal,D3_인프라,2026-07-31
http://www.strategypage.com/%5Chtmw%5Chtamph%5Carticles%5C202607306915.aspx,22df8d4628d0effb4aafe80ca004086b,Marines : USMC Uses Commercial Shipping,20260731T054500Z,strategypage.com,English,China,canal,D3_인프라,2026-07-31
https://www.oilandgas360.com/gulf-oil-exports-struggle-to-recover-despite-higher-hormuz-traffic/,5634a689a64ac9864ed32cc7db63e15f,Gulf oil exports struggle to recover despite higher Hormuz traffic,20260731T161500Z,oilandgas360.com,English,United States,canal,D3_인프라,2026-07-31
https://www.bridgwatermercury.co.uk/news/26421942.bridgwater-docks-regeneration-expected-start-date-confirmed/,18d7cdbd518458b3e8ba845fee56c524,Bridgwater docks regeneration expected start date confirmed,20260731T084500Z,bridgwatermercury.co.uk,English,United Kingdom,canal,D3_인프라,2026-07-31
https://www.miragenews.com/imf-completes-key-reviews-for-egypts-fund-1719664/,1a6e5562ed093f13d7f63e28a343cf88,IMF Completes Key Reviews for Egypt Fund Facilities,20260731T020000Z,miragenews.com,English,United States,canal,D3_인프라,2026-07-31
https://www.hngn.com/articles/272445/20260731/dow-plunges-1153-points-worst-day-since-april-fed-holds-rates-oil-surges-iran.htm,c2e7d5d43ef9b72025cf4de1f22d5eeb,"Dow Rebounds As Microsoft , Amazon Surge On AI Growth While Meta , Apple Slide On Guidance",20260731T161500Z,hngn.com,English,United States,canal,D3_인프라,2026-07-31
https://www.bctv.org/2026/07/31/18th-annual-run4sam-returns-to-grings-mill-park/,33e2d9b29f08a7fdd3990a094e019e5a,18th Annual Run4Sam Returns to Gring Mill Park,20260731T123000Z,bctv.org,English,United States,canal,D3_인프라,2026-07-31
https://www.fool.com/earnings/call-transcripts/2026/07/30/dolby-dlb-q3-2026-earnings-call-transcript/?source=iedfolrf0000001,9552f2e716e8cb5c91cdf92908fcb4e8,Dolby ( DLB ) Q3 2026 Earnings Call Transcript,20260731T020000Z,fool.com,English,United States,canal,D3_인프라,2026-07-31
https://niagarafallsreporter.com/mcmurray-urges-governor-hochul-to-intervene-in-niagaras-toxic-waste-crisis/,5e965dece0efaf05306b4b712c718ec5,McMurray Urges Governor Hochul to Intervene in Niagara Toxic Waste Crisis,20260731T060000Z,niagarafallsreporter.com,English,United States,canal,D3_인프라,2026-07-31
https://kashmirreader.com/2026/07/31/cm-directs-coordination-among-depts-for-time-bound-development/,a4d38bedd612daf43615663478de16c9,CM directs coordination among depts for time - bound development,20260731T083000Z,kashmirreader.com,English,India,canal,D3_인프라,2026-07-31
https://www.lehighacrescitizen.com/2026/07/30/guest-commentary-one-step-closer-to-losing-cherished-florida-wildlife/,3794500ccf9647e34361efb19f37ebe2,"Guest Commentary | One step closer to losing cherished Florida wildlife | News , Sports , Jobs",20260731T013000Z,lehighacrescitizen.com,English,United States,canal,D3_인프라,2026-07-31
http://www.reflector.com/news/national/heres-why-new-fronts-seem-to-be-opening-up-across-the-middle-east/article_4062f6d8-5502-5a9d-bbf4-7fb8c2b847fe.html,175b8b4d86746301f33f2e99eb5a1b40,Here why new fronts seem to be opening up across the Middle East,20260731T011500Z,reflector.com,English,United States,canal,D3_인프라,2026-07-31
http://www.rockymounttelegram.com/news/world/heres-why-new-fronts-seem-to-be-opening-up-across-the-middle-east/article_a95c8fe1-870b-5bd1-9d0e-f02dbe2fe7ab.html,aaf9c72ce15a29ae336e1eaa66dfe870,Here why new fronts seem to be opening up across the Middle East,20260731T020000Z,rockymounttelegram.com,English,United States,canal,D3_인프라,2026-07-31
https://www.hngn.com/articles/272329/20260730/trump-weighs-wider-iran-offensive-wars-death-toll-hits-59-strikes-reach-kuwait.htm,c5af285c0119bf96a58845185ec13037,"Iran Claims Strikes On Bahrain As Trump , Netanyahu Weigh Next Steps On War",20260731T024500Z,hngn.com,English,United States,canal,D3_인프라,2026-07-31
https://www.union-bulletin.com/news/world/heres-why-new-fronts-seem-to-be-opening-up-across-the-middle-east/article_91fc803b-e02f-5ca7-8ea0-33e7a1af7ce8.html,613d7858aa7f5145937ac5c7df97f14f,Here why new fronts seem to be opening up across the Middle East,20260731T013000Z,union-bulletin.com,English,United States,canal,D3_인프라,2026-07-31
https://www.azernews.az/analysis/261806.html,8dfa6e8e720d723c3dd87da88c5a12ae,Azerbaijan digital Silk Way moves forward as Trans - Caspian cable installation begins,20260731T114500Z,azernews.az,English,Azerbaijan,canal,D3_인프라,2026-07-31
https://www.surinenglish.com/malaga/axarquia/film-about-worlds-20260727184922-nt.html,98827b73c9da0f630d967e5a913b4885,"A movie about the world first female footballer , Veleta , the first major filming project to hit Malaga this year",20260731T124500Z,surinenglish.com,English,Spain,canal,D3_인프라,2026-07-31
https://www.egyptindependent.com/geographical-analysis-reveals-attack-scenarios-on-egypts-damietta-port/,68ba0e9a188643aff5ab8b32c5595009,Geographical analysis reveals attack scenarios on Egypt Damietta Port,20260731T151500Z,egyptindependent.com,English,Egypt,canal,D3_인프라,2026-07-31
https://vietnamnews.vn/politics-laws/1796602/state-to-regulate-control-and-determine-land-prices-under-proposed-reforms.html,c65d3c02b0b198a7378401e65ececd4a,"State to regulate , control and determine land prices under proposed reforms",20260731T084500Z,vietnamnews.vn,English,Vietnam,canal,D3_인프라,2026-07-31
http://www.stlouisstar.com/news/279217845/fclgo-launches-comprehensive-compliance-framework-to-address-2026-us-customs-and-section-301-tariff-challenges,d551f5d73cb3a953ddc49418bd689f4f,FCLGO Launches Comprehensive Compliance Framework to Address 2026 U . S . Customs and Section 301 Tariff Challenges,20260731T181500Z,stlouisstar.com,English,United States,canal,D3_인프라,2026-07-31
http://www.albuquerqueexpress.com/news/279217845/fclgo-launches-comprehensive-compliance-framework-to-address-2026-us-customs-and-section-301-tariff-challenges,68a5ffa2b121b8571762bb62a2d00458,FCLGO Launches Comprehensive Compliance Framework to Address 2026 U . S . Customs and Section 301 Tariff Challenges,20260731T194500Z,albuquerqueexpress.com,English,United States,canal,D3_인프라,2026-07-31
https://www.turkiyetoday.com/opinion/the-gibraltar-calculus-is-spains-ceuta-included-in-the-abraham-accords-3225028,245bb915138d5acb25e324841c7564f8,The Gibraltar calculus : Is Spain Ceuta included in Abraham Accords ? ,20260731T183000Z,turkiyetoday.com,English,,canal,D3_인프라,2026-07-31
https://www.myneworleans.com/movies-you-need-to-see-spider-man-brand-new-day/,6889a81e8de0006425ba341ecc1761e2,Movies You Need To See : Spider - Man : Brand New Day,20260731T181500Z,myneworleans.com,English,United States,canal,D3_인프라,2026-07-31
http://www.bignewsnetwork.com/news/279217483/can-india-give-the-global-south-a-voice-in-the-arctic,a8b9acabae3a2f258dcb4a360663cda5,Can India give the Global South a voice in the Arctic,20260731T084500Z,bignewsnetwork.com,English,United States,canal,D3_인프라,2026-07-31
http://www.oklahomastar.com/news/279217483/can-india-give-the-global-south-a-voice-in-the-arctic,c8fe3e9c598b6d9f01ce448405a6f65e,Can India give the Global South a voice in the Arctic,20260731T094500Z,oklahomastar.com,English,United States,canal,D3_인프라,2026-07-31
http://www.japanherald.com/news/279217483/can-india-give-the-global-south-a-voice-in-the-arctic,0f1114ecc92a5ae6d14a347866abe4e8,Can India give the Global South a voice in the Arctic,20260731T094500Z,japanherald.com,English,Japan,canal,D3_인프라,2026-07-31
http://www.utahindependent.com/news/279217483/can-india-give-the-global-south-a-voice-in-the-arctic,ef8b5aa1195112641371d467da630b48,Can India give the Global South a voice in the Arctic,20260731T104500Z,utahindependent.com,English,United States,canal,D3_인프라,2026-07-31
http://www.coloradostar.com/news/279217483/can-india-give-the-global-south-a-voice-in-the-arctic,bb2e7303119d341be238ceee51fb0bd1,Can India give the Global South a voice in the Arctic,20260731T084500Z,coloradostar.com,English,United States,canal,D3_인프라,2026-07-31
http://www.hongkongherald.com/news/279217483/can-india-give-the-global-south-a-voice-in-the-arctic,57a6798cbba7abbc5800cc52ea6d3493,Can India give the Global South a voice in the Arctic,20260731T123000Z,hongkongherald.com,English,China,canal,D3_인프라,2026-07-31
http://www.nigeriasun.com/news/279217483/can-india-give-the-global-south-a-voice-in-the-arctic,5d937ed707634582803cbf126f3d8579,Can India give the Global South a voice in the Arctic,20260731T130000Z,nigeriasun.com,English,Nigeria,canal,D3_인프라,2026-07-31
http://www.tucsonpost.com/news/279217483/can-india-give-the-global-south-a-voice-in-the-arctic,d5930409a2963b9f22abf355f0caa577,Can India give the Global South a voice in the Arctic,20260731T114500Z,tucsonpost.com,English,United States,canal,D3_인프라,2026-07-31
http://www.europesun.com/news/279217483/can-india-give-the-global-south-a-voice-in-the-arctic,cb8851a4c8d329dc0735953d3edc382e,Can India give the Global South a voice in the Arctic,20260731T123000Z,europesun.com,English,Russia,canal,D3_인프라,2026-07-31
http://www.thailandnews.net/news/279217483/can-india-give-the-global-south-a-voice-in-the-arctic,eae3a32fe4fbbe3b93e4cfaf56c0e7d2,Can India give the Global South a voice in the Arctic,20260731T103000Z,thailandnews.net,English,Thailand,canal,D3_인프라,2026-07-31
http://www.myanmarnews.net/news/279217483/can-india-give-the-global-south-a-voice-in-the-arctic,c7a69793f66d9ea51809d4eeb5195d1a,Can India give the Global South a voice in the Arctic,20260731T090000Z,myanmarnews.net,English,Myanmar,canal,D3_인프라,2026-07-31
http://www.calcuttanews.net/news/279217483/can-india-give-the-global-south-a-voice-in-the-arctic,e1d8acc2343bcc245f68e2b88f89e08f,Can India give the Global South a voice in the Arctic,20260731T101500Z,calcuttanews.net,English,India,canal,D3_인프라,2026-07-31
http://www.russiaherald.com/news/279217483/can-india-give-the-global-south-a-voice-in-the-arctic,c5a6453e2c0d688ea0e38847ad0a9487,Can India give the Global South a voice in the Arctic,20260731T124500Z,russiaherald.com,English,Russia,canal,D3_인프라,2026-07-31
http://www.newyorkstatesman.com/news/279217483/can-india-give-the-global-south-a-voice-in-the-arctic,2259b18370ed0991cdba153506b7a664,Can India give the Global South a voice in the Arctic,20260731T094500Z,newyorkstatesman.com,English,United States,canal,D3_인프라,2026-07-31
http://www.chinanationalnews.com/news/279217483/can-india-give-the-global-south-a-voice-in-the-arctic,e1fe2ee438d48125b247369f2d9fe166,Can India give the Global South a voice in the Arctic,20260731T130000Z,chinanationalnews.com,English,China,canal,D3_인프라,2026-07-31
http://www.africaleader.com/news/279217483/can-india-give-the-global-south-a-voice-in-the-arctic,832e8daf805e7d476881b9409a2339f8,Can India give the Global South a voice in the Arctic,20260731T131500Z,africaleader.com,English,South Africa,canal,D3_인프라,2026-07-31
http://www.massachusettssun.com/news/279217483/can-india-give-the-global-south-a-voice-in-the-arctic,b0782b59e87e72ba05c06e02ffcc2167,Can India give the Global South a voice in the Arctic,20260731T103000Z,massachusettssun.com,English,United States,canal,D3_인프라,2026-07-31
http://www.sierraleonetimes.com/news/279217483/can-india-give-the-global-south-a-voice-in-the-arctic,8f40e786a71d5b908228184cbb355491,Can India give the Global South a voice in the Arctic,20260731T103000Z,sierraleonetimes.com,English,Sierra Leone,canal,D3_인프라,2026-07-31
http://www.israelherald.com/news/279217483/can-india-give-the-global-south-a-voice-in-the-arctic,8392e8b605faeb064e30bd374ffb9cbb,Can India give the Global South a voice in the Arctic,20260731T103000Z,israelherald.com,English,Israel,canal,D3_인프라,2026-07-31
https://www.funkytaurusmedia.com/shop_content.php?coID=2&XTCsid=ei410s2fsn9b7f2e05nog9o4t5,a4f28ded64b832a147f4dbed2d2c8768,Funky Taurus Media - Music Photo Agency & Products,20260731T054500Z,funkytaurusmedia.com,English,Germany,canal,D3_인프라,2026-07-31
https://www.funkytaurusmedia.com/shop_content.php?coID=2&XTCsid=d1fpe8mq9kk1445v2g6mlmirh0,3cbabba5180d1e6cb0ab0e4aee3c245c,Funky Taurus Media - Music Photo Agency & Products,20260731T023000Z,funkytaurusmedia.com,English,Germany,canal,D3_인프라,2026-07-31
https://www.funkytaurusmedia.com/shop_content.php?coID=2&XTCsid=1spps441d551u4q0t4qg34cd56,cc84cc03af44485ab8e57cb3345eb3f5,Funky Taurus Media - Music Photo Agency & Products,20260731T130000Z,funkytaurusmedia.com,English,Germany,canal,D3_인프라,2026-07-31
https://www.funkytaurusmedia.com/shop_content.php?coID=2&XTCsid=pmojlc8j92i2h93m8f9r6851n5,17f921ba4115f993e72731e6e119c6e3,Funky Taurus Media - Music Photo Agency & Products,20260731T141500Z,funkytaurusmedia.com,English,Germany,canal,D3_인프라,2026-07-31
https://www.funkytaurusmedia.com/shop_content.php?coID=3&XTCsid=a1uu5sb6edte4s57hrbcse8797,431ab3bf1c5bb4df14c1296b8d88d64c,Funky Taurus Media - Music Photo Agency & Products,20260731T151500Z,funkytaurusmedia.com,English,Germany,canal,D3_인프라,2026-07-31
https://www.yahoo.com/news/world/articles/houthis-vow-full-escalation-saudi-153325451.html,29acdf636d09ab92b81d7d8c6ae725a3,Houthis vow  full escalation  as Saudi Arabia launches Red Sea coalition,20260731T161500Z,yahoo.com,English,United States,LNG terminal,D3_인프라,2026-07-31
https://economictimes.indiatimes.com/news/new-updates/indian-railways-ordered-to-pay-rs-25000-after-rac-passenger-was-forced-to-share-blanket-pillow-with-stranger/articleshow/132755719.cms,bc37e3e608fc71fa8719db4dafaa21cf,"Indian Railways ordered to pay Rs 25 , 000 after RAC passenger was forced to share blanket , pillow with stranger",20260731T053000Z,economictimes.indiatimes.com,English,India,berth,D3_인프라,2026-07-31
https://www.sandiegouniontribune.com/2026/07/31/carrier-uss-theodore-roosevelt-returning-to-san-diego-following-war-games-off-hawaii/,b8501c5b4bd430fa64509904f6818640,Carrier USS Theodore Roosevelt returning to San Diego following war games off Hawaii,20260731T191500Z,sandiegouniontribune.com,English,United States,berth,D3_인프라,2026-07-31
https://dailypioneer.com/news/jasprit-bumrah-cleared-fit-for-sri-lanka-tests,1ba33fb4322722d00759d93f54fbbb44,Jasprit Bumrah cleared fit for Sri Lanka tests,20260731T140000Z,dailypioneer.com,English,India,berth,D3_인프라,2026-07-31
https://nypost.com/2026/07/31/betting/rangers-vs-astros-mlb-prediction-odds-picks-best-bets-friday/,7cb9ffa7f6e6471223d7f94e122e2247,"Rangers vs . Astros MLB prediction : Odds , picks , best bets Friday",20260731T193000Z,nypost.com,English,United States,berth,D3_인프라,2026-07-31
https://www.yardbarker.com/mlb/articles/orioles_latest_team_to_look_to_straddle_line_between_buying_and_selling/s1_13132_44118720,033dd625808e69fe19365d161093e01b,Orioles latest team to look to straddle line between buying and selling,20260731T054500Z,yardbarker.com,English,United States,berth,D3_인프라,2026-07-31
https://www.theglobeandmail.com/canada/article-carney-backs-bc-port-expansion-plan/,05ac8da79a6b34b4b0c54cda8e81fd8f,"Carney backs B . C . port expansion plan to boost exports , strengthen independence",20260731T011500Z,theglobeandmail.com,English,Canada,berth,D3_인프라,2026-07-31
https://www.tribune242.com/news/2026/jul/31/devynne-charlton-captures-gold-in-the-100m-hurdles-at-the-commonwealth-games-in-scotland/,35310911dee360c3ee2fb5896a52b345,Devynne Charlton captures Gold in the 100m hurdles at the Commonwealth Games in Scotland,20260731T170000Z,tribune242.com,English,Bahamas,berth,D3_인프라,2026-07-31
https://glamsham.com/hollywood/entertainment-news/venice-2026-lee-chang-dong-kore-eda-lead-asian-cinema-rise/,a4f98de50a9ea7b9c3087f9b31b3bae8,"Venice 2026 : Lee Chang - dong , Kore - eda Lead Asian Cinema Rise",20260731T130000Z,glamsham.com,English,India,berth,D3_인프라,2026-07-31
https://www.thebiglead.com/former-cowboys-giants-star-retirement-nfl/,3a13fd9704bee64cda4e17e94cc40593,12 - year NFL vet Johnathan Hankins announces immediate retirement,20260731T183000Z,thebiglead.com,English,United States,berth,D3_인프라,2026-07-31
https://cheknews.ca/carney-touts-b-c-port-expansion-plan-to-strengthen-independence-diversify-economy-1339577/,a0e4262309c934b4cf9ea834bfe3b8c2,"Carney touts B . C . port expansion plan to strengthen independence , diversify economy",20260731T021500Z,cheknews.ca,English,Canada,berth,D3_인프라,2026-07-31
https://timesofindia.indiatimes.com/etimes/trending/danish-tourists-first-overnight-train-journey-in-india-takes-an-unexpected-turn-after-ticket-booking-confusion/articleshow/132763318.cms,9b8a34db1349fff4a56d5bbaaf832a7c,Danish tourist first overnight train journey in India takes an unexpected turn after ticket booking confusion |,20260731T114500Z,timesofindia.indiatimes.com,English,India,berth,D3_인프라,2026-07-31
https://www.yachtsandyachting.com/news/298496/Governors-Cup-Day-3-Hyde-regains-the-lead,c1e19b24af59c2fce4955c3fb4376c77,Governor Cup Day 3 : Hyde regains the lead ; Hayhoe and Scott are tied 2nd two points behind,20260731T064500Z,yachtsandyachting.com,English,United Kingdom,berth,D3_인프라,2026-07-31
https://chicago.suntimes.com/horoscopes/2026/07/31/horoscopes-today-friday-july-31-2026,bf3787a73dac526eaaa999c1804c92b8,"Horoscope for Friday , July 31 , 2026",20260731T053000Z,chicago.suntimes.com,English,United States,berth,D3_인프라,2026-07-31
https://www.winnipegfreepress.com/arts-and-life/diversions/2026/07/31/todays-horoscope-5475,ac2fd29b07c87b3f93a7dfbff940ba14,Today horoscope – Winnipeg Free Press,20260731T080000Z,winnipegfreepress.com,English,Canada,berth,D3_인프라,2026-07-31
https://www.denverpost.com/2026/07/31/daily-horoscope-for-july-31-2026/,3be463af5c45bf5173b8674bb30d5324,"Daily Horoscope for July 31 , 2026",20260731T080000Z,denverpost.com,English,United States,berth,D3_인프라,2026-07-31
https://www.theroar.com.au/2026/01/21/nrl-round-1-predicted-teams-sydney-roosters-robinson-hoping-history-repeats-with-dce-sparking-new-look-chooks/?comment_id=10585490,b8b833d7851f383ae97cd137ed9c07b0,Round 1 Predicted Teams : Roosters - Robinson hoping history repeats with DCE firing up new - look Chooks,20260731T000000Z,theroar.com.au,English,Australia,berth,D3_인프라,2026-07-31
https://www.theroar.com.au/2026/01/21/nrl-round-1-predicted-teams-sydney-roosters-robinson-hoping-history-repeats-with-dce-sparking-new-look-chooks/?comment_id=10585496,b0ce302e8d8c51085a38e94f5a944481,Round 1 Predicted Teams : Roosters - Robinson hoping history repeats with DCE firing up new - look Chooks,20260731T043000Z,theroar.com.au,English,Australia,berth,D3_인프라,2026-07-31
https://www.mcall.com/2026/07/31/penn-states-anthony-donkoh-serves-as-leader-connector-on-offensive-line/,72fc962de72c302551818237b2ccb8b4,"Penn State Anthony Donkoh serves as leader , connector on offensive line",20260731T160000Z,mcall.com,English,United States,berth,D3_인프라,2026-07-31
https://www.citizensvoice.com/2026/07/31/penn-states-anthony-donkoh-serves-as-leader-connector-on-offensive-line/,1d2f8032f396d59a4110f94b3bd7197f,"Penn State Anthony Donkoh serves as leader , connector on offensive line",20260731T143000Z,citizensvoice.com,English,United States,berth,D3_인프라,2026-07-31
https://www.delcotimes.com/2026/07/31/penn-states-anthony-donkoh-serves-as-leader-connector-on-offensive-line/,b655a91b24d25d6f02b4fb666cd64e5e,"Penn State Anthony Donkoh serves as leader , connector on offensive line",20260731T133000Z,delcotimes.com,English,United States,berth,D3_인프라,2026-07-31
https://www.readingeagle.com/2026/07/31/penn-states-anthony-donkoh-serves-as-leader-connector-on-offensive-line/,6527eb3775236de63d2f6ebe1f429a73,"Penn State Anthony Donkoh serves as leader , connector on offensive line",20260731T160000Z,readingeagle.com,English,United States,berth,D3_인프라,2026-07-31
https://www.falmouthpacket.co.uk/news/26426674.public-meeting-falmouth-concerns-plans-dredge-docks/,b6a1a6cb069cd24c34dfb1cdd130e4a6,Public meeting Falmouth concerns over plans to dredge docks,20260731T151500Z,falmouthpacket.co.uk,English,United Kingdom,berth,D3_인프라,2026-07-31
https://www.trentonian.com/2026/07/30/nj-american-legion-final-four-north-hamilton-hibos-fine-run-ends-with-third-place-finish/,d1df36cb633ff4f34cd08db7437c3091,NJ American Legion Final Four : North Hamilton Hibo noteworthy run ends with third - place finish – Trentonian,20260731T001500Z,trentonian.com,English,United States,berth,D3_인프라,2026-07-31
https://www.denverpost.com/2026/07/30/nikola-jokic-giannis-nuggets-bucks-renck/,1ec82043596a73571653e17b47209584,Nikola Jokic Nuggets turning into Gianni Milwaukee Bucks this offseason,20260731T030000Z,denverpost.com,English,United States,berth,D3_인프라,2026-07-31
https://www.orissapost.com/jasprit-bumrah-clears-fitness-test-to-play-in-sri-lanka-test-series/,cd21ed312de9e00921a8b8df597b2528,Jasprit Bumrah clears fitness test ; To play in Sri Lanka Test series,20260731T094500Z,orissapost.com,English,India,berth,D3_인프라,2026-07-31
https://www.juneesoutherncross.com.au/story/9321773/treacy-the-key-as-dockers-finally-beat-bulldogs-flood/,bd13cccf710a59cd07c59259cae9da15,Treacy the key as Dockers finally beat Bulldogs flood,20260731T161500Z,juneesoutherncross.com.au,English,Australia,berth,D3_인프라,2026-07-31
https://raptorsrepublic.com/2026/07/30/tempo-focused-on-process-as-losing-streak-continues-to-snowball/,cdef18a4be2d743239a1b0be51172439,Tempo focused on process as losing streak continues to snowball,20260731T024500Z,raptorsrepublic.com,English,Canada,berth,D3_인프라,2026-07-31
https://www.delcotimes.com/2026/07/31/de-george-ryan-richter-deserves-a-long-look-at-union-head-coaching-job/,60ac7e81f96b5172ad482b7d8dbe2ef2,De George : Ryan Richter deserves a long look at Union head coaching job,20260731T183000Z,delcotimes.com,English,United States,berth,D3_인프라,2026-07-31
https://www.trentonian.com/2026/07/31/de-george-ryan-richter-deserves-a-long-look-at-union-head-coaching-job/,a01bfda7f9b884cc09d4a73a05e52346,De George : Ryan Richter deserves a long look at Union head coaching job,20260731T184500Z,trentonian.com,English,United States,berth,D3_인프라,2026-07-31
https://www.aol.co.uk/articles/glorious-goodwood-tips-saturdays-best-163000000.html,9f760cbecead7931804bd1bd53a8c705,Glorious Goodwood tips : Saturday best bets for EVERY race from our top tipster Newsboy,20260731T170000Z,aol.co.uk,English,United Kingdom,berth,D3_인프라,2026-07-31
https://www.pentictonherald.ca/news/national_news/article_5f4cccd8-7361-5426-9cb5-813c1d20b742.html,ba08d40feac61fda09c7a21ad80b65bb,"Carney touts B . C . port expansion plan to strengthen independence , diversify economy",20260731T013000Z,pentictonherald.ca,English,Canada,berth,D3_인프라,2026-07-31
https://lethbridgeherald.com/news/national-news/2026/07/30/carney-touts-b-c-port-expansion-plan-to-strengthen-independence-diversify-economy/,07ad088719570d6f1a787fd865c2b43e,"Carney touts B . C . port expansion plan to strengthen independence , diversify economy",20260731T000000Z,lethbridgeherald.com,English,United States,berth,D3_인프라,2026-07-31
https://www.mvariety.com/news/arts_culture/venice-chief-blames-hollywood-woes-not-festival-for-studio-absence/article_c428d52f-95b3-4f94-87fb-de91d022b76f.html,f5b151497362248d6bebc54c50a84ef4,"Venice chief blames Hollywood woes , not festival , for studio absence",20260731T181500Z,mvariety.com,English,United States,berth,D3_인프라,2026-07-31
http://www.texasguardian.com/news/279217670/twins-ride-ultimate-slam-into-opener-of-road-trip-vs-mariners,5ec6c5dcdf1b68ff543eef4a0d734990,Twins ride  ultimate slam  into opener of road trip vs . Mariners,20260731T161500Z,texasguardian.com,English,United States,berth,D3_인프라,2026-07-31
http://www.bignewsnetwork.com/news/279217670/twins-ride-ultimate-slam-into-opener-of-road-trip-vs-mariners,b49fe6cb2667e488b7c1e74615c44781,Twins ride  ultimate slam  into opener of road trip vs . Mariners,20260731T140000Z,bignewsnetwork.com,English,United States,berth,D3_인프라,2026-07-31
http://www.newyorktelegraph.com/news/279217670/twins-ride-ultimate-slam-into-opener-of-road-trip-vs-mariners,250efe2f8e319b9e30ce356e90ad39b9,Twins ride  ultimate slam  into opener of road trip vs . Mariners,20260731T160000Z,newyorktelegraph.com,English,United States,berth,D3_인프라,2026-07-31
http://www.newyorkstatesman.com/news/279217670/twins-ride-ultimate-slam-into-opener-of-road-trip-vs-mariners,8008fa166e3023fb8a0f1730501677be,Twins ride  ultimate slam  into opener of road trip vs . Mariners,20260731T141500Z,newyorkstatesman.com,English,United States,berth,D3_인프라,2026-07-31
http://www.sanantoniopost.com/news/279217670/twins-ride-ultimate-slam-into-opener-of-road-trip-vs-mariners,bc6b9a220c65ffce38bdce610f084008,Twins ride  ultimate slam  into opener of road trip vs . Mariners,20260731T150000Z,sanantoniopost.com,English,United States,berth,D3_인프라,2026-07-31
http://www.austinglobe.com/news/279217670/twins-ride-ultimate-slam-into-opener-of-road-trip-vs-mariners,37972337b11ad683f784fa8969acf402,Twins ride  ultimate slam  into opener of road trip vs . Mariners,20260731T174500Z,austinglobe.com,English,United States,berth,D3_인프라,2026-07-31
https://blogs.fangraphs.com/trade-deadline-prospect-guide-philadelphia-phillies/,49ad44481c73b8e2ce6afa74534de218,Trade Deadline Prospect Guide : Philadelphia Phillies,20260731T011500Z,blogs.fangraphs.com,English,United States,berth,D3_인프라,2026-07-31
https://blogs.fangraphs.com/trade-deadline-prospects-guide-milwaukee-brewers/,4deebe1659dfc9c071daad38baac5b32,Trade Deadline Prospects Guide : Milwaukee Brewers,20260731T144500Z,blogs.fangraphs.com,English,United States,berth,D3_인프라,2026-07-31
https://abc7news.com/post/anatomy-nfl-holdout-what-like-players-agents-teams/19604943/,2f62921dbf1c5450fecb4aed7740c9be,"Anatomy of an NFL holdout : What it like for players , agents , teams",20260731T061500Z,abc7news.com,English,United States,berth,D3_인프라,2026-07-31
https://www.easternriverinachronicle.com.au/story/9321761/dragons-coach-praises-rookie-ref-on-big-call-in-loss/,eae0e0e52408fe59d738717a1b52e9ef,Dragons coach praises rookie ref on big call in loss,20260731T114500Z,easternriverinachronicle.com.au,English,Australia,berth,D3_인프라,2026-07-31
http://www.newyorkstatesman.com/news/279217591/blue-jays-cardinals-aim-to-start-run-that-ends-with-wild-card-berth,133b1d3d7588d817075f87db48ae3019,"Blue Jays , Cardinals aim to start run that ends with wild - card berth",20260731T141500Z,newyorkstatesman.com,English,United States,berth,D3_인프라,2026-07-31
https://www.fairfaxtimes.com/articles/mclean-little-league-completes-undefeated-three-peat/article_8aef7e40-0aaf-4355-aa55-f21da4b11318.html,e02bf8892e047bfa573a802952000209,McLean Little League completes undefeated three - peat,20260731T123000Z,fairfaxtimes.com,English,United States,berth,D3_인프라,2026-07-31
http://www.bostonstar.com/news/279217591/blue-jays-cardinals-aim-to-start-run-that-ends-with-wild-card-berth,a61e210fb7e9ba89251b04ce39283d43,"Blue Jays , Cardinals aim to start run that ends with wild - card berth",20260731T150000Z,bostonstar.com,English,United States,berth,D3_인프라,2026-07-31
http://www.torontotelegraph.com/news/279217591/blue-jays-cardinals-aim-to-start-run-that-ends-with-wild-card-berth,26adc1d6698e8f553b8e67aec48b0490,"Blue Jays , Cardinals aim to start run that ends with wild - card berth",20260731T144500Z,torontotelegraph.com,English,Canada,berth,D3_인프라,2026-07-31
https://www.timesherald.com/2026/07/31/penn-states-anthony-donkoh-serves-as-leader-connector-on-offensive-line/,dd6e13f25046afd5be18684ff2694f6d,"Penn State Anthony Donkoh serves as leader , connector on offensive line",20260731T161500Z,timesherald.com,English,United States,berth,D3_인프라,2026-07-31
https://www.timesherald.com/2026/07/31/de-george-ryan-richter-deserves-a-long-look-at-union-head-coaching-job/,459a53244420703791b20c584d1736ca,De George : Ryan Richter deserves a long look at Union head coaching job,20260731T161500Z,timesherald.com,English,United States,berth,D3_인프라,2026-07-31
https://www.dailyadvertiser.com.au/story/9321643/jack-dadd-frustration-leads-to-another-bizarre-csu-injury/,06a116130addf95d816a3174482ec92a,Jack Dadd Frustration leads to another bizarre CSU injury | The Daily Advertiser,20260731T103000Z,dailyadvertiser.com.au,English,Australia,berth,D3_인프라,2026-07-31
https://communitynewspapers.com/realestate/portmiamis-700-million-gamble/,d18a1a776129767d51d9ccdb3673d4ed,PORTMIAMI $700 MILLION GAMBLE | City of Miami Beach # ,20260731T183000Z,communitynewspapers.com,English,United States,berth,D3_인프라,2026-07-31
https://tribune.com.pk/story/2621280/pakistan-exits-war-risk-list,a788ad4eeb4a4ea02dc268615ccb09f1,Pakistan exits war - risk list,20260731T094500Z,tribune.com.pk,English,Pakistan,shipping,D4_운송,2026-07-31
https://www.thehindubusinessline.com/economy/logistics/india-launches-first-sovereign-backed-maritime-liability-insurance-under-bmip/article71288838.ece,5139c7a25203d593b17ee6e23f23d151,India launches first sovereign - backed maritime liability insurance under BMIP,20260731T041500Z,thehindubusinessline.com,English,India,shipping,D4_운송,2026-07-31
https://www.moneycontrol.com/news/india/avoid-attacks-on-commercial-shipping-seafarers-jaishankar-to-iran-s-araghchi-13990536.html,4e4b07d38fc9f5f6e1ec4375b483d5f0,"  Avoid attacks on commercial shipping , seafarer : EAM S Jaishankar to Iran Abbas Araghchi",20260731T160000Z,moneycontrol.com,English,India,shipping,D4_운송,2026-07-31
https://dunyanews.tv/en/Business/965530-pakistan-removed-from-global-highrisk-shipping-list-minister,a3f5d973083965d4ae15034890c70e09,Pakistan removed from global high - risk shipping list : minister,20260731T020000Z,dunyanews.tv,English,Pakistan,shipping,D4_운송,2026-07-31
https://tribune.com.pk/story/2621259/pakistan-backs-saudi-maritime-defence-coalition,4f7b3acb376d73d6772ba105474ca837,Pakistan backs Saudi maritime defence coalition,20260731T021500Z,tribune.com.pk,English,Pakistan,shipping,D4_운송,2026-07-31
https://nypost.com/2026/07/31/us-news/endangered-right-whales-spotted-in-one-of-the-east-coasts-busiest-shipping-corridors/,af4db78f507890599726c5cd47c0976f,Endangered right whales spotted in one of the East Coast busiest shipping corridors,20260731T184500Z,nypost.com,English,United States,shipping,D4_운송,2026-07-31
https://www.moneycontrol.com/world/kuwait-intercepts-iranian-drones-targeting-military-facilities-tehran-says-strike-aimed-at-us-air-base-article-13990448.html,2bd401a7295743fd4104e24245bf73b2,Kuwait intercepts Iranian drones targeting military facilities ; Tehran says strike aimed at US air base,20260731T131500Z,moneycontrol.com,English,India,shipping,D4_운송,2026-07-31
https://pakobserver.net/islamabad-hosts-high-level-logistics-summit-to-drive-trade-and-maritime-growth/,257d2a5d45c6c727a45575a149150575,Islamabad hosts high - level logistics summit to drive trade and maritime growth,20260731T044500Z,pakobserver.net,English,Pakistan,shipping,D4_운송,2026-07-31
https://www.irishtimes.com/business/markets/2026/07/31/scottish-commodities-firm-becomes-listing-on-dublins-springboard-stock-market/,83e84d1fb836e321ae02ec20b382ede2,Scottish commodities firm becomes listing on Dublin  springboard  stock market – The Irish Times,20260731T103000Z,irishtimes.com,English,Ireland,shipping,D4_운송,2026-07-31
https://www.bmwblog.com/2026/07/31/autotuner-usa-ecu-unlock-service/,aa1cbad5b7e4d4d891163f51f5774988,AutoTuner united states Launches Domestic ECU Unlock Service,20260731T130000Z,bmwblog.com,English,United States,shipping,D4_운송,2026-07-31
https://www.democracynow.org/2026/7/31/headlines/saudi_arabia_forms_new_military_alliance_after_red_sea_attacks,48015f69d99d9c1e60e996f3f4c8859f,Saudi Arabia Forms New Military Alliance After Red Sea Attacks,20260731T170000Z,democracynow.org,English,United States,shipping,D4_운송,2026-07-31
https://www.proactiveinvestors.com/companies/news/1096334/provaris-energy-advances-hydrogen-and-co-shipping-technologies-during-june-quarter-1096334.html,a244dbb1013d4fd55ee08f0e67185667,Provaris Energy advances hydrogen and CO₂ shipping technologies during June quarter,20260731T034500Z,proactiveinvestors.com,English,United States,shipping,D4_운송,2026-07-31
http://usa.chinadaily.com.cn/a/202607/30/WS6a6b6c75a310986e2b46835f.html,ee8729222721e02a6940d028f6f8b837,New US curbs slammed as act of bullying,20260731T011500Z,usa.chinadaily.com.cn,English,China,shipping,D4_운송,2026-07-31
http://europe.chinadaily.com.cn/a/202607/30/WS6a6b6c75a310986e2b46835f.html,77e8dbb856ed718cd547b4a4b7fe3cf2,New US curbs slammed as act of bullying,20260731T011500Z,europe.chinadaily.com.cn,English,China,shipping,D4_운송,2026-07-31
http://global.chinadaily.com.cn/a/202607/30/WS6a6b6c75a310986e2b46835f.html,06ebb7d021c29c4e7b329071b3455baf,New US curbs slammed as act of bullying,20260731T020000Z,global.chinadaily.com.cn,English,China,shipping,D4_운송,2026-07-31
https://www.wired.com/story/select-blinds-promo-code/,8978b770a4207b85cf6e30dbead0ea0f,SelectBlinds Promo Codes & Coupons : Save on Custom Window Treatments,20260731T061500Z,wired.com,English,United States,shipping,D4_운송,2026-07-31
https://politicalwire.com/2026/07/31/saudi-arabia-prepares-offensive-against-houthis/,1deca2b3d97a51b5ad021b9d05303e73,Saudi Arabia Prepares Offensive Against Houthis,20260731T150000Z,politicalwire.com,English,United States,shipping,D4_운송,2026-07-31
https://www.morningstar.com/company-reports/1492213-amazons-investments-should-help-secure-its-future-in-the-ai-era,f37a5e4738d0dfb639c3b22316d6a22e,Amazon Investments Should Help Secure Its Future in the AI Era,20260731T021500Z,morningstar.com,English,China,shipping,D4_운송,2026-07-31
https://www.globalsecurity.org/military/library/news/2026/07/mil-260730-sputnik03.htm,30fb50740d669e121429c4ad759035e2,"US Strike Hits Residential Building on Iran Qeshm Island , Two Trapped Under Rubble",20260731T094500Z,globalsecurity.org,English,Syria,shipping,D4_운송,2026-07-31
https://dunyanews.tv/en/Pakistan/965517-saudi-arabia-pakistan-12-other-countries-establish-naval-defence-all,20d0e34b3999fb744e8fc731cc08fd93,"Saudi Arabia , Pakistan , 12 other countries establish naval defence alliance",20260731T020000Z,dunyanews.tv,English,Pakistan,shipping,D4_운송,2026-07-31
https://www.newsday.com/long-island/towns/east-hampton-montauk-sculpture-container-lawsuit-xkeh6rab,477aff9748542cb9726a3619c513ec60,East Hampton sues to demolish towering Montauk sculpture,20260731T193000Z,newsday.com,English,United States,shipping,D4_운송,2026-07-31
https://www.investegate.co.uk/announcement/rns/taylor-maritime-investments-limited-npv--tmip/board-changes/9699142,1716551e275fe3d7b69a789aa7ca6cd1,Board Changes | Company Announcement,20260731T143000Z,investegate.co.uk,English,United Kingdom,shipping,D4_운송,2026-07-31
https://www.newkerala.com/news/a/eam-strongly-urged-avoid-attacks-commercial-vessels-seafarers-293.htm,2b432f5baab0ae92dcfb24834b4199d5,India Urges Iran to Avoid Attacks on Commercial Shipping,20260731T181500Z,newkerala.com,English,India,shipping,D4_운송,2026-07-31
https://www.israelnationalnews.com/news/431032,b63b736188a0deaffc82492492081526,Iran FM claims Israel behind attack on US tanker in Egypt,20260731T030000Z,israelnationalnews.com,English,Israel,shipping,D4_운송,2026-07-31
https://www.ibtimes.com/uss-continued-strikes-are-battering-irans-economy-blackouts-shortages-spread-across-country-3805951,376cafbe4a27aa97fc5315a41f9ab683,The U . S . Continued Strikes Are Battering Iran Economy . Blackouts and Shortages Spread Across the Country . ,20260731T191500Z,ibtimes.com,English,United States,shipping,D4_운송,2026-07-31
https://www.prnewswire.com/news-releases/best-sharps-mail-back-solutions-for-small-medical-practices-2026-sharps-assure-recognized-by-expert-consumers-302839762.html,170d5702670971d3c7b5ba5192db31cc,Best Sharps Mail - Back Solutions for Small Medical Practices ( 2026 ): Sharps Assure Recognized by Expert Consumers,20260731T101500Z,prnewswire.com,English,United States,shipping,D4_운송,2026-07-31
https://www.unionleader.com/opinion/columnists/john-stossel-the-case-for-capitalism/article_3cdbdbaf-a2e8-4712-b62a-cf684b1ed7e4.html,8d517363d337a152afae7b1eab53f2be,John Stossel : The case for capitalism,20260731T043000Z,unionleader.com,English,United States,shipping,D4_운송,2026-07-31
https://www.globalsecurity.org/wmd/library/news/ukraine/2026/07/ukraine-260730-ukraine-mfa04.htm,595939e8b2937ae652e2df465a4bf4ec,Andrii Sybiha held phone talks with Minister for Foreign Affairs of Romania Oana Toiu,20260731T094500Z,globalsecurity.org,English,Syria,shipping,D4_운송,2026-07-31
https://www.thelocal.dk/20260731/today-in-denmark-a-roundup-of-the-latest-news-on-friday-55,27b3b1d120bc461c23ef067673a70b3c,Today in Denmark : A roundup of the latest news on Friday,20260731T084500Z,thelocal.dk,English,Denmark,shipping,D4_운송,2026-07-31
https://timesofindia.indiatimes.com/business/india-business/tata-steel-ends-25-year-joint-venture-with-german-company-martrade/articleshow/132752940.cms,29b00394af200114314096cd37a7f28c,Tata Steel ends 25 - year joint - venture with German company Martrade,20260731T013000Z,timesofindia.indiatimes.com,English,India,shipping,D4_운송,2026-07-31
https://www.newkerala.com/news/a/call-iranian-counterpart-eam-jaishankar-raises-issue-attacks-301.htm,845744a0c8c637b05a89dce797212e0d,Jaishankar Urges Iran to Avoid Attacks on Shipping,20260731T161500Z,newkerala.com,English,India,shipping,D4_운송,2026-07-31
https://www.the-star.co.ke/business/2026-07-31-shippers-protest-new-kras-cargo-declaration-system,259d6f3f70cfd2dccc5f2b7d026bb868,Shippers protest new KRA cargo declaration system,20260731T041500Z,the-star.co.ke,English,Kenya,shipping,D4_운송,2026-07-31
https://www.globalsecurity.org/wmd/library/news/india/2026/india-260730-india-pib02.htm,3b7ef59f87c124c6bc374be7af3b6ef7,DELIVERY OF SECOND INDIGENOUS DIVING SUPPORT VESSEL,20260731T094500Z,globalsecurity.org,English,Syria,shipping,D4_운송,2026-07-31
https://www.fijivillage.com/news/experienced-matawalu-eyes-vanua-championship-glory-3fe13f/,004e7e7052e6cb84d2373db5cc2eb71a,Experienced Matawalu eyes Vanua Championship glory,20260731T021500Z,fijivillage.com,English,Fiji,shipping,D4_운송,2026-07-31
https://www.fijivillage.com/news/mooar-wants-to-know-every-drua-players-why-when-they-play-the-game-5231c7/,24f9cd4e3744c2c931eba8e8ff1c5685,Mooar wants to know every Drua player why when they play the game,20260731T071500Z,fijivillage.com,English,Fiji,shipping,D4_운송,2026-07-31
https://timesofindia.indiatimes.com/defence/news/countrys-second-diving-support-vessel-delivered-to-navy-nipun-capable-to-undertake-deep-sea-salvage-op-can-help-in-sub-rescue-mission/articleshow/132773365.cms,2b9a427146eec7882c4206353951e2bb,India  Nipun : Advanced Diving Support Vessel Delivered to Navy for Deep Sea Operations and Submarine Rescue |,20260731T174500Z,timesofindia.indiatimes.com,English,India,shipping,D4_운송,2026-07-31
https://globalnews.ca/news/12004027/casino-workers-strike/,e7559587dcf0957bb2f7ed0346e11f7d,"Nearly 900 casino workers go on strike at Ajax , Pickering properties",20260731T174500Z,globalnews.ca,English,Canada,shipping,D4_운송,2026-07-31
https://www.gdnonline.com:443/Details/1402132,c767823c67f51bc172a19b99a6cc56a8,Bahrain News : Saudi relations highlighted,20260731T023000Z,gdnonline.com,English,United States,shipping,D4_운송,2026-07-31
https://www.gdnonline.com:443/Details/1402132/Saudi-relations-highlighted,b59e1f6cb647db27c3464b703a3adac1,Bahrain News : Saudi relations highlighted,20260731T083000Z,gdnonline.com,English,United States,shipping,D4_운송,2026-07-31
https://www.cultofmac.com/buying-guides/apple-upgrade-math,c62967ba204c066694bc147e5bc9083a,One Apple Upgrade option clearly makes the most sense,20260731T154500Z,cultofmac.com,English,United States,shipping,D4_운송,2026-07-31
https://www.skiddle.com/news/all/Sheffields-Steel-Yard-boasts-multi-genre-events-calendar-/61875/,dad2502d555d6e024092f93a5228e968,Sheffield Steel Yard boasts multi - genre events calendar,20260731T130000Z,skiddle.com,English,United Kingdom,shipping,D4_운송,2026-07-31
https://www.siliconera.com/ace-attorney-keychains-cover-phoenix-wright-characters/,92dc415dcfd074fbab952e7f6e54c423,Ace Attorney Keychains Cover Phoenix Wright Characters,20260731T004500Z,siliconera.com,English,Japan,shipping,D4_운송,2026-07-31
https://www.wired.com/story/alo-yoga-discount-code/,420337c5f1b6900b055597e288151d29,Alo Discount Code : Save on Activewear August 2026,20260731T061500Z,wired.com,English,United States,shipping,D4_운송,2026-07-31
https://abc6onyourside.com/news/local/odot-construction-ohio-department-riverside-drive-columbus-begin-monday-neighbors-express-concerns-us-33-upper-arlington-dublin,a350ba4148db670bf2857f7ae0987676,Neighbors express concerns as construction begins Monday on Riverside Drive,20260731T000000Z,abc6onyourside.com,English,United States,shipping,D4_운송,2026-07-31
https://news.webindia123.com/news/Articles/Business/20260731/4481667.html,9d9f71db8903766cf98d4ebc26dadd7d,ADNOC to shift Abu Dhabi crude pricing to prompt - month Platts Dubai from Nov 1 this year,20260731T170000Z,news.webindia123.com,English,India,shipping,D4_운송,2026-07-31
https://www.marinelink.com/news/samsung-heavy-conrad-shipyard-abs-nod-lng-541614,e8ede2b33dede2e0b3e77e1a71ed4fc0,"Samsung Heavy , Conrad Shipyard Get ABS Nod For LNG",20260731T123000Z,marinelink.com,English,United States,shipping,D4_운송,2026-07-31
https://www.moneycontrol.com/technology/gigabyte-expands-ddr5-motherboard-support-for-cxsh-memory-amd-am5-now-supports-up-to-8200mt-s-article-13990367.html,14affd30bc725296aedfa6213d2857af,Gigabyte expands DDR5 motherboard support for CXSH memory : AMD AM5 now supports up to 8200MT / s,20260731T123000Z,moneycontrol.com,English,India,shipping,D4_운송,2026-07-31
https://indianexpress.com/article/india/isros-navic-system-can-no-longer-provide-navigation-data-independently-government-10811286/,f462b376618c69e29c5faebfad2dfe3e,ISRO NavIC system can no longer provide navigation data independently : Government | India News,20260731T000000Z,indianexpress.com,English,India,shipping,D4_운송,2026-07-31
https://www.thenews.com.pk/latest/1410839-ai-companies-quietly-source-printed-books-for-model-training,9692d56ce8e991b6914fb2e72099f4e9,AI companies quietly source printed books for model training,20260731T160000Z,thenews.com.pk,English,Pakistan,shipping,D4_운송,2026-07-31
https://timesofoman.com/article/175073-south-africa-strengthens-maritime-security-to-drive-blue-economy-growth,783f0a0234622bd22a41ccae9840c995,South Africa strengthens maritime security to drive Blue Economy growth,20260731T083000Z,timesofoman.com,English,Oman,shipping,D4_운송,2026-07-31
https://www.edp24.co.uk/news/26424448.cadeler-wind-ace-vessel-join-east-anglia-two-project/,d9c45ec00091b3afa4f1579b4dea7377,Cadeler Wind Ace vessel to join East Anglia TWO project,20260731T094500Z,edp24.co.uk,English,United Kingdom,shipping,D4_운송,2026-07-31
https://www.nbcchicago.com/weather/unusual-tornado-did-a-loop-hit-chicago-suburb-twice-officials-say/3968462/,60a0f193570314a6749fd91e3caead3f,"  Unusual  tornado did a loop , hit a Chicago suburb twice Monday – NBC Chicago",20260731T013000Z,nbcchicago.com,English,United States,shipping,D4_운송,2026-07-31
https://finance.yahoo.com/small-business/articles/caraway-home-3pl-collaboration-drives-144124392.html,58dc139e439ad2eb64417b3a9cbc4634,"Caraway Home 3PL collaboration drives parcel savings , returns benefits",20260731T030000Z,finance.yahoo.com,English,United States,shipping,D4_운송,2026-07-31
https://finance.yahoo.com/markets/commodities/articles/gold-pulls-back-dollar-strength-091718756.html,fd649d64c284837ee0710596abd80d0c,Gold Pulls Back as Dollar Strength and Fed Outlook Weigh on Bullion,20260731T193000Z,finance.yahoo.com,English,United States,shipping,D4_운송,2026-07-31
https://indianexpress.com/article/india/gold-rate-today-july-31-check-18-22-and-24-carat-gold-prices-in-chennai-mumbai-delhi-kolkata-and-other-cities-10811526/,8892a36bc88495d7c6b5f617aca78c40,"Gold Rate Today , July 29 : Check 18 , 22 and 24 carat gold prices in Chennai , Mumbai , Delhi , Kolkata and other cities",20260731T060000Z,indianexpress.com,English,India,shipping,D4_운송,2026-07-31
https://www.usmagazine.com/shopping/news/gisele-bundchen-ribbed-dress-look-for-less/,ed47d4025ddf2356276ecf81c0a7328a,Gisele Bundchen Flattering Ribbed - Knit Dress Style Is on Amazon,20260731T124500Z,usmagazine.com,English,United States,shipping,D4_운송,2026-07-31
https://www.premiumtimesng.com/news/more-news/899807-nigeria-destroys-2809-illicit-arms-in-crackdown-on-illegal-weapons.html,a28ec04d4cf4f054d85261273532d189,"Nigeria destroys 2 , 809 illicit arms in crackdown on illegal weapons",20260731T184500Z,premiumtimesng.com,English,Nigeria,shipping,D4_운송,2026-07-31
https://www.channelnewsasia.com/singapore/love-bonito-customers-data-potentially-exposed-6289821,28ef2f84d5e9a2f8ffca58f26a6fc86c,"Fashion retailer Love , Bonito says customer data potentially exposed in security incident",20260731T030000Z,channelnewsasia.com,English,United States,shipping,D4_운송,2026-07-31
https://mashable.com/life/july-31-pokemon-tcg-pitch-black-elite-trainer-box-deal,9f358f8fb64dd65d3b6181ec3311277d,Best Pokémon TCG deal : Pitch Black ETB hits another new low price with a huge 32 % price drop . ,20260731T140000Z,mashable.com,English,United States,shipping,D4_운송,2026-07-31
https://thestarphoenix.com/press-releases/globe-newswire/toccata-announces-canaro-a-saskatchewan-built-remote-monitoring-platform-with-satellite-connectivity/,669adad3f98b46745b29f3a8c308dc3d,"Toccata Announces Canaro , a Saskatchewan - Built Remote Monitoring Platform with Satellite Connectivity",20260731T123000Z,thestarphoenix.com,English,Canada,shipping,D4_운송,2026-07-31
https://finance.yahoo.com/markets/stocks/articles/stng-q2-deep-dive-fleet-091135672.html,0fb9fb0305218fee9916c82effeedcb6,STNG Q2 Deep Dive : Fleet Optimization and Geopolitical Disruptions Shape Outlook,20260731T094500Z,finance.yahoo.com,English,United States,shipping,D4_운송,2026-07-31
https://www.presstelegram.com/2026/07/30/a-new-bridge-may-be-coming-for-san-pedro-and-the-port-of-l-a/,7e26ef9aa21fe0fd56c42bff50128888,A new bridge may be coming for San Pedro and the Port of L . A . ,20260731T054500Z,presstelegram.com,English,United States,shipping,D4_운송,2026-07-31
https://economictimes.indiatimes.com/news/india/mea-in-touch-with-families-of-two-missing-indians-seafarers-from-mv-ag-n-ragnar/articleshow/132773476.cms,0173cad6f3767418c3ad3f0a60f881ca,MEA  in touch  with families of two missing Indians seafarers from MV AG N Ragnar,20260731T174500Z,economictimes.indiatimes.com,English,India,shipping,D4_운송,2026-07-31
https://9to5mac.com/2026/07/31/apple-has-five-products-launching-this-fall-that-weve-waited-a-long-time-for/,004c2ef3e2f6b63190f9c97f44293b32,Apple has five products launching this fall that weve waited a long time for,20260731T180000Z,9to5mac.com,English,United States,shipping,D4_운송,2026-07-31
https://www.usmagazine.com/shopping/news/kate-hudson-jelly-flats-look-for-less/,8f82f83c28858c59bb477fe6d8af71d7,Kate Hudson Wore This Unexpected Jelly Flats Style on Amazon,20260731T053000Z,usmagazine.com,English,United States,shipping,D4_운송,2026-07-31
https://www.businesstoday.in/events/infrastructure-summit-2026/story/bt-infra-summit-2026-what-will-power-indias-next-growth-spurt-546640-2026-07-31,965bbce44c6cede44d0ebe4c634c728a,BT Infra Summit 2026 : What will power India next growth spurt ? ,20260731T171500Z,businesstoday.in,English,India,shipping,D4_운송,2026-07-31
https://news.webindia123.com/news/Articles/World/20260731/4481692.html,d6ee39ec180d5c935b490f1f74565cad,MEA  in touch  with families of two missing Indians seafarers from MV AG N Ragnar,20260731T184500Z,news.webindia123.com,English,India,shipping,D4_운송,2026-07-31
https://www.manilatimes.net/2026/07/31/tmt-newswire/globenewswire/toccata-announces-canaro-a-saskatchewan-built-remote-monitoring-platform-with-satellite-connectivity/2395882,744c8069550e14ab545d127372c12b3f,"Toccata Announces Canaro , a Saskatchewan - Built Remote Monitoring Platform with Satellite Connectivity",20260731T124500Z,manilatimes.net,English,Philippines,shipping,D4_운송,2026-07-31
https://aninews.in/news/world/asia/mea-in-touch-with-families-of-two-missing-indians-seafarers-from-mv-ag-n-ragnar20260731223126/,ca1f6c51f1e60e7c3bf1643472e6e06d,MEA  in touch  with families of two missing Indians seafarers from MV AG N Ragnar,20260731T180000Z,aninews.in,English,India,shipping,D4_운송,2026-07-31
https://www.digitaltrends.com/gaming/gta-6-owns-november-unless-the-ocarina-of-time-remake-has-something-to-say-about-it/,db009a3a063acd43d536af7c806182f1,"GTA 6 owns November , unless the Ocarina of Time Remake has something to say about it",20260731T103000Z,digitaltrends.com,English,United States,shipping,D4_운송,2026-07-31
https://www.zdnet.com/article/amazon-600-million-tariff-refund-with-customers/,8b9c9c17c0e6593035a9a0ccb643d774,Amazon is splitting its $600 million tariff refund with customers - here who eligible,20260731T183000Z,zdnet.com,English,Japan,shipping,D4_운송,2026-07-31
https://www.manilatimes.net/2026/07/31/tmt-newswire/pr-newswire/nippon-paint-china-debuts-at-archidex-2026-showcasing-industrial-innovations/2396027,8495fe00b4247c423207d43958801890,"Nippon Paint China Debuts at ARCHIDEX 2026 , Showcasing Industrial Innovations",20260731T151500Z,manilatimes.net,English,Philippines,shipping,D4_운송,2026-07-31
https://postandparcel.info/162486/news/e-commerce/dhl-and-vinted-are-now-significantly-expanding-their-cooperation/,7ebfcd8bdd63743904ee342ed693e00b,DHL and Vinted are now significantly expanding their cooperation,20260731T001500Z,postandparcel.info,English,United Kingdom,shipping,D4_운송,2026-07-31
https://oilprice.com/Geopolitics/Europe/Ukraine-Is-Now-Targeting-Iranian-Shipping-in-the-Caspian-Sea.html,aa0e49831f965d1530f831879ec42214,Ukraine Is Now Targeting Iranian Shipping in the Caspian Sea,20260731T181500Z,oilprice.com,English,United States,shipping,D4_운송,2026-07-31
https://www.finanznachrichten.de/nachrichten-2026-07/69180133-eqs-news-focus-universal-inc-focus-universal-announces-deterministic-ai-forms-auto-populate-engine-introducing-a-new-era-of-autonomous-business-do-023.htm,1f50d3ad7cdbc2b6c3f21627330b9a91,"EQS - News : Focus Universal Inc .: Focus Universal Announces Deterministic AI Forms Auto - Populate Engine , Introducing a New Era of Autonomous Business Document Processing",20260731T080000Z,finanznachrichten.de,English,Germany,shipping,D4_운송,2026-07-31
https://screenrant.com/obi-wan-kenobi-september-2026-statue/,37bb4b92cbcad78043beb6e9643e62ce,Obi - Wan Kenobi Fans Should Keep An Eye On September 2026,20260731T044500Z,screenrant.com,English,United States,shipping,D4_운송,2026-07-31
https://www.usmagazine.com/shopping/news/jennifer-garner-prada-polo-look-for-less/,886c8eab68d88709fa50c48f40e8a658,Jennifer Garner Prada Polo Look : The $23 Amazon Quiet ‑ Luxury Find,20260731T053000Z,usmagazine.com,English,United States,shipping,D4_운송,2026-07-31
https://www.usmagazine.com/stylish/news/karlie-kloss-designer-bag-look-for-less/,b1ce43bf61136034a5f13f1ad37e9cc1,"Karlie Klos $3 , 621 Designer Bag Has a Luxe $23 Lookalike",20260731T021500Z,usmagazine.com,English,United States,shipping,D4_운송,2026-07-31
https://www.usmagazine.com/shopping/news/flowy-wide-leg-pants-elongate-legs/,986ac9f63b84695f4b1a884eff3669b7,17 Flowy Wide - Leg Pants That Elongate Your Legs From $17,20260731T090000Z,usmagazine.com,English,United States,shipping,D4_운송,2026-07-31
http://www.thejakartapost.com/business/2026/07/31/chinese-factory-activity-slides-as-leaders-seek-spending-boost,360ce4643284c89da84c4ec83f02eb84,Chinese factory activity slides as leaders seek spending boost - Economy,20260731T064500Z,thejakartapost.com,English,Indonesia,shipping,D4_운송,2026-07-31
https://www.businesstimes.com.sg/companies-markets/energy-commodities/gold-holds-gain-japans-yen-intervention-weighs-us-dollar,634a205d779fbb88959e898e3c1118e9,Gold holds gain as Japan yen intervention weighs on US dollar,20260731T013000Z,businesstimes.com.sg,English,Singapore,shipping,D4_운송,2026-07-31
https://www.businesstimes.com.sg/companies-markets/energy-commodities/chevron-records-highest-quarterly-profit-six-years-beating-analyst-estimates,3a366ee635303e371544f6f255c71c75,"Chevron records highest quarterly profit in six years , beating analyst estimates",20260731T143000Z,businesstimes.com.sg,English,Singapore,shipping,D4_운송,2026-07-31
https://www.wmtw.com/article/sen-collins-says-ice-body-cameras-coming-nationwide-by-august-with-maine-prioritized/73312593,5fa435f112bf772ebb1397c376b84190,"Sen . Collins says ICE body cameras coming nationwide by August , with Maine prioritized",20260731T020000Z,wmtw.com,English,United States,shipping,D4_운송,2026-07-31
https://www.unitaid.eu/ups-drop-locator-b5rw.html,c8831bb5305c3dcfbb7d0a1f22c01739,Ups Drop Off Locator,20260731T000000Z,unitaid.eu,English,,shipping,D4_운송,2026-07-31
https://www.forbes.com/councils/forbestechcouncil/2026/07/31/ai-software-development-metrics-that-measure-more-than-speed/,03130ac10652d60e95792590b6572323,AI Software Development Metrics That Measure More Than Speed,20260731T181500Z,forbes.com,English,United States,shipping,D4_운송,2026-07-31
https://local21news.com/news/local/27-pounds-of-marijuana-delivered-to-york-funeral-home-after-shipping-account-hack-west-manchester-township-drugs-scam-york-county-heffner-funeral-chapel-and-crematory,a88c7ebf075e0ed8bc244a58f77692c3,27 pounds of marijuana delivered to York funeral home after shipping account hack,20260731T024500Z,local21news.com,English,United States,shipping,D4_운송,2026-07-31
https://www.logisticsmgmt.com/article/ups_rolls_out_easier_shipping_tools_for_small_business_owners,f072c6cf19be47d67ff82cd7b3dfa613,UPS rolls out easier shipping tools for small business owners,20260731T021500Z,logisticsmgmt.com,English,United States,shipping,D4_운송,2026-07-31
https://www.kalw.org/npr-news/2026-07-30/mortgage-rates-hit-their-highest-level-in-a-year-driven-by-war-and-inflation-concerns,81a6293aab9575a1198a638679522e9b,"Mortgage rates hit their highest level in a year , driven by war and inflation concerns",20260731T023000Z,kalw.org,English,United States,shipping,D4_운송,2026-07-31
https://www.unitaid.eu/ups-store-me-iq1a.html,a308a580e40e8e299cafd0fe7f6ce944,Ups Store By Me,20260731T193000Z,unitaid.eu,English,,shipping,D4_운송,2026-07-31
https://economictimes.indiatimes.com/markets/us-stocks/news/global-market-today-asian-stocks-rise-on-korean-rally-yen-holds-gains/articleshow/132753029.cms,1dbeac85d4dee01ad6f66d4d7106c055,"Global Market Today : Asian stocks rise on Korean rally , yen holds gains",20260731T011500Z,economictimes.indiatimes.com,English,India,shipping,D4_운송,2026-07-31
https://timesofindia.indiatimes.com/world/us/a-tiny-wisconsin-island-guards-deaths-door-where-hundreds-of-ships-met-the-shoals-and-an-1858-lighthouse-was-built-to-warn-them-away/articleshow/132736825.cms,3c3511639b7707237098d5dc76fbd44f,Discover Pilot Island : A Historic Lighthouse Guarding Death Door in Wisconsin | World News,20260731T083000Z,timesofindia.indiatimes.com,English,India,shipping,D4_운송,2026-07-31
https://timesofindia.indiatimes.com/world/us/maga-piles-on-to-morocco-as-trump-twits-spain-over-ceuta/articleshow/132772346.cms,430d46cef343b85af3780d060201ce74,MAGA piles on to Morocco as Trump twits Spain over Ceuta,20260731T170000Z,timesofindia.indiatimes.com,English,India,shipping,D4_운송,2026-07-31
https://www.cbc.ca/news/canada/prince-edward-island/pei-cold-storage-facility-summerside-port-9.7291347,ac71c0f89d3e407773dab672fe16fd1f,Huge new cold - storage space for Summerside will help P . E . I . food sector keep costs lower,20260731T011500Z,cbc.ca,English,Canada,shipping,D4_운송,2026-07-31
https://metro.co.uk/2026/07/31/zelda-remake-release-date-leak-looks-real-nintendo-deletes-product-listing-29269555/,2d542a9ecee18f20efce32730289af88,Zelda remake release date leak looks real as Nintendo deletes product listing,20260731T170000Z,metro.co.uk,English,United Kingdom,shipping,D4_운송,2026-07-31
https://www.middle-east-online.com/en/saudi-arabia-launches-push-red-sea-security-coalition,c4f41d38f2bbdab3e2124d8a1948b476,Saudi Arabia launches push for Red Sea Security coalition,20260731T030000Z,middle-east-online.com,English,Iraq,shipping,D4_운송,2026-07-31
https://www.usmagazine.com/shopping/news/courteney-cox-adidas-adilette-slides-sale-amazon/,141cee77c9586c6434555db3faafc55e,Courteney Cox Wore These Exact $26 Adidas Slide Sandals,20260731T124500Z,usmagazine.com,English,United States,shipping,D4_운송,2026-07-31
https://www.cultofmac.com/news/iphone-18-wait-times-apple-supply-constraints,f1b7e67c70e9bdc5649ee8c8476498e6,iPhone 18 and Mac supply crunch could bring long wait times,20260731T200000Z,cultofmac.com,English,United States,shipping,D4_운송,2026-07-31
https://city.udn.com/2976/7247690?raid=7297465,b694610770af21e1f7daac4929b593da,中東風雲錄 -- 開欄文 ： 埃及的加薩重建方案 -- Al Jazeera - 時事論壇,20260731T053000Z,city.udn.com,English,Taiwan,shipping,D4_운송,2026-07-31
https://www.jpost.com/opinion/article-903882,5634db9dd11438a3eebcaf9e6394759a,How Turkey became one of NATO most influential members,20260731T183000Z,jpost.com,English,Israel,shipping,D4_운송,2026-07-31
http://www.jpost.com/opinion/article-903882,60569d46f72cf0a1c12069cfacf42b3f,How Turkey became one of NATO most influential members,20260731T193000Z,jpost.com,English,Israel,shipping,D4_운송,2026-07-31
https://www.bnnbloomberg.ca/business/company-news/2026/07/31/chevron-records-highest-quarterly-profit-in-six-years-beating-analyst-estimates/,dfac608f2c5c17f024599fd7e97a22e7,Chevron records highest quarterly profit in six years,20260731T140000Z,bnnbloomberg.ca,English,Canada,shipping,D4_운송,2026-07-31
https://www.wamc.org/2026-07-30/mortgage-rates-hit-their-highest-level-in-a-year-driven-by-war-and-inflation-concerns,9f034541d382615246b3a0729353e2c7,"Mortgage rates hit their highest level in a year , driven by war and inflation concerns",20260731T041500Z,wamc.org,English,United States,shipping,D4_운송,2026-07-31
https://www.newkerala.com/news/a/adnoc-shift-abu-dhabi-crude-pricing-prompt-month-platts-658.htm,e961667970ed1a639cc85fcfe4b2ebe1,ADNOC crude pricing shifts to prompt - month Platts Dubai,20260731T161500Z,newkerala.com,English,India,shipping,D4_운송,2026-07-31
https://thestarphoenix.com/press-releases/business-wire/lenovo-helps-students-gear-up-with-extended-back-to-school-sale-featuring-doorbusters-student-savings-and-exclusive-member-offers/,d1ce4efcdfbe7b832396e67704e5749b,"Lenovo Helps Students Gear Up with Extended Back to School Sale Featuring Doorbusters , Student Savings and Exclusive Member Offers",20260731T023000Z,thestarphoenix.com,English,Canada,shipping,D4_운송,2026-07-31
https://www.globalsecurity.org/military/library/news/2026/07/mil-260731-azertac01.htm,03b1834471b9aed9d5f866ba6a75c7c4,"Saudi Arabia , 13 countries establish multinational maritime defense coalition for Bab al - Mandab",20260731T094500Z,globalsecurity.org,English,Syria,shipping,D4_운송,2026-07-31
https://www.kbtx.com/2026/07/31/heres-what-you-need-know-about-texas-newest-thc-ban/,e99ce71de7eef87e92a32213a41d92b5,Here what you need to know about Texa newest THC ban,20260731T050000Z,kbtx.com,English,United States,shipping,D4_운송,2026-07-31
https://finance.yahoo.com/markets/stocks/articles/safe-bulkers-q2-earnings-call-080401492.html,8e2a96949530de6878690dd5d8e0c909,Safe Bulkers Q2 Earnings Call Highlights,20260731T183000Z,finance.yahoo.com,English,United States,shipping,D4_운송,2026-07-31
https://www.foxnews.com/politics/investigators-believe-iranian-hackers-likely-behind-cyberattack-minnesota-water-systems-report,6c744c5d23641d2ab5e32a807bfb15e0,Iranian hackers likely behind cyberattack on Minnesota water systems : report,20260731T151500Z,foxnews.com,English,United States,shipping,D4_운송,2026-07-31
https://www.zerohedge.com/geopolitical/bombing-campaign-search-strategy-pentagon-offers-trump-two-week-go-bigger-campaign,82e01959805ff9e68808c4e638e8cacb,Bombing Campaign In Search Of A Strategy : Pentagon Offers Trump Two - Week  Go Bigger  Plan In Iran,20260731T050000Z,zerohedge.com,English,United States,shipping,D4_운송,2026-07-31
https://www.dailykos.com/stories/2026/7/31/800077502/community/i/,13451a89a5c2efd5b7182be4676e2890,"IRAN WAR WEEK 22 , day # 7 : escalation continues as domestic US water supplies cyber - attacked",20260731T193000Z,dailykos.com,English,United States,shipping,D4_운송,2026-07-31
https://www.livemint.com/market/stock-market-news/itc-q1-results-preview-analysts-see-a-weak-quarter-cigarette-tax-hikes-likely-to-dent-profit-margins-what-to-expect-11785473654553.html,b7d6815f2a5af39995cf9c655d4c3f29,"ITC Q1 results preview : Analysts see a weak quarter ; cigarette tax hikes likely to dent profit , margins - What to expect ? ",20260731T061500Z,livemint.com,English,India,shipping,D4_운송,2026-07-31
https://thenextweb.com/news/eric-trump-space-eyes-638m-spac-defence,d0e6e8392c84c22d2c839d209c89a912,"Space - Eyes , backed by Eric Trump , plans a $638m SPAC debut",20260731T170000Z,thenextweb.com,English,United States,shipping,D4_운송,2026-07-31
https://www.koreatimes.co.kr/entertainment/shows-dramas/20260731/agent-kim-reactivated-kicks-off-2nd-chapter-of-his-career-so-ji-sub-says,bb0240fe8fa666b95c660d05d777a9ad," [ INTERVIEW ]  Agent Kim Reactivated  kicks off 2nd chapter of his career , So Ji - sub says",20260731T011500Z,koreatimes.co.kr,English,South Korea,shipping,D4_운송,2026-07-31
https://www.businesstimes.com.sg/companies-markets/capital-markets-currencies/asia-stocks-rise-sk-hynix-samsung-fuel-south-korean-recovery-yen-holds-gains,6856017e3a58350b0a2d91defef97a0d,"Asia stocks rise as SK Hynix , Samsung fuel South Korean recovery ; yen holds gains",20260731T013000Z,businesstimes.com.sg,English,Singapore,shipping,D4_운송,2026-07-31
https://www.newkerala.com/news/a/iranian-army-says-struck-us-assets-bahrains-sheikh-520.htm,00dba7e9629123711e57aed0079beb07,Iran Strikes US Assets in Bahrain Sheikh Isa Base,20260731T030000Z,newkerala.com,English,India,shipping,D4_운송,2026-07-31
https://www.staradvertiser.com/2026/07/31/breaking-news/chevron-records-highest-quarterly-profit-in-six-years/,9c63ed6b2c59a7ca1289f76256c90a25,Chevron records highest quarterly profit in six years | Honolulu Star - Advertiser,20260731T183000Z,staradvertiser.com,English,United States,shipping,D4_운송,2026-07-31
https://jp.ibtimes.com/india-supplied-nearly-400000-weapons-parts-israel-amid-gaza-genocide-amnesty-finds-103252,66232e0e0f12735b026b06b02786fae8,"India Supplied Nearly 400 , 000 Weapons Parts to Israel Amid Gaza  Genocide , Amnesty Finds",20260731T020000Z,jp.ibtimes.com,English,United States,shipping,D4_운송,2026-07-31
https://gcaptain.com/carrier-discounts-push-container-spot-rates-lower-ahead-of-august-gris/,410d9365edb44b11e3df649dc7e5dc7b,Carrier Discounts Push Container Spot Rates Lower Ahead of August GRIs,20260731T140000Z,gcaptain.com,English,United States,shipping,D4_운송,2026-07-31
https://stylecaster.com/uncategorized/general/1790818/abercrombie-sales/,128cb870e99a2c83fa3400fbcbbfc1dd,"When Are Abercrombie Sales in 2026 ? Dates , Deals , & Coupon Codes",20260731T000000Z,stylecaster.com,English,United States,shipping,D4_운송,2026-07-31
https://www.thehindu.com/books/books-reviews/john-of-john-author-douglas-stuart-homosexuality-scotland-booker-prize-longlisted/article71274184.ece,bc483dfb0c0b4f132664f805a50cecac,"Review | In John of John , Douglas Stuart unearths buried secrets and inherited shame",20260731T020000Z,thehindu.com,English,India,shipping,D4_운송,2026-07-31
https://fortune.com/2026/07/31/dutch-bookseller-ai-spam-phishing-3000-book-copies-scan-destroy/,ae6d90b0348511267b3a5f78681094be,This bookseller thought a large request was  spam . It AI companies scanning and destroying them,20260731T084500Z,fortune.com,English,United States,shipping,D4_운송,2026-07-31
https://oilprice.com/Energy/Oil-Prices/ADNOC-Makes-One-of-the-Biggest-Changes-to-Middle-East-Crude-Pricing-in-Years.html,f4bed3456dc769b6765e5787c965d11c,ADNOC Makes One of the Biggest Changes to Middle East Crude Pricing in Years,20260731T181500Z,oilprice.com,English,United States,shipping,D4_운송,2026-07-31
https://asianews.network/attacks-on-indian-seafarers-in-black-sea-absolutely-unacceptable-eam-jaishankar-tells-ukrainian-counterpart/,a7c47e2e6751918125ad6fec31ae3547,Attacks on Indian seafarers in Black Sea  absolutely unacceptable : EAM Jaishankar tells Ukrainian counterpart – Asia News Network,20260731T044500Z,asianews.network,English,China,shipping,D4_운송,2026-07-31
https://jerseyeveningpost.com/news/2026/07/31/new-large-retail-outlet-opens-in-st-john-offering-an-alternative-to-a-trip-to-town/,9f6953d694f892a3d5f70fbc1913b0df,New large retail outlet opens in St John - offering an alternative to a trip to town,20260731T181500Z,jerseyeveningpost.com,English,United Kingdom,shipping,D4_운송,2026-07-31
https://www.ign.com/articles/best-deals-for-july-31-2026,1f833120fe38554114c81acdb812457b,"Today Best Deals : LEGO Yoda Bust , Sony WH - 1000XM6 Headphones , and a Bunch of Physical PS5 Games",20260731T181500Z,ign.com,English,United States,shipping,D4_운송,2026-07-31
https://www.argusmedia.com/en/news-and-insights/latest-market-news/2859754-dutch-marine-ticket-prices-surge-on-shortfall-concerns,17ad322b4099b9aa12da0463159f57f8,Dutch marine ticket prices surge on shortfall concerns,20260731T194500Z,argusmedia.com,English,United States,shipping,D4_운송,2026-07-31
https://www.shippingtribune.com/news/shipping/India+launches+first+sovereign-backed+maritime+liability+insurance+under+BMIP,ef89071c1d40ef4394f2c762455b5273,Shipping Tribune,20260731T053000Z,shippingtribune.com,English,India,shipping,D4_운송,2026-07-31
https://www.businessinsider.com/fcc-robot-ban-silicon-valley-debate-startups-china-unitree-2026-7,c9901094648065de179c07967be55e7a,FCC Robot Ban Sparks Silicon Valley Debate . Startups Fear Losing Out . ,20260731T161500Z,businessinsider.com,English,United States,shipping,D4_운송,2026-07-31
https://hartfordbusiness.com/article/ct-shipping-technology-company-says-sale-among-strategic-review-options/,560190b3e95394e20e35f3e522b8dc4e,CT shipping technology company says sale among strategic review options,20260731T154500Z,hartfordbusiness.com,English,United States,shipping,D4_운송,2026-07-31
https://kaieteurnewsonline.com/2026/07/31/edghill-and-others-must-go/,edc049525ef32d0aa9e32dae9c7d4118,Edghill and others must go,20260731T084500Z,kaieteurnewsonline.com,English,Guyana,shipping,D4_운송,2026-07-31
https://jamaica-gleaner.com/article/news/20260731/hope-hanover-fisherfolk-lucea-fish-sanctuary-opens,af2c47f72ecfabb9642911796c33f868,Hope for Hanover fisherfolk as Lucea Fish Sanctuary opens,20260731T061500Z,jamaica-gleaner.com,English,Jamaica,shipping,D4_운송,2026-07-31
https://www.yardbarker.com/mlb/articles/jarren_durans_antics_only_tank_trade_value_further/s1_13132_44121646,df231d027812176ef5698c6ba611e194,Jarren Duran antics only tank trade value further,20260731T191500Z,yardbarker.com,English,United States,shipping,D4_운송,2026-07-31
https://www.wral.com/news/ap/b4ce0-amazon-to-boost-spending-on-ai-and-other-technology-by-20-billion-after-strong-q2-results/,6ddd9c87277c01c4ab8eb48cd07d9edb,Amazon to boost spending on AI and other technology by $20 billion after strong Q2 results,20260731T013000Z,wral.com,English,United States,shipping,D4_운송,2026-07-31
https://www.zimbio.com/top-lab-diamond-stud-earrings-you-dont-want-to-miss/,6042c2e77e4705f9eb7979fe60461685,Top Lab Diamond Stud Earrings You Dont Want to Miss,20260731T103000Z,zimbio.com,English,United States,shipping,D4_운송,2026-07-31
https://www.usmagazine.com/shopping/news/nordstrom-anniversary-sale-writer-loved-fashion-deals/,8824341c9015846d04ff3f9b69bf0b97,13 Writer - Approved Fashion Deals in Nordstrom Anniversary Sale,20260731T164500Z,usmagazine.com,English,United States,shipping,D4_운송,2026-07-31
https://www.philstar.com/business/2026/08/01/2546088/same-old-story,d03c06a289ea924786a222086de029d4,Same old story,20260731T181500Z,philstar.com,English,Philippines,shipping,D4_운송,2026-07-31
https://www.newkerala.com/news/a/mea-touch-families-two-missing-indians-seafarers-from-103.htm,d1e671523c8405b1b69057bbba0fe451,Missing Indian Seafarers : MEA in Touch with Families,20260731T181500Z,newkerala.com,English,India,shipping,D4_운송,2026-07-31
https://www.novinite.com/articles/239896/Danube+Near+Ruse+Falls+to+Lowest+Level+in+86+Years,843d81cde65bfd27b3d3e50576a0dbfc,Danube Near Ruse Falls to Lowest Level in 86 Years - Novinite . com,20260731T121500Z,novinite.com,English,Bulgaria,shipping,D4_운송,2026-07-31
https://www.dailypolitical.com/2026/07/31/zacks-research-downgrades-euroseas-nasdaqesea-to-hold.html,e8043b3e4243fd21e9e046829064dd0e,Zacks Research Downgrades Euroseas ( NASDAQ : ESEA ) to Hold,20260731T124500Z,dailypolitical.com,English,United States,shipping,D4_운송,2026-07-31
https://www.mercurynews.com/2026/07/31/grocery-routines-price-jump/,68be6257562c17c16c6bf25b06041c0b,Americans rewire grocery shopping routines to deal with biggest price jump in 50 years,20260731T181500Z,mercurynews.com,English,United States,shipping,D4_운송,2026-07-31
https://www.fool.com/coverage/better-buy/2026/07/30/comcast-vs-shopify-which-stock-is-a-better-buy-in-2026/?source=iedfolrf0000001,ee334bf421630a66e3f91b94c5e06c8f,Comcast vs . Shopify : Which Stock Is a Better Buy in 2026 ? ,20260731T020000Z,fool.com,English,United States,shipping,D4_운송,2026-07-31
https://www.eastbaytimes.com/2026/07/31/grocery-routines-price-jump/,1f636dd67ecfed5ff5c9e0cd9c185c60,Americans rewire grocery shopping routines to deal with biggest price jump in 50 years,20260731T154500Z,eastbaytimes.com,English,United States,shipping,D4_운송,2026-07-31
https://leaderpost.com/press-releases/business-wire/lenovo-helps-students-gear-up-with-extended-back-to-school-sale-featuring-doorbusters-student-savings-and-exclusive-member-offers/,5d0879bd5fbccb605131776a5377a587,"Lenovo Helps Students Gear Up with Extended Back to School Sale Featuring Doorbusters , Student Savings and Exclusive Member Offers",20260731T004500Z,leaderpost.com,English,Canada,shipping,D4_운송,2026-07-31
http://www.jpost.com/middle-east/iran-news/article-904211,fa16744a4ca7e9c91d46d759dc4291d4,"Donald Trump , Benjamin Netanyahu divided over Iran Pickaxe mountain",20260731T094500Z,jpost.com,English,Israel,shipping,D4_운송,2026-07-31
https://www.cnbc.com/2026/07/31/shein-ipo-hong-kong-ftc-investigation-tariffs-fast-fashion-.html,e002512c6e3568d0eb841a5f653789d2,Shein three - year IPO delay cost it the  golden time  to go public,20260731T000000Z,cnbc.com,English,United States,shipping,D4_운송,2026-07-31
https://nichegamer.com/opinion-sony-will-not-change-until-playstation-backlash-starts-costing-it-money/,f7db99b332a98dd56275526c0977f095, [ OPINION ] Sony will not change until PlayStation backlash starts costing it money,20260731T011500Z,nichegamer.com,English,Japan,shipping,D4_운송,2026-07-31
https://gcaptain.com/hormuz-oil-shuttling-trade-is-picking-up-again-after-lull/,910a64849fae4983530768ad5b1cc498,Hormuz Oil Shuttling Trade Is Picking Up Again After Lull,20260731T184500Z,gcaptain.com,English,United States,shipping,D4_운송,2026-07-31
https://news.az/news/what-are-trump-s-terms-to-start-talks-with-iran,11987712f163ef05dcc9746407f9de7b,What are Trump terms to start talks with Iran ? ,20260731T054500Z,news.az,English,Azerbaijan,shipping,D4_운송,2026-07-31
https://www.proactiveinvestors.com.au/companies/news/1096334/provaris-energy-advances-hydrogen-and-co-shipping-technologies-during-june-quarter-1096334.html,1179600be27356fa026fba6353bce04b,Provaris Energy advances hydrogen and CO₂ shipping technologies during June quarter,20260731T043000Z,proactiveinvestors.com.au,English,Australia,shipping,D4_운송,2026-07-31
https://www.kfyrtv.com/2026/07/30/center-machine-turns-shipping-container-into-underground-storm-shelter/,00a5989833625c935708b9154d5020da,Center Machine turns shipping container into underground storm shelter,20260731T001500Z,kfyrtv.com,English,United States,shipping,D4_운송,2026-07-31
https://www.azernews.az/region/261803.html,3883bafe9ab35389adbb1b5418d1afb6,Saudi Arabia launches multinational maritime coalition to protect Red Sea shipping routes,20260731T130000Z,azernews.az,English,Azerbaijan,shipping,D4_운송,2026-07-31
https://www.windtech-international.com/projects-and-contracts/broken-offshore-wind-turbine-blade-recovered-in-north-sea,47dd1aa714f196f7096094953bf95ed1,Windtech International - Broken offshore wind turbine blade recovered in North Sea,20260731T094500Z,windtech-international.com,English,United States,shipping,D4_운송,2026-07-31
https://abcnews.com/Business/wireStory/amazon-boost-spending-ai-technology-20-billion-after-135241127,b558cc129238d43d4b687d2370fdf6f3,Amazon to boost spending on AI and other technology by $20 billion after strong Q2 results,20260731T064500Z,abcnews.com,English,United States,shipping,D4_운송,2026-07-31
https://www.billboard.com/culture/product-recommendations/disney-old-navy-halloween-collection-kids-adult-shop-online-1236306415/,4a7ebb41a0b0f582d1cd6c69c7e3871c,"Shop Disney x Old Navy Halloween Collection For Adults , Kids & Pets",20260731T043000Z,billboard.com,English,United States,shipping,D4_운송,2026-07-31
https://www.eonline.com/news/1434550/wonder-man-canceled-after-emmy-nomination-yahya-abdul-mateen-ii-reacts,69eb2df1c45fae9b0ce54b064877295b,Wonder Man Canceled After Emmy Nomination : Yahya Abdul - Mateen II Reacts,20260731T184500Z,eonline.com,English,United States,shipping,D4_운송,2026-07-31
https://www.bostonglobe.com/2026/07/31/business/russia-ukraine-aerial-attacks/,9621dc4e230455cac83b9fae5f3894fa,Ukraine hits outlets of Russian online marketplace,20260731T190000Z,bostonglobe.com,English,United States,shipping,D4_운송,2026-07-31
https://mynewsla.com/business/2026/07/30/port-of-la-partners-with-state-to-share-future-of-vincent-thomas-bridge/,4277fbc67da70f9274fb0b5fd21c8dfb,Port of LA Partners with State to Share Future of Vincent Thomas Bridge,20260731T043000Z,mynewsla.com,English,United States,shipping,D4_운송,2026-07-31
https://www.timesfreepress.com/news/2026/jul/30/7-things-to-know-after-fuller-family-buys/,6e2133c5e2709415ac672b39a7e3f674,7 things to know after Fuller family buys Chattanooga Times Free Press,20260731T051500Z,timesfreepress.com,English,United States,freight rate,D5_시장지표,2026-07-31
https://www.hellenicshippingnews.com/baltic-dry-index-climbs-to-2732-up-59-points/,686fc08058127c7c605c91ca7d2a6bb0,Baltic Dry Index climbs to 2732 up 59 points | Hellenic Shipping News Worldwide,20260731T140000Z,hellenicshippingnews.com,English,China,Baltic Dry Index,D5_시장지표,2026-07-31
https://www.moneycontrol.com/news/business/banks/mc-poll-rbi-likely-to-maintain-status-quo-while-policymakers-take-stock-of-volatile-brent-13990116.html,0641646d9df3d4e8c5cfdf5ebd218c05,MC Poll | RBI likely to maintain status quo while policymakers take stock of volatile Brent,20260731T084500Z,moneycontrol.com,English,India,Brent crude,D5_시장지표,2026-07-31
http://thepeninsulaqatar.com/article/31/07/2026/kuwaiti-oil-prices-rise-169-a-barrel,69b6ca4555c4b7fa212d9648dfef34aa,Kuwaiti oil prices rise $1 . 69 a barrel | The Peninsula Qatar,20260731T161500Z,thepeninsulaqatar.com,English,Qatar,Brent crude,D5_시장지표,2026-07-31
https://www.winnipegfreepress.com/business/2026/07/30/south-koreas-kospi-index-jumps-more-than-13-on-a-surge-of-chipmaking-stocks,ae4b79154b69c3403c7c9724cc404696,South Korea Kospi index jumps more than 16 % on a surge of chipmaking stocks – Winnipeg Free Press,20260731T020000Z,winnipegfreepress.com,English,Canada,Brent crude,D5_시장지표,2026-07-31
https://www.thestar.com.my/business/business-news/2026/07/31/semicon-stocks-climb-amid-regional-tech-rally,733411a2789b3f63b2821d33bf1b645f,Semicon stocks climb amid regional tech rally,20260731T023000Z,thestar.com.my,English,Malaysia,Brent crude,D5_시장지표,2026-07-31
https://www.thehindubusinessline.com/markets/india-bond-traders-seen-leaning-bearish-in-early-trade-with-eyes-on-fresh-supply/article71288940.ece,20021f4b4c2144f79050907f2b14e6ad,India bond traders seen leaning bearish in early trade with eyes on fresh supply,20260731T044500Z,thehindubusinessline.com,English,India,Brent crude,D5_시장지표,2026-07-31
https://www.prokerala.com/news/articles/a1794632.html,15c076eb2f4c2fb0c9ec4d1452355504,"Markets open positive amid global optimism , sustained FII inflows",20260731T050000Z,prokerala.com,English,India,Brent crude,D5_시장지표,2026-07-31
https://www.livemint.com/market/commodities/gold-and-silver-prices-fall-on-mcx-amid-a-stronger-dollar-escalating-us-iran-conflict-11785468795874.html,e5a8748e5cce57702cb2bf634a45c662,"Gold and silver prices fall on MCX amid a stronger dollar , escalating US - Iran conflict",20260731T041500Z,livemint.com,English,India,Brent crude,D5_시장지표,2026-07-31
https://www.ibtimes.co.in/markets-open-positive-amid-global-optimism-sustained-fii-inflows-904322,c845f4c8a6951e88e0b84622025bdec9,"Markets open positive amid global optimism , sustained FII inflows",20260731T090000Z,ibtimes.co.in,English,India,Brent crude,D5_시장지표,2026-07-31
https://www.newkerala.com/news/a/sensex-nifty-end-week-higher-as-financial-stocks-627.htm,ec6f546bb1aea1cfc46077bb5ab7044c,"Sensex , Nifty Up on Financial Rally ; IT Stocks Slip",20260731T123000Z,newkerala.com,English,India,Brent crude,D5_시장지표,2026-07-31
https://www.aol.co.uk/articles/uk-petrol-price-hits-iran-122540000.html,35c2dfa9368322d581b6f6d5264038ad,"UK petrol price hits Iran war high , adding to pressure on households",20260731T130000Z,aol.co.uk,English,United Kingdom,Brent crude,D5_시장지표,2026-07-31
https://www.moneycontrol.com/news/business/earnings/iocl-posts-consolidated-net-loss-of-rs-1-141-crore-in-q1fy27-on-lower-marketing-margins-13990440.html,aea40e1691d58c701cdc2ba918c6a51f,"IOCL posts consolidated net loss of Rs 1 , 141 crore in Q1FY27 on lower marketing margins",20260731T140000Z,moneycontrol.com,English,India,Brent crude,D5_시장지표,2026-07-31
https://www.newkerala.com/news/a/markets-open-positive-amid-global-optimism-sustained-fii-252.htm,ce98228897e8257c0579441cc4246e8b,"Sensex Nifty Rise on FII Buying , IT Stocks Fall 3 % ",20260731T050000Z,newkerala.com,English,India,Brent crude,D5_시장지표,2026-07-31
https://markets.financialcontent.com/stocks/article/stockstory-2026-7-31-why-are-spx-technologies-spxc-shares-soaring-today,cc318a1ac2879174c0f1cb00e506f016,FinancialContent - Why Are SPX Technologies ( SPXC ) Shares Soaring Today,20260731T193000Z,markets.financialcontent.com,English,United States,Brent crude,D5_시장지표,2026-07-31
https://www.niagarafallsreview.ca/business/south-koreas-kospi-index-jumps-more-than-13-on-a-surge-of-chipmaking-stocks/article_49f10344-1e7a-5745-bbd2-1fc596528436.html,c60e06cdad227001e9ebe1d0234bc229,South Korea Kospi index jumps more than 16 % on a surge of chipmaking stocks,20260731T034500Z,niagarafallsreview.ca,English,Canada,Brent crude,D5_시장지표,2026-07-31
https://www.2news.com/news/national/south-korea-s-kospi-index-jumps-more-than-16-on-a-surge-of-chipmaking-stocks/article_f647daf3-698a-5000-b5d9-c4cd56074165.html,e35610815488790f0158b888caee9db2,South Korea Kospi index jumps more than 16 % on a surge of chipmaking stocks | National News,20260731T023000Z,2news.com,English,,Brent crude,D5_시장지표,2026-07-31
https://www.irishtimes.com/business/markets/2026/07/31/european-stocks-close-lower-after-earlier-hitting-record-high/,8e3d885ef28273b56164f58c2cec7732,European stocks close lower after earlier hitting record high,20260731T190000Z,irishtimes.com,English,Ireland,Brent crude,D5_시장지표,2026-07-31
"http://www.sitkasentinel.com/stories/south-koreas-kospi-index-jumps-more-than-15-on-a-surge-of-chipmaking-stocks,160348",a6faf0c3ac8d3c859c4e3ac3a81c3e6e,South Korea Kospi index jumps more than 15 % on a surge of chipmaking stocks,20260731T024500Z,sitkasentinel.com,English,United States,Brent crude,D5_시장지표,2026-07-31
https://isp.netscape.com:443/pf/story/0001/20260731/e31b3a442bcb957a53f1823ef21e73e8,276dcce2c3ac6fc7b94d73ce7fad37da,South Korea Kospi index jumps more than 16 % on a surge of chipmaking stocks,20260731T044500Z,isp.netscape.com,English,United States,Brent crude,D5_시장지표,2026-07-31
https://www.businesstimes.com.sg/companies-markets/capital-markets-currencies/asian-stocks-rally-kospi-jumps-17-yen-falls-boj-stands-pat,994915cb4ab9203a3059a02c3c408c06,Asian stocks rally as Kospi jumps 17 %; yen falls as BOJ stands pat,20260731T060000Z,businesstimes.com.sg,English,Singapore,Brent crude,D5_시장지표,2026-07-31
https://www.lowellsun.com/2026/07/31/wall-street-rises-amazon-chip-stocks-oil-prices/,6408e828add48cb3c9b37d27c46b3db6,US stocks swing as Wall Street wild July keeps swerving,20260731T151500Z,lowellsun.com,English,United States,Brent crude,D5_시장지표,2026-07-31
https://www.mercurynews.com/2026/07/30/us-stocks-swing-as-amazon-leaps-apple-sinks-and-rising-oil-prices-add-to-worries-about-inflation/,bd4351429d7e47a8591237cb32905dd2,"US stocks swing as Amazon leaps , Apple sinks and rising oil prices add to worries about inflation",20260731T181500Z,mercurynews.com,English,United States,Brent crude,D5_시장지표,2026-07-31
https://www.businesstoday.in/markets/story/nifty-sensex-nifty-bank-outlook-for-today-gift-nifty-up-67-points-key-levels-to-watch-546415-2026-07-31,ab7a1975a6d1eeedee1c3cf82b4ba775,"Nifty , Sensex , Nifty Bank outlook for today : GIFT Nifty up 67 points ; key levels to watch",20260731T041500Z,businesstoday.in,English,India,Brent crude,D5_시장지표,2026-07-31
https://www.orlandosentinel.com/2026/07/31/wall-street-rises-amazon-chip-stocks-oil-prices/,c0efc949a1f959f6e096e4b6d9295ace,US stocks swing as Wall Street wild July keeps swerving,20260731T161500Z,orlandosentinel.com,English,United States,Brent crude,D5_시장지표,2026-07-31
https://www.local10.com/news/2026/07/31/us-stocks-swing-as-amazon-leaps-apple-sinks-and-rising-oil-prices-add-to-worries-about-inflation/,7379a5e6caa7e2bafc926e6b4078f613,"US stocks swing as Amazon leaps , Apple sinks and rising oil prices add to worries about inflation",20260731T180000Z,local10.com,English,United States,Brent crude,D5_시장지표,2026-07-31
https://www.mcall.com/2026/07/31/wall-street-rises-amazon-chip-stocks-oil-prices/,14690b7e9131977776596e9cff4a5606,US stocks swing as Wall Street wild July keeps swerving,20260731T160000Z,mcall.com,English,United States,Brent crude,D5_시장지표,2026-07-31
https://www.eastbaytimes.com/2026/07/30/us-stocks-swing-as-amazon-leaps-apple-sinks-and-rising-oil-prices-add-to-worries-about-inflation/,87afefb7c5e79f4f70c411ae755c5e08,"US stocks swing as Amazon leaps , Apple sinks and rising oil prices add to worries about inflation",20260731T154500Z,eastbaytimes.com,English,United States,Brent crude,D5_시장지표,2026-07-31
https://www.kob.com/ap-top-news/wall-streets-wild-july-is-ending-with-more-swings-as-amazon-leaps-apple-sinks-and-oil-prices-rise/,b6fa300c0161844209649e23e3957dcf,"Wall Street wild July is ending with more swings as Amazon leaps , Apple sinks and oil prices rise",20260731T194500Z,kob.com,English,United States,Brent crude,D5_시장지표,2026-07-31
http://www.brazilsun.com/news/279217029/portugal-approves-33-pct-solidarity-tax-on-oil-company-windfall-profits,28420885ce1d3855d5b962310285ce4a,Portugal approves 33 pct solidarity tax on oil company windfall profits,20260731T013000Z,brazilsun.com,English,Brazil,Brent crude,D5_시장지표,2026-07-31
http://www.venezuelastar.com/news/279217029/portugal-approves-33-pct-solidarity-tax-on-oil-company-windfall-profits,f201c628dba9ac27d22a5b21c4b265ad,Portugal approves 33 pct solidarity tax on oil company windfall profits,20260731T000000Z,venezuelastar.com,English,Venezuela,Brent crude,D5_시장지표,2026-07-31
https://www.news-gazette.com/news/nation-world/us-stocks-swing-as-amazon-leaps-apple-sinks-and-rising-oil-prices-add-to-worries/article_2efc318d-289e-5f1b-9bee-d38bf2ce4871.html,156f8473bf241aca0746ed5844a408b1,"US stocks swing as Amazon leaps , Apple sinks and rising oil prices add to worries about inflation",20260731T181500Z,news-gazette.com,English,United States,Brent crude,D5_시장지표,2026-07-31
http://www.idahostatejournal.com/news/national/us-stocks-swing-as-amazon-leaps-apple-sinks-and-rising-oil-prices-add-to-worries/article_2a16b18d-96a3-588c-bf7f-1d144a168574.html,339c14d7e262dcf142a7321b93a7142a,"US stocks swing as Amazon leaps , Apple sinks and rising oil prices add to worries about inflation",20260731T160000Z,idahostatejournal.com,English,United States,Brent crude,D5_시장지표,2026-07-31
http://www.milwaukeesun.com/news/279217888/sensex-nifty-end-week-higher-as-financial-stocks-rally-it-shares-see-profit-booking,6ef5af4a6bd5ce355cb17af6e24aed08,"Sensex , Nifty end week higher as financial stocks rally ; IT shares see profit booking",20260731T183000Z,milwaukeesun.com,English,United States,Brent crude,D5_시장지표,2026-07-31
http://www.singaporestar.com/news/279217888/sensex-nifty-end-week-higher-as-financial-stocks-rally-it-shares-see-profit-booking,82caf5c21469b5264258926b13283a33,"Sensex , Nifty end week higher as financial stocks rally ; IT shares see profit booking",20260731T180000Z,singaporestar.com,English,Singapore,Brent crude,D5_시장지표,2026-07-31
http://www.chinanationalnews.com/news/279217888/sensex-nifty-end-week-higher-as-financial-stocks-rally-it-shares-see-profit-booking,0d6f3b865635e2d4d5c80ee66dec7c92,"Sensex , Nifty end week higher as financial stocks rally ; IT shares see profit booking",20260731T180000Z,chinanationalnews.com,English,China,Brent crude,D5_시장지표,2026-07-31
http://www.japanherald.com/news/279217888/sensex-nifty-end-week-higher-as-financial-stocks-rally-it-shares-see-profit-booking,75d8910200990e5565ef88a583840cbd,"Sensex , Nifty end week higher as financial stocks rally ; IT shares see profit booking",20260731T193000Z,japanherald.com,English,Japan,Brent crude,D5_시장지표,2026-07-31
http://www.iraqsun.com/news/279217888/sensex-nifty-end-week-higher-as-financial-stocks-rally-it-shares-see-profit-booking,255f5eda18f37fc11605c6d39a0abfa3,"Sensex , Nifty end week higher as financial stocks rally ; IT shares see profit booking",20260731T193000Z,iraqsun.com,English,Iraq,Brent crude,D5_시장지표,2026-07-31
https://www.ktbs.com/news/business/us-stocks-swing-as-amazon-leaps-apple-sinks-and-rising-oil-prices-add-to-worries/article_c1a4b3fa-41fe-5f70-bd6c-78203b93131d.html,3040f3058d809c19ea22fabb50fac32a,"US stocks swing as Amazon leaps , Apple sinks and rising oil prices add to worries about inflation",20260731T181500Z,ktbs.com,English,United States,Brent crude,D5_시장지표,2026-07-31
https://www.readingeagle.com/2026/07/31/wall-street-rises-amazon-chip-stocks-oil-prices/,9729effa8223386c8d59ad219e516a85,US stocks swing as Wall Street wild July keeps swerving,20260731T160000Z,readingeagle.com,English,United States,Brent crude,D5_시장지표,2026-07-31
http://www.dailyadvance.com/news/national/us-stocks-swing-as-amazon-leaps-apple-sinks-and-rising-oil-prices-add-to-worries/article_7670c2ac-24d4-5848-938e-62d7cd9e8a49.html,4683feb2d297e39864f660a2f5808d01,"US stocks swing as Amazon leaps , Apple sinks and rising oil prices add to worries about inflation",20260731T193000Z,dailyadvance.com,English,United States,Brent crude,D5_시장지표,2026-07-31
https://www.journalgazette.net/ap/business/microsofts-best-day-since-2008-leads-us-stocks-while-inflation-worries-remain-in-the-bond/article_dd88770e-4463-50d6-8a00-a9f2f365a45d.html,0820b85aa76bd1bd774001e445f8b2bc,"Microsoft best day since 2008 leads US stocks , while inflation worries remain in the bond market",20260731T004500Z,journalgazette.net,English,United States,Brent crude,D5_시장지표,2026-07-31
https://ianslive.in/markets-open-positive-amid-global-optimism-sustained-fii-inflows--20260731092915,209b5b321d2e63a9eee3283dc4de0fd6,"Markets open positive amid global optimism , sustained FII inflows",20260731T050000Z,ianslive.in,English,India,Brent crude,D5_시장지표,2026-07-31
https://www.rttnews.com/3673946/wall-street-set-to-open-positive.aspx,a5b7bdc9a33d82063cfba71ce31e6ea8,Wall Street Set To Open Positive,20260731T133000Z,rttnews.com,English,United States,Brent crude,D5_시장지표,2026-07-31
https://www.rttnews.com/story.aspx?Id=3673946,4b6913461ff216d3cfec76987018cc1e,Wall Street Set To Open Positive,20260731T150000Z,rttnews.com,English,United States,Brent crude,D5_시장지표,2026-07-31
https://news.az/news/oil-shock-delivers-record-quarter-for-chevron-as-exxonmobil-profit-surges-105,685467eacdf66ed42dc12ff40793ae3e,Oil shock delivers record quarter for Chevron as ExxonMobil profit surges 105 % ,20260731T151500Z,news.az,English,Azerbaijan,Brent crude,D5_시장지표,2026-07-31
https://koolfmabilene.com/ixp/195/p/texas-gas-prices-july31/,efb1130c10e77244cff2fcca18fd308a,Texas Gas Prices Drop 6 Cents This Week,20260731T170000Z,koolfmabilene.com,English,United States,Brent crude,D5_시장지표,2026-07-31
https://kqvt.com/ixp/195/p/texas-gas-prices-july31/,f7aa8ddce180977b81db6d545f579a14,Texas Gas Prices Drop 6 Cents This Week,20260731T160000Z,kqvt.com,English,United States,Brent crude,D5_시장지표,2026-07-31
https://965therock.com/ixp/195/p/texas-gas-prices-july31/,826417556c5cfa96b2c56d35b54790e8,Texas Gas Prices Drop 6 Cents This Week,20260731T150000Z,965therock.com,English,United States,Brent crude,D5_시장지표,2026-07-31
https://kygl.com/ixp/195/p/texas-gas-prices-july31/,8222f22a206ce9c5e23fd0da2f432f25,Texas Gas Prices Drop 6 Cents This Week,20260731T181500Z,kygl.com,English,United States,Brent crude,D5_시장지표,2026-07-31
https://www.engineeringnews.co.za/article/anglogolds-exceptional-by-any-measure-second-quarter-pays-364m-dividend-2026-07-31,63e7b729071ef2a780881e562a4afca9,AngloGold  exceptional by any measure  second quarter pays $364m dividend,20260731T184500Z,engineeringnews.co.za,English,South Africa,Brent crude,D5_시장지표,2026-07-31
https://wrp.org.uk/editorials/world-trade-unions-must-call-general-strikes-in-defence-of-iran-and-palestine/,43feca187b0dc7d1a34e012b5fe550d9,World Trade Unions Must Call General Strikes In Defence Of Iran And Palestine ! ,20260731T011500Z,wrp.org.uk,English,United Kingdom,Brent crude,D5_시장지표,2026-07-31
https://www.oedigital.com/news/541688-chevron-posts-strongest-quarterly-profit-in-six-years,eb4a7f0f6ab0170cf645e77dcacf1109,Chevron Posts Strongest Quarterly Profit in Six Years,20260731T151500Z,oedigital.com,English,Norway,Brent crude,D5_시장지표,2026-07-31
http://www.goskagit.com/news/nation/wall-street-rises-as-amazon-and-chip-stocks-jump-even-as-oil-prices-add-to/article_67478344-9b32-583c-a5a0-6c20aa737cc1.html,69abc94ea1ba74cadb060bb3c9014f4d,"Wall Street rises as Amazon and chip stocks jump , even as oil prices add to worries about inflation",20260731T143000Z,goskagit.com,English,United States,Brent crude,D5_시장지표,2026-07-31
https://www.oedigital.com/news/541687-exxonmobil-misses-forecasts-despite-four-year-profit-high,30e1df2ebe3522ab9d8e18df041cb506,ExxonMobil Misses Forecasts Despite Four - Year Profit High,20260731T151500Z,oedigital.com,English,Norway,Brent crude,D5_시장지표,2026-07-31
https://bmmagazine.co.uk/news/uk-petrol-prices-160p-iran-war/,a82e867e691d571e9550d95f9d2696d9,"UK petrol prices hit 160p , highest since Iran war began",20260731T184500Z,bmmagazine.co.uk,English,United Kingdom,Brent crude,D5_시장지표,2026-07-31
https://www.reporterherald.com/2026/07/31/wall-street-rises-amazon-chip-stocks-oil-prices/,56bd95e31ddb02fb2911d5d8ae98c244,US stocks swing as Wall Street wild July keeps swerving,20260731T150000Z,reporterherald.com,English,United States,Brent crude,D5_시장지표,2026-07-31
https://www.canoncitydailyrecord.com/2026/07/31/wall-street-rises-amazon-chip-stocks-oil-prices/,0d7612e8e468bd349fd90bccaada444d,US stocks swing as Wall Street wild July keeps swerving,20260731T151500Z,canoncitydailyrecord.com,English,United States,Brent crude,D5_시장지표,2026-07-31
https://www.nny360.com/top_stories/u-s-strikes-iran-again-as-conflict-widens-across-middle-east/article_3d66736b-8046-59f9-8752-a5c42348b7d8.html,322df3fc5aac35391d3c2ecaaeb48c2f,U . S . strikes Iran again as conflict widens across Middle East,20260731T044500Z,nny360.com,English,,Brent crude,D5_시장지표,2026-07-31
http://www.postregister.com/businessreport/healthcare/us-stocks-swing-as-amazon-leaps-apple-sinks-and-rising-oil-prices-add-to-worries/article_3bbc0f74-e5a6-5761-8df9-a95710562c7a.html,f337543838e561e78a36a0dbe9b047e6,"US stocks swing as Amazon leaps , Apple sinks and rising oil prices add to worries about inflation",20260731T180000Z,postregister.com,English,United States,Brent crude,D5_시장지표,2026-07-31
https://www.dailyrepublic.com/townnews/politics/us-strikes-iran-again-as-conflict-widens-across-middle-east/article_c26b18fa-19dc-4520-b56d-ba96c9d8562e.html,3b3a494ebc91b97c2fb764af67184c9e,US strikes Iran again as conflict widens across Middle East,20260731T134500Z,dailyrepublic.com,English,United States,Brent crude,D5_시장지표,2026-07-31
https://www.timesherald.com/2026/07/31/wall-street-rises-amazon-chip-stocks-oil-prices/,76910e0b864073c5a092a23d2b811564,US stocks swing as Wall Street wild July keeps swerving,20260731T161500Z,timesherald.com,English,United States,Brent crude,D5_시장지표,2026-07-31
https://www.orovillemr.com/2026/07/31/wall-street-rises-amazon-chip-stocks-oil-prices/,830bd44b71ba9d9fc2786d426b5dd29c,US stocks swing as Wall Street wild July keeps swerving,20260731T161500Z,orovillemr.com,English,United States,Brent crude,D5_시장지표,2026-07-31
https://www.journal-advocate.com/2026/07/31/wall-street-rises-amazon-chip-stocks-oil-prices/,ac782932bfe553aca7bf85184b549211,US stocks swing as Wall Street wild July keeps swerving,20260731T160000Z,journal-advocate.com,English,United States,Brent crude,D5_시장지표,2026-07-31
http://www.reflector.com/news/national/us-stocks-swing-as-amazon-leaps-apple-sinks-and-rising-oil-prices-add-to-worries/article_cfdbfdbc-e1d5-5264-ad3d-21c9726dd9bf.html,1a34860ef7e092ddf91a97a6b59b04e9,"US stocks swing as Amazon leaps , Apple sinks and rising oil prices add to worries about inflation",20260731T161500Z,reflector.com,English,United States,Brent crude,D5_시장지표,2026-07-31
https://www.akronnewsreporter.com/2026/07/31/wall-street-rises-amazon-chip-stocks-oil-prices/,aa91e571156220db452c301e462477ee,US stocks swing as Wall Street wild July keeps swerving,20260731T160000Z,akronnewsreporter.com,English,United States,Brent crude,D5_시장지표,2026-07-31
https://www.pottsmerc.com/2026/07/31/wall-street-rises-amazon-chip-stocks-oil-prices/,8d69d90736ad8b2cd2ef7a0ecfd5b1b9,US stocks swing as Wall Street wild July keeps swerving,20260731T180000Z,pottsmerc.com,English,United States,Brent crude,D5_시장지표,2026-07-31
https://www.mankatofreepress.com/news/state_national_news/us-stocks-swing-as-amazon-leaps-apple-sinks-and-rising-oil-prices-add-to-worries/article_d8f764c8-b526-5c9b-952a-f294183343f8.html,068a7e804c7c30d6f65485663cc3db52,"US stocks swing as Amazon leaps , Apple sinks and rising oil prices add to worries about inflation",20260731T180000Z,mankatofreepress.com,English,United States,Brent crude,D5_시장지표,2026-07-31
https://www.thereporteronline.com/2026/07/31/wall-street-rises-amazon-chip-stocks-oil-prices/,f1ec568efa5521e8f608b9971883a55e,US stocks swing as Wall Street wild July keeps swerving,20260731T160000Z,thereporteronline.com,English,United States,Brent crude,D5_시장지표,2026-07-31
https://www.sentinelandenterprise.com/2026/07/31/wall-street-rises-amazon-chip-stocks-oil-prices/,180bce59d5c447b9bd0d4eced51ef755,US stocks swing as Wall Street wild July keeps swerving,20260731T160000Z,sentinelandenterprise.com,English,United States,Brent crude,D5_시장지표,2026-07-31
https://www.2news.com/news/national/us-stocks-swing-as-amazon-leaps-apple-sinks-and-rising-oil-prices-add-to-worries/article_f647daf3-698a-5000-b5d9-c4cd56074165.html,557e094aec98e1e6d4ed21323ff73b0a,"US stocks swing as Amazon leaps , Apple sinks and rising oil prices add to worries about inflation",20260731T181500Z,2news.com,English,,Brent crude,D5_시장지표,2026-07-31
http://www.goskagit.com/news/nation/us-stocks-swing-as-amazon-leaps-apple-sinks-and-rising-oil-prices-add-to-worries/article_67478344-9b32-583c-a5a0-6c20aa737cc1.html,2bac8d687860f909b351d3e56bbae6e3,"US stocks swing as Amazon leaps , Apple sinks and rising oil prices add to worries about inflation",20260731T181500Z,goskagit.com,English,United States,Brent crude,D5_시장지표,2026-07-31
https://ktbb.com/post/?p=1529846,da48899fe23c849b6c109e6e4d175562,"Oil prices jump , while the Dow drops more than 1 , 100 as sinking AI stocks drag Wall Street lower – KTBB News , Weather , Talk",20260731T000000Z,ktbb.com,English,United States,Brent crude,D5_시장지표,2026-07-31
https://www.altoonamirror.com/news/local-business/2026/07/wallstreet-micosoft-best-day-since-2008-leads-stocks/,21251f71e474eeffcebca83591bb57fc,Microsoft best day since 2008 leads stocks,20260731T094500Z,altoonamirror.com,English,United States,Brent crude,D5_시장지표,2026-07-31
https://ktbb.com/post/?p=1530037,da1f026cc2d1e50299fdfc6e5fe5a14e,"US stocks swing as Amazon leaps , Apple sinks and rising oil prices add to worries about inflation – KTBB News , Weather , Talk",20260731T184500Z,ktbb.com,English,United States,Brent crude,D5_시장지표,2026-07-31
https://www.ibtimes.com.au/trump-historic-hamas-disarmament-agreement-1873293,57b821858eedaf401207ca3081298c97,Trump Announces Hamas Disarmament Agreement as Iran Strikes Kuwait Air Base and US Attacks Pause Overnight,20260731T134500Z,ibtimes.com.au,English,Australia,Brent crude,D5_시장지표,2026-07-31
https://www.finanznachrichten.de/nachrichten-2026-07/69182364-anglogold-ashanti-plc-anglogold-ashanti-q2-30-june-2026-earnings-release-and-dividend-declaration-004.htm,9dc8a468185162dee7e0a11c07c17ee6,AngloGold Ashanti plc : AngloGold Ashanti Q2 30 June 2026 Earnings Release and Dividend Declaration,20260731T103000Z,finanznachrichten.de,English,Germany,Brent crude,D5_시장지표,2026-07-31
http://www.newswatchman.com/ap-news-briefs/article_f1b79e07-6778-5ae8-9343-f05e484d8a23.html,9f2126be137e520b777b4c39b831ee24,AP News Briefs,20260731T160000Z,newswatchman.com,English,United States,Brent crude,D5_시장지표,2026-07-31
http://www.hngnews.com/nation_world/ap-news-summary-at-11-30-a-m-edt/article_ab535fa2-60d1-5edf-bc6f-ad6416cae938.html,0bba37f396170aec3c98d9d3b1d4f0dd,AP News Summary at 11 : 30 a . m . EDT,20260731T160000Z,hngnews.com,English,United States,Brent crude,D5_시장지표,2026-07-31
https://www.woonsocketcall.com/news/national_and_world_news/ap-news-summary-at-1-49-p-m-edt/article_3e317da9-be78-57d3-bdf0-b2682f60da7f.html,277b548653e9385b847c020adb2ed5bc,AP News Summary at 1 : 49 p . m . EDT,20260731T181500Z,woonsocketcall.com,English,United States,Brent crude,D5_시장지표,2026-07-31
https://www.nvdaily.com/associated_press_national/major-oil-companies-reap-massive-profits-as-us-and-iran-fighting-drives-energy-prices-higher/article_effd5105-1e0d-55d4-b789-eed1eedc7a61.html,10cbd5104aad8b5bc505301c2e4b7378,Major oil companies reap massive profits as US and Iran fighting drives energy prices higher,20260731T194500Z,nvdaily.com,English,United States,Brent crude,D5_시장지표,2026-07-31
https://www.record-eagle.com/ap/business/major-oil-companies-reap-massive-profits-as-us-and-iran-fighting-drives-energy-prices-higher/article_71112aea-c255-5c09-a103-0116180d4ffb.html,c2806e8c198746305e6dce3056239626,Major oil companies reap massive profits as US and Iran fighting drives energy prices higher,20260731T124500Z,record-eagle.com,English,United States,Brent crude,D5_시장지표,2026-07-31
https://www.tahlequahdailypress.com/natlnewsap/major-oil-companies-reap-massive-profits-as-us-and-iran-fighting-drives-energy-prices-higher/article_53958355-576f-5bdb-8516-4690a8aad403.html,514a2dfafffe1cebd6b506780de0b16d,Major oil companies reap massive profits as US and Iran fighting drives energy prices higher,20260731T140000Z,tahlequahdailypress.com,English,United States,Brent crude,D5_시장지표,2026-07-31
https://www.dailyindependent.com/national/major-oil-companies-reap-massive-profits-as-us-and-iran-fighting-drives-energy-prices-higher/article_f2a14042-d062-599f-b72c-c875efdcbd35.html,42474a782c62d2f6f5b8207e51567f29,Major oil companies reap massive profits as US and Iran fighting drives energy prices higher,20260731T141500Z,dailyindependent.com,English,United States,Brent crude,D5_시장지표,2026-07-31
https://www.caledonianrecord.com/news/national/major-oil-companies-reap-massive-profits-as-us-and-iran-fighting-drives-energy-prices-higher/article_b08111b6-716d-5185-be55-78225a014e11.html,fb5421d89db7039cdfaeabce9ccee6fe,Major oil companies reap massive profits as US and Iran fighting drives energy prices higher,20260731T151500Z,caledonianrecord.com,English,United States,Brent crude,D5_시장지표,2026-07-31
https://www.ncnewsonline.com/news/national/major-oil-companies-reap-massive-profits-as-us-and-iran-fighting-drives-energy-prices-higher/article_37a2c7ae-fb73-56bd-ba69-ccac0d11e85f.html,130370534c3d888b84b1845b585ba6ee,Major oil companies reap massive profits as US and Iran fighting drives energy prices higher,20260731T184500Z,ncnewsonline.com,English,United States,Brent crude,D5_시장지표,2026-07-31
https://vermontbiz.com/news/2026/july/31/revenue-forecasts-fy27-fy28-mirror-current-slightly-positive-data,82fe19466a28302a42601525139cd5b9,Revenue forecasts for FY27 & FY28 mirror current slightly positive data,20260731T194500Z,vermontbiz.com,English,United States,Brent crude,D5_시장지표,2026-07-31
https://newsonjapan.com/article/150195.php,a99565069081196534713e65f4528b34,"Nikkei Jumps 2 , 494 Points as BOJ Hold and AI Rebound Lift Tokyo",20260731T094500Z,newsonjapan.com,English,Japan,Brent crude,D5_시장지표,2026-07-31
https://wsau.com/2026/07/30/enbridge-pipeline-trespassed-on-wisconsin-tribal-land-must-be-moved-us-appeals-court-finds/,7b60bb8903b0cb5e6ca96aaa699a3b9d,"Enbridge pipeline trespassed on Wisconsin tribal land , must be moved , US appeals court finds",20260731T043000Z,wsau.com,English,United States,reroute,D6_교란행위,2026-07-31
https://wiky.com/2026/07/30/enbridge-pipeline-trespassed-on-wisconsin-tribal-land-must-be-moved-us-appeals-court-finds/,393a7391ae9201b500174964eee4cd9e,"Enbridge pipeline trespassed on Wisconsin tribal land , must be moved , US appeals court finds",20260731T023000Z,wiky.com,English,United States,reroute,D6_교란행위,2026-07-31
https://hot96.com/2026/07/30/enbridge-pipeline-trespassed-on-wisconsin-tribal-land-must-be-moved-us-appeals-court-finds/,3ad156f16f540427f1781b0a2141ce34,"Enbridge pipeline trespassed on Wisconsin tribal land , must be moved , US appeals court finds",20260731T023000Z,hot96.com,English,United States,reroute,D6_교란행위,2026-07-31
https://mymixfm.com/2026/07/30/enbridge-pipeline-trespassed-on-wisconsin-tribal-land-must-be-moved-us-appeals-court-finds/,cac8ce2fcab1911c7b6511eef52d5672,"Enbridge pipeline trespassed on Wisconsin tribal land , must be moved , US appeals court finds",20260731T033000Z,mymixfm.com,English,United States,reroute,D6_교란행위,2026-07-31
https://kfgo.com/2026/07/30/enbridge-pipeline-trespassed-on-wisconsin-tribal-land-must-be-moved-us-appeals-court-finds/,b36d253af70e1e2fa7d642c41ec18d13,"Enbridge pipeline trespassed on Wisconsin tribal land , must be moved , US appeals court finds",20260731T013000Z,kfgo.com,English,United States,reroute,D6_교란행위,2026-07-31
https://wkzo.com/2026/07/30/enbridge-pipeline-trespassed-on-wisconsin-tribal-land-must-be-moved-us-appeals-court-finds/,f35acac442987d47cf7e3c122eec11b4,"Enbridge pipeline trespassed on Wisconsin tribal land , must be moved , US appeals court finds",20260731T001500Z,wkzo.com,English,United States,reroute,D6_교란행위,2026-07-31
https://www.denverpost.com/2026/07/31/leadville-100-race-course-wildfires/,7df08d9d49c6c91bc5156ec0566f504e,Leadville 100 races change course due to Willow fire,20260731T123000Z,denverpost.com,English,United States,reroute,D6_교란행위,2026-07-31
https://www.fox6now.com/news/2-milwaukee-911-operators-leave-after-delayed-response-home-invasion-attack,1ec528b9c991dadd6b3c5b262127afb1,Milwaukee 911 operators on leave after delayed response to home invasion,20260731T140000Z,fox6now.com,English,United States,reroute,D6_교란행위,2026-07-31
https://www.pilotonline.com/2026/07/31/electrical-fault-virginia-data-centers/,45fe36e64bceeadecbfbd66698a4a5b0,3 gigawatts briefly vanished from the grid in Virginia last week . Data centers appear to be the reason why . ,20260731T154500Z,pilotonline.com,English,United States,reroute,D6_교란행위,2026-07-31
https://www.dailypress.com/2026/07/31/electrical-fault-virginia-data-centers/,3b60bed1f4cb0124ee2416df6eff859f,3 gigawatts briefly vanished from the grid in Virginia last week . Data centers appear to be the reason why . ,20260731T151500Z,dailypress.com,English,United States,reroute,D6_교란행위,2026-07-31
https://www.tonyskansascity.com/2026/07/kansas-city-beams-local-spaces.html,77f0ce7aae6b1499ac7e8bc39ac66c25,"Kansas City Beams : Local Spaces , Migration & MAGA Pressure",20260731T184500Z,tonyskansascity.com,English,United States,reroute,D6_교란행위,2026-07-31
https://www.southwestfarmer.co.uk/news/26424993.canadian-potato-growers-costs-demand-export-outlook/,1c748b756e95a2738b8d298479ade95e,"Canadian potato growers costs , demand and export outlook",20260731T160000Z,southwestfarmer.co.uk,English,,shipping disruption,D6_교란행위,2026-07-31
https://news.am/en/news/1052760,0da0adf731fa9991ecc066e615c54956,Azerbaijani man arrested in Cyprus on suspicion of spying on united kingdom military base for Iran,20260731T150000Z,news.am,English,Armenia,Houthi,D7_행위자,2026-07-31
https://www.hurriyetdailynews.com/uk-man-arrested-in-greek-cyprus-on-suspicion-of-spying-on-military-base-225063,e8f8f4471d29a30b199fe840283b2e7a,UK man arrested in Greek Cyprus on suspicion of spying on military base,20260731T160000Z,hurriyetdailynews.com,English,Turkey,Houthi,D7_행위자,2026-07-31
https://www.winnipegfreepress.com/world/2026/07/31/man-arrested-in-cyprus-on-suspicion-of-spying-on-a-uk-military-base-for-iran,35603a2399e4907792b242d7b24e7aad,Man arrested in Cyprus on suspicion of spying on a united kingdom military base for Iran – Winnipeg Free Press,20260731T080000Z,winnipegfreepress.com,English,Canada,Houthi,D7_행위자,2026-07-31
https://www.therecord.com/news/world/europe/man-arrested-in-cyprus-on-suspicion-of-spying-on-a-uk-military-base-for-iran/article_6fc954e2-e533-5e79-a3b6-37f515121e8b.html,0c4e03a76820481633dd961a25f79e2b,Man arrested in Cyprus on suspicion of spying on a united kingdom military base for Iran,20260731T083000Z,therecord.com,English,Canada,Houthi,D7_행위자,2026-07-31
https://www.breitbart.com/middle-east/2026/07/31/report-trump-and-zelensky-sign-deal-to-bring-ukrainian-drones-to-u-s/,a017684a9a0a37786bb61e37970fb410,Report : Trump and Zelensky Sign Deal to Bring Ukrainian Drones to U . S . ,20260731T193000Z,breitbart.com,English,United States,Houthi,D7_행위자,2026-07-31
https://www.thenationalnews.com/news/mena/2026/07/31/houthis-growing-presence-in-iraq-linked-to-attack-on-saudi-arabia/,7e23c1f785c5845ec4ac4ccb4e213f57,Houthi growing presence in Iraq linked to attack on Saudi Arabia,20260731T154500Z,thenationalnews.com,English,,Houthi,D7_행위자,2026-07-31
https://maritime-executive.com/article/saudi-arabia-builds-maritime-coalition-to-keep-red-sea-shipping-moving,13c2dbf71196a1eb1585818490285b71,Saudi Arabia Builds Maritime Coalition to Keep Red Sea Shipping Moving,20260731T193000Z,maritime-executive.com,English,United States,Houthi,D7_행위자,2026-07-31
https://www.khabaragency.net/news250886.html,738955d2bf961c69e4e08e1d8b5c9b69,"Ibb Province Reels Under Floods , Insecurity , and Stalled Aid Efforts",20260731T014500Z,khabaragency.net,English,Yemen,Houthi,D7_행위자,2026-07-31
https://www.middle-east-online.com/en/iraq-emerges-launch-pad-houthi-attacks-saudi-arabia,fbbaaa7fa9485b97efeba3070251ac43,Iraq emerges as launch pad for Houthi attacks on Saudi Arabia,20260731T030000Z,middle-east-online.com,English,Iraq,Houthi,D7_행위자,2026-07-31
https://www.thepeterboroughexaminer.com/news/world/europe/man-arrested-in-cyprus-on-suspicion-of-spying-on-a-uk-military-base-for-iran/article_8d558b62-d506-5828-9d3e-10d519fc8fef.html,277cf832a35e81f4f2c50198f98e2bcc,Man arrested in Cyprus on suspicion of spying on a united kingdom military base for Iran,20260731T080000Z,thepeterboroughexaminer.com,English,Canada,Houthi,D7_행위자,2026-07-31
https://www.thenationalnews.com/podcasts/beyond-the-headlines/2026/07/31/what-the-us-saudi-strikes-on-iran-affiliated-militias-in-iraq-reveal-about-the-wider-war/,b35889d806b8c5e2c8ef90b15a126f0b,What the US - Saudi strikes on Iran - affiliated militias in Iraq reveal about the wider war,20260731T043000Z,thenationalnews.com,English,,Houthi,D7_행위자,2026-07-31
https://www.moneycontrol.com/world/pentagon-seeks-18-2-billion-in-war-funds-for-interceptors-article-13990622.html,3764ffbc9a43653c7a6e9d8ca2a0e760,Pentagon seeks $18 . 2 billion in war funds for interceptors,20260731T181500Z,moneycontrol.com,English,India,Houthi,D7_행위자,2026-07-31
https://www.bankingnews.gr/diethni/articles/891470/us-and-israeli-intelligence-struggle-to-track-iranian-leadership-amid-base-strikes,4403b9d850770cb93fd3f51a72115abe,US and Israeli intelligence struggle to track Iranian leadership amid base strikes,20260731T084500Z,bankingnews.gr,English,Greece,Houthi,D7_행위자,2026-07-31
https://theintercept.com/2026/07/29/trump-wars-of-choice-iran/,1dc4ae4f1be689d30d2e0e4f849c5b07,Donald Trump and Wars of Choice,20260731T103000Z,theintercept.com,English,United States,Houthi,D7_행위자,2026-07-31
https://www.messenger-inquirer.com/ap/ap_international_news/man-arrested-in-cyprus-on-suspicion-of-spying-on-a-uk-military-base-for-iran/article_8a88b4bb-f38d-54c3-af1e-c21fd42c595b.html,1dee6ee89ca4c4aebf97a9553abc8ebb,Man arrested in Cyprus on suspicion of spying on a united kingdom military base for Iran,20260731T084500Z,messenger-inquirer.com,English,United States,Houthi,D7_행위자,2026-07-31
https://www.the-messenger.com/news/world/article_ff57e881-7f35-576c-923d-19ce92aa7e75.html,e5b62e66c61cf3754d584e38233753fb,Man arrested in Cyprus on suspicion of spying on a united kingdom military base for Iran,20260731T080000Z,the-messenger.com,English,United States,Houthi,D7_행위자,2026-07-31
https://mymotherlode.com/news/world/11030459/man-arrested-in-cyprus-on-suspicion-of-spying-on-a-uk-military-base-for-iran.html,6ba58604f3385da84b8aeb443b5be6d5,Man arrested in Cyprus on suspicion of spying on a united kingdom military base for Iran,20260731T130000Z,mymotherlode.com,English,United States,Houthi,D7_행위자,2026-07-31
http://www.thegazette.com/news/national/ap-news-in-brief-at-11-04-p-m-edt/article_f7ededee-db4a-50f4-997c-67a277baf61e.html,f73d9c69b96b2a651f3cffd0e59ab40a,AP News in Brief at 11 : 04 p . m . EDT,20260731T040000Z,thegazette.com,English,United States,Houthi,D7_행위자,2026-07-31
https://www.winnipegfreepress.com/world/2026/07/30/ap-news-in-brief-at-1204-a-m-edt-936,994a8db3a9fb9f2d9812c87c2eaf7d90,AP News in Brief at 12 : 04 a . m . EDT – Winnipeg Free Press,20260731T054500Z,winnipegfreepress.com,English,Canada,Houthi,D7_행위자,2026-07-31
https://www.idahostatejournal.com/news/national/ap-news-in-brief-at-6-04-a-m-edt/article_86384167-745f-52e6-9316-36c80fbc9693.html,8cc172092f62fef5081ac65e1ed20ea5,AP News in Brief at 6 : 04 a . m . EDT,20260731T114500Z,idahostatejournal.com,English,United States,Houthi,D7_행위자,2026-07-31
https://www.zerohedge.com/markets/us-stocks-rebounded-strong-microsoft-earnings-while-jpy-surged-intervention-newsquawk-daily,af04a021d622ff47125030e7396ee22f,"US stocks rebounded on strong Microsoft earnings , while JPY surged on intervention - Newsquawk Daily Asia - Pac Market Open",20260731T011500Z,zerohedge.com,English,United States,Houthi,D7_행위자,2026-07-31
https://www.idahostatejournal.com/news/national/ap-news-in-brief-at-9-04-p-m-edt/article_c0385402-955e-5c04-88b6-8cb0d6aeca6b.html,697cafb8a82928b970f25505d51bd74b,AP News in Brief at 9 : 04 p . m . EDT,20260731T020000Z,idahostatejournal.com,English,United States,Houthi,D7_행위자,2026-07-31
http://www.idahostatejournal.com/news/national/the-latest-trump-announces-deal-for-hamas-to-disarm-in-gaza-but-hurdles-and-uncertainty/article_066b39c2-76a5-5af0-a8ee-850b327a4deb.html,476a34ff89c63fade9ae4dd199984793,"The Latest : Trump announces deal for Hamas to disarm in Gaza , but hurdles and uncertainty remain",20260731T160000Z,idahostatejournal.com,English,United States,Houthi,D7_행위자,2026-07-31
http://www.idahopress.com/ap_news/us/the-latest-trump-announces-deal-for-hamas-to-disarm-in-gaza-but-hurdles-and-uncertainty/article_f5f6701c-93be-5f3a-89e9-3ed1c86e9fbb.html,93829f1d87ba0aac9d4b9edebe39c7cc,"The Latest : Trump announces deal for Hamas to disarm in Gaza , but hurdles and uncertainty remain",20260731T160000Z,idahopress.com,English,United States,Houthi,D7_행위자,2026-07-31
https://www.independent.co.uk/news/world/europe/donald-trump-hamas-israel-gaza-todd-blanche-b3025513.html,bcb5878d2511784bcf8ac83212637b81,"The Latest : Trump announces deal for Hamas to disarm in Gaza , but hurdles and uncertainty remain",20260731T170000Z,independent.co.uk,English,United Kingdom,Houthi,D7_행위자,2026-07-31
https://www.middle-east-online.com/en/gulf-states-pin-hopes-china-rein-iran-over-shipping-lanes,2097f99d93628b9bbf4fe7b5a22d5dfe,Gulf states pin hopes on China to rein in Iran over shipping lanes,20260731T030000Z,middle-east-online.com,English,Iraq,Houthi,D7_행위자,2026-07-31
https://www.whec.com/ap-top-news/ap-top-news-political/the-latest-trump-announces-deal-for-hamas-to-disarm-in-gaza-but-hurdles-and-uncertainty-remain/,1adc266a91e698c16408a38910211c8b,"The Latest : Trump announces deal for Hamas to disarm in Gaza , but hurdles and uncertainty remain",20260731T193000Z,whec.com,English,United States,Houthi,D7_행위자,2026-07-31
https://www.ironmountaindailynews.com/news/2026/07/us-and-iran-trade-missile-barrages/,4b8087292ab0152a1cf3a0c2d26f0bda,US and Iran trade missile barrages - The Daily News,20260731T011500Z,ironmountaindailynews.com,English,United States,Houthi,D7_행위자,2026-07-31
https://thefrontierpost.com/saudi-arabia-13-countries-establish-multinational-maritime-defense-coalition-for-bab-al-mandab/,3f61f36a9085ef69e8ce804b1b12ab73,"Saudi Arabia , 13 countries establish multinational maritime defense coalition for Bab al - Mandab",20260731T004500Z,thefrontierpost.com,English,Pakistan,Houthi,D7_행위자,2026-07-31
https://www.presstv.co.uk/Detail/2026/07/31/773466/Yemenis-Ansarullah-movement-Saudi-Arabia-Iraq-US-,087b71940d6452b98deb5444cb7f1c32,"Massive rally in Sanaa backs siege for siege policy , slams US - Saudi aggression on Iraq",20260731T193000Z,presstv.co.uk,English,,Houthi,D7_행위자,2026-07-31
https://kashmirreader.com/2026/07/31/pakistan-us-iran-negotiations-ongoing-as-attacks-continue/,3c30395b174914d9e55d389a1931a91f,Pakistan : US - Iran negotiations  ongoing  as attacks continue,20260731T083000Z,kashmirreader.com,English,India,Houthi,D7_행위자,2026-07-31
https://www.northerndailyleader.com.au/story/9321164/us-iran-trade-barrages-as-quick-resolution-hopes-dim/,9da7be634a3684695b955efeea722beb,"US , Iran trade barrages as quick resolution hopes dim",20260731T023000Z,northerndailyleader.com.au,English,Australia,Houthi,D7_행위자,2026-07-31
https://www.westernadvocate.com.au/story/9321164/us-iran-trade-barrages-as-quick-resolution-hopes-dim/,b19f0dc105ce2108228db0536915e633,"US , Iran trade barrages as quick resolution hopes dim",20260731T023000Z,westernadvocate.com.au,English,Australia,Houthi,D7_행위자,2026-07-31
https://www.bordermail.com.au/story/9321164/us-iran-trade-barrages-as-quick-resolution-hopes-dim/,4c047da9e39e3b266cf122bb96966ff6,"US , Iran trade barrages as quick resolution hopes dim",20260731T023000Z,bordermail.com.au,English,Australia,Houthi,D7_행위자,2026-07-31
https://www.queanbeyanage.com.au/story/9321164/us-iran-trade-barrages-as-quick-resolution-hopes-dim/,5181c29fd8ea7ae89488cd502b8f34c4,"US , Iran trade barrages as quick resolution hopes dim",20260731T023000Z,queanbeyanage.com.au,English,Australia,Houthi,D7_행위자,2026-07-31
https://www.juneesoutherncross.com.au/story/9321164/us-iran-trade-barrages-as-quick-resolution-hopes-dim/,2c0ce19b9a8b3e4206370b95408790b0,"US , Iran trade barrages as quick resolution hopes dim",20260731T024500Z,juneesoutherncross.com.au,English,Australia,Houthi,D7_행위자,2026-07-31
https://www.wbkb11.com/news/national/can-china-restrain-iran-gulf-states-test-beijings-influence/article_39d7c814-fe88-5a37-9d2f-ffc46b27d2b2.html,f19b708fca0cb643a6a81a33c68e1c9b,Gulf states turn to China not US as Iran war escalates | National News,20260731T194500Z,wbkb11.com,English,United States,Houthi,D7_행위자,2026-07-31
https://www.juancole.com/2026/07/promised-vietnams-quagmires.html,1ce6e924518784304c0f1d9b0364c9f2,"Trump Promised no More Vietnams , then Launched the Mother of all Quagmires in Iran",20260731T080000Z,juancole.com,English,United States,Houthi,D7_행위자,2026-07-31
https://www.wtvm.com/2026/07/30/us-iran-conflict-enters-new-phase-saudi-arabia-helps-hit-proxies-diplomacy-stalls-again/,14b271d8e51059dea62aa315cfd587b1,US - Iran conflict enters new phase as Saudi Arabia helps hit proxies and diplomacy stalls again,20260731T013000Z,wtvm.com,English,United States,Houthi,D7_행위자,2026-07-31
http://www.beijingbulletin.com/news/279217474/saudi-arabia-establishes-maritime-defense-alliance,d02e715b48e7c7af0cbf596961fef706,Saudi Arabia Establishes Maritime Defense Alliance,20260731T104500Z,beijingbulletin.com,English,China,Houthi,D7_행위자,2026-07-31
http://www.southeastasiapost.com/news/279217474/saudi-arabia-establishes-maritime-defense-alliance,cf773a092ce16ca9c8715fa8a8e22af2,Saudi Arabia Establishes Maritime Defense Alliance,20260731T130000Z,southeastasiapost.com,English,Pakistan,Houthi,D7_행위자,2026-07-31
http://www.arabherald.com/news/279217474/saudi-arabia-establishes-maritime-defense-alliance,d492daa223ac2b77982814c944d07396,Saudi Arabia Establishes Maritime Defense Alliance,20260731T114500Z,arabherald.com,English,Syria,Houthi,D7_행위자,2026-07-31
http://www.malaysiasun.com/news/279217474/saudi-arabia-establishes-maritime-defense-alliance,50c750a8f50266badc09b492ec8ebc58,Saudi Arabia Establishes Maritime Defense Alliance,20260731T090000Z,malaysiasun.com,English,Malaysia,Houthi,D7_행위자,2026-07-31
http://www.bignewsnetwork.com/news/279217426/us-says-hamas-agrees-to-gaza-disarmament-plan,db429211d6fa31c361c6f88e9914c9c8,US Says Hamas Agrees To Gaza Disarmament Plan,20260731T084500Z,bignewsnetwork.com,English,United States,Houthi,D7_행위자,2026-07-31
http://www.arabherald.com/news/279217426/us-says-hamas-agrees-to-gaza-disarmament-plan,c6823c3aefb5c5c648bc46b25e01a43a,US Says Hamas Agrees To Gaza Disarmament Plan,20260731T071500Z,arabherald.com,English,Syria,Houthi,D7_행위자,2026-07-31
http://www.israelherald.com/news/279217426/us-says-hamas-agrees-to-gaza-disarmament-plan,e868a2fa7133dfbd428a06bd97139e11,US Says Hamas Agrees To Gaza Disarmament Plan,20260731T103000Z,israelherald.com,English,Israel,Houthi,D7_행위자,2026-07-31
http://www.israelherald.com/news/279217516/iran-says-it-targeted-us-base-in-kuwait-with-drone,d4de0fdcb352a8ed0b0c60f0f7ea4537,Iran Says It Targeted US Base In Kuwait With Drone,20260731T103000Z,israelherald.com,English,Israel,Houthi,D7_행위자,2026-07-31
http://www.britainnews.net/news/279217516/iran-says-it-targeted-us-base-in-kuwait-with-drone,1332bc9baa1a783e6cf323e1e6442345,Iran Says It Targeted US Base In Kuwait With Drone,20260731T144500Z,britainnews.net,English,United Kingdom,Houthi,D7_행위자,2026-07-31
http://www.iranherald.com/news/279217614/kuwait-says-drones-neutralized-after-iran-targets-military-sites,17197abf6bd599a28527c5946278a2a8,Kuwait Says Drones  Neutralized  After Iran Targets Military Sites,20260731T180000Z,iranherald.com,English,Iran,Houthi,D7_행위자,2026-07-31
http://www.israelherald.com/news/279217774/zelenskyy-iran-conflict-linked-to-russia-war-against-ukraine,90eb083a16efa14dd75c67aee11d0b7c,Zelenskyy : Iran Conflict Linked To Russia War Against Ukraine,20260731T150000Z,israelherald.com,English,Israel,Houthi,D7_행위자,2026-07-31
http://www.britainnews.net/news/279217774/zelenskyy-iran-conflict-linked-to-russia-war-against-ukraine,399f3ffcfc6997dd5bf4f5d3a1c31be8,Zelenskyy : Iran Conflict Linked To Russia War Against Ukraine,20260731T144500Z,britainnews.net,English,United Kingdom,Houthi,D7_행위자,2026-07-31
http://www.europesun.com/news/279217774/zelenskyy-iran-conflict-linked-to-russia-war-against-ukraine,93272c660d9e9dad62989d231323d06a,Zelenskyy : Iran Conflict Linked To Russia War Against Ukraine,20260731T183000Z,europesun.com,English,Russia,Houthi,D7_행위자,2026-07-31
http://www.iranherald.com/news/279217774/zelenskyy-iran-conflict-linked-to-russia-war-against-ukraine,8690ced8acc67238bfb6c4239eb13b13,Zelenskyy : Iran Conflict Linked To Russia War Against Ukraine,20260731T180000Z,iranherald.com,English,Iran,Houthi,D7_행위자,2026-07-31
http://www.theuknews.com/news/279217774/zelenskyy-iran-conflict-linked-to-russia-war-against-ukraine,5289f0c78edcd4f29c985a171ce6158d,Zelenskyy : Iran Conflict Linked To Russia War Against Ukraine,20260731T193000Z,theuknews.com,English,United Kingdom,Houthi,D7_행위자,2026-07-31
https://yalibnan.com/2026/07/31/live-updates-iran-and-u-s-trade-more-missile-strikes-as-war-enters-6th-month-and-appears-to-expand-to-egypt/,a6e5e76e695b87e2c7bcbe4b71be9c50,Live Updates : Iran and U . S . trade more missile strikes as war enters 6th month and appears to expand to Egypt – Ya Libnan,20260731T033000Z,yalibnan.com,English,Syria,Houthi,D7_행위자,2026-07-31
https://www.yumasun.com/news/national_news/ap-news-in-brief-at-11-04-p-m-edt/article_5953daf6-9cbc-5106-b71b-f6736a744724.html,514b2f3e81de689c1b6d82bc479a4d23,AP News in Brief at 11 : 04 p . m . EDT,20260731T061500Z,yumasun.com,English,United States,Houthi,D7_행위자,2026-07-31
http://www.wdtimes.com/news/national/ap-news-in-brief-at-12-04-a-m-edt/article_c56b701a-a8db-53cb-9f14-180f2bbc2c9a.html,726b6fd0e760b7535b278d618e879d2a,AP News in Brief at 12 : 04 a . m . EDT,20260731T044500Z,wdtimes.com,English,United States,Houthi,D7_행위자,2026-07-31
http://www.gazettextra.com/news/nation_world/ap-news-in-brief-at-12-04-a-m-edt/article_b72a17c5-031f-56d2-a086-f82cb5c141dc.html,7fd6418bf223cc312370ec31d011083e,AP News in Brief at 12 : 04 a . m . EDT,20260731T053000Z,gazettextra.com,English,United States,Houthi,D7_행위자,2026-07-31
http://www.hngnews.com/nation_world/ap-news-in-brief-at-12-04-a-m-edt/article_09f853d5-1420-55b2-9e66-4b4bbaa97b6e.html,d69232043dd8fd444c97083c250955f7,AP News in Brief at 12 : 04 a . m . EDT,20260731T064500Z,hngnews.com,English,United States,Houthi,D7_행위자,2026-07-31
http://www.reflector.com/news/national/the-latest-trump-announces-deal-for-hamas-to-disarm-in-gaza-but-hurdles-and-uncertainty/article_495264d3-a737-59b7-8557-48269e5f5795.html,05d96d5b65d1ed6965e65119d5259fe9,"The Latest : Trump announces deal for Hamas to disarm in Gaza , but hurdles and uncertainty remain",20260731T161500Z,reflector.com,English,United States,Houthi,D7_행위자,2026-07-31
https://www.wokv.com/news/politics/latest-trump/LXWAEC4NYM2A5NITKJZXSRPTVI/,2026b10b08638186819574614f745b67,"The Latest : Trump announces deal for Hamas to disarm in Gaza , but hurdles and uncertainty remain",20260731T154500Z,wokv.com,English,United States,Houthi,D7_행위자,2026-07-31
https://santamariatimes.com/ap/national/the-latest-trump-announces-deal-for-hamas-to-disarm-in-gaza-but-hurdles-and-uncertainty/article_109f7213-6041-5e30-b0e9-d08b72544661.html,262cb43802ee23601a22a788f7544bc5,"The Latest : Trump announces deal for Hamas to disarm in Gaza , but hurdles and uncertainty remain",20260731T170000Z,santamariatimes.com,English,United States,Houthi,D7_행위자,2026-07-31
https://www.2news.com/news/national/the-latest-trump-announces-deal-for-hamas-to-disarm-in-gaza-but-hurdles-and-uncertainty/article_e2f9d957-8e41-5ff7-87c8-59110e477741.html,868082fa59f568aa5eed0ad8eeaf92ec,"The Latest : Trump announces deal for Hamas to disarm in Gaza , but hurdles and uncertainty remain",20260731T181500Z,2news.com,English,,Houthi,D7_행위자,2026-07-31
https://www.union-bulletin.com/news/national/the-latest-trump-announces-deal-for-hamas-to-disarm-in-gaza-but-hurdles-and-uncertainty/article_608955ab-1052-57f8-b8f6-47cf4b95b683.html,ff2347733271254032f9bbbe2a6f2123,"The Latest : Trump announces deal for Hamas to disarm in Gaza , but hurdles and uncertainty remain",20260731T194500Z,union-bulletin.com,English,United States,Houthi,D7_행위자,2026-07-31
https://www.nvdaily.com/associated_press_national/the-latest-trump-announces-deal-for-hamas-to-disarm-in-gaza-but-hurdles-and-uncertainty/article_cf9dd3d4-64c6-5d51-aafd-44c4f92921d0.html,3095748e003373fdf29f73e0645cb7df,"The Latest : Trump announces deal for Hamas to disarm in Gaza , but hurdles and uncertainty remain",20260731T194500Z,nvdaily.com,English,United States,Houthi,D7_행위자,2026-07-31
https://www.upi.com/Top_News/World-News/2026/07/30/kai-kf-21-fighter-jet/8301785452834/,c84ca044ed5f39824e1ed303d243667c,South Korea completes development of KF - 21 fighter,20260731T004500Z,upi.com,English,United States,Korea supply chain,D9_한국,2026-07-31
