url,url_hash,title,seendate,domain,language,sourcecountry,query_keyword,query_group,collect_date
https://english.aawsat.com/world/5314547-south-korea-weighs-contributions-hormuz-security,9d3923fc6fea7de4678cc49d7d93b783,South Korea Weighs  Contribution to Hormuz Security,20260904T093000Z,english.aawsat.com,English,Syria,Strait of Hormuz,D1_초크포인트,2026-09-04
https://www.canberratimes.com.au/story/9343906/south-korea-reviewing-military-options-for-hormuz/,c6f327423729a8386d06ce6aefa01c26,South Korea reviewing military options for Hormuz,20260904T060000Z,canberratimes.com.au,English,Australia,Strait of Hormuz,D1_초크포인트,2026-09-04
https://tribune.com.pk/story/2627399/south-korea-reviewing-military-options-for-hormuz-no-decision-made-official-says,b18ccaf7b44abc315da73cc655ad9aec,"South Korea reviewing military options for Hormuz , no decision made , official says",20260904T093000Z,tribune.com.pk,English,Pakistan,Strait of Hormuz,D1_초크포인트,2026-09-04
https://www.bssnews.net/news/top-news/420965,53727176b595ced34c651e24001d506d,Seoul weighs  contribution to Hormuz security : president office,20260904T071500Z,bssnews.net,English,Bangladesh,Strait of Hormuz,D1_초크포인트,2026-09-04
http://www.jpost.com/international/article-907572,9abedde7835b44775c460aac181dff65,South Korea considers military options for Strait of Hormuz deployment,20260904T060000Z,jpost.com,English,Israel,Strait of Hormuz,D1_초크포인트,2026-09-04
https://www.perthnow.com.au/news/conflict/south-korea-reviewing-military-options-for-hormuz-c-22824288,c1246fe9e4a9c290f396b1a094706027,South Korea reviewing military options for Hormuz,20260904T040000Z,perthnow.com.au,English,Australia,Strait of Hormuz,D1_초크포인트,2026-09-04
https://www.sandiegouniontribune.com/2026/09/04/israeli-release-strait-of-hormuz-shipping-mideast-news/,7078279366d95506daba4c1fa7b51ef5,"An Israeli release , a shipping slowdown and other Mideast news",20260904T130000Z,sandiegouniontribune.com,English,United States,Strait of Hormuz,D1_초크포인트,2026-09-04
https://www.koreaherald.com/article/10862906,2655665c5849a55586ee65f5f17aab20,"Seoul reviews Hormuz troop deployment among options , no decision yet",20260904T043000Z,koreaherald.com,English,South Korea,Strait of Hormuz,D1_초크포인트,2026-09-04
https://www.middleeasteye.net/live-blog/live-blog-update/report-south-korea-preparing-strait-hormuz-deployment,3bd5ba5a18f6cc6ebff0e3c75624061e,South Korea preparing for Strait of Hormuz deployment,20260904T041500Z,middleeasteye.net,English,Israel,Strait of Hormuz,D1_초크포인트,2026-09-04
https://www.thetimes-tribune.com/2026/09/04/israeli-release-strait-of-hormuz-shipping-mideast-news/,5da84794d696f1dc2dcb91afd71d53a6,"An Israeli release , a shipping slowdown and other Mideast news",20260904T130000Z,thetimes-tribune.com,English,United States,Strait of Hormuz,D1_초크포인트,2026-09-04
https://timesofindia.indiatimes.com/world/middle-east/habibi-come-to-iran-tehran-mocks-uncle-sam-with-minesweeper-game-post-over-strait-of-hormuz/articleshow/133750259.cms,6dcfb740f6296bba16e6cc8a174e9769,"  Habibi , come to Iran : Tehran mocks Uncle Sam with Minesweeper game post over Strait of Hormuz",20260904T041500Z,timesofindia.indiatimes.com,English,India,Strait of Hormuz,D1_초크포인트,2026-09-04
https://www.koreatimes.co.kr/southkorea/politics/20260904/presidential-office-says-no-decision-reached-on-troop-deployment-to-hormuz-review-ongoing,0649cc2d5b398fc37a5d717ef3bd4739,Presidential office says no decision reached on troop deployment to Hormuz ; review ongoing,20260904T044500Z,koreatimes.co.kr,English,South Korea,Strait of Hormuz,D1_초크포인트,2026-09-04
https://www.arabnews.com/middle-east/us-87-vessels-redirected-so-far-in-hormuz-strait-3000460,d49bb3aacb968733bcb5e2f3d9ee2f76,Arab News | US : 87 vessels redirected so far in Hormuz Strait,20260904T050000Z,arabnews.com,English,Saudi Arabia,Strait of Hormuz,D1_초크포인트,2026-09-04
https://en.dailypakistan.com.pk/04-Sep-2026/south-korea-mulls-warship-mission-to-hormuz-amid-iran-conflict-fallout,f3b499ccae28fb141ec35caeb8c01675,South Korea mulls Warship Mission to Hormuz amid Iran Conflict fallout,20260904T070000Z,en.dailypakistan.com.pk,English,Pakistan,Strait of Hormuz,D1_초크포인트,2026-09-04
https://www.bendigoadvertiser.com.au/story/9343906/south-korea-reviewing-military-options-for-hormuz/,a8a8bd788e80a12964efb6f9df125b09,South Korea reviewing military options for Hormuz,20260904T041500Z,bendigoadvertiser.com.au,English,Australia,Strait of Hormuz,D1_초크포인트,2026-09-04
https://oilprice.com/Latest-Energy-News/World-News/ADNOC-Keeps-Loading-LNG-as-Hormuz-Risks-Intensify.html,8597af3eb0984d81d8ee880075c92b9d,ADNOC Keeps Loading LNG as Hormuz Risks Intensify,20260904T071500Z,oilprice.com,English,United States,Strait of Hormuz,D1_초크포인트,2026-09-04
https://www.yahoo.com/news/politics/articles/under-pressure-iran-lashes-ramps-091118843.html,8f0ffedff5ed19232a5dfaacfc803912,"Under pressure , Iran lashes out and ramps up rhetoric",20260904T151500Z,yahoo.com,English,United States,Strait of Hormuz,D1_초크포인트,2026-09-04
https://www.adn.com/nation-world/2026/09/03/iran-fires-missiles-and-drones-at-kuwait-as-strikes-resume-in-war-with-us/,f69358f13021708d32136a236d361144,Iran fires missiles and drones at Kuwait as strikes resume in war with U . S . ,20260904T051500Z,adn.com,English,United States,Strait of Hormuz,D1_초크포인트,2026-09-04
https://pakobserver.net/south-korea-reviews-military-options-for-strait-of-hormuz-no-deployment-decision-yet/,114eec0781ad3cf87b691ac2b2bf5585,"South Korea reviews military options for Strait of Hormuz , No deployment decision yet",20260904T094500Z,pakobserver.net,English,Pakistan,Strait of Hormuz,D1_초크포인트,2026-09-04
https://www.scmp.com/week-asia/politics/article/3366370/south-korea-weighs-contributions-hormuz-us-pressure-mounts,3436dd0b7873cc4b0595a1ce665bdfe1,South Korea weighs  contribution to Hormuz as US pressure mounts,20260904T093000Z,scmp.com,English,China,Strait of Hormuz,D1_초크포인트,2026-09-04
https://www.winnipegfreepress.com/world/2026/09/04/an-israeli-release-a-shipping-slowdown-and-other-mideast-news,1f07508dc58649dee7cd5c4111157a7a,"An Israeli release , a shipping slowdown and other Mideast news – Winnipeg Free Press",20260904T100000Z,winnipegfreepress.com,English,Canada,Strait of Hormuz,D1_초크포인트,2026-09-04
https://sana.sy/en/international/2340401/,5d9dd6c6ce1b2eb73ef34040a70283ad,Vance says U . S . does not consider Iran confrontation a  war  ,20260904T101500Z,sana.sy,English,Syria,Strait of Hormuz,D1_초크포인트,2026-09-04
https://morungexpress.com/no-iran-talks-until-ship-attacks-stop-us,5e6678d9240308abb83eecdda56952af,No Iran talks until ship attacks stop : US,20260904T060000Z,morungexpress.com,English,India,Strait of Hormuz,D1_초크포인트,2026-09-04
https://www.freepressjournal.in/world/us-iran-tensions-escalate-as-eu-joins-operation-economic-outcast-backs-tougher-sanctions-and-economic-pressure-on-tehran,5187f5beb0440722eebf917f85eaba95,"US - Iran Tensions Escalate As EU Joins  Operation Economic Outcast , Backs Tougher Sanctions And Economic Pressure On Tehran",20260904T041500Z,freepressjournal.in,English,India,Strait of Hormuz,D1_초크포인트,2026-09-04
https://www.jamaicaobserver.com/2026/09/04/weather-war-push-food-prices-august-fao/,3589f078fa40703978de6d9c21918c88,Weather and war push up food prices in August FAO,20260904T124500Z,jamaicaobserver.com,English,Jamaica,Strait of Hormuz,D1_초크포인트,2026-09-04
https://asia.nikkei.com/spotlight/iran-tensions/iran-war/south-korea-considers-military-contributions-in-strait-of-hormuz,3647a5c76c1b69263e314deea986b604,South Korea considers  military contribution in Strait of Hormuz,20260904T194500Z,asia.nikkei.com,English,Japan,Strait of Hormuz,D1_초크포인트,2026-09-04
https://dailypost.ng/2026/09/04/south-korea-weighs-hormuz-deployment-as-us-seeks-greater-support/,4120f799994dccde8d67f704cfa0dea2,South Korea weighs Hormuz deployment as US seeks greater support,20260904T074500Z,dailypost.ng,English,Nigeria,Strait of Hormuz,D1_초크포인트,2026-09-04
https://gulfnews.com/world/mena/us-insists-iran-conflict-is-not-a-war-while-economic-blockade-tightens-1.500662777,da2e5f79246cd597a5d9deb99eccd287,US - Iran Conflict Deepens : Washington Denies  War  Label as Naval Blockade Chokes Tehran Economy,20260904T060000Z,gulfnews.com,English,United Arab Emirates,Strait of Hormuz,D1_초크포인트,2026-09-04
https://www.ynetnews.com/opinions-analysis/article/hybhnavogg,f245e0e2a98fd1d67604c714b7ddae05,How stable oil flows could leave Israel trapped in a war with Iran,20260904T094500Z,ynetnews.com,English,Israel,Strait of Hormuz,D1_초크포인트,2026-09-04
https://www.philstar.com/headlines/2026/09/05/2554100/p4-p5liter-oil-price-hike-seen-next-week,25a63270b51d8436929838c805c80b62,P4 - P5 / liter oil price hike seen next week,20260904T164500Z,philstar.com,English,Philippines,Strait of Hormuz,D1_초크포인트,2026-09-04
https://www.trend.az/business/energy/4220549.html,ee5ebd9bf77ac630e6f7b6efddf02335,Azerbaijani oil moves up in price,20260904T074500Z,trend.az,English,Azerbaijan,Strait of Hormuz,D1_초크포인트,2026-09-04
https://www.theepochtimes.com/world/vance-says-everything-is-on-the-table-to-prevent-iran-from-attacking-ships-6083423,ef47549fc846ee88173d5fd550e61c39,Vance Says Everything Is on the Table to Prevent Iran From Attacking Ships,20260904T164500Z,theepochtimes.com,English,United States,Strait of Hormuz,D1_초크포인트,2026-09-04
https://www.geo.tv/latest/680591-vance-says-us-iran-conflict-is-not-a-war-despite-renewed-fighting,1852ae6c5b401d25f617523ef4d28d0e,Vance says US - Iran conflict is not a war despite renewed fighting,20260904T033000Z,geo.tv,English,Pakistan,Strait of Hormuz,D1_초크포인트,2026-09-04
https://arynews.tv/news/liveblog/iran-war-2026-live-updates-trump-us-israel?update=04-Sep-2026-08-55-00,12259edde834c6a4df68968109cd54f6,Iran War 2026 - LIVE UPDATES,20260904T070000Z,arynews.tv,English,Pakistan,Strait of Hormuz,D1_초크포인트,2026-09-04
https://arynews.tv/news/liveblog/iran-war-2026-live-updates-trump-us-israel?update=04-Sep-2026-09-52-00,36c4d9ccd53e8779c8b00aa5a35e7ac1,Iran War 2026 - LIVE UPDATES,20260904T070000Z,arynews.tv,English,Pakistan,Strait of Hormuz,D1_초크포인트,2026-09-04
https://arynews.tv/news/liveblog/iran-war-2026-live-updates-trump-us-israel?update=04-Sep-2026-08-34-00,1b782b3f4907a8030ec89e8f5b1cc00a,Iran War 2026 - LIVE UPDATES,20260904T070000Z,arynews.tv,English,Pakistan,Strait of Hormuz,D1_초크포인트,2026-09-04
https://arynews.tv/news/liveblog/iran-war-2026-live-updates-trump-us-israel?update=04-Sep-2026-08-10-00,0f1f1225b1abeb4063016d306a15759e,Iran War 2026 - LIVE UPDATES,20260904T070000Z,arynews.tv,English,Pakistan,Strait of Hormuz,D1_초크포인트,2026-09-04
https://www.globaltimes.cn/page/202609/1369794.shtml,a1b4cfa2ec54cd6b573de9d6e4bef2b0,"COSCO says  intelligence collection  allegation totally unfounded , reserves all legal rights to protect its reputation",20260904T043000Z,globaltimes.cn,English,China,Strait of Hormuz,D1_초크포인트,2026-09-04
https://www.middleeasteye.net/live-blog/live-blog-update/south-korea-weighs-options-support-hormuz-strait-navigation-including,3f66c93e1a93729c0881f4a1a192c411,"South Korea weighs options to support Hormuz Strait navigation , including military measures",20260904T070000Z,middleeasteye.net,English,Israel,Strait of Hormuz,D1_초크포인트,2026-09-04
https://www.middleeastmonitor.com/20260904-japan-says-iran-used-geography-to-impose-heavy-costs-at-relatively-low-military-expense/,3ed9056f0e2e210e70ddf967ecf6f1e1,Japan says Iran used geography to impose heavy costs at relatively low military expense,20260904T191500Z,middleeastmonitor.com,English,Israel,Strait of Hormuz,D1_초크포인트,2026-09-04
https://news.webindia123.com/news/Articles/World/20260904/4494449.html,a7906f57fbb083e37154a4d1fdc43bb8,"US VP Vance says all options against Iran  on table , including covert pressure",20260904T020000Z,news.webindia123.com,English,India,Strait of Hormuz,D1_초크포인트,2026-09-04
https://news.webindia123.com/news/Articles/World/20260904/4494457.html,39d384f3bd632b3926cd6da1ab798671,Treasury Secy Bessent says EU  officially  joins US - led  Operation Economic Outcast  against Iran,20260904T080000Z,news.webindia123.com,English,India,Strait of Hormuz,D1_초크포인트,2026-09-04
https://www.zerohedge.com/energy/us-diesel-pump-prices-hit-record-global-refined-products-crisis-threatens-industrial-economy,594ed21ccffb3a054318fd75cf78feb0,US Diesel Pump Prices Hit Record As Global Refined - Products Crisis Threatens Industrial Economy,20260904T183000Z,zerohedge.com,English,United States,Strait of Hormuz,D1_초크포인트,2026-09-04
https://aninews.in/news/world/us/us-vp-vance-says-all-options-against-iran-on-table-including-covert-pressure20260904044108/,223a1650e1ca154ece75e56aef9a0bda,"US VP Vance says all options against Iran  on table , including covert pressure",20260904T003000Z,aninews.in,English,India,Strait of Hormuz,D1_초크포인트,2026-09-04
https://aninews.in/news/world/us/treasury-secy-bessent-says-eu-officially-joins-us-led-operation-economic-outcast-against-iran20260904065728/,2572c19a15d9fc6e222b31bef8f805a6,Treasury Secy Bessent says EU  officially  joins US - led  Operation Economic Outcast  against Iran,20260904T023000Z,aninews.in,English,India,Strait of Hormuz,D1_초크포인트,2026-09-04
https://www.israelnationalnews.com/news/432695,f26d99b390fbb3fc7a6d04b1223d6800,South Korea reportedly preparing military deployment to Strait of Hormuz,20260904T073000Z,israelnationalnews.com,English,Israel,Strait of Hormuz,D1_초크포인트,2026-09-04
https://www.latimes.com/world-nation/story/2026-09-04/vance-says-iran-fight-isnt-war-as-trump-tries-to-navigate-unpopular-conflict-as-election-nears,98c2ed2d1c36e4a8f9286c02b7d6a2df,Vance says Iran fight isnt a  war  as Trump tries to navigate unpopular conflict as election nears,20260904T201500Z,latimes.com,English,United States,Strait of Hormuz,D1_초크포인트,2026-09-04
https://www.wfmz.com/news/ap/ap-national/an-israeli-release-a-shipping-slowdown-and-other-mideast-news/article_946d6a7f-eafd-5541-b45d-dc14c8a11c2d.html,d61bb38ac63954e22e8fca2e0035c338,"An Israeli release , a shipping slowdown and other Mideast news",20260904T101500Z,wfmz.com,English,United States,Strait of Hormuz,D1_초크포인트,2026-09-04
https://www.irishnews.com/news/business/firmus-confirm-new-price-hike-for-136000-gas-customers-as-wholesale-energy-costs-continue-to-rise-amid-middle-east-crisis-3ICJLTA5XNFGZODAAI2JP3AOKA/,5004fccbd21f60b04c11e8686ecb4cf4,"Firmus confirm new price hike for 136 , 000 gas customers as wholesale energy costs continue to rise amid Middle East crisis",20260904T130000Z,irishnews.com,English,United Kingdom,Strait of Hormuz,D1_초크포인트,2026-09-04
https://www.asiaone.com/world/vance-says-iran-fight-isnt-war-trump-tries-navigate-unpopular-conflict-election-nears,b9e4651b6c15007680604521ad80261f,Vance says Iran fight isnt a  war  as Trump tries to navigate unpopular conflict as election nears,20260904T033000Z,asiaone.com,English,Singapore,Strait of Hormuz,D1_초크포인트,2026-09-04
https://www.asiaone.com:443/world/vance-says-iran-fight-isnt-war-trump-tries-navigate-unpopular-conflict-election-nears,c851ccdb988823085c0b24c204ab9ee2,Vance says Iran fight isnt a  war  as Trump tries to navigate unpopular conflict as election nears,20260904T033000Z,asiaone.com,English,Singapore,Strait of Hormuz,D1_초크포인트,2026-09-04
https://theshillongtimes.com/2026/09/04/trump-denies-plans-to-rename-hormuz-after-self/,78aeebd36774f1af1eb47866100cee36,Trump denies plans to rename Hormuz after self,20260904T021500Z,theshillongtimes.com,English,India,Strait of Hormuz,D1_초크포인트,2026-09-04
https://naharnet.com/stories/en/322274-sultan-of-oman-to-make-state-visit-to-uk-balancing-pressures-from-us-and-iran,da726d52ffcdc833680cadb36df864cd,"Sultan of Oman to make state visit to united kingdom , balancing pressures from US and Iran",20260904T151500Z,naharnet.com,English,Syria,Strait of Hormuz,D1_초크포인트,2026-09-04
https://abcnews.com/Business/wireStory/vance-iran-fight-war-trump-navigate-unpopular-conflict-136191116,ccb4a9d539a6a69e5f32d6eaf36b34e6,Vance says Iran fight isnt a  war  as Trump tries to navigate unpopular conflict as election nears,20260904T090000Z,abcnews.com,English,United States,Strait of Hormuz,D1_초크포인트,2026-09-04
https://www.stcatharinesstandard.ca/business/vance-says-iran-fight-isn-t-a-war-as-trump-tries-to-navigate-unpopular-conflict-as-election-nears/article_dbae1335-09ed-562c-afcf-ea53b283d909.html,4409490a41ca3d469c014306649b3697,Vance says Iran fight isnt a  war  as Trump tries to navigate unpopular conflict as election nears,20260904T020000Z,stcatharinesstandard.ca,English,Canada,Strait of Hormuz,D1_초크포인트,2026-09-04
https://www.middleeastmonitor.com/20260904-us-ambassador-to-israel-calls-occupiers-committing-crimes-in-west-bank-terrorists/,ca868cd66a1baff11130e140e1c4007f,US ambassador to Israel calls occupiers committing crimes in West Bank  terrorist – Middle East Monitor,20260904T191500Z,middleeastmonitor.com,English,Israel,Strait of Hormuz,D1_초크포인트,2026-09-04
https://us.cnn.com/2026/09/04/politics/small-potatoes-trump-iran,523cbea978bc826b0f7681cd79588701,"Trump says Iran conflict , which has killed 18 US service members and injured hundreds more , is  small potatoes  ",20260904T201500Z,us.cnn.com,English,United States,Strait of Hormuz,D1_초크포인트,2026-09-04
https://www.yahoo.com/news/politics/articles/vance-says-iran-fight-isnt-003010115.html,fb14a274f848f748f8f046c5836daac2,Vance says Iran fight isnt a  war  as Trump tries to navigate unpopular conflict as election nears,20260904T011500Z,yahoo.com,English,United States,Strait of Hormuz,D1_초크포인트,2026-09-04
https://www.wral.com/news/ap/7ab86-vance-says-iran-fight-isnt-a-war-as-trump-tries-to-navigate-unpopular-conflict-as-election-nears/,25fd32b65207ecc880b9b51bfc7752f5,Vance says Iran fight isnt a  war  as Trump tries to navigate unpopular conflict as election nears,20260904T033000Z,wral.com,English,United States,Strait of Hormuz,D1_초크포인트,2026-09-04
https://www.asiaone.com/money/oil-prices-hit-fresh-6-week-highs-renewed-middle-east-tensions,f1c2925bc6d889cf7126cf1ff1ba0e38,Oil prices hit fresh 6 - week highs on renewed Middle East tensions,20260904T033000Z,asiaone.com,English,Singapore,Strait of Hormuz,D1_초크포인트,2026-09-04
https://www.asiaone.com:443/money/oil-prices-hit-fresh-6-week-highs-renewed-middle-east-tensions,df15c55625a021f3b77dd58ed54c88b0,Oil prices hit fresh 6 - week highs on renewed Middle East tensions,20260904T033000Z,asiaone.com,English,Singapore,Strait of Hormuz,D1_초크포인트,2026-09-04
https://www.clickondetroit.com/news/politics/2026/09/04/vance-says-iran-fight-isnt-a-war-as-trump-tries-to-navigate-unpopular-conflict-as-election-nears/,147494bed0c3fa167b6e0d4616fafed2,Vance says Iran fight isnt a  war  as Trump tries to navigate unpopular conflict as election nears,20260904T020000Z,clickondetroit.com,English,United States,Strait of Hormuz,D1_초크포인트,2026-09-04
https://www.twincities.com/2026/09/04/jd-vance-iran-war/,bad18706a3fef1768c659c666e9ed44a,Vance says Iran fight isnt  war  as Trump tries to navigate conflict,20260904T144500Z,twincities.com,English,United States,Strait of Hormuz,D1_초크포인트,2026-09-04
https://www.adn.com/nation-world/2026/09/04/vance-says-iran-fight-isnt-a-war-as-trump-tries-to-navigate-unpopular-conflict-as-election-nears/,d640713597c52d9d23c3d7d165c0dbb2,Vance says Iran fight isnt a  war  as Trump tries to navigate unpopular conflict as election nears,20260904T200000Z,adn.com,English,United States,Strait of Hormuz,D1_초크포인트,2026-09-04
https://www.mcall.com/2026/09/04/jd-vance-iran-war/,a52a49416183765b420f408a3cc07fff,Vance says Iran fight isnt  war  as Trump tries to navigate conflict,20260904T183000Z,mcall.com,English,United States,Strait of Hormuz,D1_초크포인트,2026-09-04
https://www.siasat.com/us-rejects-war-label-as-iran-conflict-weighs-on-midterms-3536014/,61c7264e8c47aa6a7e8f63b8dc2c43d4,US rejects  war  label as Iran conflict weighs on midterms,20260904T030000Z,siasat.com,English,India,Strait of Hormuz,D1_초크포인트,2026-09-04
https://www.winnipegfreepress.com/business/2026/09/03/vance-says-iran-fight-isnt-a-war-as-trump-tries-to-navigate-unpopular-conflict-as-election-nears,bc4fa306e05069ab26b278a79cc5589a,Vance says Iran fight isnt a  war  as Trump tries to navigate unpopular conflict as election nears – Winnipeg Free Press,20260904T011500Z,winnipegfreepress.com,English,Canada,Strait of Hormuz,D1_초크포인트,2026-09-04
https://timesofindia.indiatimes.com/world/us/economic-military-diplomatic-or-covert-pressure-vance-on-trumps-toolkit-for-dealing-with-iran/articleshow/133750704.cms,a11b7b0df617e7be4b6889b50e2571bf,"Iran : Economic , military , diplomatic or covert pressure ? Vance on Trump toolkit for dealing with Iran",20260904T040000Z,timesofindia.indiatimes.com,English,India,Strait of Hormuz,D1_초크포인트,2026-09-04
https://www.clickorlando.com/news/politics/2026/09/04/vance-says-iran-fight-isnt-a-war-as-trump-tries-to-navigate-unpopular-conflict-as-election-nears/,eb285617e92e96ef73c664eef4ebb070,Vance says Iran fight isnt a  war  as Trump tries to navigate unpopular conflict as election nears,20260904T020000Z,clickorlando.com,English,United States,Strait of Hormuz,D1_초크포인트,2026-09-04
https://www.news-gazette.com/news/nation-world/vance-says-iran-fight-isnt-a-war-as-trump-tries-to-navigate-unpopular-conflict-as/article_f1a09f33-0975-5211-b87a-adf46de195fc.html,97b548938df0d7ece1347271be1cdf04,Vance says Iran fight isnt a  war  as Trump tries to navigate unpopular conflict as election nears,20260904T084500Z,news-gazette.com,English,United States,Strait of Hormuz,D1_초크포인트,2026-09-04
https://www.thedailybeast.com/vance-pretends-trumps-biggest-problem-doesnt-exist/,71e6d61f61ca27f87a87311ce25dfbbb,Vance Pretends Trump Biggest Problem Doesnt Exist,20260904T023000Z,thedailybeast.com,English,United States,Strait of Hormuz,D1_초크포인트,2026-09-04
https://www.cfr.org/articles/horse-wrestling-and-hegemony-why-central-asias-nomad-games-matter-this-year,7aa8e29310664d73c1cf4e24b97d5a22,Horse Wrestling and Hegemony : Why Central Asia Nomad Games Matter This Year,20260904T180000Z,cfr.org,English,United States,Strait of Hormuz,D1_초크포인트,2026-09-04
https://sana.sy/en/economic/2340404/,e6e6b23f997102974ae534c9d1acca4c,"Ship traffic through Strait of Hormuz drops sharply , Kpler data shows",20260904T101500Z,sana.sy,English,Syria,Strait of Hormuz,D1_초크포인트,2026-09-04
https://www.wsbradio.com/news/politics/vance-says-iran/RHPFWUXTQE3HVME3SBAMC4MEPQ/,1c1963b46568b008bd4f4912a593464f,Vance says Iran fight isnt a  war  ,20260904T094500Z,wsbradio.com,English,United States,Strait of Hormuz,D1_초크포인트,2026-09-04
https://www.naharnet.com/stories/en/322259-iran-war-is-not-a-war-us-vp-vance-says,e1f879b8eba0dd0a7ac81bd5128b6348,"Iran war is not a war , US VP Vance says",20260904T084500Z,naharnet.com,English,Syria,Strait of Hormuz,D1_초크포인트,2026-09-04
https://www.naharnet.com:443/stories/en/322259-iran-war-is-not-a-war-us-vp-vance-says,8bbf5e5a9d752edfac6c4f0ed7016c40,"Iran war is not a war , US VP Vance says",20260904T090000Z,naharnet.com,English,Syria,Strait of Hormuz,D1_초크포인트,2026-09-04
https://www.houstonpublicmedia.org/npr/2026/09/04/nx-s1-5948016/the-price-of-diesel-hits-a-record-high/,23497577c449ecfedf6088c9efbed889,The price of diesel hits a record high,20260904T091500Z,houstonpublicmedia.org,English,United States,Strait of Hormuz,D1_초크포인트,2026-09-04
https://www.thedailybeast.com/trump-humiliated-as-his-war-pushes-key-fuel-to-record-high/,700855d08ac1cc72001155f71965650d,Trump Humiliated as His War Pushes Key Fuel to Record High,20260904T151500Z,thedailybeast.com,English,United States,Strait of Hormuz,D1_초크포인트,2026-09-04
https://economictimes.indiatimes.com/news/defence/jd-vance-says-iran-conflict-is-not-a-war-declines-to-offer-timeline-for-end/articleshow/133749080.cms,08ea1143fb077c8abec0d5e748c7cba4,"JD Vance says Iran conflict is not a war , declines to offer timeline for end",20260904T020000Z,economictimes.indiatimes.com,English,India,Strait of Hormuz,D1_초크포인트,2026-09-04
https://politicalwire.com/2026/09/04/a-more-confident-iran-emerges-after-six-months-of-war/,9f49645e14eb06d3972c24102ffcd54e,A More Confident Iran Emerges After Six Months of War,20260904T191500Z,politicalwire.com,English,United States,Strait of Hormuz,D1_초크포인트,2026-09-04
https://www.zawya.com/en/business/gcc/kuwait-issues-decree-allowing-government-to-borrow-from-wealth-fund-476842,fe4c586c1b46a6adb2bbf6ba331c086f,Kuwait issues decree allowing government to borrow from wealth fund,20260904T051500Z,zawya.com,English,United Arab Emirates,Strait of Hormuz,D1_초크포인트,2026-09-04
https://www.koreaherald.com/article/10863073,bef357ce517d5c20ab27274723ba139f,"Lee , Macron to broaden security and high - tech partnership at Paris summit",20260904T074500Z,koreaherald.com,English,South Korea,Strait of Hormuz,D1_초크포인트,2026-09-04
https://www.dailyadvertiser.com.au/story/9343906/south-korea-reviewing-military-options-for-hormuz/,1d3af0ec3e828d0f6d753806ac44d515,South Korea reviewing military options for Hormuz,20260904T040000Z,dailyadvertiser.com.au,English,Australia,Strait of Hormuz,D1_초크포인트,2026-09-04
https://www.goulburnpost.com.au/story/9343906/south-korea-reviewing-military-options-for-hormuz/,22876df1c168bc291af33d6dc31c7b5a,South Korea reviewing military options for Hormuz,20260904T040000Z,goulburnpost.com.au,English,Australia,Strait of Hormuz,D1_초크포인트,2026-09-04
https://www.bankingnews.gr/diethni/articles/897354/military-doctrine-of-cowards-us-deliberately-struck-civilians-in-iran-vance-stop-attacks-on-ships-and-we-will-talk%20title=,eafbf4d529827f32d3479086c83291d1,Military doctrine of cowards – US deliberately struck civilians in Iran – Vance : ,20260904T071500Z,bankingnews.gr,English,Greece,Strait of Hormuz,D1_초크포인트,2026-09-04
https://www.bankingnews.gr/diethni/articles/897354/military-doctrine-of-cowards-us-deliberately-struck-civilians-in-iran-vance-stop-attacks-on-ships-and-we-will-talk,f50133032e0dfdaa9b7f789b4b40f898,Military doctrine of cowards – US deliberately struck civilians in Iran – Vance : ,20260904T071500Z,bankingnews.gr,English,Greece,Strait of Hormuz,D1_초크포인트,2026-09-04
https://timesofindia.indiatimes.com/world/middle-east/us-iran-war-news-live-updates-missiles-drones-strike-gulf-countries-middle-east-conflict-airstrikes-strait-of-harmuz-latest-news/liveblog/133749921.cms,1aadb4dd3f49325fabbef4d977086c4b,US - Iran War Live Updates :  EU officially joined  - US on Operation Economic Outcast against Iran,20260904T040000Z,timesofindia.indiatimes.com,English,India,Strait of Hormuz,D1_초크포인트,2026-09-04
https://www.durangoherald.com/articles/associated-press/vance-says-iran-fight-isnt-a-war-as-trump-tries-to-navigate-unpopular-conflict-as-election-nears/,5f48cf98e921420ce9d21b933b0078a5,Vance says Iran fight isnt a  war  as Trump tries to navigate unpopular conflict as election nears,20260904T071500Z,durangoherald.com,English,United States,Strait of Hormuz,D1_초크포인트,2026-09-04
https://www.wfmj.com/news/consumer/vance-says-iran-fight-isnt-a-war-as-trump-tries-to-navigate-unpopular-conflict-as/article_8a011319-6380-5bbd-b0b5-6b8ed7107c2d.html,4f9d63d8e4b5cc8b0526b7e0728676ff,Vance says Iran fight isnt a  war  as Trump tries to navigate unpopular conflict as election nears,20260904T144500Z,wfmj.com,English,United States,Strait of Hormuz,D1_초크포인트,2026-09-04
https://www.dailyliberal.com.au/story/9343906/south-korea-reviewing-military-options-for-hormuz/,81c4deb404d7548c882142193780e7ef,South Korea reviewing military options for Hormuz,20260904T041500Z,dailyliberal.com.au,English,Australia,Strait of Hormuz,D1_초크포인트,2026-09-04
https://www.queanbeyanage.com.au/story/9343906/south-korea-reviewing-military-options-for-hormuz/,881d39011f57b5a96d513a86f3256f71,South Korea reviewing military options for Hormuz,20260904T043000Z,queanbeyanage.com.au,English,Australia,Strait of Hormuz,D1_초크포인트,2026-09-04
https://www.merimbulanewsweekly.com.au/story/9343906/south-korea-reviewing-military-options-for-hormuz/,0326ff42344e29bbdee9463344e7fb6e,South Korea reviewing military options for Hormuz,20260904T043000Z,merimbulanewsweekly.com.au,English,Australia,Strait of Hormuz,D1_초크포인트,2026-09-04
https://www.northerndailyleader.com.au/story/9343906/south-korea-reviewing-military-options-for-hormuz/,a2d04c3cd9b9d9e1db557655ceba6dbe,South Korea reviewing military options for Hormuz,20260904T060000Z,northerndailyleader.com.au,English,Australia,Strait of Hormuz,D1_초크포인트,2026-09-04
https://www.bordermail.com.au/story/9343906/south-korea-reviewing-military-options-for-hormuz/,e02785e6a38ed0d485ab88c7a86369df,South Korea reviewing military options for Hormuz,20260904T044500Z,bordermail.com.au,English,Australia,Strait of Hormuz,D1_초크포인트,2026-09-04
https://www.naroomanewsonline.com.au/story/9343906/south-korea-reviewing-military-options-for-hormuz/,b8daddf5c1a2a02bc7ee8ee69dc7b9c7,South Korea reviewing military options for Hormuz,20260904T041500Z,naroomanewsonline.com.au,English,Australia,Strait of Hormuz,D1_초크포인트,2026-09-04
http://www.dailyadvance.com/news/national/vance-says-iran-fight-isnt-a-war-as-trump-tries-to-navigate-unpopular-conflict-as/article_ce041b25-dd71-5b5b-a398-b5565d41000c.html,e6dc0a1c813580d6c5f40357f0fdc466,Vance says Iran fight isnt a  war  as Trump tries to navigate unpopular conflict as election nears,20260904T101500Z,dailyadvance.com,English,United States,Strait of Hormuz,D1_초크포인트,2026-09-04
https://www.khqa.com/news/nation-world/vance-says-iran-fight-isnt-a-war-as-trump-tries-to-navigate-unpopular-conflict-as/article_b64090b5-0b1a-5254-9a97-4b0fdd523777.html,651e6ee508023536ef0560499da14260,Vance says Iran fight isnt a  war  as Trump tries to navigate unpopular conflict as election nears,20260904T043000Z,khqa.com,English,United States,Strait of Hormuz,D1_초크포인트,2026-09-04
https://punchng.com/nigerias-energy-investment-may-double-in-five-years-iea/,6fe63429dd82a57bc718e634a7ef9dbf,Nigeria Energy Investment May Double in Five Years IEA,20260904T004500Z,punchng.com,English,Nigeria,Strait of Hormuz,D1_초크포인트,2026-09-04
https://www.livemint.com/news/india/petrol-and-diesel-prices-today-4-sep-fuel-rates-in-delhi-mumbai-bengaluru-as-brent-heads-for-biggest-weekly-gain-11788484596513.html,c070949b0183bb78976512e10b91eab3,"Petrol and diesel prices today , 4 Sep : Fuel rates in Delhi , Mumbai , Bengaluru as Brent heads for biggest weekly gain",20260904T040000Z,livemint.com,English,India,Strait of Hormuz,D1_초크포인트,2026-09-04
https://www.thestar.com.my/aseanplus/aseanplus-news/2026/09/04/south-korea-paving-way-to-send-naval-ship-to-hormuz-reports-say,d504800fc1cc4faa77f9b553fc7b006a,"South Korea paving way to send naval ship to Hormuz , reports say",20260904T090000Z,thestar.com.my,English,Malaysia,Strait of Hormuz,D1_초크포인트,2026-09-04
https://komonews.com/news/nation-world/vance-briefs-press-on-iran-i-wouldnt-call-it-a-war-pete-hegseth-vice-president,54f5c99143fdc62fca944f57d31fec35,Vance briefs press on Iran :  I wouldnt call it a war  ,20260904T011500Z,komonews.com,English,United States,Strait of Hormuz,D1_초크포인트,2026-09-04
https://wcti12.com/news/nation-world/vance-briefs-press-on-iran-i-wouldnt-call-it-a-war-pete-hegseth-vice-president,a62843143a30c5e30e0c8174fa31acd8,Vance briefs press on Iran :  I wouldnt call it a war  ,20260904T003000Z,wcti12.com,English,United States,Strait of Hormuz,D1_초크포인트,2026-09-04
https://www.koreatimes.co.kr/southkorea/defense/20260904/maritime-patrol-aircraft-support-ship-among-koreas-options-for-strait-of-hormuz-mission,3749a42e4b5d30304fb762446b609f77,"Maritime patrol aircraft , support ship among Korea options for Strait of Hormuz mission",20260904T094500Z,koreatimes.co.kr,English,South Korea,Strait of Hormuz,D1_초크포인트,2026-09-04
https://www.middle-east-online.com/en/south-korea-weighs-hormuz-deployment-says-no-decision-made,e2611e0e4f8444aeda19cd8cccc2f3e2,South Korea weighs Hormuz deployment but says no decision made,20260904T091500Z,middle-east-online.com,English,Iraq,Strait of Hormuz,D1_초크포인트,2026-09-04
https://www.gjsentinel.com/news/us/vance-says-iran-fight-isnt-a-war-as-trump-tries-to-navigate-unpopular-conflict-as/article_73037a25-bd3d-5ede-8127-fcb242f00c01.html,de130a64895bb16a91eda49c397cee7e,Vance says Iran fight isnt a  war  as Trump tries to navigate unpopular conflict as election nears,20260904T043000Z,gjsentinel.com,English,United States,Strait of Hormuz,D1_초크포인트,2026-09-04
https://www.euronews.com/2026/09/04/iran-hits-us-military-targets-in-the-region-as-washington-probes-deadly-wedding-strike,34719a9c747040421ccd9222d3d4d152,Iran hits US military targets in the region as Washington probes deadly wedding strike,20260904T050000Z,euronews.com,English,United States,Strait of Hormuz,D1_초크포인트,2026-09-04
https://www.newsweek.com/gas-prices-surging-ahead-of-labor-day-as-midterms-loom-12403405,263ea5cf7202f3f33286310df822c95c,Gas Prices Surging Ahead of Labor Day as Midterms Loom,20260904T043000Z,newsweek.com,English,United States,Strait of Hormuz,D1_초크포인트,2026-09-04
https://www.yahoo.com/news/politics/articles/us-wants-manage-stalemate-strait-131108541.html,26bed911efca77104cd797594de201c3,The US wants to manage the stalemate in the Strait of Hormuz . Iran wants to break it,20260904T144500Z,yahoo.com,English,United States,Strait of Hormuz,D1_초크포인트,2026-09-04
https://www.aol.com/articles/iran-strikes-kuwait-retaliation-us-075356000.html,495148a1435fdc5b99b57d049ece44df,"Iran targets Kuwait in retaliation for US bombardments , and other Mideast news",20260904T043000Z,aol.com,English,United States,Strait of Hormuz,D1_초크포인트,2026-09-04
https://www.business-standard.com/markets/commodities/oil-may-top-100-as-hormuz-russia-risks-persist-mirae-asset-sharekhan-126090400492_1.html,875f19d674efae932b04a86d5091e80b,"Oil may top $100 as Hormuz , Russia risks persist : Mirae Asset Sharekhan",20260904T094500Z,business-standard.com,English,India,Strait of Hormuz,D1_초크포인트,2026-09-04
https://www.finanzen.ch/nachrichten/aktien/indian-shares-set-to-open-higher-on-dovish-fed-comments-1036521624,c6d5b59711238ffa508874b3047a9977,Indian Shares Set To Open Higher On Dovish Fed Comments,20260904T033000Z,finanzen.ch,English,Switzerland,Strait of Hormuz,D1_초크포인트,2026-09-04
https://www.yahoo.com/news/politics/articles/renewed-us-iran-strikes-could-091501947.html,74d1d386f6057309589d658112b059f8,How could US - Iran conflict end ? Three experts give their views,20260904T200000Z,yahoo.com,English,United States,Strait of Hormuz,D1_초크포인트,2026-09-04
https://www.ariananews.af/south-korea-reviews-military-options-for-strait-of-hormuz/,bf9205cb05ddc29c8ca4f036025573bb,South Korea reviews military options for Strait of Hormuz | Ariana News,20260904T060000Z,ariananews.af,English,Afghanistan,Strait of Hormuz,D1_초크포인트,2026-09-04
https://www.thepeterboroughexaminer.com/business/vance-says-iran-fight-isn-t-a-war-as-trump-tries-to-navigate-unpopular-conflict-as-election-nears/article_72743bb2-13b7-535a-8bc2-f3b7b7fff6ca.html,1c915f6e0dba7e95d1d8e81a3965408b,Vance says Iran fight isnt a  war  as Trump tries to navigate unpopular conflict as election nears,20260904T030000Z,thepeterboroughexaminer.com,English,Canada,Strait of Hormuz,D1_초크포인트,2026-09-04
https://www.channelnewsasia.com/asia/south-korea-hormuz-military-deployment-6361626,bad424f253ed21a086211a94dc29c6af,South Korea prepares Hormuz military deployment : Reports,20260904T020000Z,channelnewsasia.com,English,United States,Strait of Hormuz,D1_초크포인트,2026-09-04
https://www.reporterherald.com/2026/09/04/israeli-release-strait-of-hormuz-shipping-mideast-news/,265d70997a3714aa2d5b2c208a02653f,"An Israeli release , a shipping slowdown and other Mideast news",20260904T124500Z,reporterherald.com,English,United States,Strait of Hormuz,D1_초크포인트,2026-09-04
https://www.lbc.co.uk/article/uk-nuclear-attack-iran-donald-trump-5Hjdgxj_2/,73cd2724cca0bd5eebda0a6e592c7b3d,"UK saved from nuclear attack by America war against Iran , claims Donald Trump",20260904T074500Z,lbc.co.uk,English,United Kingdom,Strait of Hormuz,D1_초크포인트,2026-09-04
https://www.asiaone.com:443/asia/south-korea-prepares-hormuz-military-deployment-media-reports-say,5a1c097dcb78e3d1d3157880e8dc4b26,"South Korea prepares Hormuz military deployment , media reports say",20260904T033000Z,asiaone.com,English,Singapore,Strait of Hormuz,D1_초크포인트,2026-09-04
https://www.asiaone.com/asia/south-korea-prepares-hormuz-military-deployment-media-reports-say,46e8106bde3098105764b65e012c9a71,"South Korea prepares Hormuz military deployment , media reports say",20260904T033000Z,asiaone.com,English,Singapore,Strait of Hormuz,D1_초크포인트,2026-09-04
https://www.freemalaysiatoday.com/category/world/2026/09/04/south-korea-preparing-hormuz-military-deployment-reports-say,395b7d8928d034d17d7effb622c3dfd0,"South Korea preparing Hormuz military deployment , reports say",20260904T011500Z,freemalaysiatoday.com,English,Malaysia,Strait of Hormuz,D1_초크포인트,2026-09-04
https://www.surinametimes.com/artikel/seoul-weighs-contributions-to-hormuz-security,2312c1702550211352387510c520319e,Seoul weighs  contribution to Hormuz security,20260904T191500Z,surinametimes.com,English,Suriname,Strait of Hormuz,D1_초크포인트,2026-09-04
https://www.sbs.com.au/news/article/this-is-not-a-war-us-vice-president-jd-vance-on-iran-conflict/0lxbmeexh,67a55b78e701f19f1abe2fd310eb4558,US vice president JD Vance says he  wouldnt call it a war  with Iran,20260904T003000Z,sbs.com.au,English,Australia,Strait of Hormuz,D1_초크포인트,2026-09-04
https://www.huffingtonpost.co.uk/entry/donald-trump-suggests-he-would-not-support-uk-if-argentina-invaded-falklands_uk_6a9a4f40e4b0e51a2d925091,daacf81bdb1db4f5dea91ebc4fc4aa3a,Donald Trump Indicates No Support For united kingdom If Falklands Are Invaded,20260904T060000Z,huffingtonpost.co.uk,English,United Kingdom,Strait of Hormuz,D1_초크포인트,2026-09-04
https://www.clevelandjewishnews.com/news/world_news/vance-says-iran-fight-isnt-a-war-as-trump-tries-to-navigate-unpopular-conflict-as/article_94dbfeca-1a5d-5c5e-afab-e312c5b8bc06.html,f02055ebdb67f2e2b4f259695951dbbf,Vance says Iran fight isnt a  war  as Trump tries to navigate unpopular conflict as election nears,20260904T193000Z,clevelandjewishnews.com,English,Israel,Strait of Hormuz,D1_초크포인트,2026-09-04
https://www.winknews.com/news/international/vance-says-iran-fight-isnt-a-war-as-trump-tries-to-navigate-unpopular-conflict-as/article_75cb3e8d-c31b-5ec4-b232-ceeaabfd0798.html,d6dfaf9387af64c08d51b18d1d7b7a59,Vance says Iran fight isnt a  war  as Trump tries to navigate unpopular conflict as election nears,20260904T033000Z,winknews.com,English,United States,Strait of Hormuz,D1_초크포인트,2026-09-04
http://baystreet.ca/articles/commodities/123461/Gulf-Oil-Exports-Rebound-Despite-Iran-War,29f1644ed33f63a32d13785d940b81dd,Baystreet . ca - Gulf Oil Exports Rebound Despite Iran War,20260904T184500Z,baystreet.ca,English,Canada,Strait of Hormuz,D1_초크포인트,2026-09-04
https://www.siasat.com/trump-says-iran-war-will-end-soon-claims-us-has-already-won-3536051/,f7d61e39d04b2118be6f25dbc9793788,"Trump says Iran war will end soon , claims US has already  won  ",20260904T070000Z,siasat.com,English,India,Strait of Hormuz,D1_초크포인트,2026-09-04
https://news3lv.com/news/local/nevada-labor-day-weekend-record-gasoline-prices-crude-oil-aaa-driving-travel-price-per-gallon-las-vegas,67206f7aee478d888fbd7f1be29994d3,Nevada likely to see Labor Day record for gasoline prices,20260904T183000Z,news3lv.com,English,United States,Strait of Hormuz,D1_초크포인트,2026-09-04
https://economictimes.indiatimes.com/news/defence/south-korea-prepares-hormuz-military-deployment-media-reports-say/articleshow/133749245.cms,273d62bc8059d405357dd3c24cfc5851,"South Korea prepares Hormuz military deployment , media reports say",20260904T020000Z,economictimes.indiatimes.com,English,India,Strait of Hormuz,D1_초크포인트,2026-09-04
https://www.manilatimes.net/2026/09/04/world/americas-emea/iran-war-is-not-a-war-us-vp-vance-says/2418573,da37468ccfbd74f29b887314019b2fd9,"Iran war is not a war , US VP Vance says | The Manila Times",20260904T124500Z,manilatimes.net,English,Philippines,Strait of Hormuz,D1_초크포인트,2026-09-04
https://www.wsbradio.com/news/world/iran-targets-kuwait/4CDPJ3INJIYUFOOYYGD6G5RELY/,007341233fff5a474fcb80c5987601ce,Iran targets Kuwait and other Mideast news,20260904T044500Z,wsbradio.com,English,United States,Strait of Hormuz,D1_초크포인트,2026-09-04
https://isp.netscape.com:443/news/world/story/0001/20260904/6b5f8c2e6153fa199cbdb567acef6806,2a491b3dda04f3d78354b251aded4c37,"Iran targets Kuwait in retaliation for US bombardments , and other Mideast news",20260904T044500Z,isp.netscape.com,English,United States,Strait of Hormuz,D1_초크포인트,2026-09-04
https://www.moonofalabama.org/2026/09/cause-and-effect-of-high-diesel-prices.html/comment-page-3,b7b60b51cf7a2f53dcb6356d93b52884,Cause And Effect Of High Diesel Prices – Moon of Alabama,20260904T164500Z,moonofalabama.org,English,Syria,Strait of Hormuz,D1_초크포인트,2026-09-04
https://www.bbc.co.uk/news/articles/cgjql614glvo,748bffaaebe059a37a833144568d52ad,How could US - Iran conflict end ? Three experts give their views,20260904T101500Z,bbc.co.uk,English,United Kingdom,Strait of Hormuz,D1_초크포인트,2026-09-04
https://www.breitbart.com/clips/2026/09/03/khanna-democrats-have-a-much-smarter-strategy-on-national-security/,65e399882547c26757ffc32cae56134c,Khanna :  Democrats Have a Much Smarter Strategy on National Security  ,20260904T021500Z,breitbart.com,English,United States,Strait of Hormuz,D1_초크포인트,2026-09-04
https://www.newser.com/story/395859/doj-presses-supreme-court-on-trumps-mail-ballot-rules.html,259baa3b4fae59c35b7f071d9572cf23,Trump Mail Ballot Rules Go to Supreme Court,20260904T001500Z,newser.com,English,United States,Strait of Hormuz,D1_초크포인트,2026-09-04
https://komonews.com/news/nation-world/democrats-chuck-schumer-wield-gas-price-spikes-as-sharp-midterm-election-weapons,bea41fe2a7b3caccbb79843fe9331280,Democrats wield gas price spikes as sharp midterm weapons,20260904T210000Z,komonews.com,English,United States,Strait of Hormuz,D1_초크포인트,2026-09-04
https://wcti12.com/news/nation-world/democrats-chuck-schumer-wield-gas-price-spikes-as-sharp-midterm-election-weapons,cb1e4adf28be9b46913cc9f5cc41c9b5,Democrats wield gas price spikes as sharp midterm weapons,20260904T200000Z,wcti12.com,English,United States,Strait of Hormuz,D1_초크포인트,2026-09-04
https://www.wfsb.com/2026/09/04/gas-prices-hit-record-high-labor-day-weekend-according-aaa/,3287202d67f5be32760ec7b60ccf179d,"Gas prices hit record high for Labor Day weekend , according to AAA",20260904T124500Z,wfsb.com,English,United States,Strait of Hormuz,D1_초크포인트,2026-09-04
https://timesofindia.indiatimes.com/defence/international/us-to-keep-50000-troops-in-middle-east-amid-iran-war-deployment-may-extend-to-2027-report/articleshow/133750765.cms,afb2ea158656a0a52aa03767208968d1,"US to keep 50 , 000 troops in Middle East amid Iran war , deployment may extend to 2027 : Report",20260904T041500Z,timesofindia.indiatimes.com,English,India,Strait of Hormuz,D1_초크포인트,2026-09-04
https://www.aol.com/articles/oil-set-steepest-weekly-gain-012345000.html,804b92b788a5085379d08a1c4edc4785,"Oil ends week higher on renewed US - Iran strikes , diesel hits record",20260904T210000Z,aol.com,English,United States,Strait of Hormuz,D1_초크포인트,2026-09-04
https://www.rappler.com/world/middle-east/iran-buries-victims-us-wedding-attack-fires-kuwait/,0ca676cad94ff91d87f88e4fe57cd426,"Iran buries victims of reported US wedding attack , fires on Kuwait",20260904T050000Z,rappler.com,English,Philippines,Strait of Hormuz,D1_초크포인트,2026-09-04
https://katu.com/news/nation-world/democrats-chuck-schumer-wield-gas-price-spikes-as-sharp-midterm-election-weapons,3c7a4047bc989f5e999dc587323b151c,Democrats wield gas price spikes as sharp midterm weapons,20260904T203000Z,katu.com,English,United States,Strait of Hormuz,D1_초크포인트,2026-09-04
https://cbn.com/news/israel/vance-blames-high-gas-prices-iran-shipping-attacks-netanyahu-says-toppling-regime,7eb9f62bb25775c27273b50e1426f8f1,Vance Blames High Gas Prices on Iran Shipping Attacks ; Netanyahu Says Toppling Regime Israel  Central Mission  ,20260904T090000Z,cbn.com,English,United States,Strait of Hormuz,D1_초크포인트,2026-09-04
https://wjla.com/news/nation-world/democrats-chuck-schumer-wield-gas-price-spikes-as-sharp-midterm-election-weapons,6e1e318838550c089163c5de0a9fd911,Democrats wield gas price spikes as sharp midterm weapons,20260904T200000Z,wjla.com,English,United States,Strait of Hormuz,D1_초크포인트,2026-09-04
https://www.rigzone.com/news/wire/iran_strikes_keep_oil_near_91-03-sep-2026-184535-article/,4c99cb125e108679651e7955e1070e70,Iran Strikes Keep Oil Near $91,20260904T003000Z,rigzone.com,English,United States,Strait of Hormuz,D1_초크포인트,2026-09-04
https://english.news.cn/asiapacific/20260904/5b9b1aa1fe48479f94a996fe306d37cc/c.html,d16ac2aa3d8813097dfddcd8d889bf29,S . Korean presidential office says Hormuz troop deployment remains under review - Xinhua,20260904T070000Z,english.news.cn,English,,Strait of Hormuz,D1_초크포인트,2026-09-04
https://english.news.cn/20260904/29ae84456f2b4d8da535695def768520/c.html,2f7403978885391cb2046ff9f05c60cc,S . Korean presidential office says Hormuz troop deployment remains under review - Xinhua,20260904T070000Z,english.news.cn,English,,Strait of Hormuz,D1_초크포인트,2026-09-04
https://www.scmp.com/news/world/middle-east/article/3366297/us-probes-deadly-strike-iran-wedding-experts-link-us-munition,43264e80fbe4fc13fb5c96c8fdf87b4a,US probes deadly strike on Iran wedding that experts link to US munition,20260904T051500Z,scmp.com,English,China,Strait of Hormuz,D1_초크포인트,2026-09-04
https://www.washingtonexaminer.com/policy/energy-and-environment/4713717/diesel-prices-hit-record-high-wars-disrupt-supply/,3474e3f868395ac141c79a38d92dece6,Diesel prices hit record high as wars disrupt supply,20260904T144500Z,washingtonexaminer.com,English,United States,Strait of Hormuz,D1_초크포인트,2026-09-04
https://www.newser.com/story/395875/trump-slams-horrible-ruling-on-redistricting.html,5b03bc64bba6098c9e587dc60a481520,Trump Blasts Missouri Ruling on Redistricting,20260904T101500Z,newser.com,English,United States,Strait of Hormuz,D1_초크포인트,2026-09-04
https://wcyb.com/news/nation-world/democrats-chuck-schumer-wield-gas-price-spikes-as-sharp-midterm-election-weapons,41372aad58fb21cd6a8c195ec6feccaa,Democrats wield gas price spikes as sharp midterm weapons,20260904T210000Z,wcyb.com,English,United States,Strait of Hormuz,D1_초크포인트,2026-09-04
https://www.staradvertiser.com/2026/09/04/breaking-news/a-more-confident-iran-emerges-after-6-months-of-war-with-u-s/,9a6ecc295d1491825fa11f7e6a1ae80c,A more confident Iran emerges after 6 months of war with U . S . ,20260904T191500Z,staradvertiser.com,English,United States,Strait of Hormuz,D1_초크포인트,2026-09-04
https://www.israelnationalnews.com/news/432683,1a757c88a05aca97c7da1ae156ae4007,Vance : US wont talk to Iran until it stops attacking commercial ships,20260904T003000Z,israelnationalnews.com,English,Israel,Strait of Hormuz,D1_초크포인트,2026-09-04
https://jp.ibtimes.com/farmers-who-supported-trump-reportedly-verge-losing-billions-iran-war-enters-seventh-month-104137,68c7aac328557fe29dc3378f98656522,Farmers Who Supported Trump Reportedly on the Verge of Losing Billions as Iran War Enters Seventh Month,20260904T023000Z,jp.ibtimes.com,English,United States,Strait of Hormuz,D1_초크포인트,2026-09-04
https://morungexpress.com/us-prez-trump-says-iran-war-will-not-be-long,c358626c30ccea7b7ddcac16562836c2,US Prez Trump says Iran war  will not be long  | MorungExpress,20260904T060000Z,morungexpress.com,English,India,Strait of Hormuz,D1_초크포인트,2026-09-04
https://www.hurriyetdailynews.com/iran-hits-us-targets-as-washington-says-probing-wedding-strike-226438,5d546093abd55536ca2db4b28b3921ff,Iran hits US targets as Washington says probing wedding strike,20260904T070000Z,hurriyetdailynews.com,English,Turkey,Strait of Hormuz,D1_초크포인트,2026-09-04
https://www.zerohedge.com/commodities/grain-feeds-half-world-set-biggest-annual-gain-2003,97aba721edd58ac2315eb51c53a8bcf0,Grain That Feeds Half The World Set For Biggest Annual Gain Since 2003,20260904T100000Z,zerohedge.com,English,United States,Strait of Hormuz,D1_초크포인트,2026-09-04
https://www.middleeastmonitor.com/20260904-iran-says-much-of-oil-gas-refining-capacity-damaged-in-us-israeli-attacks-rebuilt/,c0c3075d97b67b35ff7e2107f8c903e8,"Iran says much of oil , gas refining capacity damaged in US - Israeli attacks rebuilt",20260904T201500Z,middleeastmonitor.com,English,Israel,Strait of Hormuz,D1_초크포인트,2026-09-04
https://upnorthlive.com/news/nation-world/democrats-chuck-schumer-wield-gas-price-spikes-as-sharp-midterm-election-weapons,f39d4280f3e19c042b3da555eae08b3a,Democrats wield gas price spikes as sharp midterm weapons,20260904T200000Z,upnorthlive.com,English,United States,Strait of Hormuz,D1_초크포인트,2026-09-04
https://ianslive.in/no-iran-talks-until-ship-attacks-stop-us--20260904030903,da279a1d522038b12c28734a1fd4cf2e,No Iran talks until ship attacks stop : US,20260904T044500Z,ianslive.in,English,India,Strait of Hormuz,D1_초크포인트,2026-09-04
https://www.fool.com/earnings/call-transcripts/2026/09/04/bw-lpg-bwlp-q2-2026-earnings-call-transcript/?source=iedfolrf0000001,9f06a94625e3fd9c21640e68a7a4f8a2,BW LPG ( BWLP ) Q2 2026 Earnings Call Transcript,20260904T124500Z,fool.com,English,United States,Strait of Hormuz,D1_초크포인트,2026-09-04
https://www.yahoo.com/news/politics/articles/trump-says-iran-conflict-killed-190751157.html,49c26da0bab623bab0aefadd02bf2e7f,"Trump says Iran conflict , which has killed 18 US service members and injured hundreds more , is  small potatoes  ",20260904T204500Z,yahoo.com,English,United States,Strait of Hormuz,D1_초크포인트,2026-09-04
https://jetradio1400.iheart.com/content/2026-09-04-vance-extremely-skeptical-of-iranian-wedding-deaths/,5f6e4aa856b843d7bbd2765cbf6caa32,Vance  Extremely Skeptical  Of Iranian Wedding Deaths,20260904T084500Z,jetradio1400.iheart.com,English,United States,Strait of Hormuz,D1_초크포인트,2026-09-04
https://kste.iheart.com/content/2026-09-04-vance-extremely-skeptical-of-iranian-wedding-deaths/,314d967a523618f42b17a8cef827a68a,Vance  Extremely Skeptical  Of Iranian Wedding Deaths,20260904T084500Z,kste.iheart.com,English,United States,Strait of Hormuz,D1_초크포인트,2026-09-04
https://twincitiesnewstalk.iheart.com/content/2026-09-04-vance-extremely-skeptical-of-iranian-wedding-deaths/,82e60f002048e925e0fabc640569ddea,Vance  Extremely Skeptical  Of Iranian Wedding Deaths,20260904T090000Z,twincitiesnewstalk.iheart.com,English,United States,Strait of Hormuz,D1_초크포인트,2026-09-04
https://1150wima.iheart.com/content/2026-09-04-vance-extremely-skeptical-of-iranian-wedding-deaths/,0c11ba93fdc32fd7ba98a3b103222358,Vance  Extremely Skeptical  Of Iranian Wedding Deaths,20260904T090000Z,1150wima.iheart.com,English,United States,Strait of Hormuz,D1_초크포인트,2026-09-04
https://wbex.iheart.com/content/2026-09-04-vance-extremely-skeptical-of-iranian-wedding-deaths/,f4e106a02677d79a96f06830b562f634,Vance  Extremely Skeptical  Of Iranian Wedding Deaths,20260904T080000Z,wbex.iheart.com,English,United States,Strait of Hormuz,D1_초크포인트,2026-09-04
https://khvhradio.iheart.com/content/2026-09-04-vance-extremely-skeptical-of-iranian-wedding-deaths/,b12d829a4916761dbbe3b94189042f44,Vance  Extremely Skeptical  Of Iranian Wedding Deaths,20260904T084500Z,khvhradio.iheart.com,English,United States,Strait of Hormuz,D1_초크포인트,2026-09-04
https://wiod.iheart.com/content/2026-09-04-vance-extremely-skeptical-of-iranian-wedding-deaths/,4f52e5cb1189d3271f3a4fddb1c1b401,Vance  Extremely Skeptical  Of Iranian Wedding Deaths,20260904T084500Z,wiod.iheart.com,English,United States,Strait of Hormuz,D1_초크포인트,2026-09-04
https://700wlw.iheart.com/content/2026-09-04-vance-extremely-skeptical-of-iranian-wedding-deaths/,116674f18b70a0904c875ea18e6419dd,Vance  Extremely Skeptical  Of Iranian Wedding Deaths,20260904T084500Z,700wlw.iheart.com,English,United States,Strait of Hormuz,D1_초크포인트,2026-09-04
https://newsradio1049.iheart.com/content/2026-09-04-vance-extremely-skeptical-of-iranian-wedding-deaths/,5c9eeca3630d4ef75a7ffac9e410d7da,Vance  Extremely Skeptical  Of Iranian Wedding Deaths,20260904T084500Z,newsradio1049.iheart.com,English,United States,Strait of Hormuz,D1_초크포인트,2026-09-04
https://kwhn.iheart.com/content/2026-09-04-vance-extremely-skeptical-of-iranian-wedding-deaths/,f661f0be29da7d50d74391a761988bd1,Vance  Extremely Skeptical  Of Iranian Wedding Deaths,20260904T090000Z,kwhn.iheart.com,English,United States,Strait of Hormuz,D1_초크포인트,2026-09-04
https://ktsmradio.iheart.com/content/2026-09-04-vance-extremely-skeptical-of-iranian-wedding-deaths/,fb2a66d2cfd79bdc489449376e9c2177,Vance  Extremely Skeptical  Of Iranian Wedding Deaths,20260904T083000Z,ktsmradio.iheart.com,English,United States,Strait of Hormuz,D1_초크포인트,2026-09-04
https://wmeq.iheart.com/content/2026-09-04-vance-extremely-skeptical-of-iranian-wedding-deaths/,c1546c018d0d3b519376cfff667d9371,Vance  Extremely Skeptical  Of Iranian Wedding Deaths | NewsTalk WMEQ,20260904T091500Z,wmeq.iheart.com,English,United States,Strait of Hormuz,D1_초크포인트,2026-09-04
https://talk1200boston.iheart.com/content/2026-09-04-vance-extremely-skeptical-of-iranian-wedding-deaths/,50343a537fd1506a688ce588afaf05ac,Vance  Extremely Skeptical  Of Iranian Wedding Deaths,20260904T093000Z,talk1200boston.iheart.com,English,United States,Strait of Hormuz,D1_초크포인트,2026-09-04
https://wtag.iheart.com/content/2026-09-04-vance-extremely-skeptical-of-iranian-wedding-deaths/,380b2768d67a671963b8e518c0d97946,Vance  Extremely Skeptical  Of Iranian Wedding Deaths,20260904T093000Z,wtag.iheart.com,English,United States,Strait of Hormuz,D1_초크포인트,2026-09-04
https://wgy.iheart.com/content/2026-09-04-vance-extremely-skeptical-of-iranian-wedding-deaths/,018622a60cd422bb70a8628db2aa5a87,Vance  Extremely Skeptical  Of Iranian Wedding Deaths | News Radio 103 . 1 and 810 WGY,20260904T093000Z,wgy.iheart.com,English,United States,Strait of Hormuz,D1_초크포인트,2026-09-04
https://720thevoice.iheart.com/content/2026-09-04-vance-extremely-skeptical-of-iranian-wedding-deaths/,16645f71695ff3fbea69dbb1b54a1e7d,Vance  Extremely Skeptical  Of Iranian Wedding Deaths,20260904T093000Z,720thevoice.iheart.com,English,United States,Strait of Hormuz,D1_초크포인트,2026-09-04
https://wsyr.iheart.com/content/2026-09-04-vance-extremely-skeptical-of-iranian-wedding-deaths/,fd0cad8a86972ecaa6ff60ead8b2f579,Vance  Extremely Skeptical  Of Iranian Wedding Deaths,20260904T093000Z,wsyr.iheart.com,English,United States,Strait of Hormuz,D1_초크포인트,2026-09-04
https://whyn.iheart.com/content/2026-09-04-vance-extremely-skeptical-of-iranian-wedding-deaths/,638be39ce4cc78380738f16e6055bf5c,Vance  Extremely Skeptical  Of Iranian Wedding Deaths,20260904T093000Z,whyn.iheart.com,English,United States,Strait of Hormuz,D1_초크포인트,2026-09-04
https://kfab.iheart.com/content/2026-09-04-vance-extremely-skeptical-of-iranian-wedding-deaths/,ddd219b6a79944d901e615405e8d9bbe,Vance  Extremely Skeptical  Of Iranian Wedding Deaths,20260904T093000Z,kfab.iheart.com,English,United States,Strait of Hormuz,D1_초크포인트,2026-09-04
https://khow.iheart.com/content/2026-09-04-vance-extremely-skeptical-of-iranian-wedding-deaths/,c51d15d6f2f7a7a4c564d3abeab91192,Vance  Extremely Skeptical  Of Iranian Wedding Deaths,20260904T094500Z,khow.iheart.com,English,United States,Strait of Hormuz,D1_초크포인트,2026-09-04
https://newsradio540.iheart.com/content/2026-09-04-vance-extremely-skeptical-of-iranian-wedding-deaths/,582e8534e331b27a8390cec1f69b0128,Vance  Extremely Skeptical  Of Iranian Wedding Deaths,20260904T094500Z,newsradio540.iheart.com,English,United States,Strait of Hormuz,D1_초크포인트,2026-09-04
https://wiba.iheart.com/content/2026-09-04-vance-extremely-skeptical-of-iranian-wedding-deaths/,d7ad48879122e017432c1c4ad619a73e,Vance  Extremely Skeptical  Of Iranian Wedding Deaths,20260904T094500Z,wiba.iheart.com,English,United States,Strait of Hormuz,D1_초크포인트,2026-09-04
https://800wvhu.iheart.com/content/2026-09-04-vance-extremely-skeptical-of-iranian-wedding-deaths/,5cba437fb55ca62cb8516051cc53ee56,Vance  Extremely Skeptical  Of Iranian Wedding Deaths,20260904T094500Z,800wvhu.iheart.com,English,United States,Strait of Hormuz,D1_초크포인트,2026-09-04
https://wrko.iheart.com/content/2026-09-04-vance-extremely-skeptical-of-iranian-wedding-deaths/,9d2b6e78e9046ecbbe545c6db9e422a5,Vance  Extremely Skeptical  Of Iranian Wedding Deaths,20260904T094500Z,wrko.iheart.com,English,United States,Strait of Hormuz,D1_초크포인트,2026-09-04
https://wercfm.iheart.com/content/2026-09-04-vance-extremely-skeptical-of-iranian-wedding-deaths/,d0950a3c3ca47ae0d1d4f05b90146613,Vance  Extremely Skeptical  Of Iranian Wedding Deaths,20260904T094500Z,wercfm.iheart.com,English,United States,Strait of Hormuz,D1_초크포인트,2026-09-04
https://newsradio710.iheart.com/content/2026-09-04-vance-extremely-skeptical-of-iranian-wedding-deaths/,bbb2bfec5dc0c651d866a372143e4f72,Vance  Extremely Skeptical  Of Iranian Wedding Deaths,20260904T091500Z,newsradio710.iheart.com,English,United States,Strait of Hormuz,D1_초크포인트,2026-09-04
https://wham1180.iheart.com/content/2026-09-04-vance-extremely-skeptical-of-iranian-wedding-deaths/,bac6089aa9dcf240644b2707790a0771,Vance  Extremely Skeptical  Of Iranian Wedding Deaths,20260904T091500Z,wham1180.iheart.com,English,United States,Strait of Hormuz,D1_초크포인트,2026-09-04
https://koacolorado.iheart.com/content/2026-09-04-vance-extremely-skeptical-of-iranian-wedding-deaths/,d582cb441ab93f91c6dc82ecd80ca5ac,Vance  Extremely Skeptical  Of Iranian Wedding Deaths,20260904T090000Z,koacolorado.iheart.com,English,United States,Strait of Hormuz,D1_초크포인트,2026-09-04
https://newsradio910wltp.iheart.com/content/2026-09-04-vance-extremely-skeptical-of-iranian-wedding-deaths/,19f8740978a209dda77930b58bbc6ef2,Vance  Extremely Skeptical  Of Iranian Wedding Deaths,20260904T101500Z,newsradio910wltp.iheart.com,English,United States,Strait of Hormuz,D1_초크포인트,2026-09-04
https://wsfcam.iheart.com/content/2026-09-04-vance-extremely-skeptical-of-iranian-wedding-deaths/,4f0cb66640a9436566b0b46bde5c1b62,Vance  Extremely Skeptical  Of Iranian Wedding Deaths,20260904T101500Z,wsfcam.iheart.com,English,United States,Strait of Hormuz,D1_초크포인트,2026-09-04
https://wjno.iheart.com/content/2026-09-04-vance-extremely-skeptical-of-iranian-wedding-deaths/,7d666c1e86cac7bc22cc71d8f9e82934,Vance  Extremely Skeptical  Of Iranian Wedding Deaths,20260904T101500Z,wjno.iheart.com,English,United States,Strait of Hormuz,D1_초크포인트,2026-09-04
https://kxic.iheart.com/content/2026-09-04-vance-extremely-skeptical-of-iranian-wedding-deaths/,d5342d22364fb90830df1d8654e8f975,Vance  Extremely Skeptical  Of Iranian Wedding Deaths,20260904T100000Z,kxic.iheart.com,English,United States,Strait of Hormuz,D1_초크포인트,2026-09-04
https://790waeb.iheart.com/content/2026-09-04-vance-extremely-skeptical-of-iranian-wedding-deaths/,6af8b245715dc60989e11a15e096769b,Vance  Extremely Skeptical  Of Iranian Wedding Deaths,20260904T100000Z,790waeb.iheart.com,English,United States,Strait of Hormuz,D1_초크포인트,2026-09-04
https://kfbk.iheart.com/content/2026-09-04-vance-extremely-skeptical-of-iranian-wedding-deaths/,8b58d0b00b2d2a271b74ece8d4492067,Vance  Extremely Skeptical  Of Iranian Wedding Deaths,20260904T100000Z,kfbk.iheart.com,English,United States,Strait of Hormuz,D1_초크포인트,2026-09-04
https://newstalk1130.iheart.com/content/2026-09-04-vance-extremely-skeptical-of-iranian-wedding-deaths/,790c811d3b8a7da74b34cf27b73e34fe,Vance  Extremely Skeptical  Of Iranian Wedding Deaths,20260904T124500Z,newstalk1130.iheart.com,English,United States,Strait of Hormuz,D1_초크포인트,2026-09-04
https://600wmtradio.iheart.com/content/2026-09-04-vance-extremely-skeptical-of-iranian-wedding-deaths/,00a723be68d680d7f97c40e21d80997b,Vance  Extremely Skeptical  Of Iranian Wedding Deaths,20260904T124500Z,600wmtradio.iheart.com,English,United States,Strait of Hormuz,D1_초크포인트,2026-09-04
https://powertalk967.iheart.com/content/2026-09-04-vance-extremely-skeptical-of-iranian-wedding-deaths/,1ddc106f302053d91344b1b834cc573e,Vance  Extremely Skeptical  Of Iranian Wedding Deaths,20260904T091500Z,powertalk967.iheart.com,English,United States,Strait of Hormuz,D1_초크포인트,2026-09-04
https://600kcol.iheart.com/content/2026-09-04-vance-extremely-skeptical-of-iranian-wedding-deaths/,9c1f2db90b14f315be14eb3afc702601,Vance  Extremely Skeptical  Of Iranian Wedding Deaths,20260904T080000Z,600kcol.iheart.com,English,United States,Strait of Hormuz,D1_초크포인트,2026-09-04
https://powertalk1460.iheart.com/content/2026-09-04-vance-extremely-skeptical-of-iranian-wedding-deaths/,1206676bbafad24d3b4a2c6a3557223c,Vance  Extremely Skeptical  Of Iranian Wedding Deaths | PowerTalk 1460 AM & 101 . 1 FM,20260904T080000Z,powertalk1460.iheart.com,English,United States,Strait of Hormuz,D1_초크포인트,2026-09-04
https://newstalk1230.iheart.com/content/2026-09-04-vance-extremely-skeptical-of-iranian-wedding-deaths/,41c486818503d489d34fcf8ee83ccbda,Vance  Extremely Skeptical  Of Iranian Wedding Deaths,20260904T080000Z,newstalk1230.iheart.com,English,United States,Strait of Hormuz,D1_초크포인트,2026-09-04
https://wrak.iheart.com/content/2026-09-04-vance-extremely-skeptical-of-iranian-wedding-deaths/,387dc9df4af50cb1476a44cc0f12ebf6,Vance  Extremely Skeptical  Of Iranian Wedding Deaths,20260904T080000Z,wrak.iheart.com,English,United States,Strait of Hormuz,D1_초크포인트,2026-09-04
https://wbhpam.iheart.com/content/2026-09-04-vance-extremely-skeptical-of-iranian-wedding-deaths/,551dea9a58e2d915032cdfca53155272,Vance  Extremely Skeptical  Of Iranian Wedding Deaths,20260904T080000Z,wbhpam.iheart.com,English,United States,Strait of Hormuz,D1_초크포인트,2026-09-04
https://www.philstar.com/business/2026/09/04/2554013/doe-urges-motorists-gas-weekend-oil-price-hike,2f3e09a5bdd9ab8badc216226540ff7d,DOE urges motorists : Gas up this weekend before oil price hike,20260904T051500Z,philstar.com,English,Philippines,Strait of Hormuz,D1_초크포인트,2026-09-04
https://www.haaretz.com/israel-news/israel-security/2026-09-04/ty-article-live/police-terrorist-neutralized-after-trying-to-attack-forces-in-jlem-old-city/000001a0-6a21-d1e9-ade0-fbf343520000,74331b568152e1d3b758508242c0a38b,Israeli Police : Terrorist Neutralized After Attempting to Attack Forces in Jerusalem Old City,20260904T033000Z,haaretz.com,English,Israel,Strait of Hormuz,D1_초크포인트,2026-09-04
https://komonews.com/news/local/labor-day-road-trips-northwest-gas-prices-high-seattle-aaa-washington-iran-war-strait-of-hormuz-fuel-oil-supply-regular-unleaded-dwindling-supplies,fdc34f050fa2aed7569dcc60affd111c,"AAA warns Northwest travelers of steep Labor Day weekend gas , travel costs",20260904T161500Z,komonews.com,English,United States,Strait of Hormuz,D1_초크포인트,2026-09-04
https://www.yahoo.com/news/articles/us-probes-iran-wedding-strike-235700084.html,55d4466b254fd58fce158569b9d5ab00,US probes Iran wedding strike that analysis shows was likely direct hit by US munition,20260904T004500Z,yahoo.com,English,United States,Strait of Hormuz,D1_초크포인트,2026-09-04
https://www.aljazeera.com/news/2026/9/3/us-vice-president-jd-vance-declines-to-offer-timeline-for-end-of-iran-war,49c1b6121ace99817beb78a78a9f70aa,US Vice President JD Vance declines to offer timeline for end of Iran war,20260904T004500Z,aljazeera.com,English,United States,Strait of Hormuz,D1_초크포인트,2026-09-04
https://www.thestar.com.my/news/world/2026/09/04/iran-hits-us-targets-as-washington-says-probing-wedding-strike,60b00c18e7eaf2ccd5f6c4a0c67e7f37,Iran hits US targets as Washington says probing wedding strike,20260904T020000Z,thestar.com.my,English,Malaysia,Strait of Hormuz,D1_초크포인트,2026-09-04
https://www.middleeasteye.net/live-blog/live-blog-update/morning-update-617,4c940c89dcef88ff9fd2825599f2d46c,Morning update,20260904T070000Z,middleeasteye.net,English,Israel,Strait of Hormuz,D1_초크포인트,2026-09-04
https://torontosun.com/news/world/howard-lutnick-apologizes-us-deaths-iran-war,75e5fa8c519228fdbbbf943d217ac450,Howard Lutnick apologizes after saying no deaths in Iran war,20260904T000000Z,torontosun.com,English,Canada,Strait of Hormuz,D1_초크포인트,2026-09-04
https://lancasteronline.com/news/world/israel-releases-more-lebanese-prisoners-a-shipping-slowdown-and-other-mideast-news/article_7dd4492c-b554-53c6-ad71-6b438ead9051.html,3b32cf1dee5c3abd9229a3201e0dc728,"Israel releases more Lebanese prisoners , a shipping slowdown and other Mideast news",20260904T161500Z,lancasteronline.com,English,United States,Strait of Hormuz,D1_초크포인트,2026-09-04
https://www.jacarandafm.com/news/news/iran-hits-us-as-washington-probing-wedding-strike/,69b4863eeeece16d36d5a08d40c839f9,Iran hits US targets as Washington says probing wedding strike,20260904T080000Z,jacarandafm.com,English,South Africa,Strait of Hormuz,D1_초크포인트,2026-09-04
https://krcrtv.com/news/nation-world/vance-briefs-press-on-iran-i-wouldnt-call-it-a-war-pete-hegseth-vice-president,768ca17470144d1b3ee4229412160725,Redding Chico Eureka,20260904T001500Z,krcrtv.com,English,United States,Strait of Hormuz,D1_초크포인트,2026-09-04
https://bworldonline.com/world/2026/09/04/774648/us-probes-iran-wedding-strike-that-analysis-shows-was-likely-direct-hit-by-us-munition/,2b6f13b5fedd4278ec6aecc93a5ab275,US probes Iran wedding strike that analysis shows was likely direct hit by US munition,20260904T041500Z,bworldonline.com,English,Philippines,Strait of Hormuz,D1_초크포인트,2026-09-04
https://finance.yahoo.com/energy/articles/opec-set-hold-oil-output-171952611.html,0dce3178f25be6119d98e8cee05987cb,OPEC+ Set to Hold Oil Output Steady as Iran War Disrupts Supply,20260904T044500Z,finance.yahoo.com,English,United States,Strait of Hormuz,D1_초크포인트,2026-09-04
https://timesofindia.indiatimes.com/city/goa/french-frigate-wraps-up-mormugao-stopover-during-red-seaindian-ocean-deployment/articleshow/133776544.cms,a390d38ceb338b7670310424a4b9abfd,French frigate wraps up Mormugao stopover during Red Sea – Indian Ocean deployment,20260904T200000Z,timesofindia.indiatimes.com,English,India,Strait of Hormuz,D1_초크포인트,2026-09-04
https://www.thenews.com.pk/latest/1414825-china-emerges-as-oil-market-stabiliser-as-opec-influence-fades-russia,bf83c9b108513c600892874128dd846f,China emerges as oil market  stabiliser  as OPEC influence fades : Russia,20260904T090000Z,thenews.com.pk,English,Pakistan,Strait of Hormuz,D1_초크포인트,2026-09-04
https://oilprice.com/Latest-Energy-News/World-News/Brent-Nears-96-as-Iran-Conflict-Keeps-Oil-Market-on-Edge.html,df8eb90c12a679abb66860b98e3e150a,Brent Nears $96 as Iran Conflict Keeps Oil Market on Edge,20260904T060000Z,oilprice.com,English,United States,Strait of Hormuz,D1_초크포인트,2026-09-04
https://www.moneycontrol.com/world/jd-vance-refuses-timeline-for-ending-iran-conflict-i-wouldn-t-call-it-a-war-article-14022456.html,48a64a8627d4eed39463ce28ff6c27a4,JD Vance refuses timeline for ending Iran conflict :  I wouldnt call it a war  ,20260904T040000Z,moneycontrol.com,English,India,Strait of Hormuz,D1_초크포인트,2026-09-04
https://www.marketplace.org/story/2026/09/03/chevron-invests-7-billion-in-venezuelan-oil,6d20569d3305267f8eafdc5c6658fae0,Chevron invests $7 billion in Venezuelan oil,20260904T001500Z,marketplace.org,English,United States,Strait of Hormuz,D1_초크포인트,2026-09-04
https://www.dailysabah.com/world/mid-east/us-probes-iran-wedding-strike-likely-caused-by-american-munition,49276ff90c2279da9bada155092cb068,US probes Iran wedding strike likely caused by American munition,20260904T090000Z,dailysabah.com,English,Turkey,Strait of Hormuz,D1_초크포인트,2026-09-04
https://www.canberratimes.com.au/story/9343565/us-probes-iran-wedding-strike-as-families-grieve/,29f643403c1bdaf304c464458d751429,US probes Iran wedding strike as families grieve,20260904T060000Z,canberratimes.com.au,English,Australia,Strait of Hormuz,D1_초크포인트,2026-09-04
https://www.cinaradio.com/2026/09/03/all-options-against-iran-on-table-including-covert-pressure-jd-vance/,113483142a6522995f8de901dd2e5266,"All Options Against Iran  On Table , Including Covert Pressure : JD Vance",20260904T031500Z,cinaradio.com,English,India,Strait of Hormuz,D1_초크포인트,2026-09-04
https://www.theepochtimes.com/china/as-chinas-xi-seeks-security-partnership-with-egypt-analysts-warn-of-ccps-attempt-to-undermine-us-influence-6083241,a994311990c525971f0a76d1115de35c,"As China Xi Seeks Security Partnership With Egypt , Analysts Warn of CCP Attempt to Undermine US Influence",20260904T020000Z,theepochtimes.com,English,United States,Strait of Hormuz,D1_초크포인트,2026-09-04
https://www.manilatimes.net/2026/09/04/world/americas-emea/iran-hits-us-targets-as-washington-says-probing-wedding-strike/2418475,d0ab609e3adcdf4699878d88b1bbc577,Iran hits US targets as Washington says probing wedding strike,20260904T014500Z,manilatimes.net,English,Philippines,Strait of Hormuz,D1_초크포인트,2026-09-04
https://www.middleeastmonitor.com/20260904-iran-shifting-military-doctrine-toward-preemptive-attack-army-spokesman/,dadd74b1e2ca59ec73661decbf53b071,Iran shifting military doctrine toward preemptive attack : Army spokesman,20260904T191500Z,middleeastmonitor.com,English,Israel,Strait of Hormuz,D1_초크포인트,2026-09-04
https://www.middle-east-online.com/en/king-charles-host-sultan-haitham-amid-rising-middle-east-tensions,e1a6502e05c0d34aae6672dc7d50c27c,King Charles to host Sultan Haitham amid rising Middle East tensions,20260904T091500Z,middle-east-online.com,English,Iraq,Strait of Hormuz,D1_초크포인트,2026-09-04
https://www.chennaionline.com/news/us-vice-president-vance-downplays-iran-conflict-as-not-a-war/,9fc1090e89508b8d8374f3d6858b30c1,U . S . Vice President Vance Downplays Iran Conflict as  Not a War  – Chennaionline,20260904T043000Z,chennaionline.com,English,India,Strait of Hormuz,D1_초크포인트,2026-09-04
https://www.jns.org/news/israel-news/netanyahu-toppling-irans-regime-within-reach,04302171eeda0295d67d8f4f98632880,Netanyahu : Toppling Iran regime  within reach  - Israel & Jewish News,20260904T084500Z,jns.org,English,Israel,Strait of Hormuz,D1_초크포인트,2026-09-04
https://www.thehindu.com/business/markets/rupee-rises-5-paise-to-9446-against-us-dollar-in-early-trade/article71427139.ece,f80c2bb1eb91627710a3461146fe7c39,Rupee rises 5 paise to 94 . 46 against U . S . dollar in early trade,20260904T060000Z,thehindu.com,English,India,Strait of Hormuz,D1_초크포인트,2026-09-04
https://arynews.tv/oil-set-for-steepest-weekly-gain-since-mid-july-fuelled-by-us-iran-clashes,dc362342e24e6d63ac4dff9c4f8e0ed8,"Oil set for steepest weekly gain since mid - July , fuelled by US - Iran clashes",20260904T070000Z,arynews.tv,English,Pakistan,Strait of Hormuz,D1_초크포인트,2026-09-04
https://www.deccanchronicle.com/business/economics/rupee-gains-5-paise-to-9446-against-us-dollar-1984727,0d9b915e169f4b4d5fca171917ed084c,Rupee Gains 5 Paise To 94 . 46 Against US Dollar,20260904T070000Z,deccanchronicle.com,English,India,Strait of Hormuz,D1_초크포인트,2026-09-04
https://www.thehindubusinessline.com/markets/forex/rupee-rises-5-paise-to-9446-against-us-dollar-in-early-trade/article71427022.ece,f29c435c731fdca9465de51e98bcba76,Rupee rises 5 paise to 94 . 46 against US dollar in early trade,20260904T070000Z,thehindubusinessline.com,English,India,Strait of Hormuz,D1_초크포인트,2026-09-04
https://www.businesstoday.in/latest/economy/story/lpg-cng-png-prices-today-september-4-check-latest-rates-in-delhi-mumbai-kolkata-other-cities-553303-2026-09-04,85ec845ac3de2053bd6c1f6ef3c8605b,"LPG , CNG , PNG prices today , September 4 : Check latest rates in Delhi , Mumbai , Kolkata , other cities",20260904T044500Z,businesstoday.in,English,India,Strait of Hormuz,D1_초크포인트,2026-09-04
https://nationalpost.com/news/world/south-korea-iran-strait-hormuz,92eed324b69adb4e2cffce1fe91f8e0d,South Korea prepares to send navy ship to Strait of Hormuz : reports,20260904T060000Z,nationalpost.com,English,Canada,Strait of Hormuz,D1_초크포인트,2026-09-04
https://bakersfieldnow.com/news/nation-world/democrats-chuck-schumer-wield-gas-price-spikes-as-sharp-midterm-election-weapons,571144cd3775eb1b9c0b734db0f9c27a,Democrats wield gas price spikes as sharp midterm weapons,20260904T191500Z,bakersfieldnow.com,English,United States,Strait of Hormuz,D1_초크포인트,2026-09-04
https://www.finanznachrichten.de/nachrichten-2026-09/69500218-gold-tumbles-as-u-s-jobs-report-boosts-rate-hike-expectations-020.htm,89a9e73739497d907fe8b515e9ea7219,Gold Tumbles As U . S . Jobs Report Boosts Rate Hike Expectations,20260904T183000Z,finanznachrichten.de,English,Germany,Strait of Hormuz,D1_초크포인트,2026-09-04
https://www.fox10phoenix.com/news/diesel-prices-reach-all-time-record-high-5-85-nationwide,cb43a66bc49ca1a7b702c26c9128cc21,National average price for diesel reaches all - time high at $5 . 85 a gallon,20260904T184500Z,fox10phoenix.com,English,United States,Strait of Hormuz,D1_초크포인트,2026-09-04
https://www.ktvu.com/news/diesel-prices-reach-all-time-record-high-5-85-nationwide,d0e58e201cabcf2db2dfdd826e1ae5f2,National average price for diesel reaches all - time high at $5 . 85 a gallon,20260904T191500Z,ktvu.com,English,United States,Strait of Hormuz,D1_초크포인트,2026-09-04
https://www.khaama.com/israel-threatens-fresh-strikes-on-irans-energy-and-civilian-infrastructure/,0076cff8af2884a7e4f2778a6981592b,Israel Threatens Fresh Strikes on Iran Energy and Civilian Infrastructure,20260904T084500Z,khaama.com,English,Afghanistan,Strait of Hormuz,D1_초크포인트,2026-09-04
https://www.fox9.com/news/diesel-prices-reach-all-time-record-high-5-85-nationwide,1e4d361d9fcec15c4565ac4b384c0908,National average price for diesel reaches all - time high at $5 . 85 a gallon,20260904T180000Z,fox9.com,English,United States,Strait of Hormuz,D1_초크포인트,2026-09-04
https://finance.yahoo.com/energy/articles/nat-gas-prices-rise-hotter-191347980.html,92cd8ee0653a3803cc4d23f56eb7bebb,Nat - Gas Prices Rise on Hotter US Weather and Expectations of Smaller Storage,20260904T071500Z,finance.yahoo.com,English,United States,Strait of Hormuz,D1_초크포인트,2026-09-04
https://timesofindia.indiatimes.com/business/international-business/oil-heads-for-biggest-weekly-gain-since-july-as-middle-east-tensions-flare/articleshow/133750423.cms,8c8fa9b7c0a3e14d873f60cc8b69a202,Oil heads for biggest weekly gain since July as Middle East tensions flare,20260904T040000Z,timesofindia.indiatimes.com,English,India,Strait of Hormuz,D1_초크포인트,2026-09-04
https://www.independent.co.uk/news/world/americas/us-politics/trump-iran-diesel-fuel-prices-b3044706.html,53d607a88edcac32781658dcf3e52c1b,Trump faces Iran war nightmare as diesel hits record $5 . 85,20260904T124500Z,independent.co.uk,English,United Kingdom,Strait of Hormuz,D1_초크포인트,2026-09-04
https://tribune.com.pk/story/2627403/oil-set-for-steepest-weekly-gain-since-mid-july-fuelled-by-us-iran-clashes,47c17f5bfc831bbab9956fecccf55d05,"Oil set for steepest weekly gain since mid - July , fuelled by US - Iran clashes",20260904T093000Z,tribune.com.pk,English,Pakistan,Strait of Hormuz,D1_초크포인트,2026-09-04
https://www.thedailystar.net/news/politics/news/give-alternative-resolving-the-gas-and-electricity-crisis-rizvi-opposition-4264966,fb3b65244425d0a6535191d45a110385, [ Give an alternative for resolving the gas and electricity crisi : Rizvi to opposition ] ,20260904T204500Z,thedailystar.net,English,Bangladesh,Strait of Hormuz,D1_초크포인트,2026-09-04
https://www.moneycontrol.com/world/short-harder-champ-iran-s-ghalibaf-taunts-bessent-warns-about-us-oil-reserves-article-14022368.html,894f9b287e2025c0fcb588fba4ddb702,"  Short harder , champ : Iran Ghalibaf taunts Bessent , warns about US oil reserves",20260904T040000Z,moneycontrol.com,English,India,Strait of Hormuz,D1_초크포인트,2026-09-04
https://sana.sy/en/middle-east/2340384/,313ea4ac70d02d1b7b3d4d1182792711,Nearly 50 Houthi militia members killed or wounded in clashes west of Taiz,20260904T101500Z,sana.sy,English,Syria,Houthi,D7_행위자,2026-09-04
https://www.dailysabah.com/world/mid-east/yemen-forces-retake-strategic-position-from-houthis-near-taiz,c783e02a83d4e300e4762c0ac296ba60,Yemen forces retake strategic position from Houthis near Taiz,20260904T210000Z,dailysabah.com,English,Turkey,Houthi,D7_행위자,2026-09-04
https://www.okaz.com.sa/politics/na/2264398,3f0ff40a70337c17d4bcbc0b3c84461c,جراء القصف الحوثي العشوائي للقرى السكنية .. تهجير 974 أسرة في تعز والحديدة,20260904T144500Z,okaz.com.sa,English,Saudi Arabia,Houthi,D7_행위자,2026-09-04
https://www.siasat.com/at-least-25-killed-as-major-houthi-assault-rocks-yemens-taiz-3536064/,3e4fa715a40a2894cb3be603508579a8,At least 25 killed as major Houthi assault rocks Yemen Taiz,20260904T070000Z,siasat.com,English,India,Houthi,D7_행위자,2026-09-04
https://www.yahoo.com/news/world/articles/fighting-western-yemen-intensifies-hundreds-141841607.html,caadeb4313364ef0dad311e23f1862ad,Fighting in western Yemen intensifies as hundreds flee,20260904T151500Z,yahoo.com,English,United States,Houthi,D7_행위자,2026-09-04
https://www.okaz.com.sa/politics/na/2264331,34976dbc6019acdfd01cd6dc90f59873,القوات اليمنية تقصف مواقع الحوثي في الجوف .. والعليمي يتابع التصعيد مع طارق صالح,20260904T020000Z,okaz.com.sa,English,Saudi Arabia,Houthi,D7_행위자,2026-09-04
https://www.newindianexpress.com/world/2026/Sep/04/clashes-between-houthi-rebels-and-yemen-government-forces-leave-81-killed-since-september-3,0721e6b2115dbd1a340b2f2bbca12ff0,Clashes between Houthi rebels and Yemen government Forces leave 81 killed since September 3,20260904T094500Z,newindianexpress.com,English,India,Houthi,D7_행위자,2026-09-04
https://www.pakistantoday.com.pk/2026/09/04/more-than-80-killed-in-yemen-clashes-since-thursday-sources,4843a6d3cba7ae06090b80ffb7499e7f,More than 80 killed in Yemen clashes since Thursday : sources,20260904T194500Z,pakistantoday.com.pk,English,Pakistan,Houthi,D7_행위자,2026-09-04
https://www.arabnews.com/middle-east/yemeni-government-forces-push-back-against-houthi-offensive-in-taiz-hodeidah-3000519,bc1cf1dcccdda894f9468d307b7b8d2e,"Arab News | Yemeni government forces push back against Houthi offensive in Taiz , Hodeidah",20260904T161500Z,arabnews.com,English,Saudi Arabia,Houthi,D7_행위자,2026-09-04
https://www.aljazeera.com/news/2026/9/4/houthi-attacks-on-yemens-taiz-escalate-triggering-new-displacement-wave,281d8afed31ce23fddc8dbafde26ab95,"Houthi attacks on Yemen Taiz escalate , triggering new displacement wave | Houthis News",20260904T084500Z,aljazeera.com,English,United States,Houthi,D7_행위자,2026-09-04
https://www.dw.com/en/houthis-yemen-fighting-intensifies/a-79039588,fb13ec3d2aa496ee566ada6863cdd72a,Yemen : Fighting intensifies amid Houthi push in the west,20260904T200000Z,dw.com,English,Germany,Houthi,D7_행위자,2026-09-04
https://www.manilatimes.net/2026/09/05/world/americas-emea/81-dead-as-yemens-houthis-push-toward-key-strait/2418876,176fbb74510e8b64a7127f128e9253f5,81 dead as Yemen Houthis push toward key strait,20260904T181500Z,manilatimes.net,English,Philippines,Houthi,D7_행위자,2026-09-04
https://www.khabaragency.net/news252417.html,8d7796875f9e70ac93d16df8e0c1f3f0,National Resistance Forces Repel Houthi Attacks and Down Three Drones in Taiz and Hodeidah,20260904T003000Z,khabaragency.net,English,Yemen,Houthi,D7_행위자,2026-09-04
https://dominicanrepublicpost.com/yemens-army-says-recaptured-key-territory-as-clashes-with-houthis-continue/,10ccba96a9d4a6db6430b6d6ca529ddf,"Yemen army says recaptured key territory as clashes with Houthis continue - Dominican Republic Post – Caribbean News , Business , Travel & Culture",20260904T204500Z,dominicanrepublicpost.com,English,United States,Houthi,D7_행위자,2026-09-04
https://theindianawaaz.com/90-killed-in-fight-between-yemeni-soldiers-and-houthi-fighters/,ea5109b34c29e9e58efad8ff7ee65212,90 killed in fight between Yemeni soldiers and Houthi fighters – The Indian Awaaz,20260904T180000Z,theindianawaaz.com,English,India,Houthi,D7_행위자,2026-09-04
https://www.khabaragency.net/news252438.html,28fa5697f69ffa68138d2f22dc692379,Yemeni Government Forces Secure Strategic Position in Taiz Province,20260904T144500Z,khabaragency.net,English,Yemen,Houthi,D7_행위자,2026-09-04
https://thefrontierpost.com/more-than-120-killed-in-yemen-clashes-since-thursday-sources/,6c8a280f5269042375279ca275297bfd,More than 120 killed in Yemen clashes since Thursday : sources,20260904T144500Z,thefrontierpost.com,English,Pakistan,Houthi,D7_행위자,2026-09-04
https://www.thehindu.com/news/international/more-than-120-killed-in-yemens-worst-clashes-in-years-sources/article71429714.ece,633542b503e490b79894187cf291a818,More than 120 killed in Yemen worst clashes in years : sources,20260904T201500Z,thehindu.com,English,India,Houthi,D7_행위자,2026-09-04
http://www.businessghana.com/site/news/politics/355458/Somali-piracy-surges-as-the-impact-of-the-US-Iran-war-ripples-outwards,f2a7e766f05f54d05a5d400ec73a9ac4,Somali piracy surges as the impact of the US - Iran war ripples outwards,20260904T090000Z,businessghana.com,English,Ghana,Houthi,D7_행위자,2026-09-04
https://www.middle-east-online.com/en/houthi-attacks-raise-stakes-yemen%E2%80%99s-strategic-red-sea-coast,ff40eca62e4df33c4e4eba06c8c6cbe4,Houthi attacks raise stakes on Yemen strategic Red Sea coast,20260904T091500Z,middle-east-online.com,English,Iraq,Houthi,D7_행위자,2026-09-04
https://www.africa.com/business/the-missing-link-how-completing-tunisias-trade-corridor-can-redefine-african-commerce,21eebe3251c7744603c7eb96cbed30e6,The Missing Link : How Completing Tunisia Trade Corridor Can Redefine African Commerce,20260904T164500Z,africa.com,English,South Africa,Houthi,D7_행위자,2026-09-04
https://www.wgauradio.com/news/world/an-israeli-release/X5IWRFCSG47RVFZIXOHZW66B5E/,f040e532c425c8be155a28ad29c298ed,Israel releases more prisoners to Lebanese authorities and other developments,20260904T191500Z,wgauradio.com,English,United States,Houthi,D7_행위자,2026-09-04
https://yalibnan.com/2026/09/04/u-s-iran-war-updates-vance-extremely-skeptical-strike-hit-wedding-party-as-netanyahu-says-toppling-irans-regime-is-within-reach/,6521980228ea98ec3555c72739e81ed0,U . S .- Iran war updates : Vance  extremely skeptical  strike hit wedding party as Netanyahu says toppling Iran regime is  within reach  – Ya Libnan,20260904T021500Z,yalibnan.com,English,Syria,Houthi,D7_행위자,2026-09-04
https://www.fool.com/earnings/call-transcripts/2026/09/04/hafnia-hafn-q2-2026-earnings-call-transcript/?source=iedfolrf0000001,942a1fe8eaef48670494cfeefc42eb95,Hafnia ( HAFN ) Q2 2026 Earnings Call Transcript,20260904T124500Z,fool.com,English,United States,Houthi,D7_행위자,2026-09-04
https://www.hani.co.kr/arti/english_edition/e_international/1276306.html,bffb10c3af39cf631ecbbff9aaab8803,"Trump again presses Korea , Japan to join costly Alaska LNG project",20260904T090000Z,hani.co.kr,English,South Korea,pipeline,D3_인프라,2026-09-04
https://economictimes.indiatimes.com/industry/renewables/goenka-groups-purvah-green-power-to-acquire-welspun-new-energy-for-2500-cr/articleshow/133745337.cms,a8a13aac9c4daf38dc20447d8e42fb04,"Goenka Group Purvah Green Power to acquire Welspun New Energy for ₹2 , 500 cr",20260904T004500Z,economictimes.indiatimes.com,English,India,pipeline,D3_인프라,2026-09-04
https://www.outlookindia.com/international/trumps-backing-and-syrias-bet-why-baniyas-port-cannot-replace-the-strait-of-hormuz,0e50f655eaa69f2059a8a10e930ac655,Syria Baniyas Bet : Can It Bypass The Strait Of Hormuz ? ,20260904T094500Z,outlookindia.com,English,India,pipeline,D3_인프라,2026-09-04
https://www.inforum.com/news/the-vault/10-years-later-protests-over-pipeline-reaches-flashpoint,fa1e08da6989d066ff0400b9ad18909b,10 years later : Protests over pipeline reaches flashpoint,20260904T161500Z,inforum.com,English,United States,pipeline,D3_인프라,2026-09-04
https://www.thehindu.com/business/Industry/cohance-lifesciences-investing-18-million-in-nj-bio-aruka-bio-to-sharpen-focus-on-adc/article71427415.ece,43691d8c9a0207d6dcc1197a92c62cfb,"Cohance Lifesciences investing $18 million in NJ Bio , Aruka Bio to sharpen focus on ADC",20260904T101500Z,thehindu.com,English,India,pipeline,D3_인프라,2026-09-04
https://timesofindia.indiatimes.com/city/gurgaon/long-refilling-waits-mar-jaipur-drive-as-delhi-mumbai-eway-hits-cng-bump/articleshow/133776631.cms,901264b8e15804c681c8194f4f05e919,Long refilling waits mar Jaipur drive as Delhi - Mumbai eway hits CNG bump,20260904T200000Z,timesofindia.indiatimes.com,English,India,pipeline,D3_인프라,2026-09-04
https://www.postandcourier.com/rising-waters/colleton-county-gas-plant-canadys-pipeline-appeal/article_25552860-81f9-4840-886c-6ffa2504aeb0.html,4a5a52520cfb67144326e538a2a07870,SC Supreme court to hear appeal on gas plant decision,20260904T210000Z,postandcourier.com,English,United States,pipeline,D3_인프라,2026-09-04
https://www.miningweekly.com/article/saimm-president-proffers-solutions-to-industry-capability-challenge-2026-09-04,873d08f70f39f655e6e7652f9ca9ca38,SAIMM president proffers solutions to industry capability challenge beyond more graduates,20260904T144500Z,miningweekly.com,English,South Africa,pipeline,D3_인프라,2026-09-04
https://www.wpr.org/news/enbridge-restore-service-line-5-gas-leak,c7937274a492b27b4e13de6d47af78bd,Enbridge hopes to restore service to Line 5 by Tuesday after gas leak,20260904T000000Z,wpr.org,English,United States,pipeline,D3_인프라,2026-09-04
https://thenationonlineng.net/ob3-completion-as-nnpc-limited-opens-a-new-chapter-for-nigerias-gas-economy/,e1b2f74fcc67f526c3f527fc316b8612,OB3 completion as NNPC Limited opens a new chapter for Nigeria gas economy,20260904T081500Z,thenationonlineng.net,English,Nigeria,pipeline,D3_인프라,2026-09-04
https://www.straitstimes.com/world/at-least-37-dead-in-nigeria-pipeline-incident-group-says,c1717d87fa2c6b9e7e1b073e5a3384d2,"At least 37 dead in Nigeria pipeline incident , group says",20260904T093000Z,straitstimes.com,English,Singapore,pipeline,D3_인프라,2026-09-04
https://www.breitbart.com/politics/2026/09/04/report-michigan-democrat-house-candidate-deleted-posts-to-abolish-police-and-overhaul-constitution/,dc93d7f4746c59007b85d8855eb3f223,"Report : MI Democrat Candidate William Lawrence Deleted Posts in Favor of Open Borders and Abolishing Police , the Senate , & Traditional Families",20260904T201500Z,breitbart.com,English,United States,pipeline,D3_인프라,2026-09-04
https://upnorthlive.com/news/local/line-5-opponents-plan-petoskey-flotilla-festival-ahead-of-labor-day-bridge-walk-mackinac-bridge-michigan-enbridge,a2fd0b1c448a5b4dab1dd130fc9fe312,"Line 5 opponents plan Petoskey flotilla , festival ahead of Labor Day bridge walk",20260904T200000Z,upnorthlive.com,English,United States,pipeline,D3_인프라,2026-09-04
https://www.thedailystar.net/slow-reads/big-picture/news/can-bangladesh-afford-not-invest-bholas-gas-4264936,08dc429efa23285e4945ba21c5a07efc,Prioritise Bhola Gas Over LNG Imports,20260904T204500Z,thedailystar.net,English,Bangladesh,pipeline,D3_인프라,2026-09-04
https://breakingdefense.com/2026/09/fixing-the-machine-inside-the-navys-race-to-rebuild-its-aviator-pipeline/,c4c66f014b516b7e854af6b679d50a5c,Fixing the machine : Inside the Navy race to rebuild its aviator pipeline,20260904T183000Z,breakingdefense.com,English,United States,pipeline,D3_인프라,2026-09-04
https://www.channelafrica.co.za/channelafrica/news/at-least-37-dead-in-nigeria-pipeline-incident/,2c1290e379e6fb11281e2d106068d26b,At least 37 dead in Nigeria pipeline incident – Channel Africa,20260904T151500Z,channelafrica.co.za,English,South Africa,pipeline,D3_인프라,2026-09-04
https://www.macrobusiness.com.au/2026/09/housing-construction-will-follow-prices-lower/,fd253ed42603be25f7b04c1433e55fb5,Housing construction will follow prices lower,20260904T060000Z,macrobusiness.com.au,English,Australia,pipeline,D3_인프라,2026-09-04
https://oilprice.com/Company-News/Williams-Closes-55-Billion-Momentum-Midstream-Acquisition.html,5b8c2ceb07c023f16617b64db5811676,Williams Closes $5 . 5 Billion Momentum Midstream Acquisition,20260904T060000Z,oilprice.com,English,United States,pipeline,D3_인프라,2026-09-04
https://www.insidermonkey.com/blog/the-williams-companieswmb-strengthens-its-natural-gas-growth-engine-with-momentum-deal-1827381/,b9b9476e6f3dcddd08b3cbd03aecedab,The Williams Companies ( WMB ) Strengthens its Natural Gas Growth Engine with Momentum Deal,20260904T020000Z,insidermonkey.com,English,United States,pipeline,D3_인프라,2026-09-04
https://thediplomat.com/2026/09/securing-navigation-for-trans-caspian-trade/,dfd5fa39bd990a2c262b7d42ecc3dab0,Securing Navigation for Trans - Caspian Trade,20260904T090000Z,thediplomat.com,English,China,pipeline,D3_인프라,2026-09-04
https://finance.yahoo.com/energy/articles/williams-companies-wmb-strengthens-natural-013156029.html,005dd8214ea467ab45addae1d36895d4,The Williams Companies ( WMB ) Strengthens its Natural Gas Growth Engine with Momentum Deal,20260904T020000Z,finance.yahoo.com,English,United States,pipeline,D3_인프라,2026-09-04
https://allafrica.com/stories/202609040106.html,ff926c2f6ad8a8418b3cbd8850a59a90,"Nigeria : 37 Feared Dead in Rivers Pipeline Incident , Several Others Missing",20260904T084500Z,allafrica.com,English,Nigeria,pipeline,D3_인프라,2026-09-04
https://www.morningstar.com/stocks/xnys/vmrk/analysis,634415a4c88935b3cbd6471d4c41f98b,VMRK - Vivmark Residential Analysis,20260904T004500Z,morningstar.com,English,China,pipeline,D3_인프라,2026-09-04
https://www.insidermonkey.com/blog/abbvie-abbvs-blood-cancer-success-adds-weight-to-its-pipeline-story-1827279/,0289228de513345b19848816c829b18f,AbbVie ( ABBV ) Blood Cancer Success Adds Weight to its Pipeline Story,20260904T020000Z,insidermonkey.com,English,United States,pipeline,D3_인프라,2026-09-04
https://www.insidermonkey.com/blog/xenon-xene-heads-to-europe-with-data-that-could-reshape-epilepsy-care-1827524/,45958a645c5ba5431a441d5e9090b162,Xenon ( XENE ) Heads To Europe With Data That Could Reshape Epilepsy Care,20260904T200000Z,insidermonkey.com,English,United States,pipeline,D3_인프라,2026-09-04
https://economictimes.indiatimes.com/markets/stocks/news/will-bdl-hal-other-defence-stocks-deliver-rocketing-returns-heres-why-this-brokerage-remains-bullish/articleshow/133756838.cms,bcc3801bed526b72fbfae82ab388ec50,"Will BDL , HAL & other defence stocks deliver rocketing returns ? Here why this brokerage remains bullish",20260904T084500Z,economictimes.indiatimes.com,English,India,pipeline,D3_인프라,2026-09-04
https://www.finanznachrichten.de/nachrichten-2026-09/69495795-eqs-newswire-hangzhou-diagens-biotechnology-from-china-s-clinical-settings-to-a-global-ai4s-foundation-how-diagens-b-02526-hk-builds-a-medical-im-023.htm,d7fc74004d99d59447427f1305d0db4a,EQS Newswire : Hangzhou Diagens Biotechnology : From China Clinical Settings to a Global AI4S Foundation : How Diagens - B ( 02526 . HK ) Builds a Medical Imaging Model Factory,20260904T101500Z,finanznachrichten.de,English,Germany,pipeline,D3_인프라,2026-09-04
https://whig.com/2026/09/04/applications-open-for-illinois-works-pre-apprenticeship-program/,79a1b1b273d02cc3dcf8904a399f49fb,Applications open for Illinois Works Pre - Apprenticeship Program,20260904T193000Z,whig.com,English,United States,pipeline,D3_인프라,2026-09-04
https://timesofindia.indiatimes.com/city/noida/2-mths-after-repair-indirapuram-road-caves-in-again/articleshow/133745232.cms,a20904295ee052190376b909c001147b,"2 mths after repair , Indirapuram road caves in again",20260904T000000Z,timesofindia.indiatimes.com,English,India,pipeline,D3_인프라,2026-09-04
https://www.si.com/nhl/rangers/onsi/prospects/ny-rangers-prospect-receives-glowing-reviews-for-upside,e1deb2f82abdda569a55c08dea3e31c3,NY Rangers Prospect Receives Glowing Reviews for Upside,20260904T151500Z,si.com,English,United States,pipeline,D3_인프라,2026-09-04
https://allafrica.com/stories/202609040048.html,6a6971cc241d44ac9ec8300f7aeeb735,Nigeria : Police Confirm Rivers Legal Oil - Siphoning Tragedy As 43 Suspected Thieves Die,20260904T070000Z,allafrica.com,English,Nigeria,pipeline,D3_인프라,2026-09-04
https://www.crn.com/news/ai/2026/30-notable-it-executive-moves-august-2026,39e674851915cc162928485122c6fc80,30 Notable IT Executive Moves : August 2026,20260904T183000Z,crn.com,English,United States,pipeline,D3_인프라,2026-09-04
https://www.businesstoday.in/markets/ipo-corner/story/ipo-boom-is-structural-mega-ipos-to-test-liquidity-valuation-key-says-pantomaths-mahavir-lunawat-553340-2026-09-04,531a419449f9f903f27a447002a4d962,"IPO boom is structural , mega IPOs to test liquidity ; valuation key , says Pantomath Mahavir Lunawat",20260904T094500Z,businesstoday.in,English,India,pipeline,D3_인프라,2026-09-04
https://leadership.ng/federal-govt-ties-green-industrialisation-drive-to-gas-expansion-akk-ob3-pipelines/,861d4da3d8bbd5098fc4a40629a95350,"Federal Govt Ties Green Industrialisation Drive To Gas Expansion , AKK , OB3 Pipelines",20260904T040000Z,leadership.ng,English,Nigeria,pipeline,D3_인프라,2026-09-04
https://www.wallstreet-online.de/nachricht/21331612-zanvastro-zilganersen-approved-by-the-fda-as-the-first-and-only-disease-modifying-treatment-for-alexander-disease-axd-pediatric-and-adult-patients,d8543f8188387786fc22905ea5475fe7,ZANVASTRO ( zilganersen ) approved by the FDA as the first and only disease modifying treatment for Alexander disease ( AxD ) in pediatric and adult patients,20260904T011500Z,wallstreet-online.de,English,Germany,pipeline,D3_인프라,2026-09-04
https://www.globaltimes.cn/page/202609/1369814.shtml,f226a4ec9da713fd68ae92b532d7cb29,China to expand health insurance coverage for innovative drugs,20260904T071500Z,globaltimes.cn,English,China,pipeline,D3_인프라,2026-09-04
https://www.moneycontrol.com/news/business/stocks/subscribe-for-pranav-construction-ltd-ipo-anand-rathi-14022730.html,23aec06cd26cdf8d5d9f460a28b38f55,Subscribe for Pranav Construction Ltd IPO ; Anand Rathi,20260904T083000Z,moneycontrol.com,English,India,pipeline,D3_인프라,2026-09-04
https://www.scmp.com/economy/china-economy/article/3366211/pipes-power-and-petaflops-whats-behind-chinas-massive-6-networks-investment,f49862297f55c8ad3a19fa82296ddc95,"Pipes , power and petaflops : what behind China massive  6 network investment",20260904T030000Z,scmp.com,English,China,pipeline,D3_인프라,2026-09-04
https://www.insidermonkey.com/blog/ionis-pharmaceuticals-ions-gains-first-mover-advantage-with-fda-approval-of-rare-brain-disease-drug-1827385/,ab84e191333a55e4c8a34e48d2731358,Ionis Pharmaceuticals ( IONS ) Gains First - Mover Advantage with FDA Approval of Rare Brain Disease Drug,20260904T020000Z,insidermonkey.com,English,United States,pipeline,D3_인프라,2026-09-04
https://www.themarketsdaily.com/2026/09/04/jupiter-topco-llc-makes-new-1-92-million-investment-in-pembina-pipeline-corp-pba.html,500389a98295fe88b75dba342a37605b,Jupiter Topco LLC Makes New $1 . 92 Million Investment in Pembina Pipeline Corp . $PBA,20260904T084500Z,themarketsdaily.com,English,United States,pipeline,D3_인프라,2026-09-04
https://www.theadvocate.com.au/story/9344148/time-running-out-to-keep-housing-developer-afloat/,9f14980f9e7cdf06d56cb1b51aa9050c,Time running out to keep housing developer afloat,20260904T071500Z,theadvocate.com.au,English,Australia,pipeline,D3_인프라,2026-09-04
https://www.thehindu.com/news/national/andhra-pradesh/jal-jeevan-taps-reach-38-kidney-disease-hit-villages-in-andhras-ntr-district-after-pawan-kalyans-push/article71424221.ece,9794f7eb0c1038461f1816c33a52b9f1,Jal Jeevan taps reach 38 kidney disease - hit villages in Andhra NTR district after Pawan Kalyan push,20260904T080000Z,thehindu.com,English,India,pipeline,D3_인프라,2026-09-04
https://en.globes.co.il/en/article-teva-drug-meets-endpoints-in-celiac-disease-trial-1001554296,29701bf5fb51bc21f8516cedbb119cc8,Teva drug meets endpoints in celiac disease trial,20260904T051500Z,en.globes.co.il,English,Israel,pipeline,D3_인프라,2026-09-04
https://www.business-standard.com/markets/capital-market-news/jsw-energy-surpasses-15gw-installed-capacity-milestone-126090400413_1.html,eee42c47907ea017cb0311afcbe4feac,JSW Energy surpasses 15GW installed capacity milestone,20260904T071500Z,business-standard.com,English,India,pipeline,D3_인프라,2026-09-04
https://www.aol.co.uk/articles/poll-nhs-cut-back-hiring-095100000.html,4d734b5c531e6884ce479c772cdd5f33,POLL : Is the NHS right to cut back on hiring foreign doctors ? ,20260904T101500Z,aol.co.uk,English,United Kingdom,pipeline,D3_인프라,2026-09-04
https://www.fool.com/investing/2026/09/04/x-high-yield-dividend-stock-worth-buying-right-now/,2e4bb861d7a2ab16befc8bb613c79a22,2 High - Yield Dividend Stocks Worth Buying Right Now,20260904T194500Z,fool.com,English,United States,pipeline,D3_인프라,2026-09-04
https://allafrica.com/stories/202609040019.html,b48064102cd9e078b2456df00a4451b2,Nigeria : Police Launch Probe Into Death of 37 Suspected Oil Thieves in Rivers,20260904T044500Z,allafrica.com,English,Nigeria,pipeline,D3_인프라,2026-09-04
https://www.insidermonkey.com/blog/black-hills-bkh-posts-higher-profit-while-wall-street-stays-skeptical-1827550/,55721e1b1fd239dc6fce366f3154c84a,Black Hills ( BKH ) Posts Higher Profit While Wall Street Stays Skeptical,20260904T130000Z,insidermonkey.com,English,United States,pipeline,D3_인프라,2026-09-04
https://www.petroleumnews.com/story/2026/09/06/news/taps-row-renewal-begins/50339.html,606bc3ec60e08392d873a44fa0d6541b,TAPS ROW renewal begins,20260904T004500Z,petroleumnews.com,English,United States,pipeline,D3_인프라,2026-09-04
https://www.freepressjournal.in/business/dixon-technologies-eyes-aerospace-defence-automotive-segments-for-next-growth-phase,ee0e5f5e9245c2b29e10e9c77a0bccd5,"Dixon Technologies Eyes Aerospace , Defence , Automotive Segments For Next Growth Phase",20260904T183000Z,freepressjournal.in,English,India,pipeline,D3_인프라,2026-09-04
https://www.investmentwatchblog.com/nvidia-is-financing-its-own-customers-to-buy-nvidia-gpus/,095f9b3276a4e6f4900d3fc0edc1aa86,Nvidia is financing its own customers to buy Nvidia GPUs,20260904T033000Z,investmentwatchblog.com,English,United States,pipeline,D3_인프라,2026-09-04
https://finance.yahoo.com/technology/ai/articles/nextech3d-ai-first-quarter-revenue-140600341.html,ddad91097d97744053deb26e87ae2ce2,Nextech3D . ai first quarter revenue doubles as event tech scales,20260904T144500Z,finance.yahoo.com,English,United States,pipeline,D3_인프라,2026-09-04
https://timesofindia.indiatimes.com/real-estate/news/mumbai-redevelopment-market-hits-a-milestone-housing-sales-overtake-new-project-launches/articleshow/133743250.cms,2d444cf7e8657a7010940b92363e4623,Mumbai redevelopment market hits a milestone : Housing sales overtake new project launches,20260904T044500Z,timesofindia.indiatimes.com,English,India,pipeline,D3_인프라,2026-09-04
https://timesofindia.indiatimes.com/city/mumbai/bmc-asks-engineers-to-go-on-field-to-resolve-water-complaints-amid-10-cut-in-mumbai/articleshow/133773858.cms,3b32131e40b5b172929219a9eac40728,BMC asks engineers to go on field to resolve water complaints amid 10 % cut in Mumbai,20260904T183000Z,timesofindia.indiatimes.com,English,India,pipeline,D3_인프라,2026-09-04
https://punchng.com/ex-benue-councillor-remanded-for-allegedly-pushing-woman-into-fire/,a07e5e3c915885fe094c67d22429f004,Benue Councillor Remanded for Pushing Woman into Fire,20260904T020000Z,punchng.com,English,Nigeria,pipeline,D3_인프라,2026-09-04
https://9to5mac.com/2026/09/04/apple-working-on-new-surround-sound-party-mode-features-for-homepod/,d41d02677af06def606d4cc71f0069be,"Apple working on new surround sound , Party Mode features for HomePod",20260904T183000Z,9to5mac.com,English,United States,pipeline,D3_인프라,2026-09-04
https://9to5mac.com/2026/09/04/leaked-iphone-roadmap-reveals-plans-for-larger-foldable-biggest-overhaul-more/,01432872b09fdb901e5942d67c89cb3b,"Leaked iPhone roadmap reveals plans for larger foldable ,  biggest overhaul , more",20260904T183000Z,9to5mac.com,English,United States,pipeline,D3_인프라,2026-09-04
https://www.pr-inside.com/september-4-2026-deadline-approaching-join-class-action-against-photronics-r5219205.htm,fd535dbf1c0c530aa1d06e038f495bde,"September 4 , 2026 Deadline Approaching : Join Class Action Against Photronics , ... ",20260904T004500Z,pr-inside.com,English,United States,pipeline,D3_인프라,2026-09-04
https://www.krgv.com/news/harlingen-tables-fluidstack-data-center-drainage-request-after-public-pushback/,99ab2b773587fa05f055eb3d3031a020,Harlingen tables FluidStack data center drainage request after public pushback,20260904T051500Z,krgv.com,English,United States,pipeline,D3_인프라,2026-09-04
https://www.proactiveinvestors.com/companies/news/1098128/thistle-resources-launches-3000-metre-drill-program-at-middle-river-gold-project.html,7c3fe37b0e38de08f50a9e04ff0f179d,"Thistle Resources launches 3 , 000 - metre drill program at Middle River gold project",20260904T184500Z,proactiveinvestors.com,English,United States,pipeline,D3_인프라,2026-09-04
https://economictimes.indiatimes.com/markets/ipos/fpos/will-2026-be-indias-biggest-ipo-year-slow-h1-may-not-stop-record-rs-2-lakh-crore-haul/articleshow/133751103.cms,ea40365067739363b740bbde729a1b12,Will 2026 be India biggest IPO year ? Slow H1 may not stop record Rs 2 lakh crore haul,20260904T044500Z,economictimes.indiatimes.com,English,India,pipeline,D3_인프라,2026-09-04
https://tribuneonlineng.com/axxela-releases-2025-sustainability-report-achieves-targets-across-key-performance-indicator/,028c836f59f109423ce46bf6ffda76f7,"Axxela releases 2025 sustainability report , achieves targets across key performance indicator",20260904T043000Z,tribuneonlineng.com,English,Nigeria,pipeline,D3_인프라,2026-09-04
https://www.fool.com/investing/2026/09/04/nuclear-stock-face-off-nuscale-oklo-better-buy/?source=iedfolrf0000001,7131be0305c683ff53d66acd7329d9db,Nuclear Stock Face - Off : Is NuScale Power or Oklo the Better Buy Right Now ? ,20260904T124500Z,fool.com,English,United States,pipeline,D3_인프라,2026-09-04
https://www.the-star.co.ke/news/africa/2026-09-04-at-least-37-killed-by-toxic-fumes-during-alleged-petrol-theft-in-nigeria,c5f21d75ca034a89f6546b16f2803fa1,"At least 37 killed by toxic fumes during alleged petrol theft in Nigeria , reports say",20260904T194500Z,the-star.co.ke,English,Kenya,pipeline,D3_인프라,2026-09-04
https://allafrica.com/stories/202609040305.html,79f429d223090aa2f250b24d589eeb84,Kenya : EACC Urges Religious Leaders to Reject Illicit Funds Ahead of 2027 Elections,20260904T124500Z,allafrica.com,English,Nigeria,pipeline,D3_인프라,2026-09-04
https://www.proactiveinvestors.com/companies/news/1098122/nextech3d-ai-first-quarter-revenue-doubles-as-event-tech-scales-icymi-1098122.html,e46ec2db8dba0ddad21224f81fd03db8,Nextech3D . ai first quarter revenue doubles as event tech scales - ICYMI,20260904T184500Z,proactiveinvestors.com,English,United States,pipeline,D3_인프라,2026-09-04
https://www.pr-inside.com/plab-deadline-tomorrow-rosen-a-globally-recognized-law-firm-encourages-r5219196.htm,751530df59da1d7fd37c91b74f931f72,"PLAB DEADLINE TOMORROW : ROSEN , A GLOBALLY RECOGNIZED LAW FIRM , Encourages ... ",20260904T000000Z,pr-inside.com,English,United States,pipeline,D3_인프라,2026-09-04
https://attackofthefanboy.com/news/u-s-forces-just-blew-up-another-floating-gas-station-allegedly-fueling-illegal-traffickers-in-the-pacific/,f2db943be899c7ef8e9be71746bafe27,U . S . Forces Destroy Another Floating Gas Station in Pacific,20260904T021500Z,attackofthefanboy.com,English,Japan,pipeline,D3_인프라,2026-09-04
https://finance.yahoo.com/markets/stocks/articles/rezolve-rzlv-revenue-surge-turning-084132796.html,b1307a1b2b1e3b6ec346f8c776c07c2b,"Rezolve ( RZLV ) Revenue Surge Is Turning Heads , but at What Cost ? ",20260904T183000Z,finance.yahoo.com,English,United States,pipeline,D3_인프라,2026-09-04
https://www.aol.co.uk/articles/volkswagen-announces-cut-100-000-223032000.html,27e58673cf22ee1899b045bd5eef397e,"Volkswagen announces it will cut 100 , 000 jobs by 2030",20260904T043000Z,aol.co.uk,English,United Kingdom,pipeline,D3_인프라,2026-09-04
https://allafrica.com/stories/202609040073.html,a8f0dfa49fe66bb8a251ceb424496745,South Africa : Gauteng Families Live in a Swamp of Sewage,20260904T071500Z,allafrica.com,English,Nigeria,pipeline,D3_인프라,2026-09-04
https://www.prnewswire.com/news-releases/bluerock-private-real-estate-fund-announces-monthly-distribution-for-september-2026-302869660.html,b549a9ad8130fb87930d1075356bf76b,Bluerock Private Real Estate Fund Announces Monthly Distribution for September 2026,20260904T021500Z,prnewswire.com,English,United States,pipeline,D3_인프라,2026-09-04
https://aviationweek.com/mro/workforce-training/gao-faa-should-consider-expanding-ap-test-eligibility,623a7f2a0dda02d7247e03f0d338df20,GAO : FAA Should Consider Expanding A & P Test Eligibility,20260904T071500Z,aviationweek.com,English,United States,pipeline,D3_인프라,2026-09-04
https://finance.yahoo.com/energy/articles/murphy-oil-mur-strikes-black-171622340.html,067a397a7955fc6cfa4d7447a2b69e67,Murphy Oil ( MUR ) Strikes Black Gold While Profits Multiply Tenfold,20260904T180000Z,finance.yahoo.com,English,United States,pipeline,D3_인프라,2026-09-04
https://finance.yahoo.com/markets/stocks/articles/nasdaq-p-500-dow-fell-183730153.html,bd61ea7a729c7bbd4d89b359f4ab845c,"The Nasdaq , S & P 500 , and Dow All Fell Slightly Friday . The Jobs Report Wasnt Really Why . ",20260904T191500Z,finance.yahoo.com,English,United States,pipeline,D3_인프라,2026-09-04
https://www.aol.com/articles/nigerians-die-inhaling-toxic-fumes-154410000.html,3af5e0b5afed8f3b67a6ad0f3f2fb77a,"Nigerians die after inhaling toxic fumes during alleged pipeline theft , community group says",20260904T161500Z,aol.com,English,United States,pipeline,D3_인프라,2026-09-04
https://pidgin.informationng.com/?p=35858,bd0e66990c2925420145f9ba1fd69214,Wetin we know about death of 30 suspected oil vandals for Rivers State – Information Nigeria Pidgin,20260904T180000Z,pidgin.informationng.com,English,Nigeria,pipeline,D3_인프라,2026-09-04
https://www.aol.com/articles/uipath-tumbles-14-guided-slowdown-144002000.html,1b78fa1c5a4db4f07dc331268f20a35e,UiPath Tumbles 14 % as Guided Slowdown Overshadows Revenue Beat,20260904T151500Z,aol.com,English,United States,pipeline,D3_인프라,2026-09-04
https://www.superiortelegram.com/news/wisconsin/enbridge-hopes-to-restore-service-to-line-5-by-tuesday,53ba5565b318f3ee4c103cbee8803e64,Enbridge hopes to restore service to Line 5 by Tuesday,20260904T020000Z,superiortelegram.com,English,United States,pipeline,D3_인프라,2026-09-04
https://knpr.org/2026-09-04/in-new-mexico-massive-project-jupiter-data-center-faces-criticism-over-water-allocation,16b26c653ab64cbbc6427b8c3b0c0cb7,"In New Mexico , massive Project Jupiter data center faces criticism over water allocation",20260904T201500Z,knpr.org,English,United States,pipeline,D3_인프라,2026-09-04
https://news.mongabay.com/short-article/2026/09/genetic-road-map-offers-hope-for-threatened-visayan-spotted-deer/,0b86be6edd139dda4be8ce99c8fa2f9e,Genetic road map offers hope for threatened Visayan spotted deer,20260904T100000Z,news.mongabay.com,English,Indonesia,pipeline,D3_인프라,2026-09-04
https://jamaica-gleaner.com/article/news/20260904/pipe-after-dark-munroe-road-wellington-drive-project-moving-night-time,91c49ccb3a464056bd1d1efddf3c947e,Pipe after dark - Munroe Road - Wellington Drive project moving to night - time operations,20260904T094500Z,jamaica-gleaner.com,English,Jamaica,pipeline,D3_인프라,2026-09-04
https://www.hindustantimes.com/india-news/govt-reveals-when-it-will-seal-india-us-deal-waiting-for-comparative-tariff-advantage-101788483911640.html,2cc25fefbc46099c61ba212b17740f2f,Govt reveals when it will seal India - US deal :  Waiting for comparative tariff advantage  ,20260904T023000Z,hindustantimes.com,English,India,pipeline,D3_인프라,2026-09-04
https://attackofthefanboy.com/news/nvidia-just-dropped-nearly-13-billion-to-buy-the-ai-platform-developers-use-to-build-their-models/,a193eee35b252f05d9ec6209850d6980,Nvidia Spends $13 Billion to Buy AI Model Development Platform,20260904T021500Z,attackofthefanboy.com,English,Japan,pipeline,D3_인프라,2026-09-04
https://www.c21media.net/news/nation-kovalee-launch-french-microdrama-app-sweetz-with-1-1m-funding/,3212a4c9f093deb12481561193f2b744,"Nation , Kovalee launch French microdrama app Sweetz with $1 . 1m funding | News",20260904T090000Z,c21media.net,English,United Kingdom,pipeline,D3_인프라,2026-09-04
https://www.newscenter1.tv/news/the-vault/10-years-later-protests-over-pipeline-reaches-flashpoint,3c96fef8c79730ecc6d469e4dfdada16,10 years later : Protests over pipeline reaches flashpoint,20260904T183000Z,newscenter1.tv,English,United States,pipeline,D3_인프라,2026-09-04
https://www.perhamfocus.com/news/the-vault/10-years-later-protests-over-pipeline-reaches-flashpoint,2c7d094c80a8c806780ed461e0c4f2d6,10 years later : Protests over pipeline reaches flashpoint,20260904T180000Z,perhamfocus.com,English,United States,pipeline,D3_인프라,2026-09-04
https://www.willistonherald.com/news/the-vault/10-years-later-protests-over-pipeline-reaches-flashpoint,371d85035537753410395593b0773af8,10 years later : Protests over pipeline reaches flashpoint,20260904T181500Z,willistonherald.com,English,United States,pipeline,D3_인프라,2026-09-04
https://www.wctrib.com/news/the-vault/10-years-later-protests-over-pipeline-reaches-flashpoint,379eaa62881c99746117470d6a680499,10 years later : Protests over pipeline reaches flashpoint,20260904T180000Z,wctrib.com,English,United States,pipeline,D3_인프라,2026-09-04
https://www.brainerddispatch.com/news/the-vault/10-years-later-protests-over-pipeline-reaches-flashpoint,7161019a9267e221a7eafc1eaf218b13,10 years later : Protest over pipeline reaches flashpoint,20260904T191500Z,brainerddispatch.com,English,United States,pipeline,D3_인프라,2026-09-04
https://www.parkrapidsenterprise.com/news/the-vault/10-years-later-protests-over-pipeline-reaches-flashpoint,f9194a9ac703180f6f121b237141da9b,10 years later : Protest over pipeline reaches flashpoint,20260904T200000Z,parkrapidsenterprise.com,English,United States,pipeline,D3_인프라,2026-09-04
https://www.thedickinsonpress.com/news/the-vault/10-years-later-protests-over-pipeline-reaches-flashpoint,4ea3e63d2fbdfdc0f60f41158ad47789,10 years later : Protest over pipeline reaches flashpoint,20260904T191500Z,thedickinsonpress.com,English,United States,pipeline,D3_인프라,2026-09-04
https://www.hellenicshippingnews.com/russia-to-supply-50-billion-cubic-meters-of-gas-to-china-in-2026/,69270a2ba9329859a790af62537aebab,Russia to supply 50 billion cubic meters of gas to China in 2026 | Hellenic Shipping News Worldwide,20260904T181500Z,hellenicshippingnews.com,English,China,pipeline,D3_인프라,2026-09-04
https://sbr.com.sg/residential-property/news/worker-dormitory-rents-rise-21-in-h1,9f0bc95ebf0b2d3e87ed8eedf8ddddfa,Worker dormitory rents rise 2 . 1 % in H1,20260904T060000Z,sbr.com.sg,English,Singapore,pipeline,D3_인프라,2026-09-04
https://finance.yahoo.com/energy/articles/crude-oil-prices-supported-escalation-191450462.html,5b8356d10b8f2cfe15a5cce10c8ae074,Crude Oil Prices Supported by Escalation of US - Iran Hostilities,20260904T071500Z,finance.yahoo.com,English,United States,pipeline,D3_인프라,2026-09-04
http://www.prnewswire.com/news-releases/clinical-trials-services-market-worth-97-41-billion-by-2031---exclusive-report-by-marketsandmarkets-302869894.html,4f397f9003bc21daf1433008de21ed29,Clinical Trials Services Market worth $97 . 41 billion by 2031 - Exclusive Report by MarketsandMarkets™,20260904T151500Z,prnewswire.com,English,United States,pipeline,D3_인프라,2026-09-04
https://www.livemint.com/market/stock-market-news/indian-stock-markets-us-bond-yields-interest-rate-crude-oil-price-11788527556882.html,df52d1cc3a8665e0ba973e943cf61388,"Pulse of the Street : US bond yields , interest rate jitters drag Indian equities lower this week",20260904T164500Z,livemint.com,English,India,pipeline,D3_인프라,2026-09-04
https://www.business-standard.com/markets/ipo/september-ipo-pipeline-set-to-eclipse-july-s-record-fundraising-milestone-126090401245_1.html,4dc34b83e71b53aaf34adff344bb3e11,September IPO pipeline set to eclipse July record fundraising milestone,20260904T180000Z,business-standard.com,English,India,pipeline,D3_인프라,2026-09-04
https://www.mitchellrepublic.com/news/the-vault/10-years-later-protests-over-pipeline-reaches-flashpoint,26c841c4d17365cbe2b7114719ab57c3,10 years later : Protests over pipeline reaches flashpoint,20260904T161500Z,mitchellrepublic.com,English,United States,pipeline,D3_인프라,2026-09-04
https://www.capjournal.com/news/the-vault/10-years-later-protests-over-pipeline-reaches-flashpoint,1489e9aff64a54d1ab3a9063408894d1,10 years later : Protests over pipeline reaches flashpoint,20260904T164500Z,capjournal.com,English,United States,pipeline,D3_인프라,2026-09-04
https://www.aol.co.uk/articles/vernon-kay-tells-bbc-co-144355000.html,79a729172b3b86f1fe1feab9ba6b03c4,Vernon Kay tells BBC co - star  you nearly launched me under the bu after Tess Daly remark,20260904T151500Z,aol.co.uk,English,United Kingdom,pipeline,D3_인프라,2026-09-04
https://www.businesstimes.com.sg/companies-markets/pimco-fund-beating-97-peers-cuts-magnificent-seven-bet-asia,7a965485f40506a3eb26c8a417eaaea2,Pimco fund beating 97 % of peers cuts Magnificent Seven to bet on Asia,20260904T130000Z,businesstimes.com.sg,English,Singapore,pipeline,D3_인프라,2026-09-04
https://www.businesstimes.com.sg/singapore/dhl-partners-local-life-sciences-incubator-provide-cold-chain-logistics-biotech-startups,448574af85d8af48ce31b9c2ff910cd9,DHL partners local life - sciences incubator to provide cold chain logistics for biotech startups,20260904T164500Z,businesstimes.com.sg,English,Singapore,pipeline,D3_인프라,2026-09-04
https://www.riotimesonline.com/uganda-names-crude-oil-blend-pearl-sweet-2026/,9b94c25f644a26eaf7b645da3b53552e,Uganda Pearl Sweet Crude Named Ahead of First Oil,20260904T074500Z,riotimesonline.com,English,Brazil,pipeline,D3_인프라,2026-09-04
https://targetednews.com/pr_disp.php?pr_id=9730593,0f295d11959335db871354c275c0c80d,Targeted News Service,20260904T191500Z,targetednews.com,English,United States,pipeline,D3_인프라,2026-09-04
https://247wallst.com/investing/2026/09/04/3-data-center-reits-collecting-rent-from-the-ai-buildout/,219c8ccfecf05f23e63901e98852658f,3 REITs Getting Paid as Big Tech Builds Out AI,20260904T201500Z,247wallst.com,English,United States,pipeline,D3_인프라,2026-09-04
https://www.techtimes.com/articles/326610/20260904/samsung-32-inch-smart-tv-falls-under-98-knox-guards-network-not-your-data.htm,d12b60a8c50fa42c650c24434a78bc60,"Samsung 32 - Inch Smart TV Falls Under $98 : Knox Guards Network , Not Your Data",20260904T200000Z,techtimes.com,English,United States,pipeline,D3_인프라,2026-09-04
https://economictimes.indiatimes.com/tech/artificial-intelligence/ai-startup-crusoe-valued-at-30-billion-after-new-funding/articleshow/133751506.cms,19705e6f847cc9292052954f2793427d,Crusoe : AI startup Crusoe valued at $30 billion after new funding,20260904T050000Z,economictimes.indiatimes.com,English,India,pipeline,D3_인프라,2026-09-04
https://www.cnbc.com/2026/09/04/south-korea-ai-rally-society-impact.html,aa1bee6ab01264bec23c7d827f0b699f,"South Korea AI rally is reshaping romance , reality shows and academic preferences",20260904T004500Z,cnbc.com,English,United States,pipeline,D3_인프라,2026-09-04
https://www.standardmedia.co.ke/business/article/2001556931/forum-highlights-persistent-gaps-and-progress-for-women-in-tech,67dd74faa54ce1297741d646243eed61,Forum highlights persistent gaps and progress for women in tech,20260904T014500Z,standardmedia.co.ke,English,Kenya,pipeline,D3_인프라,2026-09-04
https://www.fool.com/investing/2026/09/04/should-you-buy-fervo-energy-while-its-below-30/?source=iedfolrf0000001,cf1ca99ad96ab3116eb115ef75cf43a6,Should You Buy Fervo Energy While It Below $30 ? ,20260904T144500Z,fool.com,English,United States,pipeline,D3_인프라,2026-09-04
https://www.thenorthernecho.co.uk/news/26518785.plans-lodged-new-darlington-stem-centre-science-park/,5729d26514d61cd2eb46eb8f77c4489c,Plans lodged for new Darlington STEM centre at Science Park,20260904T080000Z,thenorthernecho.co.uk,English,United Kingdom,pipeline,D3_인프라,2026-09-04
https://www.livemint.com/companies/from-mobiles-to-missiles-dixon-sets-sights-on-high-value-manufacturing-segments-11788531376220.html,8dd852e22d6b382d587304b41b5ea24d,From mobiles to missiles ? Dixon sets sights on high - value manufacturing segments,20260904T164500Z,livemint.com,English,India,pipeline,D3_인프라,2026-09-04
https://www.afl.com.au/news/1601469/afl-and-aflca-announce-first-nations-coaching-scholarship-recipients,d29776f7294fa2bb533fec638b33a987,AFL and AFLCA announce First Nations Coaching Scholarship recipients,20260904T050000Z,afl.com.au,English,Australia,pipeline,D3_인프라,2026-09-04
https://abc7ny.com/story/trump-names-adam-telle-acting-army-secretary-following-departure-driscoll/19788905/,65f8c46c5c8d0075343ccd5cfe3d0f0a,Trump names Adam Telle as acting Army secretary following the departure of Driscoll,20260904T124500Z,abc7ny.com,English,United States,pipeline,D3_인프라,2026-09-04
https://abc7news.com/story/trump-names-adam-telle-acting-army-secretary-following-departure-driscoll/19788905/,f6b2c7056334a35f97ed8f0fde88d983,Trump names Adam Telle as acting Army secretary following the departure of Driscoll,20260904T124500Z,abc7news.com,English,United States,pipeline,D3_인프라,2026-09-04
https://www.spokesman.com/stories/2026/sep/03/nvidia-bets-13-billion-on-open-ai-models-with-hugg/,3b5e5941d0342caf84ba5db2690fade9,Nvidia bets $13 billion on open AI models with Hugging Face deal,20260904T000000Z,spokesman.com,English,United States,pipeline,D3_인프라,2026-09-04
https://www.aol.com/articles/gilead-keeps-writing-bigger-checks-144551000.html,fdc454e75db973275dfbdef02673af50,Gilead Keeps Writing Bigger Checks But Can the Drugs Keep Paying for Them ? ,20260904T151500Z,aol.com,English,United States,pipeline,D3_인프라,2026-09-04
https://variety.com/2026/tv/markets-festivals/tamar-ai-tapnow-happyhorse-glanze-venice-production-bridge-1236846503/,862cb040ae522724233a6049d9f476e2,"Tamar AI TapNow , HappyHorse Bring AI Films to Venice , Unveil Glanze",20260904T093000Z,variety.com,English,United States,pipeline,D3_인프라,2026-09-04
https://www.equitybulls.com/category.php?id=374755,d9ce1086f76d356844eb45065a797c3d,Cohance Lifesciences advances its ADC strategy,20260904T124500Z,equitybulls.com,English,India,pipeline,D3_인프라,2026-09-04
https://www.thehindu.com/news/cities/Hyderabad/hyderabad-on-new-growth-orbit/article71424590.ece,4254f2713dd1bbf53f7ca8da2585e344,Hyderabad on new growth orbit,20260904T040000Z,thehindu.com,English,India,pipeline,D3_인프라,2026-09-04
https://www.ksat.com/news/politics/2026/09/03/trump-names-adam-telle-as-acting-army-secretary-following-the-departure-of-dan-driscoll/,dc8707e7f3d097a3cab98dd3e3cbad9d,Trump names Adam Telle as acting Army secretary following the departure of Driscoll,20260904T011500Z,ksat.com,English,United States,pipeline,D3_인프라,2026-09-04
https://www.clickondetroit.com/news/politics/2026/09/03/trump-names-adam-telle-as-acting-army-secretary-following-the-departure-of-dan-driscoll/,4cca638159a4f850990dac1cf66111b5,Trump names Adam Telle as acting Army secretary following the departure of Driscoll,20260904T020000Z,clickondetroit.com,English,United States,pipeline,D3_인프라,2026-09-04
https://thefederalist.com/2026/09/04/roy-cooper-is-the-latest-dem-to-campaign-like-a-moderate-and-govern-like-a-socialist/,0e737cb88a037acf635c92e833823c22,"Roy Cooper Campaigns Like A Moderate , Governs Like A Socialist",20260904T161500Z,thefederalist.com,English,United States,pipeline,D3_인프라,2026-09-04
https://www.finanznachrichten.de/nachrichten-2026-09/69495180-eqs-adhoc-dexus-finance-pty-limited-update-on-apac-matter-023.htm,75a4ba2ef02d1c204995f588d71a24cc,EQS - Adhoc : Dexus Finance Pty Limited : Update on APAC matter,20260904T093000Z,finanznachrichten.de,English,Germany,pipeline,D3_인프라,2026-09-04
https://tribuneonlineng.com/nesg-fg-seek-stronger-link-between-education-jobs-for-nigerian-youths/,b86ebe32fa4181e1b66f9caf82066906,"NESG , FG seek stronger link between education , jobs for Nigerian youths",20260904T124500Z,tribuneonlineng.com,English,Nigeria,pipeline,D3_인프라,2026-09-04
https://www.themarketsdaily.com/2026/09/04/nykredit-a-s-buys-shares-of-152520-targa-resources-inc-trgp.html,4dc25cdd27473ffc0f97def1bc4f4ca8,"Nykredit A S Buys Shares of 152 , 520 Targa Resources , Inc . $TRGP",20260904T094500Z,themarketsdaily.com,English,United States,pipeline,D3_인프라,2026-09-04
https://deadline.com/2026/09/lorenzo-mieli-ai-diesel-renzo-rosso-biodoc-be-brave-1237067492/,802e2d65d66e8d129aa2be2676d9356c,Lorenzo Mieli Talks AI - Made Diesel / Renzo Rosso Bio - Doc  Be Brave  ,20260904T100000Z,deadline.com,English,United States,pipeline,D3_인프라,2026-09-04
https://torontosun.com/opinion/columnists/politicians-failed-to-prepare-for-trump-tariffs,68171dd8622fca5e8c7fedb1ee95ea91,JAY GOLDBERG : Politicians failed to prepare for Trump tariffs,20260904T000000Z,torontosun.com,English,Canada,pipeline,D3_인프라,2026-09-04
https://finance.yahoo.com/markets/stocks/articles/daktronics-inc-q1-2027-earnings-205139008.html,cb3e8ce9dca540bb93c4387ecc66d2db,"Daktronics , Inc . Q1 2027 Earnings Call Summary",20260904T091500Z,finance.yahoo.com,English,United States,pipeline,D3_인프라,2026-09-04
https://www.aol.com/articles/analyst-resets-dell-stock-price-050300000.html,564765f47b87692f2b6eef8b920de226,Analyst resets Dell stock price target after earnings,20260904T084500Z,aol.com,English,United States,pipeline,D3_인프라,2026-09-04
https://www.standardmedia.co.ke/business/business/article/2001556918/state-to-certify-3727-informal-workers-in-skills-drive,9da4bf84d0d706641740d85200034918,"State to certify 3 , 727 informal sector workers in major skills formalisation push",20260904T033000Z,standardmedia.co.ke,English,Kenya,pipeline,D3_인프라,2026-09-04
https://www.fool.com/investing/2026/09/04/3-reasons-wall-street-analysts-remain-bullish-on-n/?source=iedfolrf0000001,5d9da666dcb30fc0e57752038fb835cf,3 Reasons Wall Street Analysts Remain Bullish on NuScale Power Stock,20260904T124500Z,fool.com,English,United States,pipeline,D3_인프라,2026-09-04
https://www.wealthmanagement.com/wirehouse-news/ubs-recruits-3-advisor-teams-of-combined-2-6b-in-client-assets,3c673e1590b6fda7d8a1af86e1a6bfa4,UBS Wins 3 Advisor Teams of Combined $2 . 6B in Client Assets,20260904T200000Z,wealthmanagement.com,English,United States,pipeline,D3_인프라,2026-09-04
https://www.equitybulls.com/category.php?id=374769,d1278928521c029505c0b7857d3a7427,Brahmaputra Infrastructure Limited Reports Strong Order Book Position and Strategic Expansion Plans,20260904T124500Z,equitybulls.com,English,India,pipeline,D3_인프라,2026-09-04
https://kchanews.com/2026/09/04/summit-pulls-pair-of-sequestration-permits-in-north-dakota/,4f57401a29e7fa714aea1978751cf02d,Summit Pulls Pair of Sequestration Permits in North Dakota – KCHA News,20260904T204500Z,kchanews.com,English,United States,pipeline,D3_인프라,2026-09-04
https://www.esecurityplanet.com/weekly-roundup/ai-attack-surfaces-and-supply-chain-threats-define-the-week/,179b33d88c19d22e992f24d07a0623d0,AI Attack Surfaces and Supply Chain Threats Define the Week,20260904T164500Z,esecurityplanet.com,English,United States,pipeline,D3_인프라,2026-09-04
https://www.aol.com/articles/3-pipeline-stocks-paying-huge-142508000.html,984b45dbb989038d181b7917ade0b492,3 Pipeline Stocks Paying Huge Dividends Without Stretching the Payout,20260904T151500Z,aol.com,English,United States,pipeline,D3_인프라,2026-09-04
https://www.wsfa.com/2026/09/04/trump-names-adam-telle-acting-army-secretary-following-departure-driscoll/,6d63304492978c9275a48374f4212d44,Trump names Adam Telle as acting Army secretary following the departure of Driscoll,20260904T191500Z,wsfa.com,English,United States,pipeline,D3_인프라,2026-09-04
https://abcnews.com/US/wireStory/trump-names-adam-telle-acting-army-secretary-departure-136189534,7ef477cff31631286b0b7a528bd4753f,Trump names Adam Telle as acting Army secretary following the departure of Driscoll,20260904T080000Z,abcnews.com,English,United States,pipeline,D3_인프라,2026-09-04
https://www.themarketsdaily.com/2026/09/04/energy-transfer-nyseet-price-target-raised-to-25-00.html,dd4cf007d3ef36f25e49f89760c23092,Energy Transfer ( NYSE : ET ) Price Target Raised to $25 . 00,20260904T164500Z,themarketsdaily.com,English,United States,pipeline,D3_인프라,2026-09-04
https://www.mining.com/new-deals-sharpen-south-americas-critical-minerals-edge/,5a49eb2547124a3324d1475ba6791fa4,New deals sharpen South America critical minerals edge,20260904T180000Z,mining.com,English,Canada,pipeline,D3_인프라,2026-09-04
https://www.deccanchronicle.com/southern-states/tamil-nadu/anna-nagar-residents-flag-ecoli-in-drinking-water-seek-independent-probe-1984760,32e1069b89109e425a30b8a9ba026152,"Anna Nagar Residents Flag E . Coli in Drinking Water , Seek Independent Probe",20260904T070000Z,deccanchronicle.com,English,India,pipeline,D3_인프라,2026-09-04
https://www.rttnews.com/3688615/tarsus-pharmaceuticals-completes-alkeus-acquisition-adds-phase-3-stargardt-disease-program.aspx,98384af775e7b6d51e73794e5518c704,Tarsus Pharmaceuticals Completes Alkeus Acquisition ; Adds Phase 3 Stargardt Disease Program,20260904T150000Z,rttnews.com,English,United States,pipeline,D3_인프라,2026-09-04
https://newswithviews.com/california-is-handing-control-of-its-fuel-supply-to-foreign-refineries/,67e64dd761d2346cd579c5d4d915be83,California is Handing Control of Its Fuel Supply to Foreign Refineries,20260904T004500Z,newswithviews.com,English,United States,pipeline,D3_인프라,2026-09-04
https://www.aol.co.uk/articles/dwp-confirms-86-weekly-extra-090600000.html,e3163dcb174d94f6626aabe05dddb7e1,DWP confirms £86 weekly extra for state pensioners with one condition,20260904T094500Z,aol.co.uk,English,United Kingdom,pipeline,D3_인프라,2026-09-04
https://www.equitybulls.com/category.php?id=374749,3b27e6272b2b586a10c3cb87acfbeed3,Solex Energy Receives Work Orders Worth ₹74 . 77 Crore for Solar PV Modules,20260904T124500Z,equitybulls.com,English,India,pipeline,D3_인프라,2026-09-04
https://www.sowetan.co.za/news/africa/2026-09-04-at-least-37-die-of-fumes-in-nigeria-oil-pipeline-incident-group-says/,7b1bbe201aee1635091984cb8d3f64b3,"At least 37 die of fumes in Nigeria oil pipeline incident , group says",20260904T164500Z,sowetan.co.za,English,South Africa,pipeline,D3_인프라,2026-09-04
https://aninews.in/news/business/kayhan-entertainment-secures-two-national-honours-across-six-nominations-at-ann-awards-202620260904133703/,bf66c12b25f7b5354ee3d13bd4a9eda1,Kayhan Entertainment Secures Two National Honours Across Six Nominations at ANN Awards 2026,20260904T084500Z,aninews.in,English,India,pipeline,D3_인프라,2026-09-04
https://www.insidermonkey.com/blog/novartis-nvss-latest-basel-move-signals-a-shift-in-strategic-priorities-1827205/,5c2b327587335fac2968b13162c5b30d,Novartis ( NVS ) Latest Basel Move Signals a Shift in Strategic Priorities,20260904T020000Z,insidermonkey.com,English,United States,pipeline,D3_인프라,2026-09-04
https://timesofindia.indiatimes.com/world/us/in-2011-illinois-businessman-jim-bolin-built-a-record-breaking-wind-chime-to-draw-travelers-into-casey-15-years-later-his-project-had-grown-to-21-giant-objects-and-12-guinness-records/articleshow/133751163.cms,8409c9f262270396beb7c2190fcb28b5,"In 2011 , Illinois businessman Jim Bolin built a record - breaking wind chime to draw travelers into Casey ; 15 years later , his project had grown to 21 giant objects and 12 Guinness records",20260904T070000Z,timesofindia.indiatimes.com,English,India,pipeline,D3_인프라,2026-09-04
https://www.aol.com/articles/ai-helping-medicines-patients-sooner-162944000.html,7f47df3d6757f7ea8237fc37560ff920,AI is helping get new medicines to patients sooner . Here how,20260904T181500Z,aol.com,English,United States,pipeline,D3_인프라,2026-09-04
https://www.express.co.uk/finance/personalfinance/2245224/DWP-confirms-86-weekly-extra,2e89399231bcfd9f87c67b95761eaae8,DWP confirms £86 weekly extra for state pensioners with one condition,20260904T100000Z,express.co.uk,English,United Kingdom,pipeline,D3_인프라,2026-09-04
https://www.fool.com/investing/2026/09/04/2-stocks-down-8-or-more-that-are-screaming-buys-ri/?source=iedfolrf0000001,f552ba09997803dafed7fee2ccc0ac72,2 Stocks Down 8 % or More That Are Screaming Buys Right Now,20260904T164500Z,fool.com,English,United States,pipeline,D3_인프라,2026-09-04
https://screenrant.com/marvel-rivals-gamescom-2026-interview/,79643fa43c5237df477697463227d27f,Marvel Rivals : NetEase Talks Marvel Collabs And Teases The Big  Secrets  Of Season 10 And Beyond,20260904T164500Z,screenrant.com,English,United States,pipeline,D3_인프라,2026-09-04
https://www.nzherald.co.nz/nz/politics/election-2026-act-to-stop-road-funding-going-towards-public-art-protect-maintenance-money/XL6V6C2BG5EFPLDG4BVRBWVHAA/,8edfe90cd2077893367a8daa36b0f757,"Election 2026 : Act to stop road funding going towards public art , protect maintenance money",20260904T004500Z,nzherald.co.nz,English,New Zealand,pipeline,D3_인프라,2026-09-04
https://thenextweb.com/news/moonshot-hong-kong-ipo-5bn-export-controls-capital,c7a39cf5af87e656d301247a1a49083a,"Export controls went after China chips . They never touched the capital , and Moonshot is reportedly seeking $5bn . ",20260904T191500Z,thenextweb.com,English,United States,pipeline,D3_인프라,2026-09-04
https://wwd.com/eye/people/solly-mcleod-practical-magic-two-1239176442/,3f2ce93100f5cb1a231f36fb67960efc,"Solly McLeod Talks  Practical Magic 2 , Future Film Projects",20260904T201500Z,wwd.com,English,United States,pipeline,D3_인프라,2026-09-04
https://www.freepressjournal.in/tech/95-of-indias-international-data-passes-through-one-mumbai-beach-can-the-country-fix-its-undersea-vulnerability,d82094b5f8ab2266bd0ebd84e5678d28,95 % of India International Data Passes Through One Mumbai Beach : Can The Country Fix Its Undersea Vulnerability ? ,20260904T070000Z,freepressjournal.in,English,India,pipeline,D3_인프라,2026-09-04
https://www.pr-inside.com/class-action-lawsuit-filed-against-hyliion-holdings-corp-hyln-r5219393.htm,43a9fbe4373bcc3452738f89f03aa447,Class Action Lawsuit Filed Against Hyliion Holdings Corp . ( HYLN ) - ... ,20260904T161500Z,pr-inside.com,English,United States,pipeline,D3_인프라,2026-09-04
https://www.pr-inside.com/october-27-2026-deadline-join-class-action-lawsuit-against-hyliion-r5219473.htm,c353d7a66b990eb818e2581b4fa53e0f,"October 27 , 2026 Deadline : Join Class Action Lawsuit Against Hyliion ... ",20260904T180000Z,pr-inside.com,English,United States,pipeline,D3_인프라,2026-09-04
https://www.pr-inside.com/recover-investment-losses-class-action-initiated-against-hyliion-holdings-r5219461.htm,ac03111c0eb78f229f2e214798ef5a49,Recover Investment Losses : Class Action Initiated Against Hyliion Holdings ... ,20260904T180000Z,pr-inside.com,English,United States,pipeline,D3_인프라,2026-09-04
https://www.journalgazette.net/news/national/trump-names-adam-telle-as-acting-army-secretary-following-the-departure-of-driscoll/article_84a04f75-da14-561d-aae4-fa73484d9ccb.html,da1d31670706dbedf1bfa5adea4654eb,Trump names Adam Telle as acting Army secretary following the departure of Driscoll,20260904T041500Z,journalgazette.net,English,United States,pipeline,D3_인프라,2026-09-04
https://www.nationalmortgagenews.com/news/better-battle-continues-with-gargs-90-day-return-plan,0edb694e672f01e86c1da6e15e5ec34f,Better battle continues with Garg 90 - day return plan | National Mortgage News,20260904T204500Z,nationalmortgagenews.com,English,United States,pipeline,D3_인프라,2026-09-04
https://www.insidermonkey.com/blog/chargepoint-chpts-70-surge-is-the-ev-charging-turnaround-finally-taking-hold-1827301/,9d3248ba80624858bb1fed6b97cf63d5,ChargePoint ( CHPT ) 70 % Surge : Is the EV Charging Turnaround Finally Taking Hold ? ,20260904T020000Z,insidermonkey.com,English,United States,pipeline,D3_인프라,2026-09-04
https://bianet.org/haber/two-companies-sent-over-14-million-barrels-of-oil-from-ceyhan-port-to-israel-amidst-turkeys-trade-embargo-323186,8d40e0aabb2a61b9d5c43c9d24ad2f12,Two companies sent over 14 million barrels of oil from Ceyhan port to Israel amidst Turkey trade embargo,20260904T164500Z,bianet.org,English,Turkey,pipeline,D3_인프라,2026-09-04
https://www.rappler.com/voices/thought-leaders/mind-the-gap-filipinos-predicament-asylum-united-states/,08a182da782116f85e8ea4683cbffde6, [ Mind The Gap ] A Pinoy TNT survival mode :    Weather - weather lang  yan ! ,20260904T144500Z,rappler.com,English,Philippines,pipeline,D3_인프라,2026-09-04
https://www.fool.com/investing/2026/09/04/is-marvell-technology-a-millionaire-maker-stock/?source=iedfolrf0000001,0f617e72e05df2079b3a25b22f9938a7,Is Marvell Technology a Millionaire - Maker Stock ? ,20260904T124500Z,fool.com,English,United States,pipeline,D3_인프라,2026-09-04
https://theconversation.com/metas-18b-settlement-echoes-past-tobacco-lawsuits-and-how-they-avoided-harsh-penalties-290819,4722f2ae9fa32471cc12c25727d30e0a,Meta $18b settlement echoes past tobacco lawsuits – and how they avoided harsh penalties,20260904T003000Z,theconversation.com,English,Australia,pipeline,D3_인프라,2026-09-04
https://www.business-standard.com/finance/personal-finance/rising-bond-yields-how-should-debt-fund-investors-manage-duration-risk-126090401274_1.html,ff6bb25de76d3f7b3ed55dc0a13d69ee,Rising bond yields : How should debt fund investors manage duration risk ? ,20260904T164500Z,business-standard.com,English,India,pipeline,D3_인프라,2026-09-04
https://thenextweb.com/news/adobe-chakravarthy-ceo-enterprise-side-succession,66f9e74dc1e826d820d9b0b8a104c622,Adobe just handed Photoshop to someone who has never run it,20260904T191500Z,thenextweb.com,English,United States,pipeline,D3_인프라,2026-09-04
https://www.stiripesurse.ro/president-nicusor-dan-welcomes-newly-appointed-ambassadors-at-cotroceni-palace-focuses-on-economic-ties_3917487,08531d66c21ff86b8e21ddb6b8635d81,"President Nicusor Dan welcomes newly appointed ambassadors at Cotroceni Palace , focuses on economic ties",20260904T194500Z,stiripesurse.ro,English,Romania,pipeline,D3_인프라,2026-09-04
https://nationalpost.com/news/canada/meet-the-indigenous-lawyer-whos-shaking-up-albertas-independence-movement,4b94a38c0f1296e747ef864a091e8340,The Indigenous lawyer who shaking up Alberta independence movement,20260904T091500Z,nationalpost.com,English,Canada,pipeline,D3_인프라,2026-09-04
https://www.middleeastmonitor.com/20260904-burnham-apologized-britains-arms-licenses-tell-a-different-story/,f65907a8376af2521ad926d41d20f5a5,Burnham apologised . Britain arms licences tell a different story – Middle East Monitor,20260904T191500Z,middleeastmonitor.com,English,Israel,pipeline,D3_인프라,2026-09-04
https://www.pressdemocrat.com/2026/09/03/wilner-hotline-recruiting-roundup-cal-ucla-arizona-pac-12-acc-big-ten/,36e143def5a2ee05bf4d404f38e9f60c,Recruiting roundup : Cal - UCLA rivalry heats up off the field,20260904T000000Z,pressdemocrat.com,English,United States,pipeline,D3_인프라,2026-09-04
https://www.dickinsoncountynews.com/articles/dickinsoncountynews-2/letter-to-the-editor-156/,153234f0612d0926cedf67fc1b1da1e4,Letter to the Editor - Enterprise Media,20260904T041500Z,dickinsoncountynews.com,English,United States,pipeline,D3_인프라,2026-09-04
https://www.iraqoilreport.com/news/iraq-set-to-boost-northern-oil-exports-with-trucking-from-south-47943/,926c3c934e8322d24c9126418885950c,Iraq set to boost northern oil exports with trucking from south,20260904T204500Z,iraqoilreport.com,English,Iraq,pipeline,D3_인프라,2026-09-04
https://www.livemint.com/market/stock-market-news/taril-share-price-taril-stock-transformers-11788437112730.html,13781a46e83bae2f5b3671e72fae0da9,"Low valuation , strong growth : Is this transformer stock charged up for success ? ",20260904T040000Z,livemint.com,English,India,pipeline,D3_인프라,2026-09-04
https://www.androidpolice.com/i-type-thousands-words-daily-this-keyboard-app-beats-google-gboard/,f731ed865d7c738b18a525f04b3370e8,I type thousands of words daily ; this keyboard app beats Google Gboard by a mile,20260904T124500Z,androidpolice.com,English,United States,pipeline,D3_인프라,2026-09-04
https://targetednews.com/pr_disp.php?pr_id=9730644,2cf2b30f8a6afbaf412d748319d285a4,Targeted News Service,20260904T191500Z,targetednews.com,English,United States,pipeline,D3_인프라,2026-09-04
https://www.lbc.co.uk/article/nhs-doctors-training-uk-graduates-5Hjdgxy_2/,f9e30a235e9c5cb9805a1fc9820738f2,Prioritising united kingdom graduates for NHS training boosts number of homegrown doctors,20260904T091500Z,lbc.co.uk,English,United Kingdom,pipeline,D3_인프라,2026-09-04
https://edmontonjournal.com:443/news/canada/meet-the-indigenous-lawyer-whos-shaking-up-albertas-independence-movement,91ab681ac7613985ddacca75177cebfc,The Indigenous lawyer who shaking up Alberta independence movement,20260904T100000Z,edmontonjournal.com,English,Canada,pipeline,D3_인프라,2026-09-04
https://marcellusdrilling.com/2026/09/850-mmcf-d-of-m-u-demand-vanishes-sept-19-as-cove-point-shuts/,1c5e1e195b3dfefae9678f6d15a73020,850 MMcf / d of M - U Demand Vanishes Sept . 19 as Cove Point Shuts,20260904T181500Z,marcellusdrilling.com,English,United States,pipeline,D3_인프라,2026-09-04
https://www.juneesoutherncross.com.au/story/9344148/time-running-out-to-keep-housing-developer-afloat/,2782c28fa686c4824b5c1e5733aa8e56,Time running out to keep housing developer afloat,20260904T074500Z,juneesoutherncross.com.au,English,Australia,pipeline,D3_인프라,2026-09-04
https://calgaryherald.com:443/news/canada/meet-the-indigenous-lawyer-whos-shaking-up-albertas-independence-movement,37d9590b010842a60010b8701849ce0e,The Indigenous lawyer who shaking up Alberta independence movement,20260904T093000Z,calgaryherald.com,English,Canada,pipeline,D3_인프라,2026-09-04
https://www.theguardian.com/australia-news/2026/sep/04/bathla-group-collapse-one-of-many-warning-signs-for-australia-construction-industry,5ad053550bdf46edc1e1b09aa4f40473,Shaky foundations : Bathla downfall is one of many warning signs for Australia construction industry | Housing,20260904T040000Z,theguardian.com,English,United Kingdom,pipeline,D3_인프라,2026-09-04
https://www.forbes.com/councils/forbesbusinesscouncil/2026/09/04/is-private-credit-right-for-your-real-estate-project-five-questions-developers-should-ask/,f7396e29081d199c6a64b9a9072ab812,Is Private Credit Right For Your Real Estate Project ? ,20260904T124500Z,forbes.com,English,United States,pipeline,D3_인프라,2026-09-04
https://www.fool.com/investing/2026/09/03/nvidia-says-its-cloud-customers-are-sitting-on-a-usd2-trillion-backlog-here-s-what-nvidia-s-cut-is-worth-by-2028/,2ca5a897e9e65e1c9c38a08cb8e0b60a,Nvidia Says Its Cloud Customers Are Sitting on a $2 Trillion Backlog -- Here What Nvidia Cut Is Worth by 2028,20260904T073000Z,fool.com,English,United States,pipeline,D3_인프라,2026-09-04
https://www.airforcetimes.com/industry/techwatch/2026/09/04/space-industry-lacks-workers-needed-to-rebuild-satellites-lost-in-war-report-says/,c36fc62702004d2aa897463ea01749ea,"Space industry lacks workers needed to rebuild satellites lost in war , report says",20260904T163000Z,airforcetimes.com,English,United States,pipeline,D3_인프라,2026-09-04
https://www.investmentnews.com/regulation-legal-compliance/altruist-vp-was-cited-in-vanguards-2025-just-invest-lawsuit/268083,ed051dd7be6dc510544b58d0b2fc4833,Altruist VP was cited in Vanguard 2025 Just Invest lawsuit,20260904T031500Z,investmentnews.com,English,United States,pipeline,D3_인프라,2026-09-04
https://www.santafenewmexican.com/news/local_news/how-did-santa-fe-spend-nearly-700-000-in-supports-for-immigrants/article_14b4f331-7cc0-439b-afa3-d001811d6f39.html,5f59f24d6ce63a3dde1d9c6bbe6b0e10,"How did Santa Fe spend nearly $700 , 000 in supports for immigrants ? ",20260904T143000Z,santafenewmexican.com,English,United States,pipeline,D3_인프라,2026-09-04
https://torontosun.com/opinion/editorials/editorial-even-liberals-endorse-conservative-policies,6eb1b2a9ce1b61552bbbc48993a8b0a1,EDITORIAL : Even Liberals endorse Conservative policies,20260904T000000Z,torontosun.com,English,Canada,pipeline,D3_인프라,2026-09-04
https://www.dorsetecho.co.uk/news/26498080.dorset-artsreach-announced-touring-programme-autumn/,f8498420af8cc85fb7733cfe5728b5f9,Dorset : Artsreach announced touring programme for autumn,20260904T074500Z,dorsetecho.co.uk,English,United Kingdom,pipeline,D3_인프라,2026-09-04
https://edmontonjournal.com:443/commodities/energy/ontario-quebec-rely-on-u-s-gas-could-they-realistically-get-it-from-alberta/wcm/dcfff9f0-b799-4c5c-926b-9b0be0178982,42cf83e3fc2d87fd0970aa4527d22102,"  Protection for Canada : Ontario , Quebec rely on U . S . gas . Could they get it from Alberta ? ",20260904T191500Z,edmontonjournal.com,English,Canada,pipeline,D3_인프라,2026-09-04
https://www.inforum.com/news/north-dakota/is-the-fargo-area-getting-another-data-center,dcfffc09f1405ea31554ca20ae0627a4,Is the Fargo area getting another data center ? ,20260904T020000Z,inforum.com,English,United States,pipeline,D3_인프라,2026-09-04
https://calgaryherald.com:443/commodities/energy/ontario-quebec-rely-on-u-s-gas-could-they-realistically-get-it-from-alberta/wcm/01ccef55-1f93-431a-a202-530fd8fb9cf7,5579d8a044938899507068537abcf9fc,"  Protection for Canada : Ontario , Quebec rely on U . S . gas . Could they get it from Alberta ? ",20260904T143000Z,calgaryherald.com,English,Canada,pipeline,D3_인프라,2026-09-04
https://timesofindia.indiatimes.com/science/why-eos-05-matters-isro-breaks-gisat-jinx-returns-to-flight-gets-1st-success-of-2026/articleshow/133754361.cms,0c52a3be7b6ef2d0eb81830340cfced8,"Why EOS - 05 matters : Isro breaks Gisat jinx , returns to flight & gets 1st success of 2026",20260904T074500Z,timesofindia.indiatimes.com,English,India,pipeline,D3_인프라,2026-09-04
https://punchng.com/rivers-oil-tragedy-37-die-from-toxic-fumes/,6864adb17c28a953a23e500f6cc9cb0d,Rivers Oil Tragedy : 37 Dead From Toxic Fumes in Okrika,20260904T020000Z,punchng.com,English,Nigeria,pipeline,D3_인프라,2026-09-04
https://bbs.wenxuecity.com/65577214877/8014948.html,4f966454e49ef73712a63a44b77b6d31,head to head comparison : UCB VS Michigan - whaled发表于 伯克利 - 论坛,20260904T091500Z,bbs.wenxuecity.com,English,China,pipeline,D3_인프라,2026-09-04
http://www.prnewswire.com/news-releases/cypress-creek-energys-ostrea-solar-reaches-commercial-operation-helping-power-nations-fastest-growing-state-economy-302869104.html,1549d114ca900d306ac95e3500fc13ae,"Cypress Creek Energy Ostrea Solar Reaches Commercial Operation , Helping Power Nation Fastest - Growing State Economy",20260904T014500Z,prnewswire.com,English,United States,pipeline,D3_인프라,2026-09-04
https://www.manningrivertimes.com.au/story/9344148/time-running-out-to-keep-housing-developer-afloat/,dd4952a469f46847f7b76e421a6f0766,Time running out to keep housing developer afloat,20260904T084500Z,manningrivertimes.com.au,English,Australia,pipeline,D3_인프라,2026-09-04
https://www.gloucesteradvocate.com.au/story/9344148/time-running-out-to-keep-housing-developer-afloat/,67c9a21d11317369f364bf88bf94028c,Time running out to keep housing developer afloat,20260904T071500Z,gloucesteradvocate.com.au,English,Australia,pipeline,D3_인프라,2026-09-04
https://www.sconeadvocate.com.au/story/9344148/time-running-out-to-keep-housing-developer-afloat/,0bf3bfdd93e2111b89e30f753d005f9c,Time running out to keep housing developer afloat,20260904T071500Z,sconeadvocate.com.au,English,Australia,pipeline,D3_인프라,2026-09-04
https://www.macleayargus.com.au/story/9344148/time-running-out-to-keep-housing-developer-afloat/,420f1a13f0db6c10b5b940edcdfc63d0,Time running out to keep housing developer afloat,20260904T080000Z,macleayargus.com.au,English,Australia,pipeline,D3_인프라,2026-09-04
https://www.bunburymail.com.au/story/9344148/time-running-out-to-keep-housing-developer-afloat/,f9ee9c7caf0783bc026a8e3d2472985c,Time running out to keep housing developer afloat,20260904T080000Z,bunburymail.com.au,English,Australia,pipeline,D3_인프라,2026-09-04
https://www.irrigator.com.au/story/9344148/time-running-out-to-keep-housing-developer-afloat/,fc7892cadf059113bd9ff0fc3a7ee43b,Time running out to keep housing developer afloat,20260904T080000Z,irrigator.com.au,English,Australia,pipeline,D3_인프라,2026-09-04
https://www.braidwoodtimes.com.au/story/9344148/time-running-out-to-keep-housing-developer-afloat/,07f46a05b1d158f4e4586a2af50ebdb1,Time running out to keep housing developer afloat,20260904T080000Z,braidwoodtimes.com.au,English,Australia,pipeline,D3_인프라,2026-09-04
https://www.wellingtontimes.com.au/story/9344148/time-running-out-to-keep-housing-developer-afloat/,6597662fff1e4e966a959975b11f4dd5,Time running out to keep housing developer afloat,20260904T084500Z,wellingtontimes.com.au,English,Australia,pipeline,D3_인프라,2026-09-04
https://www.crookwellgazette.com.au/story/9344148/time-running-out-to-keep-housing-developer-afloat/,0c9200dd3231e86f89fabb91919bf525,Time running out to keep housing developer afloat,20260904T070000Z,crookwellgazette.com.au,English,Australia,pipeline,D3_인프라,2026-09-04
https://www.portnews.com.au/story/9344148/time-running-out-to-keep-housing-developer-afloat/,56c72f56e601530ff5088ee68d6d64b3,Time running out to keep housing developer afloat,20260904T070000Z,portnews.com.au,English,Australia,pipeline,D3_인프라,2026-09-04
https://www.armidaleexpress.com.au/story/9344148/time-running-out-to-keep-housing-developer-afloat/,b8b3c0b47ec37a498108759a280babd7,Time running out to keep housing developer afloat,20260904T070000Z,armidaleexpress.com.au,English,Australia,pipeline,D3_인프라,2026-09-04
https://www.therural.com.au/story/9344148/time-running-out-to-keep-housing-developer-afloat/,10059577b49c2cbb336b7089379379bc,Time running out to keep housing developer afloat,20260904T070000Z,therural.com.au,English,Australia,pipeline,D3_인프라,2026-09-04
https://www.muswellbrookchronicle.com.au/story/9344148/time-running-out-to-keep-housing-developer-afloat/,b89ddbc860331e3359ce31840a089035,Time running out to keep housing developer afloat,20260904T091500Z,muswellbrookchronicle.com.au,English,Australia,pipeline,D3_인프라,2026-09-04
https://www.cessnockadvertiser.com.au/story/9344148/time-running-out-to-keep-housing-developer-afloat/,0d4907a2af9fd8e7e0205ea91ed1c914,Time running out to keep housing developer afloat,20260904T101500Z,cessnockadvertiser.com.au,English,Australia,pipeline,D3_인프라,2026-09-04
https://www.gleninnesexaminer.com.au/story/9344148/time-running-out-to-keep-housing-developer-afloat/,4c518ad8a047fad5578665782389a5a0,Time running out to keep housing developer afloat,20260904T080000Z,gleninnesexaminer.com.au,English,Australia,pipeline,D3_인프라,2026-09-04
https://www.begadistrictnews.com.au/story/9344148/time-running-out-to-keep-housing-developer-afloat/,eb78eedfc8d6ebd86eddcf730a5f897b,Time running out to keep housing developer afloat,20260904T074500Z,begadistrictnews.com.au,English,Australia,pipeline,D3_인프라,2026-09-04
https://www.southcoastregister.com.au/story/9344148/time-running-out-to-keep-housing-developer-afloat/,ab1244e298702298945da58790b5bbd7,Time running out to keep housing developer afloat,20260904T071500Z,southcoastregister.com.au,English,Australia,pipeline,D3_인프라,2026-09-04
https://www.themarketsdaily.com/2026/09/04/td-waterhouse-canada-inc-has-863-95-million-position-in-enbridge-inc-enb.html,8ee66328753f618c0318812ebf17ecd5,TD Waterhouse Canada Inc . Has $863 . 95 Million Position in Enbridge Inc $ENB,20260904T101500Z,themarketsdaily.com,English,United States,pipeline,D3_인프라,2026-09-04
http://www.thegazette.com/news/state/iowa-prepares-for-a-possible-nuclear-power-expansion/article_1faf701f-3e78-4065-8b54-5d1a3d3aaba2.html,c800f7eec958093b91ec4d86550bea5a,Iowa prepares for a possible nuclear power expansion | Iowa State Legislative News,20260904T000000Z,thegazette.com,English,United States,pipeline,D3_인프라,2026-09-04
https://www.thelocal.de/20260904/today-in-germany-a-roundup-of-the-latest-news-on-friday-138,c244bb5e53415c4d114a52f6de04ceb9,Today in Germany : A roundup of the latest news on Friday,20260904T070000Z,thelocal.de,English,Germany,pipeline,D3_인프라,2026-09-04
https://www.knau.org/knau-and-arizona-news/2026-09-03/grand-canyon-national-park-expands-list-of-trail-closures-in-response-to-flood,5b89e6077e5fdbe8efc815e789e4d855,Grand Canyon National Park expands list of trail closures in response to flood,20260904T014500Z,knau.org,English,United States,pipeline,D3_인프라,2026-09-04
https://www.globalissues.org/news/2026/09/04/43969,4c7053effdfbda1ce502fea02af88258,Africa Rangelands Are the Frontline of Resilience – COP17 Showed Why Global Issues,20260904T183000Z,globalissues.org,English,United States,pipeline,D3_인프라,2026-09-04
https://gamerheadlines.com/capcom-spotlight-digital-event-announced-for-june-25-2026/,7177779457f04644c8c1bb9f38d99b00,"Capcom Spotlight Digital Event Announced For June 25 , 2026",20260904T194500Z,gamerheadlines.com,English,Japan,pipeline,D3_인프라,2026-09-04
https://ismatimes.com/aliste-hotels-vrindavan/,81f4ca3bb122b2722b2a435e414510c3,"Aliste Hotels & Resorts Expands Presence with New Property Near Prem Mandir , Vrindavan",20260904T210000Z,ismatimes.com,English,India,pipeline,D3_인프라,2026-09-04
https://www.aol.com/articles/qualcomm-lost-third-value-3-143154000.html,869647c97989fdb50eaaf7776276acdd,Qualcomm Lost a Third of Its Value in 3 Months . One Wall Street Pro Sees 140 % Upside From Here,20260904T151500Z,aol.com,English,United States,pipeline,D3_인프라,2026-09-04
https://www.thehindu.com/life-and-style/homes-and-gardens/chennai-office-space-demand-stays-strong-as-gccs-drive-growth/article71422601.ece,c8e479875747fc999da852bcdeb48e17,Chennai office space demand stays strong as GCCs drive growth,20260904T124500Z,thehindu.com,English,India,pipeline,D3_인프라,2026-09-04
https://ysph.yale.edu/news-article/from-classroom-to-conversation-ysph-students-produce-six-part-series-on-vaccine-hesitancy/,c99dc4485074bac5ea19c1bb59170a36,From Classroom to Conversation : YSPH students produce six - part series on vaccine hesitancy,20260904T151500Z,ysph.yale.edu,English,United States,pipeline,D3_인프라,2026-09-04
https://vir.com.vn/investors-in-22-billion-quynh-lap-lng-project-assigned-urgent-missions-159686.html,68cf48c11af8d84a7228971432771e50,Investors in $2 . 2 billion Quynh Lap LNG project assigned urgent missions,20260904T091500Z,vir.com.vn,English,Vietnam,pipeline,D3_인프라,2026-09-04
https://www.independent.com/2026/09/04/housing-authority-executive-director-ceo-rob-fredericks-announces-planned-retirement-at-end-of-2027-2/,fd7698bd155ae44c372caa0b43a279b5,Housing Authority Executive Director / CEO Rob Fredericks Announces Planned Retirement at End of 2027,20260904T184500Z,independent.com,English,United States,pipeline,D3_인프라,2026-09-04
https://www.finanznachrichten.de/nachrichten-2026-09/69500516-tgi-fridays-signs-landmark-development-agreement-with-devolli-group-accelerating-global-growth-with-first-ever-expansion-into-the-balkans-008.htm,fb28366022ada4f4462d5f6e883bfa9d,"TGI Fridays Signs Landmark Development Agreement with Devolli Group , Accelerating Global Growth with First - Ever Expansion into the Balkans",20260904T200000Z,finanznachrichten.de,English,Germany,pipeline,D3_인프라,2026-09-04
https://www.gdnonline.com:443/Details/1405352,510e5a7e9fd8c4d2a7155784c69631ad,KSA Business : SDEC targets Saudi earthmoving growth with Mahindra backhoe loaders,20260904T180000Z,gdnonline.com,English,United States,pipeline,D3_인프라,2026-09-04
https://smallbiztrends.com/sales-management-best-practices/,86acfc0e9a2e3dd84f05ee8e7768c586,5 Essential Best Practices for Sales Management,20260904T000000Z,smallbiztrends.com,English,United States,pipeline,D3_인프라,2026-09-04
https://www.arabnews.com/middle-east/how-war-turned-captivity-into-sudans-ransom-economy-currency-3000337,1a7776cd48d8e97df38450e597bbda6e,Arab News | How war turned captivity into Sudan ransom economy currency,20260904T093000Z,arabnews.com,English,Saudi Arabia,pipeline,D3_인프라,2026-09-04
https://www.newcivilengineer.com/uncategorized/sp-pmi-suggests-construction-decline-despite-optimism-for-year-ahead-04-09-2026/,3dc93edc7d702f523c91a31cd82522d9,S & P PMI suggests construction decline despite optimism for year ahead,20260904T124500Z,newcivilengineer.com,English,United Kingdom,pipeline,D3_인프라,2026-09-04
https://www.noozhawk.com/housing-authority-ceo-rob-fredericks-to-retire-at-end-of-2027/,2f9a56cd4eb87cde230ff0a874b4560d,Housing Authority CEO Rob Fredericks to Retire in 2027,20260904T040000Z,noozhawk.com,English,United States,pipeline,D3_인프라,2026-09-04
https://www.americanbanker.com/news/how-tradepmr-by-robinhood-pitches-financial-advisors-rias,d95462e715439574155e09119216773e,"How TradePMR by Robinhood pitches financial advisors , RIAs",20260904T014500Z,americanbanker.com,English,United States,pipeline,D3_인프라,2026-09-04
https://www.nursingtimes.net/education-and-training/driving-placement-success-coaching-strategies-that-build-lasting-learner-confidence-04-09-2026/,897918fdc35b02ef6b385760f6ff7350,  Placements : coaching strategies that build learner confidence  ,20260904T070000Z,nursingtimes.net,English,United Kingdom,pipeline,D3_인프라,2026-09-04
https://www.forbes.com/councils/forbescoachescouncil/2026/09/04/how-to-reduce-quiet-managerial-burnout-without-adding-more-programs/,e626f016c64f7e53bf82ac1ff5dde6e5,Beyond Wellness Programs : How To Stop Quiet Managerial Burnout,20260904T124500Z,forbes.com,English,United States,pipeline,D3_인프라,2026-09-04
https://www.livemint.com/technology/iphone-18-pro-smart-glasses-more-apple-s-launch-checklist-for-september-9-late-2026-and-2027-under-ceo-john-ter-11788535495991.html,2f943795b1f36c1cc7d301e7109a8a38,"iPhone 18 Pro , smart glasses & more : Apple expected launches on Sept 9 , late 2026 & 2027 under CEO John Ternus",20260904T191500Z,livemint.com,English,India,pipeline,D3_인프라,2026-09-04
https://www.themarketsdaily.com/2026/09/04/van-eck-associates-corp-boosts-holdings-in-plains-gp-holdings-l-p-pagp.html,f305ed07c199a4274b1ddddfe3bd9cda,"Van ECK Associates Corp Boosts Holdings in Plains GP Holdings , L . P . $PAGP",20260904T094500Z,themarketsdaily.com,English,United States,pipeline,D3_인프라,2026-09-04
https://wwd.com/home-design/interior-design/middle-east-conflict-home-design-impact-1239097493/,9c8d31bbf98f47c5122b1f936e30a8a6,Middle East Conflict Impacts Home Design Industry and Trade Events,20260904T060000Z,wwd.com,English,United States,pipeline,D3_인프라,2026-09-04
https://wwd.com/eye/people/diane-von-furstenberg-jane-fonda-dvf-award-1239196670/,0913c87e4cc992f7c630749792075e31,The DVF Awards 2026 : Honoring Jane Fonda,20260904T094500Z,wwd.com,English,United States,pipeline,D3_인프라,2026-09-04
https://www.wateronline.com/doc/pfas-funding-is-flowing-but-does-the-water-sector-have-enough-people-to-deliver-it-0001,7b53f23ba0239a988ae73fe545ec4648,PFAS Funding Is Flowing But Does The Water Sector Have Enough People To Deliver It,20260904T070000Z,wateronline.com,English,United States,pipeline,D3_인프라,2026-09-04
https://www.australiandefence.com.au/news/news/government-announces-strategic-policy-program,2b7bd36075191be7f55d1e8a8ef4a82a,Government announces strategic policy program - Australian Defence Magazine,20260904T033000Z,australiandefence.com.au,English,Australia,pipeline,D3_인프라,2026-09-04
https://www.housingwire.com/articles/homebuilder-deals-sellers-pricing-2026/,106cfe9d619aa56512b5ca9dd2a29ec7,Homebuilder sellers face tougher prices as M & A appetite slows,20260904T011500Z,housingwire.com,English,United States,pipeline,D3_인프라,2026-09-04
https://www.bluemountainsgazette.com.au/story/9329651/sydney-plan-katoombas-status-downgraded-amid-housing-development-clash/,ad362ec6f3ece5d9221eeb54a7ab7b61,Sydney Plan : Katoomba status downgraded amid housing development clash | Blue Mountains Gazette,20260904T040000Z,bluemountainsgazette.com.au,English,Australia,pipeline,D3_인프라,2026-09-04
https://www.arabnews.com/world/isdb-bangladesh-sign-1-billion-financing-deal-to-upgrade-countrys-sole-oil-refinery-3000472,a3f080531084a489a6ae2197a4403e4a,"Arab News | IsDB , Bangladesh sign $1 billion financing deal to upgrade country sole oil refinery",20260904T144500Z,arabnews.com,English,Saudi Arabia,crude oil,D2_품목,2026-09-04
https://www.jagranjosh.com/general-knowledge/rupee-vs-dollar-what-is-driving-the-indian-rupees-recent-strength-indian-currency-1820011971-1,1def9ed0f3ae924d171e98c5510eeb74,Rupee vs Dollar : What Is Driving the Indian Rupee Recent Strength ? ,20260904T093000Z,jagranjosh.com,English,India,crude oil,D2_품목,2026-09-04
https://www.moneycontrol.com/news/business/markets/gift-nifty-jumps-100-pts-signals-strong-start-for-sensex-nifty-wall-street-rallies-fed-rate-hike-bets-ease-14022406.html,5de81f351da81acdfc01590afee22955,"GIFT Nifty jumps 100 pts , signals strong start for Sensex , Nifty ; Wall Street rallies , Fed rate - hike bets ease",20260904T040000Z,moneycontrol.com,English,India,crude oil,D2_품목,2026-09-04
https://www.thehindubusinessline.com/markets/commodities/crude-oil-futures-rise-as-vance-declines-to-give-timeline-to-end-us-iran-conflict/article71426962.ece,d80911b9a4dbda4353fa00b2e604fd13,Crude oil futures rise as Vance declines to give timeline to end US - Iran conflict,20260904T070000Z,thehindubusinessline.com,English,India,crude oil,D2_품목,2026-09-04
https://tribune.com.pk/story/2627474/govt-decreases-petrol-price-by-rs313-increases-hsd-by-rs374-per-litre-till-sept-7,a51277392c49058b09f176970f2f4134,"Govt decreases petrol price by Rs3 . 13 , increases HSD by Rs3 . 74 per litre till Sept 7",20260904T191500Z,tribune.com.pk,English,Pakistan,crude oil,D2_품목,2026-09-04
https://theshillongtimes.com/2026/09/04/stock-markets-extends-losing-streak-to-4th-day-sensex-slides-417-pts-amid-rising-crude-prices/,aae6767e8050918ea62594c5e8eb5af3,Stock markets extends losing streak to 4th day ; Sensex slides 417 pts amid rising crude prices,20260904T124500Z,theshillongtimes.com,English,India,crude oil,D2_품목,2026-09-04
https://www.pakistantoday.com.pk/2026/09/04/iran-prepared-for-any-confrontation-as-threat-is-not-over-air-defence-commander,a723d37194d6708f3d274061e40690e9,Iran prepared for  any confrontation  as  threat is not over,20260904T194500Z,pakistantoday.com.pk,English,Pakistan,crude oil,D2_품목,2026-09-04
https://www.morningstar.com/news/dow-jones/2026090421/dow-jones-top-energy-headlines-at-12-am-et-why-big-oil-is-wary-of-trumps-foray-into-venezuelas-oil-patch-crude,261a877aaf24a5502fa32486d0ea1726,Dow Jones Top Energy Headlines at 12 AM ET : Why Big Oil Is Wary of Trump Foray Into Venezuela Oil Patch | Crude ... ,20260904T050000Z,morningstar.com,English,China,crude oil,D2_품목,2026-09-04
https://finance.yahoo.com/markets/commodities/articles/cotton-bulls-retreat-wednesday-171711120.html,6ed8e86018df3ff77028ef784faeecd1,Cotton Bulls in Retreat on Wednesday,20260904T044500Z,finance.yahoo.com,English,United States,crude oil,D2_품목,2026-09-04
https://finance.yahoo.com/markets/currencies/articles/dollar-slips-t-note-yields-193909593.html,237d4a8996fe09271850c1c0b73f56b5,Dollar Slips as T - note Yields Stabilize and Stocks Rally,20260904T071500Z,finance.yahoo.com,English,United States,crude oil,D2_품목,2026-09-04
https://www.reviewjournal.com/local/traffic/highest-ever-labor-day-weekend-gas-prices-expected-in-las-vegas-nationwide-3881872/,56c5835284c4ca93c44033519a31f03c,Labor Day gas prices tracking to be highest in holiday weekend history | Traffic,20260904T000000Z,reviewjournal.com,English,United States,crude oil,D2_품목,2026-09-04
https://www.upi.com/Top_News/US/2026/09/04/diesel-price-hits-new-record/4831788524081/,a2d9ee584300e369a8ecedf98390e82d,Diesel price hits record high of $5 . 85 a gallon amid supply disruption,20260904T164500Z,upi.com,English,United States,crude oil,D2_품목,2026-09-04
https://allafrica.com/stories/202609040070.html,a3af68d0d800639dafbfa60e2d625335,Nigeria : Oil Theft - How 37 Died in Rivers,20260904T070000Z,allafrica.com,English,Nigeria,crude oil,D2_품목,2026-09-04
https://www.gdnonline.com:443/Details/1405308,c68eefd2f69d90ef53e676bc65541825,International Business : US deficit widens amid surge in domestic goods demand,20260904T040000Z,gdnonline.com,English,United States,crude oil,D2_품목,2026-09-04
https://www.gdnonline.com:443/Details/1405308/US-deficit-widens-amid-surge-in-domestic-goods-demand,370e4c6eeebfa90be88131a144224d89,International Business : US deficit widens amid surge in domestic goods demand,20260904T023000Z,gdnonline.com,English,United States,crude oil,D2_품목,2026-09-04
https://www.wftv.com/news/local/national-diesel-price-reaches-an-all-time-high/SRVUJPFNK5EKXLGT5R63P56PXI/,6a06d48c31a7858b8142fc44f17b5e78,National diesel prices hit record high,20260904T210000Z,wftv.com,English,United States,crude oil,D2_품목,2026-09-04
https://news.webindia123.com/news/Articles/Business/20260904/4494536.html,059fc5d6e880cd40a1e8f2a57bb9ae9e,Indias BoP likely to post USD 60 - 65 bn surplus in FY27 despite wider CAD : HDFC Bank,20260904T080000Z,news.webindia123.com,English,India,crude oil,D2_품목,2026-09-04
https://aninews.in/news/business/india8217s-bop-likely-to-post-usd-60-65-bn-surplus-in-fy27-despite-wider-cad-hdfc-bank20260904103935/,b8514093836c2dd85eedb623ea04cd96,India BoP likely to post USD 60 - 65 bn surplus in FY27 despite wider CAD : HDFC Bank,20260904T074500Z,aninews.in,English,India,crude oil,D2_품목,2026-09-04
https://economictimes.indiatimes.com/news/economy/finance/indias-bop-likely-to-post-60-65-bn-surplus-in-fy27-despite-wider-cad-hdfc-bank/articleshow/133755358.cms,1580bf492b6dd6e2f43b7edeb531a99e,India balance of payments likely to post $60 - 65 bn surplus in FY27 despite wider CAD : HDFC Bank,20260904T074500Z,economictimes.indiatimes.com,English,India,crude oil,D2_품목,2026-09-04
https://www.miningweekly.com/article/mining-input-cost-inflation-slows-but-risks-to-the-outlook-remain-2026-09-04,2688375db83f3546060109d3eddf0018,"Mining input cost inflation slows , but risks to the outlook remain",20260904T144500Z,miningweekly.com,English,South Africa,crude oil,D2_품목,2026-09-04
https://www.themarketsdaily.com/2026/09/04/canadian-stocks-to-add-to-your-watchlist-september-4th.html,f254c062227ee5d0f08ac4beb019d399,Canadian Stocks To Add to Your Watchlist – September 4th,20260904T164500Z,themarketsdaily.com,English,United States,crude oil,D2_품목,2026-09-04
https://www.freepressjournal.in/business/rupee-rises-8-paise-to-9443-against-us-dollar-extends-gains-for-sixth-straight-session,edb6db6d9679fcb31c4e849995826bc0,"Rupee Rises 8 Paise To 94 . 43 Against US Dollar , Extends Gains For Sixth Straight Session",20260904T183000Z,freepressjournal.in,English,India,crude oil,D2_품목,2026-09-04
https://ntv.co.ug/business/oil-production-to-generate-about-usd-500-million-annually,26563247447fae72858c813966ff479b,Oil production to generate about USD 500 million annually,20260904T210000Z,ntv.co.ug,English,Uganda,crude oil,D2_품목,2026-09-04
https://www.businesstoday.in/latest/economy/story/petrol-diesel-prices-today-september-4-check-latest-rates-in-delhi-mumbai-chennai-kolkata-more-553301-2026-09-04,d9004e4437b79b108ee3fa9b1f1f68f4,"Petrol , diesel prices today , September 4 : Check latest rates in Delhi , Mumbai , Chennai , Kolkata & more",20260904T044500Z,businesstoday.in,English,India,crude oil,D2_품목,2026-09-04
https://economictimes.indiatimes.com/tech/artificial-intelligence/elon-musks-xai-loses-court-bid-to-block-minnesotas-ai-nudification-ban/articleshow/133770351.cms,ce28801b3e38385c06da6bbca0834713,Elon Musk xAI loses court bid to block Minnesota AI  nudification  ban,20260904T180000Z,economictimes.indiatimes.com,English,India,crude oil,D2_품목,2026-09-04
https://www.niagarafallsreview.ca/business/s-p-tsx-composite-edges-higher-in-late-morning-trading-u-s-stocks-lower/article_75d512eb-2baf-50d3-9e69-e3d76da5b0a3.html,c563c410731bcf0943e26bb73291c980,"S & P / TSX composite edges higher in late - morning trading , U . S . stocks lower",20260904T180000Z,niagarafallsreview.ca,English,Canada,crude oil,D2_품목,2026-09-04
https://www.aol.co.uk/articles/astronomical-fuel-price-surge-hits-090004000.html,f5ae44b036968a91aaa91f6c58a86c84,  Astronomical  fuel price surge hits farmers in united kingdom and US,20260904T093000Z,aol.co.uk,English,United Kingdom,crude oil,D2_품목,2026-09-04
https://finance.yahoo.com/markets/stocks/articles/stocks-settle-higher-bond-yields-203842134.html,0569ef0bfa23575562e069f4c607474e,Stocks Settle Higher as Bond Yields Stabilize,20260904T071500Z,finance.yahoo.com,English,United States,crude oil,D2_품목,2026-09-04
https://economictimes.indiatimes.com/news/india/quad-sherpas-meet-ahead-of-ministers-talk-in-oct/articleshow/133776185.cms,cd614adb94c8786c8ac609846268ca21,Quad Sherpas meet ahead of minister talk in Oct,20260904T201500Z,economictimes.indiatimes.com,English,India,crude oil,D2_품목,2026-09-04
http://baystreet.ca/articles/commodities/123533/Price-Not-Politics-Is-Driving-Most-of-Indias-Oil-Buying,3280751a329759f2991064f3ca2bcf16,"Baystreet . ca - Price , Not Politics , Is Driving Most of India Oil Buying",20260904T043000Z,baystreet.ca,English,Canada,crude oil,D2_품목,2026-09-04
https://www.businesstoday.in/markets/stocks/story/why-market-is-rising-today-sensex-zooms-600-pts-nifty-at-23950-553312-2026-09-04,eed964c1abf892eb586b8571fddebc43,"Why market is rising today : Sensex zooms 600 pts , Nifty at 23 , 950",20260904T044500Z,businesstoday.in,English,India,crude oil,D2_품목,2026-09-04
https://economictimes.indiatimes.com/nri/latest-updates/trump-white-house-launches-arcade-games-on-immigration-border-policy/articleshow/133754698.cms,5fda6d9b48914eb02e3b1f68d0429655,"Trump White House launches arcade games on immigration , border policy",20260904T071500Z,economictimes.indiatimes.com,English,India,crude oil,D2_품목,2026-09-04
https://www.rttnews.com/3688674/crude-oil-ticks-lower-amid-pause-in-u-s-iran-attacks-vance-s-remarks-on-u-s-iran-war.aspx,29f0361cfd7c3082026e805c4d59e5bb,"Crude Oil Ticks Lower Amid Pause In U . S .- Iran Attacks , Vance Remarks On U . S .- Iran War",20260904T210000Z,rttnews.com,English,United States,crude oil,D2_품목,2026-09-04
http://www.kitco.com/news/article/2026-09-04/gold-silver-sell-strong-payrolls-revive-fed-hike-trade-kitco-am-report,48ad91afda6513f948e2d855a572fddf,"Gold , silver sell off as strong payrolls revive Fed - hike trade - Kitco AM Report",20260904T161500Z,kitco.com,English,China,crude oil,D2_품목,2026-09-04
https://www.koreaherald.com/article/10862642,c685ddc39c81cec410f8a8e280a70c8e,"Finance minister discusses market stabilization amid rising rates , Mideast uncertainty",20260904T043000Z,koreaherald.com,English,South Korea,crude oil,D2_품목,2026-09-04
https://finance.yahoo.com/energy/articles/chinese-refiners-pay-record-premiums-084500969.html,fcb027ed0bb13bd13624f33eb398b7d6,Chinese Refiners Pay Record Premiums for Russian ESPO Crude,20260904T183000Z,finance.yahoo.com,English,United States,crude oil,D2_품목,2026-09-04
https://www.zerohedge.com/energy/chinese-refiners-pay-record-premiums-russian-espo-crude,76f0d7b6e84572b5c79f8ad76d716faa,Chinese Refiners Pay Record Premiums For Russian ESPO Crude,20260904T041500Z,zerohedge.com,English,United States,crude oil,D2_품목,2026-09-04
https://www.thehindubusinessline.com/markets/nifty-holds-above-23900-as-smallcap-index-hits-record-high/article71427466.ece,626c2f8034974b074aa868059a3ba8b0,"Nifty holds above 23 , 900 as smallcap index hits record high",20260904T084500Z,thehindubusinessline.com,English,India,crude oil,D2_품목,2026-09-04
http://www.heraldglobe.com/news/279286039/oil-remains-key-wildcard-for-indian-economy-usd-127-bn-fcnr-inflows-strengthen-liquidity-kotak-securities,09dfae9a8d73673db05f6f4068078328,"Oil remains key wildcard for Indian economy , USD 127 bn FCNR inflows strengthen liquidity : Kotak Securities",20260904T151500Z,heraldglobe.com,English,United States,crude oil,D2_품목,2026-09-04
http://www.russiaherald.com/news/279286039/oil-remains-key-wildcard-for-indian-economy-usd-127-bn-fcnr-inflows-strengthen-liquidity-kotak-securities,0a7683fceaf9e0895f565ec64ef8473d,"Oil remains key wildcard for Indian economy , USD 127 bn FCNR inflows strengthen liquidity : Kotak Securities",20260904T183000Z,russiaherald.com,English,Russia,crude oil,D2_품목,2026-09-04
https://www.finanzen.ch/nachrichten/aktien/kospi-may-reclaim-6-600-point-level-1036521382,cbe693f778890f45ceeec0615f9b65b1,"KOSPI May Reclaim 6 , 600 - Point Level",20260904T004500Z,finanzen.ch,English,Switzerland,crude oil,D2_품목,2026-09-04
https://www.finanzen.ch/nachrichten/aktien/malaysia-stock-market-may-extend-winning-streak-1036521405,33d77399a7c580e6de66435870797d76,Malaysia Stock Market May Extend Winning Streak,20260904T004500Z,finanzen.ch,English,Switzerland,crude oil,D2_품목,2026-09-04
https://www.finanzen.ch/nachrichten/aktien/continued-strength-predicted-for-indonesia-stock-market-1036521501,fba3a43edc027add01f518f2a2b62e14,Continued Strength Predicted For Indonesia Stock Market,20260904T020000Z,finanzen.ch,English,Switzerland,crude oil,D2_품목,2026-09-04
https://rocklandtimes.com/2026/09/04/2026-poised-to-be-most-expensive-labor-day-at-the-pumps/,b5ed8a579c820210faaf8977aa5e1baa,2026 Poised to Be Most Expensive Labor Day at the Pumps,20260904T144500Z,rocklandtimes.com,English,United States,crude oil,D2_품목,2026-09-04
https://www.arkansasonline.com/news/2026/sep/04/long-term-home-loan-rate-reaches-13-month-record/,054731b5523a05068e11a909d610ca4a,Long - term home loan rate reaches 13 - month record | The Arkansas Democrat - Gazette,20260904T091500Z,arkansasonline.com,English,United States,crude oil,D2_품목,2026-09-04
https://www.tahoedailytribune.com/news/aaa-labor-day-on-track-to-set-record-at-the-pump/,ecc02f27e73819f212db7efd5749b4aa,AAA : Labor Day on Track to Set Record at the Pump,20260904T161500Z,tahoedailytribune.com,English,United States,crude oil,D2_품목,2026-09-04
https://www.business-standard.com/markets/capital-market-news/benchmarks-trade-near-day-s-high-oil-gas-shares-jump-126090400401_1.html,390d74effa7ac36363c4d3263a8d1cba,Benchmarks trade near day high ; oil & gas shares jump,20260904T071500Z,business-standard.com,English,India,crude oil,D2_품목,2026-09-04
https://www.deccanchronicle.com/nation/world/ready-to-supply-as-much-oil-as-india-needs-russian-envoy-slams-sanctions-1984712,7a9f1526c6c528e8d98f179325dcaa15,Ready to Supply as Much Oil as India Needs : Russia Slams Sanctions,20260904T044500Z,deccanchronicle.com,English,India,crude oil,D2_품목,2026-09-04
https://www.finanzen.ch/nachrichten/aktien/higher-open-called-for-thai-stock-market-1036521517,a133f61a0c99be27195a964dbb5ed60a,Higher Open Called For Thai Stock Market,20260904T033000Z,finanzen.ch,English,Switzerland,crude oil,D2_품목,2026-09-04
https://www.moneycontrol.com/news/business/markets/first-tick-top-global-cues-to-watch-in-today-s-trade-223-14021742.html,ca4caa1c28cd743d47f96600d9600ca5,First Tick : Top global cues to watch in today trade,20260904T040000Z,moneycontrol.com,English,India,crude oil,D2_품목,2026-09-04
https://theshillongtimes.com/2026/09/04/us-eyes-65-billion-barrel-venezuela-reserve/,d1426e4fdcf39244ec7e4a6f14fe0b8d,US eyes 65 - billion - barrel Venezuela reserve | The Shillong Times,20260904T090000Z,theshillongtimes.com,English,India,crude oil,D2_품목,2026-09-04
https://economictimes.indiatimes.com/tech/technology/trumps-bid-to-shield-chip-supply-chain-could-backfire-in-tennessee/articleshow/133769806.cms,884edbe287128f69af71ef030af2ad43,Trump bid to shield chip supply chain could backfire in Tennessee,20260904T164500Z,economictimes.indiatimes.com,English,India,crude oil,D2_품목,2026-09-04
https://www.business-standard.com/markets/commodities/silver-outlook-dovish-fed-eases-pressure-mirae-asset-sees-support-at-65-126090400454_1.html,3ef50ed7220064989ced4f98cb269fb0,Silver outlook : Dovish Fed eases pressure ; Mirae Asset sees support at $65,20260904T080000Z,business-standard.com,English,India,crude oil,D2_품목,2026-09-04
https://www.finanzen.ch/nachrichten/aktien/japan-stock-market-tipped-to-end-losing-streak-1036521393,0c7bf36e16866d2eefda7ff54549476e,Japan Stock Market Tipped To End Losing Streak,20260904T004500Z,finanzen.ch,English,Switzerland,crude oil,D2_품목,2026-09-04
https://aninews.in/news/world/asia/ready-to-supply-as-much-as-india-needs-russian-envoy-slams-western-sanctions-as-pressure-tactics20260904084742/,52054d91eda72eab434b9bf096fd24cc,  Ready to supply as much oil as India needs : Russian envoy slams Western sanctions as  pressure tactics  ,20260904T044500Z,aninews.in,English,India,crude oil,D2_품목,2026-09-04
https://www.nbcnews.com/business/economy/august-jobs-report-trump-inflation-rcna595974,68000a2adab8ae1395b5ed01270f943b,August jobs report could show another weak month for hiring,20260904T100000Z,nbcnews.com,English,United States,crude oil,D2_품목,2026-09-04
https://www.livemint.com/market/stock-market-news/nifty-has-support-at-23-800-says-ajit-mishra-of-religare-broking-suggests-strategies-for-3-shares-11788491885944.html,34f56b379671c772e0a110a6990778e2,"Nifty has support at 23 , 800 , says Ajit Mishra of Religare Broking , suggests strategies for 3 shares",20260904T040000Z,livemint.com,English,India,crude oil,D2_품목,2026-09-04
https://www.gdnonline.com:443/Details/1405307,b33bc6586b12bbed1647df3c0f90c0fe,International Business : Canada July trade surplus shrinks while imports rise,20260904T040000Z,gdnonline.com,English,United States,crude oil,D2_품목,2026-09-04
https://www.gdnonline.com:443/Details/1405307/Canada-July-trade-surplus-shrinks-while-imports-rise,62808cc12cdf554aaa467717a534ec7b,International Business : Canada July trade surplus shrinks while imports rise,20260904T023000Z,gdnonline.com,English,United States,crude oil,D2_품목,2026-09-04
https://www.freemalaysiatoday.com/category/business/2026/09/04/us-diesel-price-hits-new-high-on-iran-war-squeezing-voters,7796b3aebb97c39eb953e9ec9442bb75,"US diesel price hits new high on Iran war , squeezing voters",20260904T144500Z,freemalaysiatoday.com,English,Malaysia,crude oil,D2_품목,2026-09-04
https://www.rushlane.com/kia-syros-flex-fuel-e100-concept-showcased-in-india-12555048.html,87ef80b50ad5808b9cbd69d76aa7e737,Kia Syros Flex Fuel E100 Concept Showcased In India,20260904T144500Z,rushlane.com,English,India,crude oil,D2_품목,2026-09-04
https://www.channel3000.com/news/national-and-world-news/us-oil-deal-promises-a-flood-of-investment-in-venezuela-when-will-its-people-feel/article_185c3b9e-1513-520f-aa30-506ba231d7ff.html,f0eb9e26431ebeb3359b22fb0b5a2a5a,US oil deal promises a flood of investment in Venezuela . When will its people feel the benefits ? ,20260904T014500Z,channel3000.com,English,United States,crude oil,D2_품목,2026-09-04
https://www.premiumtimesng.com/news/top-news/907486-iea-says-nigerias-energy-investment-could-double-in-five-years.html,79700103f942deccb153e78179efe992,IEA says Nigeria energy investment could double in five years,20260904T183000Z,premiumtimesng.com,English,Nigeria,crude oil,D2_품목,2026-09-04
https://www.actionforex.com/contributors/technical-analysis/652915-usd-jpy-breakdown-accelerates-where-could-sellers-strike-next/,54eebc827144de2e45e742164bcafbd5,USD / JPY Breakdown Accelerates Where Could Sellers Strike Next ? ,20260904T071500Z,actionforex.com,English,United Kingdom,crude oil,D2_품목,2026-09-04
https://dupagepolicyjournal.com/a-single-gas-station-in-cities-throughout-dupage-county-had-the-cheapest-e15-gas-in-week-ending-aug-29,584f2424024ff1f82460a8fc8ff2e379,A single gas station in cities throughout DuPage County had the cheapest E15 gas in week ending Aug . 29,20260904T040000Z,dupagepolicyjournal.com,English,United States,crude oil,D2_품목,2026-09-04
https://krdo.com/news/national-world/cnn-world/2026/09/03/us-oil-deal-promises-a-flood-of-investment-in-venezuela-when-will-its-people-feel-the-benefits-2/,243ca5e0614be8de3ab0ef8ce4899204,US oil deal promises a flood of investment in Venezuela . When will its people feel the benefits ? ,20260904T050000Z,krdo.com,English,United States,crude oil,D2_품목,2026-09-04
https://krdo.com/news/2026/09/03/us-oil-deal-promises-a-flood-of-investment-in-venezuela-when-will-its-people-feel-the-benefits/,48ad06520c68f12a57c2bbfb7585b78e,US oil deal promises a flood of investment in Venezuela . When will its people feel the benefits ? ,20260904T050000Z,krdo.com,English,United States,crude oil,D2_품목,2026-09-04
https://aninews.in/news/business/us-trade-deficit-surges-244-to-usd-886-bn-in-july-goods-gap-with-india-at-usd-5-bn20260904135353/,a3d0c1f38a9362fcfc28aadefcaf916a,"US trade deficit surges 24 . 4 % to USD 88 . 6 Bn in July , goods gap with India at USD 5 Bn",20260904T091500Z,aninews.in,English,India,crude oil,D2_품목,2026-09-04
https://www.nbclosangeles.com/news/national-international/august-jobs-report-trump-wage-growth-inflation/3937536/,1dff22abf8a0ffc044d342b045efb2e7,"U . S . added 162 , 000 jobs in August , but wage growth remains weak – NBC Los Angeles",20260904T151500Z,nbclosangeles.com,English,United States,crude oil,D2_품목,2026-09-04
https://attackofthefanboy.com/news/diesel-prices-just-hit-a-record-in-america-as-global-supply-fears-send-energy-costs-higher/,3cd40464259f1a1aa1bb58808a154fae,U . S . Diesel Prices Hit Record High,20260904T204500Z,attackofthefanboy.com,English,Japan,crude oil,D2_품목,2026-09-04
http://www.kitco.com/opinion/2026-09-04/btc-divergence-builds-lower-cap-trends-confirm,58c4fdafeb6f65c7cea8e5b8dba137b2,BTC divergence builds as lower - cap trends confirm,20260904T161500Z,kitco.com,English,China,crude oil,D2_품목,2026-09-04
https://edition.cnn.com/2026/09/03/americas/venezuela-us-oil-deal-benefits-latam-intl,b5c0d690f6dc88a257e8f577d4cbe913,When will Venezuelans feel the benefits of the US oil deal ? ,20260904T033000Z,edition.cnn.com,English,United States,crude oil,D2_품목,2026-09-04
https://economictimes.indiatimes.com/opinion/et-commentary/lets-know-what-we-eat-the-type-of-front-of-pack-labels-consumers-actually-need/articleshow/133773222.cms,a7cc16b0e9d26820a9f97a21e7071d24,Let know what we eat : The type of front - of - pack labels consumers actually need,20260904T181500Z,economictimes.indiatimes.com,English,India,crude oil,D2_품목,2026-09-04
https://dupagepolicyjournal.com/dupage-county-saw-lowest-price-for-e85-gas-at-2-49-in-week-ending-aug-29,8629ef97f7ce2b524133676d6cec6b7a,DuPage County saw lowest price for E85 gas at $2 . 49 in week ending Aug . 29,20260904T181500Z,dupagepolicyjournal.com,English,United States,crude oil,D2_품목,2026-09-04
https://economictimes.indiatimes.com/tech/technology/south-korea-says-chip-investments-under-discussion-with-us-amid-tariff-concerns/articleshow/133751847.cms,c262b9c15c0d37148c295583764e7778,South Korea chip investments : South Korea says chip investments under discussion with US amid tariff concerns,20260904T051500Z,economictimes.indiatimes.com,English,India,crude oil,D2_품목,2026-09-04
https://www.business-standard.com/markets/news/has-nifty-bottomed-out-tech-analysts-decode-charts-flag-key-levels-126090400080_1.html,7bc16db902bae03cd8bde517114b6a82,Nifty outlook : Has Nifty bottomed out ? Tech analysts decode charts ; flag key levels,20260904T031500Z,business-standard.com,English,India,crude oil,D2_품목,2026-09-04
https://www.philstar.com/headlines/2026/09/04/2554038/mother-missing-seafarer-seeks-answers-over-sons-disappearance,7bb15f6ebf25506100d721abb463e4f6,Mother of missing seafarer seeks answers over sonâ€™s disappearance,20260904T091500Z,philstar.com,English,Philippines,crude oil,D2_품목,2026-09-04
https://www.trend.az/business/energy/4220645.html,273cd102346c9e8d39e7a566429a6931,SOCAR Georgia imports first batch of gasoline from Italy,20260904T101500Z,trend.az,English,Azerbaijan,crude oil,D2_품목,2026-09-04
https://www.freemalaysiatoday.com/category/business/2026/09/04/bursa-opens-lower-on-profit-taking-after-two-sessions-of-gains,702f1ad60dc88eee814ffdf231fe3443,Bursa opens lower on profit - taking after two sessions of gains,20260904T033000Z,freemalaysiatoday.com,English,Malaysia,crude oil,D2_품목,2026-09-04
https://www.armstrongeconomics.com/market-talk/market-talk-september-3-2026/,7516c548a38296bf99960c14e2ea284a,"Market Talk - September 3 , 2026 | Armstrong Economics",20260904T004500Z,armstrongeconomics.com,English,United States,crude oil,D2_품목,2026-09-04
https://www.finanzen.ch/nachrichten/aktien/japanese-market-significantly-higher-1036521500,1bb1150215a4afd10a7ddc4006c2ce6b,Japanese Market Significantly Higher,20260904T020000Z,finanzen.ch,English,Switzerland,crude oil,D2_품목,2026-09-04
https://aninews.in/news/business/indian-markets-open-higher-on-private-capex-optimism-despite-rising-crude-prices20260904095002/,3e0c8c80e18c6deee68755aeefd399cc,Indian markets open higher on private capex optimism despite rising crude prices,20260904T044500Z,aninews.in,English,India,crude oil,D2_품목,2026-09-04
https://www.rigzone.com/news/wire/usa_diesel_hits_4_year_high-03-sep-2026-184531-article/,6147c490ef4fe9c82ba10e5fe778fd9b,USA Diesel Hits 4 Year High,20260904T003000Z,rigzone.com,English,United States,crude oil,D2_품목,2026-09-04
https://www.nbcchicago.com/news/national-international/august-jobs-report-trump-wage-growth-inflation/3984842/,c2519d504803bc6084b4e7310b24a0d5,"U . S . added 162 , 000 jobs in August , but wage growth remains weak – NBC Chicago",20260904T180000Z,nbcchicago.com,English,United States,crude oil,D2_품목,2026-09-04
https://www.arkansasonline.com/news/2026/sep/04/us-diesel-prices-hit-4-year-high/,f983590533fc45c16ec1e07f227bcffc,US diesel prices hit 4 - year high | The Arkansas Democrat - Gazette - Arkansa Best News Source,20260904T091500Z,arkansasonline.com,English,United States,crude oil,D2_품목,2026-09-04
https://northeasttoday.in/northeast/assam/assam-nagaland-border-situation-under-control-says-dy-cm-y-patton/,bd8858c07b5eccd33c3d24fb11b05188,"Assam - Nagaland Border Situation Under Control , Says Dy CM Y Patton",20260904T101500Z,northeasttoday.in,English,India,crude oil,D2_품목,2026-09-04
https://www.moneycontrol.com/news/business/markets/daily-voice-sustaining-7-5-8-quarterly-gdp-growth-could-be-challenging-if-oil-prices-stay-elevated-says-anil-rego-of-right-horizons-14022352.html,5095bcbec182d5f667a76d6c23736740,"Daily Voice : Sustaining 7 . 5 - 8 % quarterly GDP growth could be challenging if oil prices stay elevated , says Anil Rego of Right Horizons",20260904T040000Z,moneycontrol.com,English,India,crude oil,D2_품목,2026-09-04
https://localnews8.com/news/national-world/cnn-world/2026/09/03/us-oil-deal-promises-a-flood-of-investment-in-venezuela-when-will-its-people-feel-the-benefits-2/,3e83027634ad98f871d2582bb70104f2,US oil deal promises a flood of investment in Venezuela . When will its people feel the benefits ? - LocalNews8 . com,20260904T041500Z,localnews8.com,English,United States,crude oil,D2_품목,2026-09-04
https://localnews8.com/news/national-world/cnn-world/2026/09/03/us-oil-deal-promises-a-flood-of-investment-in-venezuela-when-will-its-people-feel-the-benefits/,7bcfa24dee0566ca2e05272c3d079747,US oil deal promises a flood of investment in Venezuela . When will its people feel the benefits ? - LocalNews8 . com,20260904T041500Z,localnews8.com,English,United States,crude oil,D2_품목,2026-09-04
https://economictimes.indiatimes.com/markets/us-stocks/news/global-market-today-asian-stocks-rise-as-fed-rate-hike-bets-ease/articleshow/133749050.cms,2fb72b6714fe7a48f0ae88f4aae8b2f4,Global Market Today : Asian stocks rise as Fed rate - hike bets ease,20260904T011500Z,economictimes.indiatimes.com,English,India,crude oil,D2_품목,2026-09-04
https://www.kotatv.com/2026/09/03/diesel-prices-nearing-all-time-high-experts-say-it-could-affect-budgets/,a9ff9cb79ceecbda473aba553430bf93,Diesel prices near all - time high in South Dakota,20260904T020000Z,kotatv.com,English,United States,crude oil,D2_품목,2026-09-04
https://www.kalw.org/npr-news/2026-09-04/the-price-of-diesel-hits-a-record-high,af20623a8baf5ed0317c91916019168a,The price of diesel hits a record high,20260904T091500Z,kalw.org,English,United States,crude oil,D2_품목,2026-09-04
https://www.nbcphiladelphia.com/news/national-international/august-jobs-report-trump-wage-growth-inflation/4458370/,02f04f40ddd3af332e6ac441d4c2084a,"U . S . added 162 , 000 jobs in August , but wage growth remains weak – NBC10 Philadelphia",20260904T161500Z,nbcphiladelphia.com,English,United States,crude oil,D2_품목,2026-09-04
https://www.post-journal.com/opinion/in-our-opinion/2026/09/other-voices-americans-canadians-are-losers-in-escalating-trade-wars/,cb0eea571af05d38649f28604d8b5a24,"Other Voices : Americans , Canadians are losers in escalating trade wars",20260904T074500Z,post-journal.com,English,United States,crude oil,D2_품목,2026-09-04
https://www.ksl.com:443/article/51619918/60-minute-delays-possible-in-utah-during-labor-day-weekend-despite-record-high-gas-prices,323d2945cf228fc15702128f8422a23b,60 - minute delays possible in Utah during Labor Day weekend despite record - high gas prices,20260904T033000Z,ksl.com,English,United States,crude oil,D2_품목,2026-09-04
https://www.washingtonexaminer.com/news/4713553/gas-prices-on-pace-to-be-the-most-expensive-labor-day-in-us-history/,05f91cd54fe5a6d9925c274657e2db2c,Gas prices : On pace to be the most expensive Labor Day in US history,20260904T144500Z,washingtonexaminer.com,English,United States,crude oil,D2_품목,2026-09-04
https://www.kyivpost.com/post/83711,a229aa1941e178c92992a086f3963a13,Fact - Checking Putin Oil Claims as Russian Refineries Burn,20260904T093000Z,kyivpost.com,English,Ukraine,crude oil,D2_품목,2026-09-04
https://dailytrust.com/oil-theft-how-37-died-in-rivers/,1146f9dbbdbf5fa431d2676c84eea6e7,Oil theft : How 37 died in Rivers,20260904T060000Z,dailytrust.com,English,Niger,crude oil,D2_품목,2026-09-04
https://economictimes.indiatimes.com/nri/latest-updates/uk-expands-immigration-protection-for-modern-slavery-abuse-victims/articleshow/133752138.cms,a550cb64e66cba98649fd62202108970,"UK expands immigration protection for modern slavery , abuse victims",20260904T051500Z,economictimes.indiatimes.com,English,India,crude oil,D2_품목,2026-09-04
https://timesofindia.indiatimes.com/business/international-business/us-diesel-hits-record-5-85-a-gallon-why-are-fuel-prices-rising/articleshow/133769923.cms,7ffa6457d9101043de2362890f195879,US diesel hits record $5 . 85 a gallon : Why are fuel prices rising ? ,20260904T164500Z,timesofindia.indiatimes.com,English,India,crude oil,D2_품목,2026-09-04
http://www.asiabulletin.com/news/279285775/india-bop-likely-to-post-usd-60-65-bn-surplus-in-fy27-despite-wider-cad-hdfc-bank,6569e5c27fb1587eaa0f03f15a0daae1,India BoP likely to post USD 60 - 65 bn surplus in FY27 despite wider CAD : HDFC Bank,20260904T101500Z,asiabulletin.com,English,China,crude oil,D2_품목,2026-09-04
https://www.themarketsdaily.com/2026/09/04/promising-manufacturing-stocks-to-research-september-4th.html,b4ee4caae26679b5eddf744b35b19639,Promising Manufacturing Stocks To Research – September 4th,20260904T184500Z,themarketsdaily.com,English,United States,crude oil,D2_품목,2026-09-04
https://www.businesstimes.com.sg/companies-markets/capital-markets-currencies/south-korea-stocks-gain-asian-equities-climb-and-fed-bets-cool,ba2e6dd4c083c68007c1e5ddd1dea173,South Korea stocks gain as Asian equities climb and Fed bets cool,20260904T023000Z,businesstimes.com.sg,English,Singapore,crude oil,D2_품목,2026-09-04
https://aninews.in/news/world/asia/russian-envoy-slams-secondary-oil-sanctions-says-they-reflect-8216pressure-tactics8217-over-honest-cooperation20260904083054/,308d5e93b7fbd38cbe5b3bcc10e64552,"Russian envoy slams secondary oil sanctions , says they reflect  pressure tactic over honest cooperation",20260904T044500Z,aninews.in,English,India,crude oil,D2_품목,2026-09-04
https://economictimes.indiatimes.com/markets/stocks/news/which-stocks-should-you-buy-ahead-of-the-festive-season-here-are-kotak-securities-top-10-picks/articleshow/133754154.cms,1a3b0fe540b852b568de4cbc8cdd23e9,Which stocks should you buy ahead of the festive season ? Here are Kotak Securitie top 10 picks,20260904T071500Z,economictimes.indiatimes.com,English,India,crude oil,D2_품목,2026-09-04
https://www.themarketsdaily.com/2026/09/04/gibson-energy-inc-otcmktsgbnxf-receives-average-recommendation-of-moderate-buy-from-brokerages.html,8aee46aee8b5d5c1cc3ad0bd3b4df636,Gibson Energy Inc . ( OTCMKTS : GBNXF ) Receives Average Recommendation of  Moderate Buy  from Brokerages,20260904T084500Z,themarketsdaily.com,English,United States,crude oil,D2_품목,2026-09-04
https://economictimes.indiatimes.com/nri/latest-updates/adobe-names-insider-anil-chakravarthy-ceo-shantanu-narayen-transitions-to-executive-chair/articleshow/133749318.cms,24bd5338d8e2f138262fe15a2f2eaeca,Adobe hands CEO job to Anil Chakravarthy in a bid to steer under - pressure software business amid AI competition,20260904T023000Z,economictimes.indiatimes.com,English,India,crude oil,D2_품목,2026-09-04
https://economictimes.indiatimes.com/markets/stocks/news/stocks-in-news-hdfc-bank-mm-gland-pharma-creditaccess-grameen-and-bharat-forge/articleshow/133741194.cms,bf5ab526c2148709858245973a7760e8,"Stocks in news : HDFC Bank , M & M , Gland Pharma , CreditAccess Grameen and Bharat Forge",20260904T011500Z,economictimes.indiatimes.com,English,India,crude oil,D2_품목,2026-09-04
http://www.kitco.com/news/article/2026-09-03/gold-silver-rally-feds-waller-cuts-september-hike-odds-kitco-pm-report,bc5bd0a772d05142486ec269923c98fc,"Gold , silver rally as Fed Waller cuts September hike odds - Kitco PM Report",20260904T020000Z,kitco.com,English,China,crude oil,D2_품목,2026-09-04
https://english.news.cn/northamerica/20260904/ad7cc987b79e40b2a7745fa61dd71eb0/c.html,253ae2882a2fc43cacee59d08f8580e1,U . S . average diesel price hits new record - Xinhua,20260904T070000Z,english.news.cn,English,,crude oil,D2_품목,2026-09-04
https://english.news.cn/20260904/7c394a3a289247a180e2a4618277f0ae/c.html,a787de0f9d50a7fb0b7f9f0a87c12ecd,U . S . average diesel price hits new record - Xinhua,20260904T070000Z,english.news.cn,English,,crude oil,D2_품목,2026-09-04
https://www.tickerreport.com/banking-finance/13572503/whitecap-resources-otcmktsspgyf-stock-price-passes-below-50-day-moving-average-heres-what-happened.html,8fb420512b609f7d3d6a95c48eb80c87,Whitecap Resources ( OTCMKTS : SPGYF ) Stock Price Passes Below 50 - Day Moving Average – Here What Happened,20260904T004500Z,tickerreport.com,English,United States,crude oil,D2_품목,2026-09-04
https://www.klkntv.com/i/dozens-die-in-nigeria-oil-theft-attempt-after-inhaling-toxic-fumes/,541a47663d0be4a066039f0c8463aeaf,Dozens die in Nigeria oil theft attempt after inhaling toxic fumes,20260904T204500Z,klkntv.com,English,United States,crude oil,D2_품목,2026-09-04
https://economictimes.indiatimes.com/tech/artificial-intelligence/chinese-ai-firm-moonshot-files-confidentially-for-hong-kong-ipo/articleshow/133751573.cms,916b9b31a962e604ad932aeb0e2c2236,Moonshot IPO : Chinese AI firm Moonshot files confidentially for Hong Kong IPO,20260904T051500Z,economictimes.indiatimes.com,English,India,crude oil,D2_품목,2026-09-04
https://www.freemalaysiatoday.com/category/nation/2026/09/04/costlier-second-shock-likely-as-oil-buffer-shrinks,cc03bbc75cd5a43b38c707023913f748,Costlier second shock likely as oil buffer shrinks,20260904T033000Z,freemalaysiatoday.com,English,Malaysia,crude oil,D2_품목,2026-09-04
https://economictimes.indiatimes.com/tech/artificial-intelligence/openai-launches-new-astra-model-amid-growing-scrutiny-over-agents-safety/articleshow/133750683.cms,39d941dd3b99e3fe77450975a3d51b88,OpenAI Astra model : OpenAI launches new Astra model amid growing scrutiny over agent safety,20260904T040000Z,economictimes.indiatimes.com,English,India,crude oil,D2_품목,2026-09-04
https://www.presstv.co.uk/Detail/2026/09/04/775633/Iran-oil-export-never-stopped-amid-war-minister,2d172b5b0248b493e85fc332f55c0aad,Minister : Iran has bypassed US naval blockade to keep oil deliveries flowing,20260904T090000Z,presstv.co.uk,English,,crude oil,D2_품목,2026-09-04
https://inlandnewstoday.com/story.php?s=80980,0b92792dea0a8a943b698b17488833b9,INT : Oil touches $97 per barrel as diesel prices surge to highest level this year,20260904T003000Z,inlandnewstoday.com,English,United States,crude oil,D2_품목,2026-09-04
https://www.tickerreport.com/banking-finance/13573624/keyera-tsekey-price-target-raised-to-c90-00-at-stifel-nicolaus.html,42388cacdae2dba54cef55ae59f64e07,Keyera ( TSE : KEY ) Price Target Raised to C$90 . 00 at Stifel Nicolaus,20260904T191500Z,tickerreport.com,English,United States,crude oil,D2_품목,2026-09-04
http://baystreet.ca/articles/commodities/123543/Energy-Prices-Pushed-Europes-Inflation-Rate-To-33-In-August,a7f18faff4e523e63307cb808ec827c2,Baystreet . ca - Energy Prices Pushed Europe Inflation Rate To 3 . 3 % In August,20260904T043000Z,baystreet.ca,English,Canada,crude oil,D2_품목,2026-09-04
https://capitalfm.africa/lamu-oil-refinery-construction-to-start-september-30-dangote-says/,39ae7c7e86a143322231ef4844ef83f3,"Lamu oil refinery construction to start September 30 , Dangote says",20260904T093000Z,capitalfm.africa,English,,crude oil,D2_품목,2026-09-04
https://www.aol.com/articles/most-expensive-labor-day-ever-153553000.html,77153014c62ebe3d22b657d917a7746e,This will be the most expensive Labor Day ever for gas . Here are the 10 states with the highest fuel prices and 10 with the lowest . ,20260904T164500Z,aol.com,English,United States,crude oil,D2_품목,2026-09-04
https://www.business-standard.com/opinion/columns/india-s-tightrope-walk-on-brics-finance-126090401433_1.html,cef67f9cc217ddbb7e783acc01b42423,India tightrope walk on Brics finance,20260904T180000Z,business-standard.com,English,India,crude oil,D2_품목,2026-09-04
https://www.berkshireeagle.com/business/columnist/higher-bond-yields-keep-markets-in-check/article_bbca0bee-f29c-4d42-9b5a-6cac77366f19.html,067da0fec19b82245deace828d310cd0,Higher bond yields keep markets in check,20260904T204500Z,berkshireeagle.com,English,United States,crude oil,D2_품목,2026-09-04
https://allafrica.com/stories/202609040083.html,4f4daeba2226df2b709e1bb0268374f9,Nigeria : Tinubu Not On Trial in U . S . - Presidency,20260904T084500Z,allafrica.com,English,Nigeria,crude oil,D2_품목,2026-09-04
https://www.thisdaylive.com/2026/09/04/will-chinas-zero-tariff-regime-inspire-nigeria-to-build-factories-create-jobs/,b662260729a4759096a06b5dcc00cacb,"Will China Zero - tariff Regime Inspire Nigeria to Build Factories , Create Jobs ? – THISDAYLIVE",20260904T101500Z,thisdaylive.com,English,Nigeria,crude oil,D2_품목,2026-09-04
https://www.cnbcafrica.com/2026/nigerias-dangote-says-refinery-ipo-to-open-within-days,8524a0265a6604574e78bee431ddb388,Nigeria Dangote says refinery IPO to open within days,20260904T084500Z,cnbcafrica.com,English,South Africa,crude oil,D2_품목,2026-09-04
https://www.wflx.com/2026/09/04/drivers-seeing-unfortunate-prices-fuel-pump-this-labor-day/,b387fb7142212c6459fa5b34e7939ce5,Drivers seeing  unfortunate  prices at the fuel pump this Labor Day,20260904T204500Z,wflx.com,English,United States,crude oil,D2_품목,2026-09-04
https://punchng.com/n11-3tn-petrol-bill-hits-nigerians-in-seven-months/,63225b398ef27809e6671b2da70d155f,Nigerians Spent N11 . 3tn on Petrol in Seven Months,20260904T020000Z,punchng.com,English,Nigeria,crude oil,D2_품목,2026-09-04
https://www.thehindu.com/opinion/lead/the-gulf-is-calling-and-new-delhi-must-listen/article71428972.ece,6f0718b4fda2e723e452bddb376e689c,The Gulf is calling and New Delhi must listen,20260904T194500Z,thehindu.com,English,India,crude oil,D2_품목,2026-09-04
https://www.wral.com/news/ap/ebd01-us-diesel-prices-hit-a-record-high-of-5-85-on-average-as-the-iran-war-disrupts-the-flow-of-fuel/,a79d48230813a3d68c313e5ad89ee79f,"US diesel prices hit a record high , pushing up transportation costs for a long list of goods",20260904T124500Z,wral.com,English,United States,crude oil,D2_품목,2026-09-04
https://fortune.com/2026/09/04/diesel-record-price-groceries/,6f749ee3cfe2e48164ea7518a331c4f2,"Record diesel prices threaten higher grocery bills , with refrigerated foods feeling the squeeze",20260904T183000Z,fortune.com,English,United States,crude oil,D2_품목,2026-09-04
https://abc13.com/story/us-diesel-prices-hit-record-high-585-average-iran-war-disrupts-flow-fuel/19789077/,21642199675354490b68b51498c18ded,US diesel prices hit a record high of $5 . 85 on average as the Iran war disrupts the flow of fuel,20260904T161500Z,abc13.com,English,United States,crude oil,D2_품목,2026-09-04
https://www.denverpost.com/2026/09/04/us-diesel-prices-record-high/,f1e80f9b424bfd558720514788cfb4ca,US diesel prices hit record high of $5 . 85 on average amid Iran war,20260904T143000Z,denverpost.com,English,United States,crude oil,D2_품목,2026-09-04
https://www.ksat.com/business/2026/09/04/us-diesel-prices-hit-a-record-high-of-585-on-average-as-the-iran-war-disrupts-the-flow-of-fuel/,a8218c15f57068c848c627bb63a9374b,US diesel prices hit a record high of $5 . 85 on average as the Iran war disrupts the flow of fuel,20260904T093000Z,ksat.com,English,United States,crude oil,D2_품목,2026-09-04
https://allafrica.com/stories/202609040021.html,295f0894edf12aedeba89d7208b4f056,"Nigeria : Workers Demand N300 , 000 Minimum Wage",20260904T051500Z,allafrica.com,English,Nigeria,crude oil,D2_품목,2026-09-04
https://www.clickondetroit.com/business/2026/09/04/us-diesel-prices-hit-a-record-high-of-585-on-average-as-the-iran-war-disrupts-the-flow-of-fuel/,77500792cb15881397c650830b611628,US diesel prices hit a record high of $5 . 85 on average as the Iran war disrupts the flow of fuel,20260904T094500Z,clickondetroit.com,English,United States,crude oil,D2_품목,2026-09-04
https://abc7ny.com/story/us-diesel-prices-hit-record-high-585-average-iran-war-disrupts-flow-fuel/19789077/,4fca99e913e1c5eb03a8119263601d2c,US diesel prices hit a record high of $5 . 85 on average as the Iran war disrupts the flow of fuel,20260904T124500Z,abc7ny.com,English,United States,crude oil,D2_품목,2026-09-04
https://abc7news.com/story/us-diesel-prices-hit-record-high-585-average-iran-war-disrupts-flow-fuel/19789077/,f550e8590b14d92b52cb38b410c60da9,US diesel prices hit a record high of $5 . 85 on average as the Iran war disrupts the flow of fuel,20260904T124500Z,abc7news.com,English,United States,crude oil,D2_품목,2026-09-04
https://www.finanznachrichten.de/nachrichten-2026-09/69492011-asian-markets-track-wall-street-higher-020.htm,bd4a796408bd212838fc90207171d892,Asian Markets Track Wall Street Higher,20260904T051500Z,finanznachrichten.de,English,Germany,crude oil,D2_품목,2026-09-04
https://www.koat.com/article/record-diesel-prices-iran-war-fuel-supply/73613348,07d95b2e9da3f71a5e668ed5ed324c7a,US diesel prices hit record high of $5 . 85 on average amid Iran War,20260904T100000Z,koat.com,English,United States,crude oil,D2_품목,2026-09-04
http://www.thegazette.com/news/national/us-diesel-prices-hit-a-record-high-of-5-85-on-average-as-the-iran/article_54dff7e3-652e-5a5a-9023-114c5b41cf48.html,1fb4c4b1c8f35fc820a48da42518e6b3,US diesel prices hit a record high of $5 . 85 on average as the Iran war disrupts the flow of fuel,20260904T100000Z,thegazette.com,English,United States,crude oil,D2_품목,2026-09-04
https://www.wmur.com/article/record-diesel-prices-iran-war-fuel-supply/73613348,6a3b13ee39aa4bb09b0d7f96cc4ff4e7,US diesel prices hit record high of $5 . 85 on average amid Iran War,20260904T101500Z,wmur.com,English,United States,crude oil,D2_품목,2026-09-04
https://leadership.ng/has-atiku-cornered-tinubu-on-petrol-subsidy/,e6892efca041dd0595803ee717aac159,Has Atiku Cornered Tinubu On Petrol Subsidy ? ,20260904T040000Z,leadership.ng,English,Nigeria,crude oil,D2_품목,2026-09-04
http://baystreet.ca/articles/commodities/123537/Ukrainian-Drone-Barrage-Sets-Key-Russian-Oil-Port-Ablaze,a31c0601db08de8b12c099de4e332dc1,Baystreet . ca - Ukrainian Drone Barrage Sets Key Russian Oil Port Ablaze,20260904T043000Z,baystreet.ca,English,Canada,crude oil,D2_품목,2026-09-04
https://www.azernews.az/region/263372.html,010c95092449a03c588b87b9a6e12074,Georgia Kulevi refinery halts Russian crude processing amid EU sanctions pressure,20260904T080000Z,azernews.az,English,Azerbaijan,crude oil,D2_품목,2026-09-04
https://www.abc57.com/news/the-real-story-how-the-new-us-venezuela-oil-agreement-impacts-consumers,3da24ba94be4643f2322b6df302b4f47,The Real Story : How the New U . S .- Venezuela Oil Agreement Impacts Consumers,20260904T191500Z,abc57.com,English,United States,crude oil,D2_품목,2026-09-04
https://www.wgal.com/article/record-diesel-prices-iran-war-fuel-supply/73613348,43fb7717978ea653c94b545b23b936ce,US diesel prices hit record high of $5 . 85 on average amid Iran War,20260904T101500Z,wgal.com,English,United States,crude oil,D2_품목,2026-09-04
https://www.10news.com/politics/economy/record-diesel-prices-threaten-higher-grocery-and-delivery-bills,a9a3279f3ecb33be8425c2611687364e,Record diesel prices threaten higher grocery and delivery bills,20260904T151500Z,10news.com,English,United States,crude oil,D2_품목,2026-09-04
https://www.wsbradio.com/news/business/us-diesel-prices-hit/XNXXQ5JEZE2IXEWVK2LYPAZLRU/,89de344a76d685eb62af44ab4199c849,US diesel prices hit a record high at $5 . 85 on average,20260904T094500Z,wsbradio.com,English,United States,crude oil,D2_품목,2026-09-04
https://www.fox13seattle.com/news/diesel-prices-reach-all-time-record-high-5-85-nationwide,7b6b482c7482f21c8930cf8d5a053ec3,National average price for diesel reaches all - time high at $5 . 85 a gallon,20260904T184500Z,fox13seattle.com,English,,crude oil,D2_품목,2026-09-04
https://isp.netscape.com:443/news/story/0001/20260904/ebd01b9773365ee40550dcfd7d3ebf87,217fdcf162fe72ec8f2ec8f84361b7ec,US diesel prices hit a record high of $5 . 85 on average as the Iran war disrupts the flow of fuel,20260904T094500Z,isp.netscape.com,English,United States,crude oil,D2_품목,2026-09-04
https://www.niagarafallsreview.ca/business/us-diesel-prices-hit-a-record-high-of-5-85-on-average-as-the-iran-war-disrupts-the-flow-of-fuel/article_d5fb22f2-0d83-543e-82b4-9d388cd3a416.html,70653e2c135f9da3ee1d2e91ba3cdb8d,US diesel prices hit a record high of $5 . 85 on average as the Iran war disrupts the flow of fuel,20260904T094500Z,niagarafallsreview.ca,English,Canada,crude oil,D2_품목,2026-09-04
https://www.ksby.com/politics/economy/record-diesel-prices-threaten-higher-grocery-and-delivery-bills,389df228af5cc973400f6fb843d3d19e,Record diesel prices threaten higher grocery and delivery bills,20260904T143000Z,ksby.com,English,United States,crude oil,D2_품목,2026-09-04
https://www.wfmj.com/news/consumer/us-diesel-prices-hit-a-record-high-of-5-85-on-average-as-the-iran/article_35cb4560-f946-55e3-9015-0509f9a3358a.html,68965a18745b278c1adf1e005d742c4e,US diesel prices hit a record high of $5 . 85 on average as the Iran war disrupts the flow of fuel,20260904T144500Z,wfmj.com,English,United States,crude oil,D2_품목,2026-09-04
http://www.calcuttanews.net/news/279285841/sanctions-on-russian-oil-buyers-wont-resolve-ukraine-conflict-indian-foreign-minister,5c124aa9b70263992ac3b1ed15eba5db,Sanctions on Russian oil buyers wont resolve Ukraine conflict,20260904T101500Z,calcuttanews.net,English,India,crude oil,D2_품목,2026-09-04
https://english.news.cn/asiapacific/20260904/ace7f699ff8549288ec9186a0b7e8b2a/c.html,8a6ff2c34c301ef97ab59e7b8df914b8,S . Korea current account surplus hits record high for July - Xinhua,20260904T050000Z,english.news.cn,English,,crude oil,D2_품목,2026-09-04
https://english.news.cn/20260904/0c7ae7b231974a46a054a7353654544a/c.html,5019125014688fc9ccbcfdb6e665e410,S . Korea current account surplus hits record high for July - Xinhua,20260904T050000Z,english.news.cn,English,,crude oil,D2_품목,2026-09-04
http://www.calcuttanews.net/news/279286606/aida-iit-delhi-unveil-roadmap-to-expand-flex-fuel-mobility-beyond-e20-address-tech-infrastructure,a0eb7c452117da05da66c3cf57dcf800,"AIDA , IIT Delhi unveil roadmap to expand flex - fuel mobility beyond E20 , address tech , infrastructure",20260904T200000Z,calcuttanews.net,English,India,crude oil,D2_품목,2026-09-04
https://thenationonlineng.net/bloomberg-survey-naira-heads-for-eight-year-best-performance-on-reforms/,b98ec86c5943f0df63a926a47172f6c2,Bloomberg survey : Naira heads for eight - year best performance on reforms,20260904T031500Z,thenationonlineng.net,English,Nigeria,crude oil,D2_품목,2026-09-04
http://www.europesun.com/news/279285510/ready-to-supply-as-much-oil-as-india-needs-russian-envoy-slams-western-sanctions-as-pressure-tactics,cd6d9a3104aceeadc5df9e44df7bef63,  Ready to supply as much oil as India needs : Russian envoy slams Western sanctions as  pressure tactics  ,20260904T071500Z,europesun.com,English,Russia,crude oil,D2_품목,2026-09-04
http://www.russiaherald.com/news/279285498/ready-to-supply-as-much-as-india-needs-russian-envoy-slams-western-sanctions-as-pressure-tactics,cfbfadc6cd394fd0c3596b8d816ce9a8,  Ready to supply as much as India needs : Russian envoy slams Western sanctions as  pressure tactics  ,20260904T090000Z,russiaherald.com,English,Russia,crude oil,D2_품목,2026-09-04
http://www.calcuttanews.net/news/279285510/ready-to-supply-as-much-oil-as-india-needs-russian-envoy-slams-western-sanctions-as-pressure-tactics,9f88a507172a0d33cb6fce68b2f21e13,  Ready to supply as much oil as India needs : Russian envoy slams Western sanctions as  pressure tactics  ,20260904T070000Z,calcuttanews.net,English,India,crude oil,D2_품목,2026-09-04
http://www.europesun.com/news/279285498/ready-to-supply-as-much-as-india-needs-russian-envoy-slams-western-sanctions-as-pressure-tactics,a73bdc829f97681e6eb9d89fb638f402,  Ready to supply as much as India needs : Russian envoy slams Western sanctions as  pressure tactics  ,20260904T071500Z,europesun.com,English,Russia,crude oil,D2_품목,2026-09-04
http://www.russiaherald.com/news/279285510/ready-to-supply-as-much-oil-as-india-needs-russian-envoy-slams-western-sanctions-as-pressure-tactics,18ba959abb08eeae1c801484cd43e0db,  Ready to supply as much oil as India needs : Russian envoy slams Western sanctions as  pressure tactics  ,20260904T074500Z,russiaherald.com,English,Russia,crude oil,D2_품목,2026-09-04
http://www.calcuttanews.net/news/279285498/ready-to-supply-as-much-as-india-needs-russian-envoy-slams-western-sanctions-as-pressure-tactics,b65b5d9c2e137d7ba5400b0594d6cf9c,  Ready to supply as much as India needs : Russian envoy slams Western sanctions as  pressure tactics  ,20260904T070000Z,calcuttanews.net,English,India,crude oil,D2_품목,2026-09-04
http://www.cambodiantimes.com/news/279285498/ready-to-supply-as-much-as-india-needs-russian-envoy-slams-western-sanctions-as-pressure-tactics,d4c0c9f2a7da1c6b13bdd10da189440d,  Ready to supply as much as India needs : Russian envoy slams Western sanctions as  pressure tactics  ,20260904T050000Z,cambodiantimes.com,English,Cambodia,crude oil,D2_품목,2026-09-04
http://www.cambodiantimes.com/news/279285510/ready-to-supply-as-much-oil-as-india-needs-russian-envoy-slams-western-sanctions-as-pressure-tactics,36f454a6b5a106b289c5d88d67de1ee1,  Ready to supply as much oil as India needs : Russian envoy slams Western sanctions as  pressure tactics  ,20260904T050000Z,cambodiantimes.com,English,Cambodia,crude oil,D2_품목,2026-09-04
https://www.kxxv.com/politics/economy/record-diesel-prices-threaten-higher-grocery-and-delivery-bills,b5c02d2864192cb3d5e7ab6e8a88c51a,Record diesel prices threaten higher grocery and delivery bills,20260904T143000Z,kxxv.com,English,United States,crude oil,D2_품목,2026-09-04
https://www.themarketsdaily.com/2026/09/04/streaming-stocks-to-add-to-your-watchlist-september-4th.html,0de749d43ff732ed86a1225bb0c1d828,Streaming Stocks To Add to Your Watchlist – September 4th,20260904T210000Z,themarketsdaily.com,English,United States,crude oil,D2_품목,2026-09-04
https://abc17news.com/news/national-world/cnn-world/2026/09/03/us-oil-deal-promises-a-flood-of-investment-in-venezuela-when-will-its-people-feel-the-benefits-2/,974782e7789211288cedef9dead57d6f,US oil deal promises a flood of investment in Venezuela . When will its people feel the benefits ? ,20260904T040000Z,abc17news.com,English,United States,crude oil,D2_품목,2026-09-04
https://abc17news.com/news/national-world/cnn-world/2026/09/03/us-oil-deal-promises-a-flood-of-investment-in-venezuela-when-will-its-people-feel-the-benefits/,781f485272eff85a9f34043c1962f8cf,US oil deal promises a flood of investment in Venezuela . When will its people feel the benefits ? ,20260904T040000Z,abc17news.com,English,United States,crude oil,D2_품목,2026-09-04
https://keyt.com/news/national-world/cnn-world/2026/09/03/us-oil-deal-promises-a-flood-of-investment-in-venezuela-when-will-its-people-feel-the-benefits-2/,84474e6ced47a69ab2e9d2daca2c2eb2,US oil deal promises a flood of investment in Venezuela . When will its people feel the benefits ? ,20260904T051500Z,keyt.com,English,United States,crude oil,D2_품목,2026-09-04
https://keyt.com/news/national-world/cnn-world/2026/09/03/us-oil-deal-promises-a-flood-of-investment-in-venezuela-when-will-its-people-feel-the-benefits/,6a1bf2e67165b73f00bafe52fc6fa39a,US oil deal promises a flood of investment in Venezuela . When will its people feel the benefits ? ,20260904T051500Z,keyt.com,English,United States,crude oil,D2_품목,2026-09-04
https://www.cnbcafrica.com/2026/iea-chief-says-nigeria-could-double-energy-investment-within-five-years,fa53dd8f133a532f34436f95e21425b0,IEA chief says Nigeria could double energy investment within five years,20260904T084500Z,cnbcafrica.com,English,South Africa,crude oil,D2_품목,2026-09-04
http://www.vietnamtribune.com/news/279286209/us-trade-deficit-surges-244-to-usd-886-bn-in-july-goods-gap-with-india-at-usd-5-bn,fe87cdb373f7cdb542822ff0886ace21,"US trade deficit surges 24 . 4 % to USD 88 . 6 Bn in July , goods gap with India at USD 5 Bn",20260904T144500Z,vietnamtribune.com,English,Vietnam,crude oil,D2_품목,2026-09-04
http://www.caribbeanherald.com/news/279286209/us-trade-deficit-surges-244-to-usd-886-bn-in-july-goods-gap-with-india-at-usd-5-bn,988039f02973a2a07dbd1e83e49a99f0,"US trade deficit surges 24 . 4 % to USD 88 . 6 Bn in July , goods gap with India at USD 5 Bn",20260904T144500Z,caribbeanherald.com,English,United States,crude oil,D2_품목,2026-09-04
https://www.rttnews.com/story.aspx?Id=3688440,97b4fe09de99a211523cdcc01a664131,Australian Market Slightly Higher,20260904T023000Z,rttnews.com,English,United States,crude oil,D2_품목,2026-09-04
http://www.russiaherald.com/news/279286209/us-trade-deficit-surges-244-to-usd-886-bn-in-july-goods-gap-with-india-at-usd-5-bn,aace46024fa29cbe9634f08228b3f80c,"US trade deficit surges 24 . 4 % to USD 88 . 6 Bn in July , goods gap with India at USD 5 Bn",20260904T161500Z,russiaherald.com,English,Russia,crude oil,D2_품목,2026-09-04
http://www.shanghainews.net/news/279286209/us-trade-deficit-surges-244-to-usd-886-bn-in-july-goods-gap-with-india-at-usd-5-bn,d0e43d757f26e9db7bb6c896fe8e3930,"US trade deficit surges 24 . 4 % to USD 88 . 6 Bn in July , goods gap with India at USD 5 Bn",20260904T151500Z,shanghainews.net,English,China,crude oil,D2_품목,2026-09-04
http://www.heraldglobe.com/news/279286209/us-trade-deficit-surges-244-to-usd-886-bn-in-july-goods-gap-with-india-at-usd-5-bn,e9642f1d43d4fc6489ae11cbc65b6cc0,"US trade deficit surges 24 . 4 % to USD 88 . 6 Bn in July , goods gap with India at USD 5 Bn",20260904T151500Z,heraldglobe.com,English,United States,crude oil,D2_품목,2026-09-04
http://www.mexicostar.com/news/279286209/us-trade-deficit-surges-244-to-usd-886-bn-in-july-goods-gap-with-india-at-usd-5-bn,d673685c6d74afd868b0dcbc2ed2ebfa,"US trade deficit surges 24 . 4 % to USD 88 . 6 Bn in July , goods gap with India at USD 5 Bn",20260904T161500Z,mexicostar.com,English,Mexico,crude oil,D2_품목,2026-09-04
http://www.maritimeprofessional.com/news/wheat-falls-further-market-awaits-422700,24e375dca1950c0bca123e4e7ab8dfba,EU Wheat Falls Further As Market Awaits Black Sea Diplomacy,20260904T180000Z,maritimeprofessional.com,English,United States,crude oil,D2_품목,2026-09-04
http://www.haitisun.com/news/279286209/us-trade-deficit-surges-244-to-usd-886-bn-in-july-goods-gap-with-india-at-usd-5-bn,b8723314c3fab0594f7a212f3a8d5113,"US trade deficit surges 24 . 4 % to USD 88 . 6 Bn in July , goods gap with India at USD 5 Bn",20260904T164500Z,haitisun.com,English,United States,crude oil,D2_품목,2026-09-04
http://www.japanherald.com/news/279286209/us-trade-deficit-surges-244-to-usd-886-bn-in-july-goods-gap-with-india-at-usd-5-bn,0ecc500b15182a8a8ad5791fa04dbe64,"US trade deficit surges 24 . 4 % to USD 88 . 6 Bn in July , goods gap with India at USD 5 Bn",20260904T164500Z,japanherald.com,English,Japan,crude oil,D2_품목,2026-09-04
http://www.calcuttanews.net/news/279286209/us-trade-deficit-surges-244-to-usd-886-bn-in-july-goods-gap-with-india-at-usd-5-bn,fd35d222021284c5c9d6ad1f95e66e46,"US trade deficit surges 24 . 4 % to USD 88 . 6 Bn in July , goods gap with India at USD 5 Bn",20260904T164500Z,calcuttanews.net,English,India,crude oil,D2_품목,2026-09-04
https://www.africa-newsroom.com/press/the-dealmakers-are-set-to-storm-windhoek-nigerian-governors-and-coran-bigwigs-set-to-storm-iaeogs-2026-to-unlock-africas-energy-future,5fb2709ecaaba69e0f99cc46337e1859,"APO Group - Africa Newsroom / Press release | The Dealmakers Are Set to Storm Windhoek : Nigerian Governors and CORAN Bigwigs Set to Storm International African Energy , Oil and Gas Summit ( IAEOGS ) 2026 to Unlock Africa Energy Future",20260904T183000Z,africa-newsroom.com,English,South Africa,crude oil,D2_품목,2026-09-04
http://www.brazilsun.com/news/279286592/nifty-sensex-end-higher-as-fed-rate-hike-concerns-ease-gains-capped-by-profit-booking,8341df673122a472e2492f4f535f304e,"Nifty , Sensex end higher as Fed rate hike concerns ease , gains capped by profit booking",20260904T183000Z,brazilsun.com,English,Brazil,crude oil,D2_품목,2026-09-04
http://www.milwaukeesun.com/news/279286592/nifty-sensex-end-higher-as-fed-rate-hike-concerns-ease-gains-capped-by-profit-booking,58e34f9012c4a562a4835f715b75356e,"Nifty , Sensex end higher as Fed rate hike concerns ease , gains capped by profit booking",20260904T183000Z,milwaukeesun.com,English,United States,crude oil,D2_품목,2026-09-04
http://www.hongkongherald.com/news/279286592/nifty-sensex-end-higher-as-fed-rate-hike-concerns-ease-gains-capped-by-profit-booking,1a57031d5a803bbc2d023df8fea91d21,"Nifty , Sensex end higher as Fed rate hike concerns ease , gains capped by profit booking",20260904T181500Z,hongkongherald.com,English,China,crude oil,D2_품목,2026-09-04
http://www.floridastatesman.com/news/279286592/nifty-sensex-end-higher-as-fed-rate-hike-concerns-ease-gains-capped-by-profit-booking,deea67d31610043b3d6920f8ddeb1993,"Nifty , Sensex end higher as Fed rate hike concerns ease , gains capped by profit booking",20260904T183000Z,floridastatesman.com,English,United States,crude oil,D2_품목,2026-09-04
http://www.austinglobe.com/news/279286592/nifty-sensex-end-higher-as-fed-rate-hike-concerns-ease-gains-capped-by-profit-booking,fe59cf5ac56a25569c1a143426576703,"Nifty , Sensex end higher as Fed rate hike concerns ease , gains capped by profit booking",20260904T181500Z,austinglobe.com,English,United States,crude oil,D2_품목,2026-09-04
http://www.ohiostandard.com/news/279286592/nifty-sensex-end-higher-as-fed-rate-hike-concerns-ease-gains-capped-by-profit-booking,332fb5e0c51c6692a5f1a7e304467007,"Nifty , Sensex end higher as Fed rate hike concerns ease , gains capped by profit booking",20260904T184500Z,ohiostandard.com,English,United States,crude oil,D2_품목,2026-09-04
http://www.nepalnational.com/news/279286592/nifty-sensex-end-higher-as-fed-rate-hike-concerns-ease-gains-capped-by-profit-booking,7ee9e041f1e517925be2e0857bb6e2aa,"Nifty , Sensex end higher as Fed rate hike concerns ease , gains capped by profit booking",20260904T180000Z,nepalnational.com,English,Nepal,crude oil,D2_품목,2026-09-04
http://www.northkoreatimes.com/news/279286592/nifty-sensex-end-higher-as-fed-rate-hike-concerns-ease-gains-capped-by-profit-booking,7327d50e2ca879d5202e995c3bee820a,"Nifty , Sensex end higher as Fed rate hike concerns ease , gains capped by profit booking",20260904T183000Z,northkoreatimes.com,English,North Korea,crude oil,D2_품목,2026-09-04
http://www.chinanationalnews.com/news/279286592/nifty-sensex-end-higher-as-fed-rate-hike-concerns-ease-gains-capped-by-profit-booking,f78f725a9db6ab2228c7af649e30224e,"Nifty , Sensex end higher as Fed rate hike concerns ease , gains capped by profit booking",20260904T183000Z,chinanationalnews.com,English,China,crude oil,D2_품목,2026-09-04
https://www.manchestereveningnews.co.uk/news/greater-manchester-news/apology-over-short-notice-closure-34570551,57974b55187e00b843dbd95ec8dea278,Apology over  short - notice  closure of Manchester Piccadilly railway station car park,20260904T164500Z,manchestereveningnews.co.uk,English,United Kingdom,closure,D6_교란행위,2026-09-04
https://www.nbcrightnow.com/yakima/yakima-county-landfill-fees-set-to-rise-as-terrace-heights-nears-closure/article_d19e3040-e68c-43ba-bf5d-f926def3abad.html,5879952650e348fa5cafb5473e391b04,Yakima County landfill fees set to rise as Terrace Heights nears closure,20260904T023000Z,nbcrightnow.com,English,United States,closure,D6_교란행위,2026-09-04
https://www.wbrz.com/news/commercial-vehicle-fire-on-i-10-westbound-near-whiskey-bay-causes-road-blockage,1738ef9a2b5393aa81bd75492f451b7f,Commercial vehicle fire on I - 10 westbound near Whiskey Bay causes road blockage,20260904T164500Z,wbrz.com,English,United States,closure,D6_교란행위,2026-09-04
https://wcti12.com/news/local/harris-street-bridge-in-goldsboro-to-close-for-repairs-sept-8,922d023252ca1fe72fc7e50bf855eaf0,Harris Street Bridge in Goldsboro to close for repairs Sept . 8,20260904T101500Z,wcti12.com,English,United States,closure,D6_교란행위,2026-09-04
https://www.echo-news.co.uk/news/26523260.qe2-bridge-dartford-crossing-close-weekend/,ddc9a8d9d482c9d4c373109394fb001f,QE2 Bridge at Dartford Crossing to close this weekend,20260904T164500Z,echo-news.co.uk,English,United Kingdom,closure,D6_교란행위,2026-09-04
https://dailypost.ng/2026/09/04/fg-announces-2-weeks-closure-of-first-niger-bridge-for-repair-works/,a017878287293a83c2a06fe142112b19,BREAKING : FG announces 2 weeks closure of First Niger Bridge for repair works,20260904T093000Z,dailypost.ng,English,Nigeria,closure,D6_교란행위,2026-09-04
https://www.fox17online.com/news/local-news/grand-rapids/mdot-suspends-construction-on-60-percent-of-road-projects-for-labor-day-weekend,59b77b0cd8f095fb565982f0eb2cb644,MDOT suspends construction on 60 Percent of road projects for Labor Day weekend,20260904T004500Z,fox17online.com,English,United States,closure,D6_교란행위,2026-09-04
https://www.nwaonline.com/news/2026/sep/04/bentonville-announces-street-closure-for-sewer/,adee48d57bcf3ccf5ac0111d0eed88d5,Bentonville announces street closure for sewer work lasting through end of September | Northwest Arkansas Democrat - Gazette,20260904T200000Z,nwaonline.com,English,United States,closure,D6_교란행위,2026-09-04
https://wcti12.com/news/local/onslow-county-senior-services-to-close-sept-3-4-during-move-reopens-sept-8,95a17e33733a7f9904c69d2bf79b30b4,Onslow County Senior Services to close Sept . 3 - 4 during move ; reopens Sept . 8,20260904T003000Z,wcti12.com,English,United States,closure,D6_교란행위,2026-09-04
https://www.dailylocal.com/2026/09/04/road-closures-planned-for-northern-chester-county/,3e8aca906a23c1f4db0ef9f1ce1ea844,Road closures planned for northern Chester County,20260904T164500Z,dailylocal.com,English,United States,closure,D6_교란행위,2026-09-04
https://www.bristolpost.co.uk/news/uk-world-news/gatwick-airport-runway-closed-technical-11142770,461feed59f5dfe177ed51baba9f812b8,Gatwick Airport runway closed as technical issue with plane prompts emergency response,20260904T164500Z,bristolpost.co.uk,English,United Kingdom,closure,D6_교란행위,2026-09-04
https://www.ch-aviation.com/news/171403-ust-kut-russia-reopens-after-runway-repairs,7c18ef51639dff3aa9ceedc78cd97243,"Ust - Kut , Russia reopens after runway repairs - ch - aviation",20260904T101500Z,ch-aviation.com,English,United States,closure,D6_교란행위,2026-09-04
https://www.wftv.com/news/local/volusia-county/volusia-county-closes-beach-parking-sections-holiday-weekend/B3GWZ6SRYNENLCDQEG2KFSVJSM/,5806ef17dfa5b96fc088ef446bf43a8e,Volusia beach parking closed for the holiday weekend,20260904T210000Z,wftv.com,English,United States,closure,D6_교란행위,2026-09-04
https://www.thisdaylive.com/2026/09/04/fg-announces-two-weeks-closure-of-first-niger-bridge-for-repairs/,92d522c1ede2a2801cfb6e23a8ee694d,FG Announces Two Weeks Closure of First Niger Bridge for Repairs – THISDAYLIVE,20260904T101500Z,thisdaylive.com,English,Nigeria,closure,D6_교란행위,2026-09-04
https://www.thehindu.com/business/Industry/the-ayurveda-co-shuts-down-founders-confirm-250-crore-ventures-closure-after-rapid-expansion/article71427580.ece,2f65516dc3650fdf798847dfd44aa109,The Ayurveda Co shuts down : founders confirm ₹250 crore venture closure after rapid expansion,20260904T101500Z,thehindu.com,English,India,closure,D6_교란행위,2026-09-04
https://www.thestar.com.my/news/nation/2026/09/04/sarawak-requests-emergency-declaration-after-serian-api-exceeds-500,69ae345a168f220c75ed414d43105087,Sarawak requests emergency declaration after Serian API exceeds 500,20260904T094500Z,thestar.com.my,English,Malaysia,closure,D6_교란행위,2026-09-04
https://www.echo-news.co.uk/news/26523560.tg-jones-closing-billericay-high-street-decade/,d8b01003854c6054dede11d901e6113e,TG Jones closing down in Billericay High Street after decade,20260904T164500Z,echo-news.co.uk,English,United Kingdom,closure,D6_교란행위,2026-09-04
https://www.wxii12.com/article/north-main-street-in-lexington-reopens-after-monthslong-closure/73611270,e4da3dc655001ba3558d5de829eee827,North Main Street in Lexington reopens monthslong closure,20260904T073000Z,wxii12.com,English,United States,closure,D6_교란행위,2026-09-04
https://www.pressdemocrat.com/2026/09/03/labor-day-weekend-u-s-highway-101-bay-shore-freeway-northbound-closure/,aacae56e152a4bf143c5a9f55dfa4d5b,US Highway 101 northbound in San Francisco to close for Labor Day weekend,20260904T043000Z,pressdemocrat.com,English,United States,closure,D6_교란행위,2026-09-04
https://www.newser.com/story/395912/trump-envoys-going-to-russia-then-ukraine.html,dffeed85317e589dbf1801bdbe7b9342,"Trump Envoys Going to Russia , Then Ukraine",20260904T180000Z,newser.com,English,United States,closure,D6_교란행위,2026-09-04
https://www.kmbc.com/article/olathe-school-closure-plan-includes-5-elementary-schools-indian-trail-middle-school/73611498,2a4355e0ea285f919c2d7f818cebf070,Olathe Public Schools recommends closing 6 schools as enrollment declines,20260904T044500Z,kmbc.com,English,United States,closure,D6_교란행위,2026-09-04
https://www.bournemouthecho.co.uk/news/26519373.holland-barrett-announces-bournemouth-town-centre-closure/,e53fe9fe009e8419a59265f01dda90e6,Holland & Barrett announces Bournemouth town centre closure,20260904T070000Z,bournemouthecho.co.uk,English,United Kingdom,closure,D6_교란행위,2026-09-04
https://krdo.com/news/2026/09/03/pikes-peak-ymca-pool-closed/,c7b938111ebc231fe6666bf43c54da14,YMCA of the Pikes Peak Region closes one of its downtown pools indefinitely,20260904T003000Z,krdo.com,English,United States,closure,D6_교란행위,2026-09-04
https://k103.iheart.com/content/2026-09-04-oxbow-park-closing-after-labor-day/,5a79945c4dfb8f7793db19b701cf0c4c,Oxbow Park Closing After Labor Day,20260904T204500Z,k103.iheart.com,English,United States,closure,D6_교란행위,2026-09-04
https://www.salisburyjournal.co.uk/news/26518174.m3-m27-weekend-closures-hampshire---september-4-6/,3aeba93c8dcb723ba05e1d5255415141,M3 and M27 weekend closures in Hampshire - September 4 to 6,20260904T041500Z,salisburyjournal.co.uk,English,United Kingdom,closure,D6_교란행위,2026-09-04
https://www.thenorthernecho.co.uk/news/26514349.furniture-ripped-former-turtle-bay-middlesbrough/,347f03d5be31ffea3e52c82e8375ba1f,Furniture ripped out of former Turtle Bay in Middlesbrough,20260904T070000Z,thenorthernecho.co.uk,English,United Kingdom,closure,D6_교란행위,2026-09-04
https://www.thenorthernecho.co.uk/news/26517296.darlington-blairs-greengrocer-voices-fears-markets-future/,8ded78335f0a37ef4f166380ba09d038,Darlington Blairs greengrocer voices fears for markets future,20260904T070000Z,thenorthernecho.co.uk,English,United Kingdom,closure,D6_교란행위,2026-09-04
https://www.wfmj.com/news/local-news/educational-highway-to-close-in-champion-township-for-two-months/article_bd68c724-6e38-498d-9e8d-13f4281cd38e.html,7333215aa34aa9b3cf1b3099cb57c056,Educational Highway to close in Champion Township for two months,20260904T193000Z,wfmj.com,English,United States,closure,D6_교란행위,2026-09-04
https://punchng.com/fg-orders-two-week-closure-of-first-niger-bridge/,571cff959e15caba8afc0a8046980f2d,First Niger Bridge Closure : FG Orders Two - Week Maintenance,20260904T124500Z,punchng.com,English,Nigeria,closure,D6_교란행위,2026-09-04
https://www.echo-news.co.uk/news/26521047.dartford-tunnel-open-lorry-break-forces-closure/,628b780e0b0775fb202f9c52dfe9bbdf,Dartford Tunnel open after lorry break down forces closure,20260904T074500Z,echo-news.co.uk,English,United Kingdom,closure,D6_교란행위,2026-09-04
https://www.dailypost.co.uk/news/north-wales-news/report-unpicks-financial-collapse-ruthin-34567788,22d0e47ecc48224a32d18e277c031b03,Report unpicks financial collapse of Ruthin School and how it led to closure,20260904T183000Z,dailypost.co.uk,English,United Kingdom,closure,D6_교란행위,2026-09-04
https://www.thehindu.com/news/national/tamil-nadu/after-68-years-air-india-flight-connecting-madurai-and-chennai-to-stop-operations-from-october-25-2026/article71428055.ece,44522fec0d7075961649120cee57e209,"After 68 years , Air India flight connecting Madurai and Chennai to stop operations from October 25",20260904T161500Z,thehindu.com,English,India,closure,D6_교란행위,2026-09-04
https://katu.com/news/local/portland-police-passenger-dies-after-aug-26-crash-in-southeast-portland,8c155b3a5d3c4f3582019f4beaa2c192,Portland police : Passenger dies after Aug . 26 crash in Southeast Portland,20260904T203000Z,katu.com,English,United States,closure,D6_교란행위,2026-09-04
https://en.shafaqna.com/475020/another-round-of-job-cuts-at-volkswagen/,4055f9f4d0bb77306b3326fc86cd373f,Another round of job cuts at Volkswagen – Shafaqna English | International Shia News & Fatwas,20260904T041500Z,en.shafaqna.com,English,Saudi Arabia,closure,D6_교란행위,2026-09-04
https://www.wibw.com/2026/09/04/i-70-exit-ramp-close-part-polk-quincy-viaduct-project/,470115f58f978d1e8e43ddb136734321,I - 70 exit ramp to close as part of Polk - Quincy Viaduct project,20260904T180000Z,wibw.com,English,United States,closure,D6_교란행위,2026-09-04
https://www.asiaone.com:443/lifestyle/pantler-patisserie-not-closing-new-owner,93bb20cd71635a505a12ceb7360fcb47,Sweet turn of events : Mystery backer rescues Pantler patisserie from closure,20260904T100000Z,asiaone.com,English,Singapore,closure,D6_교란행위,2026-09-04
https://www.asiaone.com/lifestyle/pantler-patisserie-not-closing-new-owner,e062d7c562c0af129ec540925ba19800,Sweet turn of events : Mystery backer rescues Pantler patisserie from closure,20260904T100000Z,asiaone.com,English,Singapore,closure,D6_교란행위,2026-09-04
https://montrealgazette.com/news/weekend-traffic-sept-4-7-la-fontaine-tunnel-closed-northbound-until-tuesday/,1b2402e13e35993f3631e9293f43e8c8,Weekend traffic Sept . 4 - 7 : La Fontaine tunnel closed northbound until Tuesday,20260904T144500Z,montrealgazette.com,English,Canada,closure,D6_교란행위,2026-09-04
https://www.pressdemocrat.com/2026/09/04/windsor-to-extend-pause-on-mobile-home-park-closures-with-code-updates-underway/,7bcb717c8178f4b9ad06ea33146386a6,Windsor leaders again extend pause on mobile home park closures with code updates underway,20260904T183000Z,pressdemocrat.com,English,United States,closure,D6_교란행위,2026-09-04
https://www.bangordailynews.com/2026/09/04/opinion/opinion-contributor/i-voted-to-close-lincoln-hospitals-birthing-unit-heres-why-joam40zk0w/,0ba0423cbdb0ffc10b1309ff118de8e7,I voted to close Lincoln Hospital birthing unit . Here why . ,20260904T060000Z,bangordailynews.com,English,United States,closure,D6_교란행위,2026-09-04
https://www.thenorthernecho.co.uk/news/26523228.whitley-bays-only-nightclub-closes-two-decades/,8442e3e7b25dffaec6860467b389a3bb,Whitley Bay  only  nightclub closes after two decades,20260904T181500Z,thenorthernecho.co.uk,English,United Kingdom,closure,D6_교란행위,2026-09-04
https://www.bristolpost.co.uk/news/bristol-news/m5-summer-holiday-traffic-causing-11142660,5b59e4f59c2183ad76fac155af1c1ee1,M5 summer holiday traffic causing major delays,20260904T164500Z,bristolpost.co.uk,English,United Kingdom,closure,D6_교란행위,2026-09-04
https://www.trentonian.com/2026/09/04/saying-goodbye-to-downtown-trenton-coffee-spot-slammin-brew/,fe060350638fe396513ac7d9333e71b5,Saying goodbye to downtown Trenton coffee spot Slammin Brew,20260904T191500Z,trentonian.com,English,United States,closure,D6_교란행위,2026-09-04
https://www.dorsetecho.co.uk/news/26520666.weymouth-pleasure-pier-close-two-weeks-public/,36c03951171bfb562b0fe37c39890140,Weymouth Pleasure Pier to close for two weeks to public,20260904T030000Z,dorsetecho.co.uk,English,United Kingdom,closure,D6_교란행위,2026-09-04
https://www.yahoo.com/news/articles/florida-restaurant-handcrafted-soups-jensen-090250169.html,718ae96e185ecf81a065917442ffeadf,Florida restaurant with handcrafted soups in Jensen Beach closed,20260904T093000Z,yahoo.com,English,United States,closure,D6_교란행위,2026-09-04
https://www.scmp.com/news/hong-kong/society/article/3366415/hong-kong-disneyland-hotel-close-october-12-major-renovation,c66281a5b47e72c2313b477ef563b0ed,Hong Kong Disneyland Hotel to close from October 12 for major renovation,20260904T124500Z,scmp.com,English,China,closure,D6_교란행위,2026-09-04
https://www.cleveland19.com/2026/09/04/brookpark-road-bridge-closes-safety-public/,989c6dc42d93078ed1df9d041ea8645a,Brookpark Road bridge closes for  safety of the public  ,20260904T144500Z,cleveland19.com,English,United States,closure,D6_교란행위,2026-09-04
https://dailypioneer.com/news/india-nz-fta-may-come-into-force-next-month-official,480fc8764eb8e71099a6ce01b12c3d5d,India - New Zealand FTA Likely to Take Effect Next Month ; India - Chile Talks Near Closure,20260904T074500Z,dailypioneer.com,English,India,closure,D6_교란행위,2026-09-04
https://www.yahoo.com/news/articles/downtown-hagerstown-street-closure-sunday-141434703.html,3d0ff7aaa7ddb2abd7b25d84b73f3eed,Downtown Hagerstown street closure Sunday for statue dedication,20260904T144500Z,yahoo.com,English,United States,closure,D6_교란행위,2026-09-04
https://www.thenews.com.pk/latest/1414877-us-diesel-prices-hit-an-all-time-high-report,83e64ff3206b44e60b925664e1f54fd6,US diesel prices hit an all - time - high : report,20260904T144500Z,thenews.com.pk,English,Pakistan,closure,D6_교란행위,2026-09-04
https://la.streetsblog.org/2026/09/03/parts-of-san-gabriel-river-and-rio-hondo-bike-paths-closing-for-dam-construction,549d34d7fe5628dd5e571470ade939d8,Parts of San Gabriel River and Rio Hondo Bike Paths Closing for Dam Construction,20260904T050000Z,la.streetsblog.org,English,United States,closure,D6_교란행위,2026-09-04
https://www.independent.com.mt/articles/2026-09-04/newspaper-leader/TMID-Editorial-A-verdict-but-no-closure-6736292654,6e8d0aa2171157c75bc0bbfbe5ae5179,"TMID Editorial : A verdict , but no closure - The Malta Independent",20260904T094500Z,independent.com.mt,English,Malta,closure,D6_교란행위,2026-09-04
https://www.latimes.com/california/story/2026-09-04/caregiver-sentenced-for-strangling-seniors-at-diamond-bar-dementia-facility,4e71ead5951d70787a4149751ec2523b,Caregiver sentenced for strangling seniors at Diamond Bar dementia facility,20260904T164500Z,latimes.com,English,United States,closure,D6_교란행위,2026-09-04
https://www.irishtimes.com/ireland/dublin/2026/09/04/no-access-to-phoenix-park-for-two-days-next-week-due-to-donald-trumps-visit/,e0fdf6a082716ff6bd3eee954a6dc9a1,No access to Phoenix Park for two days next week due to Donald Trump visit – The Irish Times,20260904T151500Z,irishtimes.com,English,Ireland,closure,D6_교란행위,2026-09-04
https://www.businesstoday.in/india/story/janmashtami-2026-banks-closed-today-in-several-states-check-convenient-alternatives-553203-2026-09-04,118bb3858989143ab012750047301158,"Janmashtami 2026 : Banks closed today in several states , Check convenient alternatives",20260904T044500Z,businesstoday.in,English,India,closure,D6_교란행위,2026-09-04
https://www.nbcrightnow.com/news/crime-stoppers-of-oregon-to-cease-operations-after-43-years/article_8f798aa4-39dc-4fa3-85cc-d50fcae20bfb.html,aa74d80f5f1b636aa8fba50b3ebc438f,Crime Stoppers of Oregon to cease operations after 43 years,20260904T070000Z,nbcrightnow.com,English,United States,closure,D6_교란행위,2026-09-04
https://allafrica.com/stories/202609040080.html,ebb32d36f9c77fe6f419671886b8e1cb,"Kenya : DCP Allied MPs Accuse Ruto of Targeting Magadi Lithium , Oil After Tata Shutdown",20260904T071500Z,allafrica.com,English,Nigeria,closure,D6_교란행위,2026-09-04
https://www.aol.com/articles/stock-market-open-closed-labor-070223000.html,0d82401ff85bc0ab92566ced8f347035,Is the stock market open or closed on Labor Day ? See holiday schedule,20260904T084500Z,aol.com,English,United States,closure,D6_교란행위,2026-09-04
https://www.channelnewsasia.com/singapore/f1-singapore-grand-prix-road-closures-6362171,c1f08f9e5309dbd5c86ef2049e8b28df,Road closures for the 2026 F1 Singapore Grand Prix : What you need to know,20260904T050000Z,channelnewsasia.com,English,United States,closure,D6_교란행위,2026-09-04
https://www.readingeagle.com/2026/09/04/blue-marsh-lake-swim-beach-closed-because-of-bacteria-levels/,9272f34a1ae8a72e0860113a8d4d2a00,Blue Marsh Lake swim beach closed because of bacteria levels,20260904T191500Z,readingeagle.com,English,United States,closure,D6_교란행위,2026-09-04
https://www.bournemouthecho.co.uk/news/26520808.motorcyclist-hospitalised-crash-near-petrol-station/,cbee411a926c25f9fb1eb8020a3d4408,Motorcyclist hospitalised after crash near petrol station,20260904T151500Z,bournemouthecho.co.uk,English,United Kingdom,closure,D6_교란행위,2026-09-04
https://www.yahoo.com/news/articles/3-teenagers-killed-1-hospitalized-192036239.html,088a0d9b50b1e71b3d6e9e083762f115,"Third teenager dies , 1 hospitalized after SUV veers off 5 Freeway in Anaheim ejection crash",20260904T200000Z,yahoo.com,English,United States,closure,D6_교란행위,2026-09-04
https://www.wbng.com/2026/09/04/state-police-seek-public-help-2019-newfield-cold-case-homicide/,c840b0a5840a206ab2dd8a6ec0ddc789,State Police seek public help in 2019 Newfield cold case homicide,20260904T050000Z,wbng.com,English,United States,closure,D6_교란행위,2026-09-04
https://www.standard.net/top-headlines/2026/sep/03/us-forest-service-closing-23-research-facilities-as-part-of-reorganization-under-trump/,446b18c8c2a382c6d88d850a20a6d18d,"US Forest Service closing 23 research facilities as part of reorganization under Trump | News , Sports , Jobs",20260904T011500Z,standard.net,English,United States,closure,D6_교란행위,2026-09-04
https://www.yorkpress.co.uk/news/26519587.mp-calls-action-coney-street-post-office-closure/,bd1982a6a820e416f23049c1135d2e6a,MP calls for action over Coney Street Post Office closure,20260904T044500Z,yorkpress.co.uk,English,United Kingdom,closure,D6_교란행위,2026-09-04
https://www.duluthnewstribune.com/news/local/lakewalk-improvement-project-nears-next-phase,646e4b99513977fbdddbcb356ff02224,Lakewalk improvement project nears next phase,20260904T003000Z,duluthnewstribune.com,English,United States,closure,D6_교란행위,2026-09-04
https://www.dailyrecord.co.uk/news/uk-world-news/flights-grounded-gatwick-airport-plane-37628300,15cb02fc4a06ad24e09f47b6c94761c0,Flights grounded at Gatwick Airport as plane  surrounded by vehicle on runway,20260904T164500Z,dailyrecord.co.uk,English,United Kingdom,closure,D6_교란행위,2026-09-04
https://www.chroniclelive.co.uk/news/uk-news/gatwick-airport-flights-grounded-plane-34569282,58e97ff8b79a0812179357bb211805b0,Gatwick Airport flights grounded as plane  surrounded by emergency vehicle on runway,20260904T150000Z,chroniclelive.co.uk,English,United Kingdom,closure,D6_교란행위,2026-09-04
https://kesq.com/news/2026/09/03/brush-fire-burns-three-acres-in-thermal/,d141671bd74f3e23233bdde3f961b684,Brush fire burns three acres in Thermal,20260904T071500Z,kesq.com,English,United States,closure,D6_교란행위,2026-09-04
https://www.swissinfo.ch/eng/various/graub%C3%BCnden-court-acquits-defendant-in-the-bondo-trial/92004459,e0461d976f154becdce8e287208d0c82,Five Swiss defendants cleared of Bondo rockslide manslaughter,20260904T084500Z,swissinfo.ch,English,Switzerland,closure,D6_교란행위,2026-09-04
https://www.guampdn.com/news/tiyan-school-repairs-advance-as-sept-11-inspection-nears/article_adf51f9c-af42-47c4-9ef2-e9b89942efe4.html,d69a0d51dd8a4b6986e3d2de19c242d0,Tiyan school repairs advance as Sept . 11 inspection nears,20260904T091500Z,guampdn.com,English,Guam,closure,D6_교란행위,2026-09-04
https://timesofindia.indiatimes.com/city/bengaluru/40kg-expired-chilli-mixed-meat-and-veg-found-bengalurus-chairmans-club-kitchen-shut-over-hygiene-violations/articleshow/133750958.cms,a122ded1d811ec49ad66ee0ed100c7c2,"40kg expired chilli , mixed meat and veg : Bengaluru Chairman Club kitchen shut over hygiene violations",20260904T041500Z,timesofindia.indiatimes.com,English,India,closure,D6_교란행위,2026-09-04
https://newsinfo.inquirer.net/2298997/labor-leader-urges-dole-to-take-role-in-steel-plant-raids,f61526eeb47075d73d0256a20e4d3d51,Labor leader urges DOLE to take role in steel plant raids,20260904T090000Z,newsinfo.inquirer.net,English,Philippines,closure,D6_교란행위,2026-09-04
https://www.centralmaine.com/2026/09/04/maine-needs-a-sharper-more-expert-focus-on-healthcare-letter/,ed03d659be30ce4edf682946b717b595,"Maine needs a sharper , more expert focus on healthcare",20260904T100000Z,centralmaine.com,English,United States,closure,D6_교란행위,2026-09-04
https://www.ansa.it/english/news/business/2026/09/04/redundancy-letters-for-2500-workers-amid-ex-ilva-plant-uncertainty_001e5393-197a-475e-a0c1-e723d812be64.html,5e0d51e7f2de5d71751f0ed0929a191b,"Redundancy letters for 2 , 500 workers amid ex - ILVA plant uncertainty - Business",20260904T124500Z,ansa.it,English,Italy,closure,D6_교란행위,2026-09-04
https://tribune.com.pk/story/2627480/alix-earle-directly-confronts-ex-boyfriend-braxton-berrios-over-potential-reconciliation,7d439ba2f85cd6625acc2f961b1e6f17,Alix Earle directly confronts ex - boyfriend Braxton Berrios over potential reconciliation,20260904T191500Z,tribune.com.pk,English,Pakistan,closure,D6_교란행위,2026-09-04
https://www.citizen.co.za/news/kruger-parks-mestel-dam-lays-human-remains-bare/,c31407790e6b9393ce1b49a54ccece7b,Kruger National Park Tragedy : Human Remains Found,20260904T074500Z,citizen.co.za,English,South Africa,closure,D6_교란행위,2026-09-04
https://www.pluggedin.com/movie-reviews/fall-2-deadpoint-2026/,b7e67b04f12430320f606e2ab270f1a3,Fall 2 : Deadpoint,20260904T004500Z,pluggedin.com,English,United States,closure,D6_교란행위,2026-09-04
https://www.heraldscotland.com/news/26522510.scottish-haulage-company-liquidation-jobs-lost/,81e371834c71d85f54cc82ea32f190e8,Scottish haulage company collapses with all jobs lost,20260904T124500Z,heraldscotland.com,English,United Kingdom,closure,D6_교란행위,2026-09-04
https://timesofindia.indiatimes.com/city/mysuru/when-teachers-refused-to-let-a-govt-school-shut-down/articleshow/133766195.cms,10a5ae9d087176ff02a787167d40aa3f,When teachers refused to let a govt school shut down,20260904T204500Z,timesofindia.indiatimes.com,English,India,closure,D6_교란행위,2026-09-04
https://www.express.co.uk/news/uk/2245361/m5-crash-driver-arrested-suspicion-attempted-murder-after-two-collisions,4cc774ad70da891f175cf8010cb2c1b7,Driver arrested on suspicion of attempted murder after motorway crashes,20260904T014500Z,express.co.uk,English,United Kingdom,closure,D6_교란행위,2026-09-04
https://www.moneycontrol.com/world/kenya-s-tata-chemicals-shutdown-resource-nationalism-political-stakes-a-high-risk-economic-gamble-exclusive-article-14023016.html,3603ffeada5f07b13dfa100258cef644,"Kenya Tata Chemicals Shutdown : Resource nationalism , political stakes & a high - risk economic gamble",20260904T151500Z,moneycontrol.com,English,India,closure,D6_교란행위,2026-09-04
https://powertalk967.iheart.com/content/2026-09-04-costco-quietly-ends-beloved-next-online-discount-program/,b49dfabdd55b035ecc7f5018deaf40fa,Costco Quietly Ends Beloved  Next  Online Discount Program,20260904T183000Z,powertalk967.iheart.com,English,United States,closure,D6_교란행위,2026-09-04
https://buckeyecountry105.iheart.com/content/2026-09-04-costco-quietly-ends-beloved-next-online-discount-program/,4ef55893d8ef25436adeca4fc7c59e84,Costco Quietly Ends Beloved  Next  Online Discount Program,20260904T183000Z,buckeyecountry105.iheart.com,English,United States,closure,D6_교란행위,2026-09-04
https://mix999fm.iheart.com/content/2026-09-04-costco-quietly-ends-beloved-next-online-discount-program/,47a672375dd0fec25d721d484fde3835,Costco Quietly Ends Beloved  Next  Online Discount Program,20260904T183000Z,mix999fm.iheart.com,English,United States,closure,D6_교란행위,2026-09-04
https://oldies935.iheart.com/content/2026-09-04-costco-quietly-ends-beloved-next-online-discount-program/,b58c193cdcff338500933feccff20e9f,Costco Quietly Ends Beloved  Next  Online Discount Program,20260904T183000Z,oldies935.iheart.com,English,United States,closure,D6_교란행위,2026-09-04
https://sl100.iheart.com/content/2026-09-04-costco-quietly-ends-beloved-next-online-discount-program/,b20e57f9e304f3e3287095aeb1cbe01b,Costco Quietly Ends Beloved  Next  Online Discount Program,20260904T183000Z,sl100.iheart.com,English,United States,closure,D6_교란행위,2026-09-04
https://newsradio1049.iheart.com/content/2026-09-04-costco-quietly-ends-beloved-next-online-discount-program/,f0354244152dd1f08268d36606a69c72,Costco Quietly Ends Beloved  Next  Online Discount Program,20260904T183000Z,newsradio1049.iheart.com,English,United States,closure,D6_교란행위,2026-09-04
https://mixnation.iheart.com/content/2026-09-04-costco-quietly-ends-beloved-next-online-discount-program/,afc16293478cb3c476d35bf528e9c0da,Costco Quietly Ends Beloved  Next  Online Discount Program,20260904T183000Z,mixnation.iheart.com,English,United States,closure,D6_교란행위,2026-09-04
https://kcjb910.iheart.com/content/2026-09-04-costco-quietly-ends-beloved-next-online-discount-program/,7d53b56311216283c13c58cee2b1c8c6,Costco Quietly Ends Beloved  Next  Online Discount Program,20260904T183000Z,kcjb910.iheart.com,English,United States,closure,D6_교란행위,2026-09-04
https://wflanews.iheart.com/content/2026-09-04-costco-quietly-ends-beloved-next-online-discount-program/,1a84a761a6fc0d72ba330ad6f800d5c6,Costco Quietly Ends Beloved  Next  Online Discount Program,20260904T180000Z,wflanews.iheart.com,English,United States,closure,D6_교란행위,2026-09-04
https://kj103fm.iheart.com/content/2026-09-04-costco-quietly-ends-beloved-next-online-discount-program/,465a27b8d294409bc3e3350801f66b28,Costco Quietly Ends Beloved  Next  Online Discount Program,20260904T180000Z,kj103fm.iheart.com,English,United States,closure,D6_교란행위,2026-09-04
https://wbig.iheart.com/content/2026-09-04-costco-quietly-ends-beloved-next-online-discount-program/,8469029c4c562ed8ea6098241f6cef1a,Costco Quietly Ends Beloved  Next  Online Discount Program,20260904T180000Z,wbig.iheart.com,English,United States,closure,D6_교란행위,2026-09-04
https://b98fm.iheart.com/content/2026-09-04-costco-quietly-ends-beloved-next-online-discount-program/,a797326aa8eac9d0d9814202d17c728c,Costco Quietly Ends Beloved  Next  Online Discount Program,20260904T180000Z,b98fm.iheart.com,English,United States,closure,D6_교란행위,2026-09-04
https://khvhradio.iheart.com/content/2026-09-04-costco-quietly-ends-beloved-next-online-discount-program/,f25a019607f69f47494f7c9bb4f291be,Costco Quietly Ends Beloved  Next  Online Discount Program,20260904T180000Z,khvhradio.iheart.com,English,United States,closure,D6_교란행위,2026-09-04
https://mix1065.iheart.com/content/2026-09-04-costco-quietly-ends-beloved-next-online-discount-program/,8358d1d7072b2441524394aa72924845,Costco Quietly Ends Beloved  Next  Online Discount Program,20260904T180000Z,mix1065.iheart.com,English,United States,closure,D6_교란행위,2026-09-04
https://wkdwam.iheart.com/content/2026-09-04-costco-quietly-ends-beloved-next-online-discount-program/,a0220394dab99c55517f5dfca7d61cc4,Costco Quietly Ends Beloved  Next  Online Discount Program,20260904T180000Z,wkdwam.iheart.com,English,United States,closure,D6_교란행위,2026-09-04
https://kste.iheart.com/content/2026-09-04-costco-quietly-ends-beloved-next-online-discount-program/,90c94f7e577017d196df5476098cebce,Costco Quietly Ends Beloved  Next  Online Discount Program,20260904T180000Z,kste.iheart.com,English,United States,closure,D6_교란행위,2026-09-04
https://icons910.iheart.com/content/2026-09-04-costco-quietly-ends-beloved-next-online-discount-program/,06ac3d90159b89d0e63ecc0b0532d5c6,Costco Quietly Ends Beloved  Next  Online Discount Program,20260904T180000Z,icons910.iheart.com,English,United States,closure,D6_교란행위,2026-09-04
https://bill95.iheart.com/content/2026-09-04-costco-quietly-ends-beloved-next-online-discount-program/,4fb10b652d328581f58a02f520ccf535,Costco Quietly Ends Beloved  Next  Online Discount Program,20260904T180000Z,bill95.iheart.com,English,United States,closure,D6_교란행위,2026-09-04
https://y969.iheart.com/content/2026-09-04-costco-quietly-ends-beloved-next-online-discount-program/,8190a726829276b9bd44b0ec38863d79,Costco Quietly Ends Beloved  Next  Online Discount Program,20260904T180000Z,y969.iheart.com,English,United States,closure,D6_교란행위,2026-09-04
https://wspd.iheart.com/content/2026-09-04-costco-quietly-ends-beloved-next-online-discount-program/,6d443a668965592efd63cd50a0135970,Costco Quietly Ends Beloved  Next  Online Discount Program | NewsRadio 1370 AM & 92 . 9 FM WSPD,20260904T180000Z,wspd.iheart.com,English,United States,closure,D6_교란행위,2026-09-04
https://big979.iheart.com/content/2026-09-04-costco-quietly-ends-beloved-next-online-discount-program/,6f684ebf0eb0ea766d71b1dca8fbb1c3,Costco Quietly Ends Beloved  Next  Online Discount Program,20260904T181500Z,big979.iheart.com,English,United States,closure,D6_교란행위,2026-09-04
https://wgiram.iheart.com/content/2026-09-04-costco-quietly-ends-beloved-next-online-discount-program/,881eb36618e4711b8e3f51cf00042e3f,Costco Quietly Ends Beloved  Next  Online Discount Program,20260904T181500Z,wgiram.iheart.com,English,United States,closure,D6_교란행위,2026-09-04
https://westmichiganstar.iheart.com/content/2026-09-04-costco-quietly-ends-beloved-next-online-discount-program/,60a9e510ae93e1f62cbab7a8a4f4ac89,Costco Quietly Ends Beloved  Next  Online Discount Program,20260904T181500Z,westmichiganstar.iheart.com,English,United States,closure,D6_교란행위,2026-09-04
https://957thejet.iheart.com/content/2026-09-04-costco-quietly-ends-beloved-next-online-discount-program/,2773f7b7b8325088d3feac6903f392b6,Costco Quietly Ends Beloved  Next  Online Discount Program,20260904T181500Z,957thejet.iheart.com,English,United States,closure,D6_교란행위,2026-09-04
https://997thefox.iheart.com/content/2026-09-04-costco-quietly-ends-beloved-next-online-discount-program/,bac678bfda00c7149f7c5c12f4d0b019,Costco Quietly Ends Beloved  Next  Online Discount Program,20260904T181500Z,997thefox.iheart.com,English,United States,closure,D6_교란행위,2026-09-04
https://rock103columbus.iheart.com/content/2026-09-04-costco-quietly-ends-beloved-next-online-discount-program/,d86cd22b3b4b420318087575a83c1737,Costco Quietly Ends Beloved  Next  Online Discount Program,20260904T181500Z,rock103columbus.iheart.com,English,United States,closure,D6_교란행위,2026-09-04
https://1047kissfm.iheart.com/content/2026-09-04-costco-quietly-ends-beloved-next-online-discount-program/,3fe786eea4b5e83ee65ac094cc8ae897,Costco Quietly Ends Beloved  Next  Online Discount Program,20260904T183000Z,1047kissfm.iheart.com,English,United States,closure,D6_교란행위,2026-09-04
https://wrko.iheart.com/content/2026-09-04-costco-quietly-ends-beloved-next-online-discount-program/,f392862431c844dd86113d2181bef225,Costco Quietly Ends Beloved  Next  Online Discount Program,20260904T183000Z,wrko.iheart.com,English,United States,closure,D6_교란행위,2026-09-04
https://alt987fm.iheart.com/content/2026-09-04-costco-quietly-ends-beloved-next-online-discount-program/,b3c9733feb449c1df02b75d1f37eb08f,Costco Quietly Ends Beloved  Next  Online Discount Program,20260904T181500Z,alt987fm.iheart.com,English,United States,closure,D6_교란행위,2026-09-04
https://1053thebreeze.iheart.com/content/2026-09-04-costco-quietly-ends-beloved-next-online-discount-program/,af6418ea2be7fd354a4a1222b3860074,Costco Quietly Ends Beloved  Next  Online Discount Program,20260904T181500Z,1053thebreeze.iheart.com,English,United States,closure,D6_교란행위,2026-09-04
https://kmag991.iheart.com/content/2026-09-04-costco-quietly-ends-beloved-next-online-discount-program/,8c95b8e2fc516c92f36a8c3c9cecb71f,Costco Quietly Ends Beloved  Next  Online Discount Program,20260904T181500Z,kmag991.iheart.com,English,United States,closure,D6_교란행위,2026-09-04
https://kissfmhv.iheart.com/content/2026-09-04-costco-quietly-ends-beloved-next-online-discount-program/,0b36dff4f317df2511bf34726b233ba8,Costco Quietly Ends Beloved  Next  Online Discount Program,20260904T181500Z,kissfmhv.iheart.com,English,United States,closure,D6_교란행위,2026-09-04
https://1025thelake.iheart.com/content/2026-09-04-costco-quietly-ends-beloved-next-online-discount-program/,fc9b0d2c181cc396b85876f882b033fc,Costco Quietly Ends Beloved  Next  Online Discount Program,20260904T181500Z,1025thelake.iheart.com,English,United States,closure,D6_교란행위,2026-09-04
https://wnic.iheart.com/content/2026-09-04-costco-quietly-ends-beloved-next-online-discount-program/,f432f19642e527fd5b40b9b2e4d7ba31,Costco Quietly Ends Beloved  Next  Online Discount Program,20260904T181500Z,wnic.iheart.com,English,United States,closure,D6_교란행위,2026-09-04
https://now1051.iheart.com/content/2026-09-04-costco-quietly-ends-beloved-next-online-discount-program/,64373198cc04236e146c77a774476f62,Costco Quietly Ends Beloved  Next  Online Discount Program,20260904T181500Z,now1051.iheart.com,English,United States,closure,D6_교란행위,2026-09-04
https://jamn945.iheart.com/content/2026-09-04-costco-quietly-ends-beloved-next-online-discount-program/,ee21d00000c82ebd3a978cd50237a90c,Costco Quietly Ends Beloved  Next  Online Discount Program,20260904T181500Z,jamn945.iheart.com,English,United States,closure,D6_교란행위,2026-09-04
https://z100portland.iheart.com/content/2026-09-04-costco-quietly-ends-beloved-next-online-discount-program/,7f72e39c6d7696aff06e3fe9772f3db6,Costco Quietly Ends Beloved  Next  Online Discount Program,20260904T181500Z,z100portland.iheart.com,English,United States,closure,D6_교란행위,2026-09-04
https://woc1420.iheart.com/content/2026-09-04-costco-quietly-ends-beloved-next-online-discount-program/,ca38f05f8138267958bf348c4fe76120,Costco Quietly Ends Beloved  Next  Online Discount Program,20260904T181500Z,woc1420.iheart.com,English,United States,closure,D6_교란행위,2026-09-04
https://wescfm.iheart.com/content/2026-09-04-costco-quietly-ends-beloved-next-online-discount-program/,b7fc9cf1d06ff4b44983538efff6c405,Costco Quietly Ends Beloved  Next  Online Discount Program,20260904T181500Z,wescfm.iheart.com,English,United States,closure,D6_교란행위,2026-09-04
https://999xtc.iheart.com/content/2026-09-04-costco-quietly-ends-beloved-next-online-discount-program/,b19518b32f5280a8e84708ca92aab6fa,Costco Quietly Ends Beloved  Next  Online Discount Program,20260904T181500Z,999xtc.iheart.com,English,United States,closure,D6_교란행위,2026-09-04
https://sunny1053.iheart.com/content/2026-09-04-costco-quietly-ends-beloved-next-online-discount-program/,0596c23d3f6f2c8ccda7be450b4b439e,Costco Quietly Ends Beloved  Next  Online Discount Program,20260904T184500Z,sunny1053.iheart.com,English,United States,closure,D6_교란행위,2026-09-04
https://kix104.iheart.com/content/2026-09-04-costco-quietly-ends-beloved-next-online-discount-program/,a4a85c9a25c71da287218776ed4dca6f,Costco Quietly Ends Beloved  Next  Online Discount Program,20260904T184500Z,kix104.iheart.com,English,United States,closure,D6_교란행위,2026-09-04
https://971zht.iheart.com/content/2026-09-04-costco-quietly-ends-beloved-next-online-discount-program/,80ab7247916f042bd8171ea2c83fceb4,Costco Quietly Ends Beloved  Next  Online Discount Program,20260904T184500Z,971zht.iheart.com,English,United States,closure,D6_교란행위,2026-09-04
https://101magic.iheart.com/content/2026-09-04-costco-quietly-ends-beloved-next-online-discount-program/,7761c547cf2482999dabb6b524d953f7,Costco Quietly Ends Beloved  Next  Online Discount Program,20260904T184500Z,101magic.iheart.com,English,United States,closure,D6_교란행위,2026-09-04
https://cities971.iheart.com/content/2026-09-04-costco-quietly-ends-beloved-next-online-discount-program/,785f67a5ac9285c5d7c72aa1a2339dfd,Costco Quietly Ends Beloved  Next  Online Discount Program,20260904T184500Z,cities971.iheart.com,English,United States,closure,D6_교란행위,2026-09-04
https://k99fm.iheart.com/content/2026-09-04-costco-quietly-ends-beloved-next-online-discount-program/,2786c3c6db25afb70229b206cb0af586,Costco Quietly Ends Beloved  Next  Online Discount Program,20260904T184500Z,k99fm.iheart.com,English,United States,closure,D6_교란행위,2026-09-04
https://kiss1067.iheart.com/content/2026-09-04-costco-quietly-ends-beloved-next-online-discount-program/,9064d9a113b887627b78421f86ff9788,Costco Quietly Ends Beloved  Next  Online Discount Program,20260904T184500Z,kiss1067.iheart.com,English,United States,closure,D6_교란행위,2026-09-04
https://929tomfm.iheart.com/content/2026-09-04-costco-quietly-ends-beloved-next-online-discount-program/,c5d5abd391b160cb7822d4a9cfcdd763,Costco Quietly Ends Beloved  Next  Online Discount Program,20260904T184500Z,929tomfm.iheart.com,English,United States,closure,D6_교란행위,2026-09-04
https://talk1200boston.iheart.com/content/2026-09-04-costco-quietly-ends-beloved-next-online-discount-program/,d224f4e75c77f1fdf94a3f3d82759ab8,Costco Quietly Ends Beloved  Next  Online Discount Program,20260904T184500Z,talk1200boston.iheart.com,English,United States,closure,D6_교란행위,2026-09-04
https://wizard106.iheart.com/content/2026-09-04-costco-quietly-ends-beloved-next-online-discount-program/,75e590ad5561db49a7b914bdf51a84c0,Costco Quietly Ends Beloved  Next  Online Discount Program,20260904T184500Z,wizard106.iheart.com,English,United States,closure,D6_교란행위,2026-09-04
https://941thebeat.iheart.com/content/2026-09-04-costco-quietly-ends-beloved-next-online-discount-program/,4b4de6846dbfb53fe8eba5a5dcfc6872,Costco Quietly Ends Beloved  Next  Online Discount Program,20260904T184500Z,941thebeat.iheart.com,English,United States,closure,D6_교란행위,2026-09-04
https://eagle1075.iheart.com/content/2026-09-04-costco-quietly-ends-beloved-next-online-discount-program/,d57ec8a38455f5d0799b01af51273abb,Costco Quietly Ends Beloved  Next  Online Discount Program,20260904T180000Z,eagle1075.iheart.com,English,United States,closure,D6_교란행위,2026-09-04
https://wccfradio.iheart.com/content/2026-09-04-costco-quietly-ends-beloved-next-online-discount-program/,dd25d8c62bef03fd8e2a9b4fd763d62b,Costco Quietly Ends Beloved  Next  Online Discount Program,20260904T180000Z,wccfradio.iheart.com,English,United States,closure,D6_교란행위,2026-09-04
https://big939.iheart.com/content/2026-09-04-costco-quietly-ends-beloved-next-online-discount-program/,022a68f816b65cd735eb19ddd45c1ff2,Costco Quietly Ends Beloved  Next  Online Discount Program,20260904T180000Z,big939.iheart.com,English,United States,closure,D6_교란행위,2026-09-04
https://channel963.iheart.com/content/2026-09-04-costco-quietly-ends-beloved-next-online-discount-program/,58cedc471cca83488a0b4d1a52d5b29d,Costco Quietly Ends Beloved  Next  Online Discount Program,20260904T180000Z,channel963.iheart.com,English,United States,closure,D6_교란행위,2026-09-04
https://107mus.iheart.com/content/2026-09-04-costco-quietly-ends-beloved-next-online-discount-program/,4c732b915846644162cee1645ac7b6dc,Costco Quietly Ends Beloved  Next  Online Discount Program,20260904T180000Z,107mus.iheart.com,English,United States,closure,D6_교란행위,2026-09-04
https://z94radio.iheart.com/content/2026-09-04-costco-quietly-ends-beloved-next-online-discount-program/,af1bf3e408067a7c50adce23adae7610,Costco Quietly Ends Beloved  Next  Online Discount Program,20260904T180000Z,z94radio.iheart.com,English,United States,closure,D6_교란행위,2026-09-04
https://b1047.iheart.com/content/2026-09-04-costco-quietly-ends-beloved-next-online-discount-program/,65a06306889f95da61adc43c2acc7390,Costco Quietly Ends Beloved  Next  Online Discount Program,20260904T180000Z,b1047.iheart.com,English,United States,closure,D6_교란행위,2026-09-04
https://939beat.iheart.com/content/2026-09-04-costco-quietly-ends-beloved-next-online-discount-program/,0a5f07bd6ff415d0a32560ea743f4143,Costco Quietly Ends Beloved  Next  Online Discount Program,20260904T180000Z,939beat.iheart.com,English,United States,closure,D6_교란행위,2026-09-04
https://y1025.iheart.com/content/2026-09-04-costco-quietly-ends-beloved-next-online-discount-program/,ff1e9c7ece9a06fd490990e2feab292a,Costco Quietly Ends Beloved  Next  Online Discount Program,20260904T180000Z,y1025.iheart.com,English,United States,closure,D6_교란행위,2026-09-04
https://power1009.iheart.com/content/2026-09-04-costco-quietly-ends-beloved-next-online-discount-program/,082968bb4eff220a10f07d84ede77238,Costco Quietly Ends Beloved  Next  Online Discount Program,20260904T180000Z,power1009.iheart.com,English,United States,closure,D6_교란행위,2026-09-04
https://veropatriot.iheart.com/content/2026-09-04-costco-quietly-ends-beloved-next-online-discount-program/,2f2d790b177a5cbeb9fd921283657261,Costco Quietly Ends Beloved  Next  Online Discount Program,20260904T180000Z,veropatriot.iheart.com,English,United States,closure,D6_교란행위,2026-09-04
https://1061thebullyoungstown.iheart.com/content/2026-09-04-costco-quietly-ends-beloved-next-online-discount-program/,5c251be15876893fc98da626e260b8b3,Costco Quietly Ends Beloved  Next  Online Discount Program,20260904T180000Z,1061thebullyoungstown.iheart.com,English,United States,closure,D6_교란행위,2026-09-04
https://z106.iheart.com/content/2026-09-04-costco-quietly-ends-beloved-next-online-discount-program/,bdb237cea4daf0f83d6c9dab41afdc64,Costco Quietly Ends Beloved  Next  Online Discount Program,20260904T180000Z,z106.iheart.com,English,United States,closure,D6_교란행위,2026-09-04
https://kiiz.iheart.com/content/2026-09-04-costco-quietly-ends-beloved-next-online-discount-program/,c1b3bddc263415fa1aabea98d5593926,Costco Quietly Ends Beloved  Next  Online Discount Program,20260904T180000Z,kiiz.iheart.com,English,United States,closure,D6_교란행위,2026-09-04
https://kbco.iheart.com/content/2026-09-04-costco-quietly-ends-beloved-next-online-discount-program/,2cc399da6bcd444fbe9c9d969e6e882f,Costco Quietly Ends Beloved  Next  Online Discount Program,20260904T180000Z,kbco.iheart.com,English,United States,closure,D6_교란행위,2026-09-04
https://1031kcda.iheart.com/content/2026-09-04-costco-quietly-ends-beloved-next-online-discount-program/,d8075bb36f9cb10abfb9d238032bb6e3,Costco Quietly Ends Beloved  Next  Online Discount Program,20260904T180000Z,1031kcda.iheart.com,English,United States,closure,D6_교란행위,2026-09-04
https://bigi1079.iheart.com/content/2026-09-04-costco-quietly-ends-beloved-next-online-discount-program/,8fb548d030564b1cdf9382b0da158571,Costco Quietly Ends Beloved  Next  Online Discount Program,20260904T180000Z,bigi1079.iheart.com,English,United States,closure,D6_교란행위,2026-09-04
https://rock107mb.iheart.com/content/2026-09-04-costco-quietly-ends-beloved-next-online-discount-program/,00303bb4095bdcfff881d1e89c3b6a69,Costco Quietly Ends Beloved  Next  Online Discount Program,20260904T180000Z,rock107mb.iheart.com,English,United States,closure,D6_교란행위,2026-09-04
https://1043hallelujahfm.iheart.com/content/2026-09-04-costco-quietly-ends-beloved-next-online-discount-program/,c4402285e02efb5f42881e877a46ced9,Costco Quietly Ends Beloved  Next  Online Discount Program,20260904T180000Z,1043hallelujahfm.iheart.com,English,United States,closure,D6_교란행위,2026-09-04
https://b100wobb.iheart.com/content/2026-09-04-costco-quietly-ends-beloved-next-online-discount-program/,47ce7d9a9a7653db211acb3af5ae3fe7,Costco Quietly Ends Beloved  Next  Online Discount Program,20260904T180000Z,b100wobb.iheart.com,English,United States,closure,D6_교란행위,2026-09-04
https://kool108.iheart.com/content/2026-09-04-costco-quietly-ends-beloved-next-online-discount-program/,1cff93ec3afec0ac305fd058d9b70093,Costco Quietly Ends Beloved  Next  Online Discount Program,20260904T180000Z,kool108.iheart.com,English,United States,closure,D6_교란행위,2026-09-04
https://b939country.iheart.com/content/2026-09-04-costco-quietly-ends-beloved-next-online-discount-program/,bb3504e0b9b5872f43cbd5fa35dd0103,Costco Quietly Ends Beloved  Next  Online Discount Program,20260904T180000Z,b939country.iheart.com,English,United States,closure,D6_교란행위,2026-09-04
https://theriver973.iheart.com/content/2026-09-04-costco-quietly-ends-beloved-next-online-discount-program/,b3c8c55e5a9962ac88f70410582b7b35,Costco Quietly Ends Beloved  Next  Online Discount Program,20260904T180000Z,theriver973.iheart.com,English,United States,closure,D6_교란행위,2026-09-04
https://rocketerie.iheart.com/content/2026-09-04-costco-quietly-ends-beloved-next-online-discount-program/,a1663fe88e68cc1dd115be412b202af9,Costco Quietly Ends Beloved  Next  Online Discount Program,20260904T180000Z,rocketerie.iheart.com,English,United States,closure,D6_교란행위,2026-09-04
https://wbbq.iheart.com/content/2026-09-04-costco-quietly-ends-beloved-next-online-discount-program/,91fadcc9e1f15d4d1b2d09a696df70cd,Costco Quietly Ends Beloved  Next  Online Discount Program,20260904T180000Z,wbbq.iheart.com,English,United States,closure,D6_교란행위,2026-09-04
https://mix1029.iheart.com/content/2026-09-04-costco-quietly-ends-beloved-next-online-discount-program/,0083e3be8d3214e15b701671f3de9307,Costco Quietly Ends Beloved  Next  Online Discount Program,20260904T180000Z,mix1029.iheart.com,English,United States,closure,D6_교란행위,2026-09-04
https://radiosunny.iheart.com/content/2026-09-04-costco-quietly-ends-beloved-next-online-discount-program/,daa74275c4b16c2d9b4a5cddc652577c,Costco Quietly Ends Beloved  Next  Online Discount Program,20260904T180000Z,radiosunny.iheart.com,English,United States,closure,D6_교란행위,2026-09-04
https://powertalk1360.iheart.com/content/2026-09-04-costco-quietly-ends-beloved-next-online-discount-program/,ed6937903edb20ab49c6feae6b85d0ca,Costco Quietly Ends Beloved  Next  Online Discount Program,20260904T180000Z,powertalk1360.iheart.com,English,United States,closure,D6_교란행위,2026-09-04
https://thebullcountry.iheart.com/content/2026-09-04-costco-quietly-ends-beloved-next-online-discount-program/,8e389c0d00bbb81556fa5b3bf15c2207,Costco Quietly Ends Beloved  Next  Online Discount Program,20260904T180000Z,thebullcountry.iheart.com,English,United States,closure,D6_교란행위,2026-09-04
https://1035kissfm.iheart.com/content/2026-09-04-costco-quietly-ends-beloved-next-online-discount-program/,b798e62a355c7905d1ca99b60355ab4c,Costco Quietly Ends Beloved  Next  Online Discount Program,20260904T180000Z,1035kissfm.iheart.com,English,United States,closure,D6_교란행위,2026-09-04
https://kisswheeling.iheart.com/content/2026-09-04-costco-quietly-ends-beloved-next-online-discount-program/,f7cefc2c3ceb265c8be01a73e9b579ba,Costco Quietly Ends Beloved  Next  Online Discount Program,20260904T180000Z,kisswheeling.iheart.com,English,United States,closure,D6_교란행위,2026-09-04
https://1075thebigbuck.iheart.com/content/2026-09-04-costco-quietly-ends-beloved-next-online-discount-program/,7aecf1a89e9caf0e1e500f1f5e2ba39d,Costco Quietly Ends Beloved  Next  Online Discount Program,20260904T180000Z,1075thebigbuck.iheart.com,English,United States,closure,D6_교란행위,2026-09-04
https://wiod.iheart.com/content/2026-09-04-costco-quietly-ends-beloved-next-online-discount-program/,e2cb59fbe078f11c13388c6ed08da602,Costco Quietly Ends Beloved  Next  Online Discount Program,20260904T180000Z,wiod.iheart.com,English,United States,closure,D6_교란행위,2026-09-04
https://big1065.iheart.com/content/2026-09-04-costco-quietly-ends-beloved-next-online-discount-program/,f33f655ea04a9060e15c329bb01b39f8,Costco Quietly Ends Beloved  Next  Online Discount Program,20260904T180000Z,big1065.iheart.com,English,United States,closure,D6_교란행위,2026-09-04
https://1077thefox.iheart.com/content/2026-09-04-costco-quietly-ends-beloved-next-online-discount-program/,b2adba95149d5ae5162541c5febc3bdc,Costco Quietly Ends Beloved  Next  Online Discount Program,20260904T180000Z,1077thefox.iheart.com,English,United States,closure,D6_교란행위,2026-09-04
https://hot949fm.iheart.com/content/2026-09-04-costco-quietly-ends-beloved-next-online-discount-program/,6c36fc5121517e882c8e81e4ab0b0914,Costco Quietly Ends Beloved  Next  Online Discount Program,20260904T183000Z,hot949fm.iheart.com,English,United States,closure,D6_교란행위,2026-09-04
https://island985.iheart.com/content/2026-09-04-costco-quietly-ends-beloved-next-online-discount-program/,bc5209bb8c8aacf33b127735043d7b92,Costco Quietly Ends Beloved  Next  Online Discount Program,20260904T183000Z,island985.iheart.com,English,United States,closure,D6_교란행위,2026-09-04
https://y102reading.iheart.com/content/2026-09-04-costco-quietly-ends-beloved-next-online-discount-program/,304cfeb86482833345430c46e74fde23,Costco Quietly Ends Beloved  Next  Online Discount Program,20260904T183000Z,y102reading.iheart.com,English,United States,closure,D6_교란행위,2026-09-04
https://1003thepeak.iheart.com/content/2026-09-04-costco-quietly-ends-beloved-next-online-discount-program/,88dfc2c105b2dab30c4604bc081fa444,Costco Quietly Ends Beloved  Next  Online Discount Program,20260904T183000Z,1003thepeak.iheart.com,English,United States,closure,D6_교란행위,2026-09-04
https://kix993.iheart.com/content/2026-09-04-costco-quietly-ends-beloved-next-online-discount-program/,b0251f4dae09db18958d8e32ae614d84,Costco Quietly Ends Beloved  Next  Online Discount Program,20260904T183000Z,kix993.iheart.com,English,United States,closure,D6_교란행위,2026-09-04
https://1190talkradio.iheart.com/content/2026-09-04-costco-quietly-ends-beloved-next-online-discount-program/,27c3581d689fbd6f01dc35dfc13244c1,Costco Quietly Ends Beloved  Next  Online Discount Program,20260904T183000Z,1190talkradio.iheart.com,English,United States,closure,D6_교란행위,2026-09-04
https://1043myfm.iheart.com/content/2026-09-04-costco-quietly-ends-beloved-next-online-discount-program/,b88bb80a8ff6a75b6e4b05c660d42aac,Costco Quietly Ends Beloved  Next  Online Discount Program,20260904T183000Z,1043myfm.iheart.com,English,United States,closure,D6_교란행위,2026-09-04
https://sportsradio957.iheart.com/content/2026-09-04-costco-quietly-ends-beloved-next-online-discount-program/,59490382fd83e2865226d073caa6113b,Costco Quietly Ends Beloved  Next  Online Discount Program,20260904T183000Z,sportsradio957.iheart.com,English,United States,closure,D6_교란행위,2026-09-04
https://kg95.iheart.com/content/2026-09-04-costco-quietly-ends-beloved-next-online-discount-program/,6f21ee916b390372f7a1d5d1d7ae48eb,Costco Quietly Ends Beloved  Next  Online Discount Program,20260904T183000Z,kg95.iheart.com,English,United States,closure,D6_교란행위,2026-09-04
https://wham1180.iheart.com/content/2026-09-04-costco-quietly-ends-beloved-next-online-discount-program/,edf325b86d0c6890791ce233f1b1ccff,Costco Quietly Ends Beloved  Next  Online Discount Program,20260904T183000Z,wham1180.iheart.com,English,United States,closure,D6_교란행위,2026-09-04
https://knixcountry.iheart.com/content/2026-09-04-costco-quietly-ends-beloved-next-online-discount-program/,78051999e4a40a6ed4a84a7b7e23472e,Costco Quietly Ends Beloved  Next  Online Discount Program,20260904T183000Z,knixcountry.iheart.com,English,United States,closure,D6_교란행위,2026-09-04
https://b95radio.iheart.com/content/2026-09-04-costco-quietly-ends-beloved-next-online-discount-program/,a3b9eafd3beab0845f38b17f51595f33,Costco Quietly Ends Beloved  Next  Online Discount Program,20260904T183000Z,b95radio.iheart.com,English,United States,closure,D6_교란행위,2026-09-04
https://kfab.iheart.com/content/2026-09-04-costco-quietly-ends-beloved-next-online-discount-program/,5e593e4b1ddea0f93e30fd0722119111,Costco Quietly Ends Beloved  Next  Online Discount Program,20260904T191500Z,kfab.iheart.com,English,United States,closure,D6_교란행위,2026-09-04
https://kfyr.iheart.com/content/2026-09-04-costco-quietly-ends-beloved-next-online-discount-program/,146597de5f9f94449d346eab25341495,Costco Quietly Ends Beloved  Next  Online Discount Program,20260904T191500Z,kfyr.iheart.com,English,United States,closure,D6_교란행위,2026-09-04
https://khey.iheart.com/content/2026-09-04-costco-quietly-ends-beloved-next-online-discount-program/,3dfa5f89bb053412884115825c53d45c,Costco Quietly Ends Beloved  Next  Online Discount Program,20260904T191500Z,khey.iheart.com,English,United States,closure,D6_교란행위,2026-09-04
https://101kgb.iheart.com/content/2026-09-04-costco-quietly-ends-beloved-next-online-discount-program/,6506f2b3158988833a6895ba6836164b,Costco Quietly Ends Beloved  Next  Online Discount Program,20260904T191500Z,101kgb.iheart.com,English,United States,closure,D6_교란행위,2026-09-04
https://newcountry1039fm.iheart.com/content/2026-09-04-costco-quietly-ends-beloved-next-online-discount-program/,410c0c747724c43c6dcc0a4b7952a49d,Costco Quietly Ends Beloved  Next  Online Discount Program | Dayton New Country 103 . 9,20260904T191500Z,newcountry1039fm.iheart.com,English,United States,closure,D6_교란행위,2026-09-04
https://mix1047.iheart.com/content/2026-09-04-costco-quietly-ends-beloved-next-online-discount-program/,ff33c0893a1de65a95a2434a9f211745,Costco Quietly Ends Beloved  Next  Online Discount Program,20260904T191500Z,mix1047.iheart.com,English,United States,closure,D6_교란행위,2026-09-04
https://mymagic97.iheart.com/content/2026-09-04-costco-quietly-ends-beloved-next-online-discount-program/,02772a0e22c9484dd6a678bb2f4acf64,Costco Quietly Ends Beloved  Next  Online Discount Program,20260904T191500Z,mymagic97.iheart.com,English,United States,closure,D6_교란행위,2026-09-04
https://790waeb.iheart.com/content/2026-09-04-costco-quietly-ends-beloved-next-online-discount-program/,8341a424b6819849c517c3ae87fee405,Costco Quietly Ends Beloved  Next  Online Discount Program,20260904T191500Z,790waeb.iheart.com,English,United States,closure,D6_교란행위,2026-09-04
https://991kglx.iheart.com/content/2026-09-04-costco-quietly-ends-beloved-next-online-discount-program/,c8aa86fdf56aa0ae2c21baf9a9d40c97,Costco Quietly Ends Beloved  Next  Online Discount Program,20260904T191500Z,991kglx.iheart.com,English,United States,closure,D6_교란행위,2026-09-04
https://3wsradio.iheart.com/content/2026-09-04-costco-quietly-ends-beloved-next-online-discount-program/,c1118adbdc6418cdbce29bb7874f0458,Costco Quietly Ends Beloved  Next  Online Discount Program,20260904T191500Z,3wsradio.iheart.com,English,United States,closure,D6_교란행위,2026-09-04
https://khow.iheart.com/content/2026-09-04-costco-quietly-ends-beloved-next-online-discount-program/,73f56d909247683dfea7e84f1b9c750c,Costco Quietly Ends Beloved  Next  Online Discount Program,20260904T191500Z,khow.iheart.com,English,United States,closure,D6_교란행위,2026-09-04
https://1061kissfm.iheart.com/content/2026-09-04-costco-quietly-ends-beloved-next-online-discount-program/,b302cb34bbafe34f6b0a5872a64a1c72,Costco Quietly Ends Beloved  Next  Online Discount Program,20260904T191500Z,1061kissfm.iheart.com,English,United States,closure,D6_교란행위,2026-09-04
https://1057thebull.iheart.com/content/2026-09-04-costco-quietly-ends-beloved-next-online-discount-program/,853051b534384a764653cfad29394489,Costco Quietly Ends Beloved  Next  Online Discount Program,20260904T191500Z,1057thebull.iheart.com,English,United States,closure,D6_교란행위,2026-09-04
https://hallelujahfm.iheart.com/content/2026-09-04-costco-quietly-ends-beloved-next-online-discount-program/,78436282145d8d1c49b9940dfa2d12e8,Costco Quietly Ends Beloved  Next  Online Discount Program,20260904T191500Z,hallelujahfm.iheart.com,English,United States,closure,D6_교란행위,2026-09-04
https://967kissfm.iheart.com/content/2026-09-04-costco-quietly-ends-beloved-next-online-discount-program/,068b53736e781b2f76f1dcb9fa020a88,Costco Quietly Ends Beloved  Next  Online Discount Program,20260904T191500Z,967kissfm.iheart.com,English,United States,closure,D6_교란행위,2026-09-04
https://wsyr.iheart.com/content/2026-09-04-costco-quietly-ends-beloved-next-online-discount-program/,9daa3ef1e9263f3322a7b033323b1919,Costco Quietly Ends Beloved  Next  Online Discount Program,20260904T191500Z,wsyr.iheart.com,English,United States,closure,D6_교란행위,2026-09-04
https://1051kocean.iheart.com/content/2026-09-04-costco-quietly-ends-beloved-next-online-discount-program/,136ee97f873643e1bccb9d09806c89d1,Costco Quietly Ends Beloved  Next  Online Discount Program,20260904T184500Z,1051kocean.iheart.com,English,United States,closure,D6_교란행위,2026-09-04
https://kickerfm.iheart.com/content/2026-09-04-costco-quietly-ends-beloved-next-online-discount-program/,20f081cd5fc93a179850db807a76002f,Costco Quietly Ends Beloved  Next  Online Discount Program,20260904T184500Z,kickerfm.iheart.com,English,United States,closure,D6_교란행위,2026-09-04
https://700wlw.iheart.com/content/2026-09-04-costco-quietly-ends-beloved-next-online-discount-program/,4e97e839ccaa1a0ea73b4f384dc2e71c,Costco Quietly Ends Beloved  Next  Online Discount Program,20260904T184500Z,700wlw.iheart.com,English,United States,closure,D6_교란행위,2026-09-04
https://country1005.iheart.com/content/2026-09-04-costco-quietly-ends-beloved-next-online-discount-program/,b9d808fd1613bec05b627d18ce52e113,Costco Quietly Ends Beloved  Next  Online Discount Program,20260904T184500Z,country1005.iheart.com,English,United States,closure,D6_교란행위,2026-09-04
https://1027thewolf.iheart.com/content/2026-09-04-costco-quietly-ends-beloved-next-online-discount-program/,3c9c9ed3a835863c4ba1b3d61c7275a3,Costco Quietly Ends Beloved  Next  Online Discount Program,20260904T184500Z,1027thewolf.iheart.com,English,United States,closure,D6_교란행위,2026-09-04
https://kiss1027fm.iheart.com/content/2026-09-04-costco-quietly-ends-beloved-next-online-discount-program/,7d08e599ffb7e683f40cd53aedc5af97,Costco Quietly Ends Beloved  Next  Online Discount Program,20260904T200000Z,kiss1027fm.iheart.com,English,United States,closure,D6_교란행위,2026-09-04
https://big1073.iheart.com/content/2026-09-04-costco-quietly-ends-beloved-next-online-discount-program/,dd4e556f08aa7d3ffdc59bf5abee4990,Costco Quietly Ends Beloved  Next  Online Discount Program,20260904T200000Z,big1073.iheart.com,English,United States,closure,D6_교란행위,2026-09-04
https://country925.iheart.com/content/2026-09-04-costco-quietly-ends-beloved-next-online-discount-program/,5efc5700c43535673c75017f5bcdb19f,Costco Quietly Ends Beloved  Next  Online Discount Program,20260904T200000Z,country925.iheart.com,English,United States,closure,D6_교란행위,2026-09-04
https://theriver1059.iheart.com/content/2026-09-04-costco-quietly-ends-beloved-next-online-discount-program/,00ce860dc07dddae0f7c643a6c625d38,Costco Quietly Ends Beloved  Next  Online Discount Program,20260904T200000Z,theriver1059.iheart.com,English,United States,closure,D6_교란행위,2026-09-04
https://myv101.iheart.com/content/2026-09-04-costco-quietly-ends-beloved-next-online-discount-program/,f3eac61203867da49e98c14ea72749cc,Costco Quietly Ends Beloved  Next  Online Discount Program,20260904T200000Z,myv101.iheart.com,English,United States,closure,D6_교란행위,2026-09-04
https://965thebull.iheart.com/content/2026-09-04-costco-quietly-ends-beloved-next-online-discount-program/,bd4217595349ed41356b5554b90f8aa2,Costco Quietly Ends Beloved  Next  Online Discount Program,20260904T200000Z,965thebull.iheart.com,English,United States,closure,D6_교란행위,2026-09-04
https://wsfcam.iheart.com/content/2026-09-04-costco-quietly-ends-beloved-next-online-discount-program/,1d1477b8431d7d553d73b5e66e555fc5,Costco Quietly Ends Beloved  Next  Online Discount Program,20260904T200000Z,wsfcam.iheart.com,English,United States,closure,D6_교란행위,2026-09-04
https://103jamz.iheart.com/content/2026-09-04-costco-quietly-ends-beloved-next-online-discount-program/,242db3535b86e6d63677b2ec04f6d0ac,Costco Quietly Ends Beloved  Next  Online Discount Program,20260904T200000Z,103jamz.iheart.com,English,United States,closure,D6_교란행위,2026-09-04
https://my100fm.iheart.com/content/2026-09-04-costco-quietly-ends-beloved-next-online-discount-program/,0a4f45293a8186a490960e52ca154d0b,Costco Quietly Ends Beloved  Next  Online Discount Program,20260904T200000Z,my100fm.iheart.com,English,United States,closure,D6_교란행위,2026-09-04
https://mega100fm.iheart.com/content/2026-09-04-costco-quietly-ends-beloved-next-online-discount-program/,ed465cd43969218ea96c89877421154d,Costco Quietly Ends Beloved  Next  Online Discount Program | 100 . 1 FM // Mega 100 Stockton,20260904T200000Z,mega100fm.iheart.com,English,United States,closure,D6_교란행위,2026-09-04
https://wamz.iheart.com/content/2026-09-04-costco-quietly-ends-beloved-next-online-discount-program/,1a68d85d209edb621eb962a7b6b539e3,Costco Quietly Ends Beloved  Next  Online Discount Program,20260904T200000Z,wamz.iheart.com,English,United States,closure,D6_교란행위,2026-09-04
https://gator1079.iheart.com/content/2026-09-04-costco-quietly-ends-beloved-next-online-discount-program/,bb07e38702dbd385d5f15459ec95e1ba,Costco Quietly Ends Beloved  Next  Online Discount Program,20260904T200000Z,gator1079.iheart.com,English,United States,closure,D6_교란행위,2026-09-04
https://98txt.iheart.com/content/2026-09-04-costco-quietly-ends-beloved-next-online-discount-program/,c1e176953475ff67e95781c533a1dae3,Costco Quietly Ends Beloved  Next  Online Discount Program,20260904T200000Z,98txt.iheart.com,English,United States,closure,D6_교란행위,2026-09-04
https://bob949.iheart.com/content/2026-09-04-costco-quietly-ends-beloved-next-online-discount-program/,24953981185d415b2bddbc5fbef4e639,Costco Quietly Ends Beloved  Next  Online Discount Program,20260904T200000Z,bob949.iheart.com,English,United States,closure,D6_교란행위,2026-09-04
https://koltfm.iheart.com/content/2026-09-04-costco-quietly-ends-beloved-next-online-discount-program/,83db05f0129aa14310b239b124126d4b,Costco Quietly Ends Beloved  Next  Online Discount Program,20260904T200000Z,koltfm.iheart.com,English,United States,closure,D6_교란행위,2026-09-04
https://949thebull.iheart.com/content/2026-09-04-costco-quietly-ends-beloved-next-online-discount-program/,0ac280e4f93a1c0c79a2df58c445c3d4,Costco Quietly Ends Beloved  Next  Online Discount Program,20260904T200000Z,949thebull.iheart.com,English,United States,closure,D6_교란행위,2026-09-04
https://kdwb.iheart.com/content/2026-09-04-costco-quietly-ends-beloved-next-online-discount-program/,848a4c3dc3e105b31c6586ce8846f652,Costco Quietly Ends Beloved  Next  Online Discount Program,20260904T200000Z,kdwb.iheart.com,English,United States,closure,D6_교란행위,2026-09-04
https://1007wzxl.iheart.com/content/2026-09-04-costco-quietly-ends-beloved-next-online-discount-program/,668d2eea387c737640580cf52fa50fe0,Costco Quietly Ends Beloved  Next  Online Discount Program,20260904T200000Z,1007wzxl.iheart.com,English,United States,closure,D6_교란행위,2026-09-04
https://thekat.iheart.com/content/2026-09-04-costco-quietly-ends-beloved-next-online-discount-program/,b8633b37be02d1344779a6f5386fdf6e,Costco Quietly Ends Beloved  Next  Online Discount Program,20260904T200000Z,thekat.iheart.com,English,United States,closure,D6_교란행위,2026-09-04
https://102ktra.iheart.com/content/2026-09-04-costco-quietly-ends-beloved-next-online-discount-program/,961a446cf2193cb279bb812405608c1a,Costco Quietly Ends Beloved  Next  Online Discount Program,20260904T200000Z,102ktra.iheart.com,English,United States,closure,D6_교란행위,2026-09-04
https://sunny100.iheart.com/content/2026-09-04-costco-quietly-ends-beloved-next-online-discount-program/,3d43d3a98b6259df951e538eac2f11e9,Costco Quietly Ends Beloved  Next  Online Discount Program,20260904T200000Z,sunny100.iheart.com,English,United States,closure,D6_교란행위,2026-09-04
https://1029thelake.iheart.com/content/2026-09-04-costco-quietly-ends-beloved-next-online-discount-program/,caa0349e1349d6bf85510db40479c18a,Costco Quietly Ends Beloved  Next  Online Discount Program,20260904T200000Z,1029thelake.iheart.com,English,United States,closure,D6_교란행위,2026-09-04
https://power973.iheart.com/content/2026-09-04-costco-quietly-ends-beloved-next-online-discount-program/,58cf9bd91f5e30d2e27a14b821859a4e,Costco Quietly Ends Beloved  Next  Online Discount Program,20260904T201500Z,power973.iheart.com,English,United States,closure,D6_교란행위,2026-09-04
https://1041thevibe.iheart.com/content/2026-09-04-costco-quietly-ends-beloved-next-online-discount-program/,c3c6cb1df8654226d0850d522f7504d8,Costco Quietly Ends Beloved  Next  Online Discount Program,20260904T201500Z,1041thevibe.iheart.com,English,United States,closure,D6_교란행위,2026-09-04
https://v1017.iheart.com/content/2026-09-04-costco-quietly-ends-beloved-next-online-discount-program/,7afd21e70cd62946e87ae04f63e11526,Costco Quietly Ends Beloved  Next  Online Discount Program,20260904T201500Z,v1017.iheart.com,English,United States,closure,D6_교란행위,2026-09-04
https://mix96online.iheart.com/content/2026-09-04-costco-quietly-ends-beloved-next-online-discount-program/,95f111628660e4d450d3f65589706389,Costco Quietly Ends Beloved  Next  Online Discount Program,20260904T201500Z,mix96online.iheart.com,English,United States,closure,D6_교란행위,2026-09-04
https://951wayv.iheart.com/content/2026-09-04-costco-quietly-ends-beloved-next-online-discount-program/,e1d73165e7664cff8a3dfd04e99f0237,Costco Quietly Ends Beloved  Next  Online Discount Program,20260904T201500Z,951wayv.iheart.com,English,United States,closure,D6_교란행위,2026-09-04
https://wtue.iheart.com/content/2026-09-04-costco-quietly-ends-beloved-next-online-discount-program/,b10e91f374b0b9729f89eac0b72ccff8,Costco Quietly Ends Beloved  Next  Online Discount Program,20260904T201500Z,wtue.iheart.com,English,United States,closure,D6_교란행위,2026-09-04
https://indy1033.iheart.com/content/2026-09-04-costco-quietly-ends-beloved-next-online-discount-program/,61179853b72f99891d888f7086e76425,Costco Quietly Ends Beloved  Next  Online Discount Program,20260904T201500Z,indy1033.iheart.com,English,United States,closure,D6_교란행위,2026-09-04
https://wwnc.iheart.com/content/2026-09-04-costco-quietly-ends-beloved-next-online-discount-program/,e0aff045b2a28fc7f6c6c78f67056c4f,Costco Quietly Ends Beloved  Next  Online Discount Program,20260904T201500Z,wwnc.iheart.com,English,United States,closure,D6_교란행위,2026-09-04
https://1025thebull.iheart.com/content/2026-09-04-costco-quietly-ends-beloved-next-online-discount-program/,7e6933d831de45a42171c78ccf0e1679,Costco Quietly Ends Beloved  Next  Online Discount Program,20260904T201500Z,1025thebull.iheart.com,English,United States,closure,D6_교란행위,2026-09-04
https://kqdy.iheart.com/content/2026-09-04-costco-quietly-ends-beloved-next-online-discount-program/,63765cf4ababcb2e80a37fd793dfda25,Costco Quietly Ends Beloved  Next  Online Discount Program,20260904T201500Z,kqdy.iheart.com,English,United States,closure,D6_교란행위,2026-09-04
https://classiccountry957.iheart.com/content/2026-09-04-costco-quietly-ends-beloved-next-online-discount-program/,74c497c52a427d9c9f5e743ec164343f,Costco Quietly Ends Beloved  Next  Online Discount Program,20260904T203000Z,classiccountry957.iheart.com,English,United States,closure,D6_교란행위,2026-09-04
https://ktom.iheart.com/content/2026-09-04-costco-quietly-ends-beloved-next-online-discount-program/,8d00026b213a6f78290016630a770f47,Costco Quietly Ends Beloved  Next  Online Discount Program,20260904T203000Z,ktom.iheart.com,English,United States,closure,D6_교란행위,2026-09-04
https://963starcountry.iheart.com/content/2026-09-04-costco-quietly-ends-beloved-next-online-discount-program/,8e511ed40235cf8accf3364081969ca6,Costco Quietly Ends Beloved  Next  Online Discount Program,20260904T201500Z,963starcountry.iheart.com,English,United States,closure,D6_교란행위,2026-09-04
https://hits961.iheart.com/content/2026-09-04-costco-quietly-ends-beloved-next-online-discount-program/,7464536cbf697ee8533db0657c5b60e3,Costco Quietly Ends Beloved  Next  Online Discount Program,20260904T201500Z,hits961.iheart.com,English,United States,closure,D6_교란행위,2026-09-04
https://buckeyecountry1037.iheart.com/content/2026-09-04-costco-quietly-ends-beloved-next-online-discount-program/,771fe41ecb93a8b691db3880da4314c9,Costco Quietly Ends Beloved  Next  Online Discount Program | Buckeye Country 103 . 7  CKY,20260904T193000Z,buckeyecountry1037.iheart.com,English,United States,closure,D6_교란행위,2026-09-04
https://ktok.iheart.com/content/2026-09-04-costco-quietly-ends-beloved-next-online-discount-program/,f38ddb6fb45624c170765206196ab3d3,Costco Quietly Ends Beloved  Next  Online Discount Program,20260904T193000Z,ktok.iheart.com,English,United States,closure,D6_교란행위,2026-09-04
https://939litefm.iheart.com/content/2026-09-04-costco-quietly-ends-beloved-next-online-discount-program/,f112328e4ab0c9ad1b600db542e2fe9c,Costco Quietly Ends Beloved  Next  Online Discount Program,20260904T193000Z,939litefm.iheart.com,English,United States,closure,D6_교란행위,2026-09-04
https://c101.iheart.com/content/2026-09-04-costco-quietly-ends-beloved-next-online-discount-program/,5814126961cd32ce7abd7a10719c5ec9,Costco Quietly Ends Beloved  Next  Online Discount Program,20260904T193000Z,c101.iheart.com,English,United States,closure,D6_교란행위,2026-09-04
https://1037theq.iheart.com/content/2026-09-04-costco-quietly-ends-beloved-next-online-discount-program/,7ec27ea7b0472201f875e0f830569052,Costco Quietly Ends Beloved  Next  Online Discount Program,20260904T193000Z,1037theq.iheart.com,English,United States,closure,D6_교란행위,2026-09-04
https://hotabq.iheart.com/content/2026-09-04-costco-quietly-ends-beloved-next-online-discount-program/,c13c662f0e9e903cb1c724f85e0ee9bf,Costco Quietly Ends Beloved  Next  Online Discount Program,20260904T194500Z,hotabq.iheart.com,English,United States,closure,D6_교란행위,2026-09-04
https://laser1017.iheart.com/content/2026-09-04-costco-quietly-ends-beloved-next-online-discount-program/,cd21b63d811c884f77416cd2539de20a,Costco Quietly Ends Beloved  Next  Online Discount Program,20260904T194500Z,laser1017.iheart.com,English,United States,closure,D6_교란행위,2026-09-04
https://wiba.iheart.com/content/2026-09-04-costco-quietly-ends-beloved-next-online-discount-program/,107eff3ba45afa1f2b521bd8d96a4e6f,Costco Quietly Ends Beloved  Next  Online Discount Program,20260904T194500Z,wiba.iheart.com,English,United States,closure,D6_교란행위,2026-09-04
https://aggie96.iheart.com/content/2026-09-04-costco-quietly-ends-beloved-next-online-discount-program/,0c7b8da963982f67d463b847afaa2657,Costco Quietly Ends Beloved  Next  Online Discount Program,20260904T194500Z,aggie96.iheart.com,English,United States,closure,D6_교란행위,2026-09-04
https://newsradio710.iheart.com/content/2026-09-04-costco-quietly-ends-beloved-next-online-discount-program/,32401a6cb84139c99deba8a1f6beff8d,Costco Quietly Ends Beloved  Next  Online Discount Program,20260904T191500Z,newsradio710.iheart.com,English,United States,closure,D6_교란행위,2026-09-04
https://969thekat.iheart.com/content/2026-09-04-costco-quietly-ends-beloved-next-online-discount-program/,944100e04c2a629ec7b249a50f172766,Costco Quietly Ends Beloved  Next  Online Discount Program,20260904T191500Z,969thekat.iheart.com,English,United States,closure,D6_교란행위,2026-09-04
https://www.business-standard.com/companies/news/adani-ports-and-sez-to-launch-dedicated-empty-container-yard-at-mundra-port-126090400463_1.html,4952020f626a06cc388d46ea8febcbc8,Adani Ports and SEZ to launch dedicated empty container yard at Mundra Port,20260904T084500Z,business-standard.com,English,India,container,D2_품목,2026-09-04
https://www.thehindubusinessline.com/economy/logistics/adani-ports-to-set-up-empty-container-yard-at-mundra/article71427167.ece,295e86de31a7460944d49f696b815ed0,Adani Ports to set up empty container yard at Mundra - The HinduBusinessLine,20260904T070000Z,thehindubusinessline.com,English,India,container,D2_품목,2026-09-04
https://www.cnet.com/home/kitchen-and-household/its-silly-i-didnt-learn-this-60-second-blender-cleaning-trick-earlier/,6ee63851712b4b16731f2b5257c6d3b1,It Silly I Didnt Learn This 60 - Second Blender Cleaning Trick Earlier,20260904T030000Z,cnet.com,English,Japan,container,D2_품목,2026-09-04
https://www.chicagotribune.com/2026/09/04/the-kitchn-homemade-teriyaki-chicken/,768b480bd18e1af13fc67e1f11d93acb,Recipe : Homemade teriyaki chicken,20260904T093000Z,chicagotribune.com,English,United States,container,D2_품목,2026-09-04
https://www.theepochtimes.com/article/arizonas-plotz-plot-a-place-to-leave-the-past-behind-6059402,b89bd0ca1f5c64718533164c508528a9,"In the Desert , a Place to Leave the Past Behind",20260904T094500Z,theepochtimes.com,English,United States,container,D2_품목,2026-09-04
https://www.aol.com/articles/10-popular-ben-jerrys-flavors-221900000.html,5958898812e96375870ebe2516f40d69,"10 Popular Ben & Jerry Flavors , Ranked",20260904T084500Z,aol.com,English,United States,container,D2_품목,2026-09-04
https://www.thehindu.com/news/national/kerala/lorry-crashes-into-three-vehicles-at-marathakkara-signal-in-thrissur/article71428593.ece,9d459f7507b7be10d558f3e5b7942900,Lorry crashes into three vehicles at Marathakkara signal in Thrissur,20260904T144500Z,thehindu.com,English,India,container,D2_품목,2026-09-04
https://www.thedailybeast.com/trumps-jaw-dropping-plan-for-grift-force-one-is-leaked/,134b80439f1a6cee250cf3a54fcc30a5,Trump Jaw - Dropping Plan for Grift Force One Is Leaked,20260904T151500Z,thedailybeast.com,English,United States,container,D2_품목,2026-09-04
https://www.foxbusiness.com/economy/popular-squishy-toys-recalled-over-potentially-deadly-water-bead-hazard,15ec4b9f8ae14c989a767fdd4e02a2d7,"More than 15 , 000 children squeeze toys recalled over water bead hazard",20260904T074500Z,foxbusiness.com,English,United States,container,D2_품목,2026-09-04
https://thesource.com/2026/09/04/eladio-carrion-corsa-grid-halloween-concert-santiago/,4dbcdbe8fdfbcfdc5f9c8cd8163b34c8,Eladio Carrión Announces CORSA GRID Halloween Concert in Santiago,20260904T143000Z,thesource.com,English,United States,container,D2_품목,2026-09-04
https://idrw.org/indias-first-private-sector-developed-tokamak-reactor-fired-up/,d4b9b5734fc1e4412a2cf0f5cd3d051f,India First Private sector developed Tokamak Reactor fired up,20260904T144500Z,idrw.org,English,India,container,D2_품목,2026-09-04
https://www.prnewswire.com/news-releases/sharing-opportunities--a-new-landscape-of-asia-pacific-development-302869725.html,a7e28fad7b9a5a1cab70401d0b0f21e2,Sharing opportunities -- A New Landscape of Asia - Pacific Development,20260904T051500Z,prnewswire.com,English,United States,container,D2_품목,2026-09-04
http://www.prnewswire.com/news-releases/sharing-opportunities--a-new-landscape-of-asia-pacific-development-302869725.html,e76aba79f04ca89082f1353a69f76e91,Sharing opportunities -- A New Landscape of Asia - Pacific Development,20260904T041500Z,prnewswire.com,English,United States,container,D2_품목,2026-09-04
https://www.manilatimes.net/2026/09/04/tmt-newswire/pr-newswire/sharing-opportunities-a-new-landscape-of-asia-pacific-development/2418503,d5aaa3ef5a557c67516fe4614c43d49a,Sharing opportunities -- A New Landscape of Asia - Pacific Development,20260904T030000Z,manilatimes.net,English,Philippines,container,D2_품목,2026-09-04
https://nltimes.nl/2026/09/04/15-stowaways-found-truck-trailer-vlaardingen-group-includes-two-children,064e5a15657edf8972ae86d8472e5ba3,"15 stowaways found in truck trailer in Vlaardingen , group includes two children",20260904T124500Z,nltimes.nl,English,Netherlands,container,D2_품목,2026-09-04
https://propakistani.pk/2026/09/04/200-kg-meth-seized-at-karachi-port/,12976f420a85c487a3a1ae250585a030,200 Kg Meth Seized At Karachi Port,20260904T180000Z,propakistani.pk,English,Pakistan,container,D2_품목,2026-09-04
https://brobible.com/gear/article/oven-microwave-and-dishwasher-safe-get-20-off-misenware-food-storage-this-labor-day-weekend/,7335696addaa949aa20b83eab0c26242,"Oven , Microwave , And Dishwasher Safe : Get 20 % Off Misenware Food Storage This Labor Day Weekend ! ",20260904T203000Z,brobible.com,English,United States,container,D2_품목,2026-09-04
https://www.equitybulls.com/category.php?id=374758,37c9d7c3c4b380590145b379acff2af6,APSEZ to start Dedicated Empty Container Yard operations at Mundra Port and SEZ,20260904T124500Z,equitybulls.com,English,India,container,D2_품목,2026-09-04
https://www.thestar.com.my/business/business-news/2026/09/04/shin-yang-buys-kuching-industrial-property-for-rm34mil,2845c61adbb4e897c68aad6b57381238,Shin Yang buys Kuching industrial property for RM34mil,20260904T130000Z,thestar.com.my,English,Malaysia,container,D2_품목,2026-09-04
https://arynews.tv/sri-lanka-pakistan-seize-ice-in-joint-anti-narcotics-operation,2a817d8dcfc8787835fd1c0191fda792,"Sri Lanka , Pakistan seize ice in joint anti - narcotics operation",20260904T070000Z,arynews.tv,English,Pakistan,container,D2_품목,2026-09-04
https://ianslive.in/adani-ports-to-start-dedicated-empty-container-yard-operations-at-mundra-to-boost-efficiency--20260904090903,2607abc036f9a09deff089e7df890abe,Adani Ports to start dedicated empty container yard operations at Mundra to boost efficiency,20260904T044500Z,ianslive.in,English,India,container,D2_품목,2026-09-04
https://www.aol.com/articles/3-wealth-preservation-moves-copy-180005000.html,9a998805aad282cc6b9eb39c51ec93f9,3 Wealth - Preservation Moves You Can Copy From the Top 1 % ,20260904T184500Z,aol.com,English,United States,container,D2_품목,2026-09-04
https://www.nbcnews.com/select/shopping/sunbasket-review-rcna596015,e9a3da4b72a9b1807fb3c1bfcbbd53f1,Sunbasket Review : The Best Meal Delivery for Gluten - Free Eaters,20260904T164500Z,nbcnews.com,English,United States,container,D2_품목,2026-09-04
"http://www.liherald.com/stories/ease-into-fall-with-colors-from-your-garden,224828",b54bf7a7a5b4c807e0966d8ac554a3aa,Ease into fall with colors from your garden | Herald Community Newspapers,20260904T023000Z,liherald.com,English,United States,container,D2_품목,2026-09-04
https://economictimes.indiatimes.com/news/international/world-news/maldives-awards-contract-for-phase-1-of-thilafushi-port-to-a-chinese-company/articleshow/133776027.cms,ff235ce68bafba9b23f01e19a9bd25bc,Maldives awards contract for Phase 1 of Thilafushi Port to a Chinese company,20260904T194500Z,economictimes.indiatimes.com,English,India,container,D2_품목,2026-09-04
https://hackaday.com/2026/09/04/this-week-in-security-baked-in-malware-freezers-not-freezing-zoom-snoops-clipboards-and-ai-makes-things-worse-faster/,0100e748310f82e279966e2b1d325c79,"This Week In Security : Baked - in Malware , Freezers Not Freezing , Zoom Snoops Clipboards , And AI Makes Things Worse , Faster",20260904T143000Z,hackaday.com,English,United States,container,D2_품목,2026-09-04
https://www.business-standard.com/markets/stock-market-news/rentomojo-manipal-payment-karamtara-and-lcc-projects-price-ipos-126090401450_1.html,f77c084ca2ca9745a13231aef2853698,"Rentomojo , Manipal Payment , Karamtara , and LCC Projects price IPOs",20260904T180000Z,business-standard.com,English,India,container,D2_품목,2026-09-04
https://www.wbay.com:443/2026/09/03/un-warns-missing-climate-target-dutch-wind-innovation-offers-portable-energy-solution/,2e624e6b9e66b5ea752f21503f327001,UN Warns of missing climate target as Dutch wind innovation offers portable energy solution,20260904T003000Z,wbay.com,English,United States,container,D2_품목,2026-09-04
https://www.heise.de/en/news/Dyson-CameraJet-Electric-toothbrush-with-camera-costs-480-Euros-11438790.html,75bf0d213e7d01411d5442262ae0ca4e,Dyson CameraJet : Electric toothbrush with camera costs 480 Euros,20260904T060000Z,heise.de,English,Germany,container,D2_품목,2026-09-04
http://www.thegazette.com/news/crime-and-courts/cedar-rapids-woman-faces-up-to-20-years-for-residential-fires/article_a2fceed1-ebdb-4d24-89d0-1c94c1aec7b8.html,04f3af881e7f1d397bb576f27ee25535,Cedar Rapids woman faces up to 20 years for two fires | Crime and Courts,20260904T000000Z,thegazette.com,English,United States,container,D2_품목,2026-09-04
https://dailydot.com/im-so-tired-a-tiktoker-paid-over-100-for-one-bag-of-hygiene-products-at-walmart-and-the-comment-section-had-a-lot-to-say,09218b07041a67ec9887306b8471f806,  Im So Tired : A TikToker Paid Over $100 for One Bag of Hygiene Products at Walmart and the Comment Section Had a Lot to Say,20260904T151500Z,dailydot.com,English,United States,container,D2_품목,2026-09-04
https://www.fox10phoenix.com/news/child-squishy-dumpling-toys-recalled-dangerous-water-beads-cpsc,748f694f1f4a5178791535763ce4ce6c,"Child squishy dumpling toys recalled over dangerous water beads , CPSC warns",20260904T184500Z,fox10phoenix.com,English,United States,container,D2_품목,2026-09-04
https://www.fox29.com/news/child-squishy-dumpling-toys-recalled-dangerous-water-beads-cpsc,b1442effdde6648e9a625a69f817cda7,"Child squishy dumpling toys recalled over dangerous water beads , CPSC warns",20260904T191500Z,fox29.com,English,United States,container,D2_품목,2026-09-04
https://economictimes.indiatimes.com/news/economy/foreign-trade/maharashtra-pitches-for-belgium-investments/articleshow/133767345.cms,a65171442024499c9136c3a13d0a334a,Maharashtra pitches for Belgium investments,20260904T151500Z,economictimes.indiatimes.com,English,India,container,D2_품목,2026-09-04
https://lancasteronline.com/business/restaurant_inspections/pink-slimy-residue-on-ice-maker-lancaster-county-restaurant-inspections-sept-4-2026/article_a5ce0b13-1292-4716-8f21-2484e4e4ae10.html,9bfdd9a33b7c8b6262d9859938e2c308,"Pink , slimy residue on ice maker : Lancaster County restaurant inspections , Sept . 4 , 2026",20260904T161500Z,lancasteronline.com,English,United States,container,D2_품목,2026-09-04
https://www.bristolpost.co.uk/whats-on/whats-on-news/plant-daffodil-bulbs-healthy-flowers-11141578,a6ba45f24820db4dcb8043d96a274ac7,When to plant daffodil bulbs for  healthy flowers in spring  ,20260904T094500Z,bristolpost.co.uk,English,United Kingdom,container,D2_품목,2026-09-04
https://www.plymouthherald.co.uk/whats-on/whats-on-news/plant-daffodil-bulbs-healthy-flowers-11141578,cc58413f0a0e5db56de3d9d0709bf4ed,When to plant daffodil bulbs for  healthy flowers in spring  ,20260904T093000Z,plymouthherald.co.uk,English,United Kingdom,container,D2_품목,2026-09-04
https://www.aol.co.uk/articles/garden-expert-says-plant-one-083800000.html,8882617ab6c5c91c2fe1d5889a275954,Garden expert says  plant one bulb now  to get  healthy spring flowers  ,20260904T091500Z,aol.co.uk,English,United Kingdom,container,D2_품목,2026-09-04
https://www.somersetlive.co.uk/whats-on/whats-on-news/plant-daffodil-bulbs-healthy-flowers-11141578,b1ee5bc3a991b0da6e1059dbee220378,When to plant daffodil bulbs for  healthy flowers in spring  ,20260904T100000Z,somersetlive.co.uk,English,United Kingdom,container,D2_품목,2026-09-04
https://wcti12.com/news/local/nc-elections-officials-update-procedures-for-absentee-ballot-deficiencies,cd8d0814a4d1d0f4468d2e668a4a9fff,NC elections officials update procedures for absentee ballot deficiencies,20260904T200000Z,wcti12.com,English,United States,container,D2_품목,2026-09-04
https://www.macombdaily.com/2026/09/03/two-drivers-accused-of-assaulting-shelby-twp-officers-during-unrelated-traffic-stops/,ab2dc2e9e6f8d33673921c4e6192e5a2,Two drivers accused of assaulting Shelby Twp . officers during unrelated traffic stops,20260904T000000Z,macombdaily.com,English,United States,container,D2_품목,2026-09-04
https://www.bizcommunity.com/article/everything-you-need-to-know-about-dry-ice-smoke-for-weddings-and-events-186066a,5842bb64c5d16946268f3f0422af2858,Everything you need to know about dry ice smoke for weddings and events,20260904T164500Z,bizcommunity.com,English,South Africa,container,D2_품목,2026-09-04
https://www.nbcpalmsprings.com/therogginreport/contributors/2026/09/03/coachella-container-park-permits-expired-businesses-at-risk,965796253dde5c443b70ef45ce273602,"Coachella Container Park Permits Expired , Businesses at Risk",20260904T060000Z,nbcpalmsprings.com,English,,container,D2_품목,2026-09-04
https://www.yeniazerbaycan.com/Dunya_e149937_az.html,4301a3d8c80a59ebed474a498c1d0c6f,İordaniya XİN : ABŞ hərbçilərinin ölkədəki mövcudluğu müdafiə əməkdaşlığı sazişi ilə tənzimlənir,20260904T144500Z,yeniazerbaycan.com,English,Azerbaijan,container,D2_품목,2026-09-04
https://www.marieclaire.com/beauty/skincare/best-cryo-tools/,d44b4132f6d0f0d4a5e1685f90839c9a,The 7 Best Cryo Tools to Depuff and Sculpt Your Face Fast,20260904T151500Z,marieclaire.com,English,United States,container,D2_품목,2026-09-04
https://www.express.co.uk/life-style/garden/2245435/garden-expert-says-plant-one-bulb-now-get-healthy-spring-flowers,c6b2e05b128d569905e24f87bd62783d,  Plant one bulb now  to get  healthy flowers in spring  ,20260904T100000Z,express.co.uk,English,United Kingdom,container,D2_품목,2026-09-04
https://www.chicagotribune.com/2026/09/03/caleb-williams-hot-ones/,21efe0600e99d3e668ec21b1f59e54ba,Bears QB Caleb Williams appears on popular YouTube series  Hot Ones  ,20260904T011500Z,chicagotribune.com,English,United States,container,D2_품목,2026-09-04
https://www.americanthinker.com/blog/2026/09/run-rham-run-but-for-whom/,5f0c44f1bdd8da152da1b7ad166928d7,"Run Rahm , run , but for whom ? ",20260904T183000Z,americanthinker.com,English,United States,container,D2_품목,2026-09-04
https://edmontonsun.com/life/fashion-beauty/the-secret-to-an-orderly-home-dirty-zones,02980e2655017e2e4349d24fad1a954a,The secret to an orderly home ?  Dirty zones . ,20260904T130000Z,edmontonsun.com,English,Canada,container,D2_품목,2026-09-04
https://www.enca.com/opinion/how-el-nino-choking-panama-canal,3a2baf42dd2a14402f03b0f3cce230f3,How El Nino is choking the Panama Canal,20260904T070000Z,enca.com,English,South Africa,container,D2_품목,2026-09-04
https://www.newswire.ca/news-releases/the-week-in-canadian-press-releases-10-stories-you-need-to-see-824087208.html,10ca333b33bfff5bc2c5370fcebda748,The Week in Canadian Press Releases : 10 Stories You Need to See,20260904T144500Z,newswire.ca,English,Canada,container,D2_품목,2026-09-04
https://www.yahoo.com/news/articles/nueces-county-restaurant-inspections-aug-094549652.html,0107ece28333dbdcf6337af14b4b3978,Nueces County restaurant inspections for Aug . 27 to Sept . 2,20260904T101500Z,yahoo.com,English,United States,container,D2_품목,2026-09-04
https://www.thedailybeast.com/obsessed/photographer-alex-brandon-rips-trump-for-making-him-decoy-in-plane-swap/,ca34ebb7ae32d3947e6a5cc0a9054e35,Photographer Alex Brandon Rips Trump for Making Him  Decoy  in Plane Swap,20260904T200000Z,thedailybeast.com,English,United States,container,D2_품목,2026-09-04
https://www.liverpoolecho.co.uk/news/property/japanese-maple-tree-care-tips-34567053,b0a73d38791c5327ac4a348531771e2e,Keep Japanese maples healthy in winter and autumn with vital soil addition,20260904T130000Z,liverpoolecho.co.uk,English,United Kingdom,container,D2_품목,2026-09-04
https://www.wcvb.com/article/fda-epinephrine-injection-recall-sterility-particulate-matter/73610791,07226ee0c3dd325415183a71d79a5f69,Epinephrine injections recalled over sterility concerns,20260904T033000Z,wcvb.com,English,United States,container,D2_품목,2026-09-04
https://www.wyff4.com/article/fda-epinephrine-injection-recall-sterility-particulate-matter/73610791,64c3f92f227c7a6d66d43b5ebd3ea3f9,Epinephrine injections recalled over sterility concerns,20260904T071500Z,wyff4.com,English,United States,container,D2_품목,2026-09-04
https://www.royalgazette.com/home-away/lifestyle/article/20260904/mikaela-ian-pearman-money-and-value-the-100-day-bermuda-challenge/,d4b005eceb962bc6a38451551b4d4fa3,"Money and value : the  $100 day  Bermuda challenge - The Royal Gazette | Bermuda News , Business , Sports , Events , & Community",20260904T144500Z,royalgazette.com,English,Bermuda,container,D2_품목,2026-09-04
https://www.wtae.com/article/fda-epinephrine-injection-recall-sterility-particulate-matter/73610791,611715cd3ffb7cb11c7df90cab3cb5f6,Epinephrine injections recalled over sterility concerns,20260904T074500Z,wtae.com,English,United States,container,D2_품목,2026-09-04
https://www.wbaltv.com/article/fda-epinephrine-injection-recall-sterility-particulate-matter/73610791,e9cf2ae970d58c50c6000191aeef82f6,Epinephrine injections recalled over sterility concerns,20260904T051500Z,wbaltv.com,English,United States,container,D2_품목,2026-09-04
https://indiankanoon.org/doc/138278572/,c3de8b78d37769d85ab18a318fe92911,"Raja Aiyanampillai vs The Commissioner Of Police on 3 September , 2026",20260904T031500Z,indiankanoon.org,English,India,container,D2_품목,2026-09-04
https://www.wesh.com/article/fda-epinephrine-injection-recall-sterility-particulate-matter/73610791,a7bb5b12b349d9a758d6ae2fb0f88caa,Epinephrine injections recalled over sterility concerns,20260904T030000Z,wesh.com,English,United States,container,D2_품목,2026-09-04
https://www.kcra.com/article/fda-epinephrine-injection-recall-sterility-particulate-matter/73610791,c4f2170d5ef3ef6079871a7200eddfa6,Epinephrine injections recalled over sterility concerns,20260904T043000Z,kcra.com,English,United States,container,D2_품목,2026-09-04
https://www.fda.gov/safety/recalls-market-withdrawals-safety-alerts/american-regent-inc-issues-voluntary-nationwide-recall-three-lots-epinephrine-injection-usp-30-mg-30,7f2c19c9379b00accf8dcb04d3591768,"American Regent , Inc . Issues Voluntary Nationwide Recall of Three Lots of Epinephrine Injection , USP 30 mg / 30 mL ( 1 mg / mL ) Due to the Presence of Particulate Matter and Lack of Assurance of Sterility",20260904T020000Z,fda.gov,English,United States,container,D2_품목,2026-09-04
https://www.cubaheadlines.com/articles/339560,c4f60f918b0dbdf7da686e09432dcb6f,Cuban Filmmaker Criticizes Calls for  Resistance  Amid Widespread Hunger,20260904T191500Z,cubaheadlines.com,English,Cuba,container,D2_품목,2026-09-04
https://www.kmbc.com/article/fda-epinephrine-injection-recall-sterility-particulate-matter/73610791,e0d7ea6f748026ed1de2b044cdbb5ea9,Epinephrine injections recalled over sterility concerns,20260904T051500Z,kmbc.com,English,United States,container,D2_품목,2026-09-04
https://247wallst.com/personal-finance/2026/09/03/wealthy-americans-found-a-way-to-invest-unlimited-money-tax-free/,d31b37997afa5d3c3579dbb9331b6766,Wealthy Americans Found a Way to Invest Unlimited Money Tax - Free,20260904T020000Z,247wallst.com,English,United States,container,D2_품목,2026-09-04
https://www.tomsguide.com/home/kitchen-dining/canoly-c16-cold-press-juicer-review,222a42226261b95e8d2c3e14bb9c1265,Canoly C16 Cold Press Juicer review,20260904T144500Z,tomsguide.com,English,United States,container,D2_품목,2026-09-04
https://www.runcornandwidnesworld.co.uk/news/26523612.120-000-solar-batteries-stolen-widnes-industrial-site/,8a7c3dd5d564e880a58a99c824a2d2a1,"Up to £120 , 000 of solar batteries stolen from Widnes industrial site",20260904T200000Z,runcornandwidnesworld.co.uk,English,United Kingdom,container,D2_품목,2026-09-04
https://www.edp24.co.uk/news/national/26520967.man-given-genetically-modified-pig-kidney-nine-months-world-first/,018bcf422fbfbcf12e315e6c493bb7df,Man given genetically modified pig kidney for nine months in world first,20260904T003000Z,edp24.co.uk,English,United Kingdom,container,D2_품목,2026-09-04
https://www.bournemouthecho.co.uk/news/national/26520967.man-given-genetically-modified-pig-kidney-nine-months-world-first/,fece31b8528c5ab55f090368e807f733,Man given genetically modified pig kidney for nine months in world first,20260904T023000Z,bournemouthecho.co.uk,English,United Kingdom,container,D2_품목,2026-09-04
https://www.nknews.org/pro/landslides-and-floods-hit-north-korea-russia-border-region-imagery/,263608db418d05da37031dd75d707967,Landslides and floods hit North Korea - Russia border region : Imagery,20260904T090000Z,nknews.org,English,North Korea,container,D2_품목,2026-09-04
https://www.wdsu.com/article/fda-epinephrine-injection-recall-sterility-particulate-matter/73610791,c020e24def448b71b22940321d0fabf6,Epinephrine injections recalled over sterility concerns,20260904T044500Z,wdsu.com,English,United States,container,D2_품목,2026-09-04
https://www.thetelegraphandargus.co.uk/news/national/26520967.man-given-genetically-modified-pig-kidney-nine-months-world-first/,edda3eac916a90c10ce5006ce4c01be9,Man given genetically modified pig kidney for nine months in world first,20260904T011500Z,thetelegraphandargus.co.uk,English,United Kingdom,container,D2_품목,2026-09-04
https://www.theargus.co.uk/news/national/26520967.man-given-genetically-modified-pig-kidney-nine-months-world-first/,963bba34cdc5781ccc825b318dd77334,Man given genetically modified pig kidney for nine months in world first,20260904T014500Z,theargus.co.uk,English,United Kingdom,container,D2_품목,2026-09-04
https://flaglerlive.com/hazardous-cutbacks/,971e8c35bdcb821126419a993ee30f05,Flagler County Closes Free Household Hazardous Waste Disposal Site,20260904T023000Z,flaglerlive.com,English,United States,container,D2_품목,2026-09-04
https://www.eadt.co.uk/news/national/26520967.man-given-genetically-modified-pig-kidney-nine-months-world-first/,9cfb31669280cbf44da62a3daea3ab74,Man given genetically modified pig kidney for nine months in world first,20260904T003000Z,eadt.co.uk,English,United Kingdom,container,D2_품목,2026-09-04
https://www.herefordtimes.com/news/national/26520967.man-given-genetically-modified-pig-kidney-nine-months-world-first/,4bac87f88fdc79139b3a8253b8996a01,Man given genetically modified pig kidney for nine months in world first,20260904T020000Z,herefordtimes.com,English,United Kingdom,container,D2_품목,2026-09-04
https://www.aol.com/articles/wealthy-americans-found-way-invest-003523000.html,a0c4df907eed32fbf0300a9222e28d82,Wealthy Americans Found a Way to Invest Unlimited Money Tax - Free,20260904T011500Z,aol.com,English,United States,container,D2_품목,2026-09-04
https://www.plaintalk.net/local_news/transition/article_779dd720-9113-46d4-95c9-711b8ce58e6f.html,e8806053a52651ad77039d9ed84fc963,Vermillion Police Report,20260904T071500Z,plaintalk.net,English,United States,container,D2_품목,2026-09-04
https://www.vtcng.com/stowetoday/special_publications/home/three-ways-to-compost/article_13cfcfb9-7b68-474f-88fd-afd4ce88a0b1.html,7118ab5d938b55b64cc2c67fd0ecb311,Three ways to compost,20260904T020000Z,vtcng.com,English,,container,D2_품목,2026-09-04
https://screenrant.com/deadpool-and-wolverine-disney-plus-streaming-success-september-2026/,3ab16fc5e8409a3933545b254d80b817,This Recently Dethroned R - Rated Action Movie Is Still Killing It On Streaming,20260904T003000Z,screenrant.com,English,United States,container,D2_품목,2026-09-04
https://www.thenorthernecho.co.uk/news/national/26520967.man-given-genetically-modified-pig-kidney-nine-months-world-first/,0e61e07dad678da8a38745d53caa698d,Man given genetically modified pig kidney for nine months in world first,20260904T014500Z,thenorthernecho.co.uk,English,United Kingdom,container,D2_품목,2026-09-04
https://www.nwaonline.com/news/2026/sep/04/pulaski-county-restaurant-inspections-moldy/,78236b29d1481b77ee322c9e5f31eeaa,Pulaski County restaurant inspections : moldy strawberries in the fridge ; bathrooms smell of urine ; chicken sitting in stagnant water,20260904T200000Z,nwaonline.com,English,United States,container,D2_품목,2026-09-04
https://www.kmaland.com/news/glenwood-man-booked-on-bevy-of-charges-in-wednesday-arrest/article_e661c1c6-861f-4a32-933f-5f1aa9e9ca90.html,f6796db62a46b14486b8bd1a1e0a0146,Glenwood man booked on bevy of charges in Wednesday arrest,20260904T180000Z,kmaland.com,English,United States,container,D2_품목,2026-09-04
https://www.mining.com/press-release?id=6a9ae1aa1b5db8e6e9a145a8,7edda5cf360ed09da88b7ffb87a0692e,Press Release,20260904T191500Z,mining.com,English,Canada,container,D2_품목,2026-09-04
https://www.bucksfreepress.co.uk/news/national/26520967.man-given-genetically-modified-pig-kidney-nine-months-world-first/,aa4232a966f73cfb3cc28c502fe952f1,Man given genetically modified pig kidney for nine months in world first,20260904T003000Z,bucksfreepress.co.uk,English,United Kingdom,container,D2_품목,2026-09-04
https://natlawreview.com/article/30-days-clock-what-federal-hemp-ban-delay-really-means-industry,d3ffef1e2bd26d4fda4c29ff6177cb6e,What the Federal Hemp  Ban  Delay Really Means for the Industry,20260904T200000Z,natlawreview.com,English,United States,container,D2_품목,2026-09-04
https://www.industrytap.com/how-does-a-productive-log-saw-machine-work/81435,16bb2a917d558a2cb09849c1873f2fb2,How does a productive log saw machine work ? ,20260904T183000Z,industrytap.com,English,United States,container,D2_품목,2026-09-04
https://www.aljazeera.com/news/2026/9/4/as-the-china-us-ai-race-reaches-cairo-egypt-faces-a-strategic-decision,024e02b3542f067be6cfc4d98ac28de6,"As the China - US AI race reaches Cairo , Egypt faces a strategic decision",20260904T161500Z,aljazeera.com,English,United States,container,D2_품목,2026-09-04
https://news.fiu.edu/2026/mosquitoes-are-picky-eaters-we-studied-3-common-south-florida-species-to-learn-why-they-like-some-people-more-than-others,f37d1d91d0c84c9e24f54e7c871c7628,Mosquitoes are picky eaters – we studied 3 common South Florida species to learn why they like some people more than others,20260904T161500Z,news.fiu.edu,English,United States,container,D2_품목,2026-09-04
https://cajnewsafrica.com/2026/09/04/chinas-smart-ports-turn-logistics-into-a-high-tech-operation/,d10ccb1fd56de127d500bd4308065236,China smart ports turn logistics into a high - tech operation,20260904T071500Z,cajnewsafrica.com,English,Nigeria,container,D2_품목,2026-09-04
https://www.whitecountycitizen.com/business/health-inspections/article_96d19f8d-c5fd-58e9-b35e-273f36c60b40.html,608112c956857a033af385674052f7ff,Health inspections,20260904T051500Z,whitecountycitizen.com,English,,container,D2_품목,2026-09-04
https://cyprus-mail.com/2026/09/04/fires-reported-in-limassol-and-nicosia,6f300f542394a55154f478666c9abc80,Fires reported in Limassol and Nicosia,20260904T084500Z,cyprus-mail.com,English,Cyprus,container,D2_품목,2026-09-04
https://www.eveningnews24.co.uk/news/national/26520967.man-given-genetically-modified-pig-kidney-nine-months-world-first/,d9e83630ad62f62c3ae7c67456744b11,Man given genetically modified pig kidney for nine months in world first,20260904T023000Z,eveningnews24.co.uk,English,United Kingdom,container,D2_품목,2026-09-04
https://www.holyokeenterprise.com/story/2026/08/20/news/holyoke-council-adopts-updated-traffic-code-hears-reports-on-water-and-power-use/116.html,bc9085686108ae1cdaf47938b55cee97,"Holyoke council adopts updated traffic code , hears reports on water and power use",20260904T194500Z,holyokeenterprise.com,English,United States,container,D2_품목,2026-09-04
https://www.freepressjournal.in/mumbai/mumbai-30-begins-maharashtra-plans-new-growth-corridors-redevelopment-projects-technology-push,7f07e20bf324c7f8bba16d248baeb16c,"Mumbai 3 . 0 Begins : Maharashtra Plans New Growth Corridors , Redevelopment Projects & Technology Push",20260904T151500Z,freepressjournal.in,English,India,container,D2_품목,2026-09-04
https://www.arabnews.com/middle-east/how-gazas-collapsing-water-system-is-deepening-a-public-health-emergency-3000484,5ef136c0a080c69c6b54865b456ad008,Arab News | How Gaza collapsing water system is deepening a public health emergency,20260904T200000Z,arabnews.com,English,Saudi Arabia,container,D2_품목,2026-09-04
https://www.govconwire.com/articles/paul-smith-red-hat-operating-system-achieves-common-criteria-security-certification,48506eb504507b65f248c97e8bd77d21,Paul Smith : Red Hat Operating System Achieves Common Criteria Security Certification,20260904T000000Z,govconwire.com,English,United States,container,D2_품목,2026-09-04
https://www.t3.com/home-living/vacuum-cleaners/eufy-robot-vacuum-omni-e35-review-i-love-the-form-factor-of-this-compact-but-clever-robovac,ec032d667f7d2540cbacb6edf2b8467f,Eufy Robot Vacuum Omni E35 review : I love the form factor of this compact but clever robovac,20260904T101500Z,t3.com,English,United Kingdom,container,D2_품목,2026-09-04
https://www.oxfordmail.co.uk/news/national/26520967.man-given-genetically-modified-pig-kidney-nine-months-world-first/,efd34b668b312c1a00b719ba1ef45d9d,Man given genetically modified pig kidney for nine months in world first,20260904T011500Z,oxfordmail.co.uk,English,United Kingdom,container,D2_품목,2026-09-04
https://www.dailymaverick.co.za/article/2026-09-04-landmyn-an-explosive-local-drama-about-family-ties-that-bind-yet-threaten-to-erupt/,e091b8eb0313d6cbd378d4e5b5ef39af,Landmyn : Six family members trapped with their old wounds,20260904T144500Z,dailymaverick.co.za,English,South Africa,container,D2_품목,2026-09-04
https://www.actionnews5.com/2026/09/04/restaurant-roundup-september-4/,044e0c496af819fe71f78d5d19d956b4,Restaurant Roundup : September 4,20260904T084500Z,actionnews5.com,English,,container,D2_품목,2026-09-04
https://sputnikglobe.com/20260904/russian-forces-liberate-gruzskoye-and-nikanorovka-settlements-in-donetsk-peoples-republic--mod-1124680385.html,d5c6c0a94f790da918dce4d3e5a533aa,Russian Forces Liberate Gruzskoye and Nikanorovka Settlements in Donetsk People Republic MoD,20260904T101500Z,sputnikglobe.com,English,,container,D2_품목,2026-09-04
https://richmond.com/life-entertainment/local/food-drink/article_9ffbc2d1-e9cb-4446-9b1f-77249bce0bf4.html,ad94aa947e0607ba362833c0edcc1ea0,Chesterfield restaurant inspection report,20260904T021500Z,richmond.com,English,United States,container,D2_품목,2026-09-04
https://www.thebarentsobserver.com/news/russian-arctic-oil-exports-to-china-beat-records/457365,5ea27531b536b03aba941dcf2d75a78b,Russian Arctic oil exports to China beat records,20260904T180000Z,thebarentsobserver.com,English,Russia,container,D2_품목,2026-09-04
https://www.beveragedaily.com/Article/2026/09/04/asahi-beverages-switches-all-australian-soft-drink-bottles-to-100-recycled-plastic/,b63d3331f7a3a4bd7a79be0ed5e9d862,Asahi Beverages switches all Australian soft drink bottles to 100 % recycled plastic,20260904T084500Z,beveragedaily.com,English,United States,container,D2_품목,2026-09-04
https://www.london-now.co.uk/news/26524118.south-east-london-rspca-warning-dogs-reported-ill/,f0d3180da2d58bc9635f5f8e780a86a3,South east London RSPCA warning after  dogs reported as ill  ,20260904T181500Z,london-now.co.uk,English,,container,D2_품목,2026-09-04
https://www.smh.com.au/national/nsw/pm-actions-give-the-lie-to-his-climate-action-promises-20260904-p60ue0.html,4a6fd91c9e461964c81df4dbf70dc681,PM actions give the lie to his climate action promises,20260904T090000Z,smh.com.au,English,Australia,container,D2_품목,2026-09-04
https://www.dorsetecho.co.uk/news/national/26520967.man-given-genetically-modified-pig-kidney-nine-months-world-first/,d906f3321c8713fb4fb864ccc69e3418,Man given genetically modified pig kidney for nine months in world first,20260904T030000Z,dorsetecho.co.uk,English,United Kingdom,container,D2_품목,2026-09-04
https://www.miragenews.com/mdf-investments-boost-maori-business-prosperity-1738939/,a280b05385fd434a876a336379de5784,MDF Investments Boost Māori Business Prosperity,20260904T071500Z,miragenews.com,English,United States,container,D2_품목,2026-09-04
https://www.mhwmagazine.co.uk/news/dp-world-adds-six-grocery-warehouses-in-major-uk-expansion_102288.html,f06edf1fd8122cfd770bb058ed61419f,DP World adds six grocery warehouses in major united kingdom expansion - Materials Handling World News,20260904T144500Z,mhwmagazine.co.uk,English,United Kingdom,container,D2_품목,2026-09-04
https://www.cubaheadlines.com/articles/339503,f81e70823c26ace17dc56c3c6f777c48,Authorities Probe Discovery of Two Fetuses Among Trash in Central Havana,20260904T001500Z,cubaheadlines.com,English,Cuba,container,D2_품목,2026-09-04
https://www.agoracosmopolitan.com/news/food_restaurants/2026/09/04/15098-why-ottawas-coras-too-good-to-go-bag-was-a-carb-heavy-disappointment.html,40a627e2816c3a3cc2e465139d13c30a,Why Ottawa Cora Too Good To Go Bag Was a Carb - Heavy Disappointment : The Canadian Business Daily,20260904T203000Z,agoracosmopolitan.com,English,Canada,container,D2_품목,2026-09-04
https://richmond.com/weather/collection_6b85f507-9c36-5dbe-ba33-6373dce765c0.html,791a359e8e4881f8a4aa1fcd25d10898,"From the Archives : More than 115 photos of Hurricane Floyd , which hit Virginia in 1999",20260904T021500Z,richmond.com,English,United States,container,D2_품목,2026-09-04
https://www.wfmd.com/2026/09/03/popular-pantry-staple-could-get-you-stopped-at-airport-security-under-little-known-tsa-rule/,e394228bd6f5b4c72e37b6d67e57fc53,Popular pantry staple could get you stopped at airport security under little - known TSA rule,20260904T014500Z,wfmd.com,English,United States,container,D2_품목,2026-09-04
https://english.pravda.ru/news/home/168596-fridge-ice-bottles/,103a56c44b6d47ef316b3ba8ac1d5e76,The fridge seems fine : Ice blocks cut hidden strain on motor,20260904T181500Z,english.pravda.ru,English,Russia,container,D2_품목,2026-09-04
https://www.fox13seattle.com/news/child-squishy-dumpling-toys-recalled-dangerous-water-beads-cpsc,3742e9048ba2d245b003ffa1dc2a1fa2,"Child squishy dumpling toys recalled over dangerous water beads , CPSC warns",20260904T184500Z,fox13seattle.com,English,,container,D2_품목,2026-09-04
https://www.dailypolitical.com/2026/09/04/financial-contrast-eightco-orbs-its-competitors.html,2d104bf8346a1ef0e538155368a88ffd,Financial Contrast : Eightco ( ORBS ) & Its Competitors,20260904T164500Z,dailypolitical.com,English,United States,container,D2_품목,2026-09-04
https://carolinapublicpress.org/80536/whats-up-with-mail-in-voting-in-nc-in-2026/,72f2fa4f5d5b8e021c528dfc4c493d91,Mail - in voting in NC in 2026 FAQ,20260904T003000Z,carolinapublicpress.org,English,United States,container,D2_품목,2026-09-04
https://foxwilmington.com/popular-pantry-staple-could-get-you-stopped-at-airport-security-under-little-known-tsa-rule/,01ed27580136f0e37333b292095678de,Popular pantry staple could get you stopped at airport security under little - known TSA rule,20260904T083000Z,foxwilmington.com,English,United States,container,D2_품목,2026-09-04
https://timesofindia.indiatimes.com/astrology/numerology-tarot/daily-rashi-tarot-predictions-september-04-2026-todays-tarot-pull-for-every-zodiac-sign/articleshow/133691431.cms,4d4665b27b4d627f23c88f355f9e60a1,"Daily rashi Tarot predictions , September 04 , 2026 ; Today tarot pull for every zodiac sign",20260904T014500Z,timesofindia.indiatimes.com,English,India,container,D2_품목,2026-09-04
https://www.scoop.co.nz/stories/PA2609/S00051/mdf-investments-strengthen-maori-enterprise-build-lasting-prosperity.htm,288b9e8fb388e60dc4a4b2c593b125b8,"MDF Investments Strengthen Māori Enterprise , Build Lasting Prosperity",20260904T033000Z,scoop.co.nz,English,New Zealand,container,D2_품목,2026-09-04
https://www.plaintalk.net/local_news/transition/article_70378bb3-8945-4703-9fda-4acef46ad324.html,09b1019b2adc144e338a87e040aa93f5,Clay County Court Report,20260904T071500Z,plaintalk.net,English,United States,container,D2_품목,2026-09-04
https://www.adgully.com/post/20163/hdfc-mutual-fund-rolls-out-barni-se-azadi-dahi-handi-campaign-for-janmashtami,02e6a3a1bb8926a2618a444fffee6311,HDFC Mutual Fund rolls out  Barni Se Azadi  Dahi Handi campaign for Janmashtami,20260904T180000Z,adgully.com,English,India,container,D2_품목,2026-09-04
https://www.ign.com/articles/30-open-world-masterpieces-you-need-to-play,85c4c088d7e18464ea001b411093b79a,30 Open World Masterpieces You Need to Play,20260904T164500Z,ign.com,English,United States,container,D2_품목,2026-09-04
https://www.saultstar.com:443/life/food/everything-delish-recipes,b7e8c7bb0893182b12531974f4a99376,Recipes from Everything Delish,20260904T124500Z,saultstar.com,English,Canada,container,D2_품목,2026-09-04
https://www.elliotlakestandard.ca:443/life/food/everything-delish-recipes,8e292c5885f18982f7f3b903ae1c514d,Recipes from Everything Delish | Elliot Lake Standard,20260904T143000Z,elliotlakestandard.ca,English,Canada,container,D2_품목,2026-09-04
https://www.woodstocksentinelreview.com:443/life/food/everything-delish-recipes,e6d1a434dcffa3aab339c50abb96ff69,Recipes from Everything Delish | The Woodstock Sentinel Review,20260904T144500Z,woodstocksentinelreview.com,English,Canada,container,D2_품목,2026-09-04
https://www.midnorthmonitor.com:443/life/food/everything-delish-recipes,567906ad2bd5f9d61a3ba745cea83524,Recipes from Everything Delish | Mid - North Monitor,20260904T124500Z,midnorthmonitor.com,English,Canada,container,D2_품목,2026-09-04
https://www.highrivertimes.com:443/life/food/everything-delish-recipes,85a835fad8f1cbd1c1930f684d8ff734,Recipes from Everything Delish | High River Times,20260904T144500Z,highrivertimes.com,English,Canada,container,D2_품목,2026-09-04
https://www.fortmcmurraytoday.com:443/life/food/everything-delish-recipes,57eddeeb880b5091737947bf11e571e0,Recipes from Everything Delish | Fort Mcmurray Today,20260904T144500Z,fortmcmurraytoday.com,English,Canada,container,D2_품목,2026-09-04
https://www.stratfordbeaconherald.com:443/life/food/everything-delish-recipes,de45ccef9aa3c48e5af900594a62a974,Recipes from Everything Delish | The Stratford Beacon Herald,20260904T130000Z,stratfordbeaconherald.com,English,Canada,container,D2_품목,2026-09-04
https://www.hannaherald.com:443/life/food/everything-delish-recipes,98635f9dd9cdf4d7af39fa1b27db4e2c,Recipes from Everything Delish | Hanna Herald,20260904T161500Z,hannaherald.com,English,Canada,container,D2_품목,2026-09-04
https://www.dailyheraldtribune.com:443/life/food/everything-delish-recipes,4af1cf9f2e9b44b07a225a05b87534ed,Recipes from Everything Delish | Grande Prairie Daily Herald Tribune,20260904T144500Z,dailyheraldtribune.com,English,Canada,container,D2_품목,2026-09-04
https://www.mayerthorpefreelancer.com:443/life/food/everything-delish-recipes,7369a09cc717030ed388b090c23e60c1,Recipes from Everything Delish | Mayerthorpe Freelancer,20260904T151500Z,mayerthorpefreelancer.com,English,Canada,container,D2_품목,2026-09-04
https://www.theobserver.ca/life/food/everything-delish-recipes,0c6ce16026e99522c881ea903a2447c5,Recipes from Everything Delish | The Sarnia Observer,20260904T164500Z,theobserver.ca,English,Canada,container,D2_품목,2026-09-04
https://www.nantonnews.com:443/life/food/everything-delish-recipes,db81b9ff6df205bca7befb451922ce1d,Recipes from Everything Delish,20260904T151500Z,nantonnews.com,English,Canada,container,D2_품목,2026-09-04
https://www.seaforthhuronexpositor.com:443/life/food/everything-delish-recipes,678374b93f325c408663fc8b78787791,Recipes from Everything Delish | Seaforth Huron Expositor,20260904T164500Z,seaforthhuronexpositor.com,English,Canada,container,D2_품목,2026-09-04
https://roarmag.org/Rings-Pastry-Mat-For-Baking-Cookie-Fondant-Dough-Pastry-P-b-1320729,497490f4d0d141d0b009dc86fdf3ddd4,Dough Roller 4 Adjustable Thickness Rings Pastry Mat For Baking Cookie Fondant Dough Pastry P Cookie Decorating Supplies,20260904T004500Z,roarmag.org,English,United States,container,D2_품목,2026-09-04
https://www.baltictimes.com/port_of_klaip_da_develops_green_methanol_bunkering_vessel_concept/,0d8be00076db8152dd25c8bd925cb17e,Port of Klaipėda develops green methanol bunkering vessel concept,20260904T161500Z,baltictimes.com,English,Latvia,container,D2_품목,2026-09-04
https://www.newscentralasia.net/2026/09/04/turkmenistan-at-35-part-4-more-than-milk-the-quiet-transformation-of-the-dairy-market/,58e774b26d7bb98977952a23198f5652,Turkmenistan at 35 : Part 4 – More than Milk – The Quiet Transformation of the Dairy Market,20260904T060000Z,newscentralasia.net,English,Turkmenistan,container,D2_품목,2026-09-04
https://capitalpress.com/2026/09/04/siblings-live-chobani-scholars-program-impacts/,35f34c137871aa33a2566eaf7730a3d0,Siblings live Chobani Scholars program impacts,20260904T200000Z,capitalpress.com,English,United States,container,D2_품목,2026-09-04
https://www.wvtm13.com/article/fda-epinephrine-injection-recall-sterility-particulate-matter/73610791,c217d1995d44fdb40bb8f97ab0ea37d5,Epinephrine injections recalled over sterility concerns,20260904T071500Z,wvtm13.com,English,United States,container,D2_품목,2026-09-04
https://www.gulfcoastnewsnow.com/article/fda-epinephrine-injection-recall-sterility-particulate-matter/73610791,11882c28676261fafe57a6219d43127c,Epinephrine injections recalled over sterility concerns,20260904T031500Z,gulfcoastnewsnow.com,English,,container,D2_품목,2026-09-04
https://www.ksbw.com/article/fda-epinephrine-injection-recall-sterility-particulate-matter/73610791,869f1b4436b97e0480ecda0b2d5a48e9,Epinephrine injections recalled over sterility concerns,20260904T050000Z,ksbw.com,English,United States,container,D2_품목,2026-09-04
https://www.wisn.com/article/fda-epinephrine-injection-recall-sterility-particulate-matter/73610791,2b53886c5237d54a65c5dfa812d3741d,Epinephrine injections recalled over sterility concerns,20260904T030000Z,wisn.com,English,United States,container,D2_품목,2026-09-04
https://www.wapt.com/article/fda-epinephrine-injection-recall-sterility-particulate-matter/73610791,f2225f588dcf97265c9c80991e0a3559,Epinephrine injections recalled over sterility concerns,20260904T071500Z,wapt.com,English,United States,container,D2_품목,2026-09-04
https://www.foodmanufacture.co.uk/Article/2026/09/04/3-ways-food-and-drink-brands-can-win-in-a-private-label-world/,7a99eaf5d7a4dddedd9ad01a9e5d38f4,3 ways food and drink brands can win in a private label world . ,20260904T080000Z,foodmanufacture.co.uk,English,United Kingdom,container,D2_품목,2026-09-04
https://mix108.com/ixp/442/p/fanta-ghostface-soda-review/,644199e7126423aee5eea4b7a4c10cbe,I Drank Fanta Ghost Face Soda,20260904T143000Z,mix108.com,English,United States,container,D2_품목,2026-09-04
https://97zokonline.com/ixp/442/p/fanta-ghostface-soda-review/,32f8f2f5da5b7e134458963c33f2c5ff,I Drank Fanta Ghost Face Soda,20260904T170000Z,97zokonline.com,English,United States,container,D2_품목,2026-09-04
https://q961.com/ixp/442/p/fanta-ghostface-soda-review/,78c6f84316813be3dce8e0abe4a3df72,I Drank Fanta Ghost Face Soda,20260904T151500Z,q961.com,English,United States,container,D2_품목,2026-09-04
https://y105fm.com/ixp/442/p/fanta-ghostface-soda-review/,0bf2a47ef41387544d81a13cfc8674e3,I Drank Fanta Ghost Face Soda,20260904T164500Z,y105fm.com,English,United States,container,D2_품목,2026-09-04
https://kw3.com/ixp/442/p/fanta-ghostface-soda-review/,d46919fdd5009b3d5fd80111a3d24189,I Drank Fanta Ghost Face Soda,20260904T180000Z,kw3.com,English,,container,D2_품목,2026-09-04
https://kffm.com/ixp/442/p/fanta-ghostface-soda-review/,25925b80b5522af480ccd73211ffc540,I Drank Fanta Ghost Face Soda,20260904T164500Z,kffm.com,English,United States,container,D2_품목,2026-09-04
https://1063thebuzz.com/ixp/442/p/fanta-ghostface-soda-review/,7ba2a026dbb0e7d898920b92e8e9d6be,I Drank Fanta Ghost Face Soda,20260904T194500Z,1063thebuzz.com,English,United States,container,D2_품목,2026-09-04
https://kfox95.com/ixp/442/p/fanta-ghostface-soda-review/,7e2105a665a35c63f5b2265b5aa3735c,I Drank Fanta Ghost Face Soda,20260904T194500Z,kfox95.com,English,United States,container,D2_품목,2026-09-04
https://y105music.com/ixp/442/p/fanta-ghostface-soda-review/,502e793ecacfb19f4953fca1f31a5917,I Drank Fanta Ghost Face Soda,20260904T210000Z,y105music.com,English,United States,container,D2_품목,2026-09-04
https://www.midweekherald.co.uk/news/national/26520967.man-given-genetically-modified-pig-kidney-nine-months-world-first/,a3010c43776a4669df176d8a49e5a531,Man given genetically modified pig kidney for nine months in world first,20260904T000000Z,midweekherald.co.uk,English,United Kingdom,container,D2_품목,2026-09-04
https://www.halsteadgazette.co.uk/news/national/26520967.man-given-genetically-modified-pig-kidney-nine-months-world-first/,8393b9c8d511b9c407ee67a0c4dd2da0,Man given genetically modified pig kidney for nine months in world first,20260904T000000Z,halsteadgazette.co.uk,English,United Kingdom,container,D2_품목,2026-09-04
https://www.runcornandwidnesworld.co.uk/news/national/26520967.man-given-genetically-modified-pig-kidney-nine-months-world-first/,69ea31101e139b33167f670ee3f162f7,Man given genetically modified pig kidney for nine months in world first,20260904T000000Z,runcornandwidnesworld.co.uk,English,United Kingdom,container,D2_품목,2026-09-04
https://www.huntspost.co.uk/news/national/26520967.man-given-genetically-modified-pig-kidney-nine-months-world-first/,e76ac0ea73d224993eb72ac970713c48,Man given genetically modified pig kidney for nine months in world first,20260904T000000Z,huntspost.co.uk,English,United Kingdom,container,D2_품목,2026-09-04
https://www.andoveradvertiser.co.uk/news/national/26520967.man-given-genetically-modified-pig-kidney-nine-months-world-first/,5140e8d031fccaf1638c667ecb1a83d8,Man given genetically modified pig kidney for nine months in world first,20260904T004500Z,andoveradvertiser.co.uk,English,United Kingdom,container,D2_품목,2026-09-04
https://www.basingstokegazette.co.uk/news/national/26520967.man-given-genetically-modified-pig-kidney-nine-months-world-first/,bab65674d58c2f414d23906168ef7bf7,Man given genetically modified pig kidney for nine months in world first,20260904T011500Z,basingstokegazette.co.uk,English,United Kingdom,container,D2_품목,2026-09-04
https://www.ledburyreporter.co.uk/news/national/26520967.man-given-genetically-modified-pig-kidney-nine-months-world-first/,3201f2635467ff7340e3cfa0cf729e25,Man given genetically modified pig kidney for nine months in world first,20260904T031500Z,ledburyreporter.co.uk,English,United Kingdom,container,D2_품목,2026-09-04
https://www.sloughobserver.co.uk/news/national/26520967.man-given-genetically-modified-pig-kidney-nine-months-world-first/,134eb25dddeb0108bd414d0b99a3155d,Man given genetically modified pig kidney for nine months in world first,20260904T031500Z,sloughobserver.co.uk,English,United Kingdom,container,D2_품목,2026-09-04
https://www.kilburntimes.co.uk/news/national/26520967.man-given-genetically-modified-pig-kidney-nine-months-world-first/,2d8835ad797f1d9c8c472242486adf10,Man given genetically modified pig kidney for nine months in world first,20260904T031500Z,kilburntimes.co.uk,English,United Kingdom,container,D2_품목,2026-09-04
https://www.wirralglobe.co.uk/news/national/26520967.man-given-genetically-modified-pig-kidney-nine-months-world-first/,ecacbd924277fc21636b9755435fd4b2,Man given genetically modified pig kidney for nine months in world first,20260904T031500Z,wirralglobe.co.uk,English,United Kingdom,container,D2_품목,2026-09-04
https://www.newhamrecorder.co.uk/news/national/26520967.man-given-genetically-modified-pig-kidney-nine-months-world-first/,1283da8b07eb09eeaee1a213843e2e94,Man given genetically modified pig kidney for nine months in world first,20260904T031500Z,newhamrecorder.co.uk,English,United Kingdom,container,D2_품목,2026-09-04
https://www.peeblesshirenews.com/news/national/26520967.man-given-genetically-modified-pig-kidney-nine-months-world-first/,ee3c3f97555e8055f7d81a8ebaa4fed9,Man given genetically modified pig kidney for nine months in world first,20260904T031500Z,peeblesshirenews.com,English,United Kingdom,container,D2_품목,2026-09-04
https://www.dumbartonreporter.co.uk/news/national/26520967.man-given-genetically-modified-pig-kidney-nine-months-world-first/,cc50e5a2c93da5e18d26977891d80c61,Man given genetically modified pig kidney for nine months in world first,20260904T031500Z,dumbartonreporter.co.uk,English,United Kingdom,container,D2_품목,2026-09-04
https://www.redditchadvertiser.co.uk/news/national/26520967.man-given-genetically-modified-pig-kidney-nine-months-world-first/,42d8efc4ab12e8bccb0a12c0932c062b,Man given genetically modified pig kidney for nine months in world first,20260904T031500Z,redditchadvertiser.co.uk,English,United Kingdom,container,D2_품목,2026-09-04
https://www.eastlondonadvertiser.co.uk/news/national/26520967.man-given-genetically-modified-pig-kidney-nine-months-world-first/,95c091aea2c1db4d39b05fc2d409173b,Man given genetically modified pig kidney for nine months in world first,20260904T031500Z,eastlondonadvertiser.co.uk,English,United Kingdom,container,D2_품목,2026-09-04
https://www.whtimes.co.uk/news/national/26520967.man-given-genetically-modified-pig-kidney-nine-months-world-first/,77152c187b44acf7625f8f4a62f78f30,Man given genetically modified pig kidney for nine months in world first,20260904T031500Z,whtimes.co.uk,English,United Kingdom,container,D2_품목,2026-09-04
https://www.burytimes.co.uk/news/national/26520967.man-given-genetically-modified-pig-kidney-nine-months-world-first/,25e0bd79b5bcc4f8c542484fdd15726c,Man given genetically modified pig kidney for nine months in world first,20260904T030000Z,burytimes.co.uk,English,United Kingdom,container,D2_품목,2026-09-04
https://www.gazetteandherald.co.uk/news/national/26520967.man-given-genetically-modified-pig-kidney-nine-months-world-first/,d49a5dd6358ce7e64bd4f2381f64b415,Man given genetically modified pig kidney for nine months in world first,20260904T030000Z,gazetteandherald.co.uk,English,United Kingdom,container,D2_품목,2026-09-04
https://www.northwaleschronicle.co.uk/news/national/26520967.man-given-genetically-modified-pig-kidney-nine-months-world-first/,cb62a9a9222a8962638cc1111876b66c,Man given genetically modified pig kidney for nine months in world first,20260904T030000Z,northwaleschronicle.co.uk,English,United Kingdom,container,D2_품목,2026-09-04
https://www.guardian-series.co.uk/news/national/26520967.man-given-genetically-modified-pig-kidney-nine-months-world-first/,6a24a8a7fe874282ff684b68ee115696,Man given genetically modified pig kidney for nine months in world first,20260904T033000Z,guardian-series.co.uk,English,United Kingdom,container,D2_품목,2026-09-04
https://www.ludlowadvertiser.co.uk/news/national/26520967.man-given-genetically-modified-pig-kidney-nine-months-world-first/,46fb2d7d26ff5888b9978fb1f7c1eaf1,Man given genetically modified pig kidney for nine months in world first,20260904T033000Z,ludlowadvertiser.co.uk,English,United Kingdom,container,D2_품목,2026-09-04
https://www.royston-crow.co.uk/news/national/26520967.man-given-genetically-modified-pig-kidney-nine-months-world-first/,56d4b815a4f5ab8c908eb439e8145de5,Man given genetically modified pig kidney for nine months in world first,20260904T033000Z,royston-crow.co.uk,English,United Kingdom,container,D2_품목,2026-09-04
https://www.cotswoldjournal.co.uk/news/national/26520967.man-given-genetically-modified-pig-kidney-nine-months-world-first/,24482f4d133fd1c92774e65a07048ac4,Man given genetically modified pig kidney for nine months in world first,20260904T033000Z,cotswoldjournal.co.uk,English,United Kingdom,container,D2_품목,2026-09-04
https://www.newsshopper.co.uk/news/national/26520967.man-given-genetically-modified-pig-kidney-nine-months-world-first/,8cd63d5caa50d75041bea700dcdea178,Man given genetically modified pig kidney for nine months in world first,20260904T033000Z,newsshopper.co.uk,English,United Kingdom,container,D2_품목,2026-09-04
https://www.southwalesguardian.co.uk/news/national/26520967.man-given-genetically-modified-pig-kidney-nine-months-world-first/,ccfd5fd52f6196bf1aa948c42f9dcc47,Man given genetically modified pig kidney for nine months in world first,20260904T003000Z,southwalesguardian.co.uk,English,United Kingdom,container,D2_품목,2026-09-04
https://www.cambstimes.co.uk/news/national/26520967.man-given-genetically-modified-pig-kidney-nine-months-world-first/,4ade3aea51649597b82f716fb6f48cd0,Man given genetically modified pig kidney for nine months in world first,20260904T003000Z,cambstimes.co.uk,English,United Kingdom,container,D2_품목,2026-09-04
https://www.countytimes.co.uk/news/national/26520967.man-given-genetically-modified-pig-kidney-nine-months-world-first/,cd4928d454d2478740db8d891930f542,Man given genetically modified pig kidney for nine months in world first,20260904T003000Z,countytimes.co.uk,English,United Kingdom,container,D2_품목,2026-09-04
https://www.irvinetimes.com/news/national/26520967.man-given-genetically-modified-pig-kidney-nine-months-world-first/,19162bac86b4428bf88af44e25bd9637,Man given genetically modified pig kidney for nine months in world first,20260904T003000Z,irvinetimes.com,English,United Kingdom,container,D2_품목,2026-09-04
https://www.chardandilminsternews.co.uk/news/national/26520967.man-given-genetically-modified-pig-kidney-nine-months-world-first/,72cbe50593b4e6e8f8b5562ef75e41b6,Man given genetically modified pig kidney for nine months in world first,20260904T003000Z,chardandilminsternews.co.uk,English,United Kingdom,container,D2_품목,2026-09-04
https://www.chemicalonline.com/doc/study-sound-waves-water-droplets-transform-paper-waste-into-higher-value-chemical-compound-0001,d05dfe0ea2a95a8421a8c1ba1ec68b78,Study Sound Waves Water Droplets Transform Paper Waste Into Higher - Value Chemical Compound,20260904T144500Z,chemicalonline.com,English,United States,container,D2_품목,2026-09-04
https://www.harrowtimes.co.uk/news/national/26520967.man-given-genetically-modified-pig-kidney-nine-months-world-first/,632ce31b19236beee1105a12216611d6,Man given genetically modified pig kidney for nine months in world first,20260904T003000Z,harrowtimes.co.uk,English,United Kingdom,container,D2_품목,2026-09-04
https://www.impartialreporter.com/news/national/26520967.man-given-genetically-modified-pig-kidney-nine-months-world-first/,c1c7b32d1adbbc3573fb58c79747486a,Man given genetically modified pig kidney for nine months in world first,20260904T003000Z,impartialreporter.com,English,United Kingdom,container,D2_품목,2026-09-04
https://www.greenocktelegraph.co.uk/news/national/26520967.man-given-genetically-modified-pig-kidney-nine-months-world-first/,ec17ed3e90cec09a4c18a5adab96e3a2,Man given genetically modified pig kidney for nine months in world first,20260904T003000Z,greenocktelegraph.co.uk,English,United Kingdom,container,D2_품목,2026-09-04
https://www.southwalesargus.co.uk/news/national/26520967.man-given-genetically-modified-pig-kidney-nine-months-world-first/,36a9e7983f07324222e6341e1e2ebc50,Man given genetically modified pig kidney for nine months in world first,20260904T003000Z,southwalesargus.co.uk,English,United Kingdom,container,D2_품목,2026-09-04
https://www.barryanddistrictnews.co.uk/news/national/26520967.man-given-genetically-modified-pig-kidney-nine-months-world-first/,99065675b541b54cc1f5db916dd38b0e,Man given genetically modified pig kidney for nine months in world first,20260904T003000Z,barryanddistrictnews.co.uk,English,United Kingdom,container,D2_품목,2026-09-04
https://www.bridportnews.co.uk/news/national/26520967.man-given-genetically-modified-pig-kidney-nine-months-world-first/,29550f919c8ca73c5b41e39035eb78c6,Man given genetically modified pig kidney for nine months in world first,20260904T023000Z,bridportnews.co.uk,English,United Kingdom,container,D2_품목,2026-09-04
https://www.countypress.co.uk/news/national/26520967.man-given-genetically-modified-pig-kidney-nine-months-world-first/,022b512249bcbe1ca22486f5a86055d0,Man given genetically modified pig kidney for nine months in world first,20260904T033000Z,countypress.co.uk,English,,container,D2_품목,2026-09-04
https://www.wisbechstandard.co.uk/news/national/26520967.man-given-genetically-modified-pig-kidney-nine-months-world-first/,3f8389c27ce1eedcd57996bca186c8ec,Man given genetically modified pig kidney for nine months in world first,20260904T033000Z,wisbechstandard.co.uk,English,United Kingdom,container,D2_품목,2026-09-04
https://www.halesowennews.co.uk/news/national/26520967.man-given-genetically-modified-pig-kidney-nine-months-world-first/,7c656229a4473b9af72ac1fcae496a14,Man given genetically modified pig kidney for nine months in world first,20260904T021500Z,halesowennews.co.uk,English,United Kingdom,container,D2_품목,2026-09-04
https://www.kidderminstershuttle.co.uk/news/national/26520967.man-given-genetically-modified-pig-kidney-nine-months-world-first/,64390be1691d3768423d267a4d156e3a,Man given genetically modified pig kidney for nine months in world first,20260904T021500Z,kidderminstershuttle.co.uk,English,United Kingdom,container,D2_품목,2026-09-04
https://www.eppingforestguardian.co.uk/news/national/26520967.man-given-genetically-modified-pig-kidney-nine-months-world-first/,e5cc76f3ee44a8442ad3a73dd52cc419,Man given genetically modified pig kidney for nine months in world first,20260904T020000Z,eppingforestguardian.co.uk,English,United Kingdom,container,D2_품목,2026-09-04
https://www.romfordrecorder.co.uk/news/national/26520967.man-given-genetically-modified-pig-kidney-nine-months-world-first/,cb1667d7e540039aa316eaf4b87739be,Man given genetically modified pig kidney for nine months in world first,20260904T021500Z,romfordrecorder.co.uk,English,United Kingdom,container,D2_품목,2026-09-04
https://www.islingtongazette.co.uk/news/national/26520967.man-given-genetically-modified-pig-kidney-nine-months-world-first/,8f4cb5d93c2e18ba42e6cc3fca29c0bc,Man given genetically modified pig kidney for nine months in world first,20260904T021500Z,islingtongazette.co.uk,English,United Kingdom,container,D2_품목,2026-09-04
https://www.gazetteseries.co.uk/news/national/26520967.man-given-genetically-modified-pig-kidney-nine-months-world-first/,91d946da4acdc5f4cb708bd13df63aef,Man given genetically modified pig kidney for nine months in world first,20260904T021500Z,gazetteseries.co.uk,English,United Kingdom,container,D2_품목,2026-09-04
https://www.northsomersettimes.co.uk/news/national/26520967.man-given-genetically-modified-pig-kidney-nine-months-world-first/,70c9964a9aff2807bc9633adaa3720ce,Man given genetically modified pig kidney for nine months in world first,20260904T030000Z,northsomersettimes.co.uk,English,United Kingdom,container,D2_품목,2026-09-04
https://www.maldonandburnhamstandard.co.uk/news/national/26520967.man-given-genetically-modified-pig-kidney-nine-months-world-first/,731d640d06bfb5276a05f4c6f1e915cf,Man given genetically modified pig kidney for nine months in world first,20260904T030000Z,maldonandburnhamstandard.co.uk,English,United Kingdom,container,D2_품목,2026-09-04
https://www.dunmowbroadcast.co.uk/news/national/26520967.man-given-genetically-modified-pig-kidney-nine-months-world-first/,e5b102f5491ef065423ca44228a5ec71,Man given genetically modified pig kidney for nine months in world first,20260904T031500Z,dunmowbroadcast.co.uk,English,United Kingdom,container,D2_품목,2026-09-04
https://www.enfieldindependent.co.uk/news/national/26520967.man-given-genetically-modified-pig-kidney-nine-months-world-first/,69744b8dd5ba0a104c1d2fe66b70fe72,Man given genetically modified pig kidney for nine months in world first,20260904T031500Z,enfieldindependent.co.uk,English,United Kingdom,container,D2_품목,2026-09-04
https://www.thewestonmercury.co.uk/news/national/26520967.man-given-genetically-modified-pig-kidney-nine-months-world-first/,8b021b75f9862ade5631d2dd2a474c43,Man given genetically modified pig kidney for nine months in world first,20260904T031500Z,thewestonmercury.co.uk,English,United Kingdom,container,D2_품목,2026-09-04
https://www.clactonandfrintongazette.co.uk/news/national/26520967.man-given-genetically-modified-pig-kidney-nine-months-world-first/,f8d4c6de7bc8caaf267dee21add030b3,Man given genetically modified pig kidney for nine months in world first,20260904T023000Z,clactonandfrintongazette.co.uk,English,United Kingdom,container,D2_품목,2026-09-04
https://www.dunfermlinepress.com/news/national/26520967.man-given-genetically-modified-pig-kidney-nine-months-world-first/,cdcac7226bcd1335a942326c8ef015f3,Man given genetically modified pig kidney for nine months in world first,20260904T011500Z,dunfermlinepress.com,English,United Kingdom,container,D2_품목,2026-09-04
https://www.eveshamjournal.co.uk/news/national/26520967.man-given-genetically-modified-pig-kidney-nine-months-world-first/,8968b836e506817aeef146079261cfa6,Man given genetically modified pig kidney for nine months in world first,20260904T004500Z,eveshamjournal.co.uk,English,United Kingdom,container,D2_품목,2026-09-04
https://www.wimbledonguardian.co.uk/news/national/26520967.man-given-genetically-modified-pig-kidney-nine-months-world-first/,eb1e9715ec87a1bf6f3aac789a7ac495,Man given genetically modified pig kidney for nine months in world first,20260904T004500Z,wimbledonguardian.co.uk,English,United Kingdom,container,D2_품목,2026-09-04
https://www.hillingdontimes.co.uk/news/national/26520967.man-given-genetically-modified-pig-kidney-nine-months-world-first/,8ef1a94c2bf1352894e45a08b2384aef,Man given genetically modified pig kidney for nine months in world first,20260904T004500Z,hillingdontimes.co.uk,English,United Kingdom,container,D2_품목,2026-09-04
https://www.thurrockgazette.co.uk/news/national/26520967.man-given-genetically-modified-pig-kidney-nine-months-world-first/,a314a50cb2a4207966397ecbfe608177,Man given genetically modified pig kidney for nine months in world first,20260904T004500Z,thurrockgazette.co.uk,English,United Kingdom,container,D2_품목,2026-09-04
https://www.nwemail.co.uk/news/national/26520967.man-given-genetically-modified-pig-kidney-nine-months-world-first/,874bbf4a0617dc82569867570f28952d,Man given genetically modified pig kidney for nine months in world first,20260904T020000Z,nwemail.co.uk,English,United Kingdom,container,D2_품목,2026-09-04
https://www.newsandstar.co.uk/news/national/26520967.man-given-genetically-modified-pig-kidney-nine-months-world-first/,678610136668064d25bb7f5214aabfac,Man given genetically modified pig kidney for nine months in world first,20260904T000000Z,newsandstar.co.uk,English,United Kingdom,container,D2_품목,2026-09-04
https://www.clydebankpost.co.uk/news/national/26520967.man-given-genetically-modified-pig-kidney-nine-months-world-first/,e08332649712837ffd7dfd950494eae1,Man given genetically modified pig kidney for nine months in world first,20260904T014500Z,clydebankpost.co.uk,English,United Kingdom,container,D2_품목,2026-09-04
https://www.bromsgroveadvertiser.co.uk/news/national/26520967.man-given-genetically-modified-pig-kidney-nine-months-world-first/,3974384a0ea90cfa2d044e0794b8c6ad,Man given genetically modified pig kidney for nine months in world first,20260904T014500Z,bromsgroveadvertiser.co.uk,English,United Kingdom,container,D2_품목,2026-09-04
https://www.thisiswiltshire.co.uk/news/national/26520967.man-given-genetically-modified-pig-kidney-nine-months-world-first/,f4b11b4d7d80c3504f029b2cadac3ac1,Man given genetically modified pig kidney for nine months in world first,20260904T020000Z,thisiswiltshire.co.uk,English,United Kingdom,container,D2_품목,2026-09-04
https://www.warringtonguardian.co.uk/news/national/26520967.man-given-genetically-modified-pig-kidney-nine-months-world-first/,c1bae2818cf4948d531edd000fbe6951,Man given genetically modified pig kidney for nine months in world first,20260904T011500Z,warringtonguardian.co.uk,English,United Kingdom,container,D2_품목,2026-09-04
https://www.bicesteradvertiser.net/news/national/26520967.man-given-genetically-modified-pig-kidney-nine-months-world-first/,e7289dd7ad5653619ce5d811b854338f,Man given genetically modified pig kidney for nine months in world first,20260904T004500Z,bicesteradvertiser.net,English,United Kingdom,container,D2_품목,2026-09-04
https://www.klcc.org/economy-business/2026-09-03/in-a-central-oregon-food-desert-one-town-is-on-the-hunt-for-a-grocery-store,21bf0901b36db3cc76dfcb78767e5a6f,"In a Central Oregon food desert , one town is on the hunt for a grocery store",20260904T000000Z,klcc.org,English,United States,container,D2_품목,2026-09-04
https://www.forbesadvocate.com.au/news/150th-forbes-show-get-your-entries-in-to-be-part-of-it-tk7qg8ml,de66ab4dc939b98794efe7366a451187,150th Forbes Show : Get your entries in to be part of it,20260904T080000Z,forbesadvocate.com.au,English,Australia,container,D2_품목,2026-09-04
http://www.californiatelegraph.com/news/279286388/tgi-solar-group-tgi-amiron-alliance-issue-comprehensive-corporate-update-and-strategic-research-briefing-on-us-kazakhstan-technology-corridor,0e334f2158e956f738d911d78da77aa2,TGI Solar Group & TGI AMIRON Alliance Issue Comprehensive Corporate Update and Strategic Research Briefing on U . S .- Kazakhstan Technology Corridor,20260904T180000Z,californiatelegraph.com,English,United States,container,D2_품목,2026-09-04
https://www.riotimesonline.com/naira-two-year-high-reserves-18-year-peak-2026/,5077950eb5314ab0841984fd6522614a,Naira Two - Year High as Reserves Hit US$53 . 99 Billion,20260904T074500Z,riotimesonline.com,English,Brazil,container,D2_품목,2026-09-04
https://victoriaadvocate.com/2026/09/04/area-restaurant-inspections-august-20-september-2-2026-2-with-20-demerits/,421969ad65844809849cdde9d0b44616,"Area restaurant inspections : August 20 - September 2 , 2026 ; 2 with 20+ demerits",20260904T183000Z,victoriaadvocate.com,English,United States,container,D2_품목,2026-09-04
https://india-briefing.com/doing-business-guide/india/sector-insights/india-digital-transformation,e082bdf5329e20e17e72cf2a06c0ceea,India Digital Transformation  - India Guide | Doing Business in India,20260904T101500Z,india-briefing.com,English,India,container,D2_품목,2026-09-04
https://www.newscentralasia.net/2026/09/04/central-asia-economic-model-for-tomorrow-morning/,3a987cd6d5652335c887ed3af6a25270,Central Asia Economic Model for Tomorrow Morning - News Central Asia ( nCa ) ,20260904T060000Z,newscentralasia.net,English,Turkmenistan,container,D2_품목,2026-09-04
https://speedwaymedia.com/2026/09/03/importing-food-and-beverages-into-canada/,0c6f9dda6bc8238b0ceab1512a7dbb07,"Importing Food and Beverages into Canada : A 2026 Guide to CFIA , SFCR , and CBSA Compliance",20260904T033000Z,speedwaymedia.com,English,United States,container,D2_품목,2026-09-04
https://www.chinafile.com/reporting-opinion/postcard/reading-my-own-life,0d29dbd30f34565193d75097cb4e9a87,Reading My Own Life,20260904T014500Z,chinafile.com,English,China,container,D2_품목,2026-09-04
https://speedwaymedia.com/2026/09/03/what-every-amazon-fba-seller-should-know-about-post-2025-customs-compliance/,d07252f875350542e950f5f40de6a7eb,What Every Amazon FBA Seller Should Know About Post - 2025 Customs Compliance,20260904T033000Z,speedwaymedia.com,English,United States,container,D2_품목,2026-09-04
https://www.cvilletomorrow.org/most-people-wont-know-what-happened-here-stories-of-loss-and-uncertainty-emerge-after-free-bridge-encampment-clearing/,68a5fcda8780d50ca822ed682aca94c2,  Most people wont know what happened here : stories of loss and uncertainty emerge after Free Bridge encampment clearing,20260904T031500Z,cvilletomorrow.org,English,United States,container,D2_품목,2026-09-04
https://www.yahoo.com/news/politics/articles/trump-brings-fight-over-mailed-212557948.html,93dc39f11189ff8aeb69e29978853592,Trump brings fight over mailed ballots back to Supreme Court,20260904T043000Z,yahoo.com,English,United States,carrier,D4_운송,2026-09-04
https://www.moneycontrol.com/world/two-us-sailors-sent-back-to-uss-abraham-lincoln-after-drunken-brawl-in-pattaya-article-14022666.html,00ec28edae3039197dae0dbc74499249,Two US sailors sent back to USS Abraham Lincoln after  drunken brawl  in Pattaya,20260904T083000Z,moneycontrol.com,English,India,carrier,D4_운송,2026-09-04
https://www.foxbusiness.com/category/southwest-airlines,662790bf5244945aa18d9ef8b70d3788,Southwest Airlines,20260904T021500Z,foxbusiness.com,English,United States,carrier,D4_운송,2026-09-04
https://www.freepressjournal.in/world/uss-abraham-lincolns-rust-covered-arrival-in-thailand-reveals-toll-of-286-day-combat-deployment,3cb8b82a7296a9b6d9f54f9f36c7d35b,USS Abraham Lincoln Rust - Covered Arrival In Thailand Reveals Toll Of 286 - Day Combat Deployment,20260904T183000Z,freepressjournal.in,English,India,carrier,D4_운송,2026-09-04
https://www.thesouthafrican.com/lifestyle/fomo-flysafair-accused-of-stealing-airlinks-shine/,37186b5123dbef0336f3d6c009086145,FOMO ? FlySafair accused of stealing Airlink shine,20260904T194500Z,thesouthafrican.com,English,South Africa,carrier,D4_운송,2026-09-04
https://www.wfmj.com/news/local-news/warren/jury-deliberates-case-of-father-son-accused-of-murdering-warren-postal-worker/article_75906544-b67e-45b0-98fc-72daab7dd907.html,e83830d8ccb49d0902b37c0e019e25fc,"Jury deliberates case of father , son accused of murdering Warren postal worker",20260904T000000Z,wfmj.com,English,United States,carrier,D4_운송,2026-09-04
https://www.ecr.co.za/news/news/durban-restaurant-fire-contained-20-minutes/,908ae9d2c28d5c4f3a895861756925bc,Durban restaurant fire contained in 20 minutes as firefighters rescue trapped pets,20260904T080000Z,ecr.co.za,English,South Africa,carrier,D4_운송,2026-09-04
https://timesofindia.indiatimes.com/world/us/in-photos-rust-streaked-uss-abraham-lincoln-reaches-thailand-after-286-days-at-sea/photostory/133757762.cms,353dc32d8c846afe3fb1dc517c1af06a,In photos : Rust - streaked USS Abraham Lincoln reaches Thailand after 286 days at sea,20260904T100000Z,timesofindia.indiatimes.com,English,India,carrier,D4_운송,2026-09-04
https://www.thehindu.com/business/Industry/spicejet-to-add-20-aircraft-in-winter-fleet-down-to-a-mere-11/article71424479.ece,d4c9dd8f8bbad8ed88fbb5dc369379c0,SpiceJet to add 20 aircraft in winter ; fleet down to a mere 11,20260904T011500Z,thehindu.com,English,India,carrier,D4_운송,2026-09-04
https://www.mondaq.com:443/unitedstates/climate-change/1838686/imo-net-zero-framework-fmc-oversight-and-shipping-act-implications-for-us-maritime-trade,0270a89a2828746d257507e22c67d251,IMO Net - Zero Framework : FMC Oversight And Shipping Act Implications For U . S . Maritime Trade,20260904T004500Z,mondaq.com,English,United States,carrier,D4_운송,2026-09-04
https://www.morningstar.com/stocks/xnys/cien/analysis,654e22ec477aa0702f16f2f891858e03,CIEN - Ciena Corp Analysis | Morningstar,20260904T004500Z,morningstar.com,English,China,carrier,D4_운송,2026-09-04
https://www.wfmj.com/news/local-news/warren/father-son-convicted-in-murder-of-warren-mail-carrier/article_1fa7e9e8-9bab-4509-841c-1b91105e3b21.html,63894f1edc0b6df72caeebbf95abb212,"Father , son convicted in murder of Warren mail - carrier",20260904T000000Z,wfmj.com,English,United States,carrier,D4_운송,2026-09-04
https://www.freemalaysiatoday.com/category/nation/2026/09/04/air-india-probe-flags-hydraulic-loss-pilot-drug-test,46573837c67ad932e640de7ef3925ad1,"Air India probe flags hydraulic loss , pilot drug test",20260904T084500Z,freemalaysiatoday.com,English,Malaysia,carrier,D4_운송,2026-09-04
http://thepeninsulaqatar.com/article/04/09/2026/air-india-flight-lost-hydraulics-pilot-fired-after-drug-test,e8288b7b2e45bd1b024ceb9a5e19ad2e,"Air India flight lost hydraulics , pilot fired after drug test",20260904T181500Z,thepeninsulaqatar.com,English,Qatar,carrier,D4_운송,2026-09-04
https://www.cleveland19.com/2026/09/04/suspects-convicted-murder-warren-mail-carrier-postal-van/,98fbde3b3f5bbac04639677fdf98fc2d,Father and son convicted of the murder of Warren mail carrier in postal van,20260904T194500Z,cleveland19.com,English,United States,carrier,D4_운송,2026-09-04
https://chimpreports.com/air-tanzania-suspends-moscow-flights-as-zelensky-warns-of-drone-risks/,89b16d7d56952797b5e6b13a8d9bbea4,Air Tanzania Suspends Moscow Flights as Zelensky Warns of Drone Risks,20260904T100000Z,chimpreports.com,English,Uganda,carrier,D4_운송,2026-09-04
https://www.scmp.com/news/asia/southeast-asia/article/3366356/2-us-sailors-sent-back-abraham-lincoln-warship-after-drunken-pattaya-fight,56ed5838aa15d7f2055b9ab4dd8008a8,2 US sailors sent back to Abraham Lincoln warship after drunken Pattaya fight,20260904T080000Z,scmp.com,English,China,carrier,D4_운송,2026-09-04
https://www.hurriyetdailynews.com/cathay-pacific-cancels-flights-to-dubai-riyadh-until-dec-1-226442,9cfd0485136b04a6f3b008680b118744,"Cathay Pacific cancels flights to Dubai , Riyadh until Dec . 1",20260904T094500Z,hurriyetdailynews.com,English,Turkey,carrier,D4_운송,2026-09-04
https://www.thestar.com.my/business/business-news/2026/09/04/malaysia-airlines-to-resume-busan-firefly-to-launch-kunming-mag-catering-facility-due-by-4q28,a945fbc1b0d9e5bdd49bfdc0e04967e7,"Malaysia Airlines to resume Busan , Firefly to launch Kunming ; MAG catering facility due by 4Q28",20260904T080000Z,thestar.com.my,English,Malaysia,carrier,D4_운송,2026-09-04
http://thepeninsulaqatar.com/article/04/09/2026/air-india-probe-flags-hydraulic-loss-pilot-drug-test,0204029c0bdd95b9ab4d180e9acde45d,"Air India probe flags hydraulic loss , pilot drug test | The Peninsula Qatar",20260904T090000Z,thepeninsulaqatar.com,English,Qatar,carrier,D4_운송,2026-09-04
https://www.inforum.com/news/north-dakota/hoeven-highlights-need-for-truck-drivers-in-north-dakota,eea3e75e2315b488fccf7ce905d676ce,Hoeven highlights need for truck drivers in North Dakota,20260904T020000Z,inforum.com,English,United States,carrier,D4_운송,2026-09-04
https://www.aol.com/articles/markel-announces-collaboration-midwest-general-120000000.html,5908b990eb6e47516415e157d546e467,Markel announces collaboration with Midwest General Insurance Agency to expand small business workers compensation offering in California,20260904T124500Z,aol.com,English,United States,carrier,D4_운송,2026-09-04
https://www.scmp.com/week-asia/lifestyle-culture/article/3366424/how-us-military-presence-spurred-pattayas-rise-thailands-city-pleasure,3e219b331390bcb1b6877c2798095eb1,How US military presence spurred Pattaya rise into Thailand city of pleasure,20260904T124500Z,scmp.com,English,China,carrier,D4_운송,2026-09-04
https://www.koreaherald.com/article/10863267,47fe88deb5416236d2406d1b9f73ac99,Unleashed dog at Busan beach sparks criticism,20260904T090000Z,koreaherald.com,English,South Korea,carrier,D4_운송,2026-09-04
https://www.fox13now.com/news/local-news/central-utah/aaas-teensmart-program-aims-to-reduce-fatal-crashes-among-new-drivers-in-utah,93691dc08e971b47efa702bb1de813d7,AAA teenSMART program aims to reduce fatal crashes among new drivers in Utah,20260904T144500Z,fox13now.com,English,United States,carrier,D4_운송,2026-09-04
https://finance.yahoo.com/markets/stocks/articles/american-tower-stock-performance-compared-100422721.html,cb5b3bd080cc211acd7dbccd7035d98b,How Is American Tower Stock Performance Compared to Other Real Estate Stocks,20260904T191500Z,finance.yahoo.com,English,United States,carrier,D4_운송,2026-09-04
https://www.thehindubusinessline.com/economy/logistics/zero-tolerance-air-india-initiates-100-voluntary-pilot-testing-following-aaib-preliminary-report/article71427410.ece,2cc1e07e0b764694941f0caf8c0309fe,Zero tolerance : Air India initiates 100 % voluntary Pilot testing following AAIB preliminary report,20260904T084500Z,thehindubusinessline.com,English,India,carrier,D4_운송,2026-09-04
https://news.webindia123.com/news/Articles/India/20260904/4494608.html,08c35dca192673325242da925db97e7b,Zero tolerance : Air India reiterates 100 % voluntary Pilot testing following AAIB preliminary report,20260904T100000Z,news.webindia123.com,English,India,carrier,D4_운송,2026-09-04
https://www.israelnationalnews.com/news/432712,30206b85eb194008ff66476367c48591,Yeshiva heads slam jailing of Givati soldiers :  A disgrace  ,20260904T124500Z,israelnationalnews.com,English,Israel,carrier,D4_운송,2026-09-04
https://aninews.in/news/national/politics/zero-tolerance-air-india-initiates-100-voluntary-pilot-testing-following-aaib-preliminary-report20260904123630/,b61d3dfe64a361501110226459fb46ee,Zero tolerance : Air India Initiates 100 % voluntary Pilot testing following AAIB preliminary report,20260904T074500Z,aninews.in,English,India,carrier,D4_운송,2026-09-04
https://www.insurancejournal.com/news/national/2026/09/04/883862.htm,831486eb04e5127a95b30cac209b2552,People Moves : Ciak Joins Guy Carpenter Healthcare Team From BMS Group ; CRC Specialty Makes Hires Across Underwriting and Brokerage Teams,20260904T071500Z,insurancejournal.com,English,United States,carrier,D4_운송,2026-09-04
https://www.euronews.com/2026/09/04/two-us-sailors-removed-from-thai-resort-town-after-drunken-brawl,bc9edf21f25c8830558c33dc0e7a1ed7,Two US sailors removed from Thai resort town after drunken brawl,20260904T090000Z,euronews.com,English,United States,carrier,D4_운송,2026-09-04
https://www.thestar.com.my/aseanplus/aseanplus-news/2026/09/04/two-us-sailors-removed-from-thai-resort-town-of-pattaya-after-drunken-brawl,20d971dbe9736d4d9b27ab821b7dca1e,Two US sailors removed from Thai resort town of Pattaya after drunken brawl,20260904T080000Z,thestar.com.my,English,Malaysia,carrier,D4_운송,2026-09-04
https://www.thestar.com.my/business/business-news/2026/09/04/trading-ideas-kerjaya-prospek-niche-capital-plytec-orgabio-media-chinese-international-airasia-eco-shop-techna-x-farm-fresh-rng-tech,d6fb82222f0b35f58372980ae4d5c744,"Trading ideas : Kerjaya Prospek , Niche Capital , Plytec , Orgabio , Media Chinese International , AirAsia , Eco - Shop , Techna - X , Farm Fresh , RNG Tech",20260904T020000Z,thestar.com.my,English,Malaysia,carrier,D4_운송,2026-09-04
https://www.deccanchronicle.com/world/sri-lanka-arrests-ex-presidents-son-over-airbus-deal-1984840,60ad0cac02628a0ee9b5891329247f45,Sri Lanka Arrests Ex - President Son Over Airbus Deal,20260904T130000Z,deccanchronicle.com,English,India,carrier,D4_운송,2026-09-04
https://www.freemalaysiatoday.com/category/world/2026/09/04/2-us-sailors-removed-from-thai-resort-town-after-drunken-brawl,a855d8b335d0ca135fd5b71c46d9ad57,2 US sailors removed from Thai resort town after drunken brawl,20260904T084500Z,freemalaysiatoday.com,English,Malaysia,carrier,D4_운송,2026-09-04
https://www.fox29.com/news/school-bus-involved-multi-vehicle-crash-gloucester-county,187ec36f27c019b33f30fdd6dd417984,"12 kids , 2 adults hurt after school bus involved in multi - vehicle crash in Gloucester County",20260904T041500Z,fox29.com,English,United States,carrier,D4_운송,2026-09-04
https://www.freemalaysiatoday.com/category/business/2026/09/04/us-airlines-weigh-midair-collision-prevention-system-ahead-of-legal-mandate-says-provider,cb8ba248a95f2b62cc989c7d55432333,US airlines weigh midair collision prevention system ahead of legal mandate,20260904T070000Z,freemalaysiatoday.com,English,Malaysia,carrier,D4_운송,2026-09-04
https://www.naturalnews.com/2026-09-03-driscoll-quits-pentagon-amid-spat-with-hegseth.html,ed86d620cf59fef11f35bb86d6989b51,Driscoll Quits Pentagon Amid Spat With Hegseth and Ongoing War With Iran – NaturalNews . com,20260904T014500Z,naturalnews.com,English,United States,carrier,D4_운송,2026-09-04
https://www.thejournal.ie/newshound-quiz-13-7151364-Sep2026/,0f7f1c8e5be3600b71422e87cbe2efc2,The Journal Friday Newshound Quiz,20260904T161500Z,thejournal.ie,English,Ireland,carrier,D4_운송,2026-09-04
https://www.freepressjournal.in/viral/pattaya-bans-us-navy-personnel-from-thais-adult-nightlife-areas-after-dark-during-uss-abraham-lincoln-visit-heres-why,8e80d941030ef16d9addd5866401dd0a,US Navy Patrol Officers Seen Scrutinising Pattaya Adult - Nightlife Streets To Ensure USS Abraham Lincoln Sailors Do Not Visit Restricted Areas ; Watch Videos,20260904T091500Z,freepressjournal.in,English,India,carrier,D4_운송,2026-09-04
https://www.citizen.co.za/news/news-world/sri-lanka-arrests-ex-presidents-son-over-airbus-deal/,b284985ad46a960bae74dc9384d77725,Sri Lanka arrests ex - president son over Airbus deal,20260904T151500Z,citizen.co.za,English,South Africa,carrier,D4_운송,2026-09-04
https://www.ch-aviation.com/news/171398-oman-air-targets-outsourced-freighter-expansion,9b98d9a42707a1332e02f484f1ac9adb,Oman Air targets outsourced freighter expansion - ch - aviation,20260904T101500Z,ch-aviation.com,English,United States,carrier,D4_운송,2026-09-04
https://www.livemint.com/global/ukraines-next-goal-is-to-shut-down-russia-s-commercial-airspace-11788491106009.html,4e36b862631ba8a80c87becb3a283351,Ukraine next goal is to shut down Russia commercial airspace,20260904T040000Z,livemint.com,English,India,carrier,D4_운송,2026-09-04
https://www.nola.com/sponsored/gallagher/gallagher-introduces-new-approach-to-high-net-worth-risk-management-amid-today-s-complex-insurance/article_31613c12-8765-4012-b85d-ce7c067322be.html,64b8d555241295449e9767c86fbda684,Gallagher introduces new approach to high net worth risk management amid today complex insurance landscape | Sponsored : Gallagher,20260904T004500Z,nola.com,English,United States,carrier,D4_운송,2026-09-04
https://www.aol.co.uk/articles/pedicures-pair-socks-sailors-uss-035908000.html,89278f14522dcaa680de3005680aa61b,Pedicures and a pair of socks : sailors from USS Abraham Lincoln go wild in party resort of Pattaya,20260904T043000Z,aol.co.uk,English,United Kingdom,carrier,D4_운송,2026-09-04
https://www.dailystar.co.uk/news/latest-news/troops-welcomed-sin-city-pattaya-37629399,aa0dc53817e47204db8436f72ccd7399,US troops welcomed to  Sin City  Pattaya by  woman with snake  and STD warning,20260904T180000Z,dailystar.co.uk,English,United Kingdom,carrier,D4_운송,2026-09-04
http://www.prnewswire.com/news-releases/bamboo-insurance-launches-texas-essential-homeowner-program-with-flexible-affordable-coverage-options-302870133.html,2f70babe6c234f7e94ef42d2d63d870b,"Bamboo Insurance Launches Texas Essential Homeowner Program , with Flexible , Affordable Coverage Options",20260904T151500Z,prnewswire.com,English,United States,carrier,D4_운송,2026-09-04
https://www.alternet.org/trump-iran-war-draft/,e9cd6632842c22829d3d775515bf6f6d,Trump draft will backfire and decimate Republicans for decades : expert,20260904T200000Z,alternet.org,English,United States,carrier,D4_운송,2026-09-04
https://telecom.economictimes.indiatimes.com/news/telecom-equipment/bsnl-4g-network-carrying-nearly-6-pb-data-daily-c-dots-rk-upadhyay/133759314,ca543e304a885cad9da814ed063e7ba1,"BSNL 4G Network Sees Surge with 6 PB Daily Data Traffic , Says C - DoT CEO , ETTelecom",20260904T143000Z,telecom.economictimes.indiatimes.com,English,India,carrier,D4_운송,2026-09-04
"http://northcountrynow.com/premium/stacker/stories/freight-optimization-how-to-build-a-smarter-ltl-shipping-strategy,388826",6a1dfe7e18c704ed60995831cc9ba8eb,Freight optimization : How to build a smarter LTL shipping strategy,20260904T184500Z,northcountrynow.com,English,United States,carrier,D4_운송,2026-09-04
https://www.upi.com/Top_News/World-News/2026/09/04/latam-argentina-flybondi-airline-restructuirng/2391788543370/,1253ea36564906282607716563904443,"Shuttered Argentine airline Flybondi shifts staff , weighs rebrand",20260904T183000Z,upi.com,English,United States,carrier,D4_운송,2026-09-04
https://www.upi.com/Top_News/World-News/2026/09/04/Shuttered-Argentine-airline-Flybondi-shifts-staff-weighs-rebrand/2391788543370/,7fa85afadc5ce937215b5848d95e0140,"Shuttered Argentine airline Flybondi shifts staff , weighs rebrand",20260904T210000Z,upi.com,English,United States,carrier,D4_운송,2026-09-04
https://allafrica.com/stories/202609040024.html,da555a9d50bb0078758be81d109ebafc,Nigerian Airlines Can Generate $1bn Annually From Developed West / Central African Destinations - Experts,20260904T051500Z,allafrica.com,English,Nigeria,carrier,D4_운송,2026-09-04
https://foreignpolicy.com/2026/09/03/uss-abraham-lincoln-iran-war-trump-hegseth-driscoll/,42b950b3795be5a66bf0f7c6fdb46a85,The USS Abraham Lincoln Is a Troubling Metaphor,20260904T011500Z,foreignpolicy.com,English,United States,carrier,D4_운송,2026-09-04
https://economictimes.indiatimes.com/industry/telecom/telecom-news/bsnls-homegrown-4g-network-carries-6-pb-data-per-day-c-dot/articleshow/133767038.cms,80c522d66ddb58c8eb219b4d4aa10672,BSNL homegrown 4G network carries 6 PB data per day : C - DoT,20260904T151500Z,economictimes.indiatimes.com,English,India,carrier,D4_운송,2026-09-04
https://www.prnewswire.com/news-releases/graywind-manual-sliding-track-blinds-2-0-for-flexible-living-spaces-302869011.html,c3aac4116ba322359ba3e484d80c0a87,Graywind Manual Sliding Track Blinds 2 . 0 for Flexible Living Spaces,20260904T130000Z,prnewswire.com,English,United States,carrier,D4_운송,2026-09-04
https://www.business-standard.com/companies/news/t-mobile-s-gopalan-bets-on-ai-home-internet-to-revive-subscriber-growth-126090400143_1.html,cd32baa5c695002557cc2a6dbccbae22,"T - Mobile Gopalan bets on AI , home internet to revive subscriber growth",20260904T060000Z,business-standard.com,English,India,carrier,D4_운송,2026-09-04
https://www.insurancebusinessmag.com/au/news/breaking-news/brokers-gain-ground-as-delegated-underwriting-reshapes-the-market-588661.aspx,0a857c16a532d02172a9c7d4b7376834,Brokers gain ground as delegated underwriting reshapes the market,20260904T084500Z,insurancebusinessmag.com,English,United States,carrier,D4_운송,2026-09-04
https://www.unionleader.com/news/politics/voters/no-ice-expected-at-nh-polls-on-tuesday-officials-say/article_b81d9117-e0a4-4ba5-9366-e2cd568cca49.html,a6f004ab363dbdcc2bc35d1460250200,"No ICE expected at NH polls on Tuesday , officials say",20260904T003000Z,unionleader.com,English,United States,carrier,D4_운송,2026-09-04
https://www.thenorthernecho.co.uk/news/26522665.stockton-cocaine-dealer-machete-lived-millionaire-lifestyle/,12d23efb78254422fb95b5837e821da2,Stockton cocaine dealer  Machete  lived millionaire lifestyle,20260904T181500Z,thenorthernecho.co.uk,English,United Kingdom,carrier,D4_운송,2026-09-04
http://www.heraldglobe.com/news/279282131/aircraft-carrier-uss-abraham-lincoln-docks-in-laem-chabang-thailand,1237fa4655439faa138964c96ece5781,USS Abraham Lincoln reaches Thailand after 286 days at sea,20260904T124500Z,heraldglobe.com,English,United States,carrier,D4_운송,2026-09-04
http://www.iranherald.com/news/279282131/aircraft-carrier-uss-abraham-lincoln-docks-in-laem-chabang-thailand,15c4f6fa23cdeb906debcca8d8d4c6fd,USS Abraham Lincoln reaches Thailand after 286 days at sea,20260904T124500Z,iranherald.com,English,Iran,carrier,D4_운송,2026-09-04
http://www.asiabulletin.com/news/279282131/aircraft-carrier-uss-abraham-lincoln-docks-in-laem-chabang-thailand,48bd0f5182b9c027bc618bc863cba13f,USS Abraham Lincoln reaches Thailand after 286 days at sea,20260904T124500Z,asiabulletin.com,English,China,carrier,D4_운송,2026-09-04
http://www.phoenixherald.com/news/279282131/aircraft-carrier-uss-abraham-lincoln-docks-in-laem-chabang-thailand,25cd5c39b9f6865fdbeab034b55ea2f3,USS Abraham Lincoln reaches Thailand after 286 days at sea,20260904T144500Z,phoenixherald.com,English,United States,carrier,D4_운송,2026-09-04
http://www.newjerseytelegraph.com/news/279282131/aircraft-carrier-uss-abraham-lincoln-docks-in-laem-chabang-thailand,58571f3c77b21589d83e1e2688d58572,USS Abraham Lincoln reaches Thailand after 286 days at sea,20260904T124500Z,newjerseytelegraph.com,English,United States,carrier,D4_운송,2026-09-04
http://www.texasguardian.com/news/279282131/aircraft-carrier-uss-abraham-lincoln-docks-in-laem-chabang-thailand,3cc32624bb41d1ce8d6de8426841a4e9,USS Abraham Lincoln reaches Thailand after 286 days at sea,20260904T124500Z,texasguardian.com,English,United States,carrier,D4_운송,2026-09-04
http://www.laosnews.net/news/279282131/after-combat-operations-in-iran-uss-abraham-lincoln-reaches-thailand,3a577b70e4c6405e2527e174ec799669,USS Abraham Lincoln reaches Thailand after 286 days at sea,20260904T124500Z,laosnews.net,English,United States,carrier,D4_운송,2026-09-04
http://www.zimbabwestar.com/news/279282131/aircraft-carrier-uss-abraham-lincoln-docks-in-laem-chabang-thailand,c04bd952a4a3a184960f8999021714d5,USS Abraham Lincoln reaches Thailand after 286 days at sea,20260904T124500Z,zimbabwestar.com,English,Zimbabwe,carrier,D4_운송,2026-09-04
http://www.middleeaststar.com/news/279282131/aircraft-carrier-uss-abraham-lincoln-docks-in-laem-chabang-thailand,2918e094448ab70eb7a9281317dc6051,USS Abraham Lincoln reaches Thailand after 286 days at sea,20260904T124500Z,middleeaststar.com,English,Syria,carrier,D4_운송,2026-09-04
http://www.caribbeanherald.com/news/279282131/aircraft-carrier-uss-abraham-lincoln-docks-in-laem-chabang-thailand,f0366756cbc1a72a1cbdf03c193db721,USS Abraham Lincoln reaches Thailand after 286 days at sea,20260904T144500Z,caribbeanherald.com,English,United States,carrier,D4_운송,2026-09-04
http://www.vietnamtribune.com/news/279282131/aircraft-carrier-uss-abraham-lincoln-docks-in-laem-chabang-thailand,8004b92cdeb5ea4c24c329ba8ae172e3,USS Abraham Lincoln reaches Thailand after 286 days at sea,20260904T144500Z,vietnamtribune.com,English,Vietnam,carrier,D4_운송,2026-09-04
http://www.shanghainews.net/news/279282131/after-combat-operations-in-iran-uss-abraham-lincoln-reaches-thailand,b10e0095e41fa21c806bc7ca6b27b593,USS Abraham Lincoln reaches Thailand after 286 days at sea,20260904T151500Z,shanghainews.net,English,China,carrier,D4_운송,2026-09-04
http://www.sanantoniopost.com/news/279282131/aircraft-carrier-uss-abraham-lincoln-docks-in-laem-chabang-thailand,70fd40b071e7324aa6aff9ae616de478,USS Abraham Lincoln reaches Thailand after 286 days at sea,20260904T151500Z,sanantoniopost.com,English,United States,carrier,D4_운송,2026-09-04
http://www.mexicostar.com/news/279282131/aircraft-carrier-uss-abraham-lincoln-docks-in-laem-chabang-thailand,0af044294f10bfbae7c5932a9dc4cd64,USS Abraham Lincoln reaches Thailand after 286 days at sea,20260904T161500Z,mexicostar.com,English,Mexico,carrier,D4_운송,2026-09-04
http://www.arabherald.com/news/279282131/aircraft-carrier-uss-abraham-lincoln-docks-in-laem-chabang-thailand,513c35bec499aa0f484de315ac36c614,USS Abraham Lincoln reaches Thailand after 286 days at sea,20260904T150000Z,arabherald.com,English,Syria,carrier,D4_운송,2026-09-04
https://www.news-gazette.com/news/nation-world/uss-lincoln-crew-hits-the-streets-of-thai-beach-city-after-lengthy-middle-east-deployment/article_85c61826-7cb4-5e8b-95de-5721223c007c.html,77c69b75af588e6aec4231e42147d2cd,USS Lincoln crew hits the streets of Thai beach city after lengthy Middle East deployment,20260904T023000Z,news-gazette.com,English,United States,carrier,D4_운송,2026-09-04
https://finance.yahoo.com/small-business/articles/failed-military-pilot-eye-test-065100142.html,900774c1e55391edb54ec2478e55cce6,He failed the military pilot eye test so he built a $1 million - a - day traffic company and bought flying lessons . Now he Top Gun stunt pilot,20260904T130000Z,finance.yahoo.com,English,United States,carrier,D4_운송,2026-09-04
https://www.sandiegouniontribune.com/2026/09/04/opinion-navy-must-go-all-out-to-help-lincoln-crew-recover-from-long-tour/,60739863090a5f3d6a9b7ff7b7e1d187,Opinion : Navy must go all out to help Lincoln crew recover from long tour,20260904T144500Z,sandiegouniontribune.com,English,United States,carrier,D4_운송,2026-09-04
https://en.tempo.co/read/2118970/italian-aircraft-carrier-garibaldi-to-arrive-in-jakarta-soon,01b5591b256409702a286d18d8e9f021,Italian Aircraft Carrier Garibaldi to Arrive in Jakarta Soon,20260904T181500Z,en.tempo.co,English,,carrier,D4_운송,2026-09-04
https://www.forbes.com/councils/forbestechcouncil/2026/09/04/your-logistics-software-describes-the-plan-not-what-happened/,45e3dd27df149dcb1622c249d5e4254b,Your Logistics Software Describes The Plan . Not What Happened,20260904T124500Z,forbes.com,English,United States,carrier,D4_운송,2026-09-04
https://www.tomsguide.com/phones/iphones/iphone-ultra-and-iphone-18-pro-prices-leak-days-before-apple-event-heres-my-final-bet-on-what-youll-pay,ac6e2b14efc8174c7b65241059732853,iPhone Ultra and iPhone 18 Pro prices predicted ahead of Apple event here what you could pay,20260904T144500Z,tomsguide.com,English,United States,carrier,D4_운송,2026-09-04
https://www.postandcourier.com/moultrie-news/moultrie-news/news/local-author-unveils-first-ever-children-s-book/article_6d155b5c-f98f-42e0-bad6-36b3a60afe04.html,951409dc00feb41fbb7dba10c3288fda,Local author unveils first - ever children book,20260904T021500Z,postandcourier.com,English,United States,carrier,D4_운송,2026-09-04
https://breakingdefense.com/2026/09/f-35-costs-jump-in-latest-production-lots/,88cf99b512316283a778e157a91dd28f,F - 35 costs jump in latest production lots - Breaking Defense,20260904T183000Z,breakingdefense.com,English,United States,carrier,D4_운송,2026-09-04
https://www.aol.com/articles/nvidia-now-paying-train-plumbers-230919000.html,0761a8f23aa9d60d29c7afb419f2551a,"Nvidia Is Now Paying to Train Plumbers , and the Stock That Should Benefit Most Just Hit a 52 - Week Low",20260904T000000Z,aol.com,English,United States,carrier,D4_운송,2026-09-04
https://www.wsbradio.com/news/world/uss-lincoln-crew/CTVKHXVBM4YAXLYG4ML7XLWQEU/,52a3c6a9999a3d3d8e67db8412ad790f,USS Lincoln crew hits the streets of Thailand Pattaya after over 260 days at sea,20260904T044500Z,wsbradio.com,English,United States,carrier,D4_운송,2026-09-04
https://isp.netscape.com:443/news/world/story/0001/20260904/ce9febd3795164e9743f22f1daa5c681,f49c590b18c3eb56b221a1bbd586d3d6,USS Lincoln crew hits the streets of Thai beach city after lengthy Middle East deployment,20260904T044500Z,isp.netscape.com,English,United States,carrier,D4_운송,2026-09-04
https://punchng.com/nanta-tackles-foreign-airlines-over-dollar-only-ticket-sales/,ae48261ccb9365ee39d13c68c262380b,NANTA Fights Foreign Airlines Over Dollar Ticket Sales in Ni,20260904T004500Z,punchng.com,English,Nigeria,carrier,D4_운송,2026-09-04
https://www.royalgazette.com/reinsurance/business/article/20260904/cost-focus-needed-to-keep-bermuda-competitive-says-kitson/,83044fe158515c6efa626fb6d1867dcd,"Cost focus needed to keep Bermuda competitive , says Kitson",20260904T144500Z,royalgazette.com,English,Bermuda,carrier,D4_운송,2026-09-04
https://www.trains.com/pro/freight/class-i/anti-merger-coalition-urges-trackside-communities-to-speak-up-about-up-ns/,08178d79c247a33cc32a7f6e88538986,Anti - merger coalition urges trackside communities to speak up about UP - NS,20260904T194500Z,trains.com,English,United States,carrier,D4_운송,2026-09-04
https://www.afl.com.au/news/1601410/geelong-cats-v-carlton-blues-match-report,09ee9d233a3c11c977ea749c0e1e7d2c,Cats end Blue miracle season as Danger winds back the clock,20260904T144500Z,afl.com.au,English,Australia,carrier,D4_운송,2026-09-04
https://www.liveinsurancenews.com/nevada-homeowners-insurance-2/8575837/,cbee7adc420baed169fbbf24f85be73a,Nevada Just Changed What Your Homeowners Insurance Has to Cover and Most Nevada Homeowners Have Not Read the Fine Print » Live Insurance News,20260904T181500Z,liveinsurancenews.com,English,United States,carrier,D4_운송,2026-09-04
https://www.citizen.co.za/news/in-case-you-missed-it-4-september-2026/,2ce41c4d7c929a128a48d84556f66470,"In case you missed it : Confession of a VIP guard | Boks braced for fired - up All Blacks | Ex - Miss SA fined R3m , debarred",20260904T200000Z,citizen.co.za,English,South Africa,carrier,D4_운송,2026-09-04
https://variety.com/2026/film/reviews/mayday-review-ryan-reynolds-1236851743/,c02a480ceceeb6c5dd26b9b0b77f03d2,  Mayday  Review : Ryan Reynolds and Kenneth Branagh Buddy Up,20260904T170000Z,variety.com,English,United States,carrier,D4_운송,2026-09-04
https://www.thedailybeast.com/putin-hit-with-humiliating-warning-as-air-travel-crisis-explodes/,769b03143601d95562adc1b2fa9f0ed1,Putin Hit With Humiliating Warning as Air Travel Crisis Explodes,20260904T151500Z,thedailybeast.com,English,United States,carrier,D4_운송,2026-09-04
https://artdaily.com/news/199836/Kunsthalle-Friart-Fribourg-to-present-Mira-M--Yang-exhibition,c91d30d9119a68a8fee50c9cdacfe27c,Kunsthalle Friart Fribourg to present Mira M . Yang exhibition,20260904T020000Z,artdaily.com,English,United States,carrier,D4_운송,2026-09-04
https://westseattleblog.com/2026/09/aircraft-carrier-uss-ronald-reagan-heading-out/,74502ecbc420789c2001b2dc1216254a,West Seattle Blog … | Aircraft carrier USS Ronald Reagan heading out ( photos added ) ,20260904T003000Z,westseattleblog.com,English,United States,carrier,D4_운송,2026-09-04
https://fortune.com/2026/09/04/top-gun-stunt-pilot-failed-military-eye-tests-1-million-a-day-traffic-company-career-advice/,1c42d0f6919bff7ee064c29abec66410,He couldnt pass the military eye test now he Top Gun stunt pilot and runs a $1M - a - day company,20260904T084500Z,fortune.com,English,United States,carrier,D4_운송,2026-09-04
https://247wallst.com/personal-finance/2026/09/03/lets-be-real-for-most-retirees-only-one-gulf-coast-town-actually-works/,1fa3c771aff113a68d3a2a6fe6569d1e,"Let Be Real . For Most Retirees , Only One Gulf Coast Town Actually Works",20260904T003000Z,247wallst.com,English,United States,carrier,D4_운송,2026-09-04
https://www.wsws.org/en/articles/2026/09/04/lvks-s04.html,fa30689ee595dd5dfbcbf2d3915a5878,"Over 5 , 600 people still missing after Nepal flood , as death toll passes 1 , 200",20260904T074500Z,wsws.org,English,United States,carrier,D4_운송,2026-09-04
https://markets.financialcontent.com/stocks/article/stockstory-2026-9-4-gwre-q2-deep-dive-strong-product-momentum-overshadowed-by-cautious-outlook,148fbf8c20b6a7be3137ba6d0ed69bfe,FinancialContent - GWRE Q2 Deep Dive : Strong Product Momentum Overshadowed by Cautious Outlook,20260904T151500Z,markets.financialcontent.com,English,United States,carrier,D4_운송,2026-09-04
https://www.aol.com/articles/argentina-threatened-seize-falklands-one-142653000.html,bb5b0e04997378a2d751708dc2216d9b,Argentina has threatened to seize the Falklands . There is one problem : their military is in tatters,20260904T194500Z,aol.com,English,United States,carrier,D4_운송,2026-09-04
https://www.abc.net.au/news/2026-09-05/political-hope-optimism-australia-economy-paul-keating/107076246,28056d2e79ea34d0fd51b903cb70fb8a,  Afraid of change : political optimism now a rare commodity in Australia,20260904T194500Z,abc.net.au,English,Australia,carrier,D4_운송,2026-09-04
https://www.wlj.net/mt-governor-temporarily-relaxes-some-road-rules/,b4d0cd0eeba6edbd4fbac523e50072da,MT governor temporarily relaxes some road rules,20260904T144500Z,wlj.net,English,United States,carrier,D4_운송,2026-09-04
https://www.saarlane.ee/original-apple-iphone-17-pro-max-512gb-unlocked-1374,c2363f39e8e7ab49f5e2dd5a721cd28a,"Original Apple iPhone 17 Pro Max 512GB unlocked , Narva",20260904T163000Z,saarlane.ee,English,Estonia,carrier,D4_운송,2026-09-04
https://www.news-medical.net/news/20260903/Coffee-tea-and-dementia-risk-Why-the-amount-you-drink-could-matter.aspx,75295efa96f404a161fe163f2ec55c78,"Coffee , tea and dementia risk : Why the amount you drink could matter",20260904T000000Z,news-medical.net,English,United States,carrier,D4_운송,2026-09-04
https://jewishpress.com/welcome-back/,d4a7984609563ee32f75e2f25ed2e9cb,Welcome Back,20260904T164500Z,jewishpress.com,English,Israel,carrier,D4_운송,2026-09-04
https://www.independent.co.uk/news/world/middle-east/iran-us-war-live-trump-strikes-kuwait-hormuz-b3044536.html,a6a793b013ab83710534bb6677e465f4,Iran - US war latest : Vance says  sometimes things happen  after US accused of killing five in wedding strike,20260904T091500Z,independent.co.uk,English,United Kingdom,carrier,D4_운송,2026-09-04
https://www.news4jax.com/news/politics/2026/09/04/midterm-mail-ballots-start-to-go-to-voters-as-litigation-over-trumps-order-creates-uncertainty/,354b6ac801f31bf07ec3bac666685141,Midterm mail ballots start to go to voters as litigation over Trump order creates uncertainty,20260904T080000Z,news4jax.com,English,United States,carrier,D4_운송,2026-09-04
http://www.thegazette.com/news/national/midterm-mail-ballots-start-to-go-to-voters-as-litigation-over-trumps-order-creates-uncertainty/article_7bce3a4f-95aa-56f3-8455-abbd72e69a3c.html,d58ce1ce0df7a942924b7059f26c36c2,Midterm mail ballots start to go to voters as litigation over Trump order creates uncertainty,20260904T050000Z,thegazette.com,English,United States,carrier,D4_운송,2026-09-04
https://www.clickorlando.com/news/politics/2026/09/04/midterm-mail-ballots-start-to-go-to-voters-as-litigation-over-trumps-order-creates-uncertainty/,9d4dd2c0a5dad3afb3d058ee99a3cc38,Midterm mail ballots start to go to voters as litigation over Trump order creates uncertainty,20260904T043000Z,clickorlando.com,English,United States,carrier,D4_운송,2026-09-04
https://www.tribune242.com/news/2026/sep/04/bloodbath-fear-on-airport-fee-increases/,f679cc6895cd79baff5f60b0bf455bdc,  Bloodbath  fear on airport fee increases,20260904T180000Z,tribune242.com,English,Bahamas,carrier,D4_운송,2026-09-04
https://screenrant.com/mayday-movie-2026-ending-explained/,fe3ee969417ee7154626f60ada803768,Mayday Ending Explained : What Troy Big Decision Really Means,20260904T164500Z,screenrant.com,English,United States,carrier,D4_운송,2026-09-04
https://kyma.com/dsw-living/business/2026/09/03/southwest-airlines-to-open-its-own-airport-lounges/,f8e4becd1114523139a318c6ff28115a,Southwest Airlines to open its own airport lounges,20260904T030000Z,kyma.com,English,United States,carrier,D4_운송,2026-09-04
https://www.twincities.com/2026/09/04/midterm-mail-ballots-trump-order-litigation/,3410b9045d4a53fef7bee427b49009be,Midterm mail ballots start to go to voters amid Trump order uncertainty,20260904T144500Z,twincities.com,English,United States,carrier,D4_운송,2026-09-04
https://www.wxii12.com/article/midterm-mail-voting-trump-legal-fight/73614849,b054f97ec90eae0a2f8679faed7fb00d,Midterm mail ballots start to go to voters as litigation over Trump order creates uncertainty,20260904T161500Z,wxii12.com,English,United States,carrier,D4_운송,2026-09-04
https://www.wmur.com/article/midterm-mail-voting-trump-legal-fight/73614849,ab3c2b424c05189bb1f5138b421e4a26,Midterm mail ballots start to go to voters as litigation over Trump order creates uncertainty,20260904T143000Z,wmur.com,English,United States,carrier,D4_운송,2026-09-04
https://www.mcall.com/2026/09/04/midterm-mail-ballots-trump-order-litigation/,4d8ece79743fe182f42801d0456b4b21,Midterm mail ballots start to go to voters amid Trump order uncertainty,20260904T183000Z,mcall.com,English,United States,carrier,D4_운송,2026-09-04
https://www.kcci.com/article/midterm-mail-voting-trump-legal-fight/73614849,c04f15167488dfca31ecb5d259d83820,Midterm mail ballots start to go to voters as litigation over Trump order creates uncertainty,20260904T164500Z,kcci.com,English,United States,carrier,D4_운송,2026-09-04
https://www.citizensvoice.com/2026/09/04/midterm-mail-ballots-trump-order-litigation/,dab0d124c5936fcb7d6a6ee657219f9f,Midterm mail ballots start to go to voters amid Trump order uncertainty,20260904T181500Z,citizensvoice.com,English,United States,carrier,D4_운송,2026-09-04
https://www.wsbradio.com/news/politics/midterm-mail-ballots/ERVASKFHAY527O33XNAOE2IIJQ/,5f5e3caaf2c98ecc40d3f6c9a98031be,Mail ballots start to go to voters as Trump injects uncertainty,20260904T044500Z,wsbradio.com,English,United States,carrier,D4_운송,2026-09-04
https://www.dailynews.com/2026/09/04/midterm-mail-ballots-trump-order-litigation/,3a08f1c4afc6584eac5cf1e37ffee6d4,Midterm mail ballots start to go to voters amid Trump order uncertainty,20260904T164500Z,dailynews.com,English,United States,carrier,D4_운송,2026-09-04
https://www.abc.net.au/news/2026-09-05/united-states-richard-marles-donald-trump-aukus-paul-keating/107097650,867aa6cc36cf26794bf2b943793c03e5,Australia appears confused about its place in the global world order,20260904T194500Z,abc.net.au,English,Australia,carrier,D4_운송,2026-09-04
https://www.westcentralsbest.com/todays_country_1057/news/mail-carrier-arrested-by-deridder-police-for-alleged-mail-theft/article_fc84e67d-a65a-48a8-b0bb-4b719a2a78dd.html,2763591de5c55a32e4163a0f61d68d9e,Mail Carrier Arrested By DeRidder Police For Alleged Mail Theft,20260904T180000Z,westcentralsbest.com,English,United States,carrier,D4_운송,2026-09-04
https://kfox95.com/ixp/514/p/texas-airports-labor-day-delays/,330f7a217583641009332b4c322576db,Dallas Love Field Recorded The Nation Highest Labor Day Delays,20260904T151500Z,kfox95.com,English,United States,carrier,D4_운송,2026-09-04
https://mykiss1031.com/ixp/514/p/texas-airports-labor-day-delays/,91de2fe18aea330f875876f389228237,Dallas Love Field Recorded The Nation Highest Labor Day Delays,20260904T164500Z,mykiss1031.com,English,United States,carrier,D4_운송,2026-09-04
https://www.rustourismnews.com/2026/09/04/brazil-grounds-total-linhas-aereas-over-critical-safety-deficiencies/,1eea64d79da449bf3d46d7fd27aac46e,Brazil Grounds Total Linhas Aéreas Over Critical Safety Deficiencies,20260904T210000Z,rustourismnews.com,English,United States,carrier,D4_운송,2026-09-04
https://www.scoop.co.nz/stories/HL2609/S00014/us-iran-warship-arrives-in-raunchy-beach-town.htm,926138ee9ed83078c6eabb2e8f28083a,U . S .- Iran Warship Arrives In Raunchy Beach Town,20260904T020000Z,scoop.co.nz,English,New Zealand,carrier,D4_운송,2026-09-04
https://www.socialistalternative.org/2026/09/03/trumps-war-pushes-sailors-to-the-brink/,215be06a2da93a4dc6c5f99b6dd03a7d,Trump War Pushes Sailors To The Brink | Socialist Alternative,20260904T030000Z,socialistalternative.org,English,United States,carrier,D4_운송,2026-09-04
http://www.dailyadvance.com/news/national/midterm-mail-ballots-start-to-go-to-voters-as-litigation-over-trumps-order-creates-uncertainty/article_e78eebe6-44d7-5151-8b2b-7fe4439f2dd6.html,f81eda8388a091975fcfac7176f2f151,Midterm mail ballots start to go to voters as litigation over Trump order creates uncertainty,20260904T043000Z,dailyadvance.com,English,United States,carrier,D4_운송,2026-09-04
https://www.wpxi.com/news/worried-about-winter/KDNYKIDNVY66VJMXOVB42DCDNU/,f107e4c10c790e33d0ad7108c5f4c90f,Worried about winter damage ? Fall home maintenance can protect your home from a costly claim,20260904T004500Z,wpxi.com,English,United States,carrier,D4_운송,2026-09-04
https://www.el-balad.com/17048156,0438b962d776c6cd1a6cd1f4c08febcf,Verizon Outages Hit Tulsa and Little Rock as Reports Start at 3 : 40 p . m . ,20260904T004500Z,el-balad.com,English,Egypt,carrier,D4_운송,2026-09-04
https://www.kpbs.org/news/border-immigration/2026/09/03/as-california-debated-sharing-data-on-drivers-homeland-security-subpoenaed-17-million-records,1fa65fe845c90d889239d0f14e539496,"As California debated sharing data on drivers , Homeland Security subpoenaed 17 million records",20260904T030000Z,kpbs.org,English,United States,carrier,D4_운송,2026-09-04
https://scroll.in/article/1095475/for-months-tribal-children-in-madhya-pradesh-kept-dying-the-government-woke-up-too-late,2d9b9c60c8a325c1f25777a05b7699ee,"For months , tribal children in Madhya Pradesh kept dying . The government woke up too late . ",20260904T090000Z,scroll.in,English,India,carrier,D4_운송,2026-09-04
http://www.laosnews.net/news/279285909/air-arabia-increases-bangkok-frequency-with-four-daily-flights-from-sharjah,a0b17e347101c1c47fd540d6cae2de65,Air Arabia increases Bangkok frequency with four daily flights from Sharjah,20260904T124500Z,laosnews.net,English,United States,carrier,D4_운송,2026-09-04
http://www.southeastasiapost.com/news/279285909/air-arabia-increases-bangkok-frequency-with-four-daily-flights-from-sharjah,c464318622e7d46bd45d4a5ba51676a2,Air Arabia increases Bangkok frequency with four daily flights from Sharjah,20260904T143000Z,southeastasiapost.com,English,Pakistan,carrier,D4_운송,2026-09-04
https://www.chiangraitimes.com/chiang-mai/chiang-mai-traffic-guard-carrying-baby/,9a504f85d25ed3c5a66daed829b2749b,Chiang Mai Traffic Guard Directs Cars While Carrying His Baby,20260904T001500Z,chiangraitimes.com,English,Thailand,carrier,D4_운송,2026-09-04
https://www.lhrtimes.com/2026/09/04/uzma-bukhari-demands-kp-release-charter-plane-passenger-list-payment-details/,8b14174162c0a723a8d3888de6c49e24,"Uzma Bukhari Demands KP Release Charter Plane Passenger List , Payment Details",20260904T180000Z,lhrtimes.com,English,Pakistan,carrier,D4_운송,2026-09-04
https://travelweekly.com.au/anzcro-hosts-famil-across-wellington-auckland-for-travel-advisors/,bd03c88cbab3fa0e51697a2dec332fd5,"ANZCRO hosts famil across Wellington , Auckland for travel advisors",20260904T074500Z,travelweekly.com.au,English,Australia,carrier,D4_운송,2026-09-04
https://www.inquirer.com/south-jersey/monroe-township-school-bus-dump-truck-crash-20260904.html,68655848f92d5eabf9cebae3b84cf4eb,14 people sent to hospital in Gloucester County after a 5 - vehicle crash involving a school bus and 2 dump trucks,20260904T181500Z,inquirer.com,English,,carrier,D4_운송,2026-09-04
https://www.koco.com/article/midterm-mail-voting-trump-legal-fight/73614849,cd26d7f396e5b0baed16365f73e8677c,Midterm mail ballots start to go to voters as litigation over Trump order creates uncertainty,20260904T161500Z,koco.com,English,United States,carrier,D4_운송,2026-09-04
https://www.techtimes.com/articles/326584/20260904/hertz-customers-face-second-vendor-breach-14-months-class-action-opens.htm,e07dbc7eb126532cc6fc5dc0c056edc4,Hertz Customers Face Second Vendor Breach in 14 Months ; Class Action Opens,20260904T200000Z,techtimes.com,English,United States,carrier,D4_운송,2026-09-04
http://www.calcuttanews.net/news/279286214/zero-tolerance-air-india-reiterates-100-voluntary-pilot-testing-following-aaib-preliminary-report,ad290ac2eba2fd084194e825a891e4fb,Zero tolerance : Air India reiterates 100 % voluntary Pilot testing following AAIB preliminary report,20260904T164500Z,calcuttanews.net,English,India,carrier,D4_운송,2026-09-04
https://www.tsn.ca/nfl/article/hunter-etienne-jr-and-kincaid-among-x-factors-this-season-n1-49797638/,054a43e623a2979ba714d9dcd49ec0e9,2026 NFL season X factors : Key players for all 32 teams,20260904T124500Z,tsn.ca,English,Canada,carrier,D4_운송,2026-09-04
https://thefrontierpost.com/sri-lanka-arrests-ex-presidents-son-over-airbus-deal/,7225e1d089c6c3404a6824267d0251ea,Sri Lanka arrests ex - president son over Airbus deal – The Frontier Post,20260904T144500Z,thefrontierpost.com,English,Pakistan,carrier,D4_운송,2026-09-04
https://www.theregister.com/security/2026/09/04/cisco-searched-for-ios-xr-bugs-and-found-so-many-it-rolled-them-into-an-update-release/5294410,03018db7735b0d699e74d6a11fe7c495,Cisco searched for IOS XR bugs and found so many it rolled them into an update release,20260904T033000Z,theregister.com,English,,carrier,D4_운송,2026-09-04
https://dailytrust.com/afc-vision-invest-stake-300m-in-nigerias-digital-infrastructure/,03e516039b1a27faa886d5d83e5c32ca,"AFC , Vision Invest stake $300m in Nigeria digital infrastructure – Daily Trust",20260904T060000Z,dailytrust.com,English,Niger,carrier,D4_운송,2026-09-04
https://www.woodlandsonline.com/npps/story.cfm?nppage=84701,ab6a07e81baed6d923d08fb6a62b462d,"How Much Does Roof Replacement Cost In Houston , TX ? A 2026 Price Guide For Homeowners",20260904T051500Z,woodlandsonline.com,English,United States,carrier,D4_운송,2026-09-04
https://wrrv.com/ixp/854/p/federal-government-shuts-down-schools-in-new-york/,2427a9c3c918adb9ed2f357918b94bea,Federal Government Shuts Down Schools In New York State,20260904T143000Z,wrrv.com,English,United States,carrier,D4_운송,2026-09-04
https://hudsonvalleycountry.com/ixp/854/p/federal-government-shuts-down-schools-in-new-york/,f17ee105d9885579a0eb49a0f6d72cf8,Federal Government Shuts Down Schools In New York State,20260904T041500Z,hudsonvalleycountry.com,English,United States,carrier,D4_운송,2026-09-04
https://www.themarketsdaily.com/2026/09/04/analyzing-easyjet-esyjy-the-competition.html,ac3c5b7463f261f96ab99f58b86683af,Analyzing easyJet ( ESYJY ) & The Competition,20260904T161500Z,themarketsdaily.com,English,United States,carrier,D4_운송,2026-09-04
https://www.azonano.com/news.aspx?newsID=41815,e7e3c6bb517a98996736394f1766d062,Ultrathin Boron Nitride Makes Perovskite QLEDs Far More Stable,20260904T093000Z,azonano.com,English,United States,carrier,D4_운송,2026-09-04
https://www.dailypolitical.com/2026/09/03/solomon-moshkevich-sells-3000-shares-of-natera-nasdaqntra-stock.html,68331d0015297c8ab313c733f0eab1a5,"Solomon Moshkevich Sells 3 , 000 Shares of Natera ( NASDAQ : NTRA ) Stock",20260904T041500Z,dailypolitical.com,English,United States,carrier,D4_운송,2026-09-04
https://www.cityam.com/virgin-atlantic-ends-british-airways-grip-on-team-gb-partnership/,bdbd808eda2b22681d7ec12cfd8393d1,Virgin Atlantic ends British Airways grip on Team GB partnership,20260904T180000Z,cityam.com,English,United Kingdom,carrier,D4_운송,2026-09-04
https://www.proactiveinvestors.com.au/companies/news/1098084/flexiroam-enters-hotel-loyalty-market-with-two-year-dragonpass-partnership-1098084.html,540dda2ac95aff8cabcb530108caea35,FlexiRoam enters hotel loyalty market with two - year Dragonpass partnership,20260904T041500Z,proactiveinvestors.com.au,English,Australia,carrier,D4_운송,2026-09-04
https://paherald.sk.ca/labour-council-set-to-host-free-barbecue-in-solidarity-for-unionized-workers-and-local-labourers/,267e811b110bf2066a17501042803b3d,Labour council set to host free barbecue in solidarity for unionized workers and local labourers,20260904T051500Z,paherald.sk.ca,English,Canada,carrier,D4_운송,2026-09-04
https://www.rustourismnews.com/2026/09/04/gol-is-flying-to-europe-for-the-first-time/,ee694a94a8da4b5ec08ca22414862b61,GOL Is Flying to Europe for the First Time,20260904T210000Z,rustourismnews.com,English,United States,carrier,D4_운송,2026-09-04
https://www.dailypolitical.com/2026/09/03/insider-selling-natera-nasdaqntra-insider-sells-4955652-40-in-stock.html,ff7c3ecf4b819aa0c548f19b5f8e6f8e,"Insider Selling : Natera ( NASDAQ : NTRA ) Insider Sells $4 , 955 , 652 . 40 in Stock",20260904T041500Z,dailypolitical.com,English,United States,carrier,D4_운송,2026-09-04
https://www.palatkadailynews.com/articles/around-putnam/today-in-history-sept-4/,5f75e3baac2a691be0c2ccf54507b9a3,Today in History – Sept . 4 - Palatka Daily News,20260904T130000Z,palatkadailynews.com,English,United States,carrier,D4_운송,2026-09-04
https://www.fox13seattle.com/news/report-details-chelan-hills-fire,937abd89655e61446b30b7dea54213ad,Report details firefighters close calls in Chelan Hills Fire,20260904T050000Z,fox13seattle.com,English,,carrier,D4_운송,2026-09-04
https://dailytrust.com/police-confirm-attack-on-borno-apc-govship-candidates-convoy/,f26e87703669b83efee405b3b431fe47,Police confirm attack on Borno APC Govship Candidate Convoy – Daily Trust,20260904T201500Z,dailytrust.com,English,Niger,carrier,D4_운송,2026-09-04
https://www.rustourismnews.com/2026/09/04/caracas-airport-reopens-with-temporary-terminal-in-parking-lot/,080eeb3234d1634194f5835f5b21bcd2,Caracas Airport Reopens With Temporary Terminal in Parking Lot,20260904T210000Z,rustourismnews.com,English,United States,carrier,D4_운송,2026-09-04
https://speedwaymedia.com/2026/09/04/when-a-commercial-truck-crash-changes-everything-building-a-strong-injury-claim/,b9c188681800ab8379f0f2f0790f57e8,When a Commercial Truck Crash Changes Everything : Building a Strong Injury Claim,20260904T204500Z,speedwaymedia.com,English,United States,carrier,D4_운송,2026-09-04
https://www.jcnnewswire.com/pressrelease/109804/2/SAP-Cloud-ERP-Helps-Hong-Kong-Shenzhen-Innovation-and-Technology-Park-Company-Limited-Build-an-Effic,ce153cc393ac9295614700f8d595b779,"SAP Cloud ERP Helps Hong Kong - Shenzhen Innovation and Technology Park Company Limited Build an Efficient , Sustainable World - Class Innovation Hub",20260904T074500Z,jcnnewswire.com,English,Japan,carrier,D4_운송,2026-09-04
https://www.themarketsdaily.com/2026/09/04/contrasting-sonim-technologies-nasdaqsonm-and-alliancebernstein-nyseab.html,7be38fea8501a7a455de469ad8c6aa3a,Contrasting Sonim Technologies ( NASDAQ : SONM ) and AllianceBernstein ( NYSE : AB ) ,20260904T124500Z,themarketsdaily.com,English,United States,carrier,D4_운송,2026-09-04
https://www.miragenews.com/qantas-supports-impactful-regional-australia-1738765/,50b232c88817b51fa7615adfb75e1cd7,Qantas Supports Impactful Regional Australia Projects,20260904T020000Z,miragenews.com,English,United States,carrier,D4_운송,2026-09-04
https://kwsn.com/2026/09/04/knocking-down-walls-nfl-puts-global-event-machine-to-test-in-australian-debut/,7549ce8f8bc09ac5aa41977ddf75d8b1,  Knocking down wall : NFL puts global event machine to test in Australian debut,20260904T084500Z,kwsn.com,English,United States,carrier,D4_운송,2026-09-04
https://www.themarketsdaily.com/2026/09/04/gogo-nasdaqgogo-versus-tele2-otcmktstltzy-critical-analysis.html,35d5e148f833c0bb61c0c7820a37dd04,Gogo ( NASDAQ : GOGO ) versus Tele2 ( OTCMKTS : TLTZY ) Critical Analysis,20260904T161500Z,themarketsdaily.com,English,United States,carrier,D4_운송,2026-09-04
https://www.themarketsdaily.com/2026/09/04/telecom-argentina-stet-france-telecom-nyseteo-given-new-21-00-price-target-at-jpmorgan-chase-co.html,b8e5a76dd71f089ba6f5e4557389c424,Telecom Argentina Stet – France Telecom ( NYSE : TEO ) Given New $21 . 00 Price Target at JPMorgan Chase & Co . ,20260904T124500Z,themarketsdaily.com,English,United States,carrier,D4_운송,2026-09-04
https://www.union-bulletin.com/news/world/uss-lincoln-crew-hits-the-streets-of-thai-beach-city-after-lengthy-middle-east-deployment/article_054a8a37-e073-5b45-8051-13ae1fd38e18.html,b8ddeb133b0bcda90199e5f5afcb4ad7,USS Lincoln crew hits the streets of Thai beach city after lengthy Middle East deployment,20260904T011500Z,union-bulletin.com,English,United States,carrier,D4_운송,2026-09-04
https://www.whro.org/health/2026-09-04/why-have-virginians-health-insurance-premiums-increased,6e17d7dbf917c76037cae9b43b29bbe0,Why have Virginian health insurance premiums increased ? ,20260904T191500Z,whro.org,English,United States,carrier,D4_운송,2026-09-04
https://www.midnorthmonitor.com:443/life/gen-z-entrepreneur-builds-connections-with-snail-mail-club,c92ebe3e4cd54b00d7dfc683ed734344,Gen Z entrepreneur builds connections with snail mail club,20260904T124500Z,midnorthmonitor.com,English,Canada,carrier,D4_운송,2026-09-04
https://www.cochranetimes.com:443/life/gen-z-entrepreneur-builds-connections-with-snail-mail-club,874632ac3f7fd719ece6202d06abc83f,Gen Z entrepreneur builds connections with snail mail club,20260904T143000Z,cochranetimes.com,English,Canada,carrier,D4_운송,2026-09-04
https://www.woodstocksentinelreview.com:443/life/gen-z-entrepreneur-builds-connections-with-snail-mail-club,adf6e0d2a73a235d2e16efaa5a7860bb,Gen Z entrepreneur builds connections with snail mail club | The Woodstock Sentinel Review,20260904T144500Z,woodstocksentinelreview.com,English,Canada,carrier,D4_운송,2026-09-04
https://www.saultstar.com:443/life/gen-z-entrepreneur-builds-connections-with-snail-mail-club,8aa6096906e332d553a36907dd637654,Gen Z entrepreneur builds connections with snail mail club,20260904T124500Z,saultstar.com,English,Canada,carrier,D4_운송,2026-09-04
https://www.fortmcmurraytoday.com:443/life/gen-z-entrepreneur-builds-connections-with-snail-mail-club,87fad4320d28c30b57c6e4a11896411c,Gen Z entrepreneur builds connections with snail mail club,20260904T144500Z,fortmcmurraytoday.com,English,Canada,carrier,D4_운송,2026-09-04
https://www.mayerthorpefreelancer.com:443/life/gen-z-entrepreneur-builds-connections-with-snail-mail-club,cbc98851e5e1c0884690b0accf8412f2,Gen Z entrepreneur builds connections with snail mail club,20260904T151500Z,mayerthorpefreelancer.com,English,Canada,carrier,D4_운송,2026-09-04
https://www.highrivertimes.com:443/life/gen-z-entrepreneur-builds-connections-with-snail-mail-club,2d1bc37b645b1d40c8fb6bac46ac3421,Gen Z entrepreneur builds connections with snail mail club,20260904T144500Z,highrivertimes.com,English,Canada,carrier,D4_운송,2026-09-04
https://www.nantonnews.com:443/life/gen-z-entrepreneur-builds-connections-with-snail-mail-club,2ec14af45b123ad324d37c11b6a75ba6,Gen Z entrepreneur builds connections with snail mail club,20260904T151500Z,nantonnews.com,English,Canada,carrier,D4_운송,2026-09-04
https://www.timesheraldonline.com/2026/09/03/solano-chronicles-reliving-mare-island-naval-shipyard-history/,fd60b377554cbdb5b7f325c193df633f,Solano Chronicles : Reliving Mare Island Naval Shipyard History,20260904T000000Z,timesheraldonline.com,English,United States,carrier,D4_운송,2026-09-04
http://en.people.cn/n3/2026/0904/c90000-20496417.html,2eebce9a2ffff9fde076e11bfa3c386a,China puts carbon to work - People Daily Online,20260904T101500Z,en.people.cn,English,China,carrier,D4_운송,2026-09-04
https://www.dailyheraldtribune.com:443/life/gen-z-entrepreneur-builds-connections-with-snail-mail-club,a2146f3478483a722e7df5710fdc06d2,Gen Z entrepreneur builds connections with snail mail club | Grande Prairie Daily Herald Tribune,20260904T144500Z,dailyheraldtribune.com,English,Canada,carrier,D4_운송,2026-09-04
https://speedwaymedia.com/2026/09/04/when-a-houston-workplace-injury-changes-your-life-what-injured-workers-need-to-know/,8aa53fc6c92f6b184bf8224214d2eabb,When a Houston Workplace Injury Changes Your Life : What Injured Workers Need to Know,20260904T204500Z,speedwaymedia.com,English,United States,carrier,D4_운송,2026-09-04
https://bnn-news.com/airbaltic-agrees-on-financing-of-up-to-257-million-euros-interest-rate-set-at-25-per-year-283445,50d20acec1f8144df3e0914dc1419d67,airBaltic agrees on financing of up to 257 million euros – interest rate set at 25 % per year,20260904T084500Z,bnn-news.com,English,Latvia,carrier,D4_운송,2026-09-04
https://countercurrents.org/2026/09/a-homeland-on-canvas-sliman-mansour-and-the-rise-of-revolutionary-palestinian-art/,eb69b703b1ff815a716fef9fa6a04900,A Homeland on Canvas : Sliman Mansour and the Rise of Revolutionary Palestinian Art,20260904T041500Z,countercurrents.org,English,India,carrier,D4_운송,2026-09-04
https://recorder.com/2026/09/04/like-father-like-son-the-art-science-and-family-bond-behind-a-local-dj-business/,41960f0aa8734a1f7f4ce94e1e61e4f8,"Like father , like son : The art , science and family bond behind a local DJ business",20260904T180000Z,recorder.com,English,United States,carrier,D4_운송,2026-09-04
https://fijisun.com.fj:443/news/opinion/who-really-pays-an-accountants-reading-of-fijis-new-tourism-services-tax,dc54e2b2dfc51563c1366c7582eef5ba,Who really pays ? An accountant reading of Fiji new … ,20260904T050000Z,fijisun.com.fj,English,Fiji,carrier,D4_운송,2026-09-04
https://speedwaymedia.com/2026/09/04/behind-the-wheel-what-alabama-truckers-must-know-about-qualifications-and-safety-rules/,95792279468dfb4b9a3883e213d281a8,Behind the Wheel : What Alabama Truckers Must Know About Qualifications and Safety Rules,20260904T204500Z,speedwaymedia.com,English,United States,carrier,D4_운송,2026-09-04
https://mymotherlode.com/news/national/general-election/11114347/midterm-mail-ballots-start-to-go-to-voters-as-litigation-over-trumps-order-creates-uncertainty.html,b6aec66b8e10fccd543a5e72de1ed7f1,Midterm mail ballots start to go to voters as litigation over Trump order creates uncertainty,20260904T080000Z,mymotherlode.com,English,United States,carrier,D4_운송,2026-09-04
https://www.wgauradio.com/news/politics/midterm-mail-ballots/ERVASKFHAY527O33XNAOE2IIJQ/,9c9ba33614e2f5b68e81d04571a880ee,Mail ballots start to go to voters as Trump injects uncertainty,20260904T043000Z,wgauradio.com,English,United States,carrier,D4_운송,2026-09-04
https://www.wokv.com/news/politics/midterm-mail-ballots/ERVASKFHAY527O33XNAOE2IIJQ/,fdc0c81e3c88876f687cdada72118cd7,Mail ballots start to go to voters as Trump injects uncertainty,20260904T060000Z,wokv.com,English,United States,carrier,D4_운송,2026-09-04
https://www.dailygazette.com/hv360/ap/national/midterm-mail-ballots-start-to-go-to-voters-as-litigation-over-trumps-order-creates-uncertainty/article_1a286a2f-c750-5820-a899-618bad329291.html,a72dc349959e0331e2094a76fa6e739d,Midterm mail ballots start to go to voters as litigation over Trump order creates uncertainty,20260904T050000Z,dailygazette.com,English,United States,carrier,D4_운송,2026-09-04
http://www.reflector.com/news/national/midterm-mail-ballots-start-to-go-to-voters-as-litigation-over-trumps-order-creates-uncertainty/article_7110a5a8-3f0e-5ddd-a24d-78a15fbe16cb.html,11258b4614a2d389c99cfc7f52923763,Midterm mail ballots start to go to voters as litigation over Trump order creates uncertainty,20260904T060000Z,reflector.com,English,United States,carrier,D4_운송,2026-09-04
http://www.averyjournal.com/ap/national/midterm-mail-ballots-start-to-go-to-voters-as-litigation-over-trumps-order-creates-uncertainty/article_c1c5a506-e008-553b-a2cf-d4abfb5148be.html,3dc4baafccb41328090d41e8a6b04b7c,Midterm mail ballots start to go to voters as litigation over Trump order creates uncertainty,20260904T070000Z,averyjournal.com,English,United States,carrier,D4_운송,2026-09-04
https://www.kxl.com/midterm-mail-ballots-start-to-go-to-voters-as-litigation-over-trumps-order-creates-uncertainty/,03efddd82329871ce4432a62b3701883,Midterm mail ballots start to go to voters as litigation over Trump order creates uncertainty,20260904T071500Z,kxl.com,English,United States,carrier,D4_운송,2026-09-04
https://www.dailygazette.com/ade/ap/national/midterm-mail-ballots-start-to-go-to-voters-as-litigation-over-trumps-order-creates-uncertainty/article_1a286a2f-c750-5820-a899-618bad329291.html,3f1d5d5b322d593bd04a4dabdd29e599,Midterm mail ballots start to go to voters as litigation over Trump order creates uncertainty,20260904T074500Z,dailygazette.com,English,United States,carrier,D4_운송,2026-09-04
https://www.riotimesonline.com/trinidad-tobago-foreign-minister-caracas-energy-2026/,0acfb2b721ac5bcbf99c9b38911715ce,Trinidad Foreign Minister Goes to Caracas,20260904T074500Z,riotimesonline.com,English,Brazil,carrier,D4_운송,2026-09-04
http://www.wataugademocrat.com/ap/national/midterm-mail-ballots-start-to-go-to-voters-as-litigation-over-trumps-order-creates-uncertainty/article_943978d6-6c04-5122-ae58-d99ce0a7e847.html,914d8db91c214a579bf55954881d2fa6,Midterm mail ballots start to go to voters as litigation over Trump order creates uncertainty,20260904T044500Z,wataugademocrat.com,English,United States,carrier,D4_운송,2026-09-04
https://www.wdbo.com/news/politics/midterm-mail-ballots/ERVASKFHAY527O33XNAOE2IIJQ/,6b7fe1d8af6eeb9a05e591ea5dadec10,Mail ballots start to go to voters as Trump injects uncertainty,20260904T051500Z,wdbo.com,English,United States,carrier,D4_운송,2026-09-04
https://www.abccolumbia.com/2026/09/04/midterm-mail-ballots-start-to-go-to-voters-as-litigation-over-trumps-order-creates-uncertainty/,a3f4cc766cd1b73a495bada756cc9a20,Midterm mail ballots start to go to voters as litigation over Trump order creates uncertainty,20260904T183000Z,abccolumbia.com,English,United States,carrier,D4_운송,2026-09-04
https://www.ksbw.com/article/midterm-mail-voting-trump-legal-fight/73614849,37bd9ef2efdc429ef3b5fb8eeeb534ca,Midterm mail ballots start to go to voters as litigation over Trump order creates uncertainty,20260904T144500Z,ksbw.com,English,United States,carrier,D4_운송,2026-09-04
https://www.4029tv.com/article/midterm-mail-voting-trump-legal-fight/73614849,3efc381b99cdfecb582d642fe1bfc216,Midterm mail ballots start to go to voters as litigation over Trump order creates uncertainty,20260904T144500Z,4029tv.com,English,United States,carrier,D4_운송,2026-09-04
https://www.greeleytribune.com/2026/09/04/midterm-mail-ballots-trump-order-litigation/,13d347b8ae617cf76132dd55ac1a97e0,Midterm mail ballots start to go to voters amid Trump order uncertainty,20260904T164500Z,greeleytribune.com,English,United States,carrier,D4_운송,2026-09-04
https://www.journal-advocate.com/2026/09/04/midterm-mail-ballots-trump-order-litigation/,b93371a0942f232c96657f73ac281ae0,Midterm mail ballots start to go to voters amid Trump order uncertainty,20260904T164500Z,journal-advocate.com,English,United States,carrier,D4_운송,2026-09-04
https://www.sbsun.com/2026/09/04/midterm-mail-ballots-trump-order-litigation/,ba9cca7ac37f3fe003785afcc70704d6,Midterm mail ballots start to go to voters amid Trump order uncertainty,20260904T164500Z,sbsun.com,English,United States,carrier,D4_운송,2026-09-04
https://www.citywatchla.com/techwatch/33308-as-california-debated-sharing-data-on-drivers-homeland-security-subpoenaed-17-million-records,b96d27cce8d5163edbab644f86790939,"CityWatch LA - As California Debated Sharing Data On Drivers , Homeland Security Subpoenaed 17 Million Records",20260904T041500Z,citywatchla.com,English,United States,carrier,D4_운송,2026-09-04
https://www.wyomingnewsnow.tv/news/national/back-to-school-done-right-47-premium-picks-for-teens-and-college-students/article_df177b9a-4114-5fa4-afa2-a272f5862a08.html,2d5d3915446c8d5dfedd1a61bdd39202,Back to School Done Right : 47 Premium Picks for Teens and College Students,20260904T161500Z,wyomingnewsnow.tv,English,,carrier,D4_운송,2026-09-04
http://www.averyjournal.com/news/national/back-to-school-done-right-47-premium-picks-for-teens-and-college-students/article_5e7d9fab-4f3d-53af-b7be-111e19b3333d.html,f5e00c705bbd0dad302a720e50dbf529,Back to School Done Right : 47 Premium Picks for Teens and College Students,20260904T161500Z,averyjournal.com,English,United States,carrier,D4_운송,2026-09-04
https://www.sanfordherald.com/news/national/back-to-school-done-right-47-premium-picks-for-teens-and-college-students/article_b66ebd48-4a8d-50fa-8a9c-7f467a83b7ab.html,83eb26fea07c8d233da8163f516b8f92,Back to School Done Right : 47 Premium Picks for Teens and College Students,20260904T183000Z,sanfordherald.com,English,United States,carrier,D4_운송,2026-09-04
https://www.themountainpress.com/news/national/back-to-school-done-right-47-premium-picks-for-teens-and-college-students/article_47bd3223-b936-5b04-af08-b65d6b4df069.html,b18bae78195b10815da572b17c597e51,Back to School Done Right : 47 Premium Picks for Teens and College Students,20260904T180000Z,themountainpress.com,English,United States,carrier,D4_운송,2026-09-04
https://www.hometownregister.com/news/national/back-to-school-done-right-47-premium-picks-for-teens-and-college-students/article_406dadfb-caac-5429-9049-9a5967a6b2f1.html,66162b7866fc20308f3da93ae23f8fb9,Back to School Done Right : 47 Premium Picks for Teens and College Students,20260904T180000Z,hometownregister.com,English,,carrier,D4_운송,2026-09-04
https://www.wgauradio.com/news/worried-about-winter/KDNYKIDNVY66VJMXOVB42DCDNU/,c8ca7287b54989ea41d2f1945766b6cb,Worried about winter damage ? Fall home maintenance can protect your home from a costly claim,20260904T000000Z,wgauradio.com,English,United States,carrier,D4_운송,2026-09-04
https://www.mymagic949.com/news/worried-about-winter/KDNYKIDNVY66VJMXOVB42DCDNU/,c2c6922c203e3c0921b95cc107b542b6,Worried about winter damage ? Fall home maintenance can protect your home from a costly claim,20260904T011500Z,mymagic949.com,English,United States,carrier,D4_운송,2026-09-04
https://www.wokv.com/news/worried-about-winter/KDNYKIDNVY66VJMXOVB42DCDNU/,1eb87481b8c6431b8cc3420dea1cfd11,Worried about winter damage ? Fall home maintenance can protect your home from a costly claim,20260904T011500Z,wokv.com,English,United States,carrier,D4_운송,2026-09-04
https://www.kissrocks.com/news/worried-about-winter/KDNYKIDNVY66VJMXOVB42DCDNU/,d96157400e2b18cfbb74077ff8c9e6e2,Worried about winter damage ? Fall home maintenance can protect your home from a costly claim,20260904T003000Z,kissrocks.com,English,United States,carrier,D4_운송,2026-09-04
https://www.newstribune.com/news/2026/sep/04/goal-lines-russellville-looks-for-2-0-start-tonight-against-van-far/,7cc5f86074922509d9d9e34a0f36a226,Goal Lines : Russellville looks for 2 - 0 start tonight against Van - Far,20260904T091500Z,newstribune.com,English,United States,carrier,D4_운송,2026-09-04
https://jactl.io/blog/2026/08/28/jactl-virtual-threads,95199944dc54a9fe9de66c0d278cb807,Jactl Continuations and Virtual Threads in Java 8,20260904T023000Z,jactl.io,English,,carrier,D4_운송,2026-09-04
https://www.hits973.com/news/worried-about-winter/KDNYKIDNVY66VJMXOVB42DCDNU/,55719c3df520130aa34d388198addd8d,Worried about winter damage ? Fall home maintenance can protect your home from a costly claim,20260904T011500Z,hits973.com,English,United States,carrier,D4_운송,2026-09-04
https://www.k991fm.com/news/worried-about-winter/KDNYKIDNVY66VJMXOVB42DCDNU/,93f42fe0a33f811b278d39fe16a6abf8,Worried about winter damage ? Fall home maintenance can protect your home from a costly claim,20260904T000000Z,k991fm.com,English,,carrier,D4_운송,2026-09-04
https://promptnewsonline.com/the-breath-of-corruption-from-ontological-program-to-the-sovereign-wind-of-reality/,579d6937dd28f173162b031782e286b4,The Breath of Corruption : From Ontological Program to the Sovereign Wind of Reality,20260904T164500Z,promptnewsonline.com,English,Nigeria,carrier,D4_운송,2026-09-04
https://gulfnews.com/uae/us-iran-war-what-uae-residents-need-to-know-today-sept-4-2026-1.500662705,3cf9e4e5d4df4b9589477130cc86ed38,"US - Iran war : What UAE residents need to know today ( Sept . 4 , 2026 ) ",20260904T060000Z,gulfnews.com,English,United Arab Emirates,blockade,D6_교란행위,2026-09-04
https://news.webindia123.com/news/Articles/India/20260904/4494551.html,e0322e6acbba08bf2d82205d8a0ca410,Tripura : Seven surrendered insurgent groups begin 72 - hour NH blockade,20260904T080000Z,news.webindia123.com,English,India,blockade,D6_교란행위,2026-09-04
https://aninews.in/news/national/general-news/tripura-seven-surrendered-insurgent-groups-begin-72-hour-nh-blockade20260904114909/,477dcd1343adc5664ac3430e6156585d,Tripura : Seven surrendered insurgent groups begin 72 - hour NH blockade,20260904T074500Z,aninews.in,English,India,blockade,D6_교란행위,2026-09-04
https://www.stcatharinesstandard.ca/business/court-says-hundreds-of-walbran-valley-trees-spiked-as-blockade-injunction-extended/article_a655b65f-eb33-58f0-b8c2-8aad2a28a48d.html,a65a5153b9d9eb6b7a0a436f25acaeea,Court says hundreds of Walbran Valley trees  spiked  as blockade injunction extended,20260904T020000Z,stcatharinesstandard.ca,English,Canada,blockade,D6_교란행위,2026-09-04
https://dailypioneer.com/news/tripura-strike-road-rail-traffic-surrendered-militants-demands,bcabea061f34a21920a88bd9c6bf69a7,"Tripura strike disrupts road , rail traffic over surrendered militant demands",20260904T074500Z,dailypioneer.com,English,India,blockade,D6_교란행위,2026-09-04
https://www.niagarafallsreview.ca/business/court-says-hundreds-of-walbran-valley-trees-spiked-as-blockade-injunction-extended/article_8fd3ef1a-9139-59f7-a3ee-417b6513bfae.html,cdd1c9a83e6223e94a96219edd5ca7bd,Court says hundreds of Walbran Valley trees  spiked  as blockade injunction extended,20260904T070000Z,niagarafallsreview.ca,English,Canada,blockade,D6_교란행위,2026-09-04
https://aninews.in/news/national/general-news/tripura-returnee-groups-block-nh-8-during-72-hour-statewide-bandh-over-implementation-of-tripartite-peace-accord20260904202253/,62fb76548932039d7dde1afa0fab55e1,Tripura : Returnee groups block NH - 8 during 72 - hour statewide bandh over implementation of tripartite peace accord,20260904T151500Z,aninews.in,English,India,blockade,D6_교란행위,2026-09-04
https://www.dailykos.com/stories/2026/9/3/800093737/community/iww27-day-7/,f6ec3c4cd103d44869225d44fa942df1,"IRAN WAR WEEK 27 , day # 7 : Vance says that after six months , it now not a war",20260904T070000Z,dailykos.com,English,United States,blockade,D6_교란행위,2026-09-04
https://punchng.com/us-sanctions-deepen-iran-crisis-as-oil-nears-100/,8d2e323ea119803f05e90fe53d922dfd,Iran Sanctions Deepen Crisis as Oil Nears $100,20260904T021500Z,punchng.com,English,Nigeria,blockade,D6_교란행위,2026-09-04
https://aa.com.tr/en/world/freedom-flotilla-announces-new-mission-to-gaza-in-october/4047646,c1aec17a9696f21e5bf739aa09ce03e0,Freedom Flotilla announces new mission to Gaza in October,20260904T194500Z,aa.com.tr,English,Turkey,blockade,D6_교란행위,2026-09-04
https://morungexpress.com/surrendered-tripura-militants-launch-72-hour-national-highway-rail-blockade-over-rehabilitation-demands,00e9f820b31d4251e70e5171416380bc,"Surrendered Tripura militants launch 72 - hour National Highway , rail blockade over rehabilitation demands",20260904T124500Z,morungexpress.com,English,India,blockade,D6_교란행위,2026-09-04
https://tribune.com.pk/story/2627484/freedom-flotilla-announces-new-mission-to-gaza-in-october,dc91f2254580f2303ff14531337f75f3,Freedom Flotilla announces new mission to Gaza in October,20260904T191500Z,tribune.com.pk,English,Pakistan,blockade,D6_교란행위,2026-09-04
https://www.theepochtimes.com/china/pla-purge-may-be-driving-china-to-rely-more-on-military-pressure-against-taiwan-analysts-6083302,422d2cffecb4cf603b26fe41ed84774f,PLA Purge May Be Driving China to Rely More on Military Pressure Against Taiwan : Analysts,20260904T183000Z,theepochtimes.com,English,United States,blockade,D6_교란행위,2026-09-04
https://timesofindia.indiatimes.com/city/bhopal/villagers-block-sagar-road-with-body-demand-land-for-cremation-ground/articleshow/133776326.cms,480e96f97de9d5d4cf5289e87ce8de36,"Villagers block Sagar Road with body , demand land for cremation ground",20260904T200000Z,timesofindia.indiatimes.com,English,India,blockade,D6_교란행위,2026-09-04
https://www.freemalaysiatoday.com/category/business/2026/09/04/us-pressure-on-iran-starting-to-tell-as-sanctions-and-blockade-bite,6f023a1cfd242ebfb54729dab17bbd33,"US pressure on Iran starting to tell , as sanctions and blockade bite",20260904T094500Z,freemalaysiatoday.com,English,Malaysia,blockade,D6_교란행위,2026-09-04
https://www.aljazeera.com/news/2026/9/4/us-continues-to-squeeze-cuban-economy-with-new-round-of-sanctions,3af3d7741eb6dbfc1d717e856282748d,US continues to squeeze Cuban economy with new round of sanctions,20260904T044500Z,aljazeera.com,English,United States,blockade,D6_교란행위,2026-09-04
https://www.thehindu.com/news/international/us-hits-cuba-with-new-sanctions-as-islands-crises-multiply/article71426802.ece,29b2c88137e9bfab3fa8a2da430f7f27,U . S . hits Cuba with new sanctions as island crises multiply,20260904T021500Z,thehindu.com,English,India,blockade,D6_교란행위,2026-09-04
https://english.aawsat.com/world/5314527-us-sanctions-grandson-former-cuban-leader-ra%C3%BAl-castro,f6efad5f8583f8261f82bae9ff2f9f56,US Sanctions Grandson of Former Cuban Leader Raúl Castro,20260904T101500Z,english.aawsat.com,English,Syria,blockade,D6_교란행위,2026-09-04
https://www.ksat.com/business/2026/09/03/us-hits-cuba-with-new-sanctions-as-islands-crises-multiply/,d85d4e49347e7b75b85b736720e440e3,US hits Cuba with new sanctions as island crises multiply,20260904T011500Z,ksat.com,English,United States,blockade,D6_교란행위,2026-09-04
https://www.clickondetroit.com/business/2026/09/03/us-hits-cuba-with-new-sanctions-as-islands-crises-multiply/,d677859b887827e9f270c5e2d87fbc1d,US hits Cuba with new sanctions as island crises multiply,20260904T020000Z,clickondetroit.com,English,United States,blockade,D6_교란행위,2026-09-04
http://www.thegazette.com/news/world/us-hits-cuba-with-new-sanctions-as-islands-crises-multiply/article_38d7fb23-44af-5231-8654-24bd8d9dc53a.html,b0a798f89efddbd3b37235a7ccaa271b,US hits Cuba with new sanctions as island crises multiply,20260904T000000Z,thegazette.com,English,United States,blockade,D6_교란행위,2026-09-04
https://www.clickorlando.com/business/2026/09/03/us-hits-cuba-with-new-sanctions-as-islands-crises-multiply/,5e97f924d90e91871a0887745bcf13f3,US hits Cuba with new sanctions as island crises multiply,20260904T003000Z,clickorlando.com,English,United States,blockade,D6_교란행위,2026-09-04
https://www.freemalaysiatoday.com/category/business/2026/09/04/major-free-market-reforms-take-effect-in-cuba,647df218345ceecd5fab984a14e9a327,Major free - market reforms take effect in Cuba,20260904T001500Z,freemalaysiatoday.com,English,Malaysia,blockade,D6_교란행위,2026-09-04
https://www.nbcmiami.com/news/local/cuba/us-cuba-raul-castro-grandson-new-sanctions/3854832/,812417ff5595423fef64d69e036e9615,U . S . hits Cuba and Raul Castro grandson with new sanctions – NBC 6 South Florida,20260904T164500Z,nbcmiami.com,English,United States,blockade,D6_교란행위,2026-09-04
https://abcnews.com/Business/wireStory/us-hits-cuba-new-sanctions-islands-crises-multiply-136189805,3804cd947ef941391b10f1b2e2c83cce,US hits Cuba with new sanctions as island crises multiply,20260904T004500Z,abcnews.com,English,United States,blockade,D6_교란행위,2026-09-04
https://www.therecord.com/business/us-hits-cuba-with-new-sanctions-as-island-s-crises-multiply/article_a240e2d1-23ab-5bff-b192-1068fd392d20.html,83119f11114b16117310282b09edef7a,US hits Cuba with new sanctions as island crises multiply,20260904T003000Z,therecord.com,English,Canada,blockade,D6_교란행위,2026-09-04
https://economictimes.indiatimes.com/news/international/world-news/us-hits-cuba-with-new-sanctions-as-islands-crises-multiply/articleshow/133752678.cms,8c71a62da87c515dbea95a573f280430,US hits Cuba with new sanctions as island crises multiply,20260904T070000Z,economictimes.indiatimes.com,English,India,blockade,D6_교란행위,2026-09-04
https://www.stcatharinesstandard.ca/business/us-hits-cuba-with-new-sanctions-as-island-s-crises-multiply/article_a11b40ac-7da0-5f72-9bc3-0548249d9149.html,9ef6275b5fe362406a604a9af487e65e,US hits Cuba with new sanctions as island crises multiply,20260904T020000Z,stcatharinesstandard.ca,English,Canada,blockade,D6_교란행위,2026-09-04
https://www.local10.com/news/world/2026/09/03/cuba-opens-door-to-us-private-enterprise-as-economy-struggles/,41e89d221e244a13ca03d052e2506309,Cuba opens door to U . S . private enterprise as economy struggles,20260904T000000Z,local10.com,English,United States,blockade,D6_교란행위,2026-09-04
https://www.dailysabah.com/world/mid-east/israeli-army-blocks-aid-to-palestinians-besieged-by-occupiers,9250bef3bdc88cf494b9e12f2af38f88,Israeli army blocks aid to Palestinians besieged by occupiers,20260904T180000Z,dailysabah.com,English,Turkey,blockade,D6_교란행위,2026-09-04
https://www.euronews.com/my-europe/2026/09/04/kyiv-to-eu-think-outside-the-box-on-russias-frozen-assets,9ca228050c2a8d271cd1f14f838a7943,Kyiv to EU :  Think outside the box  on Russia frozen assets,20260904T090000Z,euronews.com,English,United States,blockade,D6_교란행위,2026-09-04
https://www.middleeastmonitor.com/20260904-israeli-army-blocks-activists-from-aiding-palestinians-besieged-by-occupiers/,7cf9c2b0fc1074dea2fca33adac00ad1,Israeli army blocks activists from aiding Palestinians besieged by occupiers,20260904T191500Z,middleeastmonitor.com,English,Israel,blockade,D6_교란행위,2026-09-04
https://www.baltimoresun.com/2026/09/03/cuba-new-sanctions/,a930750ff3384ff0dbb31c2261950c6f,US hits Cuba with new sanctions as island crises multiply,20260904T003000Z,baltimoresun.com,English,United States,blockade,D6_교란행위,2026-09-04
https://www.sun-sentinel.com/2026/09/03/cuba-new-sanctions/,d7108140c3bf36bec8ea7d98545c7cf5,US hits Cuba with new sanctions as island crises multiply,20260904T011500Z,sun-sentinel.com,English,United States,blockade,D6_교란행위,2026-09-04
https://www.orlandosentinel.com/2026/09/03/cuba-new-sanctions/,87e639993b9269fc9d53b68d929c7708,US hits Cuba with new sanctions as island crises multiply,20260904T004500Z,orlandosentinel.com,English,United States,blockade,D6_교란행위,2026-09-04
https://www.sandiegouniontribune.com/2026/09/03/cuba-new-sanctions/,3b2b16ba8eebb3074420298c5d743aab,US hits Cuba with new sanctions as island crises multiply,20260904T001500Z,sandiegouniontribune.com,English,United States,blockade,D6_교란행위,2026-09-04
https://www.pilotonline.com/2026/09/03/cuba-new-sanctions/,fdd7ecb358f28f128ad1466072bcc047,US hits Cuba with new sanctions as island crises multiply,20260904T041500Z,pilotonline.com,English,United States,blockade,D6_교란행위,2026-09-04
https://www.twincities.com/2026/09/03/cuba-new-sanctions/,fe0db4d8aeafe58a7ce6d0ab125eff9b,US hits Cuba with new sanctions as island crises multiply,20260904T003000Z,twincities.com,English,United States,blockade,D6_교란행위,2026-09-04
https://www.pressdemocrat.com/2026/09/03/cuba-new-sanctions/,95ce28c5ef58756988fdbe61414adf68,US hits Cuba with new sanctions as island crises multiply,20260904T043000Z,pressdemocrat.com,English,United States,blockade,D6_교란행위,2026-09-04
https://www.yorkregion.com/news/gas-diesel-prices-toronto-ontario/article_23e14847-a97a-53ef-91e5-f7c6d93d66c4.html,0adc443cd2569e384bfac9c59b3672dc,Ontario gas prices : Where prices are headed this weekend,20260904T031500Z,yorkregion.com,English,Canada,blockade,D6_교란행위,2026-09-04
https://www.citizensvoice.com/2026/09/03/cuba-new-sanctions/,693a8c0e54ae3db6a45f66253e12c7d0,US hits Cuba with new sanctions as island crises multiply,20260904T040000Z,citizensvoice.com,English,United States,blockade,D6_교란행위,2026-09-04
https://www.al-monitor.com/originals/2026/09/us-sanctions-turkey-based-bank-over-iran-ties,721861d1d6a10ddf6c675de4f71fa375,US sanctions Turkey - based bank over Iran ties,20260904T181500Z,al-monitor.com,English,Israel,blockade,D6_교란행위,2026-09-04
https://www.thetimes-tribune.com/2026/09/03/cuba-new-sanctions/,0eb5742de30e61cbdb6f1dc8b5a8a912,US hits Cuba with new sanctions as island crises multiply,20260904T031500Z,thetimes-tribune.com,English,United States,blockade,D6_교란행위,2026-09-04
https://www.dailylocal.com/2026/09/03/cuba-new-sanctions/,baf3402ae3d4879a9af8df20fd7b69b9,US hits Cuba with new sanctions as island crises multiply,20260904T021500Z,dailylocal.com,English,United States,blockade,D6_교란행위,2026-09-04
https://lethbridgeherald.com/news/national-news/2026/09/03/court-says-hundreds-of-walbran-valley-trees-spiked-as-blockade-injunction-extended/,3aade8fa91916c7b42406323e4b5bc62,Court says hundreds of Walbran Valley trees  spiked  as blockade injunction extended,20260904T004500Z,lethbridgeherald.com,English,United States,blockade,D6_교란행위,2026-09-04
https://www.castanetkamloops.net/news/BC/630209/Court-says-hundreds-of-Walbran-Valley-trees-spiked-as-blockade-injunction-extended,4ddfeeb6e008131de2f89f2e2d7a6650,Court says hundreds of Walbran Valley trees  spiked  as blockade injunction extended,20260904T004500Z,castanetkamloops.net,English,,blockade,D6_교란행위,2026-09-04
https://www.unionleader.com/news/politics/national/us-imposes-new-sanctions-on-raul-castros-grandson-cuban-companies/article_8bea2168-307a-5056-b6db-0bd1b921eb6e.html,7484c6245e53716906b96f989e471cb1,"US imposes new sanctions on Raul Castro grandson , Cuban companies",20260904T003000Z,unionleader.com,English,United States,blockade,D6_교란행위,2026-09-04
https://www.yahoo.com/news/science/articles/spain-urges-eu-create-climate-143526391.html,c81038ba73088325e80a626264a0de3d,"Spain urges EU to create climate adaptation fund , set binding targets",20260904T151500Z,yahoo.com,English,United States,blockade,D6_교란행위,2026-09-04
https://gulfnews.com/business/aviation/flying-from-uae-today-emirates-etihad-air-arabia-flydubai-flight-cancellations-and-delays-1.500662855,e27210643eeacf004adb140f7e1792bc,"UAE Flights Today : Emirates , Etihad , Air Arabia , flydubai Cancellations and Delays Amid US - Iran Tensions",20260904T060000Z,gulfnews.com,English,United Arab Emirates,blockade,D6_교란행위,2026-09-04
https://oilprice.com/Energy/Crude-Oil/US-Oil-Rig-Count-Rises-as-Gas-Rig-Activity-Declines.html,cd833f1a05fd9cb1ec5cc64f2ef257d2,U . S . Oil Rig Count Rises as Gas Rig Activity Declines,20260904T203000Z,oilprice.com,English,United States,blockade,D6_교란행위,2026-09-04
https://www.timescall.com/2026/09/03/cuba-new-sanctions/,89aea9116118445f9a33bd74b2c8d95d,US hits Cuba with new sanctions as island crises multiply,20260904T020000Z,timescall.com,English,United States,blockade,D6_교란행위,2026-09-04
https://www.ynetnews.com/opinions-analysis/article/ryxlzhddmg,6fb23d8d82e9785cfad7486be0e01ce7,"Trump knows how to pressure Iran , but not how to end it",20260904T051500Z,ynetnews.com,English,Israel,blockade,D6_교란행위,2026-09-04
https://www.presstv.co.uk/Detail/2026/09/04/775636/Saudi-oil-sales-slump-nine-year-low,5c1826ae82f7a0ad17e5e71c04c47d45,"Saudi oil sales slump to nine - year - low amid war on Iran , Yemeni blockade : Report",20260904T090000Z,presstv.co.uk,English,,blockade,D6_교란행위,2026-09-04
https://wsvn.com/news/us-world/trump-turns-to-a-dual-economic-and-military-approach-in-latest-attempt-to-squeeze-iran/,57ee04bb339e89f6fb026f620cbdccc6,"Trump turns to a dual economic and military approach in latest attempt to squeeze Iran - WSVN 7News | Miami News , Weather , Sports",20260904T020000Z,wsvn.com,English,United States,blockade,D6_교란행위,2026-09-04
http://www.indiagazette.com/news/279285988/tripura-seven-surrendered-insurgent-groups-begin-72-hour-nh-blockade,1ee92a1c3e8a1e66a338064d797f6960,Tripura : Seven surrendered insurgent groups begin 72 - hour NH blockade,20260904T163000Z,indiagazette.com,English,India,blockade,D6_교란행위,2026-09-04
https://isp.netscape.com:443/news/world/story/0001/20260903/19fe5d3ed43bf6d892be450e357d9e35,40fab2d6a185e114c4a66bba13fcdf42,"Norway seizes a Russian vessel in remote Arctic , drawing Putin ire",20260904T094500Z,isp.netscape.com,English,United States,blockade,D6_교란행위,2026-09-04
https://economictimes.indiatimes.com/news/international/world-news/trump-doubles-down-on-sanctions-military-pressure-as-iran-refuses-to-yield/articleshow/133749280.cms,81e520602f723a47ebc4cfca6accf5c6,"Trump doubles down on sanctions , military pressure as Iran refuses to yield",20260904T020000Z,economictimes.indiatimes.com,English,India,blockade,D6_교란행위,2026-09-04
https://www.enca.com/news-top-stories/iran-hits-us-targets-washington-says-probing-wedding-strike,0c72688c43e0bf470aa48c98cc7f3275,Iran hits US targets as Washington says probing wedding strike,20260904T070000Z,enca.com,English,South Africa,blockade,D6_교란행위,2026-09-04
https://talkingpointsmemo.com/news/white-house-iran-war-denialism-reaches-absurd-new-level-in-briefing-where-vance-both-confirms-and-denies-bullets-are-flying,eb3edef13acb330ee168cf69af9389a1,White House Iran War Denialism Reaches Absurd New Level in Briefing Where Vance Both Confirms and Denies Bullets Are Flying,20260904T004500Z,talkingpointsmemo.com,English,United States,blockade,D6_교란행위,2026-09-04
https://www.chicoer.com/2026/09/03/cuba-new-sanctions/,e5c5b74922d2d913e0f22faf53ae2e48,US hits Cuba with new sanctions as island crises multiply,20260904T040000Z,chicoer.com,English,United States,blockade,D6_교란행위,2026-09-04
https://www.birminghammail.co.uk/whats-on/whats-on-news/six-month-nightmare-rages-digbeth-34533945,48589a5f7c1e8f7ec33775f2a6b577c6,  Six month nightmare  rages on in Digbeth as road works  spiral into chaos  ,20260904T080000Z,birminghammail.co.uk,English,United Kingdom,blockade,D6_교란행위,2026-09-04
https://northeasttoday.in/northeast/tripura-rail-and-road-traffic-hit-as-surrendered-militants-begin-72-hour-blockade/,40b2f080583714d6e1ab23c963a4d2b2,Tripura Rail and Road Traffic Hit as Surrendered Militants Begin 72 - Hour Blockade,20260904T101500Z,northeasttoday.in,English,India,blockade,D6_교란행위,2026-09-04
https://jp.ibtimes.com/taiwans-frontline-islands-troops-train-chinese-first-strike-104136,2b33c679e354e2634f6165ae5db820c6,"On Taiwan Frontline Islands , Troops Train for a Chinese First Strike",20260904T023000Z,jp.ibtimes.com,English,United States,blockade,D6_교란행위,2026-09-04
https://www.wral.com/news/ap/621f8-us-hits-cuba-with-new-sanctions-as-islands-crises-multiply/,b90920134b0a1534061bfbf7b654b2b2,US hits Cuba with new sanctions as island crises multiply,20260904T033000Z,wral.com,English,United States,blockade,D6_교란행위,2026-09-04
https://www.news-medical.net/news/20260904/Tumor-environments-sculpt-diverse-natural-killer-cells-for-cancer-therapies.aspx,f12b067d2720a5ee6e7ae3563fc59aba,Tumor environments sculpt diverse natural killer cells for cancer therapies,20260904T181500Z,news-medical.net,English,United States,blockade,D6_교란행위,2026-09-04
https://naharnet.com/stories/en/322273-trump-turns-to-dual-economic-and-military-approach-in-latest-attempt-to-squeeze-iran,aa32458270c1e889c2bf324ebaf9ad48,Trump turns to dual economic and military approach in latest attempt to squeeze Iran,20260904T151500Z,naharnet.com,English,Syria,blockade,D6_교란행위,2026-09-04
https://www.elkharttruth.com/news/national/trump-administration-asks-supreme-court-to-halt-mail-voting-order-again/article_2b73332b-eb5c-573f-bdd4-1a67957c2139.html,d013b0deeab658d159234d2c98b99f34,Trump administration asks Supreme Court to halt mail voting order again,20260904T073000Z,elkharttruth.com,English,United States,blockade,D6_교란행위,2026-09-04
https://cheknews.ca/injunction-to-prevent-logging-protests-at-walbran-valley-extended-to-january-2028-1345739/,59bce069669000255762dbdae2426227,Injunction to prevent logging protests at Walbran Valley extended to January 2028,20260904T004500Z,cheknews.ca,English,Canada,blockade,D6_교란행위,2026-09-04
https://www.hrw.org/news/2026/09/03/india-renewed-ethnic-violence-in-manipur,fdd0881263ca1957d83ed09bd02f851c,India : Renewed Ethnic Violence in Manipur,20260904T030000Z,hrw.org,English,Syria,blockade,D6_교란행위,2026-09-04
https://original.antiwar.com/trita-parsi/2026/09/03/trumps-saudi-nuclear-agreement-may-prolong-the-iran-war/,fffa61e6bdc6b34511d0285f566896c1,Trump Saudi Nuclear Agreement May Prolong the Iran War,20260904T031500Z,original.antiwar.com,English,United States,blockade,D6_교란행위,2026-09-04
https://themilitant.com/2026/09/04/support-won-for-cuba-at-ny-grenada-day-festival/,a1bbeca284f496c3ca4bb0763118930f,Support won for Cuba at NY Grenada Day Festival – The Militant,20260904T193000Z,themilitant.com,English,United States,blockade,D6_교란행위,2026-09-04
https://themilitant.com/2026/09/04/as-us-blockade-tightens-cuba-defends-its-revolution/,f6a4d5cf1e3069e61bd9531ab4aa6632,"As US blockade tightens , Cuba defends its revolution – The Militant",20260904T193000Z,themilitant.com,English,United States,blockade,D6_교란행위,2026-09-04
https://www.middle-east-online.com/en/iran%E2%80%99s-economic-lifelines-narrow-under-mounting-us-pressure,90a3aae6d37e40d59170cb67cd138434,Iran economic lifelines narrow under mounting US pressure,20260904T044500Z,middle-east-online.com,English,Iraq,blockade,D6_교란행위,2026-09-04
https://grenadachronicle.com/us-continues-to-squeeze-cuban-economy-with-new-round-of-sanctions/,fd3109fe8fc156fa3eb28f0a4bad5c54,US continues to squeeze Cuban economy with new round of sanctions - Grenada Chronicle – Daily Grenada And Caribbean News,20260904T074500Z,grenadachronicle.com,English,United States,blockade,D6_교란행위,2026-09-04
https://thenewamerican.com/us/politics/foreign-policy/paul-vs-rubio-venezuela-argument-goes-viral/,353f92fce93e5f0e96aab445e265ced7,Paul vs . Rubio Venezuela Debate Goes Viral,20260904T041500Z,thenewamerican.com,English,United States,blockade,D6_교란행위,2026-09-04
https://www.guelphmercury.com/news/gas-diesel-prices-toronto-ontario/article_1fc07235-d8fa-5a8b-bcd3-e16fdbf40d28.html,ec64b9fd6e1db7f61f134752eb228de2,Ontario gas prices : Where prices are headed this weekend,20260904T100000Z,guelphmercury.com,English,Canada,blockade,D6_교란행위,2026-09-04
https://www.timesofearth.com/2026/09/04/us-pressure-on-iran-starting-to-tell-as-sanctions-and-blockade-bite/,6856d869fb5d4ffb1538cc1c73581c81,"US pressure on Iran starting to tell , as sanctions and blockade bite",20260904T101500Z,timesofearth.com,English,Syria,blockade,D6_교란행위,2026-09-04
https://www.insidehalton.com/news/gas-diesel-prices-toronto-ontario/article_3a435c17-59b7-518a-9e16-d1a9a51836e8.html,73806c1f4c7cae1451636b2617c7cde5,Ontario gas prices : Where prices are headed this weekend,20260904T043000Z,insidehalton.com,English,Canada,blockade,D6_교란행위,2026-09-04
https://www.nwaonline.com/news/2026/sep/04/iran-military-fires-barrage-at-kuwait/,80dec540254e8aef60a3817b9fb77ffc,Iran military fires barrage at Kuwait | Northwest Arkansas Democrat - Gazette,20260904T090000Z,nwaonline.com,English,United States,blockade,D6_교란행위,2026-09-04
https://homenewshere.com/national/news/article_704895be-c15a-53a9-96e4-83e38208c702.html,23c2d64386fc437d4d5aa32163d9decc,Trump administration asks Supreme Court to halt mail voting order again,20260904T090000Z,homenewshere.com,English,United States,blockade,D6_교란행위,2026-09-04
https://www.wyomingnewsnow.tv/news/national/trump-administration-asks-supreme-court-to-halt-mail-voting-order-again/article_31286b40-0dfb-52b9-93dd-ae6fc87b0055.html,eda357d2ea2d1dd324b50bd9abf4f7e7,Trump administration asks Supreme Court to halt mail voting order again,20260904T031500Z,wyomingnewsnow.tv,English,,blockade,D6_교란행위,2026-09-04
https://www.kpcnews.com/news/national/article_af6221a4-4ce2-5bde-b62c-e229be7b8351.html,d0f8bce8ee4f5cec3e7b0b3d2dea9c47,Trump administration asks Supreme Court to halt mail voting order again,20260904T040000Z,kpcnews.com,English,United States,blockade,D6_교란행위,2026-09-04
https://www.sanfordherald.com/news/national/trump-administration-asks-supreme-court-to-halt-mail-voting-order-again/article_69241074-59eb-5bef-bac3-600e6ce5e62e.html,a79b2833484e109a762d1b254f0e2359,Trump administration asks Supreme Court to halt mail voting order again,20260904T050000Z,sanfordherald.com,English,United States,blockade,D6_교란행위,2026-09-04
https://www.hometownregister.com/news/national/trump-administration-asks-supreme-court-to-halt-mail-voting-order-again/article_0ea4bf27-7705-5042-90f3-1980e2b04828.html,0a8c61454d37c430ed33b061e023d9d1,Trump administration asks Supreme Court to halt mail voting order again,20260904T030000Z,hometownregister.com,English,,blockade,D6_교란행위,2026-09-04
https://www.canoncitydailyrecord.com/2026/09/03/cuba-new-sanctions/,3cee9281e8a836e5d08ed523b3966414,US hits Cuba with new sanctions as island crises multiply,20260904T031500Z,canoncitydailyrecord.com,English,United States,blockade,D6_교란행위,2026-09-04
https://www.reporterherald.com/2026/09/03/cuba-new-sanctions/,96abc86e0bad1066208cb5e111f8d052,US hits Cuba with new sanctions as island crises multiply,20260904T030000Z,reporterherald.com,English,United States,blockade,D6_교란행위,2026-09-04
https://www.mainlinemedianews.com/2026/09/03/cuba-new-sanctions/,79a84a49792db9bdcf6cb9fd3887ba0f,US hits Cuba with new sanctions as island crises multiply,20260904T003000Z,mainlinemedianews.com,English,United States,blockade,D6_교란행위,2026-09-04
https://www.republicanherald.com/2026/09/03/cuba-new-sanctions/,75c7d02cab3466c3ab46ff1b39418244,US hits Cuba with new sanctions as island crises multiply,20260904T003000Z,republicanherald.com,English,United States,blockade,D6_교란행위,2026-09-04
https://www.greeleytribune.com/2026/09/03/cuba-new-sanctions/,7758e2d266777f53a8d01db0b3b5c1eb,US hits Cuba with new sanctions as island crises multiply,20260904T023000Z,greeleytribune.com,English,United States,blockade,D6_교란행위,2026-09-04
https://www.fortmorgantimes.com/2026/09/03/cuba-new-sanctions/,a87d41cfab4d008d3e0b26786d9e7fea,US hits Cuba with new sanctions as island crises multiply,20260904T020000Z,fortmorgantimes.com,English,United States,blockade,D6_교란행위,2026-09-04
https://www.advocate-news.com/2026/09/03/cuba-new-sanctions/,85e45fb3e26866be5dcd38f5151413fa,US hits Cuba with new sanctions as island crises multiply,20260904T031500Z,advocate-news.com,English,United States,blockade,D6_교란행위,2026-09-04
https://www.lahainanews.com/wire/?category=5041&ID=398517,69e5a409b1f2a1b053fa105f76666094,"Norway seizes a Russian vessel in remote Arctic , drawing Putin ire | News , Sports , Jobs",20260904T051500Z,lahainanews.com,English,United States,blockade,D6_교란행위,2026-09-04
https://ianslive.in/25-pakistani-soldiers-killed-in-two-operations-across-balochistan-bla--20260904111619,862d89f05a518750815efb7a12b83486,"25 Pakistani soldiers killed in two operations across Balochistan , claims BLA",20260904T071500Z,ianslive.in,English,India,blockade,D6_교란행위,2026-09-04
https://mymotherlode.com/news/world/11112128/norway-seizes-russian-vessel-to-enforce-4-22b-ukrainian-arbitration-claim.html,537c366acb1b494d9929b4cb79b4658c,"Norway seizes a Russian vessel in remote Arctic , drawing Putin ire",20260904T080000Z,mymotherlode.com,English,United States,blockade,D6_교란행위,2026-09-04
https://www.middle-east-online.com/en/vance-says-us-iran-fighting-not-war-offers-no-end-date,f05fbbac793cb4ab88a5dc994b751413,"Vance says US - Iran fighting is not a war , offers no end date",20260904T091500Z,middle-east-online.com,English,Iraq,blockade,D6_교란행위,2026-09-04
https://www.chronicle-tribune.com/news/wire/trump-administration-asks-supreme-court-to-halt-mail-voting-order-again/article_898090ca-f16d-53c8-8991-c9c10ee50eb7.html,247e8ba0398bf6cce67a402329166be7,Trump administration asks Supreme Court to halt mail voting order again,20260904T041500Z,chronicle-tribune.com,English,United States,blockade,D6_교란행위,2026-09-04
https://www.heraldpalladium.com/news/national/trump-administration-asks-supreme-court-to-halt-mail-voting-order-again/article_94c83916-3e31-54d4-a9fc-7aa319d35b5c.html,79b0033b36ae719ea5292f2f6c87ff40,Trump administration asks Supreme Court to halt mail voting order again,20260904T043000Z,heraldpalladium.com,English,United States,blockade,D6_교란행위,2026-09-04
https://kfgo.com/2026/09/04/spain-urges-eu-to-create-climate-adaptation-fund-set-binding-targets/,e7a89dc8b04100f348001fdefab2e032,"Spain urges EU to create climate adaptation fund , set binding targets",20260904T161500Z,kfgo.com,English,United States,blockade,D6_교란행위,2026-09-04
https://www.orovillemr.com/2026/09/03/trump-attempts-to-end-iran-war/,7fa96f04e8494c149e3a5f5eaa190324,Trump turns to dual economic and military approach to squeeze Iran,20260904T100000Z,orovillemr.com,English,United States,blockade,D6_교란행위,2026-09-04
https://abc7amarillo.com/news/nation-world/vance-briefs-press-on-iran-i-wouldnt-call-it-a-war-pete-hegseth-vice-president,7843d6335f46beef39367cc545dad1a0,Vance briefs press on Iran :  I wouldnt call it a war  ,20260904T011500Z,abc7amarillo.com,English,United States,blockade,D6_교란행위,2026-09-04
https://wach.com/news/nation-world/vance-briefs-press-on-iran-i-wouldnt-call-it-a-war-pete-hegseth-vice-president,ec64c4009e743e9facb6da4820b316ba,Vance briefs press on Iran :  I wouldnt call it a war  ,20260904T011500Z,wach.com,English,United States,blockade,D6_교란행위,2026-09-04
https://mymotherlode.com/news/world/11113143/trump-turns-to-a-dual-economic-and-military-approach-in-latest-attempt-to-squeeze-iran.html,04a05403dceb2eb6793f55b35a04fa4d,Trump turns to a dual economic and military approach in latest attempt to squeeze Iran,20260904T080000Z,mymotherlode.com,English,United States,blockade,D6_교란행위,2026-09-04
https://www.belfastlive.co.uk/news/belfast-news/tempers-flare-city-hall-during-34564664,a6c8e94b1515dfeb64887814bfd2fc08,Tempers flare in City Hall during Belfast Council debate over persecution of Christians,20260904T094500Z,belfastlive.co.uk,English,United Kingdom,blockade,D6_교란행위,2026-09-04
https://toronto.citynews.ca/2026/09/03/u-s-hits-cuba-with-new-sanctions-as-islands-crises-multiply/,0973045bea8af4b5bcb87c174479461c,U . S . hits Cuba with new sanctions as island crises multiply,20260904T011500Z,toronto.citynews.ca,English,,blockade,D6_교란행위,2026-09-04
https://investinglive.com/technical-analysis/usd-technical-analysis-what-levels-are-in-play-for-the-eurusd-usdjpy-gbpusd-ahead-of-the-jobs-data/,5a37ee76ef3158491acd6e30e68d4023,"USD Technical Analysis : What levels are in play for the EURUSD , USDJPY & GBPUSD ahead of the jobs data ? ",20260904T124500Z,investinglive.com,English,,blockade,D6_교란행위,2026-09-04
https://www.taylorvilledailynews.com/us-hits-cuba-with-new-sanctions-as-islands-crises-multiply/,2efa03a75b7fbe0581016b45582ea2bd,US hits Cuba with new sanctions as island crises multiply – Taylorville Daily News,20260904T011500Z,taylorvilledailynews.com,English,United States,blockade,D6_교란행위,2026-09-04
https://www.newswise.com/articles/tumor-microenvironment-drives-natural-killer-cell-diversity-reshaping-cancer-immunotherapy-landscape,9fdd3053148617cdb03f081897c1d218,"Tumor microenvironment drives natural killer cell diversity , reshaping cancer immunotherapy landscape",20260904T071500Z,newswise.com,English,United States,blockade,D6_교란행위,2026-09-04
https://dailytrust.com/iran-hits-us-targets-as-washington-probes-wedding-strike/,fda54fdb5bb7da5ff6c1c1b21fc20bc0,Iran hits US targets as Washington probes wedding strike,20260904T060000Z,dailytrust.com,English,Niger,blockade,D6_교란행위,2026-09-04
https://www.dailymail.com/news/article-16104721/Norway-Russia-ship-Kremlin.html,1340c68fb97aa589678943e1f8569e1b,"Norway seizes Russian ship , sparking fury from Kremlin over  piracy  ",20260904T094500Z,dailymail.com,English,United States,blockade,D6_교란행위,2026-09-04
https://www.thebarentsobserver.com/news/norways-ambassador-summoned-to-moscow-foreign-ministry-as-wave-of-propaganda-hits-the-headlines/457322,d087a39f9c29fb7f7a9950cdb676b2fb,Norway ambassador summoned to Moscow foreign ministry as wave of propaganda hits the headlines,20260904T130000Z,thebarentsobserver.com,English,Russia,blockade,D6_교란행위,2026-09-04
https://www.hngn.com/articles/273053/20260904/us-hits-iranian-tankers-directly-first-time-brent-steadies-near-95.htm,ce314951523754b579902a31a9a3d1f3,Vance Says U . S . Achieved Its Goals as Hormuz Record Diesel Prices Reach American Pumps,20260904T191500Z,hngn.com,English,United States,blockade,D6_교란행위,2026-09-04
http://www.philippinetimes.com/news/279285355/india-renewed-ethnic-violence-in-manipur,010df3474609b81a3904268174e6b4e9,India : Renewed Ethnic Violence in Manipur,20260904T091500Z,philippinetimes.com,English,Philippines,blockade,D6_교란행위,2026-09-04
https://www.miragenews.com/ethnic-violence-flares-again-in-manipur-india-4-1738814/,724505216421ec23f5f851f749b74ca4,"Ethnic Violence Flares Again in Manipur , India 4 September",20260904T031500Z,miragenews.com,English,United States,blockade,D6_교란행위,2026-09-04
https://www.greanvillepost.com/update-on-trumps-contemplated-victory-declaration-irans-red-line/,6d1e287e2afc3f67856523ba3a547045,Update On Trump Contemplated Victory Declaration ; Iran Red Line – The Greanville Post,20260904T014500Z,greanvillepost.com,English,United States,blockade,D6_교란행위,2026-09-04
https://nuclear-news.net/2026/09/04/3-a-israels-facts-on-the-ground-razing-gaza-and-south-lebanon/,83401adec42c8f3eba134cac374a8a16,Israel  Facts on the Ground  – razing Gaza and South Lebanon « nuclear - news,20260904T094500Z,nuclear-news.net,English,Japan,blockade,D6_교란행위,2026-09-04
https://www.nationalmemo.com/fox-news-iran-2677820348,72960640cd629794212f6aaf5e2bf8e7,Fox News Investigates : What  Yard Line  Has US Reached In Trump Iran War ? ,20260904T191500Z,nationalmemo.com,English,United States,blockade,D6_교란행위,2026-09-04
https://www.lrt.lt/en/news-in-english/19/3042090/lithuania-tightens-inspections-of-russian-grain-amid-concerns-over-ukrainian-cargo,c0573927a1f17d2333fb2c7cb96f0355,Lithuania tightens inspections of Russian grain amid concerns over Ukrainian cargo,20260904T080000Z,lrt.lt,English,Lithuania,grain,D2_품목,2026-09-04
https://www.wandtv.com/2026/09/04/central-illinois-company-debuts-grain-monitoring-tech-farm-progress-show/,7152d3fabe8b5fa1f6f822634fc4f7dd,Central Illinois company debuts grain monitoring tech at Farm Progress Show,20260904T044500Z,wandtv.com,English,United States,grain,D2_품목,2026-09-04
https://www.yahoo.com/news/science/articles/farmers-turn-perennial-grains-one-130156111.html,e69d976119cf3d86da0f4215bc9f357f,Farmers turn to perennial grains as one solution to extreme weather,20260904T151500Z,yahoo.com,English,United States,grain,D2_품목,2026-09-04
https://www.bangordailynews.com/2026/09/04/nation/farmers-turn-to-perennial-grains-as-one-solution-to-extreme-weather/,801d1e72fab9c5c79b4474993fe5a726,Farmers turn to perennial grains as one solution to extreme weather,20260904T143000Z,bangordailynews.com,English,United States,grain,D2_품목,2026-09-04
https://www.orlandosentinel.com/2026/09/04/farmers-perennial-grains-extreme-weather/,06f46c8e90f06938f9ef3b3f56bfb460,Farmers turn to perennial grains as one solution to extreme weather,20260904T181500Z,orlandosentinel.com,English,United States,grain,D2_품목,2026-09-04
https://www.bostonherald.com/2026/09/04/farmers-perennial-grains-extreme-weather/,1c74fd82e0633c858a01487787c94b39,Farmers turn to perennial grains as one solution to extreme weather,20260904T164500Z,bostonherald.com,English,United States,grain,D2_품목,2026-09-04
https://www.citizensvoice.com/2026/09/04/farmers-perennial-grains-extreme-weather/,7ed2b2d1b8b353c60c66046fd5c6dffe,Farmers turn to perennial grains as one solution to extreme weather,20260904T181500Z,citizensvoice.com,English,United States,grain,D2_품목,2026-09-04
https://www.middleeasteye.net/live-blog/live-blog-update/world-food-prices-highest-2022-says-un,c0584940d0cae2eff7bd9677505ebde4,"World food prices at highest since 2022 , says UN",20260904T094500Z,middleeasteye.net,English,Israel,grain,D2_품목,2026-09-04
https://www.dailycamera.com/2026/09/04/farmers-perennial-grains-extreme-weather/,5da40d553636ce1c0b5de97877a88852,Farmers turn to perennial grains as one solution to extreme weather,20260904T164500Z,dailycamera.com,English,United States,grain,D2_품목,2026-09-04
https://www.wboc.com/news/national/farmers-turn-to-perennial-grains-as-one-solution-to-extreme-weather/article_f1e57548-5109-55b6-80bf-0ec66c04d70a.html,11a33a079d50bd8bd650a378c3a2f9f9,Farmers turn to perennial grains as one solution to extreme weather,20260904T170000Z,wboc.com,English,United States,grain,D2_품목,2026-09-04
https://abcnews.com/US/wireStory/farmers-turn-perennial-grains-solution-extreme-weather-136201026,9ed412db2f3374d63672e4820291994f,Farmers turn to perennial grains as one solution to extreme weather,20260904T143000Z,abcnews.com,English,United States,grain,D2_품목,2026-09-04
https://www.dailylocal.com/2026/09/04/farmers-perennial-grains-extreme-weather/,c5836cb6662f99cccf6c6eb7043d882e,Farmers turn to perennial grains as one solution to extreme weather,20260904T164500Z,dailylocal.com,English,United States,grain,D2_품목,2026-09-04
https://www.tribuneindia.com/news/patiala/year-long-celebrations-marking-650th-parkash-purb-of-sri-guru-ravidas-create-spiritual-atmosphere-among-devotees-tarunpreet-singh-sond/,a78f97395cdaad647f6764ef31814969,Year - long celebrations marking 650th Parkash Purb of Sri Guru Ravidas create spiritual atmosphere among devotees : Tarunpreet Singh Sond,20260904T004500Z,tribuneindia.com,English,India,grain,D2_품목,2026-09-04
https://www.aol.com/articles/world-food-prices-highest-since-080018000.html,524669dea3c3ff71027a50692d66641b,"World food prices at highest since 2022 as supply risks mount , FAO says",20260904T151500Z,aol.com,English,United States,grain,D2_품목,2026-09-04
https://english.aawsat.com/business/5314600-fao-world-food-prices-highest-2022-supply-risks-mount,457a402208b34cb08f067dbd67456023,FAO : World Food Prices at Highest Since 2022 as Supply Risks Mount,20260904T093000Z,english.aawsat.com,English,Syria,grain,D2_품목,2026-09-04
https://www.freemalaysiatoday.com/category/business/2026/09/04/world-food-prices-at-highest-since-2022-as-supply-risks-mount-says-fao,33db9c1c4a93352979ccfbac6208a9f9,"World food prices at highest since 2022 as supply risks mount , says FAO",20260904T094500Z,freemalaysiatoday.com,English,Malaysia,grain,D2_품목,2026-09-04
https://www.businesstimes.com.sg/international/world-food-prices-highest-2022-supply-risks-mount,9966447dd573e452acdab2185bdb481a,World food prices at highest since 2022 as supply risks mount,20260904T093000Z,businesstimes.com.sg,English,Singapore,grain,D2_품목,2026-09-04
https://www.bssnews.net/agriculture-news/421082,d508cfb9b5f6525d09d727246b5362bf,"Rainwater revives Aman Paddy , farmers dream of good yield in Rajshahi",20260904T143000Z,bssnews.net,English,Bangladesh,grain,D2_품목,2026-09-04
https://www.business-standard.com/world-news/world-food-prices-rise-in-august-to-their-highest-since-late-2022-fao-126090401411_1.html,1894974d22dccaa1c98db77a3c6ba994,World food prices rise in August to their highest since late 2022 : FAO,20260904T180000Z,business-standard.com,English,India,grain,D2_품목,2026-09-04
https://www.kyivpost.com/post/83678,a642cd6386103d536041986408fe084f,Kernel Secures €100 Million in Financing for 94 . 5 MW Wind Power Plant,20260904T093000Z,kyivpost.com,English,Ukraine,grain,D2_품목,2026-09-04
https://gamerant.com/zelda-ocarina-of-time-remake-developer-leak/,b4c93b4705efb5df25dd1079786e386e,Rumor : Zelda : Ocarina of Time Remake Developer Leaks,20260904T003000Z,gamerant.com,English,United States,grain,D2_품목,2026-09-04
https://allafrica.com/stories/202609040058.html,05c2c49b9abe4a811068a5adc0280c2c,"Ethiopia : Failed Rains , Broken Livelihoods : Janamora Farmers Confront Hunger , Loss and Despair",20260904T071500Z,allafrica.com,English,Nigeria,grain,D2_품목,2026-09-04
https://www.thepoultrysite.com/news/2026/09/world-food-prices-hit-near-four-year-high-in-august,c0651f03769cc6f7cbc39b292ba2d56f,World food prices hit near four - year high in August,20260904T144500Z,thepoultrysite.com,English,United States,grain,D2_품목,2026-09-04
https://gulfnews.com/lifestyle/not-taking-a-shower-isnt-pheromone-maxxing-uae-doctors-and-teens-on-the-viral-trend-1.500661812,d1530eac62a3a276bb2cdb66cf77b9a5,Pheromone - maxxing : UAE doctors and teens on the viral trend,20260904T060000Z,gulfnews.com,English,United Arab Emirates,grain,D2_품목,2026-09-04
https://en.interfax.com.ua/news/general/1198980.html,8781d09cd3e0910db55640d0bb9b99ef,Zelenskyy : We preparing measures to ensure safety of maritime food shipments,20260904T200000Z,en.interfax.com.ua,English,Ukraine,grain,D2_품목,2026-09-04
https://www.stockandland.com.au/story/9342003/market-lessons-diversification-can-help-protect-grain-growers/,10e72dc823f75c6102a6291a3f49bb3b,Market lessons : diversification can help protect grain growers | Stock & Land,20260904T043000Z,stockandland.com.au,English,Australia,grain,D2_품목,2026-09-04
https://www.queenslandcountrylife.com.au/story/9342003/market-lessons-diversification-can-help-protect-grain-growers/,8bb778fe20b921d16009da38f0344e40,Market lessons : diversification can help protect grain growers | Queensland Country Life,20260904T021500Z,queenslandcountrylife.com.au,English,Australia,grain,D2_품목,2026-09-04
https://www.stockjournal.com.au/story/9342003/market-lessons-diversification-can-help-protect-grain-growers/,b35a2ca62cdd7255f040e563c2e8dbce,Market lessons : diversification can help protect grain growers | Stock Journal,20260904T021500Z,stockjournal.com.au,English,Australia,grain,D2_품목,2026-09-04
https://www.farmweekly.com.au/story/9342003/market-lessons-diversification-can-help-protect-grain-growers/,f68e339a78eb8d5f3d7ad9c276132923,Market lessons : diversification can help protect grain growers | Farm Weekly,20260904T020000Z,farmweekly.com.au,English,Australia,grain,D2_품목,2026-09-04
https://www.gq.com/story/air-jordan-11-comme-des-garcons-09-04-2026,b2fe6e327da418b37dd519f4fb8bb010,The First - Ever Air Jordan 11 Collaboration Is an Absolute Doozy,20260904T161500Z,gq.com,English,United States,grain,D2_품목,2026-09-04
https://www.rawstory.com/lake-ontario/,f4a57f80eba20bd054d1f0308d6f37a8,  He losing it here : Trump own voters turn on him over Lake America stunt,20260904T014500Z,rawstory.com,English,United States,grain,D2_품목,2026-09-04
https://www.nzherald.co.nz/lifestyle/is-weet-bix-healthy-dietitians-assess-the-classic-kiwi-breakfast/premium/AFYOEDDZSZC4FDS5EJLDSOYUSY/,8373dbb9805f9a9c17728d7c9a551f77,Is Weet - Bix healthy ? Dietitians assess the classic New Zealand breakfast,20260904T020000Z,nzherald.co.nz,English,New Zealand,grain,D2_품목,2026-09-04
https://listverse.com/2026/09/04/10-boring-ancient-documents-that-exposed-astonishing-secrets/,88b1560236d0fc0af2ab5dd7d340ecae,10 Boring Ancient Documents That Exposed Astonishing Secrets,20260904T073000Z,listverse.com,English,United States,grain,D2_품목,2026-09-04
https://www.wandtv.com/2026/09/03/farmers-face-high-input-costs-ahead-harvest-season/,55b1f79e6a29e47fcd8a8778b87c845c,Farmers face high input costs ahead of harvest season,20260904T044500Z,wandtv.com,English,United States,grain,D2_품목,2026-09-04
https://www.fool.com/investing/2026/09/04/why-karman-holdings-stock-was-wilting-for-the-seco/,6fbab2d2a04511a30723f0d9ca883909,Why Karman Holdings Stock Was Wilting Again This Week,20260904T051500Z,fool.com,English,United States,grain,D2_품목,2026-09-04
https://www.trend.az/casia/kazakhstan/4220584.html,406fe7d423f083026ba94d6e1882490e,Kazakhstan National Bank cuts base rate for third consecutive time,20260904T074500Z,trend.az,English,Azerbaijan,grain,D2_품목,2026-09-04
https://finance.yahoo.com/energy/articles/record-renewables-quarter-powers-andersons-114600754.html,b6a5fec49cd2e3c51b202551ed62c38a,A Record Renewables Quarter Powers The Andersons ( ANDE ) Higher,20260904T204500Z,finance.yahoo.com,English,United States,grain,D2_품목,2026-09-04
https://www.thezimbabwean.co/2026/09/are-zimbabweans-in-danger-of-mass-starvation-over-government-super-el-nino-unpreparedness/,334b3005885f62e1eaa3d039d11be96f,Are Zimbabweans in danger of mass starvation over government Super El Niño unpreparedness ? ,20260904T200000Z,thezimbabwean.co,English,Zimbabwe,grain,D2_품목,2026-09-04
https://www.mendocinobeacon.com/2026/09/04/farmers-perennial-grains-extreme-weather/,63e8097f40b7b80dc0bbf651ff9216fb,Farmers turn to perennial grains as one solution to extreme weather,20260904T164500Z,mendocinobeacon.com,English,United States,grain,D2_품목,2026-09-04
https://www.dailygazette.com/leader_herald/ap/national/farmers-turn-to-perennial-grains-as-one-solution-to-extreme-weather/article_3d870534-b832-522d-9338-a97ec5ba5faa.html,30b948537b8cdebe3ba328beb7031447,Farmers turn to perennial grains as one solution to extreme weather,20260904T151500Z,dailygazette.com,English,United States,grain,D2_품목,2026-09-04
https://hiphopwired.com/3064733/chet-hanks-daejon-love-friendship-dating-cougar-milfs-reactions/,c30d7681cb80e7f76d99fd3c2418dfcf,Chet Hanks Details Former Friendship With Daejon Love,20260904T203000Z,hiphopwired.com,English,United States,grain,D2_품목,2026-09-04
https://www.techrepublic.com/article/news-apple-oled-macbook-air-pro-2028/,c52c8d425bc99c8bf9458984bb6147a3,Apple Plans OLED MacBook Between Air and Pro,20260904T204500Z,techrepublic.com,English,United States,grain,D2_품목,2026-09-04
https://www.newswiretoday.com/news/186795/Grain-Management-Completes-Strategic-Combination-Forming-Rightfiber/,56cd87427753e4837f70228543c9bde2,Grain Management Completes Strategic Combination Forming Rightfiber - Telecom / Wireless / VoIP / IPTV - Ritter Communications,20260904T143000Z,newswiretoday.com,English,United States,grain,D2_품목,2026-09-04
https://www.androidcentral.com/apps-software/whats-next-from-google-translate-will-upgrade-android-in-all-the-right-ways,599907287dcaa2e69cecdbf99e931069,What next from Google Translate will upgrade Android in all the right ways,20260904T183000Z,androidcentral.com,English,China,grain,D2_품목,2026-09-04
https://wccftech.com/gta-6-pc-sooner-rising-console-prices-pressure/,c98525fa659eedddf288d1db78e8c1ad,"GTA 6 PC Could Arrive Sooner Than Expected , As Rising Console Prices Reportedly Pressure Rockstar to Move Fast",20260904T194500Z,wccftech.com,English,United States,grain,D2_품목,2026-09-04
https://japantoday.com/category/world/putin-cites-chance-of-peace-deal-zelenskiy-says-us-negotiators-to-visit-both-countries,98094d3f29e71c2ed3b46608b858e21c,"Putin cites chance of peace deal , Zelenskyy says U . S . negotiators to visit both countries",20260904T023000Z,japantoday.com,English,Japan,grain,D2_품목,2026-09-04
https://www.aol.co.uk/articles/china-could-spark-huge-food-190000000.html,e2dfa48acfd9a2625b6189426cd09185,China could spark huge food shortages as united kingdom farmers issued huge warning,20260904T194500Z,aol.co.uk,English,United Kingdom,grain,D2_품목,2026-09-04
https://www.journal-advocate.com/2026/09/04/farmers-perennial-grains-extreme-weather/,238cbf1dc43027a07d83419a1c36cc6d,Farmers turn to perennial grains as one solution to extreme weather,20260904T164500Z,journal-advocate.com,English,United States,grain,D2_품목,2026-09-04
https://www.redbluffdailynews.com/2026/09/04/farmers-perennial-grains-extreme-weather/,853ca25414b05ae5fc845810f4c281fa,Farmers turn to perennial grains as one solution to extreme weather,20260904T181500Z,redbluffdailynews.com,English,United States,grain,D2_품목,2026-09-04
https://www.greeleytribune.com/2026/09/04/farmers-perennial-grains-extreme-weather/,e0cb904e092deb159d37418d9ada9cc6,Farmers turn to perennial grains as one solution to extreme weather,20260904T164500Z,greeleytribune.com,English,United States,grain,D2_품목,2026-09-04
https://www.record-bee.com/2026/09/04/farmers-perennial-grains-extreme-weather/,287622381b163073c77ca8c2b9bc2ae4,Farmers turn to perennial grains as one solution to extreme weather,20260904T210000Z,record-bee.com,English,United States,grain,D2_품목,2026-09-04
https://www.ibtimes.co.uk/president-donald-trump-more-dangerous-mental-state-reportedly-worsens-nobel-winner-warns-1817941,2cacb0fad2962d95debf20076d32ccba,"President Donald Trump Is  More Dangerou as Mental State Reportedly Worsens , Nobel Winner Warns",20260904T124500Z,ibtimes.co.uk,English,United Kingdom,grain,D2_품목,2026-09-04
https://www.morningstar.com/news/dow-jones/2026090426/emea-morning-briefing-investors-await-us-jobs-data,64eaf1a1200184937268fbd36bb798fd,EMEA Morning Briefing : Investors Await U . S . Jobs Data,20260904T050000Z,morningstar.com,English,China,grain,D2_품목,2026-09-04
https://www.military.com/exclusive-navy-veteran-dan-osborn-hopeful-nebraska-will-vote-independent-senate-candidate-this-november,dca2e0fbda8e878f01ebf03073e9ef0b,Exclusive : Navy Veteran Dan Osborn Hopeful Nebraskans Will Vote for Independent Senate Candidate This November,20260904T093000Z,military.com,English,United States,grain,D2_품목,2026-09-04
https://www.wfmj.com/news/local-news/canfield/headed-to-the-canfield-fair-on-friday-check-out-the-lineup/article_d93a806e-1926-4c81-81fd-4d4a48207daa.html,5a3062b1cb1d3745fb6e61341d30e87e,Headed to the Canfield Fair on Friday ? Check out the lineup,20260904T144500Z,wfmj.com,English,United States,grain,D2_품목,2026-09-04
https://www.express.co.uk/news/politics/2245674/China-Beijing-farming-equipment-XI,6c3c15ddafe48428d0850749a174a357,China could spark huge food shortages as united kingdom farmers issued huge warning,20260904T200000Z,express.co.uk,English,United Kingdom,grain,D2_품목,2026-09-04
https://www.irishtimes.com/politics/2026/09/04/world-facing-biggest-security-challenges-since-1970s-says-helen-mcentee/,18338780d0c167a1b581678c07dd268a,"World facing biggest security challenges since 1970s , says Helen McEntee",20260904T200000Z,irishtimes.com,English,Ireland,grain,D2_품목,2026-09-04
https://aninews.in/news/world/asia/brics-summit-in-india-set-for-success-russian-envoy-denis-alipov-praises-new-delhi8217s-leadership-ahead-of-brics-summit20260904082556/,387a5952ac06e3a75681de8e6647ea52,BRICS summit in India set for success : Russian envoy Denis Alipov praises New Delhi leadership ahead of BRICS Summit,20260904T044500Z,aninews.in,English,India,grain,D2_품목,2026-09-04
https://theturtleislandnews.com/index.php/2026/09/04/resurrecting-the-port-of-churchill/,383628634e27066eb2efe4b98bc09ee1,Resurrecting the Port of Churchill - The Turtle Island News,20260904T181500Z,theturtleislandnews.com,English,Canada,grain,D2_품목,2026-09-04
https://bworldonline.com/world/2026/09/04/774650/putin-cites-chance-of-peace-deal-zelenskiy-says-us-negotiators-to-visit-both-countries/,56ac98aa2f740b2e589954ece2c0088d,"Putin cites chance of peace deal , Zelenskiy says US negotiators to visit both countries",20260904T041500Z,bworldonline.com,English,Philippines,grain,D2_품목,2026-09-04
https://finance.yahoo.com/markets/commodities/articles/brasilagro-cia-brasileira-propriedades-agricolas-160237489.html,509b3399e16ed8ce0eba9baf5dd8a3f9,Brasilagro Cia Brasileira De Propriedades Agricolas Q4 Earnings Call Highlights,20260904T164500Z,finance.yahoo.com,English,United States,grain,D2_품목,2026-09-04
https://www.fool.com/investing/2026/09/04/x-popular-cryptocurrency-ark-invest-expects-to-sur/?source=iedfolrf0000001,d874948fcc3f17f9314614c9e18ee3a1,"1 Popular Cryptocurrency ARK Invest Expects to Surge by 1 , 480 % ",20260904T184500Z,fool.com,English,United States,grain,D2_품목,2026-09-04
https://www.wpxi.com/news/common-food/QBMM2JFR5YYBVJFEGBRVPHBL2I/,a54e1d2fe55e0ea22669a0c203d59ab3,Common food allergies for dogs and how to avoid them,20260904T004500Z,wpxi.com,English,United States,grain,D2_품목,2026-09-04
https://www.thecattlesite.com/news/world-food-prices-hit-near-four-year-high-in-august,bf5ca3b7b3b6419fdab8b3229aac8b17,World food prices hit near four - year high in August,20260904T151500Z,thecattlesite.com,English,United Kingdom,grain,D2_품목,2026-09-04
https://www.abc.net.au/news/rural/2026-09-05/queensland-warm-dry-spring-prepares-for-increased-bushfires/107116896,bad9c398d7f1399c44dd664f813d6860,"Queensland warm , dry weather continues into spring as authorities prepare for more bushfires",20260904T211500Z,abc.net.au,English,Australia,grain,D2_품목,2026-09-04
http://en.people.cn/n3/2026/0904/c90000-20496336.html,fffcdcc2cc182d4ea8c9cbe81169117c,China top grain - producing province goes customized - People Daily Online,20260904T083000Z,en.people.cn,English,China,grain,D2_품목,2026-09-04
https://www.newcastleherald.com.au/story/9344264/global-supply-risks-send-world-food-prices-soaring/,b9c3d5b566438e618084a4f684d09b9c,Global supply risks send world food prices soaring,20260904T161500Z,newcastleherald.com.au,English,,grain,D2_품목,2026-09-04
https://www.crookwellgazette.com.au/story/9344264/global-supply-risks-send-world-food-prices-soaring/,e5370d4ea2386fcc72be2d28b810e6e5,Global supply risks send world food prices soaring,20260904T164500Z,crookwellgazette.com.au,English,Australia,grain,D2_품목,2026-09-04
https://www.bizcommunity.com/article/fao-food-price-index-rises-as-supply-concerns-mount-520400a,f41d6df42fe69b5efaa7eac9cf44256b,FAO food price index rises as supply concerns mount,20260904T164500Z,bizcommunity.com,English,South Africa,grain,D2_품목,2026-09-04
https://www.aol.com/articles/1-popular-cryptocurrency-ark-invest-175000000.html,0db806b9d7256e4c4a8ce085fcf7f7a6,"1 Popular Cryptocurrency ARK Invest Expects to Surge by 1 , 480 % ",20260904T184500Z,aol.com,English,United States,grain,D2_품목,2026-09-04
https://www.zimbio.com/transform-your-space-with-ceiling-wood-planks/,d853417a7f819a046eba9586a0834cb5,Transform Your Space With Ceiling Wood Planks,20260904T084500Z,zimbio.com,English,United States,grain,D2_품목,2026-09-04
https://hotair.com/ed-morrissey/2026/09/04/boom-us-adds-162000-jobs-in-august-n3818685,789a39a69c4fbe82c0961ddff4b7b3cd,"Boom : US Adds 162 , 000 Jobs in August",20260904T143000Z,hotair.com,English,United States,grain,D2_품목,2026-09-04
https://www.today.com/health/diet-fitness/high-carb-fruits-dietitian-shares-rcna596087,380ae982931b7d3464afeea7ff0ff641,9 Fruits With the Most Carbs Dietitians Love For Energy and Fiber,20260904T180000Z,today.com,English,United States,grain,D2_품목,2026-09-04
https://www.designboom.com/architecture/travertine-timber-desert-toned-textures-groundeddesign-villa-limni-dubai/,d404703a409da1eabc2a67123fa2a02d,travertine and timber textures shape groundeddesign villa limni in dubai,20260904T043000Z,designboom.com,English,United States,grain,D2_품목,2026-09-04
https://www.theland.com.au/story/9344102/merrigal-property-5075-hectares-sells-to-local-interests/,310d744920c91bc8185887dd784ac9e2,"Merrigal property , 5075 hectares , sells to local interests | The Land",20260904T080000Z,theland.com.au,English,Australia,grain,D2_품목,2026-09-04
http://www.bignewsnetwork.com/news/279285806/china-top-grain-producing-province-goes-customized,d7664e841625585df5cf61bd39850a95,China top grain - producing province goes customized,20260904T093000Z,bignewsnetwork.com,English,United States,grain,D2_품목,2026-09-04
http://www.chinanationalnews.com/news/279285806/china-top-grain-producing-province-goes-customized,25e7bb59cb7c6a39087d3631a8003ede,China top grain - producing province goes customized,20260904T091500Z,chinanationalnews.com,English,China,grain,D2_품목,2026-09-04
http://www.shanghainews.net/news/279285806/china-top-grain-producing-province-goes-customized,c8edfa9a981a64dd8575297a27286c2e,China top grain - producing province goes customized,20260904T101500Z,shanghainews.net,English,China,grain,D2_품목,2026-09-04
http://www.bignewsnetwork.com/news/279285663/economic-watch-china-top-grain-producing-province-goes-customized,50be757dd931731f7b4fee44e5a62f69,Economic Watch : China top grain - producing province goes customized,20260904T080000Z,bignewsnetwork.com,English,United States,grain,D2_품목,2026-09-04
https://nation.africa/kenya/business/kenya-maize-wheat-import-demand-rises-on-failed-crop-5582824,b1ebcb45392cdb24b563a856f433eace,"Kenya maize , wheat import demand rises on failed crop",20260904T041500Z,nation.africa,English,,grain,D2_품목,2026-09-04
https://www.trains.com/mrr/news-reviews/reviews/staff-reviews/atlas-n-ps4427-covered-hopper-review/,d93ee0e44922ad5c7fd812169c527b87,Atlas N PS4427 covered hopper review,20260904T003000Z,trains.com,English,United States,grain,D2_품목,2026-09-04
https://economictimes.indiatimes.com/news/international/global-trends/in-1905-a-bohemian-prince-released-5-muskrats-into-his-estate-by-1914-their-population-had-exploded-to-2-million/articleshow/133774855.cms,f7cf829d4b6b614b0a01b8b57e50e37d,"In 1905 , a Bohemian prince released 5 muskrats into his estate . By 1914 , their population had exploded to 2 Million",20260904T191500Z,economictimes.indiatimes.com,English,India,grain,D2_품목,2026-09-04
https://en.gmw.cn/2026-09/03/content_38983477.htm,56e4a2ccb020c2b02c3c2450495ed433,Rice harvest underway in SW China Guizhou _ Guangming Online,20260904T043000Z,en.gmw.cn,English,,grain,D2_품목,2026-09-04
https://www.shippingtribune.com/news/shipping/Baltic+Dry+Index+Surges+Toward+5-Year+High,9ce4ab461719075ba113f5357139ad7c,Shipping Tribune,20260904T101500Z,shippingtribune.com,English,India,grain,D2_품목,2026-09-04
https://www.silverandblackpride.com/las-vegas-raiders-analysis/137969/raiders-2026-offense-running-backs-mike-washington,47e1f38f784d862448924a9f5919db51,Is Klint Kubiak Raiders offense plug - and - play for any running back ? ,20260904T011500Z,silverandblackpride.com,English,United States,grain,D2_품목,2026-09-04
https://www.carbonbrief.org/how-this-summers-heat-and-drought-impacted-crops-in-europe-in-six-charts,d5799248fb5511221d11f25cfaf423dc,How this summer heat and drought impacted crops in Europe – in six charts,20260904T124500Z,carbonbrief.org,English,United Kingdom,grain,D2_품목,2026-09-04
https://www.popsci.com/technology/exploring-the-moon-will-require-rovers-that-can-think-for-themselves/,2907d0c1798fe5e18550aa2ea2c7ef77,Exploring the Moon will require rovers that can think for themselves,20260904T161500Z,popsci.com,English,United States,grain,D2_품목,2026-09-04
https://www.medicaldaily.com/sprout-outbreak-fifteen-states-unconfirmed-distribution-second-source-478201,6311877257794854c6520a407eea2b6a,Recalled Sprouts Reached Only Two States but Illnesses Turned Up in Fifteen and Investigators Cannot Explain Why,20260904T030000Z,medicaldaily.com,English,United States,grain,D2_품목,2026-09-04
https://www.okayafrica.com/the-african-songs-you-need-to-hear-this-week/1439410,8bd1c945fad2c56b11ec4eff9383b8af,"Best new African music this week : Nasty C , Msaki , Loun and more",20260904T161500Z,okayafrica.com,English,South Africa,grain,D2_품목,2026-09-04
https://paherald.sk.ca/harvest-for-kids-near-warman-raises-funds-for-childrens-camps-international/,4afa114c8790df1cf328c0f712093137,  Harvest for Kid near Warman raises funds for Children Camps International,20260904T194500Z,paherald.sk.ca,English,Canada,grain,D2_품목,2026-09-04
https://www.rappler.com/voices/thought-leaders/in-this-economy-should-filipinos-consumption-culture-blame-weak-savings-peso/,9857559f4dd5d693682c79687263a927, [ In This Economy ] Should Filipino  consumption culture  be blamed for the weak peso ? ,20260904T050000Z,rappler.com,English,Philippines,grain,D2_품목,2026-09-04
https://www.valleynewslive.com/2026/09/04/severe-storms-bring-hail-downed-trees-grain-bin-damage-region/,c853802047216de5206f6b500133207b,"Severe storms bring hail , downed trees and grain bin damage to region",20260904T074500Z,valleynewslive.com,English,United States,grain,D2_품목,2026-09-04
https://www.techtimes.com/articles/326570/20260903/boyajians-star-dimmings-follow-782-day-orbital-clock-new-bayesian-study-finds.htm,e67340beda1303e837428c2969217557,"Boyajian Star Dimmings Follow 782 - Day Orbital Clock , New Bayesian Study Finds",20260904T011500Z,techtimes.com,English,United States,grain,D2_품목,2026-09-04
https://www.fwi.co.uk/news/farm-policy/private-money-public-goods-are-farmers-in-control,bc72ffc96f3b32ef1548b60025fb685e,"Private money , public goods – are farmers in control ? ",20260904T003000Z,fwi.co.uk,English,United Kingdom,grain,D2_품목,2026-09-04
https://www.farmanddairy.com/columns/forgotten-history-flax-farming-ohio/927419.html,672b6af69caeb981bdb061924ee6323c,How flax became the forgotten cash crop of 19th - century Ohio,20260904T080000Z,farmanddairy.com,English,United States,grain,D2_품목,2026-09-04
https://www.mondaq.com:443/unitedstates/utilities/1838760/the-grids-bottleneck-isnt-just-money-its-materials,45f921334d7ddfa99852fe4d48aa283a,The Grid Bottleneck Isnt Just Money . It Materials . ,20260904T021500Z,mondaq.com,English,United States,grain,D2_품목,2026-09-04
https://www.foreignpolicyjournal.com/2026/09/03/tech-stocks-climb-late-thursday-led-by-palantir-nasdaq-pltr-surge-of-7-71/,d7f599b994b17b0d6f5541969bcee039,"Tech Stocks Climb Late Thursday , Led By Palantir ( NASDAQ : PLTR ) Surge Of 7 . 71 % ",20260904T000000Z,foreignpolicyjournal.com,English,Israel,grain,D2_품목,2026-09-04
https://amherstbulletin.com/2026/08/28/a-kernel-of-truth-new-england-dairy-farmers-use-high-tech-data-to-earmark-harvest-day/,3e825b9601260f3a1540c683b2541bef,A kernel of truth : New England dairy farmers use high - tech data to earmark harvest day,20260904T050000Z,amherstbulletin.com,English,United States,grain,D2_품목,2026-09-04
https://www.aceshowbiz.com/news/view/00261495.html,284b0a0e33a83367b082fd8533619e76,How to Paint Kitchen Cabinets Without Losing Your Mind,20260904T003000Z,aceshowbiz.com,English,United States,grain,D2_품목,2026-09-04
https://collider.com/forgotten-anime-shows-near-perfect/,2b350148dd519782834007eb7454bc93,10 Near - Perfect Anime Series Nobody Remembers,20260904T124500Z,collider.com,English,United States,grain,D2_품목,2026-09-04
https://www.clactonandfrintongazette.co.uk/news/26510855.manningtree-get-fourth-pub-town-centre/,6f147102ea5db215974648d7f3fadf1e,Manningtree could get fourth pub in town centre | Clacton and Frinton Gazette,20260904T070000Z,clactonandfrintongazette.co.uk,English,United Kingdom,grain,D2_품목,2026-09-04
https://www.harwichandmanningtreestandard.co.uk/news/26510855.manningtree-get-fourth-pub-town-centre/,47a825a7d8f0cc0bf682483ed74d1689,Manningtree could get fourth pub in town centre | Harwich and Manningtree Standard,20260904T080000Z,harwichandmanningtreestandard.co.uk,English,United Kingdom,grain,D2_품목,2026-09-04
https://www.tickerreport.com/banking-finance/13573516/brasilagro-cia-brasileira-de-propriedades-agricolas-q4-earnings-call-highlights.html,cdab2c9fab2fd86f44cb3e11c25e92c6,Brasilagro Cia Brasileira De Propriedades Agricolas Q4 Earnings Call Highlights,20260904T163000Z,tickerreport.com,English,United States,grain,D2_품목,2026-09-04
https://www.fairfieldsuntimes.com/news/national/15-bbq-recipes-so-good-nobody-s-rewatching-the-game-until-the-plate-s-empty/article_76f26224-832c-51cb-a4ea-6edf4383e968.html,98dcaa37561effa60498fe63fdc7113c,15 BBQ recipes so good nobody rewatching the game until the plate empty | National,20260904T143000Z,fairfieldsuntimes.com,English,United States,grain,D2_품목,2026-09-04
https://www.the-messenger.com/news/national/article_275b3509-a11b-502d-89fe-0dccfa73d521.html,9dd9fe02570ba82953876979dba1eb28,15 BBQ recipes so good nobody rewatching the game until the plate empty | National,20260904T164500Z,the-messenger.com,English,United States,grain,D2_품목,2026-09-04
https://www.rfdtv.com/nachurs-helps-farmers-looking-to-improve-fertilizer-efficiency-into-2027,fd37d6e7859f0db7c6451bc2a18ce0ae,NACHURS Helps Farmers Looking to Improve Fertilizer Efficiency into 2027,20260904T031500Z,rfdtv.com,English,United States,grain,D2_품목,2026-09-04
https://kstatecollegian.com/2026/09/04/new-agronomy-research-complex-advances-k-states-agriculture-innovation-initiative/,1775f04677b586707852cff711c00445,New agronomy research complex advances K - State Agriculture Innovation Initiative,20260904T180000Z,kstatecollegian.com,English,United States,grain,D2_품목,2026-09-04
https://www.queenslandcountrylife.com.au/story/9344118/merrigal-central-west-nsw-property-sells-for-up-to-22m/,3da333a6ef64983715be58e163884eb7,Merrigal : Central west NSW property sells for up to $22m | Queensland Country Life,20260904T070000Z,queenslandcountrylife.com.au,English,Australia,grain,D2_품목,2026-09-04
https://www.farmweekly.com.au/story/9344118/merrigal-central-west-nsw-property-sells-for-up-to-22m/,81b81efa1bd8141bc408ccddb247a58a,Merrigal : Central west NSW property sells for up to $22m | Farm Weekly,20260904T070000Z,farmweekly.com.au,English,Australia,grain,D2_품목,2026-09-04
https://amherstbulletin.com/2026/08/28/there-is-a-season-with-molly-parr-sweet-melon-meets-spicy-jalapeno/,3323c9a5b1cd137f09ea08059e91ca36,There is a Season with Molly Parr : Sweet melon meets spicy jalapeño,20260904T050000Z,amherstbulletin.com,English,United States,grain,D2_품목,2026-09-04
https://www.themarketsdaily.com/2026/09/04/reviewing-jack-in-the-box-nasdaqjack-dalata-hotel-group-otcmktsdlttf.html,53dc45c155aa75f679518176f8163495,Reviewing Jack In The Box ( NASDAQ : JACK ) & Dalata Hotel Group ( OTCMKTS : DLTTF ) ,20260904T093000Z,themarketsdaily.com,English,United States,grain,D2_품목,2026-09-04
https://www.theland.com.au/story/9343852/agri-action-cotton-boss-goes-mckillops-next-job-bega-up-inghams-down/,7cf147f02b7467255458a0f225dc6999,Agri action : Cotton boss goes ; McKillop next job ; Bega up ; Ingham down | The Land,20260904T204500Z,theland.com.au,English,Australia,grain,D2_품목,2026-09-04
https://www.chronicle.lu/category/international/63179-putin-cites-chance-of-peace-deal-zelensky-says-us-negotiators-to-visit-both-countries,ef2ea2b41eaef99ec9776b930551e75e,"Putin Cites Chance of Peace Deal , Zelensky Says US Negotiators to Visit Both Countries",20260904T100000Z,chronicle.lu,English,Luxembourg,grain,D2_품목,2026-09-04
https://westcentralonline.com/articles/sask-producers-get-expanded-agristability-support-after-wet-growing-season,d828e2131d50bc24af3759871b5460cc,"Sask producers get expanded AgriStability support after wet growing season - WestCentralOnline : West Central Saskatchewan latest news , sports , weather , community events . ",20260904T151500Z,westcentralonline.com,English,Canada,grain,D2_품목,2026-09-04
https://capitalpress.com/2026/09/04/usda-projects-northwest-farm-income-to-drop-5-in-2026/,f26d96e1b13a471698c63cfabdf66154,USDA projects Northwest farm income to drop 5 % in 2026,20260904T200000Z,capitalpress.com,English,United States,grain,D2_품목,2026-09-04
https://www.ivpressonline.com/news/mexicali-briefs-uabc-opens-pilot-malting-plant-to-boost-baja-california-s-craft-beer-industry/article_79891e06-c6a8-479d-8200-0763b30df1fc.html,9d0ae9d39ec13148c7ff646ef94c0176,MEXICALI BRIEFS : UABC opens pilot malting plant to boost Baja California craft beer industry | News,20260904T090000Z,ivpressonline.com,English,United States,grain,D2_품목,2026-09-04
https://whtc.com/2026/09/04/explainer-how-indias-below-average-september-rainfall-fuels-concern-about-crops/,43507c54bd3806e5434e7344a69e4a08,Explainer - How India below - average September rainfall fuels concern about crops | 1450 AM 99 . 7 FM WHTC,20260904T090000Z,whtc.com,English,United States,grain,D2_품목,2026-09-04
http://www.russiaherald.com/news/279285453/brics-summit-in-india-set-for-success-russian-envoy-denis-alipov-praises-new-delhi-leadership-ahead-of-brics-summit,df20af2ae90ddff7d2a4f35cb56735be,BRICS summit in India set for success : Russian envoy Denis Alipov praises New Delhi leadership ahead of BRICS Summit,20260904T090000Z,russiaherald.com,English,Russia,grain,D2_품목,2026-09-04
https://hot96.com/2026/09/04/explainer-how-indias-below-average-september-rainfall-fuels-concern-about-crops/,e16c0af98bf7d23b3f343dd627204c15,Explainer - How India below - average September rainfall fuels concern about crops | HOT 96 | The Tri State # 1 Hit Music Station,20260904T090000Z,hot96.com,English,United States,grain,D2_품목,2026-09-04
https://www.gx94radio.com/2026/09/03/sask-crop-report-harvest-plodding-along-due-to-rain/,6166ad2a2d8c08074b944f89993a24b1,Sask . Crop Report : Harvest plodding along due to rain,20260904T014500Z,gx94radio.com,English,Canada,grain,D2_품목,2026-09-04
https://www.gx94radio.com/2026/09/03/estevan-area-farmer-takes-on-stars-rescue-challenge-with-personal-reason-to-give-back/,92b03937153ce0dd86b5452fe07252c2,Estevan - area farmer takes on STARS Rescue challenge with personal reason to give back,20260904T014500Z,gx94radio.com,English,Canada,grain,D2_품목,2026-09-04
http://www.kenyastar.com/news/279285453/brics-summit-in-india-set-for-success-russian-envoy-denis-alipov-praises-new-delhi-leadership-ahead-of-brics-summit,8b4f4b5b60b7bde6e46389a02a2c9404,BRICS summit in India set for success : Russian envoy Denis Alipov praises New Delhi leadership ahead of BRICS Summit,20260904T043000Z,kenyastar.com,English,Kenya,grain,D2_품목,2026-09-04
http://www.calcuttanews.net/news/279285453/brics-summit-in-india-set-for-success-russian-envoy-denis-alipov-praises-new-delhi-leadership-ahead-of-brics-summit,b6c17c0bae04ddbeaeaade1d11d8494e,BRICS summit in India set for success : Russian envoy Denis Alipov praises New Delhi leadership ahead of BRICS Summit,20260904T040000Z,calcuttanews.net,English,India,grain,D2_품목,2026-09-04
http://www.austinglobe.com/news/279285453/brics-summit-in-india-set-for-success-russian-envoy-denis-alipov-praises-new-delhi-leadership-ahead-of-brics-summit,0d0b546b81e50480d1192e5b6a982891,BRICS summit in India set for success : Russian envoy Denis Alipov praises New Delhi leadership ahead of BRICS Summit,20260904T040000Z,austinglobe.com,English,United States,grain,D2_품목,2026-09-04
http://www.heraldglobe.com/news/279285453/brics-summit-in-india-set-for-success-russian-envoy-denis-alipov-praises-new-delhi-leadership-ahead-of-brics-summit,db6ce6992fc16d46e85c0769baa4bb69,BRICS summit in India set for success : Russian envoy Denis Alipov praises New Delhi leadership ahead of BRICS Summit,20260904T044500Z,heraldglobe.com,English,United States,grain,D2_품목,2026-09-04
http://www.bignewsnetwork.com/news/279285453/brics-summit-in-india-set-for-success-russian-envoy-denis-alipov-praises-new-delhi-leadership-ahead-of-brics-summit,543b6e0499bbe299e46156025ff7437f,BRICS summit in India set for success : Russian envoy Denis Alipov praises New Delhi leadership ahead of BRICS Summit,20260904T041500Z,bignewsnetwork.com,English,United States,grain,D2_품목,2026-09-04
"http://www.enterprisepub.com/stories/blair-couple-sells-sourdough-baked-goods-at-farmers-market,72136",928a8212a7044200021a3726f6b4e804,"Blair couple sells sourdough , baked goods at farmers market | Washington County Enterprise",20260904T180000Z,enterprisepub.com,English,United States,grain,D2_품목,2026-09-04
https://www.wokv.com/news/common-food/QBMM2JFR5YYBVJFEGBRVPHBL2I/,68c1b3ec9c5e9cd475bec220e8ada82b,Common food allergies for dogs and how to avoid them,20260904T011500Z,wokv.com,English,United States,grain,D2_품목,2026-09-04
https://www.mymagic949.com/news/common-food/QBMM2JFR5YYBVJFEGBRVPHBL2I/,5632a9388693c5e774ccbc86280bb1d9,Common food allergies for dogs and how to avoid them,20260904T011500Z,mymagic949.com,English,United States,grain,D2_품목,2026-09-04
https://www.kissrocks.com/news/common-food/QBMM2JFR5YYBVJFEGBRVPHBL2I/,ef585a71044f4102708f372686efbfdf,Common food allergies for dogs and how to avoid them,20260904T003000Z,kissrocks.com,English,United States,grain,D2_품목,2026-09-04
https://www.hits973.com/news/common-food/QBMM2JFR5YYBVJFEGBRVPHBL2I/,6cc98d7cd61c323601bd2f91ce8e3ae1,Common food allergies for dogs and how to avoid them,20260904T011500Z,hits973.com,English,United States,grain,D2_품목,2026-09-04
https://www.k991fm.com/news/common-food/QBMM2JFR5YYBVJFEGBRVPHBL2I/,f4c50cbc3f95e92d20d59d8f66d90c80,Common food allergies for dogs and how to avoid them,20260904T000000Z,k991fm.com,English,,grain,D2_품목,2026-09-04
https://www.sunjournal.com/2026/09/04/am-i-capable-of-running-my-goal-time-at-the-maine-marathon-its-time-to-figure-that-out/,868569e9bdb989aacb5a0ec21690fac7,Am I capable of running my goal time at the Maine Marathon ? It time to figure that out,20260904T201500Z,sunjournal.com,English,United States,grain,D2_품목,2026-09-04
https://www.agrinews-pubs.com:443/business/2026/09/03/year-over-year-farmland-values-flat/,764a3bab85947960e42b5f3d35ecda42,Year - over - year farmland values flat,20260904T043000Z,agrinews-pubs.com,English,United States,grain,D2_품목,2026-09-04
https://macaudailytimes.com.mo/finding-emily-is-the-british-rom-com-weve-been-waiting-for.html,c278600e5c52755b42bdfdcc4df86f1c,  Finding Emily  is the British rom - com weve been waiting for,20260904T044500Z,macaudailytimes.com.mo,English,Macau,grain,D2_품목,2026-09-04
https://www.timminspress.com:443/opinion/what-wood-would-cost-if-it-cost-what-it-used-to-cost,99813424ead76f3d32853cee921b6922,What wood would cost if it cost what it used to cost,20260904T183000Z,timminspress.com,English,Canada,grain,D2_품목,2026-09-04
https://www.carolinajournal.com/second-chances-helped-boost-nc-test-scores/,bc1773f54c2fa2b2879168830cad6c43,Second chances helped boost NC test scores,20260904T183000Z,carolinajournal.com,English,United States,grain,D2_품목,2026-09-04
https://www.timminspress.com/opinion/what-wood-would-cost-if-it-cost-what-it-used-to-cost,c5f397141dee2b8d711a36b73d5ddc2f,What wood would cost if it cost what it used to cost,20260904T203000Z,timminspress.com,English,Canada,grain,D2_품목,2026-09-04
https://www.sidneyherald.com/news/local/sidney-fire-department-gets-new-rescue-apparatus,e07134bc641f8cce1c8ab1dad96cf5e1,Sidney fire department gets new rescue apparatus,20260904T011500Z,sidneyherald.com,English,United States,grain,D2_품목,2026-09-04
https://ictsd.org/commodity-prices-and-inflation/,f2d47d62afe4d4e7ad76296c153e463e,Commodity Prices and Inflation : Trace the Pass - Through Cargo & Currency,20260904T124500Z,ictsd.org,English,United States,grain,D2_품목,2026-09-04
http://www.newjerseytelegraph.com/news/279284630/modernancientromancom-launches-as-an-interactive-digital-cookbook-of-ancient-roman-cuisine,c634f1690e84238447c9878a5415a9f8,ModernAncientRoman . com Launches as an Interactive Digital Cookbook of Ancient Roman Cuisine,20260904T000000Z,newjerseytelegraph.com,English,United States,grain,D2_품목,2026-09-04
https://www.the-independent.com/life-style/one-night-only-premarital-sex-tradwife-incel-b3043427.html,548536141fefe4ab6a94c081de4d2a45,"What romcom movie  One Night Only  tells us about puritanical , sex - obsessed America right now",20260904T091500Z,the-independent.com,English,,grain,D2_품목,2026-09-04
https://www.parkrecord.com/2026/09/03/koyote-will-showcase-authentic-japanese-cuisine-at-new-kimball-junction-location/,435cce20add97764f7202ef0b15f468f,"Koyoté will showcase authentic Japanese cuisine at new Kimball Junction location , chef says",20260904T040000Z,parkrecord.com,English,United States,grain,D2_품목,2026-09-04
https://www.willistonherald.com/news/north-dakota/is-the-fargo-area-getting-another-data-center,97bfb0de8342c970ac030a636f1cc063,Is the Fargo area getting another data center ? ,20260904T181500Z,willistonherald.com,English,United States,grain,D2_품목,2026-09-04
https://www.thedickinsonpress.com/news/north-dakota/is-the-fargo-area-getting-another-data-center,5d70d0afa4e0d9f42df4171e2817f2c3,Is the Fargo area getting another data center ? ,20260904T191500Z,thedickinsonpress.com,English,United States,grain,D2_품목,2026-09-04
https://www.wvik.org/news-from-iowa/2026-09-04/top-u-s-ag-leader-discusses-beef-and-data-in-iowa,ad0f0a755f2b56f8878177e5232c708f,Top U . S . ag leader discusses beef and data in Iowa,20260904T210000Z,wvik.org,English,United States,grain,D2_품목,2026-09-04
https://www.bakeryandsnacks.com/Article/2026/09/01/back-to-school-shopping-trends-value-drives-2026/,6f3936f78cc79557a82926df592117ed,Back - to - School Shopping Trends : Value Drives 2026,20260904T124500Z,bakeryandsnacks.com,English,United Kingdom,grain,D2_품목,2026-09-04
https://www.riotimesonline.com/rumo-sao-paulo-icms-tax-inquiry-2026/,e98ddcddb171ca9b6bdc9c6e529876d5,Rumo Opens an Inquiry as Tax Case Widens,20260904T074500Z,riotimesonline.com,English,Brazil,grain,D2_품목,2026-09-04
https://www.themarketsdaily.com/2026/09/04/miami-international-miax-versus-its-rivals-critical-review.html,a6e9a68562ed42bc95eb6670862ea245,Miami International ( MIAX ) versus Its Rivals Critical Review,20260904T164500Z,themarketsdaily.com,English,United States,grain,D2_품목,2026-09-04
https://www.devondispatch.ca:443/news/local-news/devons-upcoming-community-events-47,96ee8bae313df6aeb4693f425f34ddda,Devon upcoming community events | Devon Dispatch,20260904T203000Z,devondispatch.ca,English,Canada,grain,D2_품목,2026-09-04
https://www.mankatofreepress.com/news/local_news/as-area-elections-creep-towards-partisanship-candidates-weigh-in/article_34615ecd-093a-432d-89c4-57c2f8cecc0b.html,6c9b55768033f149a2d8f947d8ba4924,"As area elections creep towards partisanship , candidates weigh in",20260904T060000Z,mankatofreepress.com,English,United States,grain,D2_품목,2026-09-04
https://www.stockjournal.com.au/story/9343852/agri-action-cotton-boss-goes-mckillops-next-job-bega-up-inghams-down/,f23fe34abbc61c11ff13f8e3aee61f77,Agri action : Cotton boss goes ; McKillop next job ; Bega up ; Ingham down | Stock Journal,20260904T204500Z,stockjournal.com.au,English,Australia,grain,D2_품목,2026-09-04
https://www.foodpoisonjournal.com/food-poisoning-information/salmonella-egg-outbreak-over-134-sick-in-18-states-34-hospitalized-linked-to-midwest-poultry-services-eggs/,d09fb78df6c243fa374ca885ba22ecd8,"Salmonella Egg Outbreak Over : 134 Sick in 18 States , 34 Hospitalized , Linked to Midwest Poultry Services Eggs",20260904T000000Z,foodpoisonjournal.com,English,United States,grain,D2_품목,2026-09-04
https://www.peninsuladailynews.com/2026/09/04/ae-roundup-art-walk-events-set-for-sequim-port-townsend/,0694ec0e4e69629e9d6544b4361026f6,"A & E Roundup : Art walk events set for Sequim , Port Townsend",20260904T124500Z,peninsuladailynews.com,English,United States,grain,D2_품목,2026-09-04
https://www.hcn.org/issues/58-9/on-the-road-with-a-desert-sage/,a63359c4aebb7021a392e195b13a2c23,On the road with a desert sage - High Country News,20260904T084500Z,hcn.org,English,United States,grain,D2_품목,2026-09-04
https://aa.com.tr/en/asia-pacific/us-sinks-vessel-allegedly-supporting-drug-trafficking-operations-in-eastern-pacific/4046953,e299eb8ba09437a56fe1e9d4ac9c1f74,US sinks vessel allegedly supporting drug trafficking operations in Eastern Pacific,20260904T020000Z,aa.com.tr,English,Turkey,vessel,D4_운송,2026-09-04
https://www.foxnews.com/us/coast-guard-recovers-47-bales-suspected-marijuana-worth-2-4m-intercepting-go-fast-vessel,08f2dc0b0b5d99651ae628426a4409be,"U . S . Coast Guard recovers over 2 , 000 lbs of marijuana in drug bust",20260904T093000Z,foxnews.com,English,United States,vessel,D4_운송,2026-09-04
https://www.philstar.com/headlines/2026/09/05/2554092/pcg-chinese-ship-monitored-panatag-weeks,68b9721182159c4dba133c0a39d86648,PCG : Chinese ship monitored in Panatag for weeks,20260904T164500Z,philstar.com,English,Philippines,vessel,D4_운송,2026-09-04
https://www.prnewswire.com/news-releases/zpmc-launches-first-sov-built-for-french-shipping-group-ld-armateurs-302869921.html,5127a4fac5cf2ab66bd698cf6adc08e3,ZPMC Launches First SOV Built for French Shipping Group LD Armateurs,20260904T094500Z,prnewswire.com,English,United States,vessel,D4_운송,2026-09-04
http://www.prnewswire.com/news-releases/zpmc-launches-first-sov-built-for-french-shipping-group-ld-armateurs-302869921.html,b2e1a729ea26bc074202b6eb77cfd076,ZPMC Launches First SOV Built for French Shipping Group LD Armateurs,20260904T101500Z,prnewswire.com,English,United States,vessel,D4_운송,2026-09-04
https://economictimes.indiatimes.com/news/international/global-trends/during-the-american-revolution-in-1776-a-rebel-inventor-devised-a-daring-weapon-against-the-british-navy-a-bomb-carrying-submarine/articleshow/133769084.cms,9cc7d48b60c5795225ac49ca783dac1e,"During the American revolution in 1776 , a rebel inventor devised a daring weapon against the British Navy - a bomb - carrying submarine",20260904T164500Z,economictimes.indiatimes.com,English,India,vessel,D4_운송,2026-09-04
https://www.adn.com/opinions/letters/2026/09/03/letter-lets-make-taxes-fair/,ca6cc63aae879e3a4485b510ed55b71c,Letter : Let make taxes fair - Anchorage Daily News,20260904T051500Z,adn.com,English,United States,vessel,D4_운송,2026-09-04
https://www.channelnewsasia.com/world/russia-demands-release-vessel-seized-norway-6359756,9a4d7ff942fdafd4dc990f4a5e9a6595,Russia demands  immediate release  of vessel seized by Norway,20260904T000000Z,channelnewsasia.com,English,United States,vessel,D4_운송,2026-09-04
https://www.newindianexpress.com/world/2026/Sep/04/us-sinks-third-alleged-ecuador-drug-gang-boat-this-week,ddba2fa800901a1ae7d3fba2a8b6d841,US sinks third alleged Ecuador drug gang boat this week,20260904T161500Z,newindianexpress.com,English,India,vessel,D4_운송,2026-09-04
https://www.marinelink.com/news/ten-missing-ship-sinks-off-istanbul-542717,a461cf969ac64029596aaf6b01d12b80,Ten Missing After Ship Sinks Off Istanbul,20260904T030000Z,marinelink.com,English,United States,vessel,D4_운송,2026-09-04
https://www.tribune242.com/news/2026/sep/04/rbdf-catch-150-haitian-migrants-in-boat-off-inagua/,09ae0190203b2e200d77effc644ffdd9,Haitian migrants caught by RBDF in water off Inagua,20260904T204500Z,tribune242.com,English,Bahamas,vessel,D4_운송,2026-09-04
https://www.hurriyetdailynews.com/report-details-errors-before-cargo-ship-sank-off-istanbul-226434,1e170833ac0e9246c20c526a63c71656,Report details errors before cargo ship sank off Istanbul,20260904T070000Z,hurriyetdailynews.com,English,Turkey,vessel,D4_운송,2026-09-04
https://finance.yahoo.com/markets/stocks/articles/stealthgas-inc-q2-2026-earnings-205636238.html,2922f318eca5c2a5b8dfb99428be7078,StealthGas Inc . Q2 2026 Earnings Call Summary,20260904T091500Z,finance.yahoo.com,English,United States,vessel,D4_운송,2026-09-04
https://wcti12.com/news/local/labor-day-weekend-prompts-coast-guard-push-against-illegal-charters-in-east-district,dd7b9aba89d7ee2dfa5804c780894df3,Labor Day weekend prompts Coast Guard push against illegal charters in East District,20260904T101500Z,wcti12.com,English,United States,vessel,D4_운송,2026-09-04
https://www.pcmag.com/news/starlink-bigger-boats-can-use-personal-maritime-plan-too,81856d72b1e3c11a7b582f9bfb443fcd,"Starlink : Bigger Boats Can Use Personal Maritime Plan , Too",20260904T210000Z,pcmag.com,English,United States,vessel,D4_운송,2026-09-04
https://www.gdnonline.com:443/Details/1405247,4ac67a703bca5843a6221f5760b22ef1,World News : Turkish rescue teams search for 10 missing after cargo ship sinks off Istanbul,20260904T084500Z,gdnonline.com,English,United States,vessel,D4_운송,2026-09-04
https://www.breitbart.com/border/2026/09/04/watch-u-s-forces-sink-floating-narco-refueling-station-in-eastern-pacific-operation/,a91221a7a552964fc215af92e1f75a8b,WATCH : U . S . Forces Sink Floating Narco - Refueling Station in Eastern Pacific Operation,20260904T201500Z,breitbart.com,English,United States,vessel,D4_운송,2026-09-04
https://www.rte.ie/news/regional/2026/0904/1590388-cigarette-seizure/,cb86639b4b18f982494abde43eef3f88,Over €11m worth of cigarettes seized at Dublin Port,20260904T211500Z,rte.ie,English,Ireland,vessel,D4_운송,2026-09-04
https://www.marinelink.com/news/operating-without-people-sea-doesnt-mean-542724,cdb20cd43c29a86d6bc5930548fc7b17,Operating Without People At Sea DoesnT Mean Operating,20260904T004500Z,marinelink.com,English,United States,vessel,D4_운송,2026-09-04
https://www.krgv.com/news/what-to-know-before-taking-your-boat-out-this-labor-day-weekend,df5b9f7e650668a78ad97d90db952a97,What to know before taking your boat out this Labor Day weekend,20260904T051500Z,krgv.com,English,United States,vessel,D4_운송,2026-09-04
https://www.rigzone.com/news/wire/adnoc_keeps_loading_lng_tankers_in_gulf-04-sep-2026-184536-article/,cb83e2017bc264ccd03ff8d594569080,ADNOC Keeps Loading LNG Tankers in Gulf,20260904T090000Z,rigzone.com,English,United States,vessel,D4_운송,2026-09-04
https://timesofindia.indiatimes.com/india/cruise-tourism-gets-a-boost-as-govt-clears-e-group-visa/articleshow/133750267.cms,4837233ecb807b64b69f80c6ba777094,Cruise tourism gets a boost as govt clears e - group visa,20260904T031500Z,timesofindia.indiatimes.com,English,India,vessel,D4_운송,2026-09-04
https://www.liverpoolecho.co.uk/whats-on/family-kids-news/disney-dream-fireworks-display-confirmed-34568867,98a98cbca8d2e8f19148be5207ef546c,Disney Dream fireworks display confirmed for Liverpool,20260904T144500Z,liverpoolecho.co.uk,English,United Kingdom,vessel,D4_운송,2026-09-04
https://www.dailykos.com/stories/2026/9/4/800093904/community/jd-vances-bull-things-on-civilian-targeting/,925e1aed6987808d3aef06276f10df20,JD Vance steaming load of  bull - thing on civilian targeting,20260904T184500Z,dailykos.com,English,United States,vessel,D4_운송,2026-09-04
https://www.zmescience.com/science/archaeology/pontius-pilate-ring-seal/,2f9a02e3933c2a9e95b9b7cd0d45b085,A 2000 - Year - Old Ring Bears Pontius Pilate Name but One Letter Changes Everything,20260904T161500Z,zmescience.com,English,United States,vessel,D4_운송,2026-09-04
https://timesofindia.indiatimes.com/science/in-2002-south-australia-sank-ex-hmas-hobart-in-under-3-minutes-18-years-later-a-marine-survey-recorded-more-than-50-fish-species-around-the-destroyer/articleshow/133767550.cms,8578507220719869fa70493fbb2547d0,"In 2002 , South Australia sank ex - HMAS Hobart in under 3 minutes ; 18 years later , a marine survey recorded more than 50 fish species around the destroyer",20260904T180000Z,timesofindia.indiatimes.com,English,India,vessel,D4_운송,2026-09-04
https://www.deccanchronicle.com/southern-states/andhra-pradesh/hsl-lays-keel-for-60-tonne-bollard-pull-tug-1984946,d8444322bd18ecc3e1efff6a036df762,HSL Lays Keel for 60 - Tonne Bollard Pull Tug,20260904T191500Z,deccanchronicle.com,English,India,vessel,D4_운송,2026-09-04
https://english.aawsat.com/world/5314581-tanker-captain-arrested-over-cargo-ship-sinking-istanbul,3094f7fce915418741d45dcd68827860,Tanker Captain Arrested Over Cargo Ship Sinking Off Istanbul,20260904T093000Z,english.aawsat.com,English,Syria,vessel,D4_운송,2026-09-04
https://www.oneindia.com/international/warships-submarines-and-a-dangerous-blind-spot-pakistan-s-seafarer-crisis-8196003.html,b0838e3130f0634b88d13bb8efb5e0b3,"Warships , Submarines and a Dangerous Blind Spot : Pakistan Seafarer Crisis",20260904T151500Z,oneindia.com,English,India,vessel,D4_운송,2026-09-04
https://www.hindustantimes.com/lifestyle/art-culture/from-clay-to-contemporary-living-between-block-and-void-reimagines-ceramic-art-in-gurugram-101788511300563.html,2197a7e892728cd96b1a3e7d2bff7941,From clay to contemporary living :  Between Block and Void  reimagines ceramic art in Gurugram,20260904T101500Z,hindustantimes.com,English,India,vessel,D4_운송,2026-09-04
https://www.theepochtimes.com/article/how-to-visit-antarctica-according-to-a-traveler-whos-been-there-eight-times-6081735,47ef93496f1ad6b072a7cc788edb3359,"How to Visit Antarctica , According to a Traveler Who Been There Eight Times",20260904T164500Z,theepochtimes.com,English,United States,vessel,D4_운송,2026-09-04
https://www.kctv5.com/2026/09/04/new-missouri-laws-target-dui-school-bus-safety-boating-safety-more/,49f479d05aa6ad5082d958f64a717a64,"New Missouri laws target DUI , school bus safety , boating safety and more",20260904T200000Z,kctv5.com,English,United States,vessel,D4_운송,2026-09-04
http://www.idahostatejournal.com/news/national/russia-to-close-german-cultural-centers-amid-deepening-tensions-with-europe-over-supporting-ukraine/article_82e4ff20-5072-56d3-ba19-ddd28dac21e0.html,0643c4c0fdab4a8da871620363620410,Russia to close German cultural centers amid deepening tensions with Europe over supporting Ukraine,20260904T060000Z,idahostatejournal.com,English,United States,vessel,D4_운송,2026-09-04
https://www.cbc.ca/news/canada/newfoundland-labrador/right-whale-spotted-in-nl-9.7332652,be836281deb8f221e56eba586c9035b6,"  Unlike anything wed ever seen : Couple spots North Atlantic right whale off Blackhead Cove , N . L . ",20260904T204500Z,cbc.ca,English,Canada,vessel,D4_운송,2026-09-04
https://torontosun.com/entertainment/television/survivor-greece-contestant-suing-the-show-for-100-m,488713615a7ea8bd28c4eee0d5a37d49,  Survivor Greece  contestant suing the show for $100M,20260904T191500Z,torontosun.com,English,Canada,vessel,D4_운송,2026-09-04
https://www.insurancejournal.com/news/east/2026/09/04/883820.htm,bbc9278e9c9200a7ea3bd822462e7c21,Efforts Underway to Salvage Maine and Boston Schooners That Sank in NYC Canal,20260904T071500Z,insurancejournal.com,English,United States,vessel,D4_운송,2026-09-04
https://www.marinelink.com/news/china-conducted-survey-waters-east-taiwan-542719,d3ec0f1bd0e5a635dfc9ff7452a970b0,China Conducted Survey Of Waters East Of Taiwan,20260904T004500Z,marinelink.com,English,United States,vessel,D4_운송,2026-09-04
http://www.dailyadvance.com/news/national/russia-to-close-german-cultural-centers-amid-deepening-tensions-with-europe-over-supporting-ukraine/article_df09ecf0-6724-53b9-88a8-4ac78d5e2a82.html,92c2ff8733363bb410deefc062fb07f6,Russia to close German cultural centers amid deepening tensions with Europe over supporting Ukraine,20260904T043000Z,dailyadvance.com,English,United States,vessel,D4_운송,2026-09-04
https://allafrica.com/stories/202609040373.html,3fe1310e30ef144b9ba9fc67099bb9d9,Zimbabwe : Govt to Procure More Boats After Kariba Ferry Tragedy,20260904T144500Z,allafrica.com,English,Nigeria,vessel,D4_운송,2026-09-04
https://www.echo-news.co.uk/news/26519802.leigh-business-fears-struggle-despite-massive-support/,ad592f995ef4e109677f05c695fe2928,Leigh business fears struggle despite massive support,20260904T041500Z,echo-news.co.uk,English,United Kingdom,vessel,D4_운송,2026-09-04
https://timesofindia.indiatimes.com/city/coimbatore/sacked-cooks-husband-held-for-instigating-girl-to-mix-chemical-dye-in-sambar-prepared-in-tn-school/articleshow/133769402.cms,55e064448be4fcfe82268d9aec545a8f,Sacked cook husband held for instigating girl to mix chemical dye in sambar prepared in TN school | Coimbatore News,20260904T183000Z,timesofindia.indiatimes.com,English,India,vessel,D4_운송,2026-09-04
https://www.independent.co.uk/travel/cruise/seadream-iii-new-yacht-b3043443.html,8140969e69325baa5477c17fd1910c31,SeaDream unveils plans for first new luxury yacht in 25 years,20260904T124500Z,independent.co.uk,English,United Kingdom,vessel,D4_운송,2026-09-04
https://jerseyeveningpost.com/news/2026/09/04/islands-unlimited-ends-season-early-after-catastrophic-engine-failure/,c337924a0ffba27dadf42ac8322c81fa,Islands Unlimited ends season early after  catastrophic  engine failure,20260904T161500Z,jerseyeveningpost.com,English,United Kingdom,vessel,D4_운송,2026-09-04
http://www.prnewswire.com/news-releases/seasats-lands-24-million-in-usv-contracts-for-national-security-customers-in-one-month-302870098.html,ce4eac496a0ab81e883a7088ead2f464,Seasats Lands $24 Million in USV Contracts for National Security Customers in One Month,20260904T143000Z,prnewswire.com,English,United States,vessel,D4_운송,2026-09-04
https://ktvz.com/news/2026/09/04/safety-concerns-lead-to-removal-of-harmon-parks-50-year-old-play-boat/,87c947d24ecd696b918755e04a358b8e,Safety concerns lead to removal of Harmon Park 50 - year - old play boat,20260904T200000Z,ktvz.com,English,United States,vessel,D4_운송,2026-09-04
https://jcpost.com/posts/fd1dd28e-6149-4ce7-9655-94e3d58a4c26,ff0d0ca4a3a7105120089afc6b3cdfdf,ðŸŽ¥U . S . forces destroy another floating drug trafficker refueling station,20260904T124500Z,jcpost.com,English,United States,vessel,D4_운송,2026-09-04
https://www.durangoherald.com/articles/arts-and-entertainment/first-friday-fall-gallery-walk-unite/,675aabe3a0ef87c4ac69ed13ecd9ab07,"First Friday , Fall Gallery Walk unite",20260904T000000Z,durangoherald.com,English,United States,vessel,D4_운송,2026-09-04
https://calgarysun.com/entertainment/television/survivor-greece-contestant-suing-the-show-for-100-m,8700f647e46d1a01e811ba22c90c5b08,  Survivor Greece  contestant suing the show for $100M,20260904T184500Z,calgarysun.com,English,Canada,vessel,D4_운송,2026-09-04
https://www.aol.co.uk/articles/donald-trump-backing-madman-chainsaw-140137000.html,3032651a93d7a446b7bacbb71fb40683,  Donald Trump is backing a madman with a chainsaw over Britain in Falklands row  ,20260904T143000Z,aol.co.uk,English,United Kingdom,vessel,D4_운송,2026-09-04
https://www.pushsquare.com/previews/exodus-on-ps5-could-be-the-mass-effect-replacement-ive-been-waiting-for,5d65945626981cc5d1c37346a1a29e13,Exodus on PS5 Could Be the Mass Effect Replacement Ive Been Waiting For,20260904T161500Z,pushsquare.com,English,Japan,vessel,D4_운송,2026-09-04
https://bnonews.com/index.php/2026/09/u-s-sinks-2nd-drug-traffickers-floating-fuel-station-in-eastern-pacific/,ad1e04a5cfdf63d9c8f95f8e4d12ab5a,U . S . sinks 2nd drug trafficker floating fuel station in Eastern Pacific,20260904T040000Z,bnonews.com,English,United States,vessel,D4_운송,2026-09-04
https://www.billboard.com/music/rb-hip-hop/tlc-t-boz-missed-dates-its-iconic-tour-sickle-cell-crisis-1236334269/,eaedd49d8e083a2a983563a8909dbb54,TLC Say T - Boz Missed It Iconic Tour Dates Due to  Sickle Cell Crisis  ,20260904T161500Z,billboard.com,English,United States,vessel,D4_운송,2026-09-04
https://www.mirror.co.uk/news/politics/donald-trump-uk-falklands-argentina-37627685,b327f03ff692ffc906184096b593c00d,  Donald Trump is backing a madman with a chainsaw over Britain in Falklands row  ,20260904T144500Z,mirror.co.uk,English,United Kingdom,vessel,D4_운송,2026-09-04
https://hanfordsentinel.com/news/national/us-sends-another-deportation-flight-to-haiti-a-former-haitian-official-among-101-aboard/article_ee00358c-9757-5334-8429-db19c6da9ff0.html,197ab4c62ccbdb50894f384b35547318,US sends another deportation flight to Haiti . A former Haitian official among 101 aboard,20260904T001500Z,hanfordsentinel.com,English,United States,vessel,D4_운송,2026-09-04
https://www.whmi.com/news/fox/coast-guard-recovers-47-bales-suspected-marijuana-worth-2-4m-intercepting-go-fast-vessel,b24bc50c0d2395b86ad60c535369e9a0,"Radio Station WHMI 93 . 5 FM Livingston County Michigan News , Weather , Traffic , Sports , School Updates , and the Best Classic Hit",20260904T124500Z,whmi.com,English,United States,vessel,D4_운송,2026-09-04
https://www.newsweek.com/russian-state-media-deleted-hosts-threat-to-nato-countries-12404526,a870008002ce34d9fad2e78d796ee6e7,Russian state media  deleted  host threat to NATO countries,20260904T184500Z,newsweek.com,English,United States,vessel,D4_운송,2026-09-04
https://gamerant.com/gundam-rogue-orbit-game-trailer/,ff302bb4c36e21de4a6104e6ac1b159e,New Official Gundam Release Confirmed for 2027,20260904T200000Z,gamerant.com,English,United States,vessel,D4_운송,2026-09-04
https://radaronline.com/p/survivor-contestant-lost-leg-lawsuit-producers-cast-cocaine-marijuana/,b5c3771e469958bc53b9b79c41666ab1,Former  Survivor  Player Who Lost His Leg on Show Sues for $100million,20260904T164500Z,radaronline.com,English,United States,vessel,D4_운송,2026-09-04
https://www.butlereagle.com/20260903/western-pennsylvania-coast-guard-auxiliary-gives-stickers-to-safe-boats/,47f9423a17536f720cb11e517d0ad6d1,Western Pennsylvania Coast Guard Auxiliary gives stickers to safe boats,20260904T004500Z,butlereagle.com,English,United States,vessel,D4_운송,2026-09-04
https://www.capeandislands.org/local-news/2026-09-03/house-votes-to-extend-regulatory-pause-on-lobster-fishery-delaying-right-whale-protections,a5b4f3460c6cb24ab201b2f60409f46e,"House votes to extend regulatory pause on lobster fishery , delaying right whale protections",20260904T014500Z,capeandislands.org,English,United States,vessel,D4_운송,2026-09-04
https://www.worldoil.com/news/2026/9/4/baker-hughes-wins-bp-well-stimulation-contract-for-uk-north-sea/,6d832cf540cbdb11a3c4a6c4bf0e5ddd,Baker Hughes wins bp well stimulation contract for united kingdom North Sea,20260904T183000Z,worldoil.com,English,United States,vessel,D4_운송,2026-09-04
https://www.turnto23.com/news/in-your-neighborhood/bakersfield/cal-water-overhauls-northeast-bakersfield-water-system-with-new-tank-and-pumps,66b0508e2ee19975b5c7799d497fc87c,Cal Water upgrades Northeast Bakersfield water system,20260904T040000Z,turnto23.com,English,United States,vessel,D4_운송,2026-09-04
https://www.gdnonline.com:443/Details/1405302/Coastguard-urges-extra-vigil-in-new-safety-call-to-seafarers,d7d0e37e2bde1a6e41d1e04a46e0628f,Bahrain News : Coastguard urges extra vigil in new safety call to seafarers,20260904T023000Z,gdnonline.com,English,United States,vessel,D4_운송,2026-09-04
https://www.jalopnik.com/2249392/u-s-navy-3-4-billion-idled-submarines/,b9a086239a19caf9aa6b6db3d1548ddf,"U . S . Navy Spent $3 . 4 Billion On Idled Submarines , Could Spend Another $3 . 1 Billion Waiting To Decommission More",20260904T184500Z,jalopnik.com,English,United States,vessel,D4_운송,2026-09-04
https://en.apa.az/cis-countries/russian-army-strikes-electrical-substation-in-odesa-region-522831,25c4d8e7c31f57887ecc20955e94ce10,Russian army strikes electrical substation in Odesa region,20260904T073000Z,en.apa.az,English,Azerbaijan,vessel,D4_운송,2026-09-04
https://www.albawaba.net/news/five-lebanese-detainees-return-home-1636425,87104ab6b7144b84d59d0133fe6f0bad,Five Lebanese detainees return home after release from Israel,20260904T184500Z,albawaba.net,English,,vessel,D4_운송,2026-09-04
https://www.theguardian.com/film/2026/sep/04/israel-director-amos-gitai-gaza-the-road-to-jericho-venice,ac62088b2caf94230930069cf6702786,  Many of us in Israel live in a state of shock at the savagery : veteran director Amos Gitai returns to Gaza | Venice film festival,20260904T124500Z,theguardian.com,English,United Kingdom,vessel,D4_운송,2026-09-04
https://economictimes.indiatimes.com/news/international/global-trends/a-man-digging-a-garden-terrace-in-denmark-struck-something-unusual-then-he-realized-he-had-found-a-viking-treasure-including-thors-hammer/articleshow/133768472.cms,1926c5ccd0fef7703707f4760a878c6b,A man digging a garden terrace in Denmark struck something unusual . Then he realized he had found a Viking treasure including Thor hammer,20260904T161500Z,economictimes.indiatimes.com,English,India,vessel,D4_운송,2026-09-04
https://www.businessinsider.com/us-naval-academy-midshipmen-training-yard-patrol-boats-photos-2026-9,6d33b6c2d41dd6c66a66e50daa929357,US Naval Academy Midshipmen Take  Driver Ed  on Training Boats,20260904T191500Z,businessinsider.com,English,United States,vessel,D4_운송,2026-09-04
https://www.cubaheadlines.com/articles/339563,c308157c8d049e14a018f3a1a6b14d1c,U . S . Sinks Drug - Running Vessel Linked to Criminal Group Los Choneros,20260904T191500Z,cubaheadlines.com,English,Cuba,vessel,D4_운송,2026-09-04
https://wwd.com/home-design/home-decor/barovier-toso-global-design-venetian-glass-revamp-1239065389/,13cac8ed8f9e3f2f699e17b4d6d2d36c,Barovier Revamps Venetian Glassmaking with Global Designers,20260904T060000Z,wwd.com,English,United States,vessel,D4_운송,2026-09-04
https://www.windtech-international.com/company-news/cm-energy-plans-european-entry-for-cm-zenith,a74ab2ea4601ab85f9d2a02a1539f32d,Windtech International - CM Energy plans European entry for CM Zenith,20260904T161500Z,windtech-international.com,English,United States,vessel,D4_운송,2026-09-04
https://www.ecoportal.net/uk/351-foot-turbine-blade-snapped-feet/2184/,a6641474d6f1454bb2247c6cd4152b80,"Adhesive that never reached full strength inside 1 wind turbine blade off Massachusetts put 66 more blades from the same Quebec factory on a removal list , and the investigation is still open",20260904T211500Z,ecoportal.net,English,United States,vessel,D4_운송,2026-09-04
https://variety.com/2026/film/global/bogdan-mirica-creator-economy-magnum-opus-1236848006/,1e79d321e49e727b918858afbff99f67,Bogdan Mirică on Working on Creator Economy Dig  Magnum Opus  ,20260904T060000Z,variety.com,English,United States,vessel,D4_운송,2026-09-04
https://wwd.com/home-design/interior-design/rient-express-venezia-couture-design-palazzo-venice-1239092720/,c99d7110a75e6aba181f3d512cd01a72,Orient Express Venezia : A Couture Masterpiece in Historic Venice,20260904T143000Z,wwd.com,English,United States,vessel,D4_운송,2026-09-04
https://www.surinametimes.com/artikel/more-than-80-migrants-feared-dead-after-boat-rescued-off-canary-islands,9b70c165102ca7df5b1647541bf8586f,More than 80 migrants feared dead after boat rescued off Canary Islands,20260904T051500Z,surinametimes.com,English,Suriname,vessel,D4_운송,2026-09-04
https://cheknews.ca/want-to-see-a-whale-try-watching-from-shore-1345846/,a7e80d9dfdaa82bd56b1a8c59982ffce,Want to see a whale ? Try watching from shore,20260904T050000Z,cheknews.ca,English,Canada,vessel,D4_운송,2026-09-04
https://www.ecoportal.net/en/underwater-recordings-dolphins-florida/35587/,b793f7a64b0e6db85875ba6582aaceaa,"Sixty - two hours of underwater recordings off Florida coast uncovered where dolphins feed , socialize , and possibly eavesdrop on their prey while using signature whistles and echolocation clicks to navigate their hidden acoustic world",20260904T164500Z,ecoportal.net,English,United States,vessel,D4_운송,2026-09-04
https://www.dailymail.com/news/article-16103803/Cyprus-ferry-death-toll-rises-10-rescuers-recover-body-people-remain-missing.html,1a2098f4659e0fe89eacd7e2224b3199,Cyprus ferry death toll rises to 10 as rescuers recover another body,20260904T030000Z,dailymail.com,English,United States,vessel,D4_운송,2026-09-04
https://collider.com/jason-statham-the-meg-series-action-thriller-streaming-hbo-max/,158cd14afab240560fac478c76f4b492,Jason Statham 2 - Part Action Series is Quietly One of the Best Thrillers Streaming on HBO Max,20260904T144500Z,collider.com,English,United States,vessel,D4_운송,2026-09-04
https://vegnews.com/vegan-travel-bloggers-scottish-wedding,a3c9494b91d3d0f7eab2f0a3f99339e6,"This Vegan Couple Scottish Wedding Came With Haggis , Whisky , and a Fully Vegan Feast",20260904T031500Z,vegnews.com,English,United States,vessel,D4_운송,2026-09-04
https://www.naturalnews.com/2026-09-03-fermented-foods-linked-improved-heart-health-markers.html,6577f8e6cb5ee6c0dcc0e951389f0a7b,The gut - heart connection : Fermented foods linked to improved heart health markers – NaturalNews . com,20260904T014500Z,naturalnews.com,English,United States,vessel,D4_운송,2026-09-04
https://www.heraldscotland.com/news/26524353.isle-skye-ferry-breaks-amid-landowner-dispute/,70b91f3085f3fa06133b07b6c8f61b1b,Isle of Skye ferry breaks down amid landowner dispute,20260904T191500Z,heraldscotland.com,English,United Kingdom,vessel,D4_운송,2026-09-04
https://www.novinite.com/view_news.php?id=240450,52da3c3368f34e46392a745742847e03,Over 80 Migrants Die in Boat Capsizing Off Gran Canaria - Novinite . com,20260904T000000Z,novinite.com,English,Bulgaria,vessel,D4_운송,2026-09-04
https://timesofindia.indiatimes.com/world/rest-of-world/scientists-recreated-a-17th-century-perfume-from-a-forgotten-recipe-researchers-think-it-was-made-to-remember-its-creators-mother/articleshow/133745239.cms,0c6b4e6a45fb9714acd3b28bcaf4db70,Scientists recreated a 17th - century perfume from a forgotten recipe ; researchers think it was made to remember its creator mother,20260904T094500Z,timesofindia.indiatimes.com,English,India,vessel,D4_운송,2026-09-04
https://www.slashfilm.com/2250741/star-trek-strange-new-worlds-season-4-voyager-tradition-kal-toh/,7cfcf1dac85683af633b318c727a650c,Star Trek : Strange New Worlds Season 4 Brings Back A Voyager Tradition,20260904T003000Z,slashfilm.com,English,United States,vessel,D4_운송,2026-09-04
https://www.sknvibes.com/news/newsdetails.cfm/127853,4f011ed141567e13e6ab13e4b6c2d2a9,"SKNVibes | The MV Freewinds Achieves Historic Milestone of 500 , 000 Safe Sea Miles During Caribbean Voyage",20260904T211500Z,sknvibes.com,English,Saint Kitts and Nevis,vessel,D4_운송,2026-09-04
https://www.bankingnews.gr/diethni/articles/897421/us-hegseth-becomes-a-political-millstone-for-trump-fierce-republican-fire-he-is-incompetent,8ef99427b0999671e0696a440057589e,US : Hegseth becomes a political millstone for Trump – Fierce Republican fire : ,20260904T143000Z,bankingnews.gr,English,Greece,vessel,D4_운송,2026-09-04
https://foreignpolicy.com/2026/09/03/russia-failed-drone-attack-germany-leipzig-airport-eu-nato/,ad948e335d79c3cccf7c29b5d95b5258,"EU , NATO Punish Russia for an Alleged Drone Attack on Germany Leipzig Airport",20260904T011500Z,foreignpolicy.com,English,United States,vessel,D4_운송,2026-09-04
https://www.waterwaysjournal.net/2026/09/04/another-towboat-named-kansas-city/,e0cfee389377dd1cb8933330eae401f6,Another Towboat Named Kansas City - The Waterways Journal,20260904T151500Z,waterwaysjournal.net,English,United States,vessel,D4_운송,2026-09-04
https://www.miragenews.com/trio-charged-stolen-goods-seized-in-lithgow-bust-1738838/,0dcd7ddfbeb9690d05ee0c72b8e068fb,"Trio Charged , Stolen Goods Seized in Lithgow Bust",20260904T041500Z,miragenews.com,English,United States,vessel,D4_운송,2026-09-04
https://2.boredpanda.com/travel-photography-contest-2026-the-artist-gallery/?cexp_id=160807&_f=homepage_featured&cexp_var=5,61b6841b0008f2f514d11724547d8aca,24 Incredible Travel Photos Recognized By The Artist Gallery In Its 2026 Contest,20260904T124500Z,2.boredpanda.com,English,United States,vessel,D4_운송,2026-09-04
https://2.boredpanda.com/travel-photography-contest-2026-the-artist-gallery/,36d35231f8b65a523b3c701965c39571,The Artist Gallery 2026 Travel Contest Winners Celebrate The Beauty Of The World ( 24 Pics ) ,20260904T143000Z,2.boredpanda.com,English,United States,vessel,D4_운송,2026-09-04
https://www.energy-pedia.com/news/poland/heerema-marine-contractors-installs-100-turbine-foundations-2-oss-jackets-at-baltyk-2-3-offshore-wind-farms-205190,48453189116698f127d99f7314ea461e,Poland : Heerema Marine Contractors installs 100 turbine foundations and 2 OSS jackets at Baltyk 2 & 3 offshore wind farms,20260904T060000Z,energy-pedia.com,English,United Kingdom,vessel,D4_운송,2026-09-04
https://news.mongabay.com/2026/09/marine-conservation-collides-with-mining-in-indonesias-biodiversity-rich-moramo-bay/,947480cf4ce9cf1403f9a2621c864c0d,Marine conservation collides with mining in Indonesia biodiversity - rich Moramo Bay,20260904T194500Z,news.mongabay.com,English,Indonesia,vessel,D4_운송,2026-09-04
https://www.chiangraitimes.com/news-asia/china-boards-of-japanese-vessel/,eb85cd1b1058570752b43085270cca8d,China Boarding of Japanese Vessel Sparks Diplomatic Outrage,20260904T044500Z,chiangraitimes.com,English,Thailand,vessel,D4_운송,2026-09-04
https://thefrontierpost.com/tanker-captain-arrested-over-cargo-ship-sinking-off-istanbul/,ce6c474900fdcb8408b5d4039ded7a1a,Tanker captain arrested over cargo ship sinking off Istanbul,20260904T101500Z,thefrontierpost.com,English,Pakistan,vessel,D4_운송,2026-09-04
"http://www.sitkasentinel.com/stories/commercial-king-fishery-to-close,168250",a9e07e56b7a5791cf05e3c6ac8fd7f67,Commercial King Fishery to Close - Daily Sitka Sentinel,20260904T003000Z,sitkasentinel.com,English,United States,vessel,D4_운송,2026-09-04
https://blueprint.ng/how-43-oil-thieves-choked-to-death-in-okrika-jetty-disaster-official/,0a91884c449ab00b870e68a5edb182b8,How 43  oil thieve choked to death in Okrika jetty disaster - Official,20260904T060000Z,blueprint.ng,English,Nigeria,vessel,D4_운송,2026-09-04
https://www.pentictonherald.ca/news/local_news/article_8fc1647d-a979-4a06-a90c-e46cdf9c50b3.html,29ab33e359a142896681a9be511c9b4a,Saving the S . S . Naramata costs a boatload,20260904T183000Z,pentictonherald.ca,English,Canada,vessel,D4_운송,2026-09-04
https://www.additudemag.com/lindsay-clancy-postpartum-adhd/,17fe0330211acbc75db922f92a8e68c0,Lindsay Clancy Trial Should Alarm ADHD Moms : Postpartum Care,20260904T184500Z,additudemag.com,English,United States,vessel,D4_운송,2026-09-04
https://www.cosmopolitan.com/entertainment/books/a73616357/victoria-aveyard-tempest-excerpt-audiobook/,90e523646208411e78ad921653d5bb7d,"Read Victoria Aveyard  Tempest  Excerpt , Listen to Audiobook",20260904T183000Z,cosmopolitan.com,English,United States,vessel,D4_운송,2026-09-04
https://cruiseindustrynews.com/cruise-news/2026/09/corazul-charter-contract-signed-ship-to-enter-drydock-soon/,87622eb56c6006556dfecb1da003d92b,Corazul : Charter Contract Signed ; Ship to Enter Drydock Soon - Cruise Industry News,20260904T021500Z,cruiseindustrynews.com,English,United States,vessel,D4_운송,2026-09-04
https://nuclear-news.net/2026/09/04/1-b1-you-could-be-next-trumps-gestapo-tactics-are-getting-worse/,1fba2b7e312eb51d5a8df5c2a8fdfd8e,You Could Be Next : Trump Gestapo Tactics Are Getting Worse « nuclear - news,20260904T094500Z,nuclear-news.net,English,Japan,vessel,D4_운송,2026-09-04
https://news.mongabay.com/2026/09/south-koreas-sea-women-seek-justice-after-marine-habitat-devastated-by-harbor-work/,9d36dc93fdd3d46e8c0a2565c97ddb16,South Korea  sea women  seek justice after marine habitat devastated by harbor work,20260904T144500Z,news.mongabay.com,English,Indonesia,vessel,D4_운송,2026-09-04
https://journal.com.ph/%E2%82%B1162-2-m-worth-of-kush-seized-from-distressed-sailing-yacht-boc/,f90ae7602d3dc1595888b3710e90d7fc,₱162 . 2 - M Worth Of Kush Seized From Distressed Sailing Yacht - BOC,20260904T011500Z,journal.com.ph,English,Philippines,vessel,D4_운송,2026-09-04
https://carnewschina.com/2026/09/04/china-is-gradually-phasing-out-sudsidies-for-new-energy-vehicles/,a09f51e2df184f0bccd72cac836de947,China is gradually phasing out sudsidies for new energy vehicles,20260904T033000Z,carnewschina.com,English,China,vessel,D4_운송,2026-09-04
http://en.people.cn/n3/2026/0904/c90000-20496129.html,510c48b76b165877422c51b5e260a824,"China , Singapore to carry out joint maritime drill - People Daily Online",20260904T043000Z,en.people.cn,English,China,vessel,D4_운송,2026-09-04
https://www.newsandstar.co.uk/news/26519917.events-taking-place-across-region-honour-merchant-navy-day/,e2a13301bf3e2a9b7b5469819ad6fd5e,Events taking place across the region honour Merchant Navy Day,20260904T043000Z,newsandstar.co.uk,English,United Kingdom,vessel,D4_운송,2026-09-04
https://neoskosmos.com/en/2026/09/04/news/cyprus/northern-cyprus-ferry-toll-rises-to-10-with-18-still-missing/,e1b0a70acb2d59457ca215f9ba6c6366,Northern Cyprus ferry toll rises to 10 with 18 still missing,20260904T011500Z,neoskosmos.com,English,Greece,vessel,D4_운송,2026-09-04
https://thefrontierpost.com/south-korea-prepares-hormuz-military-deployment-reports/,aa75c24f293dcc20678e790f9f7d0514,South Korea prepares Hormuz military deployment : Reports,20260904T040000Z,thefrontierpost.com,English,Pakistan,vessel,D4_운송,2026-09-04
https://www.riotimesonline.com/canary-islands-migrant-boat-gambia-2026/,7343627b0a82d5100e7189d00ea81f8d,"Canary Islands Migrant Boat : 44 Rescued , Five Dead",20260904T074500Z,riotimesonline.com,English,Brazil,vessel,D4_운송,2026-09-04
https://www.dailymail.com/news/article-16105307/Harry-Potter-author-JK-Rowling-forced-cover-superyacht-docking-Los-Angeles-fears-itll-attract-unhinged-pro-transgender-protesters.html,c879e286fd7b55ccb4127c54f6473077,Harry Potter author JK Rowling forced to cover name of her superyacht,20260904T144500Z,dailymail.com,English,United States,vessel,D4_운송,2026-09-04
https://www.thelocal.no/20260904/today-in-norway-a-roundup-of-the-latest-news-on-friday-247,e09bcb051aa2d0c159c446ca0da320b7,Today in Norway : A roundup of the latest news on Friday,20260904T090000Z,thelocal.no,English,Norway,vessel,D4_운송,2026-09-04
https://jewishpress.com/the-battle-for-truth-2/,86bf6c58256614611ddd4e4d8cb3f57c,The Battle for Truth,20260904T023000Z,jewishpress.com,English,Israel,vessel,D4_운송,2026-09-04
https://www.georgeherald.com/News/Article/Local-News/3rd-mossel-bay-open-water-swim-for-sharks-postponed-202609040407,0f49862f7eb0f8c050ee7ceef95c2cba,3rd Mossel Bay open - water swim for sharks postponed,20260904T181500Z,georgeherald.com,English,South Africa,vessel,D4_운송,2026-09-04
https://collider.com/perfect-movies-over-2-hours/,92984361fc3ca0b2ecd618571aa67df5,10 Perfect Movies That Are Over 2 Hours,20260904T124500Z,collider.com,English,United States,vessel,D4_운송,2026-09-04
https://www.techtimes.com/articles/326653/20260904/giant-ojosama-anime-reveals-cast-city-grid-broadcasts-message-seti-cannot-detect.htm,993d9caaddcf2a4d800cc7123f5e5c16,Giant Ojosama Anime Reveals Cast : City Grid Broadcasts Message SETI Cannot Detect,20260904T200000Z,techtimes.com,English,United States,vessel,D4_운송,2026-09-04
http://www.reflector.com/news/national/russia-to-close-german-cultural-centers-amid-deepening-tensions-with-europe-over-supporting-ukraine/article_ef8de80f-81c6-5de3-81ab-f262106de064.html,2f837a6cb278eb5539e54f32c91b5da8,Russia to close German cultural centers amid deepening tensions with Europe over supporting Ukraine,20260904T060000Z,reflector.com,English,United States,vessel,D4_운송,2026-09-04
http://www.goskagit.com/news/nation/russia-to-close-german-cultural-centers-amid-deepening-tensions-with-europe-over-supporting-ukraine/article_8192fd5f-4c06-5920-aeb5-f2824a867d82.html,91cab00058f63382bf627f273f7857c4,Russia to close German cultural centers amid deepening tensions with Europe over supporting Ukraine,20260904T021500Z,goskagit.com,English,United States,vessel,D4_운송,2026-09-04
https://mymotherlode.com/news/world/11112380/russia-will-close-german-cultural-centers-as-moscow-and-europe-spar-over-ukraine.html,2da537d0ca1056e02a3045d795168fe5,Russia to close German cultural centers amid deepening tensions with Europe over supporting Ukraine,20260904T080000Z,mymotherlode.com,English,United States,vessel,D4_운송,2026-09-04
https://thechronicle.com.gh/norway-seizes-russian-ship-in-arctic-over-crimea-compensation-claim/,7b4811f6904aa0e4ccc932e768c52ec7,Norway seizes Russian ship in Arctic over Crimea compensation claim,20260904T074500Z,thechronicle.com.gh,English,Ghana,vessel,D4_운송,2026-09-04
https://eaworldview.com/2026/09/ukraine-war-russia-kyiv-strikes-military-plant-and-naval-vessel/,b7911d0b3b3ced938b6db3b587d49bfd,"Ukraine War , Day 1 , 654 : Kyiv Strikes Military Plant and Naval Vessel Deep Inside Russia",20260904T093000Z,eaworldview.com,English,Syria,vessel,D4_운송,2026-09-04
https://www.yogajournal.com/practice/hand-to-big-toe-explainer/,dbacdcbdff7e1d5e38f4e08071b47bf8,Hand - to - Big - Toe Pose Teaches You How to Find Serious Stability,20260904T191500Z,yogajournal.com,English,United States,vessel,D4_운송,2026-09-04
https://www.bnionline.net/en/news/kio-questions-nearly-200-pows-captured-riverine-ambush-near-shwegu,1943e817b320b07ce26d77c0cebdd16e,KIO Questions Nearly 200 PoWs Captured in Riverine Ambush Near Shwegu,20260904T163000Z,bnionline.net,English,Myanmar,vessel,D4_운송,2026-09-04
http://www.maritimeprofessional.com/news/russian-freight-rates-india-remain-422701,f4e8837f5cf158a5deca3bbf6578974f,Russian Oil Freight Rates to India Remain High,20260904T180000Z,maritimeprofessional.com,English,United States,vessel,D4_운송,2026-09-04
https://www.nakedcapitalism.com/2026/09/coffee-break-dolly-parton-the-dead-zone-junk-food-addiction-and-algorithmic-intelligence.html,09273e4f6c6dd15f38d151f23b240585,"Coffee Break : Dolly Parton , the Dead Zone , Junk Food Addiction , and Algorithmic Intelligence",20260904T211500Z,nakedcapitalism.com,English,United States,vessel,D4_운송,2026-09-04
https://www.oedigital.com/news/542719-china-conducted-survey-of-waters-east-of-taiwan,0d86d7c294654bd60d1fcb24df60bcff,China Conducted Survey of Waters East of Taiwan,20260904T014500Z,oedigital.com,English,Norway,vessel,D4_운송,2026-09-04
https://www.motorship.com/news/alternative-fuels-lubricants/gmi-orders-two-h2-powered-coastal-vessels/,d133a26dbd63134c5798d334da0bde7f,GMI orders two H2 - powered coastal vessels,20260904T101500Z,motorship.com,English,China,vessel,D4_운송,2026-09-04
https://hartfordbusiness.com/article/ct-shipping-company-orders-three-vessels-for-345m-as-hormuz-closure-causes-shipping-rates-to-soar/,8faa49770e7b8e416a74009842b681dc,CT shipping company orders three vessels for $345M as Hormuz closure causes shipping rates to soar,20260904T210000Z,hartfordbusiness.com,English,United States,vessel,D4_운송,2026-09-04
https://www.petroleumnews.com/story/2026/09/06/news/sheen-focus-now-monitoring-investigation/50345.html,96eaeead9dab7ff4705d9ee35367baf9,"Sheen focus now monitoring , investigation",20260904T004500Z,petroleumnews.com,English,United States,vessel,D4_운송,2026-09-04
https://www.therakyatpost.com/living/2026/09/04/your-birthday-gift-free-aquaria-klcc-entry-for-sept-oct-babies/,4bc7bac44e56ab54d087bc535bad43a1,Your Birthday Gift : Free Aquaria KLCC Entry For Sept & Oct Babies,20260904T091500Z,therakyatpost.com,English,Malaysia,vessel,D4_운송,2026-09-04
https://www.fox35orlando.com/news/vintage-paddleboat-revives-old-florida-tradition-lake-toho-st-cloud,7e0de3a390509e8198d0c1d6d2ac779d,Vintage paddleboat revives Old Florida tradition on Lake Toho in St . Cloud,20260904T023000Z,fox35orlando.com,English,United States,vessel,D4_운송,2026-09-04
https://abcnews4.com/news/local/sullivans-island-weighs-new-rules-for-boat-and-trailer-parking-on-town-streets-boat-water-news-trending-viral-community-charleston-south-carolina,77955fe378b7e9cab0f4c7aed00c9aca,Sullivan Island weighs new rules for boat and trailer parking on town streets,20260904T021500Z,abcnews4.com,English,United States,vessel,D4_운송,2026-09-04
https://www.dailymail.com/health/article-16102297/legumes-soy-blood-pressure-hypertension.html,812889b09f1a802205238d93e1521700,The group of  superfood that naturally lowers dangerously high blood pressure,20260904T020000Z,dailymail.com,English,United States,vessel,D4_운송,2026-09-04
https://www.yachtingmagazine.com/brokerage/riva-110-no-surrender-for-sale/,3b012a525159498281f5b466d40db524,For Sale : Riva 110,20260904T180000Z,yachtingmagazine.com,English,United States,vessel,D4_운송,2026-09-04
https://1045theteam.com/ixp/854/p/first-new-york-whale-shark-sighting-since-1935-shocked-cruisers/,889a87358f864e34f6f63948247b2e17,Whale Sharks Seen In New York For The 1st Time Since 1935,20260904T204500Z,1045theteam.com,English,United States,vessel,D4_운송,2026-09-04
https://hellenicnews.com/2026/09/03/swell-ioanna-karystiani-greek-film/,2f93a363cbc4c6f3fafff87d2ef299bd,SWELL Brings Ioanna Karystiani Maritime Novel to the Screen,20260904T003000Z,hellenicnews.com,English,Greece,vessel,D4_운송,2026-09-04
https://mymotherlode.com/news/world/11112450/dozens-missing-5-dead-after-migrant-boat-is-found-drifting-near-spains-canary-islands.html,c4c3da5ca52bdba5921492f287001fb9,Migrant boat found adrift near Spain Canary Islands with 5 dead and dozens missing,20260904T080000Z,mymotherlode.com,English,United States,vessel,D4_운송,2026-09-04
"https://brudirect.com/post/Russian-drone-hits-Ukranian-security-headquarters,-Zelensky-says",f8071ac7690a7b3a2515ad2696b73bd0,Brunei No . 1 News Website,20260904T204500Z,brudirect.com,English,Brunei,vessel,D4_운송,2026-09-04
https://www.oilandgasonline.com/doc/subsea-awarded-offshore-0001,8ca3b4219bc6bad735a5fda448d09f6a,Subsea7 Awarded Contract Offshore US,20260904T124500Z,oilandgasonline.com,English,United States,vessel,D4_운송,2026-09-04
https://www.thepostathens.com/article/2026/09/grace-schmidt-happens-olivia-rodrigo-daisy-chain-fields,7684508b83ef02ab99edec25f98ac253,Schmidt Happens : Daisy Chain Fields proves Olivia Rodrigo is pop  it girl  ,20260904T084500Z,thepostathens.com,English,United States,vessel,D4_운송,2026-09-04
https://www.cruisehive.com/royal-caribbean-cancels-guest-beach-club-passes-in-favor-of-charter/216578,9286f065b41e5029faba140af381a686,Royal Caribbean Cancels Guest Beach Club Passes in Favor of Charter,20260904T144500Z,cruisehive.com,English,United States,vessel,D4_운송,2026-09-04
https://dailytrust.com/rivers-nscdc-investigates-substance-linked-to-deaths-of-suspected-oil-thieves/,26e88ca4aa372d49eb934f99dbf78bfd,Rivers : NSCDC investigates substance linked to deaths of suspected oil thieves – Daily Trust,20260904T151500Z,dailytrust.com,English,Niger,vessel,D4_운송,2026-09-04
https://www.thepostathens.com/article/2026/09/coyote-vs-acme-john-cena-will-forte-micah-fenner,0b6e183ab9831b6270690ccb43edd576,  Coyote vs . Acme  brings fun slapstick legal adventures to the world of Looney Tunes,20260904T084500Z,thepostathens.com,English,United States,vessel,D4_운송,2026-09-04
https://www.thailand-business-news.com/markets/commodities/326892-thailand-unveils-new-strategy-to-attract-higher-value-global-investment,0fb3295db0f134cacdeb6b3658def7df,Thailand unveils new strategy to attract higher - value global investment,20260904T100000Z,thailand-business-news.com,English,Thailand,vessel,D4_운송,2026-09-04
https://maritime-executive.com/corporate/texas-a-m-maritime-academy-training-ship-lone-star-state-is-heading-home,732c700723ed7a3f5ff71e4f2c99d1e3,Texas A & M Maritime Academy Training Ship Lone Star State is Heading Home,20260904T021500Z,maritime-executive.com,English,United States,vessel,D4_운송,2026-09-04
https://www.intelligencer.ca/press-releases/newsfile/capital-tides-2026-sets-sail-september-10-with-26-presenting-companies-as-final-investor-seats-open/,2ffa446c72a693803369732461584b4e,Capital Tides 2026 Sets Sail September 10 with 26 Presenting Companies as Final Investor Seats Open,20260904T021500Z,intelligencer.ca,English,Canada,vessel,D4_운송,2026-09-04
http://www.stardem.com/news/saving-a-drowned-island-construction-underway-at-maryland-s-james-island/article_261d5b33-180a-4287-a8b5-ed3e719dce63.html,b2243ec4e59dc9dab44f9b6adced4d9e,Saving a drowned island : Construction underway at Maryland James Island | News,20260904T023000Z,stardem.com,English,United States,vessel,D4_운송,2026-09-04
https://italoamericano.org/st-peters-square-obelisk/,7f948756105e0b98c49649dc5d9fd21d,The Vatican Obelisk : Rome Mysterious Blank Stone,20260904T004500Z,italoamericano.org,English,Italy,vessel,D4_운송,2026-09-04
https://www.ghanamma.com/2026/09/04/how-nigeria-can-bring-29m-adults-into-financial-system-nimasa-director-ani-the-sun-nigeria/,73bd4d161e91aeb9bf5a64f52c6364d6,How Nigeria can bring 29m adults into financial system NIMASA director Ani – The Sun Nigeria – Ghanamma . com,20260904T144500Z,ghanamma.com,English,Ghana,vessel,D4_운송,2026-09-04
https://www.miragenews.com/greenpeace-pictures-of-week-5-september-1739195/,fd3727da7f385e3a7e5411848e33a4b2,Greenpeace Pictures Of Week 5 September,20260904T191500Z,miragenews.com,English,United States,vessel,D4_운송,2026-09-04
https://www.bjreview.com/World/202605/t20260513_800437226.html,ec71bc8b77a49c5a9bbd601ddc23c573,Japan military pivot triggers high alert -- Beijing Review,20260904T043000Z,bjreview.com,English,China,vessel,D4_운송,2026-09-04
https://www.dailymail.com/news/article-16104153/Saylor-Hayes-parents-court-time-arrest-missing-nonverbal-lake.html,7d8a720b100a485d14b5d7d01619c43d,Horrific details of Saylor Hayne parent previous child abuse arrests laid bare in court documents as couple appears before judge after five - year - old daughter found dead in pond,20260904T021500Z,dailymail.com,English,United States,vessel,D4_운송,2026-09-04
https://www.dreadcentral.com/gaming/586872/10-lovecraftian-horror-games-you-need-to-play/,f61f31aa990dd77d5a87b3a5c1c0aa49,10 Lovecraftian Horror Games You Need to Play ! ,20260904T204500Z,dreadcentral.com,English,United States,vessel,D4_운송,2026-09-04
https://www.jns.org/analysis/iran-buys-time-as-sanctions-tighten-and-talks-go-nowhere,4c915f64f71020b97376629788684d02,Iran buys time as sanctions tighten and talks go nowhere,20260904T043000Z,jns.org,English,Israel,vessel,D4_운송,2026-09-04
https://newpol.org/a-reckless-drive-for-more-nuclear-power/,ec661b981e9e4065f716477167555127,A Reckless Drive for More Nuclear Power,20260904T211500Z,newpol.org,English,United States,vessel,D4_운송,2026-09-04
https://www.miragenews.com/opposition-leader-addresses-menzies-centre-1738812/,2705b887c65d34679fb8d713b252c829,"Opposition Leader Addresses Menzies Centre , Sydney",20260904T031500Z,miragenews.com,English,United States,vessel,D4_운송,2026-09-04
https://indiankanoon.org/doc/113988368/,a0488aadee3b4340ea7f40ec498b8c55,"Darshna vs Municipal Corporation on 3 September , 2026",20260904T040000Z,indiankanoon.org,English,India,seizure,D6_교란행위,2026-09-04
https://www.naturalnews.com/2026-09-04-israel-seizes-last-unrwa-facility-jerusalem.html,065e574b39de4a7acbfe50d3b3db4ef7,"Israel seizes last UNRWA facility in East Jerusalem , faces accusations of  highway robbery  – NaturalNews . com",20260904T211500Z,naturalnews.com,English,United States,seizure,D6_교란행위,2026-09-04
https://www.freepressjournal.in/mumbai/kalyan-police-seize-158-lakh-md-drug-2-arrested-in-ambivli-narcotics-crackdown,60da13bc9d3d2097c66f1be962f0994d,"Kalyan Police Seize ₹15 . 8 Lakh MD Drug , 2 Arrested In Ambivli Narcotics Crackdown",20260904T164500Z,freepressjournal.in,English,India,seizure,D6_교란행위,2026-09-04
https://www.reviewjournal.com/local/henderson/henderson-5-of-21-sphynx-cats-seized-from-breeder-have-died-6-taken-from-freezer-3882256/,6528cbb7eaf97e7a6bf4d6a4fe4c42fe,5 of 21 Sphynx cats seized by Henderson animal control die | Henderson,20260904T183000Z,reviewjournal.com,English,United States,seizure,D6_교란행위,2026-09-04
https://sana.sy/en/middle-east/2340358/,5b416a6c5f5235e5d3122bb033b699b5,Amnesty says Israeli land seizures for settlements violate international law,20260904T101500Z,sana.sy,English,Syria,seizure,D6_교란행위,2026-09-04
https://www.ktvu.com/news/hercules-pay-1-3m-man-after-police-stunned-him-taser,014cbe50f80464bcfe7735df302f4c33,Hercules to pay $1 . 3M to man after police stunned him with Taser,20260904T191500Z,ktvu.com,English,United States,seizure,D6_교란행위,2026-09-04
https://hightimes.com/category/news/hawaii/,460d224554f84950f9dd1163b163391a,Past Hawaii Articles | High Times Magazine,20260904T164500Z,hightimes.com,English,United States,seizure,D6_교란행위,2026-09-04
https://www.prokerala.com/news/articles/a1808610.html,2d49fbdf789b40e7898488a1d3205a7e,Awami League alleges widespread persecution of minorities across Bangladesh since August 2024,20260904T164500Z,prokerala.com,English,India,seizure,D6_교란행위,2026-09-04
https://www.wbtv.com/2026/09/04/federal-grand-jury-indicts-7-chesterfield-county-men-after-historic-dogfighting-bust/,cc2532393ff912e487b5d212441a9919,Federal grand jury indicts 7 Chesterfield County men after historic dogfighting bust,20260904T210000Z,wbtv.com,English,United States,seizure,D6_교란행위,2026-09-04
https://www.deccanchronicle.com/nation/maharashtra-districts-crack-down-on-high-decibel-djs-laser-lights-1984964,453dad46f62a3d865f6ea9dd4666ffb7,"Maharashtra Districts Crack Down On High - Decibel DJs , Laser Lights",20260904T211500Z,deccanchronicle.com,English,India,seizure,D6_교란행위,2026-09-04
https://www.lancashiretelegraph.co.uk/news/national/26522405.woman-avoids-jail-fatal-xl-bully-attack/,74d46923817da6f1a2ba603ebeb50921,Woman avoids jail for fatal XL bully attack,20260904T124500Z,lancashiretelegraph.co.uk,English,United Kingdom,seizure,D6_교란행위,2026-09-04
https://www.ipswichstar.co.uk/news/national/26522405.woman-avoids-jail-fatal-xl-bully-attack/,4633ad6971525caf1500d955cbc55dfc,Woman avoids jail for fatal XL bully attack,20260904T130000Z,ipswichstar.co.uk,English,United Kingdom,seizure,D6_교란행위,2026-09-04
https://www.wfsb.com/2026/09/04/bridgeport-fbi-officers-seize-narcotics-stash-house/,ccbd24bf8ed092749675b073152b6b00,"Bridgeport , FBI officers seize narcotics from stash house",20260904T033000Z,wfsb.com,English,United States,seizure,D6_교란행위,2026-09-04
https://www.yorkpress.co.uk/news/national/26522405.woman-avoids-jail-fatal-xl-bully-attack/,2611dbb5ca579a55393c0ce357c46d8e,Woman avoids jail for fatal XL bully attack,20260904T130000Z,yorkpress.co.uk,English,United Kingdom,seizure,D6_교란행위,2026-09-04
https://www.deccanchronicle.com/nation/odisha-105-kg-sandalwood-worth-over-rs-10-lakh-seized-in-odisha-3-held-1984882,c84986f403cc9a4233fa50e3cc26f901,Odisha : 105 kg Sandalwood Worth Over Rs 10 Lakh Seized In Odisha ; 3 Held,20260904T164500Z,deccanchronicle.com,English,India,seizure,D6_교란행위,2026-09-04
https://www.thenorthernecho.co.uk/news/national/26522405.woman-avoids-jail-fatal-xl-bully-attack/,a6161959d4beca01e22ef71fcd76975f,Woman avoids jail for fatal XL bully attack,20260904T130000Z,thenorthernecho.co.uk,English,United Kingdom,seizure,D6_교란행위,2026-09-04
https://www.swindonadvertiser.co.uk/news/national/26522405.woman-avoids-jail-fatal-xl-bully-attack/,71c366b00af709e8495c43b5d7ce0ac7,Woman avoids jail for fatal XL bully attack,20260904T124500Z,swindonadvertiser.co.uk,English,United Kingdom,seizure,D6_교란행위,2026-09-04
https://www.bucksfreepress.co.uk/news/national/26522405.woman-avoids-jail-fatal-xl-bully-attack/,b562abae3c53364d21ef375e124b7341,Woman avoids jail for fatal XL bully attack,20260904T144500Z,bucksfreepress.co.uk,English,United Kingdom,seizure,D6_교란행위,2026-09-04
https://leaderpost.com/press-releases/globe-newswire/stoke-therapeutics-and-biogen-present-long-term-clinical-data-that-support-the-disease-modifying-potential-of-zorevunersen-an-investigational-medicine-for-the-treatment-of-dravet-syndrome-at-the-16t/,680b99be799a4ac213c5c2ba967790f5,"Stoke Therapeutics and Biogen Present Long - Term Clinical Data that Support the Disease - Modifying Potential of Zorevunersen , an Investigational Medicine for the Treatment of Dravet Syndrome , at the 16th European Epilepsy Congress ( EEC ) ",20260904T003000Z,leaderpost.com,English,Canada,seizure,D6_교란행위,2026-09-04
https://indiankanoon.org/doc/94811162/,01763329f2b20d7d692e616f6657531b,"Arivuselvam vs State Rep . By , Inspector Of Police , on 3 September , 2026",20260904T031500Z,indiankanoon.org,English,India,seizure,D6_교란행위,2026-09-04
https://www.freepressjournal.in/education/supreme-court-to-hear-mbbs-students-plea-against-withholding-of-degree-after-nia-seizes-113-crore-course-fee,8b82f6ec3f8c8c958b738ec406a69158,Supreme Court To Hear MBBS Student Plea Against Withholding Of Degree After NIA Seizes ₹1 . 13 Crore Course Fee,20260904T070000Z,freepressjournal.in,English,India,seizure,D6_교란행위,2026-09-04
https://www.liverpoolecho.co.uk/news/uk-world-news/woman-court-after-xl-bully-34568372,f87f550d07134b7bf6a563469d60e7cd,Bristol Woman avoids jail after XL Bully killed her teenage cousin,20260904T144500Z,liverpoolecho.co.uk,English,United Kingdom,seizure,D6_교란행위,2026-09-04
https://dailypost.ng/2026/09/04/alleged-terrorism-court-stalls-gani-topbas-bail-hearing-trial/,cda139ccdae6663ca72ae2daf63755e2,"Alleged terrorism : Court stalls Gani Topba bail hearing , trial",20260904T200000Z,dailypost.ng,English,Nigeria,seizure,D6_교란행위,2026-09-04
https://www.okaz.com.sa/variety/na/2264430,55a2ea7105d20dfebddfb74517bd0dd8,46 سيارة و228 كيلوغراماً من الكوكايين .. سقوط « شبكة الموت » الدولية في الجزائر,20260904T180000Z,okaz.com.sa,English,Saudi Arabia,seizure,D6_교란행위,2026-09-04
https://www.yahoo.com/news/us/articles/inside-han-kuang-taiwan-prepares-051242078.html,926b16ef2977e54c8888dc4f4a2c1ce4,Inside the Han Kuang how Taiwan prepares for the world most consequential war,20260904T091500Z,yahoo.com,English,United States,seizure,D6_교란행위,2026-09-04
https://www.oxfordmail.co.uk/news/national/26522405.woman-avoids-jail-fatal-xl-bully-attack/,1418a37aaddbd16b9546f5d17568aaaf,Woman avoids jail for fatal XL bully attack,20260904T124500Z,oxfordmail.co.uk,English,United Kingdom,seizure,D6_교란행위,2026-09-04
https://news.webindia123.com/news/Articles/India/20260904/4494497.html,a0b0ca93bb6f871cd7164dfb6cfb2aeb,Karnataka Govt suspends IAS Officer Gyanendra Kumar Gangwar over alleged KPSC recruitment scam,20260904T080000Z,news.webindia123.com,English,India,seizure,D6_교란행위,2026-09-04
https://www.thehindu.com/news/national/kerala/excise-squad-seeks-central-agencies-support-to-trace-nigerian-national-in-mdma-case/article71427876.ece,085fc8ba4a81241f767f02223eae270f,Excise squad seeks Central agencie support to trace Nigerian national in MDMA case,20260904T144500Z,thehindu.com,English,India,seizure,D6_교란행위,2026-09-04
https://aninews.in/news/national/general-news/karnataka-govt-suspends-ias-officer-gyanendra-kumar-gangwar-over-alleged-kpsc-recruitment-scam20260904090733/,c3a7e801f44a399ad2adfcc26762f6d8,Karnataka Govt suspends IAS Officer Gyanendra Kumar Gangwar over alleged KPSC recruitment scam,20260904T044500Z,aninews.in,English,India,seizure,D6_교란행위,2026-09-04
https://journalstar.com/news/state-regional/nebraska/article_9eab944c-05db-5ecc-8848-bd44e8f52e52.html,54ec2294db05f8414919221b57145b6a,Omaha officer shielded from excessive - force lawsuit over protest flashbang,20260904T011500Z,journalstar.com,English,United States,seizure,D6_교란행위,2026-09-04
https://www.manchestereveningnews.co.uk/news/uk-news/royal-mail-worker-jailed-after-34568070,3c4e3ee4cb935b0e1744bde337208eac,Royal Mail worker jailed after police found £1 . 2m hidden in locker amid drugs scandal,20260904T124500Z,manchestereveningnews.co.uk,English,United Kingdom,seizure,D6_교란행위,2026-09-04
https://www.irishtimes.com/crime-law/courts/2026/09/04/woman-inmate-told-go-to-window-for-breath-of-air-if-gripped-by-panic-attack/,65f67114376d1b30930144df20744e27,Woman inmate told go to window for breath of air if gripped by panic attack,20260904T101500Z,irishtimes.com,English,Ireland,seizure,D6_교란행위,2026-09-04
https://www.miragenews.com/research-challenges-belief-young-brains-heal-1739230/,32b04fe2d629b5c6bdcc5481db0e2a53,Research Challenges Belief : Young Brains Heal Faster,20260904T203000Z,miragenews.com,English,United States,seizure,D6_교란행위,2026-09-04
https://timesofindia.indiatimes.com/city/noida/old-not-polluting-ghaziabad-residents-protest-drive-to-seize-elvs/articleshow/133745437.cms,74d7d9282154df99c65b8aa60b5558b1,"Old , not polluting : Ghaziabad residents protest drive to seize ELVs",20260904T000000Z,timesofindia.indiatimes.com,English,India,seizure,D6_교란행위,2026-09-04
https://www.prokerala.com/news/articles/a1808453.html,92f00b7adb6f83576fab321aac7c8fc0,"Digital arrest crackdown : CBI raids 89 locations across 20 states under Operation Chakra IV , 3 held",20260904T094500Z,prokerala.com,English,India,seizure,D6_교란행위,2026-09-04
https://www.freepressjournal.in/pune/dhule-100-day-zero-tolerance-campaign-launched-against-drugs-says-jaykumar-rawal,0be89402b4679a43392738b6f5df1151,"Dhule : 100 - Day  Zero Tolerance  Campaign Launched Against Drugs , Says Jaykumar Rawal",20260904T151500Z,freepressjournal.in,English,India,seizure,D6_교란행위,2026-09-04
https://punchng.com/customs-generate-n88-9bn-seize-n2-16bn-goods-in-kano/,21190e00545271502361b1076c4a26a9,"Kano Customs Generates N88 . 9bn , Seizes N2 . 16bn Goods",20260904T124500Z,punchng.com,English,Nigeria,seizure,D6_교란행위,2026-09-04
https://www.zerohedge.com/geopolitical/putin-floats-chance-peace-while-ukraine-cites-new-dynamic-get-table,523378e3cebaa1f814367ccbac45b6e4,"Putin Floats  Chance  At Peace , While Ukraine Cites  New Dynamic  To Get To Table",20260904T001500Z,zerohedge.com,English,United States,seizure,D6_교란행위,2026-09-04
https://www.rawstory.com/trump-election-threats/,a10f4813c0548126f601d9658e647313,  You cant laugh it off : Dems declare war on  far - fetched  Trump election threats,20260904T144500Z,rawstory.com,English,United States,seizure,D6_교란행위,2026-09-04
https://www.asiaone.com/singapore/5-charged-allegedly-trafficking-etomidate-vaporiser-pods-hsa-cnb-spf,c482e30ed5686468151bff5373c2a732,Man caught with $870k worth of Kpods among 5 charged with alleged trafficking of vaporisers,20260904T151500Z,asiaone.com,English,Singapore,seizure,D6_교란행위,2026-09-04
https://www.asiaone.com:443/singapore/5-charged-allegedly-trafficking-etomidate-vaporiser-pods-hsa-cnb-spf,497c4c5cea73327582a902528444240a,Man caught with $870k worth of Kpods among 5 charged with alleged trafficking of vaporisers,20260904T151500Z,asiaone.com,English,Singapore,seizure,D6_교란행위,2026-09-04
https://allafrica.com/stories/202609040366.html,3cada7fc686405f8bc224d1c7e833de5,Kenyan Standard Alex Kiprotich Seized By Armed Men After Escaping Earlier Attack,20260904T151500Z,allafrica.com,English,Nigeria,seizure,D6_교란행위,2026-09-04
https://windsorstar.com:443/news/local-news/windsor-police-arrest-one-man-search-for-woman-after-drugs-gun-bust,22bf12f7f3b3cd75c6c6f4574da7fa2d,"Windsor police arrest one man , search for woman after drugs , gun bust",20260904T201500Z,windsorstar.com,English,Canada,seizure,D6_교란행위,2026-09-04
https://www.moneylife.in/article/cbi-raids-89-locations-in-20-states-in-digital-arrest-cases-involving-4236-crore/81558.html,7662f006eaefcef16795868902dc5d12,CBI Raids 89 Locations in 20 States in Digital Arrest Cases Involving ₹42 . 36 Crore,20260904T203000Z,moneylife.in,English,India,seizure,D6_교란행위,2026-09-04
https://www.philstar.com/other-sections/supplements/2026/09/04/2553311/why-dignity-most-valuable-currency-digital-finance,da8ed085ad6d928ac3c1ae9c4fd08fbf,Why dignity is the most valuable currency in digital finance,20260904T004500Z,philstar.com,English,Philippines,seizure,D6_교란행위,2026-09-04
https://en.interfax.com.ua/news/blog/1198987.html,7e298afedb6e6fdf241ccf6f88d16361,Ideology without complexes : Russian propaganda increasingly repeats propagandist slogans of the Third Reich,20260904T200000Z,en.interfax.com.ua,English,Ukraine,seizure,D6_교란행위,2026-09-04
http://www.russiaherald.com/news/279285571/israel-stealing-un-property-palestinian-american-journalist,07127db8ecd1cdfc885013df116a90f0,Israel stealing UN property Palestinian - American journalist,20260904T074500Z,russiaherald.com,English,Russia,seizure,D6_교란행위,2026-09-04
https://www.sloughobserver.co.uk/news/26521071.royal-mail-worker-jailed-1-2m-cash-haul-uncovered/,be25a380a53471631c8d85fb43f32797,Royal Mail worker jailed after £1 . 2m cash haul uncovered,20260904T080000Z,sloughobserver.co.uk,English,United Kingdom,seizure,D6_교란행위,2026-09-04
http://www.arabherald.com/news/279285571/israel-stealing-un-property-palestinian-american-journalist,abe22146c9410d659f569eb1d3e17ac3,Israel stealing UN property Palestinian - American journalist,20260904T100000Z,arabherald.com,English,Syria,seizure,D6_교란행위,2026-09-04
http://www.middleeaststar.com/news/279285571/israel-stealing-un-property-palestinian-american-journalist,2b9fb1dc66973b471c3199f519834ed9,Israel stealing UN property Palestinian - American journalist,20260904T080000Z,middleeaststar.com,English,Syria,seizure,D6_교란행위,2026-09-04
http://www.heraldglobe.com/news/279285571/israel-stealing-un-property-palestinian-american-journalist,3c551a9066e6b091fe6e55ff999b87a7,Israel stealing UN property Palestinian - American journalist,20260904T074500Z,heraldglobe.com,English,United States,seizure,D6_교란행위,2026-09-04
https://theconversation.com/experimental-brain-implants-are-on-the-rise-what-happens-after-the-trials-are-over-291039,360586adf7b1c523637712c7ed3e95c0,Experimental brain implants are on the rise . What happens after the trials are over ? ,20260904T003000Z,theconversation.com,English,Australia,seizure,D6_교란행위,2026-09-04
https://collider.com/no-country-for-old-men-best-quote-western-movie/,544dea51b59901a38b8c7ec139c9ef72,"In Just 5 Words , This Unforgettable Last Line Defined the Greatest Western of the Modern Era",20260904T041500Z,collider.com,English,United States,seizure,D6_교란행위,2026-09-04
https://whbl.com/2026/09/04/norway-to-help-russians-stranded-in-arctic-after-ship-seizure-government-says/,ee5d7215b7748023fbc1046ef25ca238,"Norway to help Russians stranded in Arctic after ship seizure , government says",20260904T180000Z,whbl.com,English,United States,seizure,D6_교란행위,2026-09-04
https://www.somersetlive.co.uk/news/somerset-news/four-young-men-charged-importing-11141316,7297926bd39f004164ffc05d6f5b3e67,Four young men charged with importing banned weapons,20260904T100000Z,somersetlive.co.uk,English,United Kingdom,seizure,D6_교란행위,2026-09-04
https://www.irishtimes.com/world/middle-east/2026/09/03/israelis-shoot-dead-two-palestinian-teens-after-settlers-encircle-village-in-west-bank/,465fbc3ab6905df2ff7f0fd078585010,Israelis shoot dead two Palestinian teens after settlers encircle village in West Bank,20260904T014500Z,irishtimes.com,English,Ireland,seizure,D6_교란행위,2026-09-04
https://www.mediafax.ro/english/diicot-case-against-the-tate-brothers-allegations-of-exploitation-of-a-minor-23801942,fd2e98a5065bbf18672ea21bb51223f5,DIICOT case against the Tate brothers . Allegations of exploitation of a minor,20260904T124500Z,mediafax.ro,English,Romania,seizure,D6_교란행위,2026-09-04
https://www.ilfattoquotidiano.it/2026/09/04/dog-fighting-fondi-animali-sequestrati-notizie/8493112/,404441d2d315d737f1b28932254ea84d,"Dog fighting , funds secured for rescued animals : finally a concrete step forward",20260904T071500Z,ilfattoquotidiano.it,English,Italy,seizure,D6_교란행위,2026-09-04
https://metro.co.uk/2026/09/04/metro-joins-police-crackdown-gang-kingdoms-operating-south-london-29527713/,a3d7b818ca8c29908c4dad3ce24ae915,Metro joins police in crackdown on  gang kingdom operating in south London,20260904T071500Z,metro.co.uk,English,United Kingdom,seizure,D6_교란행위,2026-09-04
https://www.dailykos.com/stories/2026/9/4/800093747/community/russian-stuff-blowing-up/,0564fba8758cc906355ff0a6930f9558,Russian stuff blowing up : Another Russian official has fallen out of a window,20260904T184500Z,dailykos.com,English,United States,seizure,D6_교란행위,2026-09-04
https://www.irishmirror.ie/news/irish-news/prison-chiefs-accused-falsely-imprisoning-37624888,7ecff31d06a4fa0dbe1112edf384825b,Prison chiefs accused of  falsely imprisoning  man accused over €100k cocaine seizure by driving him through NI by mistake,20260904T074500Z,irishmirror.ie,English,Ireland,seizure,D6_교란행위,2026-09-04
https://ianslive.in/awami-league-alleges-widespread-persecution-of-minorities-across-bangladesh-since-august-2024--20260904203551,ff379edc1c788d6eb17f8d026bad9952,Awami League alleges widespread persecution of minorities across Bangladesh since August 2024,20260904T161500Z,ianslive.in,English,India,seizure,D6_교란행위,2026-09-04
https://www.laois-nationalist.ie/news/laois-garda%C3%AD-involved-in-major-drug-seizure-at-location-in-the-county_arid-110399.html,c8d97b48b06eb403dd8b2f744a348670,Laois gardaí involved in major drug seizure at location in the county - News,20260904T203000Z,laois-nationalist.ie,English,Ireland,seizure,D6_교란행위,2026-09-04
https://www.recorder.ca/press-releases/globe-newswire/stoke-therapeutics-and-biogen-present-long-term-clinical-data-that-support-the-disease-modifying-potential-of-zorevunersen-an-investigational-medicine-for-the-treatment-of-dravet-syndrome-at-the-16t/,3a0db0a13e5d8f861c69b7317c8888fc,"Stoke Therapeutics and Biogen Present Long - Term Clinical Data that Support the Disease - Modifying Potential of Zorevunersen , an Investigational Medicine for the Treatment of Dravet Syndrome , at the 16th European Epilepsy Congress ( EEC ) ",20260904T033000Z,recorder.ca,English,Canada,seizure,D6_교란행위,2026-09-04
https://foxreno.com/news/local/wcso-k9-traffic-stop-nets-54-pounds-of-cocaine-driver-arrested-on-felony-charges,12e1e77c8137c3d1b5f4f870498728c3,"WCSO K9 traffic stop nets 5 . 4 pounds of cocaine , driver arrested on felony charges",20260904T180000Z,foxreno.com,English,United States,seizure,D6_교란행위,2026-09-04
https://www.wptv.com/news/palm-beach-county/month-long-campaign-warns-palm-beach-co-residents-that-straw-gun-purchases-carry-15-year-prison-sentences,b744e8667f3c57d5236ab87bb76b85ce,Buy a gun for the wrong person ? You could face 15 - year prison sentence,20260904T000000Z,wptv.com,English,United States,seizure,D6_교란행위,2026-09-04
http://www.businessghana.com/site/news/General/355447/2026-National-Cyber-Security-Awareness-Month-launched-to-build-digital-trust,4a5e0e60ebbe2a480102a1dee0d4d0ef,2026 National Cyber Security Awareness Month launched to build digital trust,20260904T090000Z,businessghana.com,English,Ghana,seizure,D6_교란행위,2026-09-04
http://www.pakistantelegraph.com/news/279283818/border-police-foil-96-illegal-crossings-at-bih-croatia-border,d1d359819a6f27bb4327a8e2baeeedfe,Border police foil 96 illegal crossings at BiH - Croatia border,20260904T031500Z,pakistantelegraph.com,English,Pakistan,seizure,D6_교란행위,2026-09-04
https://www.readingchronicle.co.uk/news/national/26522405.woman-avoids-jail-fatal-xl-bully-attack/,98b2e4413e88c62448eb8b3102b22d85,Woman avoids jail for fatal XL bully attack,20260904T124500Z,readingchronicle.co.uk,English,United Kingdom,seizure,D6_교란행위,2026-09-04
https://www.tivysideadvertiser.co.uk/news/national/26522405.woman-avoids-jail-fatal-xl-bully-attack/,6902eb5a729dcc2d2067c67fdb13984c,Woman avoids jail for fatal XL bully attack,20260904T124500Z,tivysideadvertiser.co.uk,English,United Kingdom,seizure,D6_교란행위,2026-09-04
https://www.newsandstar.co.uk/news/national/26522405.woman-avoids-jail-fatal-xl-bully-attack/,c223bf45c249d526378c40c57c754f40,Woman avoids jail for fatal XL bully attack,20260904T124500Z,newsandstar.co.uk,English,United Kingdom,seizure,D6_교란행위,2026-09-04
https://www.leighjournal.co.uk/news/national/26522405.woman-avoids-jail-fatal-xl-bully-attack/,318b90d317fee6b139d12fa2051bf696,Woman avoids jail for fatal XL bully attack,20260904T124500Z,leighjournal.co.uk,English,United Kingdom,seizure,D6_교란행위,2026-09-04
https://www.royston-crow.co.uk/news/national/26522405.woman-avoids-jail-fatal-xl-bully-attack/,00ce0b95da692a34d55ccd1d57e7cb26,Woman avoids jail for fatal XL bully attack,20260904T124500Z,royston-crow.co.uk,English,United Kingdom,seizure,D6_교란행위,2026-09-04
https://www.thewestmorlandgazette.co.uk/news/national/26522405.woman-avoids-jail-fatal-xl-bully-attack/,266f51661e2fea5d3aa398b20dd63185,Woman avoids jail for fatal XL bully attack,20260904T143000Z,thewestmorlandgazette.co.uk,English,United Kingdom,seizure,D6_교란행위,2026-09-04
https://www.nwemail.co.uk/news/national/26522405.woman-avoids-jail-fatal-xl-bully-attack/,9be96ed3ab4c0f8edde50aed3f5b2e12,Woman avoids jail for fatal XL bully attack,20260904T144500Z,nwemail.co.uk,English,United Kingdom,seizure,D6_교란행위,2026-09-04
https://www.thetottenhamindependent.co.uk/news/national/26522405.woman-avoids-jail-fatal-xl-bully-attack/,540a1f4b36b65510d704d1e570e84915,Woman avoids jail for fatal XL bully attack,20260904T124500Z,thetottenhamindependent.co.uk,English,United Kingdom,seizure,D6_교란행위,2026-09-04
https://www.irvinetimes.com/news/national/26522405.woman-avoids-jail-fatal-xl-bully-attack/,131558d4e080ece8f40211736ebed41a,Woman avoids jail for fatal XL bully attack,20260904T144500Z,irvinetimes.com,English,United Kingdom,seizure,D6_교란행위,2026-09-04
https://www.greenocktelegraph.co.uk/news/national/26522405.woman-avoids-jail-fatal-xl-bully-attack/,cd2140123b5819d4b02dd84d226e6b94,Woman avoids jail for fatal XL bully attack,20260904T144500Z,greenocktelegraph.co.uk,English,United Kingdom,seizure,D6_교란행위,2026-09-04
https://www.gazetteherald.co.uk/news/national/26522405.woman-avoids-jail-fatal-xl-bully-attack/,8e33cdd85345962b63f51b43ab0c1d12,Woman avoids jail for fatal XL bully attack,20260904T130000Z,gazetteherald.co.uk,English,United Kingdom,seizure,D6_교란행위,2026-09-04
https://www.dunmowbroadcast.co.uk/news/national/26522405.woman-avoids-jail-fatal-xl-bully-attack/,515bdceceb2ab2c6722dd56a31cd4617,Woman avoids jail for fatal XL bully attack,20260904T130000Z,dunmowbroadcast.co.uk,English,United Kingdom,seizure,D6_교란행위,2026-09-04
https://www.rhyljournal.co.uk/news/national/26522405.woman-avoids-jail-fatal-xl-bully-attack/,2f5386de0545b7cea2a91f6c291a4740,Woman avoids jail for fatal XL bully attack,20260904T130000Z,rhyljournal.co.uk,English,United Kingdom,seizure,D6_교란행위,2026-09-04
https://www.elystandard.co.uk/news/national/26522405.woman-avoids-jail-fatal-xl-bully-attack/,bb191ca4c6270b03d0bf66f798a94bf9,Woman avoids jail for fatal XL bully attack,20260904T130000Z,elystandard.co.uk,English,United Kingdom,seizure,D6_교란행위,2026-09-04
https://www.hertsad.co.uk/news/national/26522405.woman-avoids-jail-fatal-xl-bully-attack/,05ccd4248a3d432e20bfb7f301ec9757,Woman avoids jail for fatal XL bully attack,20260904T124500Z,hertsad.co.uk,English,United Kingdom,seizure,D6_교란행위,2026-09-04
https://www.chelmsfordcitynews.co.uk/news/national/26522405.woman-avoids-jail-fatal-xl-bully-attack/,b09465c44369c11f1ad78ebf65412c22,Woman avoids jail for fatal XL bully attack,20260904T130000Z,chelmsfordcitynews.co.uk,English,,seizure,D6_교란행위,2026-09-04
https://www.harrowtimes.co.uk/news/national/26522405.woman-avoids-jail-fatal-xl-bully-attack/,dbb6415f313664bb35bf01c420c1009c,Woman avoids jail for fatal XL bully attack,20260904T144500Z,harrowtimes.co.uk,English,United Kingdom,seizure,D6_교란행위,2026-09-04
https://www.cambstimes.co.uk/news/national/26522405.woman-avoids-jail-fatal-xl-bully-attack/,27c187abef4eac33091812e14b9d091f,Woman avoids jail for fatal XL bully attack,20260904T144500Z,cambstimes.co.uk,English,United Kingdom,seizure,D6_교란행위,2026-09-04
https://www.asianimage.co.uk/news/national/26522405.woman-avoids-jail-fatal-xl-bully-attack/,a44f01a73417a7fffb5da6f218206a7d,Woman avoids jail for fatal XL bully attack,20260904T144500Z,asianimage.co.uk,English,United Kingdom,seizure,D6_교란행위,2026-09-04
https://www.chardandilminsternews.co.uk/news/national/26522405.woman-avoids-jail-fatal-xl-bully-attack/,ef9e12447aee3a4dbcdce4e2e05e7373,Woman avoids jail for fatal XL bully attack,20260904T150000Z,chardandilminsternews.co.uk,English,United Kingdom,seizure,D6_교란행위,2026-09-04
https://newstodaynet.com/2026/09/04/ed-raids-30-locations-in-four-states-in-drug-cases/,9b401e481ca366590b6a11a90a5a5030,ED Raids 30 Locations In Four States In Drug Cases - News Today,20260904T091500Z,newstodaynet.com,English,India,seizure,D6_교란행위,2026-09-04
https://www.mykxlg.com/news/local/routine-traffic-stop-leads-to-substantial-drug-arrest/article_300b9f86-1a77-43c7-9435-1bb1493d047d.html,c6558f4808123ea0df29ce7f8ccb3c53,Routine Traffic Stop Leads to Substantial Drug Arrest,20260904T161500Z,mykxlg.com,English,United States,seizure,D6_교란행위,2026-09-04
https://dominicantoday.com/dominican-customs-seizes-us600700-at-las-americas-international-airport/,fe2268eb0306bc099ac302079a6ce9bf,Dominican Today,20260904T200000Z,dominicantoday.com,English,Dominican Republic,seizure,D6_교란행위,2026-09-04
https://indiankanoon.org/doc/129959757/,d05312154417ac724ab58502924f30c8,"Prabhakar vs The State Rep By The Station House ... on 3 September , 2026",20260904T031500Z,indiankanoon.org,English,India,seizure,D6_교란행위,2026-09-04
https://cointelegraph.com/magazine/tether-sued-over-frozen-pig-butcher-coins-6600-students-get-crypto-loans-asia-express,9a1243c7bb8cba92f03fec5c1faee383,"Tether Sued Over Frozen  Pig Butcher  Coins , 6 , 600 Students Get Crypto Loans : Asia Express",20260904T033000Z,cointelegraph.com,English,China,seizure,D6_교란행위,2026-09-04
"https://independentaustralia.net/politics/politics-display/israels-shameful-evasion-of-justice-for-zomi-frankcom,21514",f30eb00e8fade84b6cc29f3297a23e8a,Israel shameful evasion of justice for Zomi Frankcom,20260904T060000Z,independentaustralia.net,English,Australia,seizure,D6_교란행위,2026-09-04
https://www.theepochtimes.com/us/missouri-moves-to-collect-24-5-billion-covid-judgment-as-chinese-defendants-enter-case-6083252,81733d4e6a736c4fb78683408e2b077d,Missouri Moves to Collect $24 . 5 Billion COVID Judgment as Chinese Defendants Enter Case,20260904T004500Z,theepochtimes.com,English,United States,seizure,D6_교란행위,2026-09-04
https://indiankanoon.org/doc/134726059/,e1617416445194826438f640e1c27f80,"R . Raja vs State Rep By on 28 August , 2026",20260904T031500Z,indiankanoon.org,English,India,seizure,D6_교란행위,2026-09-04
https://www.alternet.org/alternet-exclusives/cheap-trump-scheme/,53cecc479f01d29c5116f23b0d5a0887,Trump crazy new cheap scheme destined to backfire in spectacular fashion,20260904T200000Z,alternet.org,English,United States,seizure,D6_교란행위,2026-09-04
https://www.cbc.ca/news/canada/canadian-banking-company-linked-to-sanctioned-money-laundering-network-9.7331482,7b0e08dfcb31c4a89578b41f8d16daad,Canadian  banking  company linked to sanctioned money - laundering network,20260904T180000Z,cbc.ca,English,Canada,seizure,D6_교란행위,2026-09-04
https://www.riotimesonline.com/bolivia-imf-package-congress-reform-2026/,c14421b9037f0ca29a18aeece771f000,Bolivia Sends Its IMF Package to Congress,20260904T074500Z,riotimesonline.com,English,Brazil,seizure,D6_교란행위,2026-09-04
https://www.virginislandsnewsonline.com/en/news/vi-businessman-among-3-held-in-1935m-cocaine-bust-in-tt,656d4ca188faddf32320268cc2f3d395,VI businessman among 3 held in $193 . 5m cocaine bust in T & T | Virgin Islands News Online,20260904T011500Z,virginislandsnewsonline.com,English,Virgin Islands,seizure,D6_교란행위,2026-09-04
https://www.virginislandsnewsonline.com/en/news/vi-businessman-among-3-held-in-1935m-cocaine-bust-in-tt/,38bba97e7bb40e97505b223b95faade1,VI businessman among 3 held in $193 . 5m cocaine bust in T & T | Virgin Islands News Online,20260904T011500Z,virginislandsnewsonline.com,English,Virgin Islands,seizure,D6_교란행위,2026-09-04
https://www.ghanamma.com/2026/09/04/kano-jigawa-customs-intercepts-n2-159bn-smuggled-goods/,36dddaa4e8cdc84f24cc40c580b1c388,Kano / Jigawa Customs intercepts N2 . 159bn smuggled goods – Ghanamma . com,20260904T124500Z,ghanamma.com,English,Ghana,seizure,D6_교란행위,2026-09-04
https://foreignpolicy.com/2026/09/04/war-on-terror-bush-obama-iraq-afghanistan-al-qaeda-history/,82802537f83cbb450b2f2d8caf34f31c,What Was the War on Terror ? ,20260904T201500Z,foreignpolicy.com,English,United States,seizure,D6_교란행위,2026-09-04
https://northeasttoday.in/northeast/ncb-seizes-22-299-kg-methamphetamine-worth-%E2%82%B917-84-crore-in-tripura-mizoram/,79afdd339f5ed7228065bad1d22452dd,"NCB Seizes 22 . 299 Kg Methamphetamine Worth ₹17 . 84 Crore in Tripura , Mizoram",20260904T101500Z,northeasttoday.in,English,India,seizure,D6_교란행위,2026-09-04
https://www.eng.kavkaz-uzel.eu/articles/78273,1eed8d1019f0fda68cf941889a02e170,Caucasian Knot | The house arrest of opposition deputy Arthur Sarkisyan has been extended . ,20260904T021500Z,eng.kavkaz-uzel.eu,English,,seizure,D6_교란행위,2026-09-04
https://www.miragenews.com/200000-wandings-against-weapons-1738931/,b1c5ad128d3c30e29f67e2aa82e364a7,"200 , 000 Wandings Against Weapons",20260904T071500Z,miragenews.com,English,United States,seizure,D6_교란행위,2026-09-04
http://www.calcuttanews.net/news/279285507/karnataka-govt-suspends-ias-officer-gyanendra-kumar-gangwar-over-alleged-kpsc-recruitment-scam,d258c784ccb17e48ddf0bb643a6b114b,Karnataka Govt suspends IAS Officer Gyanendra Kumar Gangwar over alleged KPSC recruitment scam,20260904T070000Z,calcuttanews.net,English,India,seizure,D6_교란행위,2026-09-04
https://lexch.com/news/state-regional/nebraska/article_c150c14e-f995-5bcd-b707-ae93c070022d.html,3b95a5fe73413ed083f3d073f7b81028,Omaha officer shielded from excessive - force lawsuit over protest flashbang,20260904T050000Z,lexch.com,English,United States,seizure,D6_교란행위,2026-09-04
https://beatricedailysun.com/news/state-regional/nebraska/article_2f381c7a-2b31-5179-bf13-87a81bae3de8.html,22425afaf09ce1a7b12f9dc1416e0053,Omaha officer shielded from excessive - force lawsuit over protest flashbang,20260904T070000Z,beatricedailysun.com,English,United States,seizure,D6_교란행위,2026-09-04
https://columbustelegram.com/news/state-regional/nebraska/article_34c57a47-64cd-5071-84bb-dbcb3d483ce9.html,d717ebf3855ce795bbd5cd6ec879d6b8,Omaha officer shielded from excessive - force lawsuit over protest flashbang,20260904T044500Z,columbustelegram.com,English,United States,seizure,D6_교란행위,2026-09-04
https://theindependent.com/news/state-regional/nebraska/article_bc180119-bdf3-5903-b7f2-400f4672e90b.html,9b72552e0df14cf47aad0516baa42995,Omaha officer shielded from excessive - force lawsuit over protest flashbang,20260904T044500Z,theindependent.com,English,United States,seizure,D6_교란행위,2026-09-04
https://www.belfastlive.co.uk/news/northern-ireland/prison-chiefs-accused-false-imprisonment-34565923,62c88c029f33267323b461a99733e60a,Prison chiefs accused of false imprisonment after wrongly driving man into NI,20260904T094500Z,belfastlive.co.uk,English,United Kingdom,seizure,D6_교란행위,2026-09-04
https://krforadio.com/ixp/669/p/rochester-woman-sentenced-jail-methamphetamine-bust/,b3855cc36eee7eaa0c574328064c36a3,Rochester Woman Gets Jail Time After Nearly 1 . 5 Pound Meth Bust,20260904T181500Z,krforadio.com,English,United States,seizure,D6_교란행위,2026-09-04
https://www.fitsnews.com/2026/09/04/former-sheriffs-deputy-among-seven-indicted-in-dogfighting-operation/,d6a78d2df48c38c4c173186b288360c0,Former Sheriff Deputy Among Seven Indicted In Dogfighting Operation,20260904T201500Z,fitsnews.com,English,United States,seizure,D6_교란행위,2026-09-04
http://www.austinglobe.com/news/279285593/russias-political-system-not-proof-of-corporate-control-eu-court,5d28050c0097a477b6d3ec8f03b4c9f9,Russias political system not proof of corporate control EU court,20260904T084500Z,austinglobe.com,English,United States,seizure,D6_교란행위,2026-09-04
http://www.thailandnews.net/news/279285593/russias-political-system-not-proof-of-corporate-control-eu-court,321121f51822466a2384075f5fc53968,Russias political system not proof of corporate control EU court,20260904T074500Z,thailandnews.net,English,Thailand,seizure,D6_교란행위,2026-09-04
http://www.russiaherald.com/news/279285603/russia-political-system-not-proof-of-corporate-control-eu-court,abf0229e90dfb6ab78126cdb979cc797,Russia political system not proof of corporate control,20260904T074500Z,russiaherald.com,English,Russia,seizure,D6_교란행위,2026-09-04
http://www.iranherald.com/news/279285593/russias-political-system-not-proof-of-corporate-control-eu-court,a6bfdbd3a68a5bb1d873b06ef0f76cf8,Russias political system not proof of corporate control EU court,20260904T080000Z,iranherald.com,English,Iran,seizure,D6_교란행위,2026-09-04
http://www.newzealandstar.com/news/279285593/russias-political-system-not-proof-of-corporate-control-eu-court,c2c7b74d1e1a5f3263eab4c439818a5d,Russias political system not proof of corporate control EU court,20260904T080000Z,newzealandstar.com,English,New Zealand,seizure,D6_교란행위,2026-09-04
http://www.middleeaststar.com/news/279285593/russias-political-system-not-proof-of-corporate-control-eu-court,4e4f26efb66a97f09aa11054f1b9f2b0,Russias political system not proof of corporate control EU court,20260904T080000Z,middleeaststar.com,English,Syria,seizure,D6_교란행위,2026-09-04
http://www.mainemirror.com/news/279285593/russias-political-system-not-proof-of-corporate-control-eu-court,5a4c7e2efa10a7b8477c07affc933f00,Russias political system not proof of corporate control EU court,20260904T090000Z,mainemirror.com,English,United States,seizure,D6_교란행위,2026-09-04
http://www.africaleader.com/news/279285593/russias-political-system-not-proof-of-corporate-control-eu-court,9663ef83b81e091c60c4d4411a906ec1,Russias political system not proof of corporate control EU court,20260904T084500Z,africaleader.com,English,South Africa,seizure,D6_교란행위,2026-09-04
http://www.brazilsun.com/news/279285593/russias-political-system-not-proof-of-corporate-control-eu-court,a7c9b1fbb83fb0948d945634e4192c8f,Russias political system not proof of corporate control EU court,20260904T084500Z,brazilsun.com,English,Brazil,seizure,D6_교란행위,2026-09-04
http://www.jamaicantimes.com/news/279285593/russias-political-system-not-proof-of-corporate-control-eu-court,e57b9d75444151c9ce6febe29be9a623,Russias political system not proof of corporate control EU court,20260904T084500Z,jamaicantimes.com,English,Jamaica,seizure,D6_교란행위,2026-09-04
http://www.massachusettssun.com/news/279285593/russias-political-system-not-proof-of-corporate-control-eu-court,e7af2147325ac87f8b713ef01e50f635,Russias political system not proof of corporate control EU court,20260904T090000Z,massachusettssun.com,English,United States,seizure,D6_교란행위,2026-09-04
http://www.hongkongherald.com/news/279285593/russias-political-system-not-proof-of-corporate-control-eu-court,0843429b2f5c8629319d91bf047ee951,Russias political system not proof of corporate control EU court,20260904T083000Z,hongkongherald.com,English,China,seizure,D6_교란행위,2026-09-04
http://www.azerbaijannews.net/news/279285593/russias-political-system-not-proof-of-corporate-control-eu-court,8f039bb0667b77bf192b714ed06b374d,Russias political system not proof of corporate control EU court,20260904T083000Z,azerbaijannews.net,English,Azerbaijan,seizure,D6_교란행위,2026-09-04
http://www.argentinastar.com/news/279285593/russias-political-system-not-proof-of-corporate-control-eu-court,44efac70861f18d6e54c905533ac84fa,Russias political system not proof of corporate control EU court,20260904T070000Z,argentinastar.com,English,Argentina,seizure,D6_교란행위,2026-09-04
http://www.orlandoecho.com/news/279285593/russias-political-system-not-proof-of-corporate-control-eu-court,ef3ece0b2ec5ccb32b6121d5b9e75a72,Russias political system not proof of corporate control EU court,20260904T071500Z,orlandoecho.com,English,United States,seizure,D6_교란행위,2026-09-04
http://www.sandiegosun.com/news/279285593/russias-political-system-not-proof-of-corporate-control-eu-court,e7f0e94d8b499043bbfab5d63b2f57b0,Russias political system not proof of corporate control EU court,20260904T091500Z,sandiegosun.com,English,United States,seizure,D6_교란행위,2026-09-04
http://www.floridastatesman.com/news/279285593/russias-political-system-not-proof-of-corporate-control-eu-court,296368e7d76a74635aab65d49e11c143,Russias political system not proof of corporate control EU court,20260904T091500Z,floridastatesman.com,English,United States,seizure,D6_교란행위,2026-09-04
http://www.tucsonpost.com/news/279285593/russias-political-system-not-proof-of-corporate-control-eu-court,80b991e0bc65fb76b74ae303d6e6182f,Russias political system not proof of corporate control EU court,20260904T093000Z,tucsonpost.com,English,United States,seizure,D6_교란행위,2026-09-04
http://www.kenyastar.com/news/279285593/russias-political-system-not-proof-of-corporate-control-eu-court,35e46bbf93a912c0b5d24df7cb776804,Russias political system not proof of corporate control EU court,20260904T091500Z,kenyastar.com,English,Kenya,seizure,D6_교란행위,2026-09-04
http://www.newyorkstatesman.com/news/279285593/russias-political-system-not-proof-of-corporate-control-eu-court,61060c4211c6fb8d8d3e867526ac15e7,Russias political system not proof of corporate control EU court,20260904T091500Z,newyorkstatesman.com,English,United States,seizure,D6_교란행위,2026-09-04
http://www.northkoreatimes.com/news/279285593/russias-political-system-not-proof-of-corporate-control-eu-court,78026d7da3b99ca913b4a29f0817e640,Russias political system not proof of corporate control EU court,20260904T094500Z,northkoreatimes.com,English,North Korea,seizure,D6_교란행위,2026-09-04
http://www.shanghainews.net/news/279285593/russias-political-system-not-proof-of-corporate-control-eu-court,8af1ff9113bc234fdba6b1c78b7a0a03,Russias political system not proof of corporate control EU court,20260904T101500Z,shanghainews.net,English,China,seizure,D6_교란행위,2026-09-04
http://www.arabherald.com/news/279285593/russias-political-system-not-proof-of-corporate-control-eu-court,133e7e639e483bd2bd3a283ba15bb9da,Russias political system not proof of corporate control EU court,20260904T100000Z,arabherald.com,English,Syria,seizure,D6_교란행위,2026-09-04
http://www.oklahomastar.com/news/279285593/russias-political-system-not-proof-of-corporate-control-eu-court,66a346c602bcff6a5932569b62d54886,Russias political system not proof of corporate control EU court,20260904T100000Z,oklahomastar.com,English,United States,seizure,D6_교란행위,2026-09-04
http://www.chinanationalnews.com/news/279285593/russias-political-system-not-proof-of-corporate-control-eu-court,5ac72d75c2cd7f2a952085bb655f3a4a,Russias political system not proof of corporate control EU court,20260904T091500Z,chinanationalnews.com,English,China,seizure,D6_교란행위,2026-09-04
http://www.russiaherald.com/news/279285593/russias-political-system-not-proof-of-corporate-control-eu-court,bdee709bb65a2dba17ca8fb42e0d14a2,Russias political system not proof of corporate control EU court,20260904T074500Z,russiaherald.com,English,Russia,seizure,D6_교란행위,2026-09-04
http://www.nigeriasun.com/news/279285593/russias-political-system-not-proof-of-corporate-control-eu-court,d49cf8586e7f0cd6f136b2cb9c0565d5,Russias political system not proof of corporate control EU court,20260904T070000Z,nigeriasun.com,English,Nigeria,seizure,D6_교란행위,2026-09-04
http://www.haitisun.com/news/279285593/russias-political-system-not-proof-of-corporate-control-eu-court,75d7d59d015d08d09b358254fdaac922,Russias political system not proof of corporate control EU court,20260904T070000Z,haitisun.com,English,United States,seizure,D6_교란행위,2026-09-04
http://www.zimbabwestar.com/news/279285593/russias-political-system-not-proof-of-corporate-control-eu-court,b2b094c242033269d0d8d48cf982f51a,Russias political system not proof of corporate control EU court,20260904T074500Z,zimbabwestar.com,English,Zimbabwe,seizure,D6_교란행위,2026-09-04
http://www.heraldglobe.com/news/279285593/russias-political-system-not-proof-of-corporate-control-eu-court,56eff793d27431e523f3c7d41282e0cb,Russias political system not proof of corporate control EU court,20260904T074500Z,heraldglobe.com,English,United States,seizure,D6_교란행위,2026-09-04
http://www.sierraleonetimes.com/news/279285593/russias-political-system-not-proof-of-corporate-control-eu-court,c305706611c0ce2042842805c0b0f4b0,Russias political system not proof of corporate control EU court,20260904T073000Z,sierraleonetimes.com,English,Sierra Leone,seizure,D6_교란행위,2026-09-04
http://www.parisguardian.com/news/279285593/russias-political-system-not-proof-of-corporate-control-eu-court,3591fa182db817afd12f10873b614930,Russias political system not proof of corporate control EU court,20260904T080000Z,parisguardian.com,English,France,seizure,D6_교란행위,2026-09-04
https://www.kidderminstershuttle.co.uk/news/26524015.1-5m-worcestershire-drug-enterprise-dismantled-two-men-sentenced/,a45065f1d220a85f3b15fd9cdd5fd41c,£1 . 5m Worcestershire drug enterprise dismantled as two men sentenced,20260904T204500Z,kidderminstershuttle.co.uk,English,United Kingdom,seizure,D6_교란행위,2026-09-04
https://therockofrochester.com/ixp/669/p/rochester-woman-sentenced-jail-methamphetamine-bust/,23a07b378f23b2fcc449234ecef603fd,Rochester Woman Gets Jail Time After Nearly 1 . 5 Pound Meth Bust,20260904T204500Z,therockofrochester.com,English,United States,seizure,D6_교란행위,2026-09-04
https://www.appeal-democrat.com/news/two-yuba-city-men-arrested-on-drug-sales-and-weapons-charges/article_5fa6718c-8a44-4c87-b17f-161c8c8d3c9b.html,914510b5fabfaebcbf43a46bfb89ad83,Two Yuba City men arrested on drug sales and weapons charges,20260904T030000Z,appeal-democrat.com,English,United States,seizure,D6_교란행위,2026-09-04
https://pressnote.in/article2571_542734.html,d0201f35182025bd37a78c20f6ed0ef2,"Chittorgarh Police Go Undercover : Cops Pose as Confectioners , Priests and Auto Drivers to Nab Criminals",20260904T091500Z,pressnote.in,English,India,seizure,D6_교란행위,2026-09-04
https://www.wtxl.com/northwest-tallahassee/tallahassee-mom-brings-her-children-to-a-place-built-from-their-former-teachers-dream,66bf700180d344ba6f20e29852e16cdb,Alexus House carries on a Tallahassee teacher dream,20260904T124500Z,wtxl.com,English,United States,seizure,D6_교란행위,2026-09-04
https://www.kten.com/news/politics/trump-wants-to-restrict-mail-voting-but-it-s-getting-more-popular/article_b2dcd338-0adc-5a50-af14-99288e46f023.html,de944748648e39ead5ed4b9a59551a44,Trump wants to restrict mail voting but it getting more popular | Politics,20260904T090000Z,kten.com,English,United States,seizure,D6_교란행위,2026-09-04
https://www.chiangraitimes.com/crime/uzbekistans-arrested-phuket/,7c1471e3659fe2fe234677ddbddf8d57,Phuket Airport Security Nabs Uzbekistan Tourists With 27Kg of Cannabis,20260904T044500Z,chiangraitimes.com,English,Thailand,seizure,D6_교란행위,2026-09-04
https://www.hottalkradio.com/news/2026/09/05/,4199ab061156c0627ee7a9e5d88aa3a9,Hot Talk Radio | News and Information with Commentary and Streaming,20260904T161500Z,hottalkradio.com,English,United States,seizure,D6_교란행위,2026-09-04
https://www.wflx.com/2026/09/03/month-long-campaign-warns-palm-beach-co-residents-that-straw-gun-purchases-carry-15-year-prison-sentences/,019f74ddf77324e7e07c58b5400daf2c,Month - long campaign warns Palm Beach Co . residents that  straw  gun purchases carry 15 - year prison sentences,20260904T011500Z,wflx.com,English,United States,seizure,D6_교란행위,2026-09-04
https://thesun.ng/why-nigerians-must-know-their-president-and-his-past/,a3f688102a3ef991d4cc1a80b4fad450,Why Nigerians must know their President and his past,20260904T001500Z,thesun.ng,English,,seizure,D6_교란행위,2026-09-04
http://www.grandrapidsmn.com/around_the_web/news/at-the-minnesota-state-fair-underdog-candidates-find-an-even-playing-field/article_27a54a50-2bc4-58ef-b0de-01247eb44530.html,e91fd3c4a59de98a4771802d108315e0,"At the Minnesota State Fair , underdog candidates find an even playing field",20260904T161500Z,grandrapidsmn.com,English,United States,seizure,D6_교란행위,2026-09-04
http://www.walkermn.com/around_the_web/news/at-the-minnesota-state-fair-underdog-candidates-find-an-even-playing-field/article_39018b07-6edd-5dd4-8e56-e573c1fe4678.html,dc73b9020529e1ffb8a3b5315067041a,"At the Minnesota State Fair , underdog candidates find an even playing field",20260904T181500Z,walkermn.com,English,United States,seizure,D6_교란행위,2026-09-04
https://spacedaily.com/k-in-the-1980s-a-small-number-of-hippos-were-kept-on-a-colombian-drug-lords-private-estate-and-decades-after-his-death-their-unmanaged-descendants-have-grown-into-a-herd-of-well-over-a-hundred-the-l/,eac0ad84c92856c2c774893cc9456aab,"In the 1980s a small number of hippos were kept on a Colombian drug lord private estate , and decades after his death their unmanaged descendants have grown into a herd of well over a hundred , the largest population of hippos anywhere outside Africa...",20260904T031500Z,spacedaily.com,English,United States,seizure,D6_교란행위,2026-09-04
https://www.stimson.org/2026/bombs-bugs-and-bots-preventing-the-proliferation-of-weapons-of-mass-destruction-25-years-after-9-11/,b5ec60dd1087c5a457c331ec4b48a8e5,"Bombs , Bugs , and Bots : Preventing the Proliferation of Weapons of Mass Destruction 25 Years After 9 / 11 • Stimson Center",20260904T194500Z,stimson.org,English,United States,seizure,D6_교란행위,2026-09-04
https://www.journalismpakistan.com/the-journalismpakistan-global-media-brief-edition-36-september-4-2026,4b246ed41634c9d464672a68ff28632f,"The JournalismPakistan Global Media Brief | Edition 36 | September 4 , 2026",20260904T151500Z,journalismpakistan.com,English,Pakistan,seizure,D6_교란행위,2026-09-04
https://www.stimson.org/2026/the-continued-nuclear-security-legacy-of-9-11/,f554c2c984d88bcb55765c7fc6915a81,The Continued Nuclear Security Legacy of 9 / 11 • Stimson Center,20260904T194500Z,stimson.org,English,United States,seizure,D6_교란행위,2026-09-04
http://www.wyomingnews.com/news/from_the_wire/scams-in-the-us-are-at-a-record-high-yet-most-victims-get-no-help/article_dd46672d-b622-510c-aa50-3801d844e8ec.html,51e3fc2906f13e17abe3131cb5a5cc27,Scams in the US are at a record high . Yet most victims get no help and some end up losing even more,20260904T200000Z,wyomingnews.com,English,United States,seizure,D6_교란행위,2026-09-04
https://www.news-medical.net/news/20260903/Semaglutide-extended-lifespan-in-older-female-mice-but-that-was-not-the-only-finding.aspx,ad44f3e2e0e44dc2f6495281f6aaf210,"Semaglutide extended lifespan in older female mice , but that was not the only finding",20260904T014500Z,news-medical.net,English,United States,restriction,D6_교란행위,2026-09-04
https://www.moneycontrol.com/world/los-angeles-schools-block-chatgpt-claude-and-other-ai-tools-for-all-students-here-s-why-us-schools-are-pushing-back-article-14022440.html,625a4f3fa7f8f078f77f356cd929fe5b,"Los Angeles schools block ChatGPT , Claude and other AI tools for all students : Here why US schools are pushing back",20260904T040000Z,moneycontrol.com,English,India,restriction,D6_교란행위,2026-09-04
https://www.siasat.com/allow-bikers-on-flyover-or-refund-road-tax-say-angry-commuters-3536058/,eba9146d0f05106b9db32847d26f3ccc,"Allow bikers on flyover or refund road tax , say angry commuters",20260904T070000Z,siasat.com,English,India,restriction,D6_교란행위,2026-09-04
https://www.hindustantimes.com/world-news/us-news/another-big-ai-ban-hits-us-schools-los-angeles-blocks-access-to-generative-ai-tools-for-all-students-101788489013912.html,0d141d871e5d30d2b2b479b1e051fe9c,Another big AI ban hits US schools : Los Angeles blocks access to generative AI tools for all students,20260904T051500Z,hindustantimes.com,English,India,restriction,D6_교란행위,2026-09-04
https://www.eastbaytimes.com/2026/09/04/lausd-has-blocked-students-from-generative-ai-how-will-it-teach-them-about-it/,f35a67a33b652136b8fbf578397403ae,LA schools has blocked students from generative AI . How will it teach them about it ? ,20260904T180000Z,eastbaytimes.com,English,United States,restriction,D6_교란행위,2026-09-04
https://www.nbcphiladelphia.com/news/local/overturned-tractor-trailer-causes-traffic-issues-along-i-476-in-delco/4458340/,2e3a65233578cf80a58cbfee61b8544c,Overturned tractor - trailer slows traffice on I - 476 in Delco – NBC10 Philadelphia,20260904T161500Z,nbcphiladelphia.com,English,United States,restriction,D6_교란행위,2026-09-04
https://www.dailynews.com/2026/09/03/lausd-has-blocked-students-from-generative-ai-how-will-it-teach-them-about-it/,513446f1f67cbc2169e19f00fc0b5cfa,LAUSD has blocked students from generative AI . How will it teach them about it ? ,20260904T071500Z,dailynews.com,English,United States,restriction,D6_교란행위,2026-09-04
https://www.echo-news.co.uk/news/26521563.greater-anglia-update-wickford-southminster-services/,2466171ddd01ac1847d4d7b406065c1b,Greater Anglia update on Wickford to Southminster services,20260904T100000Z,echo-news.co.uk,English,United Kingdom,restriction,D6_교란행위,2026-09-04
https://www.siasat.com/karimnagar-dalit-families-indiramma-homes-caught-in-22a-list-3536046/,a8afbb0b540843320e8c4012d6a7e6c0,Karimnagar Dalit familie Indiramma homes caught in 22A list,20260904T050000Z,siasat.com,English,India,restriction,D6_교란행위,2026-09-04
http://www.econotimes.com/Brazil-Warns-EU-of-Retaliation-Over-Animal-Products-Ban-1751282,f266debbd3c8015d6e4d6df9614e4ca3,Brazil Warns EU of Retaliation Over Animal Products Ban,20260904T083000Z,econotimes.com,English,United States,restriction,D6_교란행위,2026-09-04
https://www.inforum.com/news/north-dakota/north-dakota-house-kills-kratom-ban,7a1814108b40b04f530d7b65ed1be0bd,North Dakota House kills kratom ban,20260904T161500Z,inforum.com,English,United States,restriction,D6_교란행위,2026-09-04
https://www.dailybreeze.com/2026/09/03/lausd-has-blocked-students-from-generative-ai-how-will-it-teach-them-about-it/,2fe0f908ae4aa5e8ed3020aeeb4d6e25,LAUSD has blocked students from generative AI . How will it teach them about it ? ,20260904T043000Z,dailybreeze.com,English,United States,restriction,D6_교란행위,2026-09-04
https://www.theadvocate.com.au/story/9343002/jailed-stalker-faces-indefinite-detention-in-mental-facility/,2a57644d323a4d0c74453163cfef497a,Jailed stalker faces indefinite detention in mental facility | The Advocate,20260904T071500Z,theadvocate.com.au,English,Australia,restriction,D6_교란행위,2026-09-04
https://theshillongtimes.com/2026/09/04/vice-president-to-visit-shillong-on-sept-7-8/,c7f0b60c096aafcde180c37289de001c,Vice President to visit Shillong on Sept 7 - 8 | The Shillong Times,20260904T021500Z,theshillongtimes.com,English,India,restriction,D6_교란행위,2026-09-04
https://www.pakistantoday.com.pk/2026/09/04/small-ajk-cabinet-sworn-in-as-pm-gillani-inducts-eight-ministers-without-portfolios,e63a54ef172a7e88f290b555e6092638,AJK Premier appoints eight lawmakers as members cabinet,20260904T194500Z,pakistantoday.com.pk,English,Pakistan,restriction,D6_교란행위,2026-09-04
https://www.winknews.com/news/state/fgcu-among-florida-schools-closing-doors-to-undocumented-students-in-2027/article_e7bfe766-312d-461b-b4fc-f40faaabf3be.html,70473cb6d31295255b9c99ca7e37db72,FGCU among Florida schools closing doors to undocumented students in 2027,20260904T033000Z,winknews.com,English,United States,restriction,D6_교란행위,2026-09-04
https://www.manchestereveningnews.co.uk/news/uk-news/oasis-gig-mayhem-after-woman-34566357,ea6e04e104180984f93cdbeef9b47823,Oasis gig mayhem after woman climbed onto food van before turning on police,20260904T101500Z,manchestereveningnews.co.uk,English,United Kingdom,restriction,D6_교란행위,2026-09-04
https://www.freepressjournal.in/mumbai/mumbai-traffic-restrictions-on-september-5-for-worli-dahi-handi-utsav-vehicles-barred-on-gm-bhosle-marg,2bb723631cc17ffc44380768b3b7964a,"Mumbai Traffic Restrictions On September 5 For Worli Dahi Handi Utsav , Vehicles Barred On GM Bhosle Marg",20260904T194500Z,freepressjournal.in,English,India,restriction,D6_교란행위,2026-09-04
https://aa.com.tr/en/europe/poland-introduces-air-traffic-restrictions-along-eastern-border-to-strengthen-defense/4046947,24742f9c0aee8e4e3dbdef8770a00ebd,Poland introduces air traffic restrictions along eastern border to strengthen defense,20260904T020000Z,aa.com.tr,English,Turkey,restriction,D6_교란행위,2026-09-04
https://economictimes.indiatimes.com/news/india/delhi-connaught-place-to-become-vehicle-free-new-ndmc-chief-seeks-public-views-on-making-cp-inner-circle-pedestrian-friendly/articleshow/133756834.cms,f14e167f71e5cac0528174bf4a8fc82a,Delhi Connaught Place to become vehicle - free ? New NDMC chief seeks public views on making CP Inner Circle pedestrian - friendly,20260904T091500Z,economictimes.indiatimes.com,English,India,restriction,D6_교란행위,2026-09-04
https://www.mirror.co.uk/lifestyle/going-out/music/fans-katseye-gig-london-notice-37628133,de627c1ad78544bae4ae0c25f3b4992a,Fans at Katseye gig in London notice something different about the crowd,20260904T144500Z,mirror.co.uk,English,United Kingdom,restriction,D6_교란행위,2026-09-04
https://timesofindia.indiatimes.com/city/bhopal/amid-kids-falling-ill-balaghat-admn-in-mp-orders-ban-on-hospital-photography-rolls-back-in-hrs/articleshow/133776425.cms,5102dae76b640c0f6ab1b5393f73f2d3,"Amid kids falling ill , Balaghat admn in MP orders ban on hospital photography , rolls back in hrs",20260904T200000Z,timesofindia.indiatimes.com,English,India,restriction,D6_교란행위,2026-09-04
https://www.legallyindia.com/Blogs/entry-of-interns-restricted-for-one-month-at-supreme-court-of-india/,1338c4434691a484b951be7d81d9beeb,Entry of Interns restricted for ONE MONTH at Supreme Court of India,20260904T101500Z,legallyindia.com,English,India,restriction,D6_교란행위,2026-09-04
https://www.gdnonline.com:443/Details/1405326/Mamdani-slaps-one-year-ban-on-students-using-AI-in-New-York-City-schools,f26c04e4ba15e708ac9ba1bc822285ee,World News : Mamdani slaps one - year ban on students using AI in New York City schools,20260904T023000Z,gdnonline.com,English,United States,restriction,D6_교란행위,2026-09-04
https://www.moneycontrol.com/city/pune-police-to-allow-loudspeakers-till-midnight-on-5-days-during-ganeshotsav-amid-noise-pollution-debate-article-14022816.html,327fdd03df51d7bf14e146df58e2d5d4,Pune Police to allow loudspeakers till midnight on 5 days during Ganeshotsav amid noise pollution debate,20260904T100000Z,moneycontrol.com,English,India,restriction,D6_교란행위,2026-09-04
http://www.thefader.com/2026/09/02/kelela-interview-new-avatar-incubus-genre-race-spotify,7d24194e74c2fe2d1fd3b4ccec9b918a,Kelela wants her songs to feel as complex as real life,20260904T161500Z,thefader.com,English,United States,restriction,D6_교란행위,2026-09-04
https://www.news-medical.net/news/20260903/What-107-professional-MMA-fighters-actually-ate-before-and-after-weigh-in.aspx,ccfa6dd5886c175b411fc7eee5c66372,What 107 professional MMA fighters actually ate before and after weigh - in,20260904T043000Z,news-medical.net,English,United States,restriction,D6_교란행위,2026-09-04
https://www.heraldscotland.com/news/26520839.scotlands-first-university-campus-based-jd-wetherspoon-pub-opens/,3272b4a0028fe56202a35a61f9c1fa1d,Scotland first university campus - based JD Wetherspoon pub opens,20260904T074500Z,heraldscotland.com,English,United Kingdom,restriction,D6_교란행위,2026-09-04
https://www.cronista.com/en/today/official-information-the-government-will-revoke-the-drivers-licenses-of-those-who-committed-any-of-the-infractions-on-this-list-between-2024-and-2026/,5b80d7333b333390fe704ceb1e53d91b,Official information | The Government will revoke the driver licenses of those who committed any of the infractions on this list between 2024 and 2026,20260904T144500Z,cronista.com,English,Argentina,restriction,D6_교란행위,2026-09-04
https://www.mnnonline.org/news/13th-anti-conversion-state-law-goes-into-effect-in-india-christians-wary/,510196a05c89a9e5685f1053f16f8685,13th anti - conversion state law goes into effect in India ; Christians wary,20260904T080000Z,mnnonline.org,English,United States,restriction,D6_교란행위,2026-09-04
https://www.dailyexcelsior.com/md-citizens-cooperative-bank-appeals-depositors-not-to-panic/,1a22b45f50a4f5087a7d0a1a4246d02f,MD Citizen Cooperative Bank appeals depositors not to panic,20260904T011500Z,dailyexcelsior.com,English,India,restriction,D6_교란행위,2026-09-04
https://www.thehindu.com/news/cities/bangalore/tempers-fly-traffic-crawls-as-vehicle-restrictions-kick-in-on-bengaluru-airport-road/article71429665.ece,cee65c36dc3a53cd2a0be846cbf3dc9b,"Tempers fly , traffic crawls as vehicle restrictions kick in on Bengaluru airport road",20260904T181500Z,thehindu.com,English,India,restriction,D6_교란행위,2026-09-04
https://www.techspot.com/news/113743-openai-agents-turned-obscure-german-wiki-message-board.html,1eb9636f2c507e40403408a038ca256b,OpenAI agents turned an obscure German wiki into a message board where they could talk to each other,20260904T183000Z,techspot.com,English,United States,restriction,D6_교란행위,2026-09-04
https://labourlist.org/2026/09/good-news-04-september-2026/,5cc48541c9693ce0b36737665758860b,Delivering in Government : your weekly round up of good news Labour stories,20260904T084500Z,labourlist.org,English,United Kingdom,restriction,D6_교란행위,2026-09-04
https://www.swindonadvertiser.co.uk/news/26519619.shoplifter-branded-public-nuisance-string-co-op-thefts/,c714407669564321217635dab6cf9b9b,Shoplifter branded  public nuisance  after string of Co - op thefts,20260904T083000Z,swindonadvertiser.co.uk,English,United Kingdom,restriction,D6_교란행위,2026-09-04
https://pragativadi.com/janmashtami-2026-odisha-celebrates-lord-krishnas-birth-with-devotion-puri-srimandir-darshan-restricted/,653ae75cecff7175b10de9a63794c889,Janmashtami 2026 : Odisha celebrates Lord Krishna birth with devotion ; Puri Srimandir darshan restricted - Pragativadi I Latest Odisha News in English I Breaking News,20260904T070000Z,pragativadi.com,English,India,restriction,D6_교란행위,2026-09-04
https://ktvz.com/news/2026/09/04/central-oregon-to-reduce-fire-restrictions-to-stage-1-starting-saturday/,4f60716bfc27e46eb7377bb6ddf88826,Central Oregon to reduce fire restrictions to Stage 1 starting Saturday,20260904T200000Z,ktvz.com,English,United States,restriction,D6_교란행위,2026-09-04
https://www.lankaweb.com/news/items/2026/09/03/master-chef-is-a-cooking-competition-not-a-religious-kitchen/,a1cbfd1372314b68b9b72c0cba6775de,LankaWeb – MASTER CHEF IS A COOKING COMPETITION NOT A RELIGIOUS KITCHEN,20260904T011500Z,lankaweb.com,English,Sri Lanka,restriction,D6_교란행위,2026-09-04
https://www.irishtimes.com/crime-law/2026/09/04/how-can-you-stay-on-the-right-side-of-the-law-as-new-e-scooter-rules-come-into-effect/,2feb29d2d8077a0288a3ac0099a59d77,How can you stay on the right side of the law as new e - scooter rules come into effect ? ,20260904T101500Z,irishtimes.com,English,Ireland,restriction,D6_교란행위,2026-09-04
https://www.tribuneindia.com/news/delhi/connaught-place-may-go-vehicle-free-again/,e50d04b84163b6e52a4cc229356162b5,Connaught Place may go vehicle - free again,20260904T030000Z,tribuneindia.com,English,India,restriction,D6_교란행위,2026-09-04
https://www.wsws.org/en/articles/2026/09/04/qzsa-s04.html,448942336eee96e023b29ed89c96f9cd,The Mykolaiv court invokes Ukrainian - only language rule to stop the inflow of letters demanding Bogdan freedom,20260904T074500Z,wsws.org,English,United States,restriction,D6_교란행위,2026-09-04
https://www.journal-news.com/local/long-overdue-hamilton-paving-project-aimed-at-tackling-very-poor-pavement/article_c99409ae-b0c6-530f-81ce-8d249ea99cb4.html,b7f419855aa89f4aa73032ef994056c1,  Long ‑ overdue  Hamilton paving project happening now | Local,20260904T090000Z,journal-news.com,English,United States,restriction,D6_교란행위,2026-09-04
https://www.harwichandmanningtreestandard.co.uk/news/26521172.colchester-walton-on-the-naze-greater-anglia-delays/,b512993506858af204cd6a31b6b09512,Colchester to Walton - on - the - Naze Greater Anglia delays | Harwich and Manningtree Standard,20260904T124500Z,harwichandmanningtreestandard.co.uk,English,United Kingdom,restriction,D6_교란행위,2026-09-04
https://bearingarms.com/tomknighton/2026/09/04/fpc-asks-for-injunction-on-carry-permit-ban-for-adults-under-21-n1233718,a3bd6cf58cefc66775dcdf581a0331c7,FPC Asks for Injunction on Carry Permit Ban for Adults Under 21,20260904T164500Z,bearingarms.com,English,United States,restriction,D6_교란행위,2026-09-04
https://economictimes.indiatimes.com/news/international/global-trends/a-michigan-farmer-reclaimed-his-familys-131-acres-after-decades-apart-and-found-a-way-to-keep-homes-off-the-land-forever/articleshow/133772994.cms,7fd55910eba0df5e5d47249e279aa439,A Michigan farmer reclaimed his family 131 acres after decades apart and found a way to keep homes off the land forever,20260904T180000Z,economictimes.indiatimes.com,English,India,restriction,D6_교란행위,2026-09-04
https://www.siliconvalley.com/2026/09/04/lausd-has-blocked-students-from-generative-ai-how-will-it-teach-them-about-it/,e0a855669cf507a1c65b64591a65bdc2,LA schools has blocked students from generative AI . How will it teach them about it ? ,20260904T180000Z,siliconvalley.com,English,United States,restriction,D6_교란행위,2026-09-04
https://www.freepressjournal.in/education/upsc-nda-na-exam-ii-2026-e-admit-card-released-at-upsconlinenicin-exam-on-september-13,a16ca6d1f2dffe18c637396f17254572,"UPSC NDA , NA Exam ( II ) 2026 : E - Admit Card Released At upsconline . nic . in , Exam On September 13",20260904T070000Z,freepressjournal.in,English,India,restriction,D6_교란행위,2026-09-04
https://www.oxfordmail.co.uk/news/26518939.oxfordshire-quiet-lane-change-approved-amid-police-objection/,b25860e7fabcaeffca8bceec99772fd7,Oxfordshire quiet lane change approved amid police objection,20260904T050000Z,oxfordmail.co.uk,English,United Kingdom,restriction,D6_교란행위,2026-09-04
https://nypost.com/2026/09/03/us-news/lausd-blocks-student-access-to-generative-ai-on-district-devices/,a2cb3eb87f7314fd6a7dbccee524b1c1,LAUSD blocks student access to generative AI on district devices,20260904T011500Z,nypost.com,English,United States,restriction,D6_교란행위,2026-09-04
https://punchng.com/assessing-lagos-bus-reform/,c1d0a336199af74733ee10eb36817d59,Lagos Bus Reform : Assessing the New Transition Programme,20260904T020000Z,punchng.com,English,Nigeria,restriction,D6_교란행위,2026-09-04
https://www.naturalnews.com/2026-09-03-trump-coin-draws-criticism-over-collectible-pricing.html,9d93371cd6e68e67d158ac313086d84e,Trump $1 Coin Draws Criticism Over Collectible Pricing as U . S . Mint Opens Orders – NaturalNews . com,20260904T014500Z,naturalnews.com,English,United States,restriction,D6_교란행위,2026-09-04
https://www.freepressjournal.in/education/upsc-cds-ii-2026-e-admit-card-released-at-upsconlinenicin-exam-on-september-13-check-session-timings-and-guidelines,e66d71277f27e255d1b55852bb3cb672,"UPSC CDS ( II ) 2026 : E - Admit Card Released At upsconline . nic . in ; Exam On September 13 , Check Session Timings And Guidelines",20260904T091500Z,freepressjournal.in,English,India,restriction,D6_교란행위,2026-09-04
https://www.thenorthernecho.co.uk/news/26512121.former-durham-officer-barred-assaulted-partner/,f1a6a3599cf8f759af22a1897e0b38a3,Former Durham officer barred after he assaulted partner,20260904T070000Z,thenorthernecho.co.uk,English,United Kingdom,restriction,D6_교란행위,2026-09-04
https://vernonmorningstar.com/2026/09/04/area-restriction-order-rescinded-for-bald-range-wildfire-near-summerland/,b6faae9c79f1905adec955289d712e06,Area restriction order rescinded for Bald Range wildfire near Summerland,20260904T180000Z,vernonmorningstar.com,English,Canada,restriction,D6_교란행위,2026-09-04
https://www.deccanchronicle.com/opinion/columnists/farrukh-dhondy-uk-jails-are-overflowing-should-jury-trials-be-fewer-1984943,9d56ab436664a7b68aaa2281bb8d23d6,Farrukh Dhondy | united kingdom Jails Are Overflowing : Should Jury Trials Be Fewer ? ,20260904T191500Z,deccanchronicle.com,English,India,restriction,D6_교란행위,2026-09-04
https://www.off-road.com/blog/jackson-wisconsin-keeps-atv-utv-nighttime-restriction-after-board-review/,0acdd5b68b4953f2bd83a4a14d904cea,"Jackson , Wisconsin Keeps ATV / UTV Nighttime Restriction After Board Review",20260904T011500Z,off-road.com,English,United States,restriction,D6_교란행위,2026-09-04
https://www.royalgazette.com/labour/news/article/20260903/hayward-says-government-to-get-tough-on-marriage-fraud/,062763f8fe9e15d720cfd4ec5271ad72,Hayward says Government to get tough on marriage fraud,20260904T003000Z,royalgazette.com,English,Bermuda,restriction,D6_교란행위,2026-09-04
https://www.royalgazette.com/labour/news/article/20260904/hayward-says-government-to-get-tough-on-marriage-fraud/,20732ae2e81fbb36b3cfaf799812ef15,Hayward : Government to get tough on marriage fraud,20260904T144500Z,royalgazette.com,English,Bermuda,restriction,D6_교란행위,2026-09-04
https://timesofindia.indiatimes.com/world/us/grumpy-old-men-star-walter-matthau-gave-32-roxbury-acres-to-a-land-trust-in-1997-nearly-30-years-later-the-connecticut-hayfield-still-keeps-its-views-open/articleshow/133731716.cms,dbb1414a23ed38df50ff9b3f40ff3e83,Grumpy Old Men star Walter Matthau gave 32 Roxbury acres to a land trust in 1997 ; nearly 30 years later the Connecticut hayfield still keeps its views open | World News,20260904T100000Z,timesofindia.indiatimes.com,English,India,restriction,D6_교란행위,2026-09-04
https://www.trustedreviews.com/reviews/belkin-wireless-pre-n-router,4ce8e71739002af9f61a33a4238e83fa,Belkin Wireless Pre - N Router Review,20260904T124500Z,trustedreviews.com,English,United Kingdom,restriction,D6_교란행위,2026-09-04
https://www.manchestereveningnews.co.uk/whats-on/music-nightlife-news/katseye-co-op-live--34565097,c739bb9b971f03a4d19d054ea5ecbdab,"Katseye at Co - op Live – stage times , tickets , setlist , and how to get there",20260904T101500Z,manchestereveningnews.co.uk,English,United Kingdom,restriction,D6_교란행위,2026-09-04
https://www.newzimbabwe.com/uk-changes-visa-rules-to-let-modern-slavery-victims-leave-abusive-employers-offering-relief-to-african-migrant-workers/,09207c89d1851de47ce887d944c51d32,"UK changes visa rules to let modern slavery victims leave abusive employers , offering relief to African migrant workers",20260904T051500Z,newzimbabwe.com,English,Zimbabwe,restriction,D6_교란행위,2026-09-04
https://www.clickorlando.com/news/local/2026/09/03/volusia-county-will-block-125-on-beach-parking-spaces-for-labor-day-weekend-heres-where-and-why/,47d3acbdfbc94525ce9ccf293260f0c7,Volusia County will block 125 on - beach parking spaces for Labor Day weekend . Here where and why,20260904T003000Z,clickorlando.com,English,United States,restriction,D6_교란행위,2026-09-04
https://www.medianama.com/2026/09/223-cradlewise-ai-cribs-newborns/,1160e80c359edc3a5f05f67e17f0fe44,Cradlewise raises $12M as AI crib data raises DPDP questions,20260904T163000Z,medianama.com,English,India,restriction,D6_교란행위,2026-09-04
https://www.1013online.com/judge-freezes-dwayne-wiggins-tony-toni-tone-estate-payouts/,84d7147ae8fe47e32f0fd23830641d8e,Judge Freezes DWayne Wiggins ( Tony Toni Tone ) Estate Payouts ! ,20260904T200000Z,1013online.com,English,United States,restriction,D6_교란행위,2026-09-04
https://www.stourbridgenews.co.uk/news/26521055.closure-fire-hit-racecourse-lane-norton-extended/,56116b6fe5c6fc2240dcce18d605b008,"Closure of fire - hit Racecourse Lane , Norton , extended",20260904T084500Z,stourbridgenews.co.uk,English,United Kingdom,restriction,D6_교란행위,2026-09-04
https://www.yahoo.com/news/politics/articles/trump-asks-supreme-court-ok-203228846.html,8932a30df094951ef29e34dffa5b98fc,Trump asks Supreme Court to OK sweeping changes for mail ballots,20260904T191500Z,yahoo.com,English,United States,restriction,D6_교란행위,2026-09-04
https://natlawreview.com/article/fincen-clarifies-banks-may-discuss-fraud-and-account-closures-without-disclosing,a418d6d1cd04c42f844f235af19ff112,"Agencies Clarify SAR Confidentiality , Urge Transparent Customer C",20260904T200000Z,natlawreview.com,English,United States,restriction,D6_교란행위,2026-09-04
https://www.cnbc.com/select/is-an-extended-car-warranty-worth-it/,1b5fe7e58dd3dc852ca50044151e4f93,Is an Extended Car Warranty Worth It ? ,20260904T144500Z,cnbc.com,English,United States,restriction,D6_교란행위,2026-09-04
https://indiankanoon.org/doc/198508019/,98637597b6659347d6f474b309514f92,"Shyama Devi vs The State Of Bihar Through The Principal ... on 3 September , 2026",20260904T060000Z,indiankanoon.org,English,India,restriction,D6_교란행위,2026-09-04
https://indiankanoon.org/doc/62878270/,465101f24fb9efda624ca4e2ac9d5c35,"Ranju Devi vs The State Of Bihar on 3 September , 2026",20260904T060000Z,indiankanoon.org,English,India,restriction,D6_교란행위,2026-09-04
https://www.aol.com/articles/cars-became-symbol-american-manhood-150504000.html,ba59cebcde5f2f7d9b1058dcafdc692c,How cars became the symbol of American manhood,20260904T181500Z,aol.com,English,United States,restriction,D6_교란행위,2026-09-04
https://www.2minutemedicine.com/looksmaxxing-raises-body-dysmorphia-concerns-among-adolescent-males/,7c4decd179539420f917eb03dd767ac3,Looksmaxxing raises body dysmorphia concerns among adolescent males,20260904T004500Z,2minutemedicine.com,English,United States,restriction,D6_교란행위,2026-09-04
https://knpr.org/npr/2026-09-04/pulling-the-snap-lever-why-gen-zers-bet-invest-differently,c8e84610f8065af6b432ce9058cb93f0,Pulling the SNAP lever + Why Gen Zers bet ( invest ?) differently,20260904T201500Z,knpr.org,English,United States,restriction,D6_교란행위,2026-09-04
https://www.qatarliving.com/en/article/parking-in-doha-zones-fees-mwaqif-app,167e5f87faba0bb95fbfe466bb3c1794,"Parking in Doha : Zones , Fees & the Mawaqif App",20260904T044500Z,qatarliving.com,English,Qatar,restriction,D6_교란행위,2026-09-04
https://indiankanoon.org/doc/117531440/,e7781de23c9266dd678ef72fb9d8d158,"Vandana Rai vs Manoj Kumar on 3 September , 2026",20260904T060000Z,indiankanoon.org,English,India,restriction,D6_교란행위,2026-09-04
https://www.marieclaire.co.uk/health-fitness/nutrition/bone-broth-before-breakfast,b3461f019fa74dc96ca1bc018f4b20af,I Drank Bone Broth Every Morning For a Month : My Review,20260904T084500Z,marieclaire.co.uk,English,United Kingdom,restriction,D6_교란행위,2026-09-04
https://www.myleaderpaper.com/news/crystal-city-files-lawsuit-to-remove-jefferson-county-annexation-restrictions-in-house-bill-2818/article_70aed972-fbc7-4c4d-826f-bd3542749956.html,17f1ab152c4162dcf7edd1e673de43af,Crystal City on Aug . 26 files suit to stop HB 2818 | Local News,20260904T203000Z,myleaderpaper.com,English,United States,restriction,D6_교란행위,2026-09-04
https://homenewshere.com/online_features/tech_talk_and_innovation/article_9a4f90bb-fee8-5e97-b6d1-07732ebefe6a.html,af81b7a1ff45d47820bab080c3cdcf2a,Study finds families could put app - store savings toward school supplies,20260904T090000Z,homenewshere.com,English,United States,restriction,D6_교란행위,2026-09-04
https://www.miamitimesonline.com/online_features/tech_talk_and_innovation/study-finds-families-could-put-app-store-savings-toward-school-supplies/article_5be2c07a-93e4-52c0-90aa-1878422f2f55.html,7c0f17ee4480cf9f1fc5228c370397c7,Study finds families could put app - store savings toward school supplies,20260904T151500Z,miamitimesonline.com,English,United States,restriction,D6_교란행위,2026-09-04
https://gizmodo.com/best-vpn/utorrent,db1e449f27fcfcb85bc46fce7550be64,Best VPN for uTorrent in 2026 : Setup and Settings,20260904T071500Z,gizmodo.com,English,United States,restriction,D6_교란행위,2026-09-04
https://indiankanoon.org/doc/161386733/,65c8879cacddf363eecb9c917e313da4,"John Bosco vs The Chief Executive Officer on 3 September , 2026",20260904T031500Z,indiankanoon.org,English,India,restriction,D6_교란행위,2026-09-04
https://www.techtimes.com/articles/326611/20260904/aoc-q27gazd-qd-oled-gaming-monitor-hits-299-amazon-labor-day-all-time-low.htm,ad1dfd3d8216e275231d2fa77b5dcebf,AOC Q27GAZD QD - OLED Gaming Monitor Hits $299 on Amazon : Labor Day All - Time Low,20260904T200000Z,techtimes.com,English,United States,restriction,D6_교란행위,2026-09-04
https://newstodaynet.com/2026/09/04/court-blocks-registration-of-%E2%82%B9600-cr-srirangam-land/,05562039883985bf87b7768f915030fa,Court blocks registration of ₹600 - cr Srirangam land - News Today,20260904T091500Z,newstodaynet.com,English,India,restriction,D6_교란행위,2026-09-04
https://www.dailyecho.co.uk/news/26505998.bursledon-drivers-face-major-roadworks-next-two-months/,ab5e928a3aa3582cf90bfde28c418f67,Bursledon drivers face major roadworks for next two months,20260904T060000Z,dailyecho.co.uk,English,United Kingdom,restriction,D6_교란행위,2026-09-04
https://www.techrepublic.com/article/news-best-ray-ban-meta-alternatives-2026/,44023178fe788ec9c4424f14c9e5e4a4,12 Best Ray - Ban Meta Alternatives for 2026,20260904T204500Z,techrepublic.com,English,United States,restriction,D6_교란행위,2026-09-04
https://www.mvtimes.com/2026/09/03/nonprofit-unveils-plan-for-former-aquinnah-shop/,9a9354cc36027e4ad7cbe8d31100afd5,Nonprofit unveils plan for former Aquinnah Shop,20260904T004500Z,mvtimes.com,English,United States,restriction,D6_교란행위,2026-09-04
https://westsidetoday.com/2026/09/04/lausd-ai-moratorium-clarified-at-first-district-committee-meeting/,109143c9e98e66e74c5a1ac2356598da,Los Angeles Unified School Board committee convenes to clarify districtwide AI moratorium for students,20260904T161500Z,westsidetoday.com,English,United States,restriction,D6_교란행위,2026-09-04
https://www.yourlocalguardian.co.uk/news/national/uk-today/26522796.hidden-phone-controls-every-parent-know/,31816455268d443ae46ed0e6308b1d60,The hidden phone controls every parent should know about,20260904T144500Z,yourlocalguardian.co.uk,English,United Kingdom,restriction,D6_교란행위,2026-09-04
http://www.bgnes.com/politics/hungary-to-continue-providing-protection-to-ukrainian-men-of-conscription-age,6fce39ac7e11f0b5fac1914a17d09221,Hungary to Continue Providing Protection to Ukrainian Men of Conscription Age,20260904T083000Z,bgnes.com,English,Bulgaria,restriction,D6_교란행위,2026-09-04
https://www.el-balad.com/17048314,fcad3821cd772cf3fb141a1c78e40ff8,Marius Șumudică threatens resignation as CFR Cluj - Farul Constanța unfolds live Cfr Cluj Vs Farul Constanța,20260904T183000Z,el-balad.com,English,Egypt,restriction,D6_교란행위,2026-09-04
https://natlawreview.com/article/sar-confidentiality-and-customer-communication-what-joint-agency-statement-means,86760a51fb197f983983d6e97e100a6c,Agencies Issues Statement on Confidentiality and Customer Communi,20260904T151500Z,natlawreview.com,English,United States,restriction,D6_교란행위,2026-09-04
https://www.933thedrive.com/2026/09/03/factbox-eu-ban-on-animal-products-affects-1-8-billion-in-brazilian-exports/,f223baa3d6a21a90a9331e33ac14e38d,Factbox - EU ban on animal products affects $1 . 8 billion in Brazilian exports,20260904T011500Z,933thedrive.com,English,United States,restriction,D6_교란행위,2026-09-04
https://www.elciudadano.com/en/radio-universidad-de-chile-calls-for-press-freedom-after-exclusion-from-far-right-summit-events/09/04/,91b6efed9454593a32de102e1fa861fc,Radio Universidad de Chile Calls for Press Freedom After Exclusion from Far - Right Summit Events,20260904T201500Z,elciudadano.com,English,,restriction,D6_교란행위,2026-09-04
http://www.russiaherald.com/news/279286864/masked-men-gather-for-suspect-in-kiev-security-services-gunfight,1f8c9498b9864e36944b2d23fd8dd0cd,Masked men gather for suspect in Kiev security services gunfight,20260904T204500Z,russiaherald.com,English,Russia,restriction,D6_교란행위,2026-09-04
https://www.heraldseries.co.uk/news/26518939.oxfordshire-quiet-lane-change-approved-amid-police-objection/,82b2539f709ff1dd33313ad5905fe9a5,Oxfordshire quiet lane change approved amid police objection,20260904T084500Z,heraldseries.co.uk,English,United Kingdom,restriction,D6_교란행위,2026-09-04
https://www.thesuburban.com/news/exit-41-on-a-40-eastbound-to-close-overnight/article_6c747a06-3a73-4a79-a514-99c256c3ef29.html,d75bde8c5fe5ccf0291376f8885e0fb4,Exit 41 on A - 40 eastbound to close overnight,20260904T003000Z,thesuburban.com,English,Canada,restriction,D6_교란행위,2026-09-04
https://www.thisisoxfordshire.co.uk/news/26518939.oxfordshire-quiet-lane-change-approved-amid-police-objection/,780eb18ddd79b1df12776700b124f7ff,Oxfordshire quiet lane change approved amid police objection,20260904T044500Z,thisisoxfordshire.co.uk,English,United Kingdom,restriction,D6_교란행위,2026-09-04
https://www.witneygazette.co.uk/news/26518939.oxfordshire-quiet-lane-change-approved-amid-police-objection/,1efa26ace06eb9e5f65d3ffdddf1ef0b,Oxfordshire quiet lane change approved amid police objection,20260904T043000Z,witneygazette.co.uk,English,United Kingdom,restriction,D6_교란행위,2026-09-04
https://promptnewsonline.com/court-restrains-lizzy-anjorin-from-sharing-photos-of-priscilla-ojos-son/,43289c6c823e4fd7a54cb6715a42eadb,Court Restrains Lizzy Anjorin From Sharing Photos Of Priscilla Ojo Son,20260904T151500Z,promptnewsonline.com,English,Nigeria,restriction,D6_교란행위,2026-09-04
https://phinphanatic.com/miami-dolphins-jeff-hafley-reveals-the-one-fan-habit-that-drives-him-crazy-01m1mdeb7cx5,1312f4c7c1a57110dbd8896e918df569,Dolphin Jeff Hafley reveals the one fan habit that drives him crazy,20260904T000000Z,phinphanatic.com,English,United States,restriction,D6_교란행위,2026-09-04
https://www.publicceo.com/2026/09/assembly-bill-2529-sponsored-by-cities-of-hidden-hills-and-carson-passes-the-legislature-and-heads-to-the-governor/,c2a916869c8ad1aecda68c1cc65d9426,"Assembly Bill 2529 , sponsored by Cities of Hidden Hills and Carson , passes the Legislature and heads to the Governor",20260904T181500Z,publicceo.com,English,United States,restriction,D6_교란행위,2026-09-04
https://iopscience.iop.org/article/10.1088/1367-2630/ae98a1,82dcb8ed55941f038b1433461c276e97,Non - secular polariton leakage and dark - state protection in hybrid plasmonic cavities,20260904T091500Z,iopscience.iop.org,English,United States,restriction,D6_교란행위,2026-09-04
https://www.ibtimes.com.au/japanese-doctors-warn-unsafe-weight-loss-glp1-drugs-1875003,1812ab9d750076032b5aeee2f92d470b,Japanese Ketoacidosis Cases After Tirzepatide Use Spark Call for Safer Weight Loss Beyond Off - Label Rules,20260904T084500Z,ibtimes.com.au,English,Australia,restriction,D6_교란행위,2026-09-04
https://www.nvdaily.com/nvdaily/front-royal-planers-take-first-look-at-retail-marijuana-rules/article_4362a2d6-3900-5390-a843-d5134559fa42.html,10b8f373c7dc49cfc5c6bb611d4742ce,Front Royal planers take first look at retail marijuana rules,20260904T051500Z,nvdaily.com,English,United States,restriction,D6_교란행위,2026-09-04
https://www.statesboroherald.com/local/bulloch-county-lifts-second-outdoor-burn-ban-of-2026/,c43e0ce47034aa937b611c9d5a302343,Bulloch County lifts second outdoor burn ban of 2026 - Statesboro Herald,20260904T000000Z,statesboroherald.com,English,United States,restriction,D6_교란행위,2026-09-04
https://www.scoop.co.nz/stories/AK2609/S00139/why-bother-asking-council-ignores-overwhelming-consultation-result.htm,a27b3d888bcfde45e09e488786b9fabb,Why Bother Asking ? Council Ignores Overwhelming Consultation Result,20260904T033000Z,scoop.co.nz,English,New Zealand,restriction,D6_교란행위,2026-09-04
https://www.chathamstartribune.com/news/article_b567ddb8-9b31-47d3-a4b9-58ef6c934b8e.html,8ecb4cf62a89203a3b4d33f539bfe30d,Parking woes in Danville River District aired,20260904T211500Z,chathamstartribune.com,English,United States,restriction,D6_교란행위,2026-09-04
https://www.thewestmorlandgazette.co.uk/news/national/uk-today/26522796.hidden-phone-controls-every-parent-know/,61119305e539a549be5a94a3b0c8cac8,The hidden phone controls every parent should know about,20260904T143000Z,thewestmorlandgazette.co.uk,English,United Kingdom,restriction,D6_교란행위,2026-09-04
https://92q.com/5914551/how-has-9-11-changed-airports/,de05d9f4994b5080e8fa232307953a53,How 9 / 11 Changed Airport Security Plus What No Longer Allowed,20260904T051500Z,92q.com,English,United States,restriction,D6_교란행위,2026-09-04
https://www.heraldseries.co.uk/news/national/uk-today/26522796.hidden-phone-controls-every-parent-know/,647e80162aa2edb3504db90a0e7d683b,The hidden phone controls every parent should know about,20260904T183000Z,heraldseries.co.uk,English,United Kingdom,restriction,D6_교란행위,2026-09-04
https://www.shootinguk.co.uk/news/sle-general-licence-review-response/,2c4470ba09f9630490c9f197ac14e57d,General licence review : SLE fights returns plan,20260904T181500Z,shootinguk.co.uk,English,United Kingdom,restriction,D6_교란행위,2026-09-04
https://www.wirralglobe.co.uk/news/national/uk-today/26522796.hidden-phone-controls-every-parent-know/,4acfe5435c1f823925df7c526f051b5f,The hidden phone controls every parent should know about,20260904T164500Z,wirralglobe.co.uk,English,United Kingdom,restriction,D6_교란행위,2026-09-04
https://www.thesangaiexpress.com/Encyc/2026/9/4/as-the-man-representing-ukhrul-assembly-constituency-it-was-not-surprising-to-see-ram-muivah-highlighting-the-.html,bc54a96f975091eb92040a3fc3819a84,Importance of road connectivity Imphal - Ukhrul road,20260904T191500Z,thesangaiexpress.com,English,India,restriction,D6_교란행위,2026-09-04
https://ictsd.org/tariffs-explained/,12732961618482d1364d59e483225866,Tariffs Explained : Who Pays and What Changes Cargo & Currency,20260904T124500Z,ictsd.org,English,United States,restriction,D6_교란행위,2026-09-04
https://ictsd.org/anti-dumping-duties-explained/,10771a5b176ff74c20841320a3e8fcfa,Anti - Dumping Duties Explained : Process Before Labels Cargo & Currency,20260904T124500Z,ictsd.org,English,United States,restriction,D6_교란행위,2026-09-04
https://azcapitoltimes.com/news/2026/09/03/more-logging-and-mining-near-grand-canyon-trump-plan-raises-alarms/,f486524838820b9b2b1326a7ed6bf6ea,More logging and mining near Grand Canyon ? Trump plan raises alarms,20260904T030000Z,azcapitoltimes.com,English,United States,restriction,D6_교란행위,2026-09-04
https://www.hngn.com/articles/273066/20260903/trump-break-ground-triumphal-arch-within-two-weeks-without-final-approval.htm,cbae0da5e3aec6c761e3483824712c35,Trump to Break Ground on Triumphal Arch Within Two Weeks Without Final Approval,20260904T050000Z,hngn.com,English,United States,restriction,D6_교란행위,2026-09-04
https://www.thenationalnews.com/lifestyle/2026/09/04/palestine-olive-oil-export-settler-violence-checkpoints-delays/,e1863337cb88ef649ab3c08501e6f887,"From grove to global markets , Palestinian olive oil increasingly difficult journey",20260904T204500Z,thenationalnews.com,English,,restriction,D6_교란행위,2026-09-04
https://countercurrents.org/2026/09/how-hollow-ethnicity-came-back-to-haunt-europeans-the-fall-of-indo-europeans-and-the-rise-of-capitalist-forced-migration/,d3223f730e2b4d7fdd58cdb269572d5f,How Hollow Ethnicity Came Back to Haunt Europeans : The Fall of Indo - Europeans and The Rise of Capitalist - Forced Migration,20260904T090000Z,countercurrents.org,English,India,restriction,D6_교란행위,2026-09-04
https://westfaironline.com/world-news/cnn-wire-trump-goes-back-to-supreme-court-on-control-of-ballots-in-election/,b1a86d65db241a1b1acc301dc7aff5c9,CNN WIRE - Trump goes back to Supreme Court on control of ballots in election,20260904T074500Z,westfaironline.com,English,United States,restriction,D6_교란행위,2026-09-04
https://aliran.com/web-specials/pm-must-ensure-no-one-else-has-to-break-through-university-of-malaya-gates,43d65cf7b40340c25dbddb8590ffd1b7,PM must ensure no one else has to break through University of Malaya gates,20260904T051500Z,aliran.com,English,Malaysia,restriction,D6_교란행위,2026-09-04
https://timesca.com/kazakhstan-takes-center-stage-in-u-s-house-critical-minerals-hearing/,555d12e9a904a6874977ca0bb5d9e78d,Kazakhstan Takes Center Stage in U . S . House Critical Minerals Hearing,20260904T180000Z,timesca.com,English,Kyrgyzstan,restriction,D6_교란행위,2026-09-04
https://www.atlantanewsfirst.com/2026/09/03/pain-suffering-medical-malpractice-caps-many-states-limit-payouts-patients-with-lifelong-injuries/,01e6a909a853921e08f04eb25eea947d,  Pain and suffering  | Medical malpractice caps in many states limit payouts for patients with lifelong injuries,20260904T011500Z,atlantanewsfirst.com,English,,restriction,D6_교란행위,2026-09-04
https://www.klcc.org/npr-news/2026-09-04/pulling-the-snap-lever-why-gen-zers-bet-invest-differently,c6eda472a824909532dbcb55d42090f9,Pulling the SNAP lever + Why Gen Zers bet ( invest ?) differently,20260904T183000Z,klcc.org,English,United States,restriction,D6_교란행위,2026-09-04
https://www.kedm.org/npr-news/2026-09-04/pulling-the-snap-lever-why-gen-zers-bet-invest-differently,241cd67fe54b44b1b641f12c23f8972c,Pulling the SNAP lever + Why Gen Zers bet ( invest ?) differently,20260904T161500Z,kedm.org,English,United States,restriction,D6_교란행위,2026-09-04
https://www.wdiy.org/npr-news/2026-09-04/pulling-the-snap-lever-why-gen-zers-bet-invest-differently,f9815f60f1c094678f3eb290ea7c627d,Pulling the SNAP lever + Why Gen Zers bet ( invest ?) differently,20260904T181500Z,wdiy.org,English,United States,restriction,D6_교란행위,2026-09-04
https://news.wjct.org/national-news/2026-09-04/pulling-the-snap-lever-why-gen-zers-bet-invest-differently,316c01d56268d64153a42f7469178178,Pulling the SNAP lever + Why Gen Zers bet ( invest ?) differently,20260904T180000Z,news.wjct.org,English,United States,restriction,D6_교란행위,2026-09-04
https://www.wbaa.org/npr-news/2026-09-04/pulling-the-snap-lever-why-gen-zers-bet-invest-differently,1d00cf9a19f6b46edfdf3babdfc77bb0,Pulling the SNAP lever + Why Gen Zers bet ( invest ?) differently,20260904T191500Z,wbaa.org,English,United States,restriction,D6_교란행위,2026-09-04
https://www.wgcu.org/2026-09-04/pulling-the-snap-lever-why-gen-zers-bet-invest-differently,684c6dd9fa48212a74bde4f43e76241b,Pulling the SNAP lever + Why Gen Zers bet ( invest ?) differently,20260904T191500Z,wgcu.org,English,United States,restriction,D6_교란행위,2026-09-04
https://www.wutc.org/2026-09-04/pulling-the-snap-lever-why-gen-zers-bet-invest-differently,d01eacb282b15f9fdcaa06a612d4c24f,Pulling the SNAP lever + Why Gen Zers bet ( invest ?) differently,20260904T164500Z,wutc.org,English,United States,restriction,D6_교란행위,2026-09-04
https://www.ketr.org/2026-09-04/pulling-the-snap-lever-why-gen-zers-bet-invest-differently,07d809c8af0266b504e7b4af4e4ae671,Pulling the SNAP lever + Why Gen Zers bet ( invest ?) differently,20260904T191500Z,ketr.org,English,United States,restriction,D6_교란행위,2026-09-04
https://www.wvasfm.org/business/2026-09-04/pulling-the-snap-lever-why-gen-zers-bet-invest-differently,4229ee33bf41adaf10961cb5c3539a9c,Pulling the SNAP lever + Why Gen Zers bet ( invest ?) differently,20260904T191500Z,wvasfm.org,English,United States,restriction,D6_교란행위,2026-09-04
https://www.kccu.org/business/2026-09-04/pulling-the-snap-lever-why-gen-zers-bet-invest-differently,9cda4cf753ba91240c3e3f065596ccc4,Pulling the SNAP lever + Why Gen Zers bet ( invest ?) differently,20260904T194500Z,kccu.org,English,United States,restriction,D6_교란행위,2026-09-04
https://www.wuwf.org/2026-09-04/pulling-the-snap-lever-why-gen-zers-bet-invest-differently,91198d2fe433f98b7533da12314efa3f,Pulling the SNAP lever + Why Gen Zers bet ( invest ?) differently,20260904T194500Z,wuwf.org,English,United States,restriction,D6_교란행위,2026-09-04
https://www.benningtonbanner.com/local-news/legislation-restricting-smartphones-in-schools-takes-effect/article_83350f52-542c-45ba-98e2-e091d0db3a7d.html,dfecbfb895ec8b76367f43bf6ca8e704,Legislation restricting smartphones in schools takes effect,20260904T194500Z,benningtonbanner.com,English,United States,restriction,D6_교란행위,2026-09-04
https://www.funkytaurusmedia.com/shop_content.php?coID=2&XTCsid=vuin9ocm96mnjtiqqqmb41m526,41e68d3d306673d8993038079c4d0f9a,Funky Taurus Media - Music Photo Agency & Products,20260904T144500Z,funkytaurusmedia.com,English,Germany,restriction,D6_교란행위,2026-09-04
https://www.funkytaurusmedia.com/shop_content.php?coID=2&XTCsid=np4i0i1137f3euif1uunubqpl0,fa2e040a14c3b9b777a5aa70df9c436d,Funky Taurus Media - Music Photo Agency & Products,20260904T184500Z,funkytaurusmedia.com,English,Germany,restriction,D6_교란행위,2026-09-04
https://www.funkytaurusmedia.com/shop_content.php?coID=2&XTCsid=frv3r8i1c0urp4vnf0vp960cm7,299c4177c24d1cc3118476830d192fc1,Funky Taurus Media - Music Photo Agency & Products,20260904T164500Z,funkytaurusmedia.com,English,Germany,restriction,D6_교란행위,2026-09-04
https://www.funkytaurusmedia.com/shop_content.php?coID=2&XTCsid=9k3lau8coho0nqf66stu2gi267,d8a156bdb8ee83bb899cbc7678235fe0,Funky Taurus Media - Music Photo Agency & Products,20260904T204500Z,funkytaurusmedia.com,English,Germany,restriction,D6_교란행위,2026-09-04
https://www.funkytaurusmedia.com/shop_content.php?coID=2&XTCsid=oclcqa3c3hvrfuc0jn8777ab50,b5d8dc2fd05a8281ba511da2baf255f3,Funky Taurus Media - Music Photo Agency & Products,20260904T210000Z,funkytaurusmedia.com,English,Germany,restriction,D6_교란행위,2026-09-04
https://www.funkytaurusmedia.com/shop_content.php?coID=3&XTCsid=mi425n1e5ihnsojb6d07pmk1k5,da3bc45edcd2438139a11a65fe64b808,Funky Taurus Media - Music Photo Agency & Products,20260904T181500Z,funkytaurusmedia.com,English,Germany,restriction,D6_교란행위,2026-09-04
https://www.funkytaurusmedia.com/shop_content.php?coID=3&XTCsid=oclcqa3c3hvrfuc0jn8777ab50,e174929f4981ab06140d84b09897c3e5,Funky Taurus Media - Music Photo Agency & Products,20260904T210000Z,funkytaurusmedia.com,English,Germany,restriction,D6_교란행위,2026-09-04
https://finance.yahoo.com/markets/stocks/articles/usa-rare-earth-rises-4-141519190.html,4e4469748663a8b2bf063a84407468c7,"USA Rare Earth Rises 4 %, Then Coughs Up Gains as Chinese Suppliers Refuse U . S . Shipments",20260904T144500Z,finance.yahoo.com,English,United States,rare earth,D2_품목,2026-09-04
https://www.aol.com/articles/usa-rare-earth-rises-4-141519000.html,3b1314cc517cb8716cd8faabf706587a,"USA Rare Earth Rises 4 %, Then Coughs Up Gains as Chinese Suppliers Refuse U . S . Shipments",20260904T144500Z,aol.com,English,United States,rare earth,D2_품목,2026-09-04
https://finance.yahoo.com/markets/stocks/articles/10-000-usa-rare-earth-132800886.html,7df485eb2d75da04cc5c84da65d6d57b,"$10 , 000 in united states Rare Earth Stock at Its High Is Worth About $4 , 650 Today",20260904T014500Z,finance.yahoo.com,English,United States,rare earth,D2_품목,2026-09-04
https://www.cnbc.com/2026/09/04/stocks-making-the-biggest-moves-premarket-.html,727bba6384af8dc06c97134480b3275b,"Stocks making the biggest moves premarket : AMC , USAR , LULU , ADBE",20260904T130000Z,cnbc.com,English,United States,rare earth,D2_품목,2026-09-04
https://news.mongabay.com/short-article/2026/09/brazils-senate-passes-rare-earth-minerals-regulation-paving-the-way-for-boosted-exploration/,c80378b42b82a6f7f3002896a500a98d,"Brazil Senate passes rare earth minerals regulation , paving the way for boosted exploration",20260904T194500Z,news.mongabay.com,English,Indonesia,rare earth,D2_품목,2026-09-04
https://www.freemalaysiatoday.com/category/business/2026/09/04/china-rare-earth-firms-halt-some-us-shipments-over-geopolitical-worries,1de6aed9ff1f8be6e4693a3fa3f13333,China rare earth firms halt some US shipments over geopolitical worries,20260904T094500Z,freemalaysiatoday.com,English,Malaysia,rare earth,D2_품목,2026-09-04
https://www.chemicalonline.com/doc/strategic-partnership-with-carester-for-oxide-separation-development-and-year-offtake-agreement-0001,15a2217d33b507f58d3268140bd4ff68,Strategic Partnership With Carester For Oxide Separation Development And 10 - Year Offtake Agreement,20260904T144500Z,chemicalonline.com,English,United States,rare earth,D2_품목,2026-09-04
https://www.northernminer.com/news/pentagon-rare-earth-push-collides-with-chinas-grip/1003894608/,ccc91204d4bea9c48597cdafcf1854db,Pentagon rare earth push collides with China grip,20260904T181500Z,northernminer.com,English,Canada,rare earth,D2_품목,2026-09-04
https://www.theage.com.au/business/companies/big-hits-brightstar-resources-solstice-minerals-and-power-minerals-20260904-p60uj9.html,e3b1073f52b2b10db04fb6efddec68c7,"Big Hits : Brightstar Resources , Solstice Minerals and Power Minerals . ",20260904T050000Z,theage.com.au,English,Australia,rare earth,D2_품목,2026-09-04
https://www.brisbanetimes.com.au/business/companies/big-hits-brightstar-resources-solstice-minerals-and-power-minerals-20260904-p60uj9.html,65f53863a6e8fb73a5c5c04a667d003e,"Big Hits : Brightstar Resources , Solstice Minerals and Power Minerals . ",20260904T050000Z,brisbanetimes.com.au,English,Australia,rare earth,D2_품목,2026-09-04
https://www.thehindu.com/news/national/andhra-pradesh/mining-revenue-rises-1290-to-1287-crore-in-andhra-pradesh-says-minister/article71429568.ece,e9ecae44c18eb08b0f95e64b16f71a33,"Mining revenue rises 12 . 90 % to ₹1 , 287 crore in Andhra Pradesh , says Minister",20260904T183000Z,thehindu.com,English,India,rare earth,D2_품목,2026-09-04
https://www.lahainanews.com/wire/?category=5041&ID=398524,850f08767063b6d31efd4acd2d7ec177,"Brazil Senate passes rare earth minerals regulation , paving the way for boosted exploration | News , Sports , Jobs",20260904T051500Z,lahainanews.com,English,United States,rare earth,D2_품목,2026-09-04
https://finance.yahoo.com/markets/stocks/articles/nt1-plutonian-ii-agree-500m-090120996.html,ddc9eb1344a6d54ad9a23397023ad51a,NT1 and Plutonian II agree on $500m merger deal,20260904T093000Z,finance.yahoo.com,English,United States,rare earth,D2_품목,2026-09-04
https://montrealgazette.com/press-releases/globe-newswire/nordique-critical-metals-provides-update-on-kwyjibo-rare-earth-project-2/,bcec39d69f85b1898289fff1daf4ec87,Nordique Critical Metals Provides Update on Kwyjibo Rare Earth Project,20260904T000000Z,montrealgazette.com,English,Canada,rare earth,D2_품목,2026-09-04
https://mix949.com/ixp/67/p/niron-magnetics-sartell-manufacturing-plant/,2f4695d7174c932cf440e1762378e548,Niron Magnetics To Celebrate Steel Raising In Sartell Wednesday,20260904T124500Z,mix949.com,English,United States,rare earth,D2_품목,2026-09-04
https://www.manilatimes.net/2026/09/04/tmt-newswire/globenewswire/nordique-critical-metals-provides-update-on-kwyjibo-rare-earth-project/2418464,ddd65eab3709a2dc27ff5dd14c9e5466,Nordique Critical Metals Provides Update on Kwyjibo Rare Earth Project,20260904T001500Z,manilatimes.net,English,Philippines,rare earth,D2_품목,2026-09-04
https://leaderpost.com/press-releases/globe-newswire/nordique-critical-metals-provides-update-on-kwyjibo-rare-earth-project-2/,db40fa374b29d6e77c20db2fd3ab9563,Nordique Critical Metals Provides Update on Kwyjibo Rare Earth Project,20260904T003000Z,leaderpost.com,English,Canada,rare earth,D2_품목,2026-09-04
https://www.zerohedge.com/commodities/chinese-rare-earth-suppliers-halt-us-shipments-decoupling-fear-surge,f79d90cb0b2e1398c7eaa755419d33dd,Chinese Rare - Earth Suppliers Halt US Shipments As Decoupling Fears Surge,20260904T183000Z,zerohedge.com,English,United States,rare earth,D2_품목,2026-09-04
http://www.laosnews.net/news/279285822/pilot-production-of-rare-earth-oxides-approved-in-vietnam-capital,0953b861c491c452f36ba60b8a3d290d,Pilot production of rare earth oxides approved in Vietnam capital,20260904T124500Z,laosnews.net,English,United States,rare earth,D2_품목,2026-09-04
http://www.cambodiantimes.com/news/279285822/pilot-production-of-rare-earth-oxides-approved-in-vietnam-capital,a222b502c446d8304b5792885ae26365,Pilot production of rare earth oxides approved in Vietnam capital,20260904T124500Z,cambodiantimes.com,English,Cambodia,rare earth,D2_품목,2026-09-04
https://www.themarketsdaily.com/2026/09/04/endurance-gold-cveedg-shares-up-1-9-still-a-buy.html,cc412f184a8155ea7c9874d94655bd1f,Endurance Gold ( CVE : EDG ) Shares Up 1 . 9 % – Still a Buy ? ,20260904T050000Z,themarketsdaily.com,English,United States,rare earth,D2_품목,2026-09-04
https://www.business-standard.com/industry/news/indian-miners-building-critical-mineral-assets-in-resource-rich-africa-126090401460_1.html,2596532b91521906860105e135d87099,Indian miners building critical mineral assets in resource - rich Africa,20260904T203000Z,business-standard.com,English,India,rare earth,D2_품목,2026-09-04
https://www.euronews.com/my-europe/2026/09/04/eu-budget-offers-chance-to-loosen-chinas-grip-on-critical-raw-materials-for-europe,6d6ddef8043441691627b08e37f96a36,EU budget offers chance to loosen China grip on critical raw materials for Europe,20260904T090000Z,euronews.com,English,United States,rare earth,D2_품목,2026-09-04
https://www.fool.com/coverage/better-buy/2026/09/04/boeing-vs-lockheed-martin-which-aerospace-stock-is-a-better-buy-in-2026/?source=iedfolrf0000001,16c7d8dc295b51e76812fe2b0c210ab2,Boeing vs . Lockheed Martin : Which Aerospace Stock Is a Better Buy in 2026 ? ,20260904T203000Z,fool.com,English,United States,rare earth,D2_품목,2026-09-04
https://www.fool.com/coverage/better-buy/2026/09/04/boeing-vs-lockheed-martin-which-aerospace-stock-is-a-better-buy-in-2026/,a4afc52010176c599df56849c50b7304,Boeing vs . Lockheed Martin : Which Aerospace Stock Is a Better Buy in 2026 ? ,20260904T194500Z,fool.com,English,United States,rare earth,D2_품목,2026-09-04
https://www.miragenews.com/stronger-career-pathway-into-mining-1738816/,ab8881d6bd2ad289d44f0143e1cbf08e,Stronger Career Pathway Into Mining,20260904T031500Z,miragenews.com,English,United States,rare earth,D2_품목,2026-09-04
https://www.owensoundsuntimes.com/press-releases/globe-newswire/nordique-critical-metals-provides-update-on-kwyjibo-rare-earth-project/,9aad40199288aa5e05799d1a1da1544d,Nordique Critical Metals Provides Update on Kwyjibo Rare Earth Project,20260904T041500Z,owensoundsuntimes.com,English,Canada,rare earth,D2_품목,2026-09-04
https://www.recorder.ca/press-releases/globe-newswire/nordique-critical-metals-provides-update-on-kwyjibo-rare-earth-project/,f9d759151f8f1b97ac694a1f39533e93,Nordique Critical Metals Provides Update on Kwyjibo Rare Earth Project,20260904T033000Z,recorder.ca,English,Canada,rare earth,D2_품목,2026-09-04
https://www.intelligencer.ca/press-releases/globe-newswire/nordique-critical-metals-provides-update-on-kwyjibo-rare-earth-project/,9419bb2b2ab6a0a7e50536c6306d7de2,Nordique Critical Metals Provides Update on Kwyjibo Rare Earth Project,20260904T021500Z,intelligencer.ca,English,Canada,rare earth,D2_품목,2026-09-04
https://www.standard-freeholder.com/press-releases/globe-newswire/nordique-critical-metals-provides-update-on-kwyjibo-rare-earth-project/,f5d8f950f941dc017d037b7a65f43832,Nordique Critical Metals Provides Update on Kwyjibo Rare Earth Project,20260904T041500Z,standard-freeholder.com,English,Canada,rare earth,D2_품목,2026-09-04
https://www.newscentralasia.net/2026/09/04/resources-of-the-future-osce-experts-analyze-central-asias-critical-mineral-potential/,a62e4bfc8ab39f8d3cef35f4a01b6d3a,Resources of the Future : OSCE Experts Analyze Central Asia Critical Mineral Potential,20260904T060000Z,newscentralasia.net,English,Turkmenistan,rare earth,D2_품목,2026-09-04
https://www.scotusblog.com/2026/09/laboratories-of-undemocracy/,dea597068380ceba54b031cbe6360a29,Laboratories of ( un ) democracy,20260904T151500Z,scotusblog.com,English,United States,rare earth,D2_품목,2026-09-04
https://www.rappler.com/business/opinion-what-pax-silica-advantages-philippines/,360eef93ebc031ee57a75fb3680f9ef8, [ OPINION ] Will Pax Silica be another proverbial fish that got away for the Philippines ? ,20260904T050000Z,rappler.com,English,Philippines,rare earth,D2_품목,2026-09-04
http://www.theuknews.com/news/279286222/minister-hodgson-highlights-western-canada-role-in-canada-energy-and-economic-future,cc566081af07ee02d28a863fe87948f0,Minister Hodgson highlights Western Canada role in Canada energy and economic future,20260904T161500Z,theuknews.com,English,United Kingdom,rare earth,D2_품목,2026-09-04
http://www.indiagazette.com/news/279286546/pm-modi-uzbekistan-visit-lays-firm-groundwork-for-future-cooperation-ties-enter-new-level-envoy-rustambaev,622a6e045d6421907f56f83737ca62ef,"PM Modi Uzbekistan visit lays firm groundwork for future cooperation , ties enter  new level : Envoy Rustambaev",20260904T194500Z,indiagazette.com,English,India,rare earth,D2_품목,2026-09-04
http://www.afghanistannews.net/news/279286546/pm-modi-uzbekistan-visit-lays-firm-groundwork-for-future-cooperation-ties-enter-new-level-envoy-rustambaev,56a0db8dc215d7e5b8d94ee956383df7,"PM Modi Uzbekistan visit lays firm groundwork for future cooperation , ties enter  new level : Envoy Rustambaev",20260904T204500Z,afghanistannews.net,English,Afghanistan,rare earth,D2_품목,2026-09-04
https://www.mvariety.com/business/business_news/chinas-xi-to-bring-large-ceo-delegation-on-us-visit-sources-say/article_521d98cd-d174-487e-86ca-1fc40bf3a140.html,328594e4e910810742892da80ba1371b,"China Xi to bring large CEO delegation on US visit , sources say",20260904T184500Z,mvariety.com,English,United States,rare earth,D2_품목,2026-09-04
https://www.c-mw.net/australias-priority-sectors-powering-global-events/,b58229655a968eea9c0966b75c075f39,Australia priority sectors powering global events - Conference & Meetings World | Global MICE Industry News from CMW,20260904T080000Z,c-mw.net,English,Australia,rare earth,D2_품목,2026-09-04
https://timesca.com/us-building-critical-minerals-chain-central-asia/,9cebfb551550eca71115444464f217e3,How the U . S . Is Building a Critical Minerals Chain Across Central Asia,20260904T180000Z,timesca.com,English,Kyrgyzstan,rare earth,D2_품목,2026-09-04
https://www.gx94radio.com/2026/09/03/federal-minister-touts-tariff-relief-critical-minerals-investment-during-saskatchewan-visit/,ce41f2073e9348f4e76ac72156a9f682,"Federal minister touts tariff relief , critical minerals investment during Saskatchewan visit",20260904T014500Z,gx94radio.com,English,Canada,rare earth,D2_품목,2026-09-04
https://www.fool.com/coverage/filings/2026/09/04/pampa-energia-founder-and-chairman-marcos-mindlin-buys-1-3-million-shares-what-does-this-mean-for-investors-in-2026/,b393c6d05c737a79fd72aaa45868f1c2,Pampa Energía Founder and Chairman Marcos Mindlin Buys 1 . 3 Million Shares . What Does This Mean for Investors in 2026 ? ,20260904T211500Z,fool.com,English,United States,petrochemical,D2_품목,2026-09-04
https://www.azernews.az/oil_and_gas/263368.html,618422f4f8fef3e7dfb34d897cca1e52,"Lummus , SOCAR develop roadmap to expand Azerbaijan oil refining capacity",20260904T080000Z,azernews.az,English,Azerbaijan,petrochemical,D2_품목,2026-09-04
https://www.middleeastmonitor.com/20260904-china-urges-us-to-lift-iran-related-sanctions-on-chinese-firms-citizens/,119f1176c67672e43a36c77101bc69a5,"China urges US to lift Iran - related sanctions on Chinese firms , citizens",20260904T093000Z,middleeastmonitor.com,English,Israel,petrochemical,D2_품목,2026-09-04
https://economictimes.indiatimes.com/markets/stocks/news/reliance-shares-are-down-17-despite-soaring-refining-margins-what-the-market-is-missing/articleshow/133751003.cms,243c32743c116d3d23a1865d6c9cb066,Reliance shares are down 17 % despite soaring refining margins . What the market is missing,20260904T043000Z,economictimes.indiatimes.com,English,India,petrochemical,D2_품목,2026-09-04
https://lancasteronline.com/news/local/susquehanna-river-watchdog-threatens-legal-action-against-leola-pipe-manufacturer-over-alleged-pollution/article_68ba3765-785d-45e8-8e7f-72f72a2439f0.html,2c4107d99e4db8bb41c460bc74832dc8,Susquehanna River watchdog threatens legal action against Leola pipe manufacturer over alleged pollution,20260904T161500Z,lancasteronline.com,English,United States,petrochemical,D2_품목,2026-09-04
https://www.chemicalonline.com/doc/controlrooms-unveils-first-agentic-troubleshooting-system-for-chemical-energy-operations-0001,6780a00e5da114cd8596f7b593cbe1f2,ControlRooms Unveils First Agentic Troubleshooting System For Chemical Energy Operations,20260904T144500Z,chemicalonline.com,English,United States,petrochemical,D2_품목,2026-09-04
https://vietnamnews.vn/economy/1798931/vn-index-jumps-25-points-despite-subdued-liquidity.html,34adc9a715d1b943eebcb4ebde6b2632,VN - Index jumps 25 points despite subdued liquidity,20260904T163000Z,vietnamnews.vn,English,Vietnam,petrochemical,D2_품목,2026-09-04
https://www.themarketsdaily.com/2026/09/04/water-stocks-to-consider-september-4th.html,5d6bd6e26f88dd9a4cd87aec3d42ea09,Water Stocks To Consider – September 4th,20260904T210000Z,themarketsdaily.com,English,United States,petrochemical,D2_품목,2026-09-04
https://www.oilandgasonline.com/doc/eni-signs-strategic-contract-in-venezuela-and-becomes-operator-of-the-super-giant-junin-oil-field-0001,9282c8e3e884429119ae2ab079b49c96,Eni Signs Strategic Contract In Venezuela And Becomes Operator Of The Super Giant Junín - 5 Oil Field,20260904T124500Z,oilandgasonline.com,English,United States,petrochemical,D2_품목,2026-09-04
https://www.themarketsdaily.com/2026/09/04/416896-shares-in-dnow-inc-dnow-purchased-by-legal-general-group-plc.html,c04fa0b8fc2e5a4a2a2cd2b2cdfbcda2,"416 , 896 Shares in DNOW Inc . $DNOW Purchased by Legal & General Group Plc",20260904T091500Z,themarketsdaily.com,English,United States,petrochemical,D2_품목,2026-09-04
https://naija247news.com/dangote-says-economic-reforms-are-restoring-investor-confidence-and-driving-nigerias-recovery/,ec22aa2e63bcc850f0efea911a3cdfab,Dangote Says Economic Reforms Are Restoring Investor Confidence And Driving Nigeria Recovery,20260904T030000Z,naija247news.com,English,Nigeria,petrochemical,D2_품목,2026-09-04
https://countercurrents.org/2026/09/the-battle-for-hormuz-treasure-trove/,4af15f05a80c27bab84d59824c07e66b,The Battle for Hormuz Treasure Trove,20260904T041500Z,countercurrents.org,English,India,petrochemical,D2_품목,2026-09-04
https://www.mining.com/baowu-eyes-stake-in-bhps-massive-jimblebar-iron-ore-mine/,1f07eba0540944cafbf56c5f96815e12,Baowu eyes stake in BHP massive Jimblebar iron ore mine,20260904T180000Z,mining.com,English,Canada,iron ore,D2_품목,2026-09-04
http://www.shanghaisun.com/news/279284450/bengaluru-ed-attaches-rs-210-crore-immovable-properties-in-akshatha-minerals-case,b28279d38b808002654e792a5333f32b,Bengaluru : ED attaches Rs 2 . 10 crore immovable properties in Akshatha Minerals case,20260904T000000Z,shanghaisun.com,English,China,iron ore,D2_품목,2026-09-04
https://www.cnbcafrica.com/2026/african-rainbow-minerals-profit-up-19-on-higher-platinum-prices,5391872c2430ffabd60626a0aeb7b316,African Rainbow Minerals profit up 19 % on higher platinum prices,20260904T084500Z,cnbcafrica.com,English,South Africa,iron ore,D2_품목,2026-09-04
https://www.businessday.co.za/companies/2026-09-04-pgm-rebound-helps-save-african-rainbow-minerals-rocky-year/,4dfdbd123e5d8cf6da864b3af3eb3149,PGM rebound helps save African Rainbow Mineral rocky year,20260904T124500Z,businessday.co.za,English,South Africa,iron ore,D2_품목,2026-09-04
https://allafrica.com/stories/202609040399.html,2382bd6bf09974e4704d707fa4eb8731,"Kenya : Kuria Warns Kenya Will Fall Behind Uganda , Tanzania Unless It Changes Industrialisation Policy",20260904T151500Z,allafrica.com,English,Nigeria,iron ore,D2_품목,2026-09-04
https://www.miningweekly.com/article/arms-motsepe-emphasises-importance-of-honesty-integrity-governance-meritocracy-2026-09-04,5bb274d21f2c5a3525db0361dd05b60a,"ARM Motsepe emphasises importance of honesty , integrity , governance , meritocracy",20260904T151500Z,miningweekly.com,English,South Africa,iron ore,D2_품목,2026-09-04
https://www.businesstoday.in/markets/stocks/story/sail-gets-credit-rating-upgrade-stock-reaction-and-what-led-to-the-upgrade-553342-2026-09-04,5b1af6d47dec7e7113e6c4391e196083,SAIL gets credit rating upgrade ; stock reaction and what led to the upgrade,20260904T091500Z,businesstoday.in,English,India,iron ore,D2_품목,2026-09-04
https://www.rttnews.com/3688456/australian-market-slips-to-modest-losses-in-mid-market.aspx,edc43144824e1bdaa45dd2e5febb2c07,Australian Market Slips To Modest Losses In Mid - market,20260904T051500Z,rttnews.com,English,United States,iron ore,D2_품목,2026-09-04
https://www.mesabitribune.com/news/local/usw-officials-home-from-negotiations-talks-to-resume-next-week-with-cleveland-cliffs-and-u/article_ba6c6d0a-3138-4dd7-a2d0-3fcca9c2a375.html,8b2a80eaeb14e79e1ed0e58d60cbdeec,USW officials home from negotiations ; talks to resume next week with Cleveland - Cliffs and U . S . Steel,20260904T000000Z,mesabitribune.com,English,,iron ore,D2_품목,2026-09-04
https://www.proactiveinvestors.com.au/companies/news/1098080/small-caps-watch-xso-gains-0-6-as-aurum-extends-gold-system-and-firefly-completes-a-180-million-raising-1098080.html,da0d994bfaa34f1a2b2e573319ae5c8d,Small Caps Watch : XSO gains 0 . 6 % as Aurum extends gold system and FireFly completes A$180 million raising,20260904T041500Z,proactiveinvestors.com.au,English,Australia,iron ore,D2_품목,2026-09-04
https://cajnewsafrica.com/2026/09/04/zimbabwe-builds-with-its-own-steel/,6618f7b0c1a0328d20cd12f5bc12faf6,Zimbabwe builds with its own steel - CAJ News Africa,20260904T071500Z,cajnewsafrica.com,English,Nigeria,iron ore,D2_품목,2026-09-04
https://www.proactiveinvestors.co.uk/companies/news/1098089/ftse-100-live-uk-blue-chips-end-the-week-on-a-flat-note-1098089.html,e9bb3a3ba5c527fde903a2bc9cc8f7da,FTSE 100 Live : united kingdom blue - chips end the week on a flat note,20260904T203000Z,proactiveinvestors.co.uk,English,United Kingdom,iron ore,D2_품목,2026-09-04
https://www.riotimesonline.com/latam-pre-open-friday-september-4-2026/,13b61f2e07df97392143c1e1f20fea1d,"LatAm Markets Pre - Open : Gold Surges , Real Lags",20260904T074500Z,riotimesonline.com,English,Brazil,iron ore,D2_품목,2026-09-04
https://www.dailypolitical.com/2026/09/04/itochu-otcmktsitocy-pdd-nasdaqpdd-head-to-head-contrast.html,729f8347725951ac666610029b009ad9,Itochu ( OTCMKTS : ITOCY ) & PDD ( NASDAQ : PDD ) Head to Head Contrast,20260904T164500Z,dailypolitical.com,English,United States,iron ore,D2_품목,2026-09-04
https://www.dailypolitical.com/2026/09/04/major-drilling-group-international-q1-earnings-call-highlights.html,ce83648203f8f3ce93fe5f7ff41ee7cc,Major Drilling Group International Q1 Earnings Call Highlights,20260904T093000Z,dailypolitical.com,English,United States,iron ore,D2_품목,2026-09-04
https://www.riotimesonline.com/brazils-financial-morning-call-for-friday-september-4-2026/,f6d27374713a5018a9860ede8a2b44f7,Ibovespa : Brazil Financial Morning Call for Friday,20260904T074500Z,riotimesonline.com,English,Brazil,iron ore,D2_품목,2026-09-04
https://www.gulte.com/overseas/429743/ap-aqua-industry-faces-fresh-blow-from-us-anti-dumping-duty,e0e20ab201cb7ba1f4f4fbfe3663eff4,AP Aqua Industry Faces Fresh Blow From US Anti Dumping Duty,20260904T051500Z,gulte.com,English,India,shrimp,D8_수산물,2026-09-04
https://www.manilatimes.net/2026/09/04/tmt-newswire/pr-newswire/xinhua-silk-road-new-aquaculture-hard-clam-strain-developed-in-rizhao-addressing-bottlenecks-in-shellfish-seedling-production/2418513,e270329705d9572cad5fde018b51da23,"Xinhua Silk Road : New aquaculture hard clam strain developed in Rizhao , addressing bottlenecks in shellfish seedling production",20260904T044500Z,manilatimes.net,English,Philippines,shrimp,D8_수산물,2026-09-04
https://1041theedge.iheart.com/featured/the-woody-show/content/2026-09-03-684-the-woody-show-highlight-pod-the-woody-show-september-3rd-2026-podcast/,b5d7df3f256ef63cbb267c4ace09d669,HIGHLIGHT POD : The Woody Show September 3rd 2026 Podcast | 104 . 1 the Edge,20260904T041500Z,1041theedge.iheart.com,English,United States,shrimp,D8_수산물,2026-09-04
https://971theeagle.iheart.com/featured/the-woody-show/content/2026-09-03-684-the-woody-show-highlight-pod-the-woody-show-september-3rd-2026-podcast/,f8ea2d8f293f5696b3e1e44ff1586a11,HIGHLIGHT POD : The Woody Show September 3rd 2026 Podcast | 97 . 1 The Eagle,20260904T033000Z,971theeagle.iheart.com,English,United States,shrimp,D8_수산물,2026-09-04
https://1059thex.iheart.com/featured/the-woody-show/content/2026-09-03-684-the-woody-show-highlight-pod-the-woody-show-september-3rd-2026-podcast/,a64a73a7e3fda8b11ad97242d5494072,HIGHLIGHT POD : The Woody Show September 3rd 2026 Podcast | 105 . 9 The X,20260904T050000Z,1059thex.iheart.com,English,United States,shrimp,D8_수산물,2026-09-04
https://krab.iheart.com/featured/the-woody-show/content/2026-09-03-684-the-woody-show-highlight-pod-the-woody-show-september-3rd-2026-podcast/,e5f6af72b4dabb2764f967f743a51f88,HIGHLIGHT POD : The Woody Show September 3rd 2026 Podcast | ALT 106 . 1 KRAB Radio,20260904T060000Z,krab.iheart.com,English,United States,shrimp,D8_수산물,2026-09-04
https://alt987fm.iheart.com/featured/the-woody-show/content/2026-09-03-684-the-woody-show-highlight-pod-the-woody-show-september-3rd-2026-podcast/,ea5f7f88630881109183cc3e227ed0f6,HIGHLIGHT POD : The Woody Show September 3rd 2026 Podcast | ALT 98 . 7,20260904T040000Z,alt987fm.iheart.com,English,United States,shrimp,D8_수산물,2026-09-04
https://wtop.com/food-restaurant/2026/09/wtops-beer-of-the-week-the-seeds-chasing-daylight-west-coast-ipa/,5bd35e31c33b3b922cc637eb4e028233,WTOP Beer of the Week : The Seed Chasing Daylight West Coast IPA – WTOP News,20260904T164500Z,wtop.com,English,United States,shrimp,D8_수산물,2026-09-04
https://www.kctv5.com/2026/09/04/wellington-restaurant-catfish-charlies-be-featured-national-food-show/,5429eaa13856486c282f1654a73425e5,"Wellington restaurant , Catfish Charlie , to be featured on national food show",20260904T151500Z,kctv5.com,English,United States,shrimp,D8_수산물,2026-09-04
https://929thebull.com/ixp/113/p/best-bakeries-in-yakima-list-2026/,8a15f91517f2f51d13f68f093687b8db,"These Yakima Bakeries Make Fresh Loaves , So You Dont Have To",20260904T191500Z,929thebull.com,English,United States,shrimp,D8_수산물,2026-09-04
https://mega993online.com/ixp/113/p/best-bakeries-in-yakima-list-2026/,0f4a10911caf4c86d9d51fa9e9fc36df,"These Yakima Bakeries Make Fresh Loaves , So You Dont Have To",20260904T203000Z,mega993online.com,English,United States,shrimp,D8_수산물,2026-09-04
https://la.eater.com/where-to-eat/306592/los-angeles-restaurant-guide-labor-day-weekend-edition,2740effd4b2d69e3828b962f93c24b6e,Your Los Angeles Restaurant Guide : Labor Day Weekend Edition,20260904T211500Z,la.eater.com,English,United States,shrimp,D8_수산물,2026-09-04
https://www.intrafish.com/shrimp/global-shrimp-forum-enough-with-the-race-to-the-bottom-says-ecuador/2-1-2035908,fe27d9403f3b86b888c20081529e4542,"Global Shrimp Forum : Enough with the race to the bottom , says Ecuador",20260904T044500Z,intrafish.com,English,United States,shrimp,D8_수산물,2026-09-04
https://www.boston.com/food/restaurants/2026/09/03/best-restaurant-openings-september-3-2026/,f38f08a3cd66cdc6d563796b10672661,"5 best new restaurant openings in Boston ( September 3 , 2026 ) ",20260904T040000Z,boston.com,English,United States,shrimp,D8_수산물,2026-09-04
https://www.echo-news.co.uk/news/26509402.basildon-pride-among-events-taking-place-south-essex/,2a72c9d2ccd2b845f00b79b02e7ec955,Basildon Pride among events taking place in south Essex,20260904T041500Z,echo-news.co.uk,English,United Kingdom,shrimp,D8_수산물,2026-09-04
https://www.olivemagazine.com/travel/north-america/us-islands-for-food-lovers/,a3d68ffdc44779c1f02e336760b9058e,8 spectacular US islands for food lovers,20260904T151500Z,olivemagazine.com,English,United Kingdom,shrimp,D8_수산물,2026-09-04
https://www.nrn.com/menu-trends/menu-tracker-new-items-from-taco-bell-popeyes-and-burger-king,0efa607f65477cc026359b33e06cf293,"Menu Tracker : New items from Taco Bell , Popeyes , and Burger King",20260904T164500Z,nrn.com,English,United States,shrimp,D8_수산물,2026-09-04
https://www.koreatimes.co.kr/business/companies/20260904/samyang-foods-tangle-pasta-brand-gains-ground-in-us-europe,997ed88190b5c146a4215f8c9083b38f,"Samyang Food Tangle pasta brand gains ground in US , Europe",20260904T094500Z,koreatimes.co.kr,English,South Korea,shrimp,D8_수산물,2026-09-04
https://www.thailand-business-news.com/pr-news/xinhua-silk-road-new-aquaculture-hard-clam-strain-developed-in-rizhao-addressing-bottlenecks-in-shellfish-seedling-production,086b3558668957b4eff299926c5b00b8,"Xinhua Silk Road : New aquaculture hard clam strain developed in Rizhao , addressing bottlenecks in shellfish seedling production",20260904T051500Z,thailand-business-news.com,English,Thailand,shrimp,D8_수산물,2026-09-04
https://theecologist.org/2026/sep/04/very-fishy-business,8a3107dcebc864a50ea1cb51bd512f33,A very fishy business,20260904T091500Z,theecologist.org,English,United Kingdom,shrimp,D8_수산물,2026-09-04
https://www.theworldfolio.com/interviews/higashimaru-expands-japanese-food-and-aquaculture-expertise-through-quality-innovation-and-global-growth/7531/,1ee2c6f4189c3694f05116a54a4b586e,"The Worldfolio : Higashimaru Expands Japanese Food and Aquaculture Expertise Through Quality , Innovation and Global Growth",20260904T084500Z,theworldfolio.com,English,Japan,shrimp,D8_수산물,2026-09-04
https://www.popsci.com/environment/rare-blue-split-color-lobsters-maine/,ae3d3dc32f32dfa589d01852243105df,"Pair of rare , colorful lobsters have a new home in Maine",20260904T144500Z,popsci.com,English,United States,shrimp,D8_수산물,2026-09-04
https://www.winknews.com/news/lee/public-transit-gains-attention-as-fort-myers-beach-parking-tightens/article_eb66065e-5add-44c4-891a-3fc33aaefb28.html,f421be70cbf087efa03dabf14481d7ae,Public transit gains attention as Fort Myers Beach parking tightens,20260904T164500Z,winknews.com,English,United States,shrimp,D8_수산물,2026-09-04
https://komonews.com/seattle-refined/bumbershoot-2026-preview-food-culinary-bumbeershoot-vineshoot-wine-beer-cocktail-corner-local-vendors-flatstock-short-films-performance-art-culture-music-pnw-summer-sip-and-stroll-seattle-center,2f31066771930aa504d8f4d1d1337587,"Eat , Sip & Stroll your way through Bumbershoot culinary scene this weekend",20260904T161500Z,komonews.com,English,United States,shrimp,D8_수산물,2026-09-04
https://techcrunch.com/2026/09/03/the-sameness-problem-behind-those-unappetizing-ai-generated-menus/,3e1ba23902a529caa0109599532825d5,The sameness problem behind those unappetizing AI - generated menus,20260904T070000Z,techcrunch.com,English,United States,shrimp,D8_수산물,2026-09-04
https://www.theage.com.au/goodfood/tips-and-advice/chris-hemsworth-australian-whisky-20260901-p60tgd.html,e05808c5ea77978fb1b9549c51920016,Can Chris Hemsworth put Australian whisky on the world map ? ,20260904T021500Z,theage.com.au,English,Australia,shrimp,D8_수산물,2026-09-04
https://www.brisbanetimes.com.au/goodfood/tips-and-advice/chris-hemsworth-australian-whisky-20260901-p60tgd.html,22f2140fabafd2ee741242f90d28cc46,Can Chris Hemsworth put Australian whisky on the world map ? ,20260904T021500Z,brisbanetimes.com.au,English,Australia,shrimp,D8_수산물,2026-09-04
https://news.webindia123.com/news/Articles/Business/20260904/4494834.html,ef56c3f1c2e69b8820bfc6e881053905,"Belgian PM Mumbai engagements focus on diamonds , India - EU trade and logistics",20260904T200000Z,news.webindia123.com,English,India,shrimp,D8_수산물,2026-09-04
https://www.toronto.com/life/travel/an-ideal-spot-for-a-staycation/article_3a1d09c1-c5c1-5e8a-ba2c-d3a52d7ac594.html,423edf70ff35ec7d81319a6542e94c1d,Discover Stratford : An ideal spot for a staycation,20260904T093000Z,toronto.com,English,Canada,shrimp,D8_수산물,2026-09-04
https://www.manilatimes.net/2026/09/04/tmt-newswire/globenewswire/edible-garden-launches-first-to-market-usda-organic-cea-grown-basil-at-wakefernshoprite/2418749,760cace3c641a63f40525e663dd31994,Edible Garden Launches First - to - Market USDA Organic CEA - Grown Basil at Wakefern / ShopRite,20260904T130000Z,manilatimes.net,English,Philippines,shrimp,D8_수산물,2026-09-04
https://wobm.com/best-breakfast-sandwich-new-jersey/,e9ae8189431c6a23e13a815bf57aa32d,What Makes Jersey City Mordis Sandwich Shop Famous,20260904T040000Z,wobm.com,English,United States,shrimp,D8_수산물,2026-09-04
https://1057thehawk.com/ixp/394/p/best-breakfast-sandwich-new-jersey/,27493bf76b00abd68d604256ed6dd05e,What Makes Jersey City Mordis Sandwich Shop Famous,20260904T033000Z,1057thehawk.com,English,United States,shrimp,D8_수산물,2026-09-04
https://newstalk870.am/ixp/112/p/christ-king-sausage-fest-50-years/,7ac5eec3155e285b2f75e7fe641387b2,50 Years of German Sausage in Tri - Cities at Christ the King,20260904T161500Z,newstalk870.am,English,Armenia,shrimp,D8_수산물,2026-09-04
https://1027kord.com/christ-king-sausage-fest-50-years/,0d07f605177f176e1ff03f33fbbd1507,50 Years of German Sausage in Tri - Cities at Christ the King,20260904T161500Z,1027kord.com,English,United States,shrimp,D8_수산물,2026-09-04
https://97rockonline.com/ixp/112/p/christ-king-sausage-fest-50-years/,c544a2f09138fdb50c8b653702fae43f,50 Years of German Sausage in Tri - Cities at Christ the King,20260904T164500Z,97rockonline.com,English,United States,shrimp,D8_수산물,2026-09-04
https://www.mvariety.com/views/columnists/everybody-loves-agriculture-in-campaign-season/article_bf335148-c4de-492b-b8a6-985db8d977c2.html,70117e6a3f00fc2f67392da3afd3a3ae,Everybody loves agriculture in campaign season,20260904T033000Z,mvariety.com,English,United States,shrimp,D8_수산물,2026-09-04
https://herald-zeitung.com/opinion/hughey-money-magically-disappears-at-costco/article_1f0b6144-6171-4b1a-83f1-6e9421fbfac0.html,5c5fab5269c12165a45f0197d64d7c46,HUGHEY : Money magically disappears at Costco,20260904T031500Z,herald-zeitung.com,English,United States,shrimp,D8_수산물,2026-09-04
https://www.brandonsun.com/local/2026/09/03/alzheimers-group-helps-families-on-their-journey,bf8b115543e8f1fb9fb7349b7c62b144,Alzheimer group helps families on their journey – Brandon Sun,20260904T040000Z,brandonsun.com,English,Canada,shrimp,D8_수산물,2026-09-04
https://www.dailymail.com/yourmoney/article-16104503/los-tacos-no-1-private-equity-new-york.html,61dae26f383c6af0ab560dc8e0f6dd77,Beloved taco chain snapped up by private equity … and loyal customers fear it the  beginning of the end  ,20260904T151500Z,dailymail.com,English,United States,shrimp,D8_수산물,2026-09-04
https://www.thurstontalk.com/2026/09/04/oysterfest-brings-food-and-fun-to-port-of-shelton-airports-sanderson-field-on-october-3-4/,28df75a4cc24b56429dd873674ed14a1,OysterFest Brings Food and Fun to Port of Shelton Airport Sanderson Field on October 3 - 4,20260904T161500Z,thurstontalk.com,English,United States,shrimp,D8_수산물,2026-09-04
https://classic107.com/articles/prairie-comics-festival-celebrates-10-years-of-independent-comics-and-creative-community-,3ad3b10d28dfd770a314048743c12d85,Prairie Comics Festival celebrates 10 years of independent comics and creative community - Classic107 : Winnipeg only dedicated classical and jazz radio station . ,20260904T020000Z,classic107.com,English,Canada,shrimp,D8_수산물,2026-09-04
https://www.salemnews.net/news/neighborhood-news/2026/09/on-the-calendar-2077/,170d7062d6b0c305b049c47089c4534a,On the calendar,20260904T084500Z,salemnews.net,English,United States,shrimp,D8_수산물,2026-09-04
https://www.rte.ie/news/business/2026/0904/1590349-us-nonfarm-payrolls-surge/,57e5e15cf0b9b65b1878bf471485ffed,US non - farm payrolls surge in August,20260904T151500Z,rte.ie,English,Ireland,oil price,D5_시장지표,2026-09-04
https://www.businesstimes.com.sg/international/us-job-growth-surge-august,0c5d63fc5d51c3a0f591b95279f64628,US job growth surge in August,20260904T164500Z,businesstimes.com.sg,English,Singapore,oil price,D5_시장지표,2026-09-04
https://finance.yahoo.com/news/us-job-growth-expected-rebound-040129805.html,e3ef0afba2deaf06b424e005497e99ce,US job growth expected to rebound in August ; unemployment rate forecast steady at 4 . 1 % ,20260904T043000Z,finance.yahoo.com,English,United States,oil price,D5_시장지표,2026-09-04
https://bworldonline.com/top-stories/2026/09/04/774678/philippine-business-sentiment-turns-sour-in-july-amid-inflation-war-woes/,d2cf6fe914504317fa1417b15e1c51c1,"Philippine business sentiment turns sour in July amid inflation , war woes",20260904T083000Z,bworldonline.com,English,Philippines,oil price,D5_시장지표,2026-09-04
https://www.forbes.com/councils/forbesfinancecouncil/2026/09/04/how-smes-are-avoiding-paying-the-price-for-global-disruption/,51f973dc296c1e820ca06fa939238510,How SMEs Are Avoiding Paying The Price For Global Disruption,20260904T124500Z,forbes.com,English,United States,oil price,D5_시장지표,2026-09-04
https://www.smh.com.au/business/companies/asx-runners-of-the-week-kaoko-metals-vanadium-resources-and-piche-20260904-p60ukr.html,4f8c7766825e390997f2baf274534cd7,"ASX Runners of the Week : Kaoko Metals , Vanadium Resources & Piche",20260904T071500Z,smh.com.au,English,Australia,oil price,D5_시장지표,2026-09-04
https://www.theage.com.au/business/companies/asx-runners-of-the-week-kaoko-metals-vanadium-resources-and-piche-20260904-p60ukr.html,d8460554d0e218c65cdf4ee81fab5c9a,"ASX Runners of the Week : Kaoko Metals , Vanadium Resources & Piche",20260904T070000Z,theage.com.au,English,Australia,oil price,D5_시장지표,2026-09-04
https://www.brisbanetimes.com.au/business/companies/asx-runners-of-the-week-kaoko-metals-vanadium-resources-and-piche-20260904-p60ukr.html,f0c82f50a790330630e4e242ab390888,"ASX Runners of the Week : Kaoko Metals , Vanadium Resources & Piche",20260904T070000Z,brisbanetimes.com.au,English,Australia,oil price,D5_시장지표,2026-09-04
https://www.mvariety.com/business/business_news/us-nonfarm-payrolls-surge-in-august-unemployment-rate-steady-at-4-1/article_21407d8c-f4b0-4b75-b40e-e63678bda8eb.html,10d1049aaa064359ed19abea7bfc1d9c,US nonfarm payrolls surge in August ; unemployment rate steady at 4 . 1 % ,20260904T184500Z,mvariety.com,English,United States,oil price,D5_시장지표,2026-09-04
http://www.brazilsun.com/news/279286621/adverse-weather-lower-brazil-output-india-duty-free-imports-push-global-sugar-prices-up-119-fao,0094f10acd993e5dcc68ba3a1865958d,"Adverse weather , lower Brazil output , India duty - free imports push global sugar prices up 11 . 9 %: FAO",20260904T183000Z,brazilsun.com,English,Brazil,oil price,D5_시장지표,2026-09-04
http://www.austinglobe.com/news/279286621/adverse-weather-lower-brazil-output-india-duty-free-imports-push-global-sugar-prices-up-119-fao,57ec2369e78e7b2ccb48af25b940b89f,"Adverse weather , lower Brazil output , India duty - free imports push global sugar prices up 11 . 9 %: FAO",20260904T181500Z,austinglobe.com,English,United States,oil price,D5_시장지표,2026-09-04
http://www.asiabulletin.com/news/279286621/adverse-weather-lower-brazil-output-india-duty-free-imports-push-global-sugar-prices-up-119-fao,d4333ea17eaa45cac3b70251ad48e8d9,"Adverse weather , lower Brazil output , India duty - free imports push global sugar prices up 11 . 9 %: FAO",20260904T193000Z,asiabulletin.com,English,China,oil price,D5_시장지표,2026-09-04
http://www.heraldglobe.com/news/279286621/adverse-weather-lower-brazil-output-india-duty-free-imports-push-global-sugar-prices-up-119-fao,02e9a1ebe4b2101f1436210ae9345b2f,"Adverse weather , lower Brazil output , India duty - free imports push global sugar prices up 11 . 9 %: FAO",20260904T203000Z,heraldglobe.com,English,United States,oil price,D5_시장지표,2026-09-04
https://kfgo.com/2026/09/04/us-nonfarm-payrolls-surge-in-august-unemployment-rate-steady-at-4-1/,9900b5761b7440a179371439a88137a2,US nonfarm payrolls surge in August ; unemployment rate steady at 4 . 1 % ,20260904T161500Z,kfgo.com,English,United States,oil price,D5_시장지표,2026-09-04
https://www.thenationalnews.com/opinion/comment/2026/09/04/global-economy-dubai-abu-dhabi-uae-london-new-york-cities/,0e416e58060a2999b71a50d048bd7e5f,"City - states of the world , unite ! ",20260904T204500Z,thenationalnews.com,English,,oil price,D5_시장지표,2026-09-04
https://www.cbc.ca/news/canada/newfoundland-labrador/northern-cod-fishery-update-9.7329916,c56da574ede410478890efab8921f676,"N . L . first cod fishery expansion in 34 years made for a good season , says DFO officer",20260904T124500Z,cbc.ca,English,Canada,fishery,D8_수산물,2026-09-04
https://www.wect.com/2026/09/03/new-limits-sea-mullet-nc-officials-ask-fishermen-input/,ee667451fddc93f6f58e3b0e92451352,New limits on sea mullet ? NC officials ask fishermen for input,20260904T014500Z,wect.com,English,United States,fishery,D8_수산물,2026-09-04
https://www.twincities.com/2026/09/03/fall-fishing-outlook-decent-for-two-of-regions-biggest-lakes/,55c0e57b4155982ef746d605b152c23d,Fall fishing outlook decent for two of region biggest lakes – Twin Cities,20260904T003000Z,twincities.com,English,United States,fishery,D8_수산물,2026-09-04
https://www.indiancooperative.com/co-op-news-snippets/vamnicom-program-deepens-india-sri-lanka-co-op-ties/,501e48b9b60e9a5e9fce430769838309,Vamnicom Program deepens India - Sri Lanka Co - op ties,20260904T083000Z,indiancooperative.com,English,India,fishery,D8_수산물,2026-09-04
https://e360.yale.edu/digest/penguin-guano-diet-climate-change,86688beb5ef3a224fc74f17013d1b817,Satellite Images of Penguin Droppings Reveal Impact of Antarctic Warming,20260904T101500Z,e360.yale.edu,English,United States,fishery,D8_수산물,2026-09-04
https://www.kentonline.co.uk/whats-on/news/whitstable-oyster-festival-everything-you-need-to-know-abou-344682/,b4b18c950e57f7e7e1bbcc064f7315e0,"Whitstable Rocks Oyster Festival 2026 : Three - days of music , tradition , fun and flavour returns this September",20260904T084500Z,kentonline.co.uk,English,United Kingdom,fishery,D8_수산물,2026-09-04
https://www.thedailystar.net/slow-reads/unheard-voices/news/where-have-bangladeshs-hilsa-gone-4264921,901c13ea2eb8407b4f2e7fb77d210de1,Where have Bangladesh hilsa gone ? | The Daily Star,20260904T204500Z,thedailystar.net,English,Bangladesh,fishery,D8_수산물,2026-09-04
https://www.courierjournal.net/online_only/article_fe386306-f87d-43c5-b1d6-14397f3a2721.html,4160ab0d2dc45f775241f6a17bdbaae1,WFF Receives Award for DeKalb County Lake Renovations,20260904T043000Z,courierjournal.net,English,United States,fishery,D8_수산물,2026-09-04
https://wchstv.com/news/local/state-record-blue-catfish-caught-by-ravenswood-man,470c05a4e509546fcb283835acc8f1a3,State record blue catfish caught by Ravenswood man,20260904T211500Z,wchstv.com,English,United States,fishery,D8_수산물,2026-09-04
https://khns.org/haines-fisherman-say-the-salmon-runs-arent-great-this-year-but-the-prices-are/,0751932a9640ad0d346846a89ddee2ec,"Haines fishermen say the salmon runs arent great this year , but the prices are - KHNS Radio",20260904T004500Z,khns.org,English,United States,fishery,D8_수산물,2026-09-04
https://icsf.net/newss/slow-car-crash-fishers-feel-squeeze-from-jerseys-new-mpa-expansion/,e3ed16835bef508136b88cf6ec6adc5b,  Slow car crash : Fishers feel squeeze from Jersey new MPA expansion,20260904T084500Z,icsf.net,English,India,fishery,D8_수산물,2026-09-04
https://gringogazette.com/abalone-chocolate-clam-closures-begin-in-baja-sur/,d29334a6e8f7ddd3854ac6ba7fe60981,"Abalone , Chocolate Clam Closures Begin in Baja Sur",20260904T003000Z,gringogazette.com,English,Mexico,fishery,D8_수산물,2026-09-04
https://quicknews-africa.net/fg-ifad-life-nd-begin-orientation-for-6100-youth-women-in-agribusiness/,5c07b8c607e165339971155bdd1a3379,"FG , IFAD - LIFE - ND begin orientation for 6 , 100 youth , women in Agribusiness",20260904T151500Z,quicknews-africa.net,English,Nigeria,fishery,D8_수산물,2026-09-04
https://www.niagarafallsreview.ca/entertainment/from-musk-to-bucking-fastard-here-s-a-primer-on-10-buzzy-titles-coming-to-tiff/article_57872cd3-1e40-5330-9c6f-a513e9386336.html,eb77b3715136f3cf04a2a5ddd9479514,"From  Musk  to  Bucking Fastard , here a primer on 10 buzzy titles coming to TIFF",20260904T180000Z,niagarafallsreview.ca,English,Canada,fishery,D8_수산물,2026-09-04
https://www.thepeterboroughexaminer.com/entertainment/from-musk-to-bucking-fastard-here-s-a-primer-on-10-buzzy-titles-coming-to-tiff/article_2b6dfaf7-93f7-5df5-9344-86d35a29769b.html,db842221bed73c1f1ea47bcfea9c8473,"From  Musk  to  Bucking Fastard , here a primer on 10 buzzy titles coming to TIFF",20260904T184500Z,thepeterboroughexaminer.com,English,Canada,fishery,D8_수산물,2026-09-04
https://www.saltwire.com/opinion/commentary-the-fish-that-binds-us-why-the-atlantic-salmon-deserves-to-be-our-shared-regional-emblem,d337575415edbe547511c1e422d23e1a,Atlantic salmon deserves to be region shared emblem,20260904T180000Z,saltwire.com,English,,fishery,D8_수산물,2026-09-04
http://www.shangbao.com.ph/jjxw/2026/09-04/204445.shtml,16d8b61a690f9fb42a7b213f064c7759,HOSPITALITY WITH HEART : LANDCO LIFESTYLE VENTURE JOHN HAY HOTELS HELP FAMILIES AFFECTED BY THE GUISAD SURONG LANDSLIDE IN BAGUIO,20260904T151500Z,shangbao.com.ph,English,Philippines,fishery,D8_수산물,2026-09-04
https://www.bakeryandsnacks.com/Article/2026/09/04/how-fermentation-and-fat-crystals-shape-chocolate-quality/,23bcaaa16bb38f9eea86441d2a6b0921,How fermentation and fat crystals shape chocolate quality,20260904T074500Z,bakeryandsnacks.com,English,United Kingdom,fishery,D8_수산물,2026-09-04
https://www.wellandtribune.ca/entertainment/from-musk-to-bucking-fastard-here-s-a-primer-on-10-buzzy-titles-coming-to-tiff/article_06546fb9-d418-5af4-bf15-874c6e6f3570.html,6c08279e2d7c60f59ff9e02b52a9167e,"From  Musk  to  Bucking Fastard , here a primer on 10 buzzy titles coming to TIFF",20260904T181500Z,wellandtribune.ca,English,Canada,fishery,D8_수산물,2026-09-04
https://foreignpolicy.com/2026/09/03/sudan-war-united-nations-security-council-arms-weapons-embargo-trump-administration-united-states-foreign-policy/,ced0ac51d58684af955867e94eca8d21,Peace in Sudan Requires an Expanded Weapons Embargo,20260904T011500Z,foreignpolicy.com,English,United States,embargo,D6_교란행위,2026-09-04
https://allafrica.com/stories/202609040001.html,14a733a3dc23c73a0a534a9e49962cfb,"Sudan : External Involvement Fuelling Sudan War , New Report Finds",20260904T051500Z,allafrica.com,English,Nigeria,embargo,D6_교란행위,2026-09-04
https://www.globalissues.org/news/2026/09/03/43961,39713299a043f66f6f7293704bb62c59,"Outside forces fuel Sudan war , new report finds",20260904T000000Z,globalissues.org,English,United States,embargo,D6_교란행위,2026-09-04
https://english.aawsat.com/arab-world/5314535-uns-sudan-probe-says-foreign-fighters-fueling-conflict,b1ae692ea2a096079bdd556cb2fcd9b3,UN Sudan Probe Says Foreign Fighters Fueling Conflict,20260904T093000Z,english.aawsat.com,English,Syria,embargo,D6_교란행위,2026-09-04
https://morningstaronline.co.uk/article/united-nations-un-report-foreign-networks-war-sudan,c4f2d39a6a414b1d32a1fcb98f62a056,"Sudan war fuelled by foreign networks , details UN report",20260904T213000Z,morningstaronline.co.uk,English,United Kingdom,embargo,D6_교란행위,2026-09-04
https://www.arkansasonline.com/news/2026/sep/04/un-reports-networks-fueling-sudan-war/,b3091531f09c8c8a3bd13f49631a4d9f,UN reports networks fueling Sudan war | The Arkansas Democrat - Gazette,20260904T091500Z,arkansasonline.com,English,United States,embargo,D6_교란행위,2026-09-04
https://rietta.com/blog/ruby-on-rails-cve-exploited-hours-after-patch/,9fe8632f21012ff772b0b81096231176,Government Rails Site Hit Hours After CVE Patch,20260904T213000Z,rietta.com,English,,embargo,D6_교란행위,2026-09-04
https://www.wired.com/story/tesla-cybercab-had-a-quiet-debut/,49b5c14e45651447812cc1e63cecc529,Tesla Make - or - Break Cybercab Had a Quiet Debut,20260904T050000Z,wired.com,English,United States,embargo,D6_교란행위,2026-09-04
https://www.theglobeandmail.com/investing/article-strong-us-job-gains-signal-fed-hike-as-trump-levels-new-rate-cut/,4a0a11eecc175d51a5db02af5252441e,Strong U . S . job gains signal Fed hike as Trump levels new rate - cut demand,20260904T203000Z,theglobeandmail.com,English,Canada,embargo,D6_교란행위,2026-09-04
https://collider.com/guy-ritchie-the-gentlemen-season-2-rotten-tomatoes-score-is-it-good/,c0e587169c068a0fc397b6bc40f0f959,Netflix Guy Ritchie Crime Thriller Is Officially a 10 / 10 Hit,20260904T124500Z,collider.com,English,United States,embargo,D6_교란행위,2026-09-04
https://www.wctrib.com/opinion/columns/daniel-depetris-at-6-months-there-is-no-clear-winner-in-the-iran-war,3868e26722927c95af368f2dea448a17,"Daniel DePetris : At 6 months , there is no clear winner in the Iran war",20260904T180000Z,wctrib.com,English,United States,embargo,D6_교란행위,2026-09-04
https://mymotherlode.com/news/world/11113430/un-report-details-foreign-networks-fueling-war-in-sudan.html,8b0b451751ddf6d84fc157a5893ff1ea,UN report details foreign networks fueling war in Sudan,20260904T080000Z,mymotherlode.com,English,United States,embargo,D6_교란행위,2026-09-04
https://www.wgauradio.com/news/across-us-history-ap/7BZVGMLRR45RJOMYAYRRHL7XVA/,107f6a9994e56f5d8eec0bfef746579e,"For 180 years , AP has worked to bring news to the world",20260904T000000Z,wgauradio.com,English,United States,embargo,D6_교란행위,2026-09-04
https://www.wvgazettemail.com/ap/business/across-us-history-the-ap-has-watched-chronicled-and-helped-people-understand-a-complex-world/article_37990138-72b2-54fa-bd81-b13a625336a4.html,cbf4dc4e764094ba4af40b901123317e,"Across US history , the AP has watched , chronicled and helped people understand a complex world",20260904T204500Z,wvgazettemail.com,English,United States,embargo,D6_교란행위,2026-09-04
http://sunatimes.com/articles/6603/Somalia-Turkish-Drone-Strike-Targets-Somalias-Former-Prisons-Chief,7f743b08457f4d251ce729868b2e93fb,Somalia : Turkish Drone Strike Targets Somalia Former Prisons Chief,20260904T161500Z,sunatimes.com,English,Somalia,embargo,D6_교란행위,2026-09-04
https://www.autoconnectedcar.com/2026/09/tesla-cybercab-debut-behind-closed-doors/,336e070a889623762ba1e2299b2a7c75,Tesla Cybercab Debut Behind Closed Doors | auto connected car news,20260904T040000Z,autoconnectedcar.com,English,United States,embargo,D6_교란행위,2026-09-04
https://www.riotimesonline.com/nigeria-joins-international-energy-agency-2026/,09727f9abdef4e83fc0cc8243de0a166,"Nigeria Joins the IEA , a First for an OPEC Member",20260904T074500Z,riotimesonline.com,English,Brazil,embargo,D6_교란행위,2026-09-04
https://www.hawaii.edu/news/2026/09/03/ai-tools-food-production/,0931f30e431775984aeb956bb0a03877,UH receives $2M award to develop AI tools to protect food production systems,20260904T094500Z,hawaii.edu,English,United States,aquaculture,D8_수산물,2026-09-04
https://www.worldfishcenter.org/publication/promoting-climate-smart-aquaculture-egypt-and-nigeria-evidence-innovation-and-south,67c9ea88ee88d444ae17c48a8b478c57,"Promoting Climate - Smart Aquaculture in Egypt and Nigeria : Evidence , innovation and South – South learning for resilient and inclusive aquatic food systems",20260904T044500Z,worldfishcenter.org,English,Bangladesh,aquaculture,D8_수산물,2026-09-04
https://cheknews.ca/shocking-fraser-river-sockeye-return-falls-to-3-million-1345741/,f8db8e72d86f6577e588f539d18703ca,  Shocking : Fraser River sockeye return falls to 3 million from predicted 8 million,20260904T004500Z,cheknews.ca,English,Canada,aquaculture,D8_수산물,2026-09-04
https://www.sanews.gov.za/south-africa/operation-phakisa-unlocks-r17bn-economy,70d7564be9c5b649d636c98371a47b4d,Operation Phakisa unlocks R17bn in economy,20260904T151500Z,sanews.gov.za,English,South Africa,aquaculture,D8_수산물,2026-09-04
https://www.miragenews.com/north-west-rapid-transit-project-accelerated-1738744/,f16855951ec40a6151863ebc3c806c48,North - West Rapid Transit Project Accelerated,20260904T014500Z,miragenews.com,English,United States,aquaculture,D8_수산물,2026-09-04
https://www.scoop.co.nz/stories/PA2609/S00050/north-west-rapid-transit-project-fast-tracked.htm,d59f357c2c3d2a3240267764cd304d50,North - West Rapid Transit Project Fast - Tracked,20260904T020000Z,scoop.co.nz,English,New Zealand,aquaculture,D8_수산물,2026-09-04
https://pina.com.fj/2026/09/04/forum-leaders-tighten-pacific-position-on-oceans-fisheries-and-deep-sea-minerals/,eaae2fa377a22459b0563cd7f75c8d4f,"Forum leaders tighten Pacific position on oceans , fisheries and deep sea minerals",20260904T014500Z,pina.com.fj,English,Fiji,aquaculture,D8_수산물,2026-09-04
https://www.dailypolitical.com/2026/09/04/financial-survey-palfinger-plfry-vs-its-peers.html,886d13e5c39f389875a10a4352e42e40,Financial Survey : Palfinger ( PLFRY ) vs . Its Peers,20260904T093000Z,dailypolitical.com,English,United States,aquaculture,D8_수산물,2026-09-04
https://www.miragenews.com/eureka-prize-honors-marine-heatwave-forecast-1738762/,67722f12cb1542d7d6ea2a7cb5d6108b,Eureka Prize Honors Marine Heatwave Forecast Breakthrough,20260904T020000Z,miragenews.com,English,United States,aquaculture,D8_수산물,2026-09-04
https://abc7ny.com/story/coco-delivery-robots-clog-chicago-sidewalk-deployment-error/19789035/,ef073efd7f7d1294544c98ac08cf31db,Coco delivery robots clog up Chicago sidewalk after  deployment error  ,20260904T124500Z,abc7ny.com,English,United States,reroute,D6_교란행위,2026-09-04
https://abc7news.com/story/coco-delivery-robots-clog-chicago-sidewalk-deployment-error/19789035/,fdb197acb41616704940461fd8afae10,Coco delivery robots clog up Chicago sidewalk after  deployment error  ,20260904T124500Z,abc7news.com,English,United States,reroute,D6_교란행위,2026-09-04
https://townhall.com/news/dmitri-bolt/2026/09/04/the-eu-joins-operation-economic-outcast-n2682466,cd31ecb8c513bc799af813160a57e8a0,Scott Bessent Just Upped the Ante As The EU Joins Operation Economic Outcast,20260904T164500Z,townhall.com,English,United States,reroute,D6_교란행위,2026-09-04
https://thediplomat.com/2026/09/the-japan-thailand-relationship-light-and-shadow/,1f724b587c859df9892f4785083596bd,The Japan - Thailand Relationship : Light and Shadow,20260904T041500Z,thediplomat.com,English,China,reroute,D6_교란행위,2026-09-04
https://www.outsideonline.com/outdoor-gear/run/fastest-trail-shoes-at-2026-utmb/,470e680f5cf151e8c4b712f2525cd628,The Fastest Shoes at UTMB Were Full of Surprises . We Break It Down,20260904T200000Z,outsideonline.com,English,United States,reroute,D6_교란행위,2026-09-04
https://www.ktop1490.com/2026/09/03/qb-brendan-sorsby-shares-remorse-regret-details-betting-in-new-paramount-series/,2aee8fd5f3da8a2f89089bf8854b5017,"QB Brendan Sorsby shares  remorse , regret  details betting in new Paramount+ series",20260904T000000Z,ktop1490.com,English,United States,reroute,D6_교란행위,2026-09-04
https://www.union-bulletin.com/news/national/trump-names-adam-telle-as-acting-army-secretary-following-the-departure-of-driscoll/article_9730d235-4be0-5ed4-90e5-ad5f77e71b96.html,8f7e9a33f9fb50f8ad4f585ee04e8bf7,Trump names Adam Telle as acting Army secretary following the departure of Driscoll,20260904T041500Z,union-bulletin.com,English,United States,reroute,D6_교란행위,2026-09-04
https://www.wokv.com/news/politics/trump-names-adam/G5TKD7ECPY6XNAXAQVMLDZVHKM/,91ce754a3138c619486ce6f135d250c1,Trump names Adam Telle as acting Army secretary,20260904T060000Z,wokv.com,English,United States,reroute,D6_교란행위,2026-09-04
http://www.wataugademocrat.com/ap/washington/trump-names-adam-telle-as-acting-army-secretary-following-the-departure-of-driscoll/article_c0349de8-2aa9-5d45-860f-cfecd669f852.html,5c6c96651e2788ef47aa170c952d93d2,Trump names Adam Telle as acting Army secretary following the departure of Driscoll,20260904T044500Z,wataugademocrat.com,English,United States,reroute,D6_교란행위,2026-09-04
http://www.dallassun.com/news/279284610/qb-brendan-sorsby-shares-remorse-regret-details-betting-in-new-paramount-series,862fc7ae456fb72fb8145e331e2b1f7d,"QB Brendan Sorsby shares  remorse , regret  details betting in new Paramount+ series",20260904T023000Z,dallassun.com,English,United States,reroute,D6_교란행위,2026-09-04
https://www.kxl.com/trump-names-adam-telle-as-acting-army-secretary-following-the-departure-of-dan-driscoll/,c28844a4645240635f467d5d3a1b7b40,Trump names Adam Telle as acting Army secretary following the departure of Driscoll,20260904T021500Z,kxl.com,English,United States,reroute,D6_교란행위,2026-09-04
http://www.sanantoniopost.com/news/279284610/qb-brendan-sorsby-shares-remorse-regret-details-betting-in-new-paramount-series,fc83845fda84e89cab42606d287302b9,"QB Brendan Sorsby shares  remorse , regret  details betting in new Paramount+ series",20260904T011500Z,sanantoniopost.com,English,United States,reroute,D6_교란행위,2026-09-04
http://www.cincinnatisun.com/news/279284610/qb-brendan-sorsby-shares-remorse-regret-details-betting-in-new-paramount-series,00cf4d66f9c8ed6e97657b1fcad19f63,"QB Brendan Sorsby shares  remorse , regret  details betting in new Paramount+ series",20260904T020000Z,cincinnatisun.com,English,United States,reroute,D6_교란행위,2026-09-04
https://www.921theticket.com/2026/09/03/qb-brendan-sorsby-shares-remorse-regret-details-betting-in-new-paramount-series/,970e551c418f0408777b70a3baa1c7b4,"QB Brendan Sorsby shares  remorse , regret  details betting in new Paramount+ series",20260904T011500Z,921theticket.com,English,United States,reroute,D6_교란행위,2026-09-04
https://www.dailymaverick.co.za/opinionista/2026-09-04-time-to-close-the-open-till-and-end-the-era-of-the-permanent-politician/,c1042a88d0b11df96b8ace80ab164b98,It time to end the era of the permanent politician,20260904T144500Z,dailymaverick.co.za,English,South Africa,reroute,D6_교란행위,2026-09-04
https://www.alaskasnewssource.com/2026/09/04/feds-announce-broadband-funding-map-connect-gap-communities-alaska/,35c3e48d23157c0e88fc5fa74a787041,Feds announce broadband funding to map and connect gap communities in Alaska,20260904T033000Z,alaskasnewssource.com,English,,reroute,D6_교란행위,2026-09-04
https://subscription.ukrweekly.com/russian-strikes-ravage-ukraines-book-industry-as-publishers-report-some-13-million-books-destroyed/,804862f9a4d98192fb2368daa63b3ff7,"Russian strikes ravage Ukraine book industry , as publishers report some 13 million books destroyed – The Ukrainian Weekly",20260904T080000Z,subscription.ukrweekly.com,English,Ukraine,reroute,D6_교란행위,2026-09-04
https://www.koreatimes.co.kr/economy/others/20260904/korean-stocks-rebound-as-us-rate-concerns-ease,a154cad8fe8c4c2a1ae2e1531fa23ca8,Korean stocks rebound as US rate concerns ease,20260904T094500Z,koreatimes.co.kr,English,South Korea,KOSPI,D5_시장지표,2026-09-04
https://economictimes.indiatimes.com/markets/us-stocks/news/global-market-south-korean-shares-rise-on-chip-gains-kospi-set-for-third-weekly-loss/articleshow/133751451.cms,45cba21132824919f5f517c372630207,"Global Market : South Korean shares rise on chip gains , KOSPI set for third weekly loss",20260904T044500Z,economictimes.indiatimes.com,English,India,KOSPI,D5_시장지표,2026-09-04
https://www.business-standard.com/markets/news/stock-market-live-updates-sept-4-nse-bse-sensex-today-nifty-gift-us-iran-tension-tata-chemicals-bank-psu-it-index-126090400079_1.html,f05e03540254de25feeb20bd7ce3634b,Stock Market LIVE : GIFT Nifty signals positive open ; cooling US Fed rate - hike bets lift Asia mkts,20260904T031500Z,business-standard.com,English,India,KOSPI,D5_시장지표,2026-09-04
https://www.deccanchronicle.com/business/economics/sensex-jumps-532-points-nifty-rises-after-four-day-losing-streak-1984733,2c8b42604f89df8b8521b01502757dff,"Sensex Jumps 532 Points , Nifty Rises After Four - Day Losing Streak",20260904T070000Z,deccanchronicle.com,English,India,KOSPI,D5_시장지표,2026-09-04
https://www.siasat.com/stock-markets-rebound-in-early-trade-after-4-days-of-slump-3536078/,1e77ddef3693bd3b7b193d2c5dce56e0,Stock markets rebound in early trade after 4 - days of slump,20260904T070000Z,siasat.com,English,India,KOSPI,D5_시장지표,2026-09-04
https://www.business-standard.com/markets/news/stocks-to-watch-ultratech-cipla-sterlite-tata-power-omcs-more-126090400082_1.html,d94843b1bd0172f639bfd7187fc59cd9,"Stocks to watch : UltraTech , Cipla , Sterlite , Tata Power , OMCs & more",20260904T031500Z,business-standard.com,English,India,KOSPI,D5_시장지표,2026-09-04
https://japantoday.com/category/business/asian-benchmarks-mostly-rise-after-tech-stocks-lead-rally-on-wall-street,76b3cc331e1e4c9b04b971fb96dbacd1,Asian benchmarks trade mixed following rally on Wall Street led by technology issues,20260904T091500Z,japantoday.com,English,Japan,KOSPI,D5_시장지표,2026-09-04
https://www.wral.com/news/ap/1af16-asian-benchmarks-mostly-rise-after-tech-stocks-lead-rally-on-wall-street/,b3f824531175b0defcb99c95cfea8297,Asian benchmarks mostly rise after tech stocks lead rally on Wall Street,20260904T080000Z,wral.com,English,United States,KOSPI,D5_시장지표,2026-09-04
https://www.ksat.com/business/2026/09/04/asian-benchmarks-trade-mixed-following-rally-on-wall-street-led-by-technology-issues/,904703df3b06d76aa3c7480d817e3c1c,Asian benchmarks trade mixed following rally on Wall Street led by technology issues,20260904T093000Z,ksat.com,English,United States,KOSPI,D5_시장지표,2026-09-04
https://www.clickorlando.com/business/2026/09/04/asian-benchmarks-mostly-rise-after-tech-stocks-lead-rally-on-wall-street/,0c574f6491f0e3ace3c5c3d457f35d28,Asian benchmarks mostly rise after tech stocks lead rally on Wall Street,20260904T043000Z,clickorlando.com,English,United States,KOSPI,D5_시장지표,2026-09-04
https://www.winnipegfreepress.com/business/2026/09/03/asian-benchmarks-mostly-rise-after-tech-stocks-lead-rally-on-wall-street,8cc980cfc7a19c8bded4d874e3627c57,Asian benchmarks mostly rise after tech stocks lead rally on Wall Street – Winnipeg Free Press,20260904T040000Z,winnipegfreepress.com,English,Canada,KOSPI,D5_시장지표,2026-09-04
https://abcnews.com/Business/wireStory/asian-benchmarks-rise-after-tech-stocks-lead-rally-136193076,ce79e2601ed9d6d983265a860135c415,Asian benchmarks mostly rise after tech stocks lead rally on Wall Street,20260904T090000Z,abcnews.com,English,United States,KOSPI,D5_시장지표,2026-09-04
http://www.idahopress.com/news/world/asian-benchmarks-trade-mixed-following-rally-on-wall-street-led-by-technology-issues/article_e3b3d2eb-2d75-587f-b9fd-13834a5567a6.html,e269a6000faa8f631a22e8cda375e1c6,Asian benchmarks trade mixed following rally on Wall Street led by technology issues,20260904T074500Z,idahopress.com,English,United States,KOSPI,D5_시장지표,2026-09-04
https://isp.netscape.com:443/pf/story/0001/20260904/1af16359af43eb8abc66445465f633c8,2e1036980ae756af7ab6c5690852025c,Asian benchmarks mostly rise after tech stocks lead rally on Wall Street,20260904T044500Z,isp.netscape.com,English,United States,KOSPI,D5_시장지표,2026-09-04
http://www.dailyadvance.com/news/world/asian-benchmarks-mostly-rise-after-tech-stocks-lead-rally-on-wall-street/article_987acf7b-2add-5251-b802-9451643fb9e0.html,6f07ffd96aff8b9a4fab0b0879adfd4d,Asian benchmarks mostly rise after tech stocks lead rally on Wall Street,20260904T043000Z,dailyadvance.com,English,United States,KOSPI,D5_시장지표,2026-09-04
http://www.dailyadvance.com/news/world/asian-benchmarks-trade-mixed-following-rally-on-wall-street-led-by-technology-issues/article_987acf7b-2add-5251-b802-9451643fb9e0.html,29114240fe954d6da3fa10ee895d8ab1,Asian benchmarks trade mixed following rally on Wall Street led by technology issues,20260904T101500Z,dailyadvance.com,English,United States,KOSPI,D5_시장지표,2026-09-04
https://www.aol.com/articles/asian-shares-climb-ahead-us-022403000.html,c19c71fcd9b5aea2ae9ce23871dd9f98,"Asian shares climb ahead of US jobs data , Fed Waller soothes bonds",20260904T043000Z,aol.com,English,United States,KOSPI,D5_시장지표,2026-09-04
https://www.freemalaysiatoday.com/category/business/2026/09/04/asian-shares-climb-ahead-of-us-jobs-data,b82dce218ca5d85564b2a297bcefcf0f,Asian shares climb ahead of US jobs data,20260904T033000Z,freemalaysiatoday.com,English,Malaysia,KOSPI,D5_시장지표,2026-09-04
https://investinglive.com/news/investinglive-asia-pacific-market-news-markets-tread-water-ahead-of-us-payrolls/,f1ac1caef12b0eaaa91dcaef86461b4d,investingLive Asia - Pacific market news : Markets tread water ahead of US payrolls,20260904T071500Z,investinglive.com,English,,KOSPI,D5_시장지표,2026-09-04
https://www.business-standard.com/markets/news/asian-shares-climb-as-fed-rate-hike-fears-ease-ahead-of-us-jobs-data-126090400087_1.html,e673461fec74354e9c9760914f51e67e,Asian shares climb as Fed rate hike fears ease ahead of US jobs data,20260904T033000Z,business-standard.com,English,India,KOSPI,D5_시장지표,2026-09-04
https://www.thehindubusinessline.com/markets/markets-open-higher-it-stocks-lead-gains-as-nifty-eyes-24000/article71426969.ece,5de05e53f12128c7bee43fc71ebf4fe6,"Markets open higher ; IT stocks lead gains as Nifty eyes 24 , 000",20260904T070000Z,thehindubusinessline.com,English,India,KOSPI,D5_시장지표,2026-09-04
http://www.somdnews.com/ap/world/asian-benchmarks-mostly-rise-after-tech-stocks-lead-rally-on-wall-street/article_e21e1d2e-3c39-5e12-be9f-c1ea133e2376.html,226cd746f0ad5eb503f0c721d1e3fee4,Asian benchmarks mostly rise after tech stocks lead rally on Wall Street,20260904T041500Z,somdnews.com,English,United States,KOSPI,D5_시장지표,2026-09-04
https://www.rttnews.com/story.aspx?Id=3688413,ac0eca8c70455cc32c5c2af29209a993,"KOSPI May Reclaim 6 , 600 - Point Level",20260904T023000Z,rttnews.com,English,United States,KOSPI,D5_시장지표,2026-09-04
https://www.finanznachrichten.de/nachrichten-2026-09/69495177-asian-shares-follow-wall-street-higher-as-rate-hike-worries-ebb-020.htm,07d512d42fa2834f8b84a9bac58378a4,Asian Shares Follow Wall Street Higher As Rate - hike Worries Ebb,20260904T094500Z,finanznachrichten.de,English,Germany,KOSPI,D5_시장지표,2026-09-04
http://baystreet.ca/articles/foreignmarketwrap/123536/Asia-Mostly-off-Tuesday,78c3987cbc50425f6cf0abe29c0c8710,Baystreet . ca - Asia Mostly off Tuesday,20260904T043000Z,baystreet.ca,English,Canada,KOSPI,D5_시장지표,2026-09-04
https://english.kontan.co.id/news/shares-inch-higher-ahead-of-us-jobs-data-after-feds-waller-soothes-bonds,bddb114251f9be85b80869633fa5cf7f,Shares Inch Higher Ahead of US Jobs Data After Fed Waller Soothes Bonds,20260904T101500Z,english.kontan.co.id,English,Indonesia,KOSPI,D5_시장지표,2026-09-04
https://ianslive.in/sensex-nifty-post-notable-gains-led-by-it-stocks--20260904094200,172eefab3ee82948a8c5c874741176f8,"Sensex , Nifty post notable gains in early trade led by IT stocks",20260904T044500Z,ianslive.in,English,India,KOSPI,D5_시장지표,2026-09-04
https://www.zerohedge.com/markets/usdjpy-recoups-some-losses-and-yields-moderate-nfp-report-newsquawk-eu-market-open,dc141e2432f8157ebfba03a0f05a10ec,USD / JPY recoups some losses and yields moderate into NFP report - Newsquawk EU Market Open,20260904T100000Z,zerohedge.com,English,United States,KOSPI,D5_시장지표,2026-09-04
https://www.news8000.com/lifestyle/money/asian-benchmarks-trade-mixed-following-rally-on-wall-street-led-by-technology-issues/article_abad86b7-1501-52bb-be59-37c7ccbe6e4b.html,933c359019aaec94284eafde8bd0a051,Asian benchmarks trade mixed following rally on Wall Street led by technology issues,20260904T074500Z,news8000.com,English,United States,KOSPI,D5_시장지표,2026-09-04
http://www.leadertelegram.com/news/world/asian-benchmarks-mostly-rise-after-tech-stocks-lead-rally-on-wall-street/article_4aa3d2a0-c53e-5e35-9297-93ec7dcb47c6.html,1f108f1e0e05eaffea2f549d8764bc2c,Asian benchmarks mostly rise after tech stocks lead rally on Wall Street,20260904T051500Z,leadertelegram.com,English,United States,KOSPI,D5_시장지표,2026-09-04
"http://www.sitkasentinel.com/stories/asian-benchmarks-mostly-rise-after-tech-stocks-lead-rally-on-wall-street,168285",3fd4f85b270daaa78697d9ecc7cc66a3,Asian benchmarks mostly rise after tech stocks lead rally on Wall Street,20260904T094500Z,sitkasentinel.com,English,United States,KOSPI,D5_시장지표,2026-09-04
http://www.stardem.com/ap/world/asian-benchmarks-mostly-rise-after-tech-stocks-lead-rally-on-wall-street/article_1daca2fd-230d-57e2-82ee-046595a027ad.html,01599b1dd9208bcc3990023882da3725,Asian benchmarks mostly rise after tech stocks lead rally on Wall Street,20260904T070000Z,stardem.com,English,United States,KOSPI,D5_시장지표,2026-09-04
http://www.reflector.com/news/national/asian-benchmarks-mostly-rise-after-tech-stocks-lead-rally-on-wall-street/article_bb7cace7-ccc6-56ce-922e-6f359fbe9ba8.html,bb57cc38264623f5b88b2f0e7a59581a,Asian benchmarks mostly rise after tech stocks lead rally on Wall Street,20260904T060000Z,reflector.com,English,United States,KOSPI,D5_시장지표,2026-09-04
http://www.africaleader.com/news/279286592/nifty-sensex-end-higher-as-fed-rate-hike-concerns-ease-gains-capped-by-profit-booking,8186e93bad52f4c243b6e1953176a6d9,"Nifty , Sensex end higher as Fed rate hike concerns ease , gains capped by profit booking",20260904T183000Z,africaleader.com,English,South Africa,KOSPI,D5_시장지표,2026-09-04
http://www.britainnews.net/news/279286592/nifty-sensex-end-higher-as-fed-rate-hike-concerns-ease-gains-capped-by-profit-booking,6d87fa7815c842c84149f26589b0a434,"Nifty , Sensex end higher as Fed rate hike concerns ease , gains capped by profit booking",20260904T191500Z,britainnews.net,English,United Kingdom,KOSPI,D5_시장지표,2026-09-04
http://www.birminghamstar.com/news/279286592/nifty-sensex-end-higher-as-fed-rate-hike-concerns-ease-gains-capped-by-profit-booking,faee69653bda721ee6b67ef0799185a1,"Nifty , Sensex end higher as Fed rate hike concerns ease , gains capped by profit booking",20260904T191500Z,birminghamstar.com,English,United States,KOSPI,D5_시장지표,2026-09-04
http://www.indiagazette.com/news/279286592/nifty-sensex-end-higher-as-fed-rate-hike-concerns-ease-gains-capped-by-profit-booking,c51eae3be76e2f52d7b676a29830a3c8,"Nifty , Sensex end higher as Fed rate hike concerns ease , gains capped by profit booking",20260904T191500Z,indiagazette.com,English,India,KOSPI,D5_시장지표,2026-09-04
http://www.newyorkstatesman.com/news/279286592/nifty-sensex-end-higher-as-fed-rate-hike-concerns-ease-gains-capped-by-profit-booking,4b910902ed287d173aa05ed3bc19c8e0,"Nifty , Sensex end higher as Fed rate hike concerns ease , gains capped by profit booking",20260904T191500Z,newyorkstatesman.com,English,United States,KOSPI,D5_시장지표,2026-09-04
http://www.kenyastar.com/news/279286592/nifty-sensex-end-higher-as-fed-rate-hike-concerns-ease-gains-capped-by-profit-booking,84b93e48cdd158d7bc6fb664540e0fdb,"Nifty , Sensex end higher as Fed rate hike concerns ease , gains capped by profit booking",20260904T191500Z,kenyastar.com,English,Kenya,KOSPI,D5_시장지표,2026-09-04
http://www.southeastasiapost.com/news/279286592/nifty-sensex-end-higher-as-fed-rate-hike-concerns-ease-gains-capped-by-profit-booking,34160874238ca09e53eae0e39ac59030,"Nifty , Sensex end higher as Fed rate hike concerns ease , gains capped by profit booking",20260904T191500Z,southeastasiapost.com,English,Pakistan,KOSPI,D5_시장지표,2026-09-04
http://www.londonmercury.com/news/279286592/nifty-sensex-end-higher-as-fed-rate-hike-concerns-ease-gains-capped-by-profit-booking,9ab20eed1617e2b5d4d75f2d624a245a,"Nifty , Sensex end higher as Fed rate hike concerns ease , gains capped by profit booking",20260904T194500Z,londonmercury.com,English,United Kingdom,KOSPI,D5_시장지표,2026-09-04
http://www.shanghainews.net/news/279286592/nifty-sensex-end-higher-as-fed-rate-hike-concerns-ease-gains-capped-by-profit-booking,022ae65a037ceb44d62a5c3f943c7efc,"Nifty , Sensex end higher as Fed rate hike concerns ease , gains capped by profit booking",20260904T194500Z,shanghainews.net,English,China,KOSPI,D5_시장지표,2026-09-04
http://www.sanantoniopost.com/news/279286592/nifty-sensex-end-higher-as-fed-rate-hike-concerns-ease-gains-capped-by-profit-booking,6ce6601913138377f3112c6d61fecff5,"Nifty , Sensex end higher as Fed rate hike concerns ease , gains capped by profit booking",20260904T194500Z,sanantoniopost.com,English,United States,KOSPI,D5_시장지표,2026-09-04
http://www.coloradostar.com/news/279286592/nifty-sensex-end-higher-as-fed-rate-hike-concerns-ease-gains-capped-by-profit-booking,2c42237d42aa3f59b38e121c1a611200,"Nifty , Sensex end higher as Fed rate hike concerns ease , gains capped by profit booking",20260904T204500Z,coloradostar.com,English,United States,KOSPI,D5_시장지표,2026-09-04
http://www.greekherald.com/news/279286592/nifty-sensex-end-higher-as-fed-rate-hike-concerns-ease-gains-capped-by-profit-booking,9ba53038ddd1c760df7541d67dea68af,"Nifty , Sensex end higher as Fed rate hike concerns ease , gains capped by profit booking",20260904T204500Z,greekherald.com,English,Greece,KOSPI,D5_시장지표,2026-09-04
http://www.myanmarnews.net/news/279286592/nifty-sensex-end-higher-as-fed-rate-hike-concerns-ease-gains-capped-by-profit-booking,bd7b8ccc5303f6e467f6766388252f2a,"Nifty , Sensex end higher as Fed rate hike concerns ease , gains capped by profit booking",20260904T210000Z,myanmarnews.net,English,Myanmar,KOSPI,D5_시장지표,2026-09-04
http://www.israelherald.com/news/279286592/nifty-sensex-end-higher-as-fed-rate-hike-concerns-ease-gains-capped-by-profit-booking,d8110061656d7f84c48d54f389e7ab55,"Nifty , Sensex end higher as Fed rate hike concerns ease , gains capped by profit booking",20260904T210000Z,israelherald.com,English,Israel,KOSPI,D5_시장지표,2026-09-04
http://www.mexicostar.com/news/279286592/nifty-sensex-end-higher-as-fed-rate-hike-concerns-ease-gains-capped-by-profit-booking,04b8bee7bf62f6bd970ec9ad10bc04c7,"Nifty , Sensex end higher as Fed rate hike concerns ease , gains capped by profit booking",20260904T210000Z,mexicostar.com,English,Mexico,KOSPI,D5_시장지표,2026-09-04
http://www.calcuttanews.net/news/279286592/nifty-sensex-end-higher-as-fed-rate-hike-concerns-ease-gains-capped-by-profit-booking,855e531eef37ecf7312ceaa571bdb2ce,"Nifty , Sensex end higher as Fed rate hike concerns ease , gains capped by profit booking",20260904T200000Z,calcuttanews.net,English,India,KOSPI,D5_시장지표,2026-09-04
http://www.utahindependent.com/news/279286592/nifty-sensex-end-higher-as-fed-rate-hike-concerns-ease-gains-capped-by-profit-booking,060adbe06d39efdbc4a2d5d9d9900602,"Nifty , Sensex end higher as Fed rate hike concerns ease , gains capped by profit booking",20260904T200000Z,utahindependent.com,English,United States,KOSPI,D5_시장지표,2026-09-04
http://www.pakistantelegraph.com/news/279286592/nifty-sensex-end-higher-as-fed-rate-hike-concerns-ease-gains-capped-by-profit-booking,5d76bf0e630570154211e7e57cc1eac7,"Nifty , Sensex end higher as Fed rate hike concerns ease , gains capped by profit booking",20260904T203000Z,pakistantelegraph.com,English,Pakistan,KOSPI,D5_시장지표,2026-09-04
http://www.batonrougepost.com/news/279286592/nifty-sensex-end-higher-as-fed-rate-hike-concerns-ease-gains-capped-by-profit-booking,f5b1fe3b48aff0c7693843ca9521e7cf,"Nifty , Sensex end higher as Fed rate hike concerns ease , gains capped by profit booking",20260904T203000Z,batonrougepost.com,English,United States,KOSPI,D5_시장지표,2026-09-04
http://www.russiaherald.com/news/279286592/nifty-sensex-end-higher-as-fed-rate-hike-concerns-ease-gains-capped-by-profit-booking,b23ae24b9f106511f85b37cb5c8d08b1,"Nifty , Sensex end higher as Fed rate hike concerns ease , gains capped by profit booking",20260904T204500Z,russiaherald.com,English,Russia,KOSPI,D5_시장지표,2026-09-04
http://www.afghanistannews.net/news/279286592/nifty-sensex-end-higher-as-fed-rate-hike-concerns-ease-gains-capped-by-profit-booking,edf7e18651d80905c640e4c52d3259a3,"Nifty , Sensex end higher as Fed rate hike concerns ease , gains capped by profit booking",20260904T204500Z,afghanistannews.net,English,Afghanistan,KOSPI,D5_시장지표,2026-09-04
http://www.argentinastar.com/news/279286592/nifty-sensex-end-higher-as-fed-rate-hike-concerns-ease-gains-capped-by-profit-booking,00ef618045a031c9d9128e0ddbb5d369,"Nifty , Sensex end higher as Fed rate hike concerns ease , gains capped by profit booking",20260904T213000Z,argentinastar.com,English,Argentina,KOSPI,D5_시장지표,2026-09-04
http://www.middleeaststar.com/news/279286592/nifty-sensex-end-higher-as-fed-rate-hike-concerns-ease-gains-capped-by-profit-booking,b61bb37836183f92aede2f7d95be7f18,"Nifty , Sensex end higher as Fed rate hike concerns ease , gains capped by profit booking",20260904T213000Z,middleeaststar.com,English,Syria,KOSPI,D5_시장지표,2026-09-04
https://www.union-bulletin.com/news/world/asian-benchmarks-mostly-rise-after-tech-stocks-lead-rally-on-wall-street/article_b3952668-d95f-5020-a2e3-0d0c39c2b448.html,c267bb7bd46bf830523423a1cab2b824,Asian benchmarks mostly rise after tech stocks lead rally on Wall Street,20260904T041500Z,union-bulletin.com,English,United States,KOSPI,D5_시장지표,2026-09-04
https://lufkindailynews.com/news_reuters/business/asian-shares-climb-ahead-of-us-jobs-data-feds-waller-soothes-bonds/article_89817179-a224-5ff7-9d50-b6bd6f2479da.html,f88de987a26305de31b632536469636d,"Asian shares climb ahead of US jobs data , Fed Waller soothes bonds",20260904T040000Z,lufkindailynews.com,English,United States,KOSPI,D5_시장지표,2026-09-04
http://www.albuquerqueexpress.com/news/279284540/tech-stocks-lead-u-s-stock-markets-higher-nasdaq-gains-366-points,a9fa1da38da2b8c03abcc243df547666,"Tech stocks lead U . S . stock markets higher , Nasdaq gains 366 points",20260904T000000Z,albuquerqueexpress.com,English,United States,KOSPI,D5_시장지표,2026-09-04
http://www.vietnamtribune.com/news/279284540/tech-stocks-lead-u-s-stock-markets-higher-nasdaq-gains-366-points,191f12908451a9f8beb725aed32fe09e,"Tech stocks lead U . S . stock markets higher , Nasdaq gains 366 points",20260904T000000Z,vietnamtribune.com,English,Vietnam,KOSPI,D5_시장지표,2026-09-04
http://www.newyorkstatesman.com/news/279284540/tech-stocks-lead-u-s-stock-markets-higher-nasdaq-gains-366-points,70a5d53626476ef2070b1543f560c6bf,"Tech stocks lead U . S . stock markets higher , Nasdaq gains 366 points",20260904T000000Z,newyorkstatesman.com,English,United States,KOSPI,D5_시장지표,2026-09-04
http://www.oklahomastar.com/news/279284540/tech-stocks-lead-u-s-stock-markets-higher-nasdaq-gains-366-points,6ef76b8c91f18de9185a985eb70e3ea0,"Tech stocks lead U . S . stock markets higher , Nasdaq gains 366 points",20260904T004500Z,oklahomastar.com,English,United States,KOSPI,D5_시장지표,2026-09-04
http://www.londonmercury.com/news/279284540/tech-stocks-lead-u-s-stock-markets-higher-nasdaq-gains-366-points,20f5d4e16c4ab8831468cf9cb18be178,"Tech stocks lead U . S . stock markets higher , Nasdaq gains 366 points",20260904T011500Z,londonmercury.com,English,United Kingdom,KOSPI,D5_시장지표,2026-09-04
http://www.phoenixherald.com/news/279284540/tech-stocks-lead-u-s-stock-markets-higher-nasdaq-gains-366-points,ae2fd6e46b6eb421d3669de6c685e71b,"Tech stocks lead U . S . stock markets higher , Nasdaq gains 366 points",20260904T003000Z,phoenixherald.com,English,United States,KOSPI,D5_시장지표,2026-09-04
http://www.malaysiasun.com/news/279284540/tech-stocks-lead-u-s-stock-markets-higher-nasdaq-gains-366-points,bf4f83746eac3da3db7f134294c14272,"Tech stocks lead U . S . stock markets higher , Nasdaq gains 366 points",20260904T003000Z,malaysiasun.com,English,Malaysia,KOSPI,D5_시장지표,2026-09-04
http://www.caribbeanherald.com/news/279284540/tech-stocks-lead-u-s-stock-markets-higher-nasdaq-gains-366-points,27f2e7e78d31706903d264470362c63f,"Tech stocks lead U . S . stock markets higher , Nasdaq gains 366 points",20260904T003000Z,caribbeanherald.com,English,United States,KOSPI,D5_시장지표,2026-09-04
http://www.torontotelegraph.com/news/279284540/tech-stocks-lead-u-s-stock-markets-higher-nasdaq-gains-366-points,a8a3a232662f58f968825dccdbabf12b,"Tech stocks lead U . S . stock markets higher , Nasdaq gains 366 points",20260904T011500Z,torontotelegraph.com,English,Canada,KOSPI,D5_시장지표,2026-09-04
http://www.baltimorestar.com/news/279284540/tech-stocks-lead-u-s-stock-markets-higher-nasdaq-gains-366-points,9607a4fbdbf09e03a43f9b0cbcdb135a,"Tech stocks lead U . S . stock markets higher , Nasdaq gains 366 points",20260904T004500Z,baltimorestar.com,English,United States,KOSPI,D5_시장지표,2026-09-04
http://www.bostonstar.com/news/279284540/tech-stocks-lead-u-s-stock-markets-higher-nasdaq-gains-366-points,2c009a98bb9fcfc130badd568b6e2742,"Tech stocks lead U . S . stock markets higher , Nasdaq gains 366 points",20260904T004500Z,bostonstar.com,English,United States,KOSPI,D5_시장지표,2026-09-04
http://www.floridastatesman.com/news/279284540/tech-stocks-lead-u-s-stock-markets-higher-nasdaq-gains-366-points,4ddbd3988d8e0da4f2fa97ae67dfaefe,"Tech stocks lead U . S . stock markets higher , Nasdaq gains 366 points",20260904T000000Z,floridastatesman.com,English,United States,KOSPI,D5_시장지표,2026-09-04
http://www.brazilsun.com/news/279284540/tech-stocks-lead-u-s-stock-markets-higher-nasdaq-gains-366-points,ace2a37ace88dc391fb4e1c144c6b9b4,"Tech stocks lead U . S . stock markets higher , Nasdaq gains 366 points",20260904T000000Z,brazilsun.com,English,Brazil,KOSPI,D5_시장지표,2026-09-04
http://www.australiannews.net/news/279284540/buyers-storm-wall-street-thursday-major-indices-all-gain-ground,e3ecd627c0808bbfc669f91e0225fef6,"Buyers storm Wall Street Thursday , major indices all gain ground",20260904T004500Z,australiannews.net,English,Australia,KOSPI,D5_시장지표,2026-09-04
http://www.utahindependent.com/news/279284540/tech-stocks-lead-u-s-stock-markets-higher-nasdaq-gains-366-points,a9b11c01800b1f1f25045dd36ea2e5f3,"Tech stocks lead U . S . stock markets higher , Nasdaq gains 366 points",20260904T004500Z,utahindependent.com,English,United States,KOSPI,D5_시장지표,2026-09-04
https://www.rttnews.com/story.aspx?Id=3688607,c2d125be482184e71fdd287432c20225,Futures Move To The Downside After Stronger - Than - Expected Jobs Data,20260904T161500Z,rttnews.com,English,United States,KOSPI,D5_시장지표,2026-09-04
http://www.irishsun.com/news/279286294/u-s-stocks-end-week-weaker-on-strong-non-farm-payrolls-report,0daa1b763201c663965e1d2d7ee18d84,U . S . stocks end week weaker on strong Non - Farm payrolls report,20260904T203000Z,irishsun.com,English,Ireland,KOSPI,D5_시장지표,2026-09-04
http://www.russiaherald.com/news/279286294/u-s-stocks-end-week-weaker-on-strong-non-farm-payrolls-report,d2e22271f63231577bf12ca7e1b35cba,U . S . stocks end week weaker on strong Non - Farm payrolls report,20260904T204500Z,russiaherald.com,English,Russia,KOSPI,D5_시장지표,2026-09-04
http://www.tennesseedaily.com/news/279286294/u-s-stocks-end-week-weaker-on-strong-non-farm-payrolls-report,fbac845cf37d4e25bf9a71ead96bd8db,U . S . stocks end week weaker on strong Non - Farm payrolls report,20260904T204500Z,tennesseedaily.com,English,United States,KOSPI,D5_시장지표,2026-09-04
http://www.afghanistansun.com/news/279286294/u-s-stocks-end-week-weaker-on-strong-non-farm-payrolls-report,3a0add90a383e82c21f3a638d532321b,U . S . stocks end week weaker on strong Non - Farm payrolls report,20260904T210000Z,afghanistansun.com,English,Afghanistan,KOSPI,D5_시장지표,2026-09-04
http://www.nigeriasun.com/news/279286294/u-s-stocks-end-week-weaker-on-strong-non-farm-payrolls-report,3a2d4809d23d7bf1243210b0d6e52030,U . S . stocks end week weaker on strong Non - Farm payrolls report,20260904T210000Z,nigeriasun.com,English,Nigeria,KOSPI,D5_시장지표,2026-09-04
http://www.australiannews.net/news/279286294/nasdaq-drops-77-points-friday-as-u-s-stock-markets-lose-ground,c9d8a5b933a0a72f1233912eae891878,Nasdaq drops 77 points Friday as U . S . stock markets lose ground,20260904T203000Z,australiannews.net,English,Australia,KOSPI,D5_시장지표,2026-09-04
http://www.batonrougepost.com/news/279286294/u-s-stocks-end-week-weaker-on-strong-non-farm-payrolls-report,e6eefa987e46584b369c8edb29c830cf,U . S . stocks end week weaker on strong Non - Farm payrolls report,20260904T203000Z,batonrougepost.com,English,United States,KOSPI,D5_시장지표,2026-09-04
http://www.cincinnatisun.com/news/279286294/u-s-stocks-end-week-weaker-on-strong-non-farm-payrolls-report,3e09d0947b7b8303fa6a61869405c630,U . S . stocks end week weaker on strong Non - Farm payrolls report,20260904T213000Z,cincinnatisun.com,English,United States,KOSPI,D5_시장지표,2026-09-04
http://www.newyorktelegraph.com/news/279286294/u-s-stocks-end-week-weaker-on-strong-non-farm-payrolls-report,f22b941734eabc083c9823010462fa64,U . S . stocks end week weaker on strong Non - Farm payrolls report,20260904T213000Z,newyorktelegraph.com,English,United States,KOSPI,D5_시장지표,2026-09-04
http://www.nepalnational.com/news/279286294/u-s-stocks-end-week-weaker-on-strong-non-farm-payrolls-report,109ecf9214919c72a14a88e73b8a6a76,U . S . stocks end week weaker on strong Non - Farm payrolls report,20260904T213000Z,nepalnational.com,English,Nepal,KOSPI,D5_시장지표,2026-09-04
http://www.argentinastar.com/news/279286294/u-s-stocks-end-week-weaker-on-strong-non-farm-payrolls-report,ef811945b94aefef4fc33a98c60413c1,U . S . stocks end week weaker on strong Non - Farm payrolls report,20260904T213000Z,argentinastar.com,English,Argentina,KOSPI,D5_시장지표,2026-09-04
http://www.haitisun.com/news/279286294/u-s-stocks-end-week-weaker-on-strong-non-farm-payrolls-report,4e2dac1d3a34279db8a48ddf764e6880,U . S . stocks end week weaker on strong Non - Farm payrolls report,20260904T213000Z,haitisun.com,English,United States,KOSPI,D5_시장지표,2026-09-04
http://www.zimbabwestar.com/news/279286294/u-s-stocks-end-week-weaker-on-strong-non-farm-payrolls-report,4585cc15c6e2f31f7be26044c6725b33,U . S . stocks end week weaker on strong Non - Farm payrolls report,20260904T213000Z,zimbabwestar.com,English,Zimbabwe,KOSPI,D5_시장지표,2026-09-04
http://www.bignewsnetwork.com/news/279286294/wall-street-closes-week-on-weak-note-dow-slides-273-points,a2eb768e1332a793ee7e46b0d06c5bb5,"Wall Street closes week on weak note , Dow slides 273 points",20260904T213000Z,bignewsnetwork.com,English,United States,KOSPI,D5_시장지표,2026-09-04
http://www.afghanistannews.net/news/279286294/nasdaq-drops-77-points-friday-as-u-s-stock-markets-lose-ground,117729de658b9df081586a761ad0ab96,Nasdaq drops 77 points Friday as U . S . stock markets lose ground,20260904T204500Z,afghanistannews.net,English,Afghanistan,KOSPI,D5_시장지표,2026-09-04
http://www.pittsburghstar.com/news/279286294/u-s-stocks-end-week-weaker-on-strong-non-farm-payrolls-report,fa805504928166e03f705e31cb393f17,U . S . stocks end week weaker on strong Non - Farm payrolls report,20260904T204500Z,pittsburghstar.com,English,United States,KOSPI,D5_시장지표,2026-09-04
http://www.myanmarnews.net/news/279286294/nasdaq-drops-77-points-friday-as-u-s-stock-markets-lose-ground,ffe5adcd41900106db6cf26433045fc2,Nasdaq drops 77 points Friday as U . S . stock markets lose ground,20260904T210000Z,myanmarnews.net,English,Myanmar,KOSPI,D5_시장지표,2026-09-04
https://newsonjapan.com/article/150630.php,cd2c30f4f4c63168153158b7f7337c85,Nikkei Rebounds 806 Points as SoftBank and AI Shares Rally,20260904T130000Z,newsonjapan.com,English,Japan,KOSPI,D5_시장지표,2026-09-04
https://www.freepressjournal.in/tech/apples-first-foldable-iphone-ultra-to-be-available-in-extremely-limited-quantities-capped-at-just-a-few-hundred-units-a-day,ce148c0af3cc551d9fbf67218b5049ff,"Apple First Foldable iPhone Ultra To Be Available In Extremely Limited Quantities , Capped At Just A Few Hundred Units A Day",20260904T091500Z,freepressjournal.in,English,India,chip shortage,D2_품목,2026-09-04
https://interaksyon.philstar.com/business/2026/09/04/318719/philippine-peso-indonesian-rupiah-lead-asian-fx-higher/,71c1b1a216fa009607bc51540dca1863,"Philippine peso , Indonesian rupiah lead Asian FX higher",20260904T051500Z,interaksyon.philstar.com,English,Philippines,Korean won,D9_한국,2026-09-04
https://www.koreaherald.com/article/10863260,5f0f073242e7b67a99823896ce5ebfab,"Seoul stocks rise for 2nd session on export strength , easing Fed rate concerns",20260904T090000Z,koreaherald.com,English,South Korea,Korean won,D9_한국,2026-09-04
https://www.moneycontrol.com/news/currency/currency-check-rupee-open-flat-at-94-47-per-dollar-asian-peers-trade-higher-14022417.html,044441c00e775bc10ad3511d8d84b954,Currency Check : Rupee opens flat at 94 . 47 per dollar ; Asian peers trade higher,20260904T040000Z,moneycontrol.com,English,India,Korean won,D9_한국,2026-09-04
https://english.news.cn/20260904/790d1ee7b6864f7b96752579a210e783/c.html,f91fab2b2da08661949438fbc5fc0f82,Market exchange rates in China -- Sept . 4 - Xinhua,20260904T051500Z,english.news.cn,English,,Korean won,D9_한국,2026-09-04
https://www.thedailystar.net/news/bangladesh/news/lng-bill-triple-war-drags-4264501,898d0ad0b130869f0316065612f611da,"Bangladesh LNG Subsidy to Hit Tk 40 , 000 Crore | LNG bill to triple as war drags on",20260904T084500Z,thedailystar.net,English,Bangladesh,LNG cargo,D2_품목,2026-09-04
https://www.edp24.co.uk/news/26523701.rare-anglo-saxon-mount-found-norfolk-blocked-export/,fbb36a582c95f85949daf833eca62e2f,Rare Anglo - Saxon mount found in Norfolk blocked from export,20260904T164500Z,edp24.co.uk,English,United Kingdom,export ban,D6_교란행위,2026-09-04
https://www.investmentwatchblog.com/americas-biggest-economic-problem-may-be-what-happens-when-higher-oil-meets-record-debt/,394fb875ac3a502ccfaa23078cbbda8e,America biggest economic problem may be what happens when higher oil meets record debt,20260904T033000Z,investmentwatchblog.com,English,United States,export ban,D6_교란행위,2026-09-04
http://www.cacianalyst.org/publications/analytical-articles/item/13984-ukraines-strikes-on-russian-refining-test-central-asias-fuel-security.html,322a5bdbc3168caee29b3ab3e63c1d7a,Ukraine Strikes on Russian Refining Test Central Asia Fuel Security,20260904T014500Z,cacianalyst.org,English,Russia,export ban,D6_교란행위,2026-09-04
https://slguardian.org/why-the-global-south-needs-an-industrial-policy/,fa087690befd4cb218a8fc6ffc67f7a6,Why the Global South Needs an Industrial Policy,20260904T100000Z,slguardian.org,English,Sri Lanka,export ban,D6_교란행위,2026-09-04
https://www.hngn.com/articles/273077/20260904/jobs-surge-162000-diesel-hits-record-two-numbers-facing-fed.htm,b35f48f1d8cce607fe699540b4c8b19a,"Jobs Surge to 162 , 000 as Diesel Hits Record : The Two Numbers Facing the Fed",20260904T191500Z,hngn.com,English,United States,export ban,D6_교란행위,2026-09-04
http://www.bignewsnetwork.com/news/279285073/korea-africa-chart-new-course-on-ai-digital-infrastructure,90b4e614f5bfa0ac8f81d039b83a4b9b,"Korea , Africa chart new course on AI , digital infrastructure",20260904T021500Z,bignewsnetwork.com,English,United States,Korea import,D9_한국,2026-09-04
